date,open,high,low,close,EMA_21,EMA_50,EMA_200,ST_11_4,ST_DIR_11_4,volume
2026-02-01 09:00:00,367.7,375.2,366.0,366.0,366.0,366.0,366.0,,Up,3
2026-02-01 09:10:00,369.6,382.7,369.5,382.7,367.5181818181818,366.65490196078434,366.1661691542289,336.5727272727273,Up,203
2026-02-01 09:20:00,383.2,383.2,380.3,382.9,368.9165289256198,367.29196462898886,366.3326749337888,344.76157024793395,Up,197
2026-02-01 09:30:00,382.9,394.1,382.1,394.1,371.2059353869271,368.3432601337344,366.6089667254924,350.1105184072127,Up,171
2026-02-01 09:40:00,394.1,394.1,393.2,393.4,373.22357762447916,369.3258773833919,366.8755441710099,358.78683491564783,Up,49
2026-02-01 09:50:00,393.4,394.1,388.9,393.4,375.05779784043557,370.2699606232589,367.1394691046317,358.78683491564783,Up,154
2026-02-01 10:00:00,393.4,394.0,391.5,393.8,376.76163440039596,371.19270726548405,367.4047480190135,361.3093676988825,Up,69
2026-02-01 10:10:00,393.8,393.8,393.1,393.1,378.2469403639963,372.0518167844847,367.660422168078,364.6130615444387,Up,56
2026-02-01 10:20:00,393.1,393.8,392.0,392.6,379.5517639672694,372.8576278909755,367.9085771713807,366.0300559494897,Up,39
2026-02-01 10:30:00,392.6,394.0,392.6,393.8,380.8470581520631,373.67889738544704,368.1662032691779,368.36368722680885,Up,16
2026-02-01 10:40:00,393.8,394.1,393.1,393.8,382.02459832005735,374.46796023307655,368.42126592321597,370.56698838800804,Up,20
2026-02-01 10:50:00,393.0,394.1,393.0,393.2,383.04054392732485,375.2025500278579,368.6678204911442,372.2108985345527,Up,30
2026-02-01 11:00:00,394.1,394.1,378.0,381.9,382.9368581157498,375.46519512480467,368.7994839688443,372.2108985345527,Up,240
2026-02-01 11:10:00,381.9,385.8,378.4,382.5,382.8971437415907,375.74106982579275,368.9358075114429,372.2108985345527,Up,86
2026-02-01 11:20:00,382.5,383.7,380.8,381.7,382.78831249235515,375.97475336203615,369.06281440187627,372.2108985345527,Up,79
2026-02-01 11:30:00,382.3,386.9,382.3,386.4,383.1166477203229,376.38358656352494,369.23532371131034,372.2108985345527,Up,105
2026-02-01 11:40:00,386.2,387.5,384.4,386.3,383.4060433821117,376.77246552181805,369.40512148532713,372.2108985345527,Up,59
2026-02-01 11:50:00,386.3,386.3,382.9,385.0,383.55094852919245,377.0951139327272,369.5602944058711,372.2108985345527,Up,28
2026-02-01 12:00:00,385.0,385.0,383.2,384.6,383.64631684472045,377.3894231902673,369.709943217753,372.2108985345527,Up,41
2026-02-01 12:10:00,384.6,384.8,382.3,382.3,383.5239244042913,377.58199482986464,369.8352174145913,372.2108985345527,Up,47
2026-02-01 12:20:00,382.3,382.4,377.2,381.8,383.3672040039011,377.747406797321,369.9542699776302,372.2108985345527,Up,111
2026-02-01 12:30:00,381.7,381.8,377.7,379.1,382.9792763671828,377.8004496680143,370.04527226641,372.2108985345527,Up,52
2026-02-01 12:40:00,379.1,379.1,372.0,374.0,382.16297851562075,377.65141242613146,370.0846227911224,372.2108985345527,Up,157
2026-02-01 12:50:00,374.0,378.8,374.0,378.7,381.84816228692796,377.69253350745964,370.1703479374794,372.2108985345527,Up,65
2026-02-01 13:00:00,378.7,379.0,376.5,378.2,381.5165111699345,377.71243415422595,370.2502449729274,372.2108985345527,Up,18
2026-02-01 13:10:00,378.2,378.3,376.0,377.5,381.15137379084956,377.70410340307984,370.32238183886847,372.2108985345527,Up,36
2026-02-01 13:20:00,377.5,378.9,376.5,377.4,380.81033980986325,377.6921777794297,370.39280590017324,372.2108985345527,Up,30
2026-02-01 13:30:00,377.4,377.9,377.4,377.7,380.5275816453302,377.69248453317755,370.4655142991765,372.2108985345527,Up,12
2026-02-01 13:40:00,377.7,377.7,375.9,376.5,380.1614378593911,377.64572043383725,370.5255589330156,372.2108985345527,Up,30
2026-02-01 13:50:00,376.5,376.5,375.1,376.0,379.7831253267192,377.58118237760834,370.58003098343335,372.2108985345527,Up,32
2026-02-01 14:00:00,376.0,377.2,375.9,376.5,379.48465938792657,377.5387830686825,370.6389361477773,372.2108985345527,Up,10
2026-02-01 14:10:00,376.5,377.5,376.4,377.0,379.2587812617514,377.5176543208911,370.7022303154611,372.2108985345527,Up,7
2026-02-01 14:20:00,377.0,377.0,375.2,376.7,379.02616478341037,377.485589445562,370.7619096158048,372.2108985345527,Up,37
2026-02-01 14:30:00,376.7,376.7,375.7,375.8,378.7328770758276,377.4194878986773,370.81203986838386,372.2108985345527,Up,5
2026-02-01 14:40:00,375.8,376.5,375.7,376.2,378.5026155234796,377.3716648438272,370.865651411982,372.2108985345527,Up,18
2026-02-01 14:50:00,376.2,377.5,375.7,377.5,378.4114686577087,377.3766975950497,370.9316648307683,372.2108985345527,Up,20
2026-02-01 15:00:00,377.5,378.1,376.8,378.1,378.38315332518977,377.4050623952438,371.0029915488701,372.2108985345527,Up,6
2026-02-01 15:10:00,378.1,378.1,376.7,376.7,378.23013938653617,377.377412889548,371.0596782001251,372.2108985345527,Up,2
2026-02-01 15:20:00,376.7,377.4,376.7,377.0,378.11830853321464,377.3626123840756,371.11878587972586,372.2108985345527,Up,13
2026-02-01 15:30:00,377.0,378.1,376.3,378.1,378.11664412110423,377.3915295454844,371.18825069684306,372.2108985345527,Up,16
2026-02-01 15:40:00,378.1,381.4,378.1,381.0,378.378767382822,377.5330381907595,371.28588004314315,372.2108985345527,Up,86
2026-02-01 15:50:00,381.0,381.1,377.5,377.5,378.2988794389291,377.5317425754356,371.3477120825149,372.2108985345527,Up,47
2026-02-01 16:00:00,377.5,379.9,377.5,379.1,378.3717085808446,377.593242866595,371.42484927572366,372.2108985345527,Up,21
2026-02-01 16:10:00,379.1,379.9,379.1,379.9,378.5106441644042,377.6837039306501,371.5091791336767,372.2108985345527,Up,26
2026-02-01 16:20:00,379.9,380.4,379.4,379.5,378.6005856040038,377.75493122748736,371.58868978906304,372.2108985345527,Up,28
2026-02-01 16:30:00,379.5,379.9,377.5,377.9,378.5368960036398,377.76062019895846,371.65148889563955,372.2108985345527,Up,42
2026-02-01 16:40:00,377.9,378.7,377.6,378.0,378.4880872760362,377.7700076421366,371.7146581603596,372.2108985345527,Up,18
2026-02-01 16:50:00,378.0,378.1,376.5,376.5,378.30735206912385,377.7202034208763,371.7622735020476,372.2108985345527,Up,52
2026-02-01 17:00:00,376.5,381.5,376.1,379.5,378.4157746082944,377.78999936515567,371.83926580550985,372.2108985345527,Up,39
2026-02-02 09:00:00,362.6,362.6,355.1,355.1,376.29615873481305,376.90019546848293,371.6727059467486,376.236630227778,Down,45
2026-02-02 09:10:00,355.1,355.1,355.1,355.1,374.36923521346637,376.04528584226796,371.5078034000148,370.9060274797982,Down,48
2026-02-02 09:20:00,355.1,355.1,355.1,355.1,372.6174865576967,375.22390208374765,371.34454167464156,369.4691158907256,Down,9
2026-02-02 09:30:00,355.1,355.1,343.8,343.8,369.9977150524515,373.99159219811054,371.07046663310285,366.6219235370233,Down,38
2026-02-02 09:40:00,343.8,343.8,343.8,343.8,367.6161045931377,372.8076081903415,370.7991187064053,359.41083957911206,Down,164
2026-02-02 09:50:00,343.8,343.8,343.8,343.8,365.4510041755797,371.67005492797523,370.5304707590779,357.9916723446473,Down,7
2026-02-02 10:00:00,343.8,343.8,343.8,343.8,363.4827310687088,370.5771115974664,370.2644959256542,356.70152031331577,Down,9
2026-02-02 10:10:00,343.8,343.8,343.8,343.8,361.69339188064436,369.52702878972264,370.001167607986,355.52865483028705,Down,9
2026-02-02 10:20:00,343.8,343.8,333.1,335.0,359.26671989149486,368.1730276607139,369.65289728352843,353.0033225729883,Down,122
2026-02-02 10:30:00,335.0,335.6,332.7,333.0,356.8788362649953,366.7936932426467,369.2881918379212,348.43483870271655,Down,215
2026-02-02 10:40:00,333.0,333.1,332.4,332.4,354.65348751363206,365.4449209586214,368.9211451529668,345.9907624570151,Down,49
2026-02-02 10:50:00,332.4,332.4,332.0,332.4,352.6304431942109,364.1490417053422,368.55775067383286,344.3825113245591,Down,47
2026-02-02 11:00:00,332.4,332.8,331.0,332.2,350.77313017655536,362.8961381090543,368.1959820104116,343.6295557495992,Down,69
2026-02-02 11:10:00,332.2,335.9,332.0,335.0,349.33920925141393,361.8021719086992,367.86567373170107,343.6295557495992,Down,92
2026-02-02 11:20:00,334.0,334.0,331.0,331.4,347.70837204673995,360.60992987306395,367.50283120700755,343.6295557495992,Down,90
2026-02-02 11:30:00,331.4,331.4,330.3,330.7,346.1621564061272,359.43699144666925,367.1366338815647,342.55695398166733,Down,29
2026-02-02 11:40:00,330.7,332.4,330.5,330.5,344.73832400557023,358.30220746836847,366.7720902608526,342.55695398166733,Down,48
2026-02-02 11:50:00,330.5,330.9,330.0,330.5,343.44393091415475,357.2119248225501,366.4111739398491,341.08054048071676,Down,44
2026-02-02 12:00:00,330.5,330.8,329.0,329.6,342.18539174014063,356.12910424127364,366.04489360213915,340.21867316428796,Down,28
2026-02-02 12:10:00,329.6,331.2,329.0,331.2,341.1867197637642,355.1514923102433,365.6981782429139,340.21867316428796,Down,63
2026-02-02 12:20:00,330.9,331.9,330.9,331.5,340.30610887614927,354.2239828078809,365.35789786238746,340.21867316428796,Down,20
2026-02-02 12:30:00,331.5,331.5,330.7,330.7,339.4328262510448,353.30147367816005,365.01304315728913,340.1352165020947,Down,8
2026-02-02 12:40:00,330.7,330.9,329.5,330.5,338.62075113731345,352.4072982398008,364.66962979254,338.9229240928133,Down,18
2026-02-02 12:50:00,330.5,330.6,329.9,330.0,337.83704648846674,351.5285806617694,364.3246583518182,338.4344764480121,Down,13
2026-02-02 13:00:00,330.0,330.0,328.3,329.3,337.06095135315155,350.65687161620986,363.97615428861604,337.2086149527383,Down,34
2026-02-02 13:10:00,329.3,329.3,328.5,329.0,336.32813759377416,349.8075825332212,363.62813285290844,336.51692268430753,Down,9
2026-02-02 13:20:00,329.2,330.0,329.2,329.9,335.7437614488856,349.0268930221145,363.2925295409392,336.51692268430753,Down,17
2026-02-02 13:30:00,329.9,329.9,329.5,329.7,335.19432858989603,348.26897564869824,362.9582755156562,336.47101048289875,Down,20
2026-02-02 13:40:00,329.7,330.0,329.4,329.4,334.66757144536,347.52901581933753,362.62436232644575,336.0736458935443,Down,30
2026-02-02 13:50:00,329.4,329.5,329.3,329.3,334.17961040487273,346.81415245387336,362.2927766316553,335.26695081231304,Down,3
2026-02-02 14:00:00,329.3,329.4,328.7,329.1,333.7178276407934,346.1194798086234,361.96250024726066,334.63813710210275,Down,1271
2026-02-02 14:10:00,329.1,329.9,329.1,329.8,333.3616614916304,345.47950020828523,361.6424753691785,334.63813710210275,Down,18
2026-02-02 14:20:00,329.8,329.8,328.7,328.7,332.93787408330036,344.82148059227404,361.31468954460956,334.5327579356221,Down,15
2026-02-02 14:30:00,328.7,329.7,328.0,328.5,332.5344309848185,344.18142252983193,360.98817522078264,334.27068903238376,Down,22
2026-02-02 14:40:00,328.5,332.8,328.5,332.7,332.5494827134714,343.731170665917,360.70670084047634,334.27068903238376,Down,58
2026-02-02 14:50:00,332.7,332.7,331.4,331.7,332.4722570122467,343.2593600515673,360.4180769515164,334.27068903238376,Down,19
2026-02-02 15:00:00,331.7,332.6,331.7,332.0,332.4293245565879,342.81781652013325,360.1353100166754,334.27068903238376,Down,10
2026-02-02 15:10:00,332.0,333.4,332.0,333.4,332.5175677787163,342.44849038208883,359.86928703143485,334.27068903238376,Down,9
2026-02-02 15:20:00,333.4,334.0,333.0,333.9,332.6432434351966,342.1132554651442,359.61088616545044,334.27068903238376,Down,27
2026-02-02 15:30:00,333.9,334.3,333.6,333.7,332.7393122138151,341.7833238782758,359.3530664026101,334.27068903238376,Down,45
2026-02-02 15:40:00,333.5,333.7,332.3,332.9,332.7539201943773,341.43495823599045,359.08985181153935,334.27068903238376,Down,21
2026-02-02 15:50:00,333.2,333.2,332.9,333.0,332.77629108579754,341.1041755600693,358.8302512960017,334.27068903238376,Down,9
2026-02-02 16:00:00,333.0,333.5,332.0,332.6,332.7602646234523,340.77067847928225,358.56925377066835,334.27068903238376,Down,24
2026-02-02 16:10:00,332.6,332.8,332.0,332.0,332.6911496576839,340.42673030362414,358.3048830863831,334.27068903238376,Down,10
2026-02-02 16:20:00,332.0,332.0,330.3,331.0,332.5374087797127,340.05705460544283,358.0331927074141,334.27068903238376,Down,11
2026-02-02 16:30:00,331.0,331.0,330.0,330.6,332.3612807088297,339.68618971895484,357.7602256157981,334.27068903238376,Down,33
2026-02-02 16:40:00,330.6,330.6,328.6,329.2,332.0738915534816,339.27496659272134,357.4760442663872,334.27068903238376,Down,26
2026-02-02 16:50:00,329.2,331.2,329.2,331.2,331.99444686680147,338.95830123614405,357.2145910896072,334.27068903238376,Down,8
2026-02-02 17:00:00,331.5,331.6,330.9,331.6,331.9585880607286,338.66974040335407,356.95971953647677,334.27068903238376,Down,10
2026-02-02 17:10:00,331.6,331.9,330.4,330.4,331.816898237026,338.3454368581245,356.6954437201934,334.27068903238376,Down,26
2026-02-02 17:20:00,330.4,331.1,330.0,330.8,331.7244529427509,338.0495373734922,356.4377776135248,334.27068903238376,Down,14
2026-02-02 17:30:00,330.8,331.2,328.6,331.1,331.6676844934099,337.7770064961004,356.18566042334055,334.27068903238376,Down,51
2026-02-02 17:40:00,331.1,332.0,331.1,331.3,331.63425863037264,337.52300624135137,355.93804191166555,334.27068903238376,Down,21
2026-02-02 17:50:00,331.3,331.6,329.6,330.3,331.5129623912478,337.2397510946317,355.68293701702214,334.27068903238376,Down,29
2026-02-02 18:00:00,330.3,330.3,329.3,330.1,331.3845112647707,336.95976085562654,355.4283804297881,334.27068903238376,Down,17
2026-02-02 18:10:00,330.1,330.1,328.1,329.1,331.17682842251884,336.6515349397197,355.16640649516336,334.27068903238376,Down,41
2026-02-02 18:20:00,329.1,329.1,327.3,328.0,330.88802583865345,336.3122590597307,354.89609399272393,334.18471865666305,Down,79
2026-02-02 18:30:00,328.0,328.6,327.6,328.0,330.6254780351395,335.9862881162119,354.6284711669257,333.90428968787546,Down,34
2026-02-02 18:40:00,328.0,330.0,327.6,327.6,330.3504345773996,335.6574140724389,354.3595311553145,333.90428968787546,Down,58
2026-02-02 18:50:00,327.6,328.5,323.6,325.9,329.9458496158178,335.27477038332364,354.0763517408338,333.4221402379136,Down,87
2026-02-02 19:00:00,325.9,326.7,324.3,326.6,329.64168146892524,334.9345833094678,353.8029552060991,333.0746729435578,Down,50
2026-02-02 19:10:00,326.6,327.5,324.1,324.1,329.1378922444775,334.5096976894887,353.5074034130036,333.0746729435578,Down,29
2026-02-02 19:20:00,324.5,325.7,322.1,322.1,328.4980838586159,334.0230428781362,353.1948919362573,332.59311813517166,Down,46
2026-02-02 19:30:00,322.1,322.8,321.1,322.0,327.9073489623781,333.55155100056226,352.88449500156815,330.4710164865198,Down,61
2026-02-02 19:40:00,322.0,324.2,321.8,322.5,327.41577178398006,333.11815684367747,352.58216171797045,330.4710164865198,Down,22
2026-02-02 19:50:00,322.5,323.2,321.6,323.2,327.03251980361824,332.72920951647444,352.2898018998812,330.4710164865198,Down,54
2026-02-02 20:00:00,323.2,324.0,322.4,323.9,326.7477452760166,332.38296600602445,352.00731630883763,330.4710164865198,Down,23
2026-02-02 20:10:00,323.9,323.9,322.1,322.1,326.3252229781969,331.97971243716074,351.7097310719338,330.4710164865198,Down,17
2026-02-02 20:20:00,322.1,322.6,321.2,321.8,325.9138390710881,331.58050802786033,351.4121218075365,329.8090676161711,Down,205
2026-02-02 20:30:00,321.8,324.1,321.1,321.5,325.51258097371647,331.1851939875521,351.1144887547252,329.8090676161711,Down,40
2026-02-02 20:40:00,321.5,321.7,319.3,320.6,325.06598270337855,330.77008834098143,350.8108620009469,328.90088232741414,Down,47
2026-02-02 20:50:00,320.6,322.2,319.8,322.0,324.7872570030714,330.4261633080018,350.5241867571564,328.90088232741414,Down,33
2026-02-02 21:00:00,322.0,322.1,320.3,320.5,324.3975063664285,330.03690200180563,350.2254386302195,328.90088232741414,Down,15
2026-02-02 21:10:00,320.5,320.8,320.0,320.0,323.9977330603896,329.6432980017348,349.924687997083,328.31891985530734,Down,14
2026-02-02 21:20:00,320.0,320.0,310.1,310.2,322.74339369126324,328.880815727157,349.52941746974886,325.8490180502794,Down,153
2026-02-02 21:30:00,310.2,312.3,310.0,310.0,321.5849033556938,328.140391580994,349.13608993273647,321.80365277298125,Down,107
2026-02-02 21:40:00,310.0,310.2,309.8,309.8,320.51354850517623,327.42116053860207,348.74468605280873,319.83059342998297,Down,2017
2026-02-02 21:50:00,309.8,311.9,309.8,309.8,319.5395895501602,326.73013463512746,348.35717673885046,319.83059342998297,Down,49
2026-02-02 22:00:00,309.8,311.4,302.1,303.7,318.099626863782,325.8269921004166,347.91282672154847,318.9504904380024,Down,73
2026-02-02 22:10:00,303.7,306.0,302.0,302.2,316.65420623980185,324.90044339059637,347.4579727243191,316.545900398184,Down,108
2026-02-02 22:20:00,302.2,304.6,299.0,303.6,315.4674602180017,324.0651318850828,347.0215749857687,315.2417276347128,Down,97
2026-02-02 22:30:00,303.6,306.0,300.0,300.8,314.13405474363793,323.1527737719423,346.5616588167561,315.2417276347128,Down,95
2026-02-02 22:40:00,300.8,302.3,299.0,299.3,312.7855043123981,322.21737087892495,346.0913935548978,314.94233688819236,Down,52
2026-02-02 22:50:00,299.3,300.2,298.4,298.4,311.47773119308914,321.2833563346534,345.61685232549587,312.94757898926576,Down,74
2026-02-02 23:00:00,298.4,298.4,298.4,298.4,310.2888465391719,320.3859698117258,345.14703289937154,310.80688999024164,Down,6
2026-02-02 23:10:00,298.4,298.4,298.4,298.4,309.20804230833807,319.5237749171483,344.6818882934076,309.6789909002197,Down,9
2026-02-02 23:20:00,298.4,298.4,292.6,293.1,307.74367482576184,318.48754844980914,344.16863567357274,307.86271900019966,Down,96
2026-02-02 23:30:00,293.1,294.0,288.5,290.8,306.2033407506926,317.40176223609114,343.6376044728407,304.488835454727,Down,82
2026-02-02 23:40:00,290.8,292.3,287.2,287.5,304.50303704608416,316.2291441091856,343.0790213437577,303.63985041338816,Down,101
2026-02-02 23:50:00,287.5,292.5,287.1,292.0,303.36639731462196,315.2789815950999,342.57077237516313,303.63985041338816,Down,61
2026-02-03 00:00:00,292.0,294.9,291.2,294.9,302.5967248314745,314.4798058462724,342.0964363316292,303.63985041338816,Down,17
2026-02-03 09:00:00,287.0,289.2,287.0,289.2,301.3788407558859,313.4884409111245,341.570103631812,303.63985041338816,Down,1
2026-02-03 09:10:00,288.4,291.0,287.6,290.2,300.3625825053508,312.57516871853136,341.05895832204277,303.63985041338816,Down,147
2026-02-03 09:20:00,290.2,290.7,288.5,289.0,299.3296204594098,311.6506522981968,340.54095873674885,303.63985041338816,Down,43
2026-02-03 09:30:00,289.0,289.0,288.4,288.6,298.35420041764525,310.74670514924793,340.0241332766817,302.8042508913823,Down,36
2026-02-03 09:40:00,288.6,288.9,288.3,288.3,297.44018219785926,309.8664422022186,339.5094652838789,301.6402280830748,Down,48
2026-02-03 09:50:00,288.3,288.3,287.0,287.5,296.5365292707811,308.98932682173944,338.9919581666264,299.9774800755225,Down,62
2026-02-03 10:00:00,287.5,287.6,286.6,286.8,295.6513902461646,308.11915714245555,338.4726351997943,298.6704364322933,Down,48
2026-02-03 10:10:00,286.8,287.4,286.4,286.4,294.8103547692406,307.26742548981025,337.9544995261645,297.78221493844836,Down,25
2026-02-03 10:20:00,286.4,287.0,283.9,284.0,293.82759524476415,306.3549774313863,337.4176388343619,296.47019539858945,Down,63
2026-02-03 10:30:00,284.0,285.7,283.7,285.2,293.04326840433106,305.52537047329275,336.89806033849766,295.4456321805359,Down,46
2026-02-03 10:40:00,285.2,287.2,285.2,287.2,292.5120621857555,304.80672849394796,336.40355227542807,295.4456321805359,Down,38
2026-02-03 10:50:00,287.2,287.5,286.6,287.3,292.0382383506868,304.12019012163626,335.91495971547357,295.4456321805359,Down,16
2026-02-03 11:00:00,287.3,287.4,286.9,287.2,291.5983985006244,303.4566532541211,335.43023374815544,295.4456321805359,Down,28
2026-02-03 11:10:00,287.2,288.4,286.7,288.2,291.2894531823858,302.8583531265085,334.96028117354695,295.4456321805359,Down,43
2026-02-03 11:20:00,288.2,289.5,288.0,289.5,291.1267756203507,302.3344961411553,334.50794006734253,295.4456321805359,Down,33
2026-02-03 11:30:00,289.5,290.0,289.5,290.0,291.0243414730461,301.8507904101296,334.0650749920456,295.4456321805359,Down,27
2026-02-03 11:40:00,290.0,290.2,289.0,290.0,290.931219520951,301.386053531301,333.6266165344133,295.4456321805359,Down,38
2026-02-03 11:50:00,290.0,290.9,289.5,290.9,290.9283813826827,300.97483574575983,333.2014760713843,295.4456321805359,Down,29
2026-02-03 12:00:00,290.9,291.9,290.9,291.5,290.9803467115297,300.6032735596516,332.78653601097255,295.4456321805359,Down,33
2026-02-03 12:10:00,291.5,292.8,291.5,292.7,291.1366788286634,300.2933412631947,332.38766500588827,295.4456321805359,Down,44
2026-02-03 12:20:00,292.7,292.7,291.0,291.1,291.13334438969395,299.9328180764028,331.9768424685163,295.4456321805359,Down,39
2026-02-03 12:30:00,291.1,291.5,290.4,291.5,291.16667671790356,299.60211932830856,331.5740878170883,295.4456321805359,Down,30
2026-02-03 12:40:00,291.5,292.2,291.3,292.2,291.2606151980941,299.31184013896313,331.1823058487591,295.4456321805359,Down,7
2026-02-03 12:50:00,292.2,292.2,289.3,289.3,291.0823774528128,298.91921895704303,330.7655664870799,295.4456321805359,Down,21
2026-02-03 13:00:00,289.3,290.6,289.0,290.6,291.03852495710254,298.59297507637467,330.36590910909905,295.4456321805359,Down,44
2026-02-03 13:10:00,290.6,290.6,289.5,289.5,290.8986590519114,298.2363878184777,329.9592831478145,295.4456321805359,Down,22
2026-02-03 13:20:00,289.5,290.3,289.5,290.2,290.8351445926467,297.921235355008,329.56366839012486,295.4456321805359,Down,21
2026-02-03 13:30:00,290.2,290.3,288.2,288.3,290.6046769024061,297.5439320077528,329.15308462504896,295.4456321805359,Down,24
2026-02-03 13:40:00,288.3,289.8,288.3,289.8,290.5315244567328,297.24024839960566,328.7615116437052,295.4456321805359,Down,27
2026-02-03 13:50:00,289.8,289.8,289.0,289.1,290.4013858697571,296.92102297217014,328.36686973680264,295.4456321805359,Down,10
2026-02-03 14:00:00,289.1,290.9,289.1,290.4,290.40125988159735,296.66529658110466,327.9890899384265,295.4456321805359,Down,7
2026-02-03 14:10:00,290.4,290.8,290.4,290.6,290.41932716508853,296.4274418132182,327.6170591927705,295.4456321805359,Down,8
2026-02-03 14:20:00,290.6,291.2,289.5,291.2,290.49029742280777,296.2224440950528,327.25470039483247,295.4456321805359,Down,6
2026-02-03 14:30:00,291.2,291.2,289.6,289.6,290.4093612934616,295.9627404050508,326.880026759063,295.4456321805359,Down,3
2026-02-03 14:40:00,289.6,290.3,289.0,289.0,290.2812375395105,295.68969176171544,326.50311106991813,295.4456321805359,Down,23
2026-02-03 14:50:00,289.0,289.0,288.0,288.0,290.07385230864594,295.3881352220404,326.1199955368841,294.24713403819476,Down,19
2026-02-03 15:00:00,288.0,288.0,286.7,286.8,289.7762293714963,295.05134560548976,325.7287518001987,293.04739458017707,Down,22
2026-02-03 15:10:00,286.8,287.7,286.8,287.4,289.5602085195421,294.751292836647,325.3473711852714,292.7567223456155,Down,18
2026-02-03 15:20:00,287.4,288.2,286.0,288.2,289.43655319958367,294.49437939207263,324.9777456013384,292.7567223456155,Down,22
2026-02-03 15:30:00,288.2,289.0,287.9,288.0,289.30595745416696,294.23969784728547,324.60980783416096,292.7567223456155,Down,17
2026-02-03 15:40:00,288.0,289.0,287.8,288.8,289.25996132196997,294.0263763630782,324.25349133829866,292.7567223456155,Down,23
2026-02-03 15:50:00,288.8,289.6,287.8,287.8,289.12723756542727,293.78220474099675,323.89077003144996,292.7567223456155,Down,9
2026-02-03 16:00:00,287.8,288.4,287.8,288.4,289.0611250594793,293.57113788840866,323.53762804108726,292.7567223456155,Down,11
2026-02-03 16:10:00,288.4,288.4,288.0,288.1,288.97375005407207,293.35658346141224,323.1850148267481,292.7567223456155,Down,9
2026-02-03 16:20:00,288.1,289.6,288.1,289.6,289.0306818673382,293.2092664629255,322.85083557474064,292.7567223456155,Down,16
2026-02-03 16:30:00,289.6,289.6,287.5,288.1,288.9460744248529,293.00890307222255,322.5050561162855,292.7567223456155,Down,9
2026-02-03 16:40:00,288.1,288.9,288.1,288.1,288.8691585680481,292.8163970693903,322.1627172494568,292.7567223456155,Down,8
2026-02-03 16:50:00,288.1,290.3,288.1,289.8,288.95378051640733,292.6981069882377,321.8407001623976,292.7567223456155,Down,22
2026-02-03 17:00:00,289.8,290.0,288.4,289.2,288.97616410582486,292.5609263220323,321.5159170762046,292.7567223456155,Down,61
2026-02-03 17:10:00,289.2,289.6,288.0,289.6,289.03287645984074,292.44481156430555,321.1983457620135,292.7567223456155,Down,19
2026-02-03 17:20:00,289.6,289.6,288.0,288.0,288.9389785998552,292.2705052284505,320.8680139633865,292.7567223456155,Down,30
2026-02-03 17:30:00,288.0,288.8,286.6,287.1,288.7717987271411,292.0677403175308,320.53201382444735,292.7567223456155,Down,33
2026-02-03 17:40:00,287.1,287.8,286.2,287.2,288.62890793376465,291.87684854037275,320.2003519953484,292.7567223456155,Down,27
2026-02-03 17:50:00,287.2,290.5,287.2,290.2,288.7717344852406,291.8110897740836,319.90184103022057,292.7567223456155,Down,9
2026-02-03 18:00:00,290.2,291.1,286.2,289.8,288.86521316840054,291.73222350843326,319.60232022394973,292.7567223456155,Down,24
2026-02-03 18:10:00,289.8,293.8,289.8,293.8,289.3138301530914,291.81331278261234,319.3455807192338,285.2431462784911,Up,82
2026-02-03 18:20:00,293.8,295.0,293.2,294.6,289.7943910482649,291.9225946342746,319.0993560354603,285.58890245016534,Up,55
2026-02-03 18:30:00,294.6,294.6,291.4,293.5,290.13126458933175,291.9844536682246,318.84463607490846,285.58890245016534,Up,47
2026-02-03 18:40:00,293.5,293.5,291.0,293.0,290.3920587175743,292.0242790145688,318.58747551694916,285.58890245016534,Up,13
2026-02-03 18:50:00,293.0,295.4,292.6,292.6,290.59278065234025,292.04685630811514,318.3288936710094,285.58890245016534,Up,55
2026-02-03 19:00:00,292.6,292.6,288.0,291.0,290.6298005930366,292.0058031195616,318.05696438075057,285.58890245016534,Up,72
2026-02-03 19:10:00,291.0,293.4,291.0,293.4,290.88163690276053,292.0604775070298,317.81162145158885,285.58890245016534,Up,18
2026-02-03 19:20:00,293.4,296.0,293.4,296.0,291.3469426388732,292.21496858518555,317.59459039236907,285.58890245016534,Up,35
2026-02-03 19:30:00,296.0,296.0,291.0,293.9,291.57903876261196,292.2810482485116,317.3588233237883,285.58890245016534,Up,49
2026-02-03 19:40:00,293.9,295.1,293.5,295.1,291.899126147829,292.3915953760209,317.1373424946959,285.58890245016534,Up,16
2026-02-03 19:50:00,295.1,296.2,294.5,294.5,292.1355692252991,292.47427791029463,316.912095305694,285.58890245016534,Up,24
2026-02-03 20:00:00,294.5,294.5,292.4,293.3,292.24142656845373,292.50665916871446,316.6771490837468,285.58890245016534,Up,16
2026-02-03 20:10:00,293.3,296.3,293.3,296.3,292.61038778950336,292.65541763268646,316.47439138142096,285.58890245016534,Up,26
2026-02-03 20:20:00,296.3,296.3,294.7,296.3,292.9458070813667,292.79834243140465,316.2736511686705,285.6406362437259,Up,18
2026-02-03 20:30:00,296.3,299.4,296.3,299.4,293.5325518921515,293.05723096350647,316.10575414211655,287.75966931247814,Up,71
2026-02-03 20:40:00,299.4,299.4,297.0,298.0,293.93868353831954,293.25106504336895,315.9255973844835,288.15424482952557,Up,42
2026-02-03 20:50:00,298.0,300.5,297.3,300.0,294.4897123075632,293.51572915931524,315.7671337289166,288.6038589359323,Up,49
2026-02-03 21:00:00,300.0,300.8,298.6,299.8,294.97246573414833,293.7621711530676,315.6082567763901,289.53987175993853,Up,44
2026-02-03 21:10:00,299.8,300.5,298.3,298.4,295.28405975831663,293.9440467941238,315.4370303408041,289.53987175993853,Up,36
2026-02-03 21:20:00,298.4,299.7,298.0,299.2,295.64005432574237,294.15016260611895,315.2754678498508,289.53987175993853,Up,19
2026-02-03 21:30:00,299.2,299.2,296.0,297.3,295.7909584779476,294.27368564117313,315.0966074732354,289.53987175993853,Up,28
2026-02-03 21:40:00,297.3,298.4,297.1,298.4,296.0281440708614,294.4355018905389,314.93047207549176,289.53987175993853,Up,13
2026-02-03 21:50:00,299.5,300.5,298.8,299.4,296.3346764280558,294.63018809090994,314.7759400150391,290.1754284418839,Up,38
2026-02-03 22:00:00,299.4,299.4,297.2,298.0,296.4860694800507,294.7623375775409,314.60901523877004,290.1754284418839,Up,20
2026-02-03 22:10:00,298.0,298.0,295.1,297.6,296.58733589095516,294.873618456853,314.43977130604594,290.1754284418839,Up,16
2026-02-03 22:20:00,297.6,299.6,297.6,298.3,296.74303262814107,295.00798636050587,314.27917656668234,290.1754284418839,Up,18
2026-02-03 22:30:00,298.3,299.3,297.9,298.9,296.93912057103734,295.1606143463684,314.12614993417804,290.1754284418839,Up,17
2026-02-03 22:40:00,298.0,298.6,297.5,298.0,297.03556415548843,295.2719628033736,313.9656907308529,290.1754284418839,Up,22
2026-02-03 22:50:00,298.0,299.0,297.2,297.3,297.05960377771675,295.35149367382957,313.7998629623867,290.1754284418839,Up,25
2026-02-03 23:00:00,297.3,298.5,297.3,297.5,297.09963979792434,295.4357488238755,313.63767527121877,290.1754284418839,Up,9
2026-02-03 23:10:00,297.5,298.1,295.9,295.9,296.99058163447665,295.45395475235097,313.4611809899131,290.1754284418839,Up,20
2026-02-03 23:20:00,295.9,296.2,293.8,296.2,296.91871057679697,295.48321142872936,313.2894279452374,290.1754284418839,Up,40
2026-02-03 23:30:00,296.2,297.1,295.1,296.7,296.8988277970882,295.53092862760275,313.1243590104589,290.1754284418839,Up,8
2026-02-03 23:40:00,296.7,296.7,294.6,296.0,296.8171161791711,295.54932358338306,312.953967378514,290.1754284418839,Up,13
2026-02-03 23:50:00,296.0,296.2,294.1,296.2,296.76101470833737,295.57484030560335,312.78726123544425,290.1754284418839,Up,28
2026-02-04 00:00:00,296.2,296.2,295.0,295.0,296.60092246212486,295.55229754852087,312.61027356145973,290.1754284418839,Up,9
2026-02-04 09:00:00,295.0,296.9,293.9,296.9,296.6281113292044,295.6051486250495,312.453952431495,290.1754284418839,Up,9
2026-02-04 09:10:00,296.9,297.2,295.8,296.5,296.61646484473124,295.64024083583183,312.29520663615676,290.1754284418839,Up,16
2026-02-04 09:20:00,296.5,297.0,296.5,296.6,296.61496804066473,295.6778784501129,312.13903542584677,290.1754284418839,Up,8
2026-02-04 09:30:00,296.6,297.0,296.6,297.0,296.64997094605883,295.72972635403005,311.9883982574304,290.1754284418839,Up,7
2026-02-04 09:40:00,297.0,297.0,296.0,296.0,296.5908826782353,295.7403253205387,311.8293097175555,290.1754284418839,Up,28
2026-02-04 09:50:00,296.0,296.0,295.7,295.9,296.52807516203205,295.74658707267446,311.6708091233509,290.1754284418839,Up,6
2026-02-04 10:00:00,295.9,296.2,295.9,295.9,296.4709774200291,295.75260326590296,311.5138856494867,290.2265168002831,Up,8
2026-02-04 10:10:00,295.9,295.9,295.8,295.8,296.4099794727537,295.7544619613578,311.35752857834757,290.5195607275301,Up,7
2026-02-04 10:20:00,295.9,295.9,295.2,295.2,296.299981338867,295.73271835503004,311.1967571497073,290.5195607275301,Up,16
2026-02-04 10:30:00,295.2,295.3,294.5,295.0,296.1818012171518,295.70398430189164,311.03559538702365,290.5195607275301,Up,26
2026-02-04 10:40:00,295.0,295.3,294.3,294.3,296.0107283792289,295.64892609397435,310.86907204983936,290.5195607275301,Up,16
2026-02-04 10:50:00,294.3,294.6,294.0,294.0,295.8279348902081,295.5842623255832,310.7012205866569,290.5195607275301,Up,8
2026-02-04 11:00:00,294.0,294.2,294.0,294.0,295.6617589910983,295.5221343912466,310.5350392872872,290.5195607275301,Up,5
2026-02-04 11:10:00,294.0,294.6,294.0,294.2,295.52887181008936,295.47028598374675,310.3725015829361,290.5195607275301,Up,16
2026-02-04 11:20:00,294.2,294.2,293.6,293.9,295.3807925546266,295.40870614124685,310.2085960945487,290.5195607275301,Up,17
2026-02-04 11:30:00,293.9,294.6,293.9,294.6,295.3098114132969,295.3769921749235,310.05328668067256,290.5195607275301,Up,6
2026-02-04 11:40:00,294.6,296.0,294.6,295.8,295.3543740120881,295.39358071708335,309.9114629326062,291.29619835923245,Up,24
2026-02-04 11:50:00,295.8,295.8,294.6,294.6,295.28579455644376,295.36245990464874,309.7591100676051,291.29619835923245,Up,8
2026-02-04 12:00:00,294.6,294.9,293.7,294.9,295.25072232403977,295.3443242221135,309.61125822613644,291.29619835923245,Up,19
2026-02-04 12:10:00,294.9,295.3,294.9,295.0,295.2279293854907,295.33082131144243,309.46587257214503,291.29619835923245,Up,8
2026-02-04 12:20:00,295.0,295.0,293.9,293.9,295.1072085322642,295.274710671778,309.3109882679446,291.29619835923245,Up,4
2026-02-04 12:30:00,293.9,293.9,292.9,292.9,294.9065532111493,295.1815847630808,309.14769485234314,291.29619835923245,Up,21
2026-02-04 12:40:00,292.9,293.8,292.9,293.3,294.7605029192266,295.10779712531297,308.9900063463497,291.29619835923245,Up,10
2026-02-04 12:50:00,293.3,293.5,293.0,293.2,294.6186390174787,295.0329815517713,308.83289185534124,291.29619835923245,Up,4
2026-02-04 13:00:00,293.2,293.2,293.0,293.0,294.4714900158897,294.9532567850352,308.6753506428503,291.29619835923245,Up,6
2026-02-04 13:10:00,293.0,293.0,292.9,293.0,294.3377181962633,294.8766584797397,308.519377004613,291.29619835923245,Up,8
2026-02-04 13:20:00,293.0,293.3,292.7,293.3,294.2433801784212,294.8148287354362,308.3679404175024,291.29619835923245,Up,4
2026-02-04 13:30:00,293.3,294.6,293.3,293.6,294.184891071292,294.7671883928701,308.22099573673125,291.29619835923245,Up,18
2026-02-04 13:40:00,293.6,293.6,293.3,293.3,294.10444642844726,294.7096515931497,308.07252811746037,291.29619835923245,Up,2
2026-02-04 13:50:00,293.3,293.9,293.3,293.9,294.0858603894975,294.6779005502811,307.9315079371871,291.29619835923245,Up,6
2026-02-04 14:00:00,293.9,293.9,293.3,293.4,294.0235094449977,294.6277868032112,307.7869158184091,291.29619835923245,Up,4
2026-02-04 14:10:00,293.4,294.1,293.4,294.0,294.02137222272523,294.6031677128892,307.64973257643493,291.29619835923245,Up,8
2026-02-04 14:20:00,294.0,294.0,293.3,293.4,293.9648838388411,294.55598466532496,307.5079441925898,291.29619835923245,Up,2
2026-02-04 14:30:00,293.4,293.5,293.1,293.1,293.88625803531005,294.4988872274691,307.3645815638078,291.29619835923245,Up,4
2026-02-04 14:40:00,293.1,294.2,293.1,294.1,293.90568912300915,294.4832445910978,307.2325956776008,291.29619835923245,Up,4
2026-02-04 14:50:00,294.1,294.1,293.5,294.0,293.91426283909925,294.4642938228194,307.1009280589182,291.29619835923245,Up,3
2026-02-04 15:00:00,294.0,294.5,294.0,294.5,293.96751167190837,294.46569406506177,306.9755456901728,291.4048320288477,Up,12
2026-02-04 15:10:00,294.5,295.2,294.0,295.2,294.0795560653712,294.49449037623583,306.8583760813154,291.5771200262252,Up,7
2026-02-04 15:20:00,295.2,295.6,294.9,295.5,294.20868733215565,294.53392212618735,306.7453574138396,292.2473818420229,Up,8
2026-02-04 15:30:00,295.5,295.8,295.1,295.8,294.3533521201415,294.5835722388859,306.63644838484623,292.4658016745663,Up,2
2026-02-04 15:40:00,295.8,296.2,295.4,295.4,294.44850192740137,294.61558901383154,306.5246429282806,292.79618334051474,Up,12
2026-02-04 15:50:00,295.4,295.4,294.8,294.8,294.4804562976376,294.6228208172107,306.40797981456643,292.79618334051474,Up,3
2026-02-04 16:00:00,294.8,295.5,294.8,295.5,294.5731420887615,294.65722000084946,306.2994427019837,292.79618334051474,Up,1
2026-02-04 16:10:00,295.5,297.6,295.5,297.6,294.84831098978316,294.7726231380711,306.2128810830585,293.1178312100036,Up,25
2026-02-04 16:20:00,297.6,297.9,297.0,297.4,295.0802827179847,294.87565752481345,306.1251907240231,294.00257382727597,Up,17
2026-02-04 16:30:00,297.4,297.4,296.6,297.0,295.2548024708952,294.95896507285994,306.03439280637116,294.00257382727597,Up,18
2026-02-04 16:40:00,297.0,298.7,297.0,298.5,295.5498204280865,295.0978291876497,305.9594237237207,294.11824283245954,Up,30
2026-02-04 16:50:00,298.5,299.2,297.9,297.9,295.76347311644224,295.20771823911446,305.87923045283793,294.6847662113268,Up,31
2026-02-04 17:00:00,297.9,299.4,297.9,299.0,296.0577028331293,295.3564351709139,305.81078039858085,294.6847662113268,Up,23
2026-02-04 17:10:00,299.0,299.0,297.9,298.6,296.2888207573903,295.4836337916624,305.7390313398885,294.6847662113268,Up,19
2026-02-04 17:20:00,298.6,298.7,296.9,297.8,296.4262006885366,295.57447168218545,305.6600360031732,294.6847662113268,Up,25
2026-02-04 17:30:00,297.8,298.4,297.2,298.2,296.5874551713969,295.6774335770017,305.5858067892113,294.6847662113268,Up,17
2026-02-04 17:40:00,298.2,299.0,297.6,297.6,296.67950470126993,295.75282833868795,305.5063460251395,294.6847662113268,Up,11
2026-02-04 17:50:00,297.6,297.9,295.9,295.9,296.6086406375181,295.75859977638646,305.41076049255105,294.6847662113268,Up,21
2026-02-04 18:00:00,295.9,297.0,295.9,296.9,296.63512785228914,295.80336056946936,305.32607630854557,294.6847662113268,Up,9
2026-02-04 18:10:00,296.9,298.3,296.6,297.4,296.70466168389925,295.8659738804706,305.2472098776148,294.6847662113268,Up,10
2026-02-04 18:20:00,297.4,298.3,297.4,298.3,296.8496924399084,295.96142588515806,305.1780834111709,294.6847662113268,Up,17
2026-02-04 18:30:00,298.3,299.0,298.0,299.0,297.04517494537123,296.0805856543676,305.11660994439313,294.6847662113268,Up,16
2026-02-04 18:40:00,299.1,300.4,299.0,300.4,297.35015904124657,296.2499744522355,305.0696785021604,294.8493049503753,Up,38
2026-02-04 18:50:00,300.4,300.4,297.7,298.8,297.4819627647696,296.34997545410863,305.0072936414424,294.8493049503753,Up,61
2026-02-04 19:00:00,298.8,300.5,298.8,299.7,297.68360251342693,296.48134896571224,304.95448474948773,294.8493049503753,Up,31
2026-02-04 19:10:00,299.7,300.1,298.9,298.9,297.7941841031154,296.57619802588044,304.8942411201396,294.8493049503753,Up,20
2026-02-04 19:20:00,298.9,298.9,297.9,298.0,297.8128946391958,296.63203339741455,304.82564170600887,294.8493049503753,Up,26
2026-02-04 19:30:00,298.0,302.0,298.0,301.9,298.18444967199616,296.8386203230061,304.79653084326253,294.8493049503753,Up,64
2026-02-04 19:40:00,301.9,304.2,301.8,304.0,298.713136065451,297.1194587417118,304.7886051632301,296.4066370564577,Up,116
2026-02-04 19:50:00,304.0,307.3,304.0,307.3,299.4937600595009,297.51869565380156,304.813594166581,298.45603368768883,Up,116
2026-02-04 20:00:00,306.6,309.8,305.4,307.2,300.194327326819,297.89835464777013,304.8373394982568,299.4600306251717,Up,124
2026-02-04 20:10:00,307.2,307.2,301.9,302.5,300.4039339334718,298.07881132824974,304.8140823888215,299.4600306251717,Up,111
2026-02-04 20:20:00,302.2,302.5,300.0,300.7,300.4308490304289,298.1816030408674,304.7731462456491,299.4600306251717,Up,83
2026-02-04 20:30:00,300.7,302.0,300.5,301.5,300.5280445731172,298.31173625495103,304.74057762628945,299.4600306251717,Up,19
2026-02-04 20:40:00,301.5,301.9,299.2,301.1,300.58004052101563,298.4210799312275,304.7043529732916,299.4600306251717,Up,46
2026-02-04 20:50:00,301.1,302.6,301.1,301.4,300.65458229183236,298.53790032608134,304.67147383922895,299.4600306251717,Up,18
2026-02-04 21:00:00,301.4,302.3,301.0,301.9,300.76780208348396,298.66974737211734,304.6438969851073,299.4600306251717,Up,16
2026-02-04 21:10:00,301.9,301.9,299.4,300.1,300.70709280316726,298.7258357104657,304.59868407978286,299.4600306251717,Up,19
2026-02-04 21:20:00,300.1,302.6,300.1,302.6,300.8791752756066,298.87776372182,304.5787966760039,299.4600306251717,Up,24
2026-02-04 21:30:00,302.6,303.2,301.0,302.7,301.044704796006,299.02765534057215,304.5601021817153,299.4600306251717,Up,27
2026-02-04 21:40:00,302.7,302.7,301.3,301.3,301.0679134509145,299.11676689584385,304.5276633540365,299.4600306251717,Up,18
2026-02-04 21:50:00,301.3,302.8,301.3,302.8,301.2253758644677,299.2612074097323,304.51047267389686,299.4600306251717,Up,2
2026-02-04 22:00:00,302.8,305.6,302.5,302.5,301.3412507858797,299.3882188838605,304.49046797067405,299.4600306251717,Up,46
2026-02-04 22:10:00,302.5,304.9,302.5,304.0,301.58295525989064,299.5690730452777,304.4855876923589,299.4600306251717,Up,15
2026-02-04 22:20:00,304.0,304.5,303.2,303.2,301.7299593271733,299.71146233761976,304.472795775022,299.4600306251717,Up,22
2026-02-04 22:30:00,303.2,304.2,303.2,303.9,301.9272357519757,299.87571871653665,304.467096314574,299.4600306251717,Up,6
2026-02-04 22:40:00,303.9,304.0,303.5,304.0,302.1156688654324,300.0374552374568,304.4624485900509,299.4600306251717,Up,8
2026-02-04 22:50:00,304.0,304.0,302.0,302.0,302.10515351402944,300.11441777716436,304.4379466140305,299.4600306251717,Up,14
2026-02-04 23:00:00,302.0,305.0,302.0,305.0,302.3683213763904,300.30600923688337,304.4435391850352,299.4600306251717,Up,13
2026-02-04 23:10:00,305.0,305.5,303.5,303.8,302.4984739785367,300.44302848249583,304.4371358100598,299.4600306251717,Up,18
2026-02-04 23:20:00,303.8,305.6,303.8,305.5,302.7713399804879,300.6413410910254,304.44771157314375,299.4600306251717,Up,31
2026-02-04 23:30:00,305.5,306.9,304.8,304.8,302.9557636186253,300.80442575412246,304.4512169306249,299.4600306251717,Up,38
2026-02-04 23:40:00,304.8,305.7,303.9,304.6,303.1052396532957,300.9532718029804,304.45269735917594,299.4600306251717,Up,16
2026-02-04 23:50:00,304.8,305.1,303.8,303.8,303.1683996848143,301.06490820286353,304.44620285808963,299.4600306251717,Up,6
2026-02-05 00:00:00,303.8,304.9,303.8,304.0,303.24399971346753,301.1800098419669,304.44176302865594,299.4600306251717,Up,6
2026-02-05 09:00:00,305.6,305.6,298.4,298.4,302.8036361031523,301.0709898481643,304.3816459835947,309.3792996889227,Down,12
2026-02-05 09:10:00,298.4,301.1,298.4,300.1,302.55785100286573,301.03291181490295,304.33904254097183,309.1672671622518,Down,52
2026-02-05 09:20:00,300.1,301.3,300.1,300.7,302.38895545715064,301.0198564496127,304.3028331624547,309.1672671622518,Down,12
2026-02-05 09:30:00,300.7,300.8,300.2,300.8,302.24450496104606,301.0112346280593,304.2679791011368,308.89774145640644,Down,12
2026-02-05 09:40:00,300.8,301.8,300.5,301.7,302.1950045100419,301.03824503480206,304.24242707027975,308.89774145640644,Down,13
2026-02-05 09:50:00,301.7,301.7,301.4,301.6,302.1409131909472,301.0602746412804,304.21613426361034,308.89774145640644,Down,5
2026-02-05 10:00:00,301.6,302.0,301.6,302.0,302.12810290086105,301.0971266161322,304.1940831764103,308.7446592459853,Down,3
2026-02-05 10:10:00,302.0,302.9,302.0,302.6,302.1710026371464,301.1560628272643,304.17822165226687,308.7446592459853,Down,6
2026-02-05 10:20:00,302.6,303.3,302.6,303.3,302.27363876104215,301.24013879482254,304.16948312836377,308.7446592459853,Down,6
2026-02-05 10:30:00,303.3,303.7,302.3,302.9,302.33058069185654,301.30523139110403,304.1568514554448,308.7446592459853,Down,15
2026-02-05 10:40:00,302.9,302.9,301.4,302.0,302.30052790168776,301.33247721890393,304.1353902469329,308.3578131589272,Down,14
2026-02-05 10:50:00,302.0,302.9,302.0,302.9,302.3550253651707,301.3939487005155,304.12309780666493,308.3578131589272,Down,7
2026-02-05 11:00:00,302.9,303.1,302.9,303.1,302.42275033197336,301.4608526730443,304.1129177289867,308.3578131589272,Down,12
2026-02-05 11:10:00,303.1,303.1,301.6,301.6,302.3479548472485,301.46630943096415,304.0879135724794,307.89606548379203,Down,13
2026-02-05 11:20:00,301.6,302.9,301.6,302.9,302.39814077022595,301.5225325905342,304.0760935369324,307.76460498526546,Down,3
2026-02-05 11:30:00,302.9,303.2,302.2,302.2,302.3801279729327,301.54909993992504,304.05742593954994,307.76460498526546,Down,5
2026-02-05 11:40:00,302.2,302.2,301.6,301.8,302.32738906630243,301.5589391579672,304.0349639899027,307.0062851117896,Down,2
2026-02-05 11:50:00,301.8,302.2,301.6,301.6,302.26126278754765,301.5605493870665,304.01073549249077,306.76025919253595,Down,6
2026-02-05 12:00:00,301.6,303.5,301.6,303.5,302.3738752614069,301.6366062738482,304.00565354729184,306.76025919253595,Down,16
2026-02-05 12:10:00,303.5,305.9,303.5,305.4,302.6489775103699,301.78419034154047,304.01952764134865,306.76025919253595,Down,29
2026-02-05 12:20:00,305.4,306.0,305.4,305.9,302.94452500942714,301.9455946418722,304.03823880909647,306.76025919253595,Down,18
2026-02-05 12:30:00,305.9,306.4,305.7,305.7,303.1950227358429,302.0928262245439,304.0547737463194,306.76025919253595,Down,16
2026-02-05 12:40:00,305.6,307.0,305.6,306.9,303.53183885076623,302.2813428431893,304.0830844553113,301.23375688909977,Up,40
2026-02-05 12:50:00,306.9,306.9,304.9,304.9,303.6562171370602,302.38403528071126,304.09121296819376,301.23375688909977,Up,30
2026-02-05 13:00:00,304.9,304.9,304.0,304.4,303.7238337609638,302.4630927206834,304.0942854759729,301.23375688909977,Up,12
2026-02-05 13:10:00,304.4,304.7,304.3,304.3,303.77621250996714,302.53512830026443,304.09633238665975,301.23375688909977,Up,11
2026-02-05 13:20:00,304.3,305.1,304.3,305.1,303.8965568272429,302.6357115041756,304.10631912908104,301.23375688909977,Up,3
2026-02-05 13:30:00,305.1,305.4,304.6,305.2,304.01505166112986,302.73627183734516,304.1172015258066,301.23375688909977,Up,21
2026-02-05 13:40:00,305.2,305.7,304.9,304.9,304.095501510118,302.82112392215515,304.1249905653508,301.23375688909977,Up,9
2026-02-05 13:50:00,304.9,304.9,304.9,304.9,304.1686377364709,302.9026484742275,304.132702102014,301.23375688909977,Up,7
2026-02-05 14:00:00,304.9,304.9,304.9,304.9,304.2351252149735,302.98097598504205,304.1403369069691,301.23375688909977,Up,0
2026-02-05 14:10:00,304.9,304.9,303.5,303.9,304.2046592863395,303.0170161424914,304.1379454949594,301.23375688909977,Up,10
2026-02-05 14:20:00,303.9,303.9,303.1,303.3,304.1224175330359,303.0281135486682,304.1296077288404,301.23375688909977,Up,9
2026-02-05 14:30:00,303.3,303.3,302.2,302.9,304.0112886663963,303.02308948793615,304.11737282606595,301.23375688909977,Up,9
2026-02-05 14:40:00,302.9,302.9,302.1,302.2,303.8466260603603,302.99081146880144,304.0982944894882,301.23375688909977,Up,6
2026-02-05 14:50:00,302.2,302.4,302.1,302.1,303.68784187305477,302.95587768571124,304.0784109622296,301.23375688909977,Up,2
2026-02-05 15:00:00,302.1,303.1,301.9,301.9,303.5253107936861,302.9144707176441,304.05673523126217,301.23375688909977,Up,6
2026-02-05 15:10:00,301.9,301.9,301.5,301.5,303.34119163062377,302.8590012777365,304.0312950797073,301.23375688909977,Up,8
2026-02-05 15:20:00,301.5,302.7,301.5,302.7,303.2829014823852,302.8527659335116,304.0180483624963,301.23375688909977,Up,4
2026-02-05 15:30:00,302.7,303.3,302.1,302.7,303.229910438532,302.84677511258957,304.00493345341675,301.23375688909977,Up,13
2026-02-05 15:40:00,302.7,303.5,302.5,302.5,303.16355494412,302.83317608856646,303.98995899119376,301.23375688909977,Up,6
2026-02-05 15:50:00,302.5,302.6,302.5,302.5,303.1032317673818,302.82011035960306,303.9751335285948,301.23375688909977,Up,2
2026-02-05 16:00:00,302.5,302.5,301.2,301.2,302.9302106976198,302.7565766200108,303.94752025965363,305.17504770297097,Down,13
2026-02-05 16:10:00,301.2,302.1,301.1,301.1,302.76382790692713,302.6916128309908,303.91918672473173,305.17504770297097,Down,7
2026-02-05 16:20:00,301.1,301.4,301.0,301.4,302.6398435517519,302.6409613474225,303.8941201901573,304.6429181449534,Down,7
2026-02-05 16:30:00,301.4,303.0,301.4,303.0,302.67258504704716,302.6550412945824,303.88522347184727,304.6429181449534,Down,9
2026-02-05 16:40:00,303.0,305.0,302.7,304.0,302.7932591336792,302.70778477322625,303.88636552685375,304.6429181449534,Down,20
2026-02-05 16:50:00,304.0,306.3,304.0,306.3,303.11205375789024,302.8486559585899,303.91038179026816,300.4857489519508,Up,28
2026-02-05 17:00:00,306.3,306.5,305.4,306.5,303.4200488708093,302.9918459209982,303.93614913563863,301.30977177450075,Up,40
2026-02-05 17:10:00,306.5,307.0,305.4,307.0,303.745498973463,303.14902843390024,303.966635213891,301.3997925222734,Up,33
2026-02-05 17:20:00,307.0,307.0,306.5,306.5,303.99590815769363,303.2804390835512,303.991842823703,302.2043568384304,Up,7
2026-02-05 17:30:00,306.5,306.9,306.3,306.4,304.21446196153966,303.40277480576486,304.0158045866512,302.249415307664,Up,13
2026-02-05 17:40:00,306.4,306.4,304.5,305.5,304.3313290559451,303.485018931029,304.03057270021685,302.249415307664,Up,21
2026-02-05 17:50:00,305.5,307.2,305.0,306.2,304.50120823267736,303.591488776871,304.0521590415083,302.249415307664,Up,19
2026-02-05 18:00:00,306.2,307.1,305.4,307.1,304.7374620297067,303.72907745228787,304.0824858172147,302.249415307664,Up,26
2026-02-05 18:10:00,307.1,308.2,307.0,307.3,304.97042002700607,303.86911363062956,304.1145008837101,302.44989775812036,Up,58
2026-02-05 18:20:00,307.3,307.4,305.6,306.8,305.1367454790964,303.984050350997,304.1412222679518,302.44989775812036,Up,16
2026-02-05 18:30:00,306.8,308.0,306.8,307.4,305.34249589008766,304.11800916076186,304.17364791702687,302.44989775812036,Up,21
2026-02-05 18:40:00,307.4,307.7,305.8,306.8,305.47499626371604,304.2231852721045,304.1997807735739,302.44989775812036,Up,27
2026-02-05 18:50:00,306.8,306.8,305.8,306.5,305.56817842156005,304.31247212417884,304.22266852707065,302.44989775812036,Up,15
2026-02-05 19:00:00,306.5,306.9,305.4,305.7,305.58016220141826,304.3668849820542,304.2373683427217,302.44989775812036,Up,32
2026-02-05 19:10:00,305.7,306.8,304.5,306.8,305.6910565467438,304.46230125726777,304.2628671651822,302.44989775812036,Up,22
2026-02-05 19:20:00,306.8,308.0,305.9,306.6,305.7736877697671,304.54613258051216,304.28612221826495,302.44989775812036,Up,56
2026-02-05 19:30:00,306.6,307.0,305.5,307.0,305.88517069978826,304.64236267539405,304.3131259772872,302.44989775812036,Up,24
2026-02-05 19:40:00,307.0,308.2,306.8,307.3,306.01379154526205,304.74658374694724,304.3428461168167,302.44989775812036,Up,23
2026-02-05 19:50:00,307.3,307.8,305.6,306.8,306.0852650411473,304.827109874518,304.3672954091867,302.44989775812036,Up,30
2026-02-05 20:00:00,306.8,306.8,304.0,304.0,305.89569549195204,304.7946741931644,304.36364072849824,302.44989775812036,Up,49
2026-02-05 20:10:00,304.0,304.0,301.0,301.9,305.5324504472291,304.6811575581383,304.33912689040375,309.66017877383644,Down,76
2026-02-05 20:20:00,301.9,303.3,301.4,302.9,305.2931367702083,304.61130824213285,304.3248072198525,309.5501625216695,Down,31
2026-02-05 20:30:00,302.9,305.7,302.9,305.5,305.31194251837115,304.6461588993041,304.3365006803515,309.5501625216695,Down,48
2026-02-05 20:40:00,305.5,305.9,305.4,305.4,305.3199477439737,304.67572129540986,304.3470827631341,309.5501625216695,Down,20
2026-02-05 20:50:00,305.4,305.4,303.8,305.2,305.30904340361246,304.6962812446095,304.3555695018094,309.5501625216695,Down,16
2026-02-05 21:00:00,305.2,306.4,302.5,302.9,305.0900394578295,304.6258388428601,304.34108622318445,309.5501625216695,Down,58
2026-02-05 21:10:00,302.9,302.9,298.6,299.3,304.5636722343904,304.41698241764993,304.29092616126223,309.38650304665566,Down,128
2026-02-05 21:20:00,299.3,300.0,298.0,298.1,303.97606566762767,304.1692576169578,304.2293249059263,307.57863913332335,Down,64
2026-02-05 21:30:00,298.1,299.0,297.4,297.7,303.4055142432979,303.91556123982224,304.1643564989022,306.58058103029396,Down,38
2026-02-05 21:40:00,297.7,298.0,292.2,294.6,302.60501294845267,303.5502451127704,304.0691887725449,304.8278009366309,Down,1776
2026-02-05 21:50:00,294.6,297.1,294.1,297.1,302.104557225866,303.29729432403434,303.99984361062906,304.8278009366309,Down,60
2026-02-05 22:00:00,297.1,299.9,297.1,298.8,301.8041429326055,303.1209298407389,303.94810387320985,304.8278009366309,Down,56
2026-02-05 22:10:00,298.8,302.6,298.8,302.4,301.8583117569141,303.09265808227855,303.93269985457096,304.8278009366309,Down,66
2026-02-05 22:20:00,302.4,304.0,302.4,304.0,302.0530106881037,303.1282401182676,303.9333695077593,304.8278009366309,Down,47
2026-02-05 22:30:00,304.0,305.1,302.9,304.2,302.2481915346397,303.17026991755125,303.93602254748316,304.8278009366309,Down,68
2026-02-05 22:40:00,304.2,304.5,301.0,302.0,302.22562866785427,303.1243769796081,303.9167586415381,304.8278009366309,Down,62
2026-02-05 22:50:00,302.0,302.0,299.6,300.3,302.0505715162312,303.0136170980548,303.88077099336357,304.8278009366309,Down,35
2026-02-05 23:00:00,300.3,303.0,300.3,303.0,302.1368831965738,303.0130830942095,303.8720071028823,304.8278009366309,Down,20
2026-02-05 23:10:00,303.0,303.9,302.2,302.7,302.1880756332489,303.00080532580915,303.8603453406646,304.8278009366309,Down,15
2026-02-05 23:20:00,302.7,303.4,302.1,303.2,302.280068757499,303.00861688165975,303.85377474026,304.8278009366309,Down,12
2026-02-05 23:30:00,303.2,304.9,303.0,304.6,302.49097159772634,303.07102406277113,303.86119986722264,304.8278009366309,Down,40
2026-02-05 23:40:00,304.6,306.0,304.6,305.9,302.8008832706603,303.1819642956036,303.88148643570804,296.23430361805015,Up,29
2026-02-05 23:50:00,305.9,306.0,304.5,305.0,303.00080297332755,303.2532598134231,303.89261592391,296.4630032891365,Up,23
2026-02-06 00:00:00,305.0,305.9,304.5,305.9,303.2643663393887,303.35705354623,303.9125898948164,296.70273026285133,Up,17
2026-02-06 09:00:00,304.5,304.5,304.5,304.5,303.37669667217153,303.4018749757896,303.9184347714849,296.70273026285133,Up,0
2026-02-06 09:10:00,304.5,306.9,303.6,305.2,303.5424515201559,303.4723896826214,303.9311866643059,296.70273026285133,Up,43
2026-02-06 09:20:00,305.2,305.2,304.5,304.6,303.6385922910508,303.5166096950676,303.9378415233676,296.70273026285133,Up,10
2026-02-06 09:30:00,304.6,304.6,304.5,304.6,303.72599299186436,303.55909558937867,303.94443016492613,297.10425876842527,Up,4
2026-02-06 09:40:00,304.6,304.9,304.3,304.9,303.8327209016948,303.6116800760697,303.9539383224891,297.61296251675026,Up,12
2026-02-06 09:50:00,304.9,304.9,304.9,304.9,303.929746274268,303.66220242602776,303.9633518715191,298.5481477425002,Up,0
2026-02-06 10:00:00,304.9,304.9,303.9,303.9,303.9270420675163,303.67152782108553,303.9627215046383,298.5481477425002,Up,5
2026-02-06 10:10:00,303.9,304.0,303.9,303.9,303.9245836977421,303.6804875143763,303.96209741006476,298.5481477425002,Up,5
2026-02-06 10:20:00,303.9,304.5,303.9,304.5,303.9768942706746,303.7126252589106,303.9674496746413,298.8759937960182,Up,4
2026-02-06 10:30:00,304.5,304.5,304.0,304.0,303.9789947915224,303.7238948566004,303.9677735584757,299.22817617819834,Up,6
2026-02-06 10:40:00,304.0,304.3,304.0,304.3,304.00817708320216,303.7464872151651,303.97107929421225,299.475614707453,Up,2
2026-02-06 10:50:00,304.3,304.3,302.6,302.6,303.88016098472923,303.70152693221746,303.95743671417034,299.475614707453,Up,6
2026-02-06 11:00:00,302.6,303.6,302.6,303.6,303.8546918042993,303.69754548389517,303.95388012994977,299.475614707453,Up,2
2026-02-06 11:10:00,303.6,303.6,301.8,301.8,303.6679016402721,303.6231319355071,303.93244848686567,299.475614707453,Up,10
2026-02-06 11:20:00,301.8,302.5,301.5,302.5,303.5617287638837,303.5790875458794,303.9181952680909,299.475614707453,Up,5
2026-02-06 11:30:00,302.5,302.5,301.4,301.4,303.36520796716695,303.4936331323155,303.8931385987567,299.475614707453,Up,4
2026-02-06 11:40:00,301.4,302.3,301.4,302.3,303.2683708792427,303.4468239898718,303.87728647339594,299.475614707453,Up,7
2026-02-06 11:50:00,302.3,302.3,301.8,301.8,303.13488261749336,303.38224265693566,303.8566169562477,299.475614707453,Up,1
2026-02-06 12:00:00,301.8,301.8,300.9,300.9,302.93171147044853,303.2848998076441,303.82719788205617,299.475614707453,Up,6
2026-02-06 12:10:00,300.9,301.2,300.8,301.2,302.7742831549532,303.20313903087373,303.80105660959794,299.475614707453,Up,4
2026-02-06 12:20:00,301.2,302.3,301.2,302.3,302.73116650450294,303.16772181397675,303.78612072293527,299.475614707453,Up,5
2026-02-06 12:30:00,302.3,302.5,302.1,302.1,302.67378773136625,303.1258503702914,303.76934340230906,299.475614707453,Up,3
2026-02-06 12:40:00,302.1,302.1,301.2,302.0,302.612534301242,303.081699375378,303.7517379953209,299.475614707453,Up,4
2026-02-06 12:50:00,302.0,302.8,302.0,302.8,302.62957663749273,303.0706523410494,303.74226796551676,299.475614707453,Up,7
2026-02-06 13:00:00,302.8,303.1,302.8,303.1,302.6723423977207,303.07180322963575,303.73587723949174,299.475614707453,Up,4
2026-02-06 13:10:00,303.1,304.7,303.1,304.7,302.85667490701877,303.1356540833755,303.7454705007903,300.03396591338446,Up,8
2026-02-06 13:20:00,304.7,304.7,304.2,304.2,302.97879537001705,303.17739313892946,303.7499931823745,300.75360537580406,Up,6
2026-02-06 13:30:00,304.2,304.3,304.0,304.3,303.0989048818337,303.2214169374028,303.75546588702747,300.75360537580406,Up,5
2026-02-06 13:40:00,304.3,304.3,304.0,304.0,303.18082261984875,303.2519496065243,303.75789906228096,300.8868639469455,Up,3
2026-02-06 13:50:00,304.0,304.0,303.3,303.3,303.1916569271352,303.25383393568023,303.75334285270606,300.8868639469455,Up,3
2026-02-06 14:00:00,303.3,304.5,303.3,304.5,303.3105972064866,303.30270319310455,303.76077227705724,300.8868639469455,Up,1
2026-02-06 14:10:00,304.5,305.6,304.5,305.2,303.48236109680596,303.3771069894534,303.7750929509174,301.5912952268561,Up,16
2026-02-06 14:20:00,305.2,305.4,304.6,305.0,303.62032826982363,303.4407498526121,303.78728108075904,301.5912952268561,Up,7
2026-02-06 14:30:00,305.0,305.0,304.7,304.7,303.7184802452942,303.4901322113332,303.79636286105,301.61801258417864,Up,4
2026-02-06 14:40:00,304.7,304.7,304.7,304.7,303.8077093139038,303.5375780069672,303.8053542753679,301.76182962198055,Up,0
2026-02-06 14:50:00,304.7,305.8,304.0,305.3,303.9433721035489,303.6066925949293,303.82022637213043,301.76182962198055,Up,16
2026-02-06 15:00:00,305.3,305.3,304.6,305.2,304.05761100322627,303.66917523826544,303.83395546295503,301.76182962198055,Up,10
2026-02-06 15:10:00,305.2,305.9,305.2,305.9,304.2251009120239,303.75665856225504,303.8545131200401,302.3156120375511,Up,13
2026-02-06 15:20:00,305.9,305.9,305.3,305.6,304.35009173820356,303.8289464617745,303.87188114869645,302.44146548868287,Up,4
2026-02-06 15:30:00,305.6,305.6,304.1,304.6,304.37281067109416,303.8591838554304,303.879126112391,302.44146548868287,Up,15
2026-02-06 15:40:00,304.6,304.8,304.0,304.1,304.3480097009947,303.8686276258057,303.8813238625165,302.44146548868287,Up,9
2026-02-06 15:50:00,304.1,306.2,304.1,306.2,304.5163724554497,303.9600539934211,303.90439526686964,302.44146548868287,Up,21
2026-02-06 16:00:00,306.2,306.2,305.3,305.3,304.58761132313606,304.01260089563993,303.91828188112964,302.44146548868287,Up,1
2026-02-06 16:10:00,305.3,305.3,305.0,305.0,304.625101202851,304.05132242914425,303.9290452454965,302.44146548868287,Up,1
2026-02-06 16:20:00,305.0,306.4,304.9,305.5,304.70463745713727,304.10813331427585,303.94467663608856,302.44146548868287,Up,20
2026-02-06 16:30:00,305.5,305.5,305.4,305.4,304.7678522337611,304.1587947529317,303.95915746558023,302.44146548868287,Up,1
2026-02-06 16:40:00,305.4,305.7,305.3,305.3,304.81622930341916,304.2035478998756,303.97249918234064,302.44146548868287,Up,3
2026-02-06 16:50:00,305.3,306.6,305.3,306.6,304.9783902758356,304.29752641360596,303.99864346908356,302.45313876767125,Up,3
2026-02-06 17:00:00,306.6,307.8,306.6,307.7,305.2258093416687,304.4309567503273,304.03547288730164,303.58467160697387,Up,34
2026-02-06 17:10:00,307.7,308.0,306.9,307.3,305.41437212878975,304.5434682503145,304.0679557441444,303.7633378245216,Up,24
2026-02-06 17:20:00,307.3,308.7,307.3,308.1,305.6585201170816,304.6829400836355,304.10807558748627,304.1393980222924,Up,33
2026-02-06 17:30:00,308.1,310.0,308.1,309.7,306.02592737916507,304.87968753133606,304.1637166264168,304.8494527475386,Up,39
2026-02-06 17:40:00,309.7,312.0,309.7,311.4,306.5144794356046,305.13538605951896,304.2357194460544,306.1949570432169,Up,66
2026-02-06 17:50:00,311.4,313.7,310.0,313.5,307.14952675964054,305.4634101356163,304.3279013421136,306.27268822110625,Up,114
2026-02-06 18:00:00,313.5,315.0,313.4,314.2,307.79047887240046,305.80602150284705,304.42613117950555,308.54789838282386,Up,80
2026-02-06 18:10:00,314.2,316.0,313.0,313.6,308.31861715672767,306.1116677184217,304.5174134563264,308.54789838282386,Up,72
2026-02-06 18:20:00,313.6,315.8,313.6,315.8,308.9987428697524,306.4916023176993,304.62967799904953,308.54789838282386,Up,42
2026-02-06 18:30:00,315.8,315.8,312.2,312.2,309.28976624522943,306.71546105033855,304.7050045861237,308.54789838282386,Up,42
2026-02-06 18:40:00,312.2,313.3,311.6,311.6,309.4997874956631,306.90701159738416,304.7736115056648,308.54789838282386,Up,26
2026-02-06 18:50:00,311.7,311.9,309.2,310.1,309.5543522687846,307.03222682885934,304.82661039615573,308.54789838282386,Up,56
2026-02-06 19:00:00,310.1,311.5,310.0,310.5,309.64032024434965,307.16821793361,304.883062034005,308.54789838282386,Up,33
2026-02-06 19:10:00,310.5,312.4,309.9,312.0,309.85483658577243,307.35769958327234,304.9538773371492,308.54789838282386,Up,55
2026-02-06 19:20:00,312.0,313.9,311.9,313.9,310.22257871433857,307.61426038392835,305.04289348304826,308.54789838282386,Up,42
2026-02-06 19:30:00,313.9,313.9,311.4,313.2,310.4932533766714,307.83330899632335,305.1240587220229,308.54789838282386,Up,30
2026-02-06 19:40:00,313.2,314.7,311.7,311.8,310.61204852424675,307.9888655062715,305.1904859984207,308.54789838282386,Up,28
2026-02-06 19:50:00,311.8,312.1,308.7,309.0,310.4654986584061,308.0285178393589,305.2283916103767,308.54789838282386,Up,64
2026-02-06 20:00:00,309.0,309.0,307.2,307.8,310.223180598551,308.0195563554625,305.2539797535571,316.671331533338,Down,65
2026-02-06 20:10:00,307.7,308.2,306.0,307.7,309.9938005441373,308.00702473367966,305.27831826347193,315.6921195757618,Down,60
2026-02-06 20:20:00,307.7,310.9,307.7,310.9,310.07618231285204,308.1204747441236,305.33425539517873,315.6921195757618,Down,43
2026-02-06 20:30:00,310.9,312.3,310.5,312.3,310.2783475571382,308.28437769533446,305.403566286769,315.6921195757618,Down,40
2026-02-06 20:40:00,312.3,312.3,311.1,311.7,310.40758868830744,308.4183236680665,305.4662173684927,315.6921195757618,Down,16
2026-02-06 20:50:00,311.7,311.9,311.0,311.0,310.46144426209764,308.51956587716194,305.52127988223907,315.6921195757618,Down,26
2026-02-06 21:00:00,311.0,311.2,310.0,310.1,310.428585692816,308.5815436859007,305.5668392863959,315.6921195757618,Down,31
2026-02-06 21:10:00,310.1,310.9,308.8,310.5,310.43507790256,308.65677726684584,305.61592546265075,315.6921195757618,Down,21
2026-02-06 21:20:00,310.5,311.2,308.4,308.4,310.2500708205091,308.64670757010674,305.6436276968533,315.6921195757618,Down,39
2026-02-06 21:30:00,308.4,309.0,308.4,308.6,310.100064382281,308.6448759006908,305.6730443366856,315.6921195757618,Down,6
2026-02-06 21:40:00,308.6,309.3,308.0,309.0,310.00005852934635,308.65880233595783,305.7061483731365,315.6921195757618,Down,25
2026-02-06 21:50:00,309.0,311.9,309.0,311.9,310.172780481224,308.7859081267046,305.7677787375829,315.6921195757618,Down,27
2026-02-06 22:00:00,311.9,311.9,310.0,310.0,310.1570731647491,308.8335195727162,305.8098903919353,315.6921195757618,Down,31
2026-02-06 22:10:00,310.0,310.0,307.5,309.0,310.0518846952264,308.84004821692344,305.84163277609514,315.6921195757618,Down,19
2026-02-06 22:20:00,309.0,309.0,308.5,308.8,309.93807699566037,308.83847769861273,305.8710692658853,315.6921195757618,Down,6
2026-02-06 22:30:00,308.8,309.5,306.5,306.8,309.65279726878214,308.7585373967064,305.880312357767,315.6921195757618,Down,19
2026-02-06 22:40:00,306.8,308.5,306.8,308.0,309.50254297162013,308.7287908321297,305.90140377709275,315.3724219320927,Down,15
2026-02-06 22:50:00,308.0,308.5,308.0,308.5,309.41140270147287,308.71981864263444,305.92726045592764,315.3724219320927,Down,7
2026-02-06 23:00:00,308.5,308.6,307.7,308.6,309.3376388195208,308.7151198723351,305.95385487925176,315.0247288694981,Down,8
2026-02-06 23:10:00,308.6,310.1,308.6,310.0,309.3978534722916,308.765507328322,305.994115029707,315.0247288694981,Down,14
2026-02-06 23:20:00,310.0,310.0,309.1,309.4,309.3980486111742,308.790389393878,306.02800443239653,315.0247288694981,Down,15
2026-02-06 23:30:00,309.4,311.0,309.0,309.0,309.3618623737947,308.7986094176475,306.05757652759655,315.0247288694981,Down,30
2026-02-06 23:40:00,309.0,309.0,304.5,305.7,309.0289657943588,308.67709532283783,306.0540185521976,314.4233343825546,Down,75
2026-02-06 23:50:00,305.7,306.2,304.0,304.0,308.57178708578067,308.4936798199815,306.03358055665336,312.8757585295951,Down,44
2026-02-07 00:00:00,303.9,304.0,302.1,302.5,308.01980644161875,308.25863355253125,305.9984205511146,310.80978048145005,Down,33
2026-02-09 09:00:00,293.0,293.0,293.0,293.0,306.6543694923807,307.6602557661575,305.869083033193,303.50889134677277,Down,17
2026-02-09 09:10:00,293.0,293.0,286.9,286.9,304.8585177203461,306.8461280890533,305.6803359383354,301.72171940615704,Down,105
2026-02-09 09:20:00,286.9,286.9,286.9,286.9,303.2259252003146,306.0639269875218,305.49346692402366,297.6015630965064,Down,18
2026-02-09 09:30:00,286.9,286.9,282.0,285.1,301.5781138184678,305.24181220369746,305.2905468551279,295.9605119059149,Down,42
2026-02-09 09:40:00,285.1,286.8,285.1,286.2,300.18010347133435,304.49507447021915,305.10059116502714,295.9605119059149,Down,148
2026-02-09 09:50:00,286.2,286.9,286.0,286.0,298.8910031557585,303.76977743217134,304.9105355315443,295.9605119059149,Down,93
2026-02-09 10:00:00,286.0,286.6,286.0,286.6,297.7736392325077,303.0964528269882,304.7283411481459,295.9605119059149,Down,31
2026-02-09 10:10:00,286.6,287.0,286.2,286.6,296.7578538477343,302.44953310828276,304.54795964418423,295.68601318619966,Down,78
2026-02-09 10:20:00,286.6,287.3,286.6,286.6,295.8344125888493,301.8279827903109,304.369372981058,295.4645574419997,Down,31
2026-02-09 10:30:00,286.6,286.7,286.0,286.0,294.94037508077207,301.2072775828477,304.1865931504007,294.34505221999973,Down,30
2026-02-09 10:40:00,286.0,286.5,285.5,286.5,294.17306825524736,300.63052159920665,304.0106071489042,293.6318656545452,Down,29
2026-02-09 10:50:00,286.5,287.0,286.4,286.9,293.51188023204304,300.0920697717868,303.8403523514027,293.6318656545452,Down,14
2026-02-09 11:00:00,286.9,286.9,286.4,286.4,292.8653456654937,299.55512585916773,303.6668165071102,293.3374922764836,Down,18
2026-02-09 11:10:00,286.4,286.5,285.8,285.8,292.2230415140852,299.0157091588082,303.4890372383827,292.48408388771236,Down,13
2026-02-09 11:20:00,285.8,286.0,285.4,285.4,291.6027650128047,298.4817597800314,303.3090468181003,291.6764398979204,Down,20
2026-02-09 11:30:00,285.6,286.7,285.6,286.6,291.14796819345884,298.0158084161086,303.14278764578086,291.6764398979204,Down,12
2026-02-09 11:40:00,286.6,286.6,285.4,285.4,290.6254256304171,297.5210708311632,302.9662424950766,291.6764398979204,Down,6
2026-02-09 11:50:00,285.4,285.5,285.1,285.1,290.1231142094701,297.0339700142548,302.78846893791166,290.7230202088057,Down,12
2026-02-09 12:00:00,285.1,285.7,285.1,285.3,289.6846492813364,296.5738143274213,302.61445432161406,290.5482001898233,Down,18
2026-02-09 12:10:00,285.3,285.5,285.0,285.3,289.2860448012149,296.1317039616401,302.44217119403584,290.1120001725667,Down,23
2026-02-09 12:20:00,285.3,285.8,285.0,285.1,288.9054952738318,295.69908812000716,302.26961227668227,290.11090924778784,Down,29
2026-02-09 12:30:00,285.1,285.6,285.1,285.3,288.5777229762107,295.291280742752,302.1007604132327,289.8144629525345,Down,12
2026-02-09 12:40:00,285.3,285.6,284.6,284.6,288.21611179655514,294.87201483127154,301.92662349369806,289.5222390477586,Down,32
2026-02-09 12:50:00,284.6,285.3,284.6,285.3,287.95101072414104,294.49664170063346,301.7611844539598,289.22476277068967,Down,31
2026-02-09 13:00:00,285.3,285.3,285.0,285.2,287.7009188401282,294.1320675162949,301.5963965489453,289.1452388824451,Down,9
2026-02-09 13:10:00,285.2,285.5,285.2,285.5,287.50083530920745,293.7935550646755,301.4362333992045,289.0911262567683,Down,3
2026-02-09 13:20:00,285.5,286.0,285.5,286.0,287.36439573564314,293.48792545429603,301.2826390370234,289.0911262567683,Down,8
2026-02-09 13:30:00,286.0,286.0,285.3,285.3,287.1767233960392,293.1668303384413,301.1236078028242,289.0911262567683,Down,10
2026-02-09 13:40:00,285.3,286.2,285.3,285.9,287.0606576327629,292.8818565996789,300.972129118219,289.0911262567683,Down,12
2026-02-09 13:50:00,285.9,286.1,285.9,286.1,286.9733251206935,292.6159014389072,300.82414773395817,289.0911262567683,Down,6
2026-02-09 14:00:00,286.1,286.7,286.1,286.4,286.9212046551759,292.37214059816574,300.68062387590885,289.0911262567683,Down,38
2026-02-09 14:10:00,286.4,287.2,286.2,287.2,286.94654968652355,292.1693115551004,300.54648831495456,289.0911262567683,Down,10
2026-02-09 14:20:00,287.2,287.5,286.9,287.3,286.9786815332032,291.97835816078276,300.41468246107445,289.0911262567683,Down,29
2026-02-09 14:30:00,287.3,287.3,286.6,286.8,286.96243775745745,291.7752852917325,300.27921298384985,289.0911262567683,Down,13
2026-02-09 14:40:00,286.8,286.8,286.4,286.4,286.91130705223406,291.56448979009593,300.14111136212,289.0911262567683,Down,1
2026-02-09 14:50:00,286.4,286.4,285.6,285.6,286.79209732021275,291.3305882297,299.99642368687506,289.02849156241416,Down,7
2026-02-09 15:00:00,285.6,286.4,285.5,286.4,286.75645210928434,291.13723182853533,299.8611358889957,289.02849156241416,Down,6
2026-02-09 15:10:00,286.4,287.1,286.4,286.8,286.7604110084403,290.9671443058477,299.73117433786143,289.02849156241416,Down,11
2026-02-09 15:20:00,286.8,287.4,286.8,286.9,286.7731009167639,290.8076484507164,299.60350096136534,289.02849156241416,Down,9
2026-02-09 15:30:00,286.9,286.9,286.0,286.0,286.70281901523987,290.61911321735494,299.4681427428443,289.02849156241416,Down,7
2026-02-09 15:40:00,285.8,286.1,285.8,285.8,286.620744559309,290.43012838530177,299.3321413225175,288.8321575540756,Down,11
2026-02-09 15:50:00,285.8,285.8,284.0,284.5,286.4279495993718,290.1975743309762,299.184557826771,288.17468868552317,Down,27
2026-02-09 16:00:00,284.5,285.6,284.4,285.6,286.35268145397436,290.0172772983889,299.04938809715145,288.17468868552317,Down,14
2026-02-09 16:10:00,285.6,285.6,284.1,284.1,286.14789223088576,289.78522720825595,298.90063796683154,288.17468868552317,Down,14
2026-02-09 16:20:00,284.1,285.5,284.1,285.0,286.0435383917143,289.5975712393047,298.76232316119143,288.17468868552317,Down,18
2026-02-09 16:30:00,285.0,285.7,284.9,284.9,285.9395803561039,289.41335275933204,298.6243895973985,288.17468868552317,Down,9
2026-02-09 16:40:00,284.9,284.9,284.4,284.6,285.8178003237308,289.22459382759354,298.4848434322502,288.17468868552317,Down,17
2026-02-09 16:50:00,284.6,286.0,284.6,286.0,285.8343639306644,289.0981391676879,298.3606161344169,288.17468868552317,Down,20
2026-02-09 17:00:00,286.0,286.2,285.3,285.5,285.80396720969486,288.95703567091584,298.23264980472123,288.17468868552317,Down,13
2026-02-09 17:10:00,285.5,286.9,285.5,286.0,285.8217883724499,288.8410734877427,298.1109318962166,288.17468868552317,Down,15
2026-02-09 17:20:00,286.0,287.1,286.0,286.2,285.8561712476817,288.73750197841946,297.9924151609308,288.17468868552317,Down,26
2026-02-09 17:30:00,286.2,286.2,285.5,285.8,285.8510647706197,288.622305822403,297.8710975971405,288.17468868552317,Down,13
2026-02-09 17:40:00,285.8,286.1,285.4,286.0,285.864604336927,288.5194702999558,297.7529772230396,288.17468868552317,Down,10
2026-02-09 17:50:00,286.0,286.1,285.8,285.8,285.8587312153882,288.4128244058399,297.6340421262929,288.17468868552317,Down,6
2026-02-09 18:00:00,285.8,285.9,284.8,285.3,285.80793746853476,288.29075286051284,297.51131533896665,288.17468868552317,Down,17
2026-02-09 18:10:00,285.3,286.5,285.2,285.2,285.75267042594066,288.1695468659829,297.3888146888277,288.17468868552317,Down,35
2026-02-09 18:20:00,285.2,287.3,285.2,286.8,285.8478822054006,288.1158391457483,297.2834533486404,288.17468868552317,Down,10
2026-02-09 18:30:00,286.8,287.9,286.8,287.8,286.0253474594551,288.10345329689545,297.1890906287535,288.17468868552317,Down,19
2026-02-09 18:40:00,287.8,288.2,287.2,288.2,286.22304314495915,288.10723944211526,297.09964694090525,283.51440794771224,Up,25
2026-02-09 18:50:00,288.2,288.6,286.5,287.1,286.3027664954174,288.06773985614996,297.0001479663689,283.51440794771224,Up,32
2026-02-09 19:00:00,287.1,287.4,283.1,283.4,286.0388786321976,287.88469123434015,296.8648231109822,290.9670182250312,Down,64
2026-02-09 19:10:00,283.4,284.0,283.0,284.0,285.85352602927054,287.7323504016209,296.7368149208232,289.0609256591193,Down,46
2026-02-09 19:20:00,284.0,284.9,283.0,284.9,285.7668418447914,287.6212778368515,296.61903566787964,289.0609256591193,Down,31
2026-02-09 19:30:00,284.9,284.9,283.2,283.2,285.53349258617396,287.4478943922691,296.4855129249157,289.0609256591193,Down,31
2026-02-09 19:40:00,283.2,285.0,281.4,281.4,285.1577205328854,287.2107220631606,296.33540831869766,289.0609256591193,Down,73
2026-02-09 19:50:00,281.4,282.2,280.7,281.3,284.8070186662594,286.97892904107584,296.1858022657753,288.0137085302365,Down,62
2026-02-09 20:00:00,281.3,283.2,280.8,283.2,284.6609260602358,286.8307357453474,296.0565903029318,288.0137085302365,Down,26
2026-02-09 20:10:00,283.2,284.7,283.1,284.6,284.65538732748706,286.74325591219656,295.94259437951956,288.0137085302365,Down,28
2026-02-09 20:20:00,284.6,285.6,284.2,285.1,284.69580666135187,286.6788145038751,295.8347078682806,288.0137085302365,Down,46
2026-02-09 20:30:00,285.1,287.1,285.1,286.9,284.8961878739562,286.68748844489966,295.7458053024271,288.0137085302365,Down,51
2026-02-09 20:40:00,286.9,287.5,286.1,286.1,285.00562533996015,286.6644496823546,295.6498271402139,288.0137085302365,Down,43
2026-02-09 20:50:00,286.1,286.1,284.8,285.7,285.0687503090547,286.6266281261838,295.5508238850874,288.0137085302365,Down,17
2026-02-09 21:00:00,285.7,286.0,285.0,285.5,285.10795482641333,286.5824466310393,295.4508156872259,288.0137085302365,Down,23
2026-02-09 21:10:00,285.5,286.5,285.5,286.4,285.2254134785576,286.57529186119467,295.36075781969134,288.0137085302365,Down,7
2026-02-09 21:20:00,286.4,287.3,285.7,287.3,285.41401225323415,286.6037117882066,295.2805512742218,288.0137085302365,Down,30
2026-02-09 21:30:00,287.3,288.3,287.2,288.3,285.6763747756674,286.6702328945515,295.2110930525877,281.7644501501209,Up,41
2026-02-09 21:40:00,288.3,288.3,286.8,286.8,285.778522523334,286.6753218006475,295.1274005844028,281.7644501501209,Up,23
2026-02-09 21:50:00,286.8,287.0,285.7,286.0,285.79865683939454,286.648838592779,295.03658067809033,281.7644501501209,Up,14
2026-02-09 22:00:00,286.0,286.3,285.4,285.6,285.7805971267223,286.60770766757196,294.9426843529352,281.7644501501209,Up,15
2026-02-09 22:10:00,285.6,285.6,285.0,285.0,285.7096337515657,286.54466030805935,294.8437521703189,281.7644501501209,Up,23
2026-02-09 22:20:00,285.0,286.0,285.0,286.0,285.73603068324155,286.5233010802923,294.75575463628593,281.7644501501209,Up,13
2026-02-09 22:30:00,286.0,286.0,285.3,285.4,285.70548243931046,286.47925005753575,294.6626625503527,281.7644501501209,Up,9
2026-02-09 22:40:00,285.4,286.0,285.4,285.5,285.68680221755494,286.44084809449515,294.5714917787074,281.7644501501209,Up,14
2026-02-09 22:50:00,285.5,285.5,284.4,284.5,285.57891110686813,286.36473640451493,294.47127793016307,281.7644501501209,Up,28
2026-02-09 23:00:00,284.5,284.7,284.2,284.7,285.49901009715285,286.29945262394574,294.3740512840918,281.7644501501209,Up,16
2026-02-09 23:10:00,284.7,284.7,284.5,284.7,285.4263728155935,286.23672899163415,294.2777920673347,281.7644501501209,Up,7
2026-02-09 23:20:00,284.7,284.9,284.4,284.7,285.3603389232668,286.1764651096093,294.1824906537294,281.7644501501209,Up,25
2026-02-09 23:30:00,284.7,285.3,284.5,284.9,285.3184899302425,286.12640765433054,294.0901275626475,281.7644501501209,Up,8
2026-02-09 23:40:00,284.9,284.9,284.0,284.0,285.1986272093113,286.0430191188666,293.9897282834172,281.7644501501209,Up,27
2026-02-09 23:50:00,284.0,285.0,283.9,284.9,285.1714792811921,285.9981948396954,293.89928322587076,281.7644501501209,Up,51
2026-02-10 00:00:00,284.9,284.9,283.2,284.4,285.1013448010837,285.9355205322563,293.8047629947676,281.7644501501209,Up,37
2026-02-10 09:00:00,280.2,281.8,280.2,281.4,284.7648589100761,285.75765698197176,293.68133251720775,286.3383973409423,Down,10
2026-02-10 09:10:00,281.4,282.4,281.0,281.6,284.47714446370554,285.59461161012973,293.56112025335494,286.3383973409423,Down,85
2026-02-10 09:20:00,281.6,282.0,281.4,281.9,284.2428586033687,285.44972488032073,293.4450892060579,286.3383973409423,Down,57
2026-02-10 09:30:00,281.9,281.9,281.5,281.8,284.020780548517,285.3065984144258,293.3292176716693,286.3383973409423,Down,29
2026-02-10 09:40:00,281.8,282.1,281.5,281.6,283.80070958956094,285.1612416138601,293.21250903812034,286.3383973409423,Down,22
2026-02-10 09:50:00,281.6,281.7,281.5,281.6,283.60064508141903,285.02158507998325,293.0969616845072,285.81764865846367,Down,28
2026-02-10 10:00:00,281.6,282.3,281.6,282.0,283.4551318921991,284.9030915474349,292.98654415530814,285.81764865846367,Down,21
2026-02-10 10:10:00,282.0,282.0,281.2,281.3,283.2592108110901,284.76179383969236,292.8702601338623,285.6079740979039,Down,12
2026-02-10 10:20:00,281.3,281.8,281.2,281.8,283.1265552828092,284.6456450616652,292.76010829173435,285.3617946344581,Down,8
2026-02-10 10:30:00,281.8,281.8,281.2,281.5,282.9786866207356,284.52228643179603,292.6480674132097,285.2289042131437,Down,13
2026-02-10 10:40:00,281.5,282.0,281.5,281.7,282.8624423824869,284.41160853250994,292.5391314190484,285.2289042131437,Down,10
2026-02-10 10:50:00,281.7,281.7,281.3,281.5,282.73858398407896,284.29742780574486,292.4292893153763,284.8924828207799,Down,3
2026-02-10 11:00:00,281.5,281.7,281.5,281.5,282.62598544007176,284.1877247545392,292.3205401679597,284.7568025643454,Down,12
2026-02-10 11:10:00,281.5,281.5,279.6,279.9,282.3781685818834,284.0195786857338,292.1969527036019,284.11072960395035,Down,44
2026-02-10 11:20:00,279.9,281.1,279.9,281.1,282.2619714380758,283.9050854039403,292.0865352637651,284.11072960395035,Down,21
2026-02-10 11:30:00,281.1,281.1,279.8,279.8,282.0381558527962,283.74410166260935,291.9642811815386,284.11072960395035,Down,12
2026-02-10 11:40:00,279.8,280.5,279.8,280.5,281.898323502542,283.61688198956585,291.85020873197107,283.8701574785502,Down,7
2026-02-10 11:50:00,280.5,280.5,279.7,280.0,281.72574863867453,283.47504348017117,291.7322962072748,283.77287043504566,Down,6
2026-02-10 12:00:00,280.0,280.5,279.1,279.6,281.5324987624314,283.32308099075266,291.61157684202834,283.6480640318597,Down,22
2026-02-10 12:10:00,279.6,280.6,279.5,280.3,281.42045342039216,283.2045287950369,291.4990238386251,283.6480640318597,Down,17
2026-02-10 12:20:00,280.3,280.4,280.0,280.0,281.2913212912656,283.0788609991531,291.3846056909771,283.6480640318597,Down,5
2026-02-10 12:30:00,280.0,280.3,279.9,280.3,281.2012011738778,282.9698860580099,291.2743111069872,283.59937192476315,Down,3
2026-02-10 12:40:00,280.3,280.6,280.0,280.0,281.0920010671616,282.85341993808794,291.1621289069177,283.59937192476315,Down,15
2026-02-10 12:50:00,280.0,280.1,279.2,279.3,280.92909187923783,282.7140701365943,291.04409777351555,283.0676627477381,Down,38
2026-02-10 13:00:00,279.3,279.8,278.5,278.5,280.7082653447617,282.5488124841788,290.9192808802468,282.72969340703463,Down,35
2026-02-10 13:10:00,278.4,279.3,278.4,279.3,280.5802412225106,282.42140807303457,290.80366614511996,282.43153946094066,Down,20
2026-02-10 13:20:00,279.3,279.6,279.3,279.5,280.48203747500963,282.30684305056263,290.69119185511875,282.43153946094066,Down,16
2026-02-10 13:30:00,279.5,279.5,279.2,279.4,280.38367043182694,282.19284920544254,290.57884168740617,282.43153946094066,Down,13
2026-02-10 13:40:00,279.4,280.0,279.2,280.0,280.34879130166087,282.1068551189546,290.4735795810638,282.43153946094066,Down,9
2026-02-10 13:50:00,280.0,280.4,280.0,280.0,280.31708300150984,282.0242333495839,290.3693648588642,282.43153946094066,Down,3
2026-02-10 14:00:00,280.0,281.3,280.0,281.2,280.39734818319073,281.9919104731296,290.27812739758195,282.43153946094066,Down,15
2026-02-10 14:10:00,281.2,281.2,280.0,280.0,280.3612256210825,281.9137963369285,290.1758574732279,282.43153946094066,Down,12
2026-02-10 14:20:00,280.0,280.5,280.0,280.0,280.3283869282568,281.83874550018623,290.0746051600614,282.43153946094066,Down,6
2026-02-10 14:30:00,280.0,280.6,280.0,280.6,280.353079025688,281.79016724527696,289.98033048185187,282.43153946094066,Down,6
2026-02-10 14:40:00,280.6,280.6,279.7,279.7,280.2937082051709,281.70819990232496,289.8780386362613,282.43153946094066,Down,22
2026-02-10 14:50:00,279.7,280.1,279.7,280.1,280.27609836833716,281.6451332394887,289.7807447194826,282.43153946094066,Down,4
2026-02-10 15:00:00,280.1,280.1,279.3,279.8,280.2328166984883,281.57277507323425,289.68143382675146,282.43153946094066,Down,24
2026-02-10 15:10:00,279.8,280.0,279.4,280.0,280.21165154408027,281.5110976193819,289.5851011518584,282.43153946094066,Down,2
2026-02-10 15:20:00,280.0,280.0,279.5,279.8,280.1742286764366,281.44399575195524,289.4877369612927,282.43153946094066,Down,3
2026-02-10 15:30:00,279.8,279.8,279.3,279.3,280.0947533422151,281.35991748717265,289.3863664442649,282.38658575446374,Down,8
2026-02-10 15:40:00,279.3,280.4,279.3,280.4,280.1225030383773,281.3222736641463,289.29694986272995,282.38658575446374,Down,4
2026-02-10 15:50:00,280.4,280.7,280.4,280.5,280.15682094397937,281.2900276381013,289.2094180232998,282.38658575446374,Down,7
2026-02-10 16:00:00,280.5,281.7,280.5,281.7,280.29710994907214,281.3061049856268,289.1346974459535,282.38658575446374,Down,22
2026-02-10 16:10:00,281.7,281.8,280.4,281.3,280.3882817718838,281.30586557442575,289.05674025743656,282.38658575446374,Down,23
2026-02-10 16:20:00,281.3,282.1,281.3,282.1,280.5438925198943,281.33700810091887,288.9875189613427,282.38658575446374,Down,31
2026-02-10 16:30:00,282.1,282.1,281.1,281.1,280.5944477453585,281.3277136655887,288.909036185608,282.38658575446374,Down,13
2026-02-10 16:40:00,281.1,281.5,280.7,281.5,280.6767706775986,281.3344699924284,288.8353144325174,282.38658575446374,Down,12
2026-02-10 16:50:00,281.5,282.3,281.5,282.3,280.82433697963506,281.37233391429396,288.7702864282138,282.38658575446374,Down,15
2026-02-10 17:00:00,282.3,282.6,282.0,282.3,280.9584881633046,281.4087129764785,288.7059054687291,282.38658575446374,Down,16
2026-02-10 17:10:00,282.6,282.8,282.0,282.0,281.0531710575496,281.43190070289114,288.63918004117954,282.38658575446374,Down,27
2026-02-10 17:20:00,282.0,282.9,281.9,282.8,281.21197368868144,281.48555165571895,288.5810787472374,279.1973091200182,Up,8
2026-02-10 17:30:00,282.8,283.2,282.6,283.1,281.38361244425585,281.5488633554947,288.52654065025,279.7043877024944,Up,25
2026-02-10 17:40:00,283.1,283.6,282.2,283.4,281.56692040386895,281.6214569493969,288.47553029552114,279.7043877024944,Up,28
2026-02-10 17:50:00,283.4,284.0,282.9,283.4,281.73356400351724,281.69120373569507,288.425027506511,279.94618818387966,Up,21
2026-02-10 18:00:00,283.4,283.5,282.9,283.1,281.857785457743,281.74645064802075,288.3720421581875,279.94618818387966,Up,15
2026-02-10 18:10:00,283.1,283.7,282.3,282.5,281.9161685979482,281.77600160300034,288.31361387800655,279.94618818387966,Up,35
2026-02-10 18:20:00,282.5,282.5,281.9,281.9,281.9146987254074,281.7808642852356,288.24979682449407,279.94618818387966,Up,14
2026-02-10 18:30:00,281.9,282.3,280.8,280.8,281.81336247764307,281.74239901914797,288.17566949290705,279.94618818387966,Up,15
2026-02-10 18:40:00,280.8,281.8,280.8,281.3,281.76669316149366,281.72505003800495,288.1072548710871,279.94618818387966,Up,13
2026-02-10 18:50:00,281.3,282.3,280.5,280.5,281.6515392377215,281.677008860044,288.03156079276783,279.94618818387966,Up,27
2026-02-10 19:00:00,280.5,281.9,280.3,281.4,281.62867203429226,281.6661457674933,287.96557511323783,279.94618818387966,Up,24
2026-02-10 19:10:00,281.4,283.6,280.4,283.0,281.75333821299296,281.7184537766112,287.9161664056434,279.94618818387966,Up,69
2026-02-10 19:20:00,283.0,283.6,283.0,283.4,281.9030347390845,281.78439676576374,287.8712294264828,279.94618818387966,Up,18
2026-02-10 19:30:00,283.4,283.7,282.9,283.0,282.0027588537132,281.8320674808319,287.8227594819407,279.94618818387966,Up,19
2026-02-10 19:40:00,283.0,283.0,281.4,282.6,282.05705350337564,281.86218248158355,287.7707917259015,279.94618818387966,Up,19
2026-02-10 19:50:00,282.6,284.6,282.3,284.0,282.23368500306873,281.9460184626979,287.73327141022094,279.94618818387966,Up,45
2026-02-10 20:00:00,284.0,284.2,283.7,283.8,282.37607727551705,282.01872362102347,287.6941343812635,279.94618818387966,Up,18
2026-02-10 20:10:00,283.8,284.0,282.9,283.3,282.46007025047004,282.0689697535324,287.65041165110165,279.94618818387966,Up,15
2026-02-10 20:20:00,283.3,284.0,283.3,283.9,282.59097295497276,282.140774861237,287.613094122235,279.94618818387966,Up,8
2026-02-10 20:30:00,283.9,283.9,283.3,283.9,282.7099754136116,282.2097640823649,287.5761479120635,279.94618818387966,Up,16
2026-02-10 20:40:00,283.9,284.2,282.9,283.4,282.77270492146505,282.25644000070355,287.53459420149574,279.94618818387966,Up,30
2026-02-10 20:50:00,283.4,283.4,282.6,283.1,282.80245901951366,282.2895207849897,287.490468886058,279.94618818387966,Up,4
2026-02-10 21:00:00,283.1,284.3,283.1,283.8,282.89314456319426,282.3487552640097,287.45374780261466,279.94618818387966,Up,11
2026-02-10 21:10:00,283.6,284.2,283.3,284.0,282.993767784722,282.4135099595387,287.41938215283744,279.94618818387966,Up,10
2026-02-10 21:20:00,284.0,284.4,283.6,283.6,283.04887980429277,282.46003898073326,287.3813783503217,279.94618818387966,Up,7
2026-02-10 21:30:00,283.6,283.8,282.9,283.6,283.0989816402662,282.50474333443003,287.3437526950947,279.94618818387966,Up,28
2026-02-10 21:40:00,283.6,284.0,283.6,284.0,283.180892400242,282.5633808507269,287.3104815239993,279.94618818387966,Up,16
2026-02-10 21:50:00,284.0,284.3,283.5,283.9,283.2462658184018,282.6157972879533,287.276546384457,279.9962816782244,Up,18
2026-02-10 22:00:00,283.9,284.3,283.4,284.0,283.314787107638,282.67007974724925,287.24394393287037,279.9962816782244,Up,14
2026-02-10 22:10:00,284.0,284.0,282.8,282.9,283.2770791887618,282.67909622774926,287.20072061015526,279.9962816782244,Up,23
2026-02-10 22:20:00,282.9,283.0,282.4,282.7,283.2246174443289,282.67991598352376,287.155937320502,279.9962816782244,Up,14
2026-02-10 22:30:00,282.7,282.9,282.0,282.9,283.1951067675717,282.68854672926796,287.1135896854721,279.9962816782244,Up,24
2026-02-10 22:40:00,282.9,283.4,282.7,283.4,283.2137334250652,282.716446857532,287.07663854432315,279.9962816782244,Up,7
2026-02-10 22:50:00,283.4,283.9,282.7,282.7,283.1670303864229,282.7158018827268,287.0330899020911,279.9962816782244,Up,18
2026-02-10 23:00:00,282.7,283.7,282.7,283.7,283.21548216947537,282.75439788732575,286.99992482843845,279.9962816782244,Up,9
2026-02-10 23:10:00,283.7,283.7,282.7,282.7,283.1686201540685,282.75226463684237,286.9571395067625,279.9962816782244,Up,18
2026-02-10 23:20:00,282.7,283.1,281.1,281.1,282.9805637764259,282.6874699452015,286.89885951167037,279.9962816782244,Up,31
2026-02-10 23:30:00,281.1,282.5,281.1,282.5,282.9368761603872,282.68011818264455,286.8550897652856,279.9962816782244,Up,26
2026-02-10 23:40:00,282.5,282.7,281.5,281.9,282.8426146912611,282.64952531273696,286.80578538951164,279.9962816782244,Up,19
2026-02-10 23:50:00,281.9,285.5,281.5,284.0,282.94783153751007,282.7024851043943,286.7778671269295,279.9962816782244,Up,76
2026-02-11 00:00:00,284.0,285.0,282.1,282.1,282.87075594319094,282.67885823755535,286.731321185368,279.9962816782244,Up,20
2026-02-11 09:00:00,280.6,280.8,280.0,280.0,282.60977813017354,282.57380497333753,286.6643428651156,279.9962816782244,Up,2
2026-02-11 09:10:00,280.0,281.2,280.0,281.2,282.48161648197595,282.51993026850073,286.6099712943184,279.9962816782244,Up,29
2026-02-11 09:20:00,281.2,281.2,280.5,280.9,282.3378331654327,282.4564035913046,286.5531556595491,279.9962816782244,Up,18
2026-02-11 09:30:00,280.9,280.9,280.3,280.3,282.1525756049388,282.3718387445868,286.4909352052252,279.9962816782244,Up,14
2026-02-11 09:40:00,280.3,280.8,280.3,280.8,282.029614186308,282.310198009505,286.43430898427766,279.9962816782244,Up,13
2026-02-11 09:50:00,280.8,280.8,280.2,280.2,281.86328562391634,282.22744514638714,286.372276059061,279.9962816782244,Up,21
2026-02-11 10:00:00,280.2,280.8,280.2,280.7,281.75753238537845,282.1675453367249,286.31583550125936,279.9962816782244,Up,7
2026-02-11 10:10:00,280.7,280.8,280.5,280.8,281.67048398670767,282.11391610783375,286.26095156592345,279.9962816782244,Up,3
2026-02-11 10:20:00,280.8,280.8,280.2,280.2,281.5368036242797,282.0388605741932,286.20064359014316,279.9962816782244,Up,6
2026-02-11 10:30:00,280.2,280.6,280.2,280.2,281.4152760220724,281.9667483948131,286.14093569372386,279.9962816782244,Up,6
2026-02-11 10:40:00,280.2,280.2,280.1,280.1,281.2957054746113,281.89354257540873,286.080826880851,279.9962816782244,Up,7
2026-02-11 10:50:00,280.1,280.4,280.1,280.3,281.20518679510116,281.83105070970646,286.0233062153699,279.9962816782244,Up,10
2026-02-11 11:00:00,280.3,280.6,280.3,280.4,281.13198799554647,281.7749310740317,285.96735291969463,279.9962816782244,Up,6
2026-02-11 11:10:00,280.4,280.4,279.0,279.0,280.9381709050422,281.6661102475991,285.89802602497133,283.12691029912116,Down,24
2026-02-11 11:20:00,279.0,279.1,278.4,278.6,280.72560991367476,281.5458706300462,285.8254088505935,282.1199184537465,Down,39
2026-02-11 11:30:00,278.6,278.8,278.3,278.7,280.5414635578861,281.4342678602405,285.7545092600403,281.79538041249685,Down,33
2026-02-11 11:40:00,278.9,279.2,278.1,278.6,280.3649668708056,281.3231201010154,285.68332011317426,281.79538041249685,Down,41
2026-02-11 11:50:00,278.6,279.7,278.5,279.7,280.30451533709595,281.2594683323481,285.6237845896601,281.79538041249685,Down,22
2026-02-11 12:00:00,279.7,280.4,279.7,280.3,280.3041048519054,281.2218421232364,285.57081160866846,281.79538041249685,Down,7
2026-02-11 12:10:00,280.3,280.3,280.3,280.3,280.3037316835503,281.18569145173694,285.51836572201506,281.79538041249685,Down,1
2026-02-11 12:20:00,280.3,281.4,280.3,281.4,280.4033924395912,281.1940957085316,285.47738695861193,281.79538041249685,Down,8
2026-02-11 12:30:00,281.4,281.4,280.7,280.7,280.4303567632647,281.17471940623625,285.429850769969,281.79538041249685,Down,12
2026-02-11 12:40:00,280.7,281.7,280.7,281.7,280.54577887569513,281.1953186452074,285.3927378269842,281.79538041249685,Down,7
2026-02-11 12:50:00,281.7,281.7,281.3,281.3,280.61434443245014,281.19942379637575,285.35201406751173,281.79538041249685,Down,4
2026-02-11 13:00:00,281.3,281.3,281.0,281.0,280.64940402950015,281.1916032553414,285.30871044494944,281.79538041249685,Down,1
2026-02-11 13:10:00,281.0,281.5,281.0,281.5,280.7267309359092,281.20369724532804,285.2708128285818,281.79538041249685,Down,1
2026-02-11 13:20:00,281.5,281.5,281.0,281.0,280.7515735780993,281.1957091180603,285.2283171785462,281.79538041249685,Down,8
2026-02-11 13:30:00,281.0,281.4,281.0,281.4,280.8105214346357,281.2037205251952,285.190224470302,281.79538041249685,Down,3
2026-02-11 13:40:00,281.4,281.4,281.1,281.1,280.8368376678506,281.1996530536189,285.14952571935373,281.79538041249685,Down,4
2026-02-11 13:50:00,281.1,281.1,280.3,280.4,280.79712515259143,281.16829411033973,285.1022667569721,281.79538041249685,Down,7
2026-02-11 14:00:00,280.4,280.7,280.4,280.6,280.77920468417403,281.146008066797,285.05746808277337,281.79538041249685,Down,6
2026-02-11 14:10:00,280.6,280.7,280.6,280.7,280.77200425834,281.12851755437356,285.0141101914025,281.79538041249685,Down,3
2026-02-11 14:20:00,280.7,280.7,280.5,280.5,280.7472765984909,281.1038698071432,284.96919367208505,281.79538041249685,Down,1
2026-02-11 14:30:00,280.5,280.7,280.5,280.7,280.7429787259008,281.08803177549055,284.9267141330593,281.79538041249685,Down,2
2026-02-11 14:40:00,280.7,280.7,280.3,280.7,280.7390715690007,281.07281484311835,284.8846572760139,281.79538041249685,Down,1
2026-02-11 14:50:00,280.7,280.7,280.7,280.7,280.73551960818247,281.0581946531921,284.843018895158,281.79538041249685,Down,2
2026-02-11 15:00:00,280.7,281.0,280.5,280.5,280.7141087347113,281.03630466679243,284.7998047767983,281.79538041249685,Down,5
2026-02-11 15:10:00,280.5,280.5,280.2,280.2,280.6673715770103,281.00350840534963,284.75403557503915,281.79538041249685,Down,4
2026-02-11 15:20:00,280.2,280.2,280.1,280.1,280.6157923427366,280.96807670317907,284.70772676334724,281.7912919881894,Down,4
2026-02-11 15:30:00,280.1,280.6,279.8,280.1,280.56890212976054,280.934034479525,284.66187873585125,281.7912919881894,Down,25
2026-02-11 15:40:00,280.1,280.2,279.5,279.6,280.48082011796413,280.88171940189653,284.6115117832557,281.7254479241235,Down,9
2026-02-11 15:50:00,279.6,280.4,279.1,280.4,280.47347283451285,280.8628284449594,284.5696061933726,281.7254479241235,Down,32
2026-02-11 16:00:00,280.4,281.0,280.4,281.0,280.5213389404662,280.86820772162764,284.5340877237868,281.7254479241235,Down,11
2026-02-11 16:10:00,281.0,282.1,281.0,282.0,280.65576267315106,280.91259173254423,284.508872920565,279.1519174123791,Up,18
2026-02-11 16:20:00,282.0,282.0,281.2,281.8,280.75978424831914,280.9473920567582,284.48191896115645,279.1519174123791,Up,5
2026-02-11 16:30:00,281.8,282.0,281.3,281.6,280.8361674984719,280.97298452512064,284.4532431505977,279.1519174123791,Up,9
2026-02-11 16:40:00,281.6,281.6,281.6,281.6,280.90560681679267,280.9975733672728,284.42485267148726,279.3264593631699,Up,0
2026-02-11 16:50:00,281.6,281.6,280.6,281.2,280.93236983344786,281.00551166659545,284.3927645852038,279.3264593631699,Up,12
2026-02-11 17:00:00,281.2,281.2,280.5,280.5,280.89306348495256,280.98568767967015,284.35403060923164,279.3264593631699,Up,3
2026-02-11 17:10:00,280.5,281.5,280.5,281.2,280.9209668045023,280.99409208438897,284.32264722008506,279.3264593631699,Up,4
2026-02-11 17:20:00,281.2,282.8,281.2,281.2,280.9463334586385,281.002166904609,284.2915761034673,279.3264593631699,Up,24
2026-02-11 17:30:00,281.2,282.0,281.0,282.0,281.042121326035,281.0412976142322,284.268774351194,279.3264593631699,Up,11
2026-02-11 17:40:00,282.0,283.0,282.0,282.4,281.16556484184997,281.0945800607329,284.25017958153035,279.3687363083573,Up,16
2026-02-11 17:50:00,282.4,282.5,282.1,282.1,281.25051349259087,281.1340082936453,284.22878475982355,279.3687363083573,Up,2
2026-02-11 18:00:00,282.1,282.5,280.7,281.3,281.2550122659917,281.1405177723259,284.1996426229099,279.3687363083573,Up,82
2026-02-11 18:10:00,281.3,281.3,278.7,279.0,281.0500111509015,281.0565758989014,284.1479048853685,283.31408317093405,Down,75
2026-02-11 18:20:00,278.8,278.9,278.4,278.9,280.8545555917287,280.9720042950229,284.0956869263102,282.5166099936088,Down,43
2026-02-11 18:30:00,278.9,279.0,277.2,278.0,280.59505053793515,280.85545510698273,284.0350333250534,282.26964544873533,Down,95
2026-02-11 18:40:00,278.0,279.1,277.8,278.7,280.4227732163047,280.7709274557285,283.9819484163464,282.26964544873533,Down,46
2026-02-11 18:50:00,278.9,279.4,278.7,279.0,280.2934301966406,280.7014793202097,283.9323767903132,282.26964544873533,Down,19
2026-02-11 19:00:00,279.0,279.4,278.6,278.9,280.1667547242187,280.63083307235837,283.8823033894146,282.26964544873533,Down,11
2026-02-11 19:10:00,278.9,279.2,278.2,278.3,279.9970497492897,280.5394278538345,283.8267580820572,282.26964544873533,Down,10
2026-02-11 19:20:00,278.3,278.3,276.8,277.6,279.7791361357179,280.424156173292,283.764800290196,281.769598418349,Down,64
2026-02-11 19:30:00,277.6,278.8,277.6,278.8,279.6901237597436,280.36046377433934,283.7153992922836,281.769598418349,Down,32
2026-02-11 19:40:00,278.8,279.0,278.5,278.7,279.60011250885776,280.29534754789466,283.66549482171365,281.769598418349,Down,20
2026-02-11 19:50:00,278.7,279.3,278.7,279.0,279.5455568262343,280.24454960483996,283.6190719876668,281.769598418349,Down,7
2026-02-11 20:00:00,279.0,279.7,279.0,279.4,279.5323243874857,280.2114300124933,283.5770911718692,281.769598418349,Down,42
2026-02-11 20:10:00,279.4,281.2,279.1,281.2,279.6839312613506,280.25019746298375,283.5534385233929,281.769598418349,Down,46
2026-02-11 20:20:00,281.2,281.5,280.5,281.1,279.812664783046,280.28352305267066,283.5290261997771,281.769598418349,Down,32
2026-02-11 20:30:00,281.1,281.1,280.5,280.5,279.8751498027691,280.2920123447228,283.49888663560023,281.769598418349,Down,5
2026-02-11 20:40:00,280.5,282.0,280.5,282.0,280.06831800251734,280.3589922527729,283.48397234071865,277.0275804407427,Up,31
2026-02-11 20:50:00,282.0,284.0,282.0,282.8,280.3166527295612,280.4547180467818,283.4771666457861,278.43416403703884,Up,124
2026-02-11 21:00:00,282.8,283.6,282.8,282.8,280.5424115723284,280.5466898880845,283.4704286692111,278.75833094276265,Up,21
2026-02-11 21:10:00,282.8,284.3,281.9,282.4,280.71128324757126,280.6193687160027,283.45977763767667,278.75833094276265,Up,165
2026-02-11 21:20:00,282.4,282.9,281.5,282.5,280.8738938614284,280.69311896243397,283.4502276114311,278.75833094276265,Up,30
2026-02-11 21:30:00,282.5,283.6,282.2,282.8,281.0489944194804,280.77574174822087,283.44375768494916,278.75833094276265,Up,38
2026-02-11 21:40:00,282.8,283.4,282.5,282.5,281.1809040177094,280.84335971887884,283.4343670612183,278.75833094276265,Up,13
2026-02-11 21:50:00,282.5,284.2,282.5,284.2,281.4553672888267,280.9749926710797,283.44198529941514,278.75833094276265,Up,13
2026-02-11 22:00:00,284.2,284.2,282.8,283.6,281.6503338989334,281.0779341349589,283.44355758499313,278.75833094276265,Up,18
2026-02-11 22:10:00,283.6,285.0,283.6,285.0,281.9548489990304,281.23174063947033,283.45904457419715,279.135588594549,Up,68
2026-02-11 22:20:00,285.0,285.0,284.0,284.4,282.177135453664,281.35598610458914,283.4684073147524,279.4414441768627,Up,13
2026-02-11 22:30:00,284.4,285.0,284.4,285.0,282.4337595033309,281.49888861029154,283.48364704296387,279.8831310698752,Up,29
2026-02-11 22:40:00,285.0,285.5,284.4,285.5,282.71250863939173,281.6557949392997,283.5037102564667,280.17102824534106,Up,29
2026-02-11 22:50:00,285.5,285.8,285.0,285.7,282.9840987630834,281.8143912161899,283.5255638857556,280.76457113212825,Up,47
2026-02-11 23:00:00,285.7,285.7,283.8,284.2,283.0946352391667,281.9079445018295,283.53227469286253,280.76457113212825,Up,18
2026-02-11 23:10:00,284.2,284.6,284.0,284.2,283.19512294469695,281.9978290311695,283.53891872576935,280.76457113212825,Up,24
2026-02-11 23:20:00,284.2,284.2,283.4,283.5,283.2228390406336,282.0567376966138,283.53853147476667,280.76457113212825,Up,21
2026-02-11 23:30:00,283.5,284.6,283.5,284.1,283.3025809460305,282.13686563007997,283.5441182262615,280.76457113212825,Up,13
2026-02-11 23:40:00,284.1,284.3,282.7,284.3,283.3932554054823,282.2216944289003,283.55163943794054,280.76457113212825,Up,34
2026-02-11 23:50:00,284.3,285.7,284.0,285.7,283.60295945952936,282.35809856894343,283.5730161599511,280.76457113212825,Up,34
2026-02-12 00:00:00,285.7,285.7,284.3,285.7,283.7935995086631,282.4891535270241,283.5941801782601,280.76457113212825,Up,12
2026-02-12 09:00:00,287.9,287.9,285.6,285.7,283.9669086442392,282.6150690749839,283.61513360932224,281.40880139583686,Up,22
2026-02-12 09:10:00,285.7,286.6,285.2,286.0,284.15173513112654,282.7478114642002,283.63886362315986,281.40880139583686,Up,42
2026-02-12 09:20:00,286.0,286.5,285.9,285.9,284.3106683010241,282.8714267008982,283.6613624925812,281.40880139583686,Up,31
2026-02-12 09:30:00,285.9,286.3,285.5,285.5,284.4187893645674,282.97450800674534,283.6796573931525,281.40880139583686,Up,18
2026-02-12 09:40:00,285.5,285.7,285.5,285.5,284.5170812405158,283.0735469084416,283.6977702549122,281.40880139583686,Up,4
2026-02-12 09:50:00,285.5,286.0,285.5,285.7,284.6246193095598,283.1765450688948,283.71769293894295,281.43354210519453,Up,6
2026-02-12 10:00:00,285.7,286.1,285.7,286.0,284.74965391778164,283.28726879168323,283.7404024619386,281.8304928229041,Up,8
2026-02-12 10:10:00,286.0,286.5,285.8,286.5,284.9087762888924,283.41325825083294,283.7678611439094,282.19590256627646,Up,10
2026-02-12 10:20:00,286.5,286.5,286.1,286.2,285.02616026262945,283.52254224099636,283.7920615305371,282.55991142388774,Up,14
2026-02-12 10:30:00,286.2,286.8,286.2,286.8,285.1874184205722,283.6510699962514,283.8219912665517,282.8817376580797,Up,12
2026-02-12 10:40:00,286.8,286.8,285.8,285.8,285.24310765506567,283.7353417611043,283.8416729454915,282.8817376580797,Up,4
2026-02-12 10:50:00,285.8,286.3,285.8,286.3,285.33918877733237,283.8359165940022,283.866133911208,282.8817376580797,Up,5
2026-02-12 11:00:00,286.3,286.3,286.1,286.1,285.4083534339385,283.92470417855117,283.88836143447963,282.94300349968427,Up,3
2026-02-12 11:10:00,286.1,286.2,285.4,285.8,285.4439576672168,283.99824519115697,283.9073827137385,282.94300349968427,Up,16
2026-02-12 11:20:00,285.8,285.8,284.3,285.6,285.45814333383345,284.0610591052292,283.9242246767859,282.94300349968427,Up,42
2026-02-12 11:30:00,285.6,285.6,284.6,284.6,285.3801303034849,284.08219404227907,283.9309488093552,282.94300349968427,Up,3
2026-02-12 11:40:00,284.6,284.6,283.8,283.9,285.2455730031681,284.075049177876,283.93064086100344,282.94300349968427,Up,33
2026-02-12 11:50:00,283.9,283.9,283.4,283.4,285.0777936392437,284.04857666109655,283.92536085243626,282.94300349968427,Up,9
2026-02-12 12:00:00,283.3,283.5,282.9,283.3,284.9161760356761,284.0192207136026,283.9191383563921,282.94300349968427,Up,10
2026-02-12 12:10:00,283.3,283.5,282.6,282.6,284.70561457788733,283.96356499934365,283.9060126016022,286.3670647808837,Down,10
2026-02-12 12:20:00,282.6,283.5,282.6,283.4,284.5869223435339,283.9414644111341,283.9009776503425,286.3670647808837,Down,9
2026-02-12 12:30:00,283.4,283.7,283.0,283.0,284.44265667593993,283.9045442381485,283.8920126985978,286.3670647808837,Down,9
2026-02-12 12:40:00,283.0,283.0,282.5,282.9,284.3024151599453,283.8651503464564,283.8821419254774,285.92585633424767,Down,6
2026-02-12 12:50:00,282.9,283.4,282.9,283.3,284.2112865090412,283.84298758777186,283.8763494685075,285.92585633424767,Down,3
2026-02-12 13:00:00,283.3,284.4,283.3,284.4,284.2284422809466,283.86483121178077,283.8815599215572,285.92585633424767,Down,3
2026-02-12 13:10:00,284.4,284.8,283.6,283.6,284.1713111644969,283.85444567406387,283.87875833029796,285.92585633424767,Down,7
2026-02-12 13:20:00,283.6,284.2,283.3,283.3,284.09210105863355,283.8327027064535,283.87299954094175,285.92585633424767,Down,22
2026-02-12 13:30:00,283.3,283.9,283.3,283.9,284.0746373260305,283.83534181600436,283.8732682022259,285.92585633424767,Down,1
2026-02-12 13:40:00,283.9,284.3,283.9,284.3,284.0951248418459,283.8535637055728,283.877514289766,285.92585633424767,Down,2
2026-02-12 13:50:00,284.3,284.3,282.8,282.8,283.9773862198599,283.81224748182484,283.8667927545444,285.92585633424767,Down,7
2026-02-12 14:00:00,282.8,283.5,282.8,283.5,283.9339874725999,283.8000024825376,283.86314307539476,285.92585633424767,Down,15
2026-02-12 14:10:00,283.5,283.5,283.2,283.5,283.89453406599984,283.78823767930083,283.8595297114605,285.92585633424767,Down,15
2026-02-12 14:20:00,283.5,284.1,283.5,284.1,283.9132127872725,283.80046365266156,283.8619224506499,285.92585633424767,Down,3
2026-02-12 14:30:00,284.1,284.1,284.0,284.0,283.9211025338841,283.80828860745913,283.8632963566136,285.92585633424767,Down,1
2026-02-12 14:40:00,284.0,284.0,283.9,283.9,283.9191841217128,283.8118851326568,283.8636615669956,285.92585633424767,Down,3
2026-02-12 14:50:00,283.9,284.0,283.8,283.8,283.9083492015571,283.81141904902324,283.86302811856774,285.92585633424767,Down,5
2026-02-12 15:00:00,283.8,284.9,283.8,284.9,283.9984992741428,283.8541084980812,283.87334624674116,285.92585633424767,Down,8
2026-02-12 15:10:00,284.9,284.9,283.9,283.9,283.9895447946752,283.8559081648231,283.8736114582164,285.92585633424767,Down,2
2026-02-12 15:20:00,283.9,283.9,283.9,283.9,283.98140435879566,283.8576372563987,283.87387403077145,285.92585633424767,Down,0
2026-02-12 15:30:00,283.9,285.0,283.9,285.0,284.0740039625415,283.90243579536343,283.8850792642961,285.92585633424767,Down,7
2026-02-12 15:40:00,285.0,285.9,284.9,285.8,284.2309126932195,283.9768500778982,283.9041332019648,285.92585633424767,Down,10
2026-02-12 15:50:00,285.8,285.8,285.4,285.6,284.3553751756541,284.04050301601984,283.92100749846264,285.92585633424767,Down,4
2026-02-12 16:00:00,285.6,285.9,285.1,285.9,284.495795614231,284.113424466372,283.9406989661396,285.92585633424767,Down,7
2026-02-12 16:10:00,285.9,285.9,285.5,285.8,284.6143596493009,284.179564683377,283.95919947393924,285.92585633424767,Down,11
2026-02-12 16:20:00,285.8,287.5,285.6,287.5,284.87669059027354,284.3097778330485,283.9944313199697,283.47167785959067,Up,31
2026-02-12 16:30:00,287.5,288.1,287.5,287.9,285.1515369002487,284.4505708592035,284.03329269987046,284.78334350871876,Up,38
2026-02-12 16:40:00,287.9,287.9,287.1,287.7,285.3832153638624,284.57799945296017,284.069777349623,284.78334350871876,Up,19
2026-02-12 16:50:00,287.7,288.2,287.6,288.0,285.6211048762385,284.7121955528441,284.1088840426616,284.92425083365185,Up,18
2026-02-12 17:00:00,288.0,289.9,288.0,289.5,285.97373170567136,284.8999525899875,284.1625269875108,285.553864394229,Up,71
2026-02-12 17:10:00,289.5,291.0,288.9,290.0,286.3397560960649,285.09995444920366,284.2206112960927,286.09896763111726,Up,79
2026-02-12 17:20:00,290.0,290.0,289.0,289.4,286.6179600873317,285.2685836864898,284.2721475021018,286.09896763111726,Up,15
2026-02-12 17:30:00,289.4,289.4,286.6,286.9,286.64360007939246,285.33256079682354,284.29829528815054,286.09896763111726,Up,41
2026-02-12 17:40:00,286.9,288.0,286.6,287.5,286.7214546176295,285.4175584126344,284.3301530464774,286.09896763111726,Up,76
2026-02-12 17:50:00,287.5,288.2,286.6,288.0,286.8376860160268,285.51883063174677,284.3666689365622,286.09896763111726,Up,15
2026-02-12 18:00:00,288.0,288.6,287.8,288.2,286.9615327418425,285.62397452854105,284.40481153420836,286.09896763111726,Up,18
2026-02-12 18:10:00,288.2,288.8,288.2,288.5,287.101393401675,285.7367598411473,284.4455596781466,286.09896763111726,Up,6
2026-02-12 18:20:00,288.5,290.4,288.5,289.0,287.2739940015227,285.86473004345527,284.49087749229443,286.09896763111726,Up,64
2026-02-12 18:30:00,289.4,290.4,288.5,289.7,287.4945400013842,286.0151327868492,284.5427095570477,286.09896763111726,Up,65
2026-02-12 18:40:00,289.7,290.2,289.5,289.5,287.6768545467129,286.1517942461885,284.59203583011197,286.09896763111726,Up,33
2026-02-12 18:50:00,289.5,289.6,287.6,288.8,287.7789586788299,286.25564545222034,284.6339061203596,286.09896763111726,Up,26
2026-02-12 19:00:00,288.8,290.3,287.2,290.3,288.0081442534817,286.41424759134895,284.69028516393814,286.09896763111726,Up,64
2026-02-12 19:10:00,290.3,290.3,289.7,289.7,288.161949321347,286.5431006269823,284.7401330727547,286.09896763111726,Up,34
2026-02-12 19:20:00,289.7,290.0,287.9,289.6,288.2926812012245,286.66297903376733,284.7884899576029,286.09896763111726,Up,20
2026-02-12 19:30:00,289.6,289.6,287.8,288.5,288.31152836474956,286.7350190716588,284.82542040578596,286.09896763111726,Up,17
2026-02-12 19:40:00,288.5,289.3,286.6,288.8,288.35593487704506,286.8159987159075,284.8649684614498,286.09896763111726,Up,34
2026-02-12 19:50:00,288.8,290.1,288.5,288.5,288.3690317064046,286.88203798195036,284.90113792949506,286.09896763111726,Up,36
2026-02-12 20:00:00,288.5,291.4,288.5,291.3,288.6354833694587,287.0552913944229,284.96480819885335,286.09896763111726,Up,114
2026-02-12 20:10:00,291.3,292.3,291.3,291.6,288.9049848813261,287.2335152613083,285.03083000782004,286.09896763111726,Up,95
2026-02-12 20:20:00,291.6,292.0,291.1,292.0,289.1863498921146,287.42043623145304,285.10017498286663,286.09896763111726,Up,22
2026-02-12 20:30:00,292.0,292.0,290.7,290.8,289.33304535646784,287.55296814394507,285.15688965965404,286.09896763111726,Up,38
2026-02-12 20:40:00,290.8,291.0,290.1,290.2,289.41185941497076,287.65677331477076,285.20706986204556,286.09896763111726,Up,19
2026-02-12 20:50:00,290.2,291.0,289.4,290.3,289.4925994681552,287.7604292632111,285.2577457838163,286.09896763111726,Up,25
2026-02-12 21:00:00,290.3,290.3,286.4,286.8,289.24781769832293,287.7227653705362,285.27309159691265,286.09896763111726,Up,147
2026-02-12 21:10:00,286.8,288.0,286.5,287.6,289.09801608938443,287.7179510422799,285.2962449143563,286.09896763111726,Up,99
2026-02-12 21:20:00,287.6,288.3,286.0,286.0,288.81637826307673,287.65058041317087,285.30324745252193,294.02606125642814,Down,40
2026-02-12 21:30:00,286.0,286.0,283.6,285.7,288.53307114825157,287.57408706363475,285.307195239064,292.0331084763869,Down,122
2026-02-12 21:40:00,285.7,287.6,285.2,286.7,288.3664283165923,287.53980913957065,285.3210539929042,292.0331084763869,Down,65
2026-02-12 21:50:00,286.7,287.0,286.0,286.5,288.1967530150839,287.4990323105679,285.33278479894494,292.0331084763869,Down,52
2026-02-12 22:00:00,286.5,286.7,284.0,285.4,287.94250274098533,287.4167173179966,285.3334536069156,292.0331084763869,Down,81
2026-02-12 22:10:00,285.4,287.0,284.7,287.0,287.856820673623,287.40037546238887,285.3500361580906,292.0331084763869,Down,33
2026-02-12 22:20:00,287.0,288.8,286.2,286.2,287.7062006123845,287.3533019148442,285.3584935097514,292.0331084763869,Down,112
2026-02-12 22:30:00,286.2,286.9,285.6,286.9,287.6329096476223,287.3355253691641,285.3738318827887,292.0331084763869,Down,47
2026-02-12 22:40:00,286.9,287.4,286.0,287.1,287.5844633160203,287.3262890801773,285.39100768495,292.0331084763869,Down,35
2026-02-12 22:50:00,287.1,287.9,286.7,287.6,287.58587574183656,287.33702284173893,285.41298770798534,292.0331084763869,Down,13
2026-02-12 23:00:00,287.6,289.4,287.6,288.6,287.6780688562151,287.38655135774917,285.44469927308006,292.0331084763869,Down,67
2026-02-12 23:10:00,288.6,288.7,287.8,288.2,287.7255171420137,287.4184513045041,285.47211520071113,292.0331084763869,Down,35
2026-02-12 23:20:00,288.2,289.3,288.0,288.8,287.8231974018306,287.47262968471966,285.5052284822961,292.0331084763869,Down,19
2026-02-12 23:30:00,288.8,289.6,287.8,287.8,287.82108854711873,287.4854677362993,285.52806202973596,292.0331084763869,Down,33
2026-02-12 23:40:00,287.8,288.9,287.7,288.3,287.8646259519261,287.51741017801305,285.55564350207686,292.0331084763869,Down,33
2026-02-12 23:50:00,288.3,288.9,286.8,286.8,287.76784177447826,287.489276445542,285.5680251587726,292.0331084763869,Down,43
2026-02-13 00:00:00,286.8,287.8,286.1,287.8,287.7707652495257,287.50146168297175,285.5902338636605,292.0331084763869,Down,22
2026-02-13 09:00:00,284.8,284.8,282.1,283.2,287.35524113593243,287.33277691109055,285.56645044213155,291.66768256563427,Down,19
2026-02-13 09:10:00,282.1,283.5,282.1,282.3,286.8956737599386,287.13541311065563,285.5339484476825,290.77971142330387,Down,106
2026-02-13 09:20:00,282.3,282.7,282.1,282.3,286.4778852363078,286.9457890671005,285.5017698561633,289.8724649302762,Down,26
2026-02-13 09:30:00,282.3,282.4,281.5,281.7,286.0435320330071,286.74007184878286,285.4639413003806,289.0704226638874,Down,63
2026-02-13 09:40:00,281.7,282.4,281.7,282.3,285.7032109390974,286.56595138412473,285.4324592973918,288.77765696717034,Down,19
2026-02-13 09:50:00,282.3,282.3,282.1,282.2,285.38473721736125,286.39473760435516,285.40029552328843,288.38877906106404,Down,12
2026-02-13 10:00:00,282.2,282.2,282.0,282.0,285.0770338339648,286.222394953204,285.36646173698705,287.79889005551274,Down,3
2026-02-13 10:10:00,282.0,282.0,282.0,282.0,284.7973034854225,286.0568108373921,285.3329646052757,287.1808091413752,Down,6
2026-02-13 10:20:00,282.0,282.8,282.0,282.1,284.5520940776568,285.90164178494535,285.3007958032332,287.1808091413752,Down,6
2026-02-13 10:30:00,282.1,282.4,279.8,280.1,284.14735825241524,285.67412642082985,285.24904659126076,286.59157780278946,Down,108
2026-02-13 10:40:00,280.1,280.1,278.5,278.9,283.67032568401385,285.40847440432674,285.1858719983129,284.87416163889947,Down,68
2026-02-13 10:50:00,278.9,279.6,278.8,279.1,283.2548415309217,285.16108325121587,285.12531605803116,284.55832876263594,Down,35
2026-02-13 11:00:00,279.1,280.1,279.1,280.0,282.9589468462924,284.95868782959957,285.0743178882995,284.55832876263594,Down,22
2026-02-13 11:10:00,280.0,280.0,279.0,279.0,282.5990425875386,284.72501379706625,285.01387691428664,284.55832876263594,Down,60
2026-02-13 11:20:00,279.0,279.1,279.0,279.0,282.27185689776235,284.50050345208325,284.95403734300027,283.74325977658594,Down,14
2026-02-13 11:30:00,279.0,279.6,278.9,279.3,282.00168808887486,284.29656214023686,284.8977782649605,283.74325977658594,Down,18
2026-02-13 11:40:00,278.6,279.2,278.6,279.2,281.7469891717044,284.09669695826676,284.84108395386636,283.2646775013107,Down,20
2026-02-13 11:50:00,279.2,279.6,278.9,279.5,281.5427174288222,283.91643433245235,284.78793883989755,283.2646775013107,Down,11
2026-02-13 12:00:00,279.5,280.6,279.5,280.6,281.4570158443838,283.7863780841209,284.7462678066648,283.2646775013107,Down,6
2026-02-13 12:10:00,280.6,280.6,280.5,280.5,281.3700144039853,283.6575005121946,284.70401638570297,283.2646775013107,Down,1
2026-02-13 12:20:00,280.5,280.5,280.0,280.1,281.2545585490775,283.51799068818696,284.65820527738754,283.2646775013107,Down,6
2026-02-13 12:30:00,280.1,280.1,279.6,279.8,281.1223259537068,283.3721871317875,284.6098649263688,283.2646775013107,Down,7
2026-02-13 12:40:00,279.8,280.0,279.8,279.9,281.01120541246075,283.23602293054097,284.56300059874326,283.2106047724638,Down,4
2026-02-13 12:50:00,279.9,280.0,279.8,280.0,280.91927764769156,283.1091200705198,284.51759760771097,282.9823679749671,Down,13
2026-02-13 13:00:00,280.0,280.7,280.0,280.3,280.8629796797196,282.9989584991269,284.4756314623606,282.9823679749671,Down,14
2026-02-13 13:10:00,280.3,281.1,280.3,280.6,280.8390724361087,282.90488169523957,284.4370679652227,282.9823679749671,Down,8
2026-02-13 13:20:00,280.6,280.6,280.4,280.5,280.80824766918977,282.81057260915173,284.3978931595986,282.9823679749671,Down,12
2026-02-13 13:30:00,280.5,280.6,280.4,280.6,280.7893160628998,282.7238834872242,284.36010317791107,282.9823679749671,Down,4
2026-02-13 13:40:00,280.6,281.4,280.6,281.4,280.84483278445435,282.6719664877253,284.33064941494683,282.9823679749671,Down,9
2026-02-13 13:50:00,281.4,281.4,280.3,280.3,280.79530253132214,282.57894819408904,284.290543450619,282.9823679749671,Down,5
2026-02-13 14:00:00,280.3,281.6,280.3,281.2,280.83209321029284,282.5248717943208,284.2597917744934,282.9823679749671,Down,12
2026-02-13 14:10:00,281.2,281.2,280.1,280.1,280.7655392820844,282.42977878277884,284.21840081156313,282.9823679749671,Down,2
2026-02-13 14:20:00,280.1,280.7,280.1,280.6,280.75049025644034,282.35802275208164,284.1823968233884,282.9823679749671,Down,5
2026-02-13 14:30:00,280.6,280.6,280.3,280.4,280.71862750585484,282.28123754611767,284.14476103410095,282.9823679749671,Down,9
2026-02-13 14:40:00,280.4,280.4,280.3,280.3,280.680570459868,282.2035419560739,284.10650470540344,282.9823679749671,Down,3
2026-02-13 14:50:00,280.3,280.9,280.3,280.3,280.64597314533455,282.1288932519141,284.0686290366929,282.9823679749671,Down,24
2026-02-13 15:00:00,280.3,280.8,280.3,280.8,280.65997558666777,282.0767797910547,284.036105364686,282.9823679749671,Down,3
2026-02-13 15:10:00,280.8,281.1,280.8,281.0,280.6908868969707,282.03455313258195,284.00589536105736,282.9823679749671,Down,3
2026-02-13 15:20:00,281.0,281.0,280.6,280.8,280.7008062699733,281.9861392842454,283.97399590472844,282.9823679749671,Down,7
2026-02-13 15:30:00,280.8,280.9,280.3,280.3,280.6643693363394,281.9200161750593,283.93743873154705,282.9823679749671,Down,11
2026-02-13 15:40:00,280.3,281.2,280.3,281.2,280.71306303303584,281.89178024662556,283.9102005352132,282.9823679749671,Down,12
2026-02-13 15:50:00,281.2,281.2,281.0,281.0,280.73914821185076,281.8568084722481,283.8812433159574,282.9823679749671,Down,3
2026-02-13 16:00:00,281.0,281.1,281.0,281.1,280.7719529198643,281.8271297086305,283.8535692531121,282.9823679749671,Down,4
2026-02-13 16:10:00,281.1,281.5,281.1,281.5,280.8381390180584,281.8143010926058,283.83015065357864,282.9823679749671,Down,2
2026-02-13 16:20:00,281.5,281.5,280.7,281.0,280.85285365278037,281.78236771642514,283.801989950558,282.9823679749671,Down,32
2026-02-13 16:30:00,281.0,281.0,281.0,281.0,280.8662305934367,281.7516866295065,283.7741094535375,282.9823679749671,Down,2
2026-02-13 16:40:00,281.0,281.8,281.0,281.8,280.95111872130605,281.7535812714866,283.75446657340285,282.9823679749671,Down,7
2026-02-13 16:50:00,281.8,282.0,280.4,280.4,280.90101701936914,281.70049965299694,283.7210887965531,282.9823679749671,Down,23
2026-02-13 17:00:00,280.4,280.4,279.5,279.5,280.77365183579013,281.61420554895784,283.6790879130053,282.5716934128097,Down,14
2026-02-13 17:10:00,279.5,279.8,279.0,279.1,280.6215016689001,281.5156092529203,283.63352484919426,282.07426673891786,Down,17
2026-02-13 17:20:00,279.1,281.5,279.1,280.5,280.61045606263644,281.47578143908027,283.602345497461,282.07426673891786,Down,18
2026-02-13 17:30:00,280.5,281.4,280.5,281.2,280.66405096603313,281.46496648068495,283.5784415621629,282.07426673891786,Down,32
2026-02-13 17:40:00,281.2,281.2,280.1,280.4,280.6400463327574,281.42320308928555,283.54681527796225,282.07426673891786,Down,32
2026-02-13 17:50:00,280.4,281.2,279.7,280.0,280.5818603025067,281.3673912034312,283.5115235836542,282.07426673891786,Down,39
2026-02-13 18:00:00,280.0,280.8,279.9,280.2,280.5471457295516,281.32161115623785,283.47857310023477,282.07426673891786,Down,18
2026-02-13 18:10:00,280.2,281.1,280.0,280.0,280.49740520868323,281.269783267758,283.44396043257075,282.07426673891786,Down,15
2026-02-13 18:20:00,280.0,280.0,278.8,279.5,280.4067320078939,281.2003800023557,283.404717045182,282.07426673891786,Down,53
2026-02-13 18:30:00,279.5,279.5,278.0,278.5,280.23339273444896,281.0944827473614,283.3559138905036,282.07426673891786,Down,100
2026-02-13 18:40:00,278.5,279.8,278.3,279.6,280.17581157677176,281.0358755807982,283.31854161298617,282.07426673891786,Down,27
2026-02-13 18:50:00,279.6,279.9,279.0,279.9,280.15073779706523,280.9913314403747,283.28452627355347,282.07426673891786,Down,26
2026-02-13 19:00:00,279.9,280.4,279.5,279.5,280.09157981551385,280.93284785447764,283.24686929570714,282.07426673891786,Down,20
2026-02-13 19:10:00,279.5,280.4,279.5,279.5,280.0377998322853,280.8766577425373,283.2095870141578,282.07426673891786,Down,24
2026-02-13 19:20:00,279.5,279.5,278.4,278.4,279.8889089384412,280.77953390949665,283.16173042695226,282.07426673891786,Down,18
2026-02-13 19:30:00,278.4,279.0,277.5,279.0,279.80809903494657,280.709748265987,283.1203201739478,282.07426673891786,Down,107
2026-02-13 19:40:00,279.0,280.0,278.9,279.4,279.7709991226787,280.6583855888895,283.0833020627643,282.07426673891786,Down,43
2026-02-13 19:50:00,279.4,279.5,278.9,279.4,279.7372719297079,280.6090371344232,283.04665229099555,282.07426673891786,Down,15
2026-02-13 20:00:00,279.4,280.4,279.3,280.3,279.78842902700717,280.5969180311125,283.0193224174533,282.07426673891786,Down,15
2026-02-13 20:10:00,280.3,281.6,280.0,280.4,279.8440263881883,280.5891957553826,282.9932595078269,282.07426673891786,Down,74
2026-02-13 20:20:00,280.4,281.2,279.9,280.4,279.89456944380754,280.5817763139951,282.9674559306346,282.07426673891786,Down,23
2026-02-13 20:30:00,280.4,281.6,280.4,281.1,280.00415403982504,280.60209881148546,282.9488742795836,282.07426673891786,Down,36
2026-02-13 20:40:00,280.5,280.7,279.6,280.1,280.01286730893185,280.58240866201544,282.9205272718266,282.07426673891786,Down,32
2026-02-13 20:50:00,280.1,280.5,279.5,280.5,280.05715209902894,280.57917694977954,282.8964424233507,282.07426673891786,Down,6
2026-02-13 21:00:00,280.5,280.6,280.3,280.3,280.0792291809354,280.56822883410194,282.8706071753572,282.07426673891786,Down,4
2026-02-13 21:10:00,280.3,281.4,280.3,281.4,280.1992992553958,280.600847311196,282.85597426813973,282.07426673891786,Down,10
2026-02-13 21:20:00,281.4,282.4,281.4,282.0,280.3629993230871,280.6557160440903,282.8474571112428,282.07426673891786,Down,49
2026-02-13 21:30:00,282.0,283.2,281.4,283.0,280.60272665735187,280.74764874824365,282.84897495093196,277.8046990529552,Up,39
2026-02-13 21:40:00,283.0,283.8,281.7,282.0,280.7297515066835,280.796760562038,282.8405274389824,277.89972641177746,Up,70
2026-02-13 21:50:00,282.0,282.6,281.5,282.6,280.899774096985,280.86747583411494,282.8381341311318,277.89972641177746,Up,12
2026-02-13 22:00:00,282.6,284.3,282.4,284.2,281.19979463362273,280.9981630563065,282.8516850352997,278.2869639766756,Up,57
2026-02-13 22:10:00,284.2,284.5,282.4,282.8,281.34526784874794,281.0688233286082,282.85117075634145,278.2869639766756,Up,34
2026-02-13 22:20:00,282.8,282.8,282.8,282.8,281.47751622613447,281.1367126098392,282.85066159458677,278.2869639766756,Up,3
2026-02-13 22:30:00,282.8,283.3,282.8,283.3,281.64319656921316,281.22154740945336,282.85513262349633,278.43314348360303,Up,8
2026-02-13 22:40:00,283.3,283.3,282.0,282.5,281.7210877901938,281.27168280516105,282.8515989655511,278.43314348360303,Up,16
2026-02-13 22:50:00,282.5,284.0,282.5,283.7,281.9009889001762,281.36691093044885,282.86004076688886,278.459209490581,Up,16
2026-02-13 23:00:00,283.7,284.2,283.0,283.6,282.05544445470565,281.4544830508234,282.8674035453278,278.8083722641646,Up,32
2026-02-13 23:10:00,283.6,284.0,283.3,284.0,282.23222223155057,281.5543072449087,282.8786731617923,279.03942933105867,Up,12
2026-02-13 23:20:00,284.0,284.5,283.0,283.4,282.33838384686413,281.62668735295154,282.8838604935157,279.03942933105867,Up,51
2026-02-13 23:30:00,283.4,283.4,282.5,283.0,282.3985307698765,281.680542750875,282.88501611049566,279.03942933105867,Up,22
2026-02-13 23:40:00,283.0,283.1,281.9,282.8,282.435027972615,281.7244430351544,282.88417017904794,279.03942933105867,Up,35
2026-02-13 23:50:00,282.8,285.0,282.8,285.0,282.66820724783184,281.8528962494621,282.90522321209227,279.03942933105867,Up,90
2026-02-14 00:00:00,285.0,285.4,284.6,285.4,282.9165520434835,281.99199835732634,282.9300468617232,280.13994779980175,Up,42
2026-02-16 09:00:00,277.0,277.0,270.0,271.3,281.8605018577123,281.57270430409784,282.8143250024026,283.5182292729075,Down,43
2026-02-16 09:10:00,271.4,271.9,271.1,271.1,280.88227441610206,281.1620100176626,282.6977645546175,280.8983902480977,Down,174
2026-02-16 09:20:00,271.1,271.7,271.1,271.7,280.04752219645644,280.79095080128366,282.5883340615367,280.1621729528161,Down,49
2026-02-16 09:30:00,271.7,272.2,271.7,272.0,279.31592926950583,280.4462076326059,282.4829775037105,280.09742995710553,Down,59
2026-02-16 09:40:00,272.0,272.3,271.8,272.0,278.65084479045987,280.11498380387627,282.37866926984276,279.63857268827775,Down,37
2026-02-16 09:50:00,272.0,272.4,271.6,271.9,278.03713162769077,279.7928275762733,282.2744039039737,279.18961153479796,Down,39
2026-02-16 10:00:00,271.9,272.0,271.5,272.0,277.48830147971887,279.4872264948508,282.17217102930726,278.4678286679981,Down,24
2026-02-16 10:10:00,272.0,272.4,271.9,272.1,276.99845589065353,279.19753133819,282.0719504220505,278.43893515272555,Down,28
2026-02-16 10:20:00,272.1,272.1,271.5,271.8,276.5258689915032,278.9074320700257,281.96974196013963,277.7353955933869,Down,40
2026-02-16 10:30:00,271.8,272.0,270.5,272.0,276.11442635591203,278.6365523810051,281.8705405476009,277.1912687212608,Down,67
2026-02-16 10:40:00,272.0,272.0,271.5,271.5,275.6949330508291,278.35668758175,281.7673510894158,277.1912687212608,Down,17
2026-02-16 10:50:00,271.5,272.1,271.5,271.9,275.34993913711736,278.1034841471716,281.66916849151113,277.0936105134387,Down,15
2026-02-16 11:00:00,271.9,272.2,271.9,272.1,275.05449012465215,277.8680533963022,281.57395288463044,276.97146410312604,Down,27
2026-02-16 11:10:00,272.1,272.9,272.0,272.3,274.80408193150197,277.64969836115307,281.4816747464749,276.97146410312604,Down,25
2026-02-16 11:20:00,272.3,272.5,271.7,271.7,274.52189266500176,277.4163768567941,281.38434464949506,276.755755457129,Down,32
2026-02-16 11:30:00,271.7,272.0,270.4,270.8,274.1835387863652,277.15691109770415,281.27902778731107,276.01432314284455,Down,75
2026-02-16 11:40:00,270.8,271.4,270.6,271.1,273.9032170785138,276.919385172304,281.1777439287309,275.66756649349503,Down,34
2026-02-16 11:50:00,271.1,271.3,270.6,270.8,273.62110643501256,276.67940928319405,281.0744827951117,275.44778772135913,Down,16
2026-02-16 12:00:00,270.8,270.8,269.7,270.0,273.2919149409205,276.4174716642452,280.9642889364539,274.73889792850827,Down,76
2026-02-16 12:10:00,270.0,270.3,269.5,269.9,272.98355903720045,276.1618845401572,280.8541965092255,274.27172538955296,Down,61
2026-02-16 12:20:00,269.9,269.9,269.2,269.2,272.6395991247277,275.88886946015106,280.7382343549049,273.77884126322994,Down,32
2026-02-16 12:30:00,269.3,269.5,269.0,269.0,272.3087264770252,275.6187177166157,280.62143600311475,273.2762193302091,Down,25
2026-02-16 12:40:00,269.0,269.3,268.5,268.5,271.96247861547744,275.3395523159641,280.50082469960114,272.8511084820082,Down,38
2026-02-16 12:50:00,268.5,269.1,268.5,268.9,271.68407146861585,275.087020852593,280.3853936080629,272.61009862000753,Down,26
2026-02-16 13:00:00,268.9,269.3,268.8,268.8,271.4218831532871,274.84047101523646,280.270116059724,272.61009862000753,Down,12
2026-02-16 13:10:00,268.8,269.3,268.8,269.0,271.20171195753375,274.6114329362076,280.1579756014183,272.5459492727335,Down,20
2026-02-16 13:20:00,270.1,270.1,268.6,268.6,270.96519268866706,274.3756904681211,280.04297086906587,272.5459492727335,Down,70
2026-02-16 13:30:00,268.6,269.3,268.6,269.3,270.81381153515184,274.1766437830967,279.9360756365379,272.5459492727335,Down,11
2026-02-16 13:40:00,269.3,269.3,269.0,269.1,270.65801048650167,273.9775597131714,279.82825398841317,272.5459492727335,Down,14
2026-02-16 13:50:00,269.1,270.0,269.0,270.0,270.59819135136513,273.8215769793215,279.7304604163892,272.5459492727335,Down,20
2026-02-16 14:00:00,270.0,270.3,269.9,270.3,270.57108304669555,273.6834759213089,279.6366249893604,272.5459492727335,Down,40
2026-02-16 14:10:00,270.3,270.3,269.7,269.7,270.4918936788141,273.5272611792968,279.53775309891904,272.5459492727335,Down,11
2026-02-16 14:20:00,269.7,269.7,269.3,269.6,270.41081243528555,273.37325093697143,279.43886998350695,272.5459492727335,Down,11
2026-02-16 14:30:00,269.6,270.2,269.6,270.1,270.3825567593505,273.2448881551294,279.3459459040691,272.5459492727335,Down,7
2026-02-16 14:40:00,270.1,270.1,270.0,270.1,270.3568697812277,273.1215592078694,279.2539464423371,272.5459492727335,Down,3
2026-02-16 14:50:00,269.9,269.9,269.7,269.7,270.29715434657066,272.9873804154039,279.1588822986323,272.4666042701197,Down,8
2026-02-16 15:00:00,269.7,270.0,269.7,270.0,270.2701403150642,272.8702282422508,279.067749141432,272.3832766091998,Down,4
2026-02-16 15:10:00,270.0,270.0,269.6,269.7,270.2183093773311,272.7459055660841,278.9745377071889,272.2484332810907,Down,7
2026-02-16 15:20:00,269.7,269.9,269.7,269.9,270.1893721612101,272.63430142623764,278.8842437996547,272.0985757100824,Down,3
2026-02-16 15:30:00,269.9,270.1,269.7,269.7,270.14488378291827,272.5192307820715,278.7928582892104,272.0985757100824,Down,26
2026-02-16 15:40:00,269.7,270.5,269.7,270.5,270.1771670753802,272.44004526120597,278.7103422863327,272.0985757100824,Down,11
2026-02-16 15:50:00,270.5,271.1,270.5,271.0,270.2519700685275,272.38357289802144,278.63362246258816,272.0985757100824,Down,7
2026-02-16 16:00:00,271.0,271.0,270.6,270.9,270.31088188047954,272.3253935686873,278.55667099529876,272.0985757100824,Down,4
2026-02-16 16:10:00,270.9,270.9,270.3,270.4,270.31898352770867,272.2498879385427,278.4755100898729,272.0985757100824,Down,18
2026-02-16 16:20:00,270.4,270.9,270.4,270.9,270.3718032070079,272.1969511566391,278.4001318800234,272.0985757100824,Down,8
2026-02-16 16:30:00,270.9,270.9,270.6,270.9,270.41982109727985,272.146090326967,278.32550370211277,272.0985757100824,Down,15
2026-02-16 16:40:00,270.9,270.9,270.2,270.2,270.39983736116346,272.06977305924283,278.24465291900714,272.0985757100824,Down,9
2026-02-16 16:50:00,270.2,270.4,270.0,270.0,270.3634885101486,271.98860548829214,278.16261657155434,272.0985757100824,Down,5
2026-02-16 17:00:00,270.0,270.0,270.0,270.0,270.3304441001351,271.9106209593395,278.08139650616573,271.96188484630284,Down,14
2026-02-16 17:10:00,270.0,270.5,269.8,270.5,270.3458582728501,271.8553024903458,278.00595972500986,271.96188484630284,Down,21
2026-02-16 17:20:00,270.5,271.0,270.3,271.0,270.40532570259097,271.8217612162146,277.93624868297,271.96188484630284,Down,14
2026-02-16 17:30:00,271.0,271.0,271.0,271.0,270.4593870023554,271.789535286167,277.8672312831395,271.96188484630284,Down,0
2026-02-16 17:40:00,271.0,271.0,270.7,271.0,270.5085336385049,271.75857311808204,277.79890062360585,271.96188484630284,Down,7
2026-02-16 17:50:00,271.0,271.0,270.0,271.0,270.5532123986408,271.72882515266707,277.7312498711322,271.96188484630284,Down,2
2026-02-16 18:00:00,271.0,271.0,269.7,270.1,270.51201127149164,271.66494965648405,277.6553170365936,271.96188484630284,Down,17
2026-02-16 18:10:00,270.1,270.9,270.1,270.5,270.51091933771966,271.6192653562298,277.5841198521499,271.96188484630284,Down,8
2026-02-16 18:20:00,270.5,270.9,269.9,270.9,270.5462903070179,271.59105887167175,277.5176111969047,271.96188484630284,Down,10
2026-02-16 18:30:00,270.9,271.7,270.8,271.0,270.58753664274354,271.5678800923905,277.4527593441992,271.96188484630284,Down,75
2026-02-16 18:40:00,271.0,271.2,270.8,270.8,270.6068514934032,271.5377671475909,277.38656273380917,271.96188484630284,Down,7
2026-02-16 18:50:00,270.8,272.0,270.8,271.8,270.7153195394574,271.5480507888619,277.3309750449156,271.96188484630284,Down,13
2026-02-16 19:00:00,271.8,272.8,271.6,271.9,270.82301776314307,271.56185271871044,277.2769354922298,271.96188484630284,Down,57
2026-02-16 19:10:00,271.9,272.1,271.6,271.9,270.92092523922094,271.5751133964081,277.22343364653597,271.96188484630284,Down,9
2026-02-16 19:20:00,271.9,271.9,271.2,271.9,271.00993203565537,271.5878540475294,277.1704641575157,271.96188484630284,Down,8
2026-02-16 19:30:00,271.9,272.9,271.5,272.6,271.15448366877763,271.6275460456655,277.1249869022171,269.2550379684306,Up,20
2026-02-16 19:40:00,272.6,273.2,272.4,272.6,271.2858942443433,271.6656814948551,277.0799621569214,269.6878614633088,Up,37
2026-02-16 19:50:00,272.6,273.4,272.5,273.4,271.47808567667573,271.73369398525296,277.0433456180466,269.7935104211899,Up,16
2026-02-16 20:00:00,273.4,273.7,272.9,272.9,271.60735061515976,271.77943147602736,277.00211829846404,270.1395549283544,Up,30
2026-02-16 20:10:00,272.9,273.6,272.6,273.2,271.75213692287247,271.83514004559487,276.96428627559374,270.1395549283544,Up,12
2026-02-16 20:20:00,273.2,273.6,272.9,273.6,271.92012447533864,271.9043502398853,276.93081079026445,270.1395549283544,Up,26
2026-02-16 20:30:00,273.6,273.8,273.3,273.3,272.04556770485334,271.959081603027,276.89468331971455,270.46176177937974,Up,14
2026-02-16 20:40:00,273.3,273.3,272.9,273.0,272.1323342771394,271.9999019323201,276.8559302518567,270.46176177937974,Up,14
2026-02-16 20:50:00,273.0,273.0,272.5,273.0,272.21121297921763,272.03912146438597,276.8175627866641,270.46176177937974,Up,9
2026-02-16 21:00:00,273.0,273.0,272.5,272.5,272.23746634474327,272.0571951324493,276.7746019629162,270.46176177937974,Up,9
2026-02-16 21:10:00,272.5,272.8,272.3,272.8,272.2886057679484,272.08632473509834,276.73505368467823,270.46176177937974,Up,6
2026-02-16 21:20:00,272.8,273.0,272.7,273.0,272.35327797086217,272.1221551376435,276.6978889713979,270.46176177937974,Up,11
2026-02-16 21:30:00,273.0,273.0,272.0,272.2,272.3393436098747,272.12520787734377,276.65313385725466,270.46176177937974,Up,8
2026-02-16 21:40:00,272.0,273.0,271.9,272.5,272.35394873624966,272.13990560764404,276.61180914225713,270.46176177937974,Up,42
2026-02-16 21:50:00,272.5,272.5,271.7,271.7,272.29449885113604,272.12265440734427,276.5629354194486,270.46176177937974,Up,6
2026-02-16 22:00:00,271.7,273.0,271.7,273.0,272.35863531921456,272.1570601168602,276.52748332572276,270.46176177937974,Up,12
2026-02-16 22:10:00,273.0,273.5,272.7,273.4,272.4533048356496,272.2058028573755,276.4963640886509,270.46176177937974,Up,22
2026-02-16 22:20:00,273.4,273.4,272.6,272.6,272.46664075968147,272.221261568851,276.4575942967241,270.46176177937974,Up,23
2026-02-16 22:30:00,272.6,272.8,272.4,272.6,272.47876432698314,272.23611405634705,276.41921027387116,270.46176177937974,Up,13
2026-02-16 22:40:00,272.6,272.9,272.5,272.6,272.48978575180286,272.25038409335303,276.3812081815939,270.46176177937974,Up,7
2026-02-16 22:50:00,272.6,273.0,272.6,272.9,272.52707795618437,272.27585922694703,276.3465692942148,270.46176177937974,Up,6
2026-02-16 23:00:00,272.9,272.9,272.8,272.8,272.55188905107667,272.2964137670668,276.3112800475062,270.46176177937974,Up,2
2026-02-16 23:10:00,272.8,272.8,272.5,272.5,272.54717186461517,272.3043975409073,276.2733568629539,270.46176177937974,Up,8
2026-02-16 23:20:00,272.5,273.8,272.2,273.4,272.6247016951047,272.3473623432247,276.24476624740214,270.46176177937974,Up,27
2026-02-16 23:30:00,273.4,274.2,273.4,273.8,272.7315469955497,272.40432852584337,276.2204402150897,270.9904238489212,Up,40
2026-02-16 23:40:00,273.8,274.5,273.5,274.5,272.8923154504997,272.4865117209083,276.20332140697934,271.08220349901933,Up,63
2026-02-16 23:50:00,274.5,275.0,274.1,274.6,273.04755950045427,272.56939361420604,276.1873679601437,271.5701849991085,Up,45
2026-02-17 00:00:00,274.6,276.0,274.6,275.9,273.30687227314024,272.70000562933524,276.18450857745574,272.0819863628259,Up,34
2026-02-17 09:00:00,274.2,274.5,273.9,274.5,273.41533843012746,272.7705936438711,276.1677472980781,272.0819863628259,Up,1
2026-02-17 09:10:00,274.5,278.0,274.5,277.8,273.81394402738863,272.96782526568006,276.1839886184952,272.0819863628259,Up,56
2026-02-17 09:20:00,277.8,277.8,276.7,277.2,274.12176729762604,273.13379290232007,276.19409818448037,272.6741820907783,Up,50
2026-02-17 09:30:00,276.9,277.4,276.7,277.4,274.4197884523873,273.30109514144476,276.2060972075204,272.6741820907783,Up,15
2026-02-17 09:40:00,277.4,278.3,277.4,277.8,274.72708041126117,273.4775227829567,276.2219569367988,273.50965462047793,Up,31
2026-02-17 09:50:00,277.8,277.8,277.2,277.6,274.9882549193283,273.63918855617413,276.2356688080744,273.50965462047793,Up,20
2026-02-17 10:00:00,277.6,277.7,277.2,277.2,275.1893226539348,273.7788282206379,276.2452641433175,273.50965462047793,Up,10
2026-02-17 10:10:00,277.2,277.5,277.1,277.3,275.381202412668,273.916913388456,276.2557590274636,273.547974921471,Up,10
2026-02-17 10:20:00,277.3,277.5,277.3,277.4,275.5647294660618,274.05350502028125,276.26714450977744,273.9163408377009,Up,2
2026-02-17 10:30:00,277.4,277.4,277.3,277.3,275.72248133278345,274.18081854889766,276.2774216788344,274.14667348881903,Up,3
2026-02-17 10:40:00,277.3,277.4,277.3,277.4,275.8749830298031,274.30706095874484,276.28859161237835,274.4015213534719,Up,5
2026-02-17 10:50:00,277.4,278.1,277.4,278.1,276.077257299821,274.45580366624506,276.3066155764343,274.8150194122471,Up,14
2026-02-17 11:00:00,278.1,278.1,277.1,277.5,276.2065975452918,274.5751839146276,276.3184900483106,274.8150194122471,Up,8
2026-02-17 11:10:00,277.5,278.4,277.5,278.0,276.36963413208343,274.70949042777943,276.335221490616,274.86654496879925,Up,25
2026-02-17 11:20:00,278.0,278.0,276.3,276.5,276.3814855746213,274.77970648943517,276.336861077774,274.86654496879925,Up,26
2026-02-17 11:30:00,276.5,277.7,276.5,277.6,276.4922596132921,274.8903062349475,276.34942962426385,274.86654496879925,Up,16
2026-02-17 11:40:00,277.6,278.2,277.6,277.8,276.61114510299285,275.0044118727927,276.3638631603408,274.86654496879925,Up,17
2026-02-17 11:50:00,277.8,278.8,277.6,277.6,276.7010410027208,275.10619964248707,276.37616302939216,274.86654496879925,Up,25
2026-02-17 12:00:00,277.6,278.2,277.5,277.5,276.77367363883707,275.2000741663111,276.38734548681117,274.86654496879925,Up,9
2026-02-17 12:10:00,277.5,277.6,277.5,277.6,276.8487942171246,275.2941889048871,276.39941170087275,274.86654496879925,Up,3
2026-02-17 12:20:00,277.6,277.6,277.4,277.5,276.9079947428405,275.3806913007739,276.4103628282273,274.86654496879925,Up,5
2026-02-17 12:30:00,277.5,277.5,277.2,277.2,276.93454067530956,275.4520367399592,276.4182199145136,274.86654496879925,Up,4
2026-02-17 12:40:00,277.2,277.4,276.3,276.3,276.8768551593723,275.4852902011373,276.41704359695626,274.86654496879925,Up,16
2026-02-17 12:50:00,276.3,277.3,276.3,277.3,276.91532287215665,275.5564552912888,276.4258292328075,274.86654496879925,Up,3
2026-02-17 13:00:00,277.3,278.0,277.3,277.6,276.97756624741515,275.63659429947353,276.43751252402336,274.86654496879925,Up,5
2026-02-17 13:10:00,277.6,278.0,277.6,278.0,277.0705147703774,275.72927687596473,276.4530596630878,274.8877847187466,Up,6
2026-02-17 13:20:00,278.0,279.0,278.0,279.0,277.2459225185249,275.8575405278877,276.47840235300737,275.4888951988605,Up,35
2026-02-17 13:30:00,279.0,279.0,278.2,278.2,277.3326568350226,275.94940168365684,276.4955326778531,275.57172290805505,Up,4
2026-02-17 13:40:00,278.2,278.2,277.3,277.4,277.3387789409296,276.0062878921409,276.5045323527003,275.57172290805505,Up,7
2026-02-17 13:50:00,277.4,277.4,276.4,276.4,277.2534354008451,276.02172758264516,276.5034922297879,275.57172290805505,Up,8
2026-02-17 14:00:00,276.4,276.7,276.4,276.4,277.1758503644046,276.03656179509045,276.50246245635725,275.57172290805505,Up,23
2026-02-17 14:10:00,276.4,276.7,276.3,276.6,277.1235003312769,276.05865741096926,276.5034329791796,275.57172290805505,Up,12
2026-02-17 14:20:00,276.6,276.7,276.5,276.7,277.0850003011608,276.0838081007352,276.50538886993405,275.57172290805505,Up,8
2026-02-17 14:30:00,276.7,276.9,276.5,276.9,277.06818209196433,276.1158156261966,276.50931534884023,275.57172290805505,Up,10
2026-02-17 14:40:00,276.9,277.2,276.9,277.0,277.06198371996754,276.15048952320853,276.5141977831801,275.57172290805505,Up,9
2026-02-17 14:50:00,277.0,277.5,276.9,277.3,277.08362156360687,276.19556836543563,276.5220167107107,275.57172290805505,Up,8
2026-02-17 15:00:00,277.3,278.0,277.3,277.3,277.1032923305517,276.23887940992836,276.52975783796734,275.57172290805505,Up,13
2026-02-17 15:10:00,277.3,277.3,276.9,277.1,277.1029930277743,276.27264884483316,276.5354318893309,275.57172290805505,Up,7
2026-02-17 15:20:00,277.1,277.6,277.0,277.6,277.1481754797948,276.3247018313103,276.54602460685,275.57172290805505,Up,7
2026-02-17 15:30:00,277.6,277.6,277.3,277.3,277.1619777089044,276.3629488183177,276.55352684956796,275.57172290805505,Up,9
2026-02-17 15:40:00,277.3,278.0,277.3,277.9,277.2290706444585,276.4232253352464,276.5669245923583,275.57172290805505,Up,10
2026-02-17 15:50:00,277.9,278.0,277.6,277.9,277.290064222235,276.4811380671975,276.58018902427517,275.57172290805505,Up,27
2026-02-17 16:00:00,277.9,279.0,277.9,279.0,277.4455129293045,276.57991696652306,276.6042667454267,275.98763793797957,Up,49
2026-02-17 16:10:00,279.0,279.3,278.3,278.3,277.523193572095,276.64737120313004,276.62113971313386,276.19785267089054,Up,16
2026-02-17 16:20:00,278.3,279.3,278.3,279.3,277.6847214291773,276.7513958618308,276.6477950393714,276.19785267089054,Up,8
2026-02-17 16:30:00,279.3,279.5,278.7,279.5,277.84974675379755,276.85918425940605,276.67617518823334,276.32797741395916,Up,15
2026-02-17 16:40:00,279.5,279.5,279.2,279.2,277.97249704890686,276.9509809551156,276.70128787292754,276.7208885581447,Up,11
2026-02-17 16:50:00,279.2,281.1,279.2,281.0,278.2477245899153,277.1097660156993,276.7440611279233,277.0689895983133,Up,63
2026-02-17 17:00:00,281.0,281.0,280.1,280.8,278.4797496271957,277.25448107390713,276.7844187286405,277.42180872573937,Up,59
2026-02-17 17:10:00,280.8,280.8,278.9,279.6,278.5815905701779,277.3464622082637,276.8124344626839,277.42180872573937,Up,29
2026-02-17 17:20:00,279.6,281.7,279.6,281.3,278.82871870016174,277.5015029059789,276.85708685609,277.42180872573937,Up,42
2026-02-17 17:30:00,281.3,282.4,280.1,280.1,278.94428972741974,277.60340475280327,276.8893546485667,277.42180872573937,Up,62
2026-02-17 17:40:00,280.1,280.9,280.1,280.5,279.0857179340179,277.71699672328157,276.925281467984,277.42180872573937,Up,20
2026-02-17 17:50:00,280.5,280.8,280.5,280.7,279.2324708491072,277.83397724393717,276.9628408563623,277.42180872573937,Up,17
2026-02-17 18:00:00,280.7,280.7,280.0,280.2,279.3204280446429,277.9267624500573,276.99505139510495,277.42180872573937,Up,17
2026-02-17 18:10:00,280.2,281.0,279.5,280.9,279.4640254951299,278.04336000103547,277.03390660510394,277.42180872573937,Up,36
2026-02-17 18:20:00,280.9,280.9,278.5,279.1,279.4309322682999,278.08479686373994,277.0544647483367,277.42180872573937,Up,31
2026-02-17 18:30:00,279.1,279.7,278.8,279.4,279.428120243909,278.13637345731877,277.07780340755727,277.42180872573937,Up,20
2026-02-17 18:40:00,279.4,279.4,277.1,277.5,279.2528365853718,278.1114176354631,277.0820043686761,277.42180872573937,Up,46
2026-02-17 18:50:00,277.5,277.7,277.0,277.2,279.06621507761076,278.07567576740576,277.08317845455997,281.8720225860409,Down,31
2026-02-17 19:00:00,277.2,278.6,277.0,277.0,278.8783773432825,278.0334924039781,277.08235080824596,281.8720225860409,Down,44
2026-02-17 19:10:00,277.0,277.3,276.3,277.2,278.7257975848023,278.0008064273515,277.0835214469699,281.6258864481875,Down,37
2026-02-17 19:20:00,277.2,277.8,275.4,275.6,278.4416341680021,277.90665715569065,277.0687600395374,281.6258864481875,Down,37
2026-02-17 19:30:00,275.6,276.0,274.5,274.7,278.10148560727464,277.78090589468314,277.0451902879002,280.57717888279956,Down,70
2026-02-17 19:40:00,274.7,274.7,271.9,272.9,277.62862327934056,277.58949782038184,277.00394461339374,279.16107171163594,Down,89
2026-02-17 19:50:00,272.9,273.8,272.0,273.0,277.2078393448551,277.40951751370017,276.96410436848436,278.8827924651236,Down,87
2026-02-17 20:00:00,273.0,273.8,272.5,273.8,276.8980357680501,277.26796780728057,276.9326207429273,278.8827924651236,Down,30
2026-02-17 20:10:00,273.8,273.8,273.0,273.6,276.598214334591,277.1241259324853,276.89946033752506,278.8827924651236,Down,20
2026-02-17 20:20:00,273.6,274.5,273.6,274.4,276.39837666781,277.0172974645447,276.8745900854104,278.8827924651236,Down,33
2026-02-17 20:30:00,274.4,274.4,273.0,273.3,276.11670606164546,276.87152109338604,276.83902202485905,278.8827924651236,Down,21
2026-02-17 20:40:00,273.3,275.3,273.3,275.2,276.0333691469504,276.80597124658664,276.8227133479948,278.8827924651236,Down,23
2026-02-17 20:50:00,275.2,276.2,275.2,275.4,275.97579013359126,276.75083511926954,276.80855699627347,278.8827924651236,Down,39
2026-02-17 21:00:00,275.6,275.6,273.9,274.0,275.7961728487193,276.6429592322394,276.7806111555145,278.8827924651236,Down,34
2026-02-17 21:10:00,274.0,275.4,274.0,275.1,275.73288440792663,276.58245102705354,276.7638886564547,278.8827924651236,Down,8
2026-02-17 21:20:00,275.1,275.3,274.3,275.2,275.68444037084237,276.52823726128673,276.748327575296,278.8827924651236,Down,8
2026-02-17 21:30:00,275.2,275.2,274.4,274.7,275.5949457916749,276.4565416824127,276.7279462063876,278.8827924651236,Down,27
2026-02-17 21:40:00,274.7,274.7,273.9,274.3,275.4772234469772,276.3719714203573,276.7037875376674,278.8827924651236,Down,20
2026-02-17 21:50:00,274.3,274.7,274.3,274.7,275.40656676997924,276.3064039136766,276.683849353213,278.8827924651236,Down,6
2026-02-17 22:00:00,274.7,275.6,274.6,275.6,275.424151609072,276.27870179941476,276.6730647825343,278.8827924651236,Down,30
2026-02-17 22:10:00,275.6,276.4,275.5,276.2,275.4946832809745,276.2756154543397,276.66835767027027,278.8827924651236,Down,38
2026-02-17 22:20:00,276.2,276.2,275.0,275.6,275.50425752815863,276.24912073064013,276.6577272456905,278.8827924651236,Down,8
2026-02-17 22:30:00,275.6,275.6,275.0,275.0,275.4584159346897,276.2001356039484,276.64123244722595,278.8827924651236,Down,14
2026-02-17 22:40:00,275.0,275.8,274.7,274.7,275.38946903153607,276.1413067567347,276.6219167014824,278.8827924651236,Down,27
2026-02-17 22:50:00,274.7,274.7,274.0,274.0,275.2631536650328,276.0573339427451,276.59582797808457,278.63175830101056,Down,12
2026-02-17 23:00:00,274.0,275.8,274.0,275.4,275.2755942409389,276.03155614106885,276.583929192233,278.63175830101056,Down,25
2026-02-17 23:10:00,275.4,275.4,274.0,274.4,275.1959947644899,275.9675735473014,276.5621985535043,278.63175830101056,Down,18
2026-02-17 23:20:00,274.4,274.6,274.0,274.0,275.0872679677181,275.8904138003484,276.53670404053406,278.63175830101056,Down,16
2026-02-17 23:30:00,274.0,275.0,273.3,273.9,274.9793345161074,275.8123583571975,276.51046817943427,278.63175830101056,Down,81
2026-02-17 23:40:00,273.9,274.5,272.7,273.0,274.79939501464304,275.70206979417014,276.47553814779815,278.48503039472627,Down,83
2026-02-17 23:50:00,273.0,273.0,271.6,272.7,274.60854092240277,275.5843415669478,276.4379706040389,277.2500276315693,Down,89
2026-02-18 00:00:00,272.7,273.0,272.7,272.7,274.43503720218433,275.4712301329498,276.4007768666853,277.2500276315693,Down,9
2026-02-18 09:00:00,270.6,271.1,270.6,271.0,274.12276109289485,275.29588777479495,276.34703779338497,275.80374184427217,Down,4
2026-02-18 09:10:00,271.0,272.3,271.0,271.5,273.884328266268,275.14702943068534,276.29880856161,275.80374184427217,Down,59
2026-02-18 09:20:00,271.5,271.6,271.1,271.3,273.64938933297094,274.9961655314428,276.24906917293725,275.80374184427217,Down,26
2026-02-18 09:30:00,271.3,271.9,271.3,271.8,273.48126302997355,274.87082570668036,276.20479982793296,275.80374184427217,Down,13
2026-02-18 09:40:00,271.8,271.9,271.5,271.5,273.30114820906687,274.7386364632811,276.1579858992968,275.80374184427217,Down,16
2026-02-18 09:50:00,271.5,271.9,271.5,271.9,273.1737710991517,274.62731738628975,276.11561788039836,275.6933672217323,Down,14
2026-02-18 10:00:00,271.9,271.9,271.1,271.1,272.98524645377427,274.48899121427837,276.06571123482223,275.42124292884756,Down,20
2026-02-18 10:10:00,271.1,271.3,270.5,270.5,272.7593149579766,274.3325601862675,276.0103310235305,274.7556753898614,Down,21
2026-02-18 10:20:00,270.5,270.8,270.4,270.4,272.5448317799787,274.1783421397472,275.95450683424167,274.2506139907831,Down,16
2026-02-18 10:30:00,270.4,270.8,270.3,270.8,272.3862107090716,274.04585813426695,275.90321820902534,274.0505581734392,Down,27
2026-02-18 10:40:00,270.8,270.9,270.6,270.7,272.2329188264287,273.91464801135453,275.8514448935126,274.04141652130835,Down,13
2026-02-18 10:50:00,270.7,270.7,270.4,270.4,272.06628984220794,273.77681867757593,275.7972016607414,273.6512877466439,Down,5
2026-02-18 11:00:00,270.4,270.9,270.4,270.7,271.9420816747345,273.65615912159257,275.7464832362564,273.6511706787672,Down,9
2026-02-18 11:10:00,270.7,270.8,270.6,270.7,271.82916515884955,273.5402313129027,275.69626947271155,273.5010642534248,Down,11
2026-02-18 11:20:00,270.7,271.3,270.7,271.3,271.7810592353178,273.45237910455353,275.65252549785873,273.5010642534248,Down,13
2026-02-18 11:30:00,271.3,271.5,271.3,271.3,271.73732657756165,273.36797208084556,275.6092167864373,273.5010642534248,Down,8
2026-02-18 11:40:00,271.3,271.3,271.2,271.3,271.6975696159651,273.2868751364987,275.5663390074678,273.5010642534248,Down,4
2026-02-18 11:50:00,271.3,271.4,270.7,271.4,271.67051783269557,273.21288003310656,275.52488289794076,273.47479629357605,Down,11
2026-02-18 12:00:00,271.4,271.4,271.0,271.4,271.6459253024505,273.1417866984749,275.483839287016,273.47479629357605,Down,7
2026-02-18 12:10:00,271.4,271.6,271.4,271.4,271.62356845677317,273.07348133775037,275.4432040702298,273.47479629357605,Down,5
2026-02-18 12:20:00,271.4,271.6,271.4,271.6,271.62142586979377,273.0156977558778,275.4049632337101,273.47479629357605,Down,2
2026-02-18 12:30:00,271.6,271.6,271.2,271.2,271.5831144270852,272.94449392231394,275.36312280352394,273.43712607989625,Down,2
2026-02-18 12:40:00,271.2,271.2,270.7,271.0,271.5301040246229,272.8682392586938,275.319708646275,272.98375098172386,Down,6
2026-02-18 12:50:00,271.0,271.1,270.4,270.4,271.4273672951117,272.77144556227444,275.27075632143647,272.85340998338535,Down,11
2026-02-18 13:00:00,270.4,271.2,270.4,270.8,271.370333904647,272.694133971597,275.2262711839098,272.85340998338535,Down,9
2026-02-18 13:10:00,270.8,270.8,270.8,270.8,271.3184853678609,272.619854208005,275.1822286845674,272.8028181680871,Down,3
2026-02-18 13:20:00,270.8,270.8,270.5,270.5,271.24407760714627,272.5367226704362,275.1356393444225,272.579834698261,Down,16
2026-02-18 13:30:00,270.5,270.6,270.4,270.4,271.16734327922387,272.45292962453675,275.08851855492577,272.32712245296455,Down,7
2026-02-18 13:40:00,270.4,270.6,270.4,270.6,271.11576661747625,272.38026571769217,275.0438566787573,272.2337476845132,Down,8
2026-02-18 13:50:00,270.6,270.6,270.5,270.5,271.0597878340693,272.30652980719447,274.9986441744911,272.16249789501205,Down,7
2026-02-18 14:00:00,270.7,270.9,270.5,270.6,271.017988940063,272.23960706965744,274.95487657076484,272.16249789501205,Down,10
2026-02-18 14:10:00,270.4,270.6,270.1,270.2,270.94362630914816,272.1596224786905,274.9075643660806,271.9966924752166,Down,14
2026-02-18 14:20:00,270.2,270.6,270.1,270.6,270.91238755377105,272.0984608128595,274.86470302910465,271.9966924752166,Down,4
2026-02-18 14:30:00,270.6,270.6,270.5,270.5,270.8748977761555,272.03577607510033,274.82127314821804,271.9966924752166,Down,2
2026-02-18 14:40:00,270.5,270.5,269.5,269.5,270.7499070692322,271.9363338760768,274.7683251566935,271.7841416042198,Down,81
2026-02-18 14:50:00,269.5,269.9,269.3,269.6,270.64537006293835,271.84471293976003,274.7168990357314,271.4401287311089,Down,18
2026-02-18 15:00:00,269.6,269.9,269.6,269.9,270.57760914812576,271.7684496872204,274.6689696920923,271.4401287311089,Down,12
2026-02-18 15:10:00,269.9,269.9,269.8,269.8,270.50691740738705,271.69125558183924,274.62052223246945,271.4401287311089,Down,4
2026-02-18 15:20:00,269.8,270.3,269.8,270.3,270.4881067339882,271.63669653941423,274.57753196149963,271.4401287311089,Down,3
2026-02-18 15:30:00,270.3,270.5,270.2,270.5,270.4891879399893,271.59212020453526,274.5369595041713,271.4401287311089,Down,6
2026-02-18 15:40:00,270.5,270.5,270.0,270.2,270.462898127263,271.53752725533786,274.49380567825915,271.4401287311089,Down,13
2026-02-18 15:50:00,270.2,270.2,270.2,270.2,270.4389982975118,271.48507520610895,274.4510812436496,271.4401287311089,Down,2
2026-02-18 16:00:00,270.2,270.5,270.0,270.5,270.44454390682887,271.4464448058694,274.41176700241925,271.4401287311089,Down,6
2026-02-18 16:10:00,270.5,270.8,270.3,270.8,270.47685809711714,271.42109402916867,274.3758290222957,271.4401287311089,Down,49
2026-02-18 16:20:00,270.8,270.9,270.1,270.3,270.4607800882883,271.3771295574366,274.33527350963607,271.4401287311089,Down,26
2026-02-18 16:30:00,270.3,270.8,270.3,270.6,270.47343644389844,271.34665388851755,274.29810660904263,271.4401287311089,Down,9
2026-02-18 16:40:00,270.6,270.6,270.1,270.3,270.4576694944531,271.30560863798746,274.2583244537288,271.4401287311089,Down,4
2026-02-18 16:50:00,270.3,270.4,270.3,270.3,270.4433359040483,271.2661730051252,274.2189381407564,271.4401287311089,Down,3
2026-02-18 17:00:00,270.3,270.7,270.3,270.7,270.46666900368024,271.24397014217914,274.1839238308981,271.4401287311089,Down,45
2026-02-18 17:10:00,270.7,271.1,270.5,271.1,270.5242445488002,271.23832425425053,274.15323802163545,271.4401287311089,Down,36
2026-02-18 17:20:00,271.1,272.0,271.0,271.9,270.64931322618196,271.26427232271135,274.1308177428132,269.5650351362853,Up,25
2026-02-18 17:30:00,271.9,271.9,270.0,270.0,270.5902847510745,271.21469301593834,274.0897150787056,269.5650351362853,Up,60
2026-02-18 17:40:00,270.0,270.0,269.4,269.7,270.50934977370406,271.1552932898231,274.0460363217036,269.5650351362853,Up,52
2026-02-18 17:50:00,269.7,269.8,268.5,268.5,270.32668161245823,271.05116414120255,273.9908518806916,271.84584137018385,Down,73
2026-02-18 18:00:00,268.5,269.1,268.1,268.5,270.1606196476893,270.95111848860637,273.93621653859515,271.4144012456217,Down,58
2026-02-18 18:10:00,268.5,268.7,267.8,268.2,269.9823814978994,270.84323148905315,273.8791397571166,271.1358193142015,Down,67
2026-02-18 18:20:00,268.2,268.5,268.0,268.2,269.82034681627215,270.7395753522275,273.82263090381196,271.05529028563774,Down,43
2026-02-18 18:30:00,268.2,268.2,266.0,267.1,269.5730425602474,270.59684690704216,273.7557390540228,270.45026389603436,Down,132
2026-02-18 18:40:00,267.1,268.1,266.8,268.1,269.43912960022493,270.49893134206013,273.699463043535,270.45026389603436,Down,52
2026-02-18 18:50:00,268.1,269.4,267.9,269.4,269.43557236384083,270.45583599531267,273.6566823167336,270.45026389603436,Down,35
2026-02-18 19:00:00,269.4,270.0,268.6,269.2,269.4141566944008,270.4065875249083,273.6123372190547,270.45026389603436,Down,38
2026-02-18 19:10:00,268.6,268.6,266.1,268.1,269.29468790400074,270.31613311216677,273.55748809249695,270.45026389603436,Down,64
2026-02-18 19:20:00,268.1,269.1,268.0,268.7,269.24062536727337,270.25275534306223,273.50915487764627,270.45026389603436,Down,38
2026-02-18 19:30:00,268.7,270.8,268.7,269.2,269.2369321520667,270.2114708198049,273.4662777146846,270.45026389603436,Down,69
2026-02-18 19:40:00,269.2,270.8,268.4,270.5,269.3517565018788,270.2227856896165,273.4367625135435,265.7855987543783,Up,41
2026-02-18 19:50:00,270.5,270.5,269.5,269.5,269.3652331835262,270.1944411527688,273.3975907472396,265.7855987543783,Up,17
2026-02-18 20:00:00,269.5,270.9,269.5,270.7,269.48657562138743,270.21426698991513,273.37074904826204,265.7855987543783,Up,23
2026-02-18 20:10:00,270.7,270.7,269.2,270.4,269.5696142012613,270.2215506373695,273.34118935623957,265.7855987543783,Up,89
2026-02-18 20:20:00,270.4,270.8,270.3,270.6,269.6632856375103,270.2363917888452,273.31391384025704,265.7855987543783,Up,22
2026-02-18 20:30:00,270.6,271.0,269.6,269.9,269.68480512500935,270.2231999539885,273.2799445483142,265.7855987543783,Up,22
2026-02-18 20:40:00,269.9,272.0,269.9,270.7,269.7770955681903,270.24189799500857,273.2542734582812,265.7855987543783,Up,54
2026-02-18 20:50:00,270.7,270.7,269.8,270.1,269.80645051653664,270.23633336775333,273.2228876527262,265.7855987543783,Up,42
2026-02-18 21:00:00,270.1,270.3,269.7,270.3,269.8513186513969,270.23883009842973,273.19380419349505,265.7855987543783,Up,45
2026-02-18 21:10:00,270.3,270.3,269.4,269.5,269.819380592179,270.20985636907955,273.157049922913,265.7855987543783,Up,30
2026-02-18 21:20:00,269.5,269.5,269.0,269.4,269.78125508379907,270.1780972957823,273.1196663415905,265.7855987543783,Up,32
2026-02-18 21:30:00,269.4,269.6,268.7,269.0,269.7102318943628,270.1318974018301,273.0786746366991,265.7855987543783,Up,14
2026-02-18 21:40:00,269.0,270.1,269.0,269.2,269.6638471766934,270.0953524056799,273.04008085921953,265.7855987543783,Up,28
2026-02-18 21:50:00,269.2,269.4,268.9,269.2,269.6216792515395,270.0602405466336,273.0018710994263,265.7855987543783,Up,31
2026-02-18 22:00:00,269.2,269.4,269.0,269.2,269.58334477412683,270.02650562323623,272.964041536248,265.7855987543783,Up,18
2026-02-18 22:10:00,269.2,269.4,268.8,269.4,269.566677067388,270.0019367752662,272.9285784363848,265.7855987543783,Up,22
2026-02-18 22:20:00,269.4,269.6,268.8,268.8,269.4969791521709,269.9548019997656,272.8874980539332,265.7855987543783,Up,33
2026-02-18 22:30:00,268.8,269.1,267.8,267.9,269.3517992292463,269.87422152918657,272.8378712076254,265.7855987543783,Up,106
2026-02-18 22:40:00,267.9,268.3,267.5,268.2,269.2470902084057,269.80856578294396,272.79172323541025,265.7855987543783,Up,53
2026-02-18 22:50:00,268.2,268.6,268.0,268.0,269.1337183712779,269.7376416345932,272.74404439724697,265.7855987543783,Up,27
2026-02-18 23:00:00,268.0,268.3,267.1,267.6,268.99428942843446,269.6538125508837,272.69285987588137,265.7855987543783,Up,100
2026-02-18 23:10:00,267.6,267.8,266.7,266.8,268.79480857130403,269.54189833320197,272.63422445423083,265.7855987543783,Up,106
2026-02-18 23:20:00,266.8,267.4,266.8,267.0,268.6316441557309,269.44221604562546,272.5781625193629,265.7855987543783,Up,51
2026-02-18 23:30:00,267.0,267.5,266.8,267.3,268.510585596119,269.358207573248,272.52564348931946,265.7855987543783,Up,67
2026-02-18 23:40:00,267.3,267.5,267.1,267.5,268.41871417829,269.28533668802265,272.47563708644066,265.7855987543783,Up,28
2026-02-18 23:50:00,267.5,268.4,267.2,268.3,268.4079219802636,269.24669603359035,272.4340884587149,265.7855987543783,Up,62
2026-02-19 00:00:00,268.3,269.5,267.9,268.7,268.43447452751235,269.2252569734496,272.39693334967296,265.7855987543783,Up,52
2026-02-19 09:00:00,273.0,274.4,272.3,272.8,268.8313404795567,269.36544297449075,272.40094396310906,267.77224421456265,Up,27
2026-02-19 09:10:00,272.8,273.2,272.1,272.4,269.15576407232425,269.4844452107852,272.4009345704413,267.77224421456265,Up,141
2026-02-19 09:20:00,272.4,272.9,272.3,272.4,269.45069461120386,269.59878069271525,272.4009252712329,267.77224421456265,Up,65
2026-02-19 09:30:00,272.4,272.9,272.3,272.3,269.7097223738217,269.70471086162837,272.3999210396783,267.77224421456265,Up,35
2026-02-19 09:40:00,272.3,272.6,272.0,272.6,269.97247488529246,269.8182516121528,272.4019118751044,267.77224421456265,Up,50
2026-02-19 09:50:00,272.8,272.8,272.3,272.4,270.1931589866295,269.91949664697034,272.40189285147153,268.0890430450992,Up,22
2026-02-19 10:00:00,272.4,272.9,272.4,272.6,270.41196271511774,270.02461442552055,272.4038640668798,268.4127664046356,Up,23
2026-02-19 10:10:00,272.6,273.0,272.6,272.9,270.63814792283426,270.1373746441276,272.40880074283126,268.8025149133051,Up,15
2026-02-19 10:20:00,272.9,273.0,272.7,272.7,270.8255890207584,270.23786975612256,272.4116982478777,269.10683173936826,Up,29
2026-02-19 10:30:00,272.7,273.0,272.7,273.0,271.023262746144,270.3461885892158,272.4175519966551,269.3380288539712,Up,10
2026-02-19 10:40:00,273.0,273.0,273.0,273.0,271.2029661328582,270.4502596249328,272.423347499176,269.80729895815557,Up,2
2026-02-19 10:50:00,273.0,273.0,272.7,272.7,271.3390601207802,270.53848473768056,272.4261002603782,269.83845359832327,Up,4
2026-02-19 11:00:00,272.8,272.9,272.8,272.9,271.48096374616375,270.63109317934016,272.43081568067294,270.039503271203,Up,4
2026-02-19 11:10:00,272.9,272.9,272.8,272.9,271.609967041967,270.7200699174052,272.43548418136277,270.2586393374573,Up,3
2026-02-19 11:20:00,272.9,272.9,272.0,272.1,271.65451549269727,270.77418482260504,272.43214603030447,270.2586393374573,Up,28
2026-02-19 11:30:00,272.1,272.5,272.0,272.0,271.6859231751793,270.8222560060323,272.42784606980393,270.2586393374573,Up,19
2026-02-19 11:40:00,272.0,272.9,271.5,272.8,271.78720288652664,270.89981459403106,272.431549093985,270.2586393374573,Up,41
2026-02-19 11:50:00,272.8,272.9,272.3,272.3,271.8338208059333,270.9547238256377,272.43024014777615,270.2586393374573,Up,17
2026-02-19 12:00:00,272.3,272.9,272.3,272.9,271.9307461872121,271.03100916580877,272.4349143751615,270.2586393374573,Up,41
2026-02-19 12:10:00,272.9,273.0,272.8,273.0,272.0279510792837,271.1082244926398,272.4405371176972,270.2759721158105,Up,7
2026-02-19 12:20:00,273.0,273.0,272.9,272.9,272.1072282538943,271.1784901988108,272.44510888767036,270.5281564689186,Up,4
2026-02-19 12:30:00,272.9,273.0,272.7,273.0,272.18838932172207,271.24992195572014,272.4506301922707,270.5392331535624,Up,5
2026-02-19 12:40:00,273.0,273.3,272.9,272.9,272.2530812015655,271.3146308986331,272.45510153364114,270.85384832142034,Up,11
2026-02-19 12:50:00,272.9,273.3,272.9,273.2,272.3391647286959,271.3885669418239,272.46251345867955,270.9125893831094,Up,12
2026-02-19 13:00:00,273.2,273.4,273.1,273.1,272.40833157154174,271.4556819637132,272.4688566083445,271.1523539846449,Up,48
2026-02-19 13:10:00,273.1,273.1,272.9,272.9,272.45302870140154,271.5123218867048,272.47314659234104,271.1523539846449,Up,10
2026-02-19 13:20:00,272.9,273.2,272.6,273.2,272.52093518309226,271.5785053421281,272.48037896455656,271.1523539846449,Up,12
2026-02-19 13:30:00,273.2,273.2,272.7,272.9,272.55539562099295,271.63032866204463,272.4845542982426,271.1523539846449,Up,3
2026-02-19 13:40:00,272.9,272.9,272.2,272.2,272.5230869281754,271.6526687145135,272.48172291219043,271.1523539846449,Up,15
2026-02-19 13:50:00,272.2,272.7,272.2,272.7,272.53916993470494,271.6937405296306,272.4838948235119,271.1523539846449,Up,6
2026-02-19 14:00:00,272.7,272.7,272.4,272.6,272.54469994064084,271.7292801167039,272.4850500988999,271.1523539846449,Up,20
2026-02-19 14:10:00,272.6,272.6,272.4,272.6,272.5497272187644,271.7634259944802,272.48619387901033,271.1523539846449,Up,8
2026-02-19 14:20:00,272.6,273.2,272.6,272.8,272.5724792897858,271.804075955481,272.4893163279754,271.1523539846449,Up,9
2026-02-19 14:30:00,272.8,272.8,272.4,272.4,272.55679935435074,271.8274455258543,272.48842760829405,271.1523539846449,Up,2
2026-02-19 14:40:00,272.4,272.4,272.4,272.4,272.5425448675916,271.84989864248746,272.4875477315946,271.1523539846449,Up,0
2026-02-19 14:50:00,272.4,272.4,271.6,271.7,272.4659498796287,271.84402026435066,272.47971143575785,271.1523539846449,Up,23
2026-02-19 15:00:00,271.7,272.2,271.7,272.2,272.44177261784426,271.857980253984,272.47692823739214,271.1523539846449,Up,11
2026-02-19 15:10:00,272.2,272.2,271.8,271.8,272.3834296525857,271.8557065185337,272.47019263304,271.1523539846449,Up,7
2026-02-19 15:20:00,271.8,271.9,271.8,271.8,272.33039059325966,271.8535219491794,272.46352404962676,271.1523539846449,Up,20
2026-02-19 15:30:00,271.8,271.9,271.6,271.9,272.29126417569057,271.8553446178391,272.45791684515285,271.1523539846449,Up,30
2026-02-19 15:40:00,271.9,273.6,271.8,273.4,272.3920583415369,271.9159193387082,272.46729080689266,271.1523539846449,Up,52
2026-02-19 15:50:00,273.4,273.5,273.2,273.4,272.48368940139716,271.9741185803275,272.47657149538134,271.2626647557457,Up,18
2026-02-19 16:00:00,273.4,273.8,273.0,273.7,272.59426309217923,272.04180020462843,272.48874491333777,271.2626647557457,Up,85
2026-02-19 16:10:00,273.7,274.7,273.7,274.7,272.78569372016295,272.1460433338587,272.51074745151357,271.8468303766493,Up,70
2026-02-19 16:20:00,274.7,275.3,274.5,274.6,272.95063065469355,272.24227692860933,272.5315360340856,272.46984579695385,Up,81
2026-02-19 16:30:00,274.6,275.0,274.1,274.8,273.1187551406305,272.34257979415406,272.554107814841,272.46984579695385,Up,34
2026-02-19 16:40:00,274.8,275.2,274.7,274.7,273.2625046733005,272.4350276453637,272.5754599758874,272.46984579695385,Up,13
2026-02-19 16:50:00,274.7,275.7,274.7,275.1,273.4295497030005,272.53953636515337,272.60057977712233,272.574790230619,Up,66
2026-02-19 17:00:00,275.2,276.2,275.0,276.2,273.6814088209095,272.6830839586768,272.63639490371816,272.7770820278355,Up,93
2026-02-19 17:10:00,276.2,276.2,274.9,275.3,273.82855347355405,272.7857081171601,272.66289843701446,272.7770820278355,Up,46
2026-02-19 17:20:00,275.3,275.8,274.9,275.5,273.9805031577764,272.892150936095,272.69112830331284,272.7770820278355,Up,20
2026-02-19 17:30:00,275.5,275.5,274.8,274.8,274.05500287070583,272.9669685464442,272.7121121012898,272.7770820278355,Up,37
2026-02-19 17:40:00,275.2,275.7,275.1,275.2,274.15909351882345,273.054538407368,272.73686720475956,272.7770820278355,Up,15
2026-02-19 17:50:00,275.2,276.3,275.2,276.0,274.32644865347584,273.1700467051183,272.7693361877968,272.7770820278355,Up,54
2026-02-19 18:00:00,276.0,276.0,275.0,275.2,274.40586241225077,273.2496527166823,272.793521897371,272.7770820278355,Up,34
2026-02-19 18:10:00,275.2,275.7,275.1,275.7,274.5235112838643,273.3457447670085,272.8224420774967,272.7770820278355,Up,20
2026-02-19 18:20:00,275.7,275.7,275.1,275.6,274.6213738944221,273.4341469330082,272.85007946976043,272.7770820278355,Up,12
2026-02-19 18:30:00,275.6,276.6,275.6,276.6,274.80124899492915,273.5582980336746,272.88739211185236,272.8787291172082,Up,47
2026-02-19 18:40:00,276.6,276.7,275.8,275.8,274.89204454084467,273.64620791470696,272.91637328486877,272.994299197462,Up,18
2026-02-19 18:50:00,275.8,276.5,275.6,276.2,275.0109495825861,273.7463566239341,272.9490461875069,272.994299197462,Up,26
2026-02-19 19:00:00,276.2,276.2,275.5,275.6,275.0644996205328,273.81904852103474,272.9754238373825,272.994299197462,Up,25
2026-02-19 19:10:00,275.6,276.4,275.4,276.1,275.1586360186662,273.90849759864125,273.0065141474583,272.994299197462,Up,28
2026-02-19 19:20:00,276.1,276.5,275.8,276.5,275.28057819878745,274.0101251437926,273.0412752007174,272.994299197462,Up,32
2026-02-19 19:30:00,276.5,276.6,275.9,276.5,275.3914347261704,274.1077672950164,273.0756903728495,273.02721417281606,Up,19
2026-02-19 19:40:00,276.5,276.6,275.8,275.8,275.42857702379126,274.1741293618785,273.1027979313286,273.02721417281606,Up,22
2026-02-19 19:50:00,275.8,277.5,275.8,277.3,275.5987063852648,274.2967125241578,273.14456113599203,273.10389601059177,Up,42
2026-02-19 20:00:00,277.3,282.0,276.4,276.4,275.67155125933164,274.3791943859555,273.1769535624996,273.93990546417433,Up,1940
2026-02-19 20:10:00,276.4,277.2,275.8,277.2,275.8105011448469,274.48981421395723,273.2169838753106,273.93990546417433,Up,34
2026-02-19 20:20:00,277.2,277.5,276.9,277.5,275.9640919498608,274.6078607153707,273.25960095117813,273.93990546417433,Up,14
2026-02-19 20:30:00,277.5,277.5,276.4,276.4,276.0037199544189,274.6781406873169,273.29084870290774,273.93990546417433,Up,19
2026-02-19 20:40:00,276.4,276.9,275.8,276.9,276.0851999585626,274.7652724250692,273.3267606561127,273.93990546417433,Up,27
2026-02-19 20:50:00,277.0,277.2,276.6,277.2,276.1865454168751,274.8607519378116,273.36530035107677,273.93990546417433,Up,15
2026-02-19 21:00:00,277.2,277.9,273.8,274.2,276.00595037897733,274.8348400971131,273.3736058202203,273.93990546417433,Up,138
2026-02-19 21:10:00,274.2,274.7,272.9,274.7,275.8872276172521,274.82955225016747,273.3868037722579,273.93990546417433,Up,213
2026-02-19 21:20:00,274.7,275.0,272.5,272.8,275.60657056113826,274.74996196584715,273.38096492875286,279.0927279359818,Down,69
2026-02-19 21:30:00,272.8,274.1,272.8,274.1,275.4696096010348,274.7244732613041,273.38811950657623,279.0927279359818,Down,34
2026-02-19 21:40:00,274.1,274.8,274.1,274.7,275.39964509184983,274.7235135255667,273.40117304382426,279.0927279359818,Down,44
2026-02-19 21:50:00,274.7,275.0,273.1,274.2,275.2905864471362,274.7029835833876,273.4091215707514,279.0927279359818,Down,25
2026-02-19 22:00:00,274.2,274.2,272.4,272.9,275.07326040648746,274.63227834482336,273.4040556844753,279.0927279359818,Down,40
2026-02-19 22:10:00,272.9,273.3,272.6,273.3,274.91205491498863,274.5800321352225,273.4030203045303,278.77171402127107,Down,20
2026-02-19 22:20:00,273.3,274.2,273.3,274.2,274.8473226499897,274.56512891423336,273.4109504507539,278.77171402127107,Down,7
2026-02-19 22:30:00,274.2,275.6,274.2,274.4,274.8066569545361,274.55865327053795,273.4207917398011,278.77171402127107,Down,40
2026-02-19 22:40:00,274.4,274.9,274.4,274.9,274.8151426859419,274.5720394167913,273.4355102299523,278.77171402127107,Down,6
2026-02-19 22:50:00,274.9,275.2,274.9,274.9,274.8228569872199,274.5849006161328,273.4500822674652,278.77171402127107,Down,10
2026-02-19 23:00:00,274.9,274.9,273.0,274.0,274.7480518065635,274.5619633370688,273.45555408569936,278.77171402127107,Down,27
2026-02-19 23:10:00,274.0,274.2,273.7,274.0,274.6800470968759,274.53992555914454,273.460971457981,278.77171402127107,Down,24
2026-02-19 23:20:00,274.0,275.0,274.0,275.0,274.7091337244326,274.5579676940801,273.476285174817,278.77171402127107,Down,8
2026-02-19 23:30:00,275.0,275.4,274.7,274.7,274.70830338584784,274.5635375884299,273.4884614417343,278.77171402127107,Down,9
2026-02-19 23:40:00,274.7,275.5,274.2,275.5,274.7802758053162,274.6002616045699,273.50847675077176,278.77171402127107,Down,17
2026-02-19 23:50:00,275.5,275.5,274.2,274.2,274.72752345937835,274.58456507105734,273.51535757912234,278.77171402127107,Down,14
2026-02-20 00:00:00,274.2,275.2,274.0,275.2,274.77047587216214,274.60869977415314,273.5321201902754,278.77171402127107,Down,12
2026-02-20 09:00:00,272.5,273.1,271.5,273.1,274.6186144292383,274.54953507712753,273.5278204868896,277.9387857779222,Down,7
2026-02-20 09:10:00,273.1,273.1,272.0,272.1,274.3896494811257,274.4534748780245,273.51361331786586,277.9387857779222,Down,34
2026-02-20 09:20:00,272.1,272.7,272.1,272.4,274.20877225556876,274.3729464514353,273.5025325883349,277.641971717291,Down,27
2026-02-20 09:30:00,272.4,272.4,271.6,271.8,273.98979295960794,274.27204659059475,273.4855919655654,277.05633792481007,Down,43
2026-02-20 09:40:00,271.8,272.9,271.8,272.8,273.8816299632799,274.2143192733165,273.4787701549628,277.05633792481007,Down,25
2026-02-20 09:50:00,272.8,273.0,272.7,272.8,273.7832999666181,274.15885577240215,273.4720162230726,277.05633792481007,Down,16
2026-02-20 10:00:00,272.8,273.6,272.8,273.4,273.7484545151073,274.1290967225041,273.4712996437386,277.05633792481007,Down,34
2026-02-20 10:10:00,273.4,273.5,273.1,273.2,273.6985950137339,274.0926615569157,273.4686001447959,277.05633792481007,Down,9
2026-02-20 10:20:00,273.1,273.3,273.1,273.3,273.66235910339446,274.06157678997783,273.46692253141487,277.05633792481007,Down,32
2026-02-20 10:30:00,273.3,273.3,272.8,273.1,273.61123554854044,274.0238678962532,273.46327156095305,276.8137585862468,Down,15
2026-02-20 10:40:00,273.1,273.5,273.1,273.5,273.60112322594586,274.00332405718444,273.463637018058,276.8137585862468,Down,6
2026-02-20 10:50:00,273.5,273.5,272.6,272.9,273.53738475085987,273.9600564470988,273.4580286895201,276.6200484183858,Down,8
2026-02-20 11:00:00,272.9,272.9,272.2,272.3,273.4248952280544,273.8949561942714,273.44650601599255,276.0500440167143,Down,23
2026-02-20 11:10:00,272.3,272.7,272.3,272.6,273.34990475277675,273.8441735984176,273.4380830705598,275.8273127424676,Down,21
2026-02-20 11:20:00,272.6,272.6,271.8,271.8,273.20900432070613,273.7640099278915,273.4217837365244,275.51573885678874,Down,54
2026-02-20 11:30:00,271.8,272.4,271.5,272.4,273.1354584733692,273.710519342484,273.41161673417093,275.29158077889883,Down,39
2026-02-20 11:40:00,272.4,272.7,271.7,271.7,273.0049622485175,273.6316754467003,273.3945857218906,275.29158077889883,Down,40
2026-02-20 11:50:00,271.7,272.2,271.5,272.0,272.91360204410677,273.5676881742807,273.38070924704596,275.1967609742966,Down,69
2026-02-20 12:00:00,272.0,272.2,271.7,272.2,272.8487291310061,273.51405334391677,273.3689608963291,275.1743281584514,Down,11
2026-02-20 12:10:00,272.2,273.0,272.2,272.7,272.83520830091464,273.482129683371,273.36230456900245,275.1743281584514,Down,15
2026-02-20 12:20:00,272.7,273.0,272.5,273.0,272.85018936446784,273.4632226369643,273.35869954841536,275.1743281584514,Down,16
2026-02-20 12:30:00,273.0,273.1,272.8,272.9,272.85471760406165,273.4411354747304,273.3541353738043,275.1743281584514,Down,26
2026-02-20 12:40:00,272.9,272.9,272.5,272.7,272.84065236732874,273.4120713384665,273.3476265641147,275.1743281584514,Down,8
2026-02-20 12:50:00,272.7,273.1,272.7,273.1,272.8642294248443,273.3998332467619,273.3451626182032,275.1743281584514,Down,6
2026-02-20 13:00:00,273.1,273.1,272.8,272.8,272.8583903862221,273.3763103743398,273.33973811453944,275.1743281584514,Down,6
2026-02-20 13:10:00,272.8,272.9,272.8,272.8,272.8530821692928,273.353709967503,273.33436758603654,275.1743281584514,Down,2
2026-02-20 13:20:00,272.8,272.8,272.5,272.5,272.82098379026615,273.320231145248,273.3260654210014,274.914759840042,Down,10
2026-02-20 13:30:00,272.5,273.0,272.5,273.0,272.83725799115103,273.3076730611206,273.32282098895166,274.914759840042,Down,18
2026-02-20 13:40:00,273.0,273.0,272.7,272.7,272.8247799919555,273.28384274499825,273.31662376518096,274.914759840042,Down,8
2026-02-20 13:50:00,272.7,272.7,272.5,272.5,272.79525453814136,273.25310381382184,273.3084981555772,274.62371137493767,Down,10
2026-02-20 14:00:00,272.5,272.6,272.5,272.6,272.77750412558305,273.2274918995543,273.3014484226859,274.4261012499433,Down,7
2026-02-20 14:10:00,272.6,272.6,272.2,272.2,272.72500375053005,273.1871980995718,273.29048873688805,274.2510011363121,Down,9
2026-02-20 14:20:00,272.2,272.5,272.1,272.5,272.70454886411824,273.16024915449054,273.282623177317,274.12818285119283,Down,4
2026-02-20 14:30:00,272.5,272.7,272.3,272.6,272.6950444219257,273.1382785994125,273.275830906896,274.12818285119283,Down,21
2026-02-20 14:40:00,272.6,272.6,272.4,272.6,272.6864040199324,273.1171696347297,273.26910622125524,274.12818285119283,Down,16
2026-02-20 14:50:00,272.6,272.7,272.4,272.7,272.68764001812036,273.1008100412109,273.263443472785,274.12818285119283,Down,9
2026-02-20 15:00:00,272.7,272.7,272.4,272.4,272.66149092556395,273.0733272944967,273.25485199544386,274.12818285119283,Down,4
2026-02-20 15:10:00,272.4,273.0,272.4,273.0,272.6922644777854,273.07045171432037,273.2523161546932,274.12818285119283,Down,13
2026-02-20 15:20:00,273.0,273.3,272.8,273.0,272.72024043435033,273.0676889019941,273.2498055461888,274.12818285119283,Down,8
2026-02-20 15:30:00,273.0,273.0,271.8,271.8,272.63658221304576,273.0179756117198,273.23537962035607,274.12818285119283,Down,9
2026-02-20 15:40:00,271.8,271.9,271.8,271.8,272.56052928458706,272.9702118622406,273.22109723607394,273.70804609382753,Down,12
2026-02-20 15:50:00,271.8,272.7,271.8,272.1,272.5186629859882,272.93608590685864,273.20994203969514,273.70804609382753,Down,24
2026-02-20 16:00:00,272.1,272.2,271.9,272.0,272.4715118054438,272.89937665560933,273.1979028154196,273.70804609382753,Down,17
2026-02-20 16:10:00,272.0,272.2,271.5,271.5,272.38319255040346,272.8444991397031,273.1810082600423,273.70804609382753,Down,61
2026-02-20 16:20:00,271.5,271.5,270.7,270.7,272.23017504582134,272.76040113422454,273.1563216106886,273.2274271523991,Down,58
2026-02-20 16:30:00,270.7,271.7,270.7,271.1,272.12743185983754,272.69528736425497,273.13586069913947,273.2274271523991,Down,27
2026-02-20 16:40:00,271.1,271.7,270.8,271.7,272.0885744180341,272.65625648722533,273.12157352800375,273.2274271523991,Down,29
2026-02-20 16:50:00,271.7,271.7,270.7,271.0,271.98961310730374,272.59130525243216,273.1004633436455,273.2274271523991,Down,25
2026-02-20 17:00:00,271.0,271.0,270.3,270.3,271.8360119157307,272.5014501444937,273.07259803674356,273.2274271523991,Down,25
2026-02-20 17:10:00,270.3,271.0,270.3,270.7,271.7327381052097,272.4308050407881,273.0489900960794,273.2274271523991,Down,53
2026-02-20 17:20:00,270.7,270.7,270.5,270.7,271.6388528229179,272.3629303333062,273.0256170602975,273.03790417174406,Down,19
2026-02-20 17:30:00,270.7,271.0,270.6,271.0,271.5807752935617,272.3094820849413,273.00546166666277,273.03790417174406,Down,20
2026-02-20 17:40:00,271.0,272.3,270.5,271.9,271.60979572141974,272.2934239639632,272.994462048089,273.03790417174406,Down,59
2026-02-20 17:50:00,271.9,272.0,271.7,271.8,271.62708701947247,272.27407400459214,272.9825768535807,273.03790417174406,Down,12
2026-02-20 18:00:00,271.8,271.8,271.3,271.4,271.60644274497497,272.23979659264734,272.9668298202118,273.03790417174406,Down,3
2026-02-20 18:10:00,271.4,272.0,271.4,271.8,271.62403885906815,272.2225496674455,272.95521957324456,273.03790417174406,Down,2
2026-02-20 18:20:00,271.8,272.1,271.6,271.6,271.62185350824376,272.19813595499664,272.94173480137147,273.03790417174406,Down,4
2026-02-20 18:30:00,271.6,271.8,271.2,271.5,271.6107759165852,272.1707580744085,272.92738918145733,273.03790417174406,Down,32
2026-02-20 18:40:00,271.5,272.1,271.3,272.1,271.6552508332593,272.16798324796116,272.9191564532836,273.03790417174406,Down,14
2026-02-20 18:50:00,272.1,272.6,271.7,271.8,271.6684098484175,272.15355253235487,272.90802056817637,273.03790417174406,Down,24
2026-02-20 19:00:00,271.8,274.3,271.8,273.9,271.8712816803795,272.222040668341,272.9178910102841,269.7138191418548,Up,122
2026-02-20 19:10:00,273.9,273.9,273.0,273.3,272.0011651639814,272.26431358330797,272.9216930897838,270.08983558350434,Up,31
2026-02-20 19:20:00,273.3,273.6,272.5,273.4,272.1283319672558,272.3088503055312,272.9264523625223,270.08983558350434,Up,24
2026-02-20 19:30:00,273.4,273.8,272.9,273.8,272.28030178841436,272.3673267641379,272.9351443788156,270.08983558350434,Up,28
2026-02-20 19:40:00,273.8,273.8,272.8,273.7,272.40936526219485,272.4195884596619,272.942754882509,270.08983558350434,Up,58
2026-02-20 19:50:00,273.7,274.8,273.4,274.7,272.61760478381353,272.5090163632046,272.9602399085537,270.3942938211217,Up,101
2026-02-20 20:00:00,274.7,275.0,273.3,273.3,272.6796407125578,272.5400353293534,272.9636206059811,270.3942938211217,Up,52
2026-02-20 20:10:00,273.3,273.9,272.5,273.1,272.71785519323436,272.56199472820225,272.96497761487683,270.3942938211217,Up,22
2026-02-20 20:20:00,273.1,274.5,273.1,273.9,272.8253229029403,272.6144655231747,272.9742813202015,270.3942938211217,Up,62
2026-02-20 20:30:00,273.9,274.3,273.7,274.1,272.94120263903665,272.67272177716785,272.985482501095,270.3942938211217,Up,32
2026-02-20 20:40:00,274.1,274.3,273.6,274.3,273.0647296718515,272.7365366094358,272.9985622772036,270.3942938211217,Up,14
2026-02-20 20:50:00,274.3,274.4,274.0,274.0,273.14975424713776,272.7860841933795,273.00852683165925,270.4370046648813,Up,13
2026-02-20 21:00:00,274.0,274.6,273.2,273.2,273.15432204285247,272.802316185796,273.0104320373144,270.4370046648813,Up,44
2026-02-20 21:10:00,273.2,273.4,272.1,272.4,273.08574731168403,272.7865390804707,273.00435808669437,270.4370046648813,Up,56
2026-02-20 21:20:00,272.4,274.2,272.4,274.2,273.18704301062184,272.84196892045225,273.01625502115513,270.4370046648813,Up,16
2026-02-20 21:30:00,274.2,274.4,273.6,273.7,273.23367546420167,272.8756171980816,273.02305845378044,270.4370046648813,Up,41
2026-02-20 21:40:00,273.7,275.1,273.7,275.0,273.3942504220015,272.95892632756863,273.0427295139418,270.4370046648813,Up,77
2026-02-20 21:50:00,275.0,276.6,274.6,276.4,273.66750038363773,273.09387039315413,273.07613519042,270.9146296768112,Up,111
2026-02-20 22:00:00,276.4,279.0,276.1,279.0,274.1522730760343,273.3254833189128,273.1350791188736,272.23602697891926,Up,218
2026-02-20 22:10:00,279.0,280.3,278.9,280.1,274.69297552366754,273.5911506397398,273.2043818142082,274.26002452629024,Up,156
2026-02-20 22:20:00,280.1,281.0,279.3,281.0,275.2663413851523,273.8816937519068,273.28195015436535,274.6772950239002,Up,159
2026-02-20 22:30:00,281.0,281.5,280.5,281.0,275.78758307741117,274.1608430165379,273.35874667024234,275.6611772944547,Up,77
2026-02-20 22:40:00,281.0,281.8,280.0,281.8,276.3341664340101,274.4604178002031,273.44273924068773,275.6611772944547,Up,203
2026-02-20 22:50:00,281.8,282.0,280.9,281.5,276.8037876672819,274.73647984725403,273.5229109895366,276.0427085078138,Up,75
2026-02-20 23:00:00,281.5,283.2,281.5,283.2,277.3852615157108,275.0683825983421,273.61920043242685,276.8160986434671,Up,151
2026-02-20 23:10:00,283.2,283.3,282.7,283.0,277.8956922870098,275.379426418015,273.71254172165646,277.75099876678826,Up,87
2026-02-20 23:20:00,283.0,283.0,281.4,281.5,278.22335662455436,275.6194489114262,273.7900288687047,277.75099876678826,Up,59
2026-02-20 23:30:00,281.5,282.0,280.5,282.0,278.56668784050396,275.86966660117423,273.8717201237425,277.75099876678826,Up,73
2026-02-20 23:40:00,282.0,282.8,282.0,282.5,278.9242616731854,276.129679675638,273.9575736548495,277.75099876678826,Up,85
2026-02-20 23:50:00,282.5,282.9,279.2,280.0,279.0220560665322,276.28145694326,274.0176973000749,277.75099876678826,Up,215
2026-02-21 00:00:00,280.0,280.0,277.7,277.7,278.9018691513929,276.33708608274003,274.05433712793484,284.9399754737098,Down,136
2026-02-23 09:00:00,284.0,285.0,282.7,283.2,279.29260831944805,276.6062199618483,274.14533874855243,284.9399754737098,Down,55
2026-02-23 09:10:00,283.5,284.5,283.0,284.3,279.74782574495276,276.90793682608955,274.2463801540395,284.9399754737098,Down,122
2026-02-23 09:20:00,284.3,284.5,283.8,283.9,280.1252961317752,277.1821353819292,274.34243607290483,284.9399754737098,Down,76
2026-02-23 09:30:00,283.9,284.3,283.8,284.0,280.47754193797743,277.4495026218535,274.43853123635853,284.9399754737098,Down,41
2026-02-23 09:40:00,284.0,284.1,283.3,283.4,280.7432199436158,277.68285546021224,274.52770007977784,284.9399754737098,Down,40
2026-02-23 09:50:00,283.4,283.8,283.4,283.4,280.9847454032871,277.9070572068706,274.61598167102386,284.9399754737098,Down,19
2026-02-23 10:00:00,283.4,283.8,283.4,283.8,281.2406776393519,278.1381530026796,274.70736493797887,284.9399754737098,Down,7
2026-02-23 10:10:00,283.8,284.5,283.8,283.8,281.4733433085017,278.36018621826076,274.7978389186955,284.9399754737098,Down,37
2026-02-23 10:20:00,283.8,284.2,283.7,284.2,281.72122118954695,278.589198523427,274.8913927603005,284.9399754737098,Down,12
2026-02-23 10:30:00,284.2,284.2,283.6,283.6,281.89201926322454,278.78570054211616,274.9780455686558,284.9399754737098,Down,22
2026-02-23 10:40:00,283.6,284.1,283.6,284.1,282.0927447847496,278.99410444242534,275.0688112843905,284.9399754737098,Down,20
2026-02-23 10:50:00,284.0,284.4,284.0,284.4,282.30249525886325,279.20610034664395,275.1616589333021,284.9399754737098,Down,8
2026-02-23 11:00:00,284.4,284.5,283.8,283.8,282.43863205351204,279.38625327422653,275.2476125757568,284.9399754737098,Down,15
2026-02-23 11:10:00,283.8,283.8,283.6,283.7,282.55330186682914,279.5554198124922,275.33171593321197,284.9399754737098,Down,7
2026-02-23 11:20:00,283.7,283.8,283.1,283.1,282.6030016971174,279.69442295710036,275.4090122920855,284.9399754737098,Down,21
2026-02-23 11:30:00,283.1,283.1,280.8,280.8,282.43909245192486,279.737778919567,275.46265396082094,284.9399754737098,Down,110
2026-02-23 11:40:00,280.8,281.8,280.8,281.5,282.35372041084076,279.8068856286036,275.5227270557382,284.9399754737098,Down,43
2026-02-23 11:50:00,281.5,281.9,280.0,280.0,282.139745828037,279.8144587412074,275.5672770352831,284.9399754737098,Down,74
2026-02-23 12:00:00,280.0,280.0,279.1,279.8,281.92704166185183,279.8138917317483,275.60939368169824,284.09858992054285,Down,58
2026-02-23 12:10:00,279.8,280.7,279.5,280.6,281.8064015107744,279.8447195069739,275.6590514560097,284.09858992054285,Down,31
2026-02-23 12:20:00,280.4,280.4,279.2,280.0,281.64218319161307,279.850808938073,275.7022449738604,284.09858992054285,Down,32
2026-02-23 12:30:00,280.0,280.1,278.9,279.5,281.4474392651028,279.8370517248152,275.74003358108564,284.09858992054285,Down,139
2026-02-23 12:40:00,279.5,280.2,279.4,279.7,281.2885811500934,279.83167714737147,275.77943623202015,284.09858992054285,Down,47
2026-02-23 12:50:00,279.5,280.5,279.5,280.4,281.20780104553944,279.85396431806276,275.82541199090554,284.09858992054285,Down,15
2026-02-23 13:00:00,280.4,280.9,280.0,280.7,281.1616373141268,279.88714218794263,275.8739153541801,284.09858992054285,Down,43
2026-02-23 13:10:00,280.7,280.8,280.4,280.6,281.1105793764789,279.9150973962586,275.920941072049,284.09858992054285,Down,9
2026-02-23 13:20:00,280.6,280.9,280.6,280.9,281.091435796799,279.9537210277779,275.970483946954,284.09858992054285,Down,38
2026-02-23 13:30:00,280.9,281.0,280.7,280.7,281.0558507243627,279.9829868698258,276.01754380817835,284.09858992054285,Down,12
2026-02-23 13:40:00,280.7,281.9,280.7,281.9,281.13259156760245,280.05816385532285,276.0760757105846,284.09858992054285,Down,23
2026-02-23 13:50:00,281.9,281.9,281.5,281.5,281.165992334184,280.1147064492318,276.1300451064992,284.09858992054285,Down,15
2026-02-23 14:00:00,281.5,281.6,281.4,281.5,281.19635666744,280.16903168651686,276.18347749349925,284.09858992054285,Down,10
2026-02-23 14:10:00,281.5,281.5,281.0,281.0,281.17850606130906,280.20161867920245,276.2314030905789,284.09858992054285,Down,34
2026-02-23 14:20:00,281.0,281.0,280.7,280.7,281.13500551028096,280.22116304472394,276.2758667414189,283.85415700645683,Down,7
2026-02-23 14:30:00,280.7,280.7,280.0,280.2,281.0500050093463,280.22033312140144,276.31491284349437,283.33559727859716,Down,9
2026-02-23 14:40:00,280.2,280.6,280.2,280.6,281.0090954630421,280.2352220186014,276.3575505266437,283.25963388963373,Down,1
2026-02-23 14:50:00,280.6,280.6,280.6,280.6,280.9719049664019,280.24952703747977,276.39976395423935,283.19966717239436,Down,2
2026-02-23 15:00:00,281.0,281.0,281.0,281.0,280.97445906036535,280.27895734973544,276.445537447232,283.19966717239436,Down,5
2026-02-23 15:10:00,281.1,281.1,279.7,280.0,280.8858718730594,280.26801784582426,276.4809052338267,283.18980758049116,Down,40
2026-02-23 15:20:00,280.0,280.7,280.0,280.7,280.868974430054,280.2849583224586,276.5228862762762,283.1407341640829,Down,23
2026-02-23 15:30:00,280.7,280.9,280.7,280.9,280.8717949364127,280.3090776039308,276.56643964666154,283.1407341640829,Down,10
2026-02-23 15:40:00,280.9,280.9,280.3,280.6,280.84708630582975,280.32048632534526,276.6065745755505,283.1407341640829,Down,32
2026-02-23 15:50:00,280.6,281.0,280.6,281.0,280.8609875507543,280.34713392042977,276.6502902514157,283.1407341640829,Down,2
2026-02-23 16:00:00,281.0,281.0,280.6,280.6,280.83726140977666,280.35705023727564,276.689590845929,283.1407341640829,Down,5
2026-02-23 16:10:00,280.6,281.5,280.6,281.5,280.8975103725242,280.4018717965982,276.7374556136312,283.1407341640829,Down,10
2026-02-23 16:20:00,281.3,281.8,281.3,281.8,280.97955488411293,280.45670035359433,276.78782918961497,283.1407341640829,Down,10
2026-02-23 16:30:00,281.8,281.8,281.0,281.1,280.99050444010265,280.48192779070826,276.83073636185765,283.1407341640829,Down,20
2026-02-23 16:40:00,281.1,281.1,281.0,281.0,280.9913676728206,280.50224434793535,276.87222157218747,283.1407341640829,Down,13
2026-02-23 16:50:00,281.0,281.0,280.4,281.0,280.9921524298369,280.52176417742805,276.9132939943548,283.0536491940282,Down,12
2026-02-23 17:00:00,281.0,281.1,281.0,281.0,280.99286584530626,280.54051852341127,276.9539577357045,283.0536491940282,Down,2
2026-02-23 17:10:00,281.0,281.5,281.0,281.4,281.0298780411875,280.57422367935595,276.9981969622149,283.0536491940282,Down,14
2026-02-23 17:20:00,281.4,282.6,281.4,281.9,281.1089800374432,280.62621490761654,277.04697112179485,283.0536491940282,Down,50
2026-02-23 17:30:00,282.2,282.7,282.2,282.3,281.2172545794938,280.6918535386904,277.09924006585663,283.0536491940282,Down,44
2026-02-23 17:40:00,282.3,283.5,282.3,283.2,281.39750416317617,280.79021222344767,277.1599441448034,280.2156719337177,Up,94
2026-02-23 17:50:00,283.2,284.1,282.7,283.9,281.6250037847056,280.91216468527324,277.22700937719344,280.4506108488343,Up,89
2026-02-23 18:00:00,283.9,283.9,282.3,283.0,281.7500034406415,280.99404057996844,277.2844520699577,280.4506108488343,Up,47
2026-02-23 18:10:00,283.0,283.1,282.7,282.8,281.8454576733104,281.06486251800885,277.33933314388844,280.4506108488343,Up,17
2026-02-23 18:20:00,282.8,282.8,280.9,280.9,281.75950697573677,281.05839732122416,277.3747626648448,280.4506108488343,Up,104
2026-02-23 18:30:00,280.9,282.1,280.9,282.1,281.7904608870334,281.09924448509776,277.4217799517618,280.4506108488343,Up,47
2026-02-23 18:40:00,282.1,282.8,281.9,282.5,281.85496444275765,281.1541760739174,277.47230950448056,280.4506108488343,Up,9
2026-02-23 18:50:00,282.5,282.7,281.3,281.3,281.80451312977965,281.15989465925395,277.5103959770728,280.4506108488343,Up,23
2026-02-23 19:00:00,281.8,282.9,281.6,281.8,281.80410284525425,281.1849968294793,277.5530786041666,280.4506108488343,Up,95
2026-02-23 19:10:00,281.8,281.8,278.9,279.2,281.5673662229584,281.10715381655854,277.56946588173713,285.0837164571063,Down,154
2026-02-23 19:20:00,279.2,279.4,278.5,279.2,281.35215111178036,281.03236347081116,277.58569010181935,283.580651324642,Down,72
2026-02-23 19:30:00,279.2,280.2,278.3,278.5,281.09286464707304,280.93305509940683,277.59478771274655,283.580651324642,Down,97
2026-02-23 19:40:00,278.5,280.7,277.7,279.4,280.9389678609755,280.87293529158694,277.61275002406256,283.580651324642,Down,145
2026-02-23 19:50:00,279.4,279.4,277.7,278.2,280.68997078270496,280.76811429976004,277.6185933074052,283.580651324642,Down,63
2026-02-23 20:00:00,278.2,278.8,277.7,278.1,280.4545188933682,280.66348236643614,277.6233834237495,283.580651324642,Down,104
2026-02-23 20:10:00,278.1,278.9,277.4,278.2,280.2495626303347,280.5668752148112,277.6291209021201,283.580651324642,Down,70
2026-02-23 20:20:00,278.2,278.9,277.9,278.7,280.10869330030425,280.49366442207355,277.63977641553186,283.580651324642,Down,94
2026-02-23 20:30:00,278.7,279.0,278.2,278.7,279.98063027300384,280.4233246408158,277.6503259039345,283.580651324642,Down,46
2026-02-23 20:40:00,278.7,279.1,277.9,278.9,279.88239115727623,280.3635864196073,277.6627604720546,283.580651324642,Down,36
2026-02-23 20:50:00,278.9,278.9,276.2,276.8,279.602173779342,280.2238379325639,277.6541757907406,283.2579786030936,Down,73
2026-02-23 21:00:00,276.8,279.3,276.8,278.5,279.5019761630382,280.15623644501244,277.66259195202684,283.2579786030936,Down,84
2026-02-23 21:10:00,278.5,278.5,277.5,277.5,279.3199783300347,280.0520703099139,277.6609741216584,283.2579786030936,Down,24
2026-02-23 21:20:00,277.5,278.1,276.1,276.9,279.0999803000315,279.92845970952516,277.65340223985083,283.1976548483048,Down,83
2026-02-23 21:30:00,276.9,277.2,276.0,277.2,278.9272548182105,279.8214612895438,277.6488907747777,282.5796862257316,Down,68
2026-02-23 21:40:00,277.2,277.3,276.3,276.3,278.68841347110043,279.68336476838516,277.63546897602373,282.5796862257316,Down,29
2026-02-23 21:50:00,276.3,276.8,276.1,276.7,278.5076486100913,279.56637007158577,277.62616082700856,281.9770134096956,Down,46
2026-02-23 22:00:00,276.7,277.2,274.4,274.4,278.1342260091739,279.36376732368046,277.59405972425225,281.8427394633595,Down,156
2026-02-23 22:10:00,274.4,275.3,274.0,274.7,277.82202364470356,279.1808744874577,277.5652631100806,280.61612678487234,Down,128
2026-02-23 22:20:00,274.7,274.9,273.8,274.5,277.52002149518506,278.9973107820672,277.53476297963203,280.17375162261123,Down,78
2026-02-23 22:30:00,274.5,274.8,274.3,274.8,277.2727468138046,278.832710359241,277.50755140769536,280.0261378387375,Down,45
2026-02-23 22:40:00,274.8,274.8,274.0,274.8,277.0479516489133,278.674564854957,277.4806105976686,279.66921621703403,Down,100
2026-02-23 22:50:00,274.8,275.2,274.3,274.3,276.79813786264845,278.5030132920175,277.4489627310252,279.66921621703403,Down,40
2026-02-23 23:00:00,274.5,274.5,273.7,274.0,276.54376169331675,278.3264245354678,277.4146446939005,279.0431538983753,Down,95
2026-02-23 23:10:00,274.0,274.5,273.8,274.3,276.3397833575607,278.16852553407693,277.38365320440903,278.89832172579565,Down,30
2026-02-23 23:20:00,274.3,274.3,273.4,273.9,276.1179848705097,278.00113237587783,277.34898998844477,278.49392884163245,Down,123
2026-02-23 23:30:00,273.9,274.0,271.5,273.0,275.83453170046334,277.8050095376081,277.3057164562215,277.88084440148407,Down,135
2026-02-23 23:40:00,273.0,273.1,271.8,271.9,275.4768470004212,277.5734405361333,277.2519282327765,277.58713127407646,Down,76
2026-02-23 23:50:00,271.9,272.4,271.7,272.2,275.1789518185647,277.3627173778536,277.20166029016184,276.97466479461485,Down,108
2026-02-24 00:00:00,272.2,272.2,271.2,271.5,274.8445016532406,277.13280689244755,277.14492735195125,276.54060435874084,Down,60
2026-02-24 09:00:00,272.0,272.0,270.4,271.0,274.495001502946,276.89230466137116,277.08378379621047,276.1823675988553,Down,27
2026-02-24 09:10:00,271.0,271.5,270.5,271.0,274.1772740935873,276.661233890337,277.02324863405914,275.8930614535048,Down,83
2026-02-24 09:20:00,271.0,271.1,270.6,271.0,273.8884309941703,276.4392247181669,276.9633158118297,275.48005586682257,Down,65
2026-02-24 09:30:00,271.0,271.3,270.4,270.8,273.60766454015476,276.2180786507878,276.9019892863389,275.3864144243842,Down,93
2026-02-24 09:40:00,270.8,271.3,268.8,271.2,273.3887859455952,276.0212912527177,276.8452530745345,275.08310402216745,Down,180
2026-02-24 09:50:00,271.2,271.2,270.7,270.7,273.14435085963197,275.8126131643758,276.784106277773,275.08310402216745,Down,11
2026-02-24 10:00:00,270.7,270.7,270.2,270.4,272.89486441784726,275.6003538245964,276.72058283222304,274.9566975389813,Down,35
2026-02-24 10:10:00,270.4,270.7,270.4,270.4,272.6680585616793,275.39641838049465,276.65769146075814,274.7560886718012,Down,25
2026-02-24 10:20:00,270.4,270.8,270.4,270.8,272.4982350560721,275.2161666792988,276.59940597358644,274.56917151981935,Down,15
2026-02-24 10:30:00,270.8,270.8,270.6,270.8,272.3438500509746,275.0429836722675,276.54170044151095,274.3810650180176,Down,6
2026-02-24 10:40:00,270.8,271.8,270.8,271.8,272.2944091372496,274.91580784198254,276.4945193425905,274.3810650180176,Down,31
2026-02-24 10:50:00,271.8,272.0,271.3,271.3,272.20400830659054,274.77401145602244,276.44283258296275,274.3810650180176,Down,26
2026-02-24 11:00:00,271.3,271.5,271.0,271.1,272.1036439150823,274.6299325753941,276.38967006969943,274.3810650180176,Down,8
2026-02-24 11:10:00,271.1,271.1,269.7,270.0,271.9124035591657,274.4483665920453,276.3260912630358,274.0721706290674,Down,62
2026-02-24 11:20:00,270.0,270.8,270.0,270.5,271.78400323560516,274.29352868647493,276.2681202056922,274.02924602642486,Down,49
2026-02-24 11:30:00,270.5,271.2,270.5,270.7,271.6854574869138,274.1526059928877,276.212716024541,274.02924602642486,Down,37
2026-02-24 11:40:00,270.7,271.4,270.7,271.4,271.65950680628526,274.04466065983326,276.1648283029038,274.02924602642486,Down,16
2026-02-24 11:50:00,271.4,271.7,271.3,271.3,271.62682436935023,273.93702690846726,276.1164220511336,274.02924602642486,Down,12
2026-02-24 12:00:00,271.3,271.6,271.3,271.6,271.6243857903184,273.8453787944097,276.07148252823674,274.02924602642486,Down,5
2026-02-24 12:10:00,271.6,271.7,271.0,271.0,271.567623445744,273.733795312276,276.021020015518,274.02924602642486,Down,5
2026-02-24 12:20:00,271.0,271.0,270.7,270.9,271.50693040522185,273.6226660843436,275.970064592478,273.7704612352749,Down,9
2026-02-24 12:30:00,270.9,271.0,270.6,270.7,271.43357309565624,273.50805172809487,275.9176261388215,273.60041930479537,Down,14
2026-02-24 12:40:00,270.7,271.1,270.7,271.1,271.4032482687784,273.4136183269931,275.86968956032575,273.59129027708667,Down,3
2026-02-24 12:50:00,271.1,271.5,271.1,271.1,271.375680244344,273.3228881965228,275.8222299627106,273.59129027708667,Down,22
2026-02-24 13:00:00,271.1,271.1,270.4,270.4,271.2869820403127,273.2082651299925,275.7682774257682,273.3609837000717,Down,9
2026-02-24 13:10:00,270.4,270.6,270.2,270.6,271.224529127557,273.105980222934,275.71685177974064,272.9190760909743,Down,14
2026-02-24 13:20:00,270.6,270.6,270.3,270.6,271.16775375232453,273.00770648870133,275.6659378316835,272.8491600827039,Down,21
2026-02-24 13:30:00,270.6,270.9,270.4,270.4,271.09795795665866,272.90544348914443,275.61354044032345,272.8491600827039,Down,13
2026-02-24 13:40:00,270.4,271.1,270.4,271.1,271.0981435969624,272.8346417836878,275.568629590171,272.8491600827039,Down,13
2026-02-24 13:50:00,271.1,271.1,270.8,271.1,271.0983123608749,272.76661661570006,275.52416561414935,272.8491600827039,Down,13
2026-02-24 14:00:00,271.1,271.5,271.0,271.4,271.1257385098863,272.7130238072412,275.4831291403768,272.8491600827039,Down,26
2026-02-24 14:10:00,271.4,271.4,271.2,271.4,271.1506713726239,272.66153267754544,275.4425009897263,272.8491600827039,Down,7
2026-02-24 14:20:00,271.4,271.4,271.2,271.3,271.16424670238536,272.60813923921035,275.40128207440563,272.8491600827039,Down,4
2026-02-24 14:30:00,271.3,271.3,271.3,271.3,271.1765879112594,272.5568396612021,275.36047329754587,272.8491600827039,Down,0
2026-02-24 14:40:00,271.3,271.4,271.0,271.0,271.1605344647813,272.49578712546867,275.31708550354045,272.8491600827039,Down,9
2026-02-24 14:50:00,271.0,271.0,270.5,270.6,271.1095767861648,272.42144253231305,275.27014932937584,272.5757577965515,Down,26
2026-02-24 15:00:00,270.6,270.7,270.3,270.5,271.05416071469523,272.34609184477137,275.2226851569443,272.30523436050134,Down,19
2026-02-24 15:10:00,270.5,270.8,270.4,270.5,271.0037824679047,272.2736960861529,275.17569326483545,272.30523436050134,Down,17
2026-02-24 15:20:00,270.5,270.5,270.0,270.1,270.9216204253679,272.18845310238214,275.1251888542401,272.05597881033174,Down,42
2026-02-24 15:30:00,270.1,270.4,270.1,270.3,270.8651094776072,272.11439611797505,275.0771770248447,272.00088982757427,Down,25
2026-02-24 15:40:00,270.3,270.4,269.9,269.9,270.7773722523702,272.02755705452506,275.0256628255925,271.9235362068857,Down,27
2026-02-24 15:50:00,269.9,269.9,269.5,269.8,270.6885202294274,271.9402018759162,274.97366618056174,271.4577601880779,Down,24
2026-02-24 16:00:00,269.8,269.9,269.2,269.4,270.5713820267522,271.8405861160764,274.918206815581,271.40250926188895,Down,28
2026-02-24 16:10:00,269.4,269.6,268.7,269.0,270.42852911522925,271.7291905821126,274.8593191855752,271.16137205626273,Down,51
2026-02-24 16:20:00,269.0,269.1,268.1,268.3,270.23502646839023,271.594712520069,274.7940523280073,270.7921564147843,Down,115
2026-02-24 16:30:00,268.3,268.5,268.0,268.1,270.04093315308205,271.45766497026233,274.72744484215644,270.4246876498039,Down,58
2026-02-24 16:40:00,268.1,268.3,266.7,266.7,269.7372119573473,271.27108987338926,274.6475697691002,270.0588069543672,Down,145
2026-02-24 16:50:00,266.7,267.2,266.5,266.8,269.47019268849755,271.09575301560926,274.56948449776587,269.4307335948793,Down,83
2026-02-24 17:00:00,266.8,266.8,265.8,266.2,269.17290244408866,270.90376270127166,274.4862060450518,269.0097578135266,Down,116
2026-02-24 17:10:00,266.2,266.2,264.8,265.3,268.82082040371694,270.68400730122175,274.39480100977767,268.472507103206,Down,132
2026-02-24 17:20:00,265.5,266.2,265.0,266.0,268.5643821851972,270.50032074038955,274.31127065147143,268.472507103206,Down,103
2026-02-24 17:30:00,266.0,266.2,265.5,266.0,268.33125653199744,270.3238375740998,274.228571441009,268.472507103206,Down,171
2026-02-24 17:40:00,266.0,266.4,265.8,266.0,268.11932411999766,270.154275316292,274.14669510826263,268.472507103206,Down,52
2026-02-24 17:50:00,266.0,266.2,264.6,264.6,267.79938556363425,269.936460598006,274.0517031171357,268.472507103206,Down,57
2026-02-24 18:00:00,264.6,265.8,264.6,265.2,267.56307778512206,269.750717045143,273.963626469204,268.472507103206,Down,100
2026-02-24 18:10:00,265.2,266.3,265.2,266.1,267.43007071374734,269.6075516708237,273.8853814297094,268.472507103206,Down,60
2026-02-24 18:20:00,266.1,266.1,264.7,264.8,267.19097337613397,269.4190202327522,273.79497962443867,268.472507103206,Down,47
2026-02-24 18:30:00,264.8,265.4,264.8,265.0,266.9917939783036,269.2457253216639,273.70746738936964,268.472507103206,Down,48
2026-02-24 18:40:00,265.0,267.3,265.0,266.2,266.9198127075487,269.1262851129712,273.6327662213162,268.472507103206,Down,132
2026-02-24 18:50:00,266.2,267.4,266.1,267.4,266.9634660977715,269.05858765756057,273.5707486469748,268.472507103206,Down,114
2026-02-24 19:00:00,267.4,268.3,267.2,267.2,266.9849691797923,268.98570186706803,273.50735811317406,268.472507103206,Down,76
2026-02-24 19:10:00,267.2,268.2,266.6,268.1,267.086335617993,268.9509684605163,273.453553554834,268.472507103206,Down,90
2026-02-24 19:20:00,268.1,268.1,267.1,267.8,267.1512141981754,268.90583244245687,273.3972992906068,268.472507103206,Down,36
2026-02-24 19:30:00,267.8,267.8,265.1,265.2,266.9738310892504,268.76050568000755,273.31573412353606,268.472507103206,Down,162
2026-02-24 19:40:00,265.2,266.5,264.8,265.6,266.84893735386396,268.6365642807916,273.23896064967005,268.472507103206,Down,85
2026-02-24 19:50:00,265.6,266.7,265.1,266.7,266.83539759442175,268.5606205835057,273.1738963645987,268.472507103206,Down,63
2026-02-24 20:00:00,266.7,267.4,266.0,267.0,266.8503614494743,268.4994197763094,273.1124645599758,268.472507103206,Down,71
2026-02-24 20:10:00,267.0,267.1,266.2,266.2,266.79123768134025,268.4092464517483,273.0436838180855,268.472507103206,Down,23
2026-02-24 20:20:00,266.2,267.0,266.2,266.5,266.76476152849114,268.3343740418758,272.97857253631355,268.472507103206,Down,17
2026-02-24 20:30:00,266.5,267.0,266.2,266.7,266.7588741168101,268.27028094219435,272.9160991777433,268.472507103206,Down,15
2026-02-24 20:40:00,266.7,267.5,266.5,266.6,266.7444310152819,268.20477972877495,272.85325241975585,268.472507103206,Down,33
2026-02-24 20:50:00,266.6,267.7,266.5,267.3,266.7949372866199,268.1692981707838,272.7979961767732,268.472507103206,Down,34
2026-02-24 21:00:00,267.5,267.9,266.7,266.8,266.79539753329084,268.11560020330205,272.73831462277553,268.472507103206,Down,44
2026-02-24 21:10:00,266.8,266.8,266.4,266.7,266.7867250302644,268.06008646983923,272.6782318902106,268.472507103206,Down,24
2026-02-24 21:20:00,266.7,268.3,266.6,268.1,266.9061136638767,268.0616517063161,272.63267734403934,268.472507103206,Down,70
2026-02-24 21:30:00,268.1,268.1,266.6,266.7,266.8873760580697,268.0082536001861,272.5736457286758,268.472507103206,Down,50
2026-02-24 21:40:00,266.7,267.5,266.7,266.8,266.8794327800634,267.9608711060611,272.5161965174452,268.472507103206,Down,8
2026-02-24 21:50:00,266.8,267.4,266.8,267.0,266.8903934364212,267.9231898862156,272.46130898990845,268.472507103206,Down,54
2026-02-24 22:00:00,267.0,267.8,267.0,267.8,266.9730849422011,267.9183589102856,272.41492780592927,268.472507103206,Down,53
2026-02-24 22:10:00,267.8,268.2,266.8,267.1,266.9846226747283,267.8862664039999,272.36204295213895,268.472507103206,Down,50
2026-02-24 22:20:00,267.1,267.3,266.8,267.3,267.0132933406621,267.8632755646274,272.3116743655505,268.472507103206,Down,32
2026-02-24 22:30:00,267.3,267.3,266.8,267.2,267.03026667332915,267.83726475817144,272.2608119340525,268.472507103206,Down,26
2026-02-24 22:40:00,267.2,267.5,267.1,267.5,267.0729697030265,267.8240386892236,272.2134406710272,268.472507103206,Down,12
2026-02-24 22:50:00,267.5,268.6,267.4,268.6,267.211790639115,267.8544685445482,272.1774860374846,264.26926640512073,Up,75
2026-02-24 23:00:00,268.6,269.0,267.9,267.9,267.2743551264682,267.8562540918208,272.13492398736037,264.51283070319414,Up,81
2026-02-24 23:10:00,268.0,268.0,267.0,267.7,267.3130501149711,267.85012648037684,272.0907953904712,264.51283070319414,Up,54
2026-02-24 23:20:00,267.7,267.7,267.1,267.3,267.3118637408828,267.8285528929111,272.0431257845959,264.51283070319414,Up,30
2026-02-24 23:30:00,267.3,267.3,266.1,266.5,267.23805794625713,267.77645277946357,271.98797030415216,264.51283070319414,Up,142
2026-02-24 23:40:00,266.5,266.5,265.6,265.8,267.1073254056883,267.69894482732775,271.9263984603298,264.51283070319414,Up,197
2026-02-24 23:50:00,265.8,266.0,265.4,265.9,266.9975685506257,267.6283979713541,271.86643429654544,264.51283070319414,Up,72
2026-02-25 00:00:00,265.9,266.1,265.7,265.7,266.8796077732961,267.5527745214971,271.80507674135595,264.51283070319414,Up,42
2026-02-25 09:00:00,263.7,263.7,262.1,263.1,266.5360070666328,267.37815591281094,271.7184590623375,267.4266923232756,Down,39
2026-02-25 09:10:00,263.1,263.7,262.2,262.5,266.16909733330255,267.18685568093605,271.62673310151825,267.4266923232756,Down,217
2026-02-25 09:20:00,262.5,262.6,262.2,262.6,265.84463393936596,267.006978987566,271.5369148617022,266.78239034981453,Down,89
2026-02-25 09:30:00,262.6,262.6,262.3,262.3,265.5223944903327,266.82239157628896,271.4450052610882,266.5430821361951,Down,81
2026-02-25 09:40:00,262.3,262.6,262.3,262.5,265.2476313548479,266.6528860242777,271.35600023361474,266.2800746692683,Down,81
2026-02-25 09:50:00,262.5,262.7,262.3,262.5,264.99784668622533,266.4900277488158,271.2678808283052,266.12734060842564,Down,74
2026-02-25 10:00:00,262.5,263.1,262.5,263.1,264.8253151692958,266.35708548415636,271.18660838225236,266.12734060842564,Down,88
2026-02-25 10:10:00,263.1,263.5,263.1,263.1,264.66846833572345,266.22935664164044,271.1061446172548,266.12734060842564,Down,41
2026-02-25 10:20:00,263.1,263.2,262.7,263.2,264.53497121429405,266.1105583419683,271.0274765116105,266.12734060842564,Down,46
2026-02-25 10:30:00,263.2,263.4,263.1,263.2,264.41361019481275,265.996418799146,270.9495911731865,266.12734060842564,Down,28
2026-02-25 10:40:00,263.2,263.6,263.2,263.6,264.33964563164795,265.90244159133636,270.8764609127568,266.12734060842564,Down,12
2026-02-25 10:50:00,263.6,263.8,263.5,263.8,264.29058693786175,265.81999290148,270.8060483663612,266.12734060842564,Down,30
2026-02-25 11:00:00,263.7,264.0,263.5,264.0,264.26416994351064,265.7486206308338,270.73832649206906,266.12734060842564,Down,29
2026-02-25 11:10:00,264.0,264.3,263.8,264.0,264.2401544941006,265.6800472727619,270.6712784672724,266.12734060842564,Down,47
2026-02-25 11:20:00,264.0,264.0,263.5,263.8,264.20014044918236,265.60631992873203,270.6029075372498,266.12734060842564,Down,26
2026-02-25 11:30:00,263.8,263.9,263.7,263.8,264.16376404471123,265.5354838530955,270.5352169149886,266.12734060842564,Down,20
2026-02-25 11:40:00,263.8,263.8,262.9,263.0,264.05796731337387,265.4360531137585,270.46023963225247,265.86224714221885,Down,38
2026-02-25 11:50:00,262.9,263.2,262.7,263.1,263.9708793757944,265.34444318772876,270.38700341700616,265.4156792201989,Down,59
2026-02-25 12:00:00,263.1,263.4,262.8,263.0,263.8826176143586,265.2525042391904,270.31350089544395,265.4156792201989,Down,28
2026-02-25 12:10:00,263.0,263.0,262.2,262.8,263.7841978312351,265.1563276023594,270.2387396925042,265.1270076199991,Down,66
2026-02-25 12:20:00,262.8,262.8,262.3,262.3,263.6492707556683,265.04431475520806,270.15974725775294,265.02909783636284,Down,11
2026-02-25 12:30:00,262.3,262.4,262.0,262.0,263.49933705060755,264.92492986284697,270.07855574275044,264.59917985123894,Down,133
2026-02-25 12:40:00,262.0,262.1,261.8,261.9,263.3539427732796,264.80630516234316,269.99717707864346,264.24016350112635,Down,24
2026-02-25 12:50:00,261.8,262.0,261.5,261.9,263.2217661575269,264.69233241087875,269.9166081524878,264.0137850010239,Down,44
2026-02-25 13:00:00,261.9,261.9,261.6,261.6,263.074332870479,264.5710644731972,269.83385583256256,263.9170772736581,Down,25
2026-02-25 13:10:00,261.6,262.0,261.5,261.6,262.9403026095264,264.454552140915,269.75192691880574,263.90188843059826,Down,39
2026-02-25 13:20:00,261.6,262.4,261.6,262.0,262.8548205541149,264.3582951942124,269.6747933176236,263.90188843059826,Down,38
2026-02-25 13:30:00,262.0,262.2,261.8,262.2,262.7952914128317,264.2736561669884,269.6004172647119,263.90188843059826,Down,12
2026-02-25 13:40:00,262.2,262.3,262.0,262.0,262.7229921934834,264.1844931800477,269.524791222277,263.90188843059826,Down,23
2026-02-25 13:50:00,262.0,262.0,261.6,261.7,262.6299929031667,264.0870620749478,269.4469326031499,263.85317152557764,Down,30
2026-02-25 14:00:00,261.7,261.9,261.6,261.7,262.5454480937879,263.9934517974989,269.36984869665093,263.72561047779783,Down,22
2026-02-25 14:10:00,261.7,262.3,261.5,262.3,262.5231346307163,263.9270419230872,269.2995019434504,263.72561047779783,Down,24
2026-02-25 14:20:00,262.3,262.3,261.9,262.0,262.4755769370148,263.85147165159356,269.2268700833166,263.72561047779783,Down,17
2026-02-25 14:30:00,262.0,262.3,262.0,262.3,262.4596153972862,263.79062962604087,269.1579460028856,263.72561047779783,Down,14
2026-02-25 14:40:00,262.3,262.7,262.0,262.3,262.44510490662384,263.73217356227457,269.08970773420015,263.72561047779783,Down,42
2026-02-25 14:50:00,262.3,262.3,261.9,262.0,262.4046408242035,263.6642451872834,269.019163378636,263.72561047779783,Down,13
2026-02-25 15:00:00,262.0,262.3,262.0,262.3,262.3951280220032,263.6107453760174,268.9523060315849,263.72561047779783,Down,29
2026-02-25 15:10:00,262.3,262.3,261.9,261.9,262.35011638363926,263.54365732205594,268.88213383226565,263.72561047779783,Down,18
2026-02-25 15:20:00,261.9,261.9,261.6,261.6,262.2819239851266,263.46743546628903,268.8096747891585,263.58538161397564,Down,15
2026-02-25 15:30:00,261.6,262.0,261.6,261.7,262.22902180466053,263.3981242715326,268.7389317564306,263.58538161397564,Down,39
2026-02-25 15:40:00,261.7,262.2,261.7,262.0,262.20820164060046,263.3432958687274,268.67187770910294,263.58538161397564,Down,23
2026-02-25 15:50:00,262.0,262.2,261.9,262.2,262.2074560369095,263.2984607366204,268.60748091597753,263.58538161397564,Down,7
2026-02-25 16:00:00,262.2,262.3,261.9,261.9,262.1795054880995,263.24361913910593,268.54073981233597,263.58538161397564,Down,5
2026-02-25 16:10:00,261.9,262.0,261.8,262.0,262.16318680736316,263.19484976110175,268.47565782415353,263.5706941366248,Down,10
2026-02-25 16:20:00,262.0,262.2,261.8,262.2,262.1665334612392,263.1558360449801,268.4132134676943,263.5706941366248,Down,13
2026-02-25 16:30:00,262.2,262.5,262.0,262.0,262.15139405567203,263.1105091412554,268.349400398364,263.5706941366248,Down,80
2026-02-25 16:40:00,262.0,262.5,262.0,262.1,262.1467218687927,263.0708813317944,268.2872173098231,263.5706941366248,Down,39
2026-02-25 16:50:00,262.1,262.5,262.1,262.2,262.15156533526607,263.0367291227044,268.2266479833572,263.5706941366248,Down,5
2026-02-25 17:00:00,262.2,262.9,262.2,262.5,262.18324121387826,263.01568092181407,268.16966641138356,263.5706941366248,Down,48
2026-02-25 17:10:00,262.5,263.1,262.5,262.8,262.2393101944348,263.0072228464488,268.11623689485236,263.5706941366248,Down,70
2026-02-25 17:20:00,262.8,262.8,261.9,262.0,262.21755472221344,262.96772391129394,268.05537881629664,263.5706941366248,Down,126
2026-02-25 17:30:00,262.0,262.5,261.9,262.4,262.23414065655766,262.9454602284981,267.9991063902639,263.5706941366248,Down,45
2026-02-25 17:40:00,262.9,262.9,262.3,262.9,262.29467332414333,262.94367747443937,267.94836901324635,263.5706941366248,Down,40
2026-02-25 17:50:00,262.9,263.3,262.4,263.2,262.3769757492212,262.95372933818686,267.9011215603782,263.5706941366248,Down,38
2026-02-25 18:00:00,263.2,265.9,263.2,265.5,262.6608870447465,263.05358308963054,267.8772298035586,261.54551619380464,Up,333
2026-02-25 18:10:00,265.7,266.5,265.3,266.0,262.96444276795137,263.1691288508215,267.8585509000406,262.7322874489133,Up,206
2026-02-25 18:20:00,265.9,266.4,265.1,266.1,263.2494934254103,263.2840649743187,267.8410528811347,262.7322874489133,Up,153
2026-02-25 18:30:00,266.1,266.4,265.5,266.4,263.5359031140094,263.4062585047376,267.82671404649653,262.7322874489133,Up,160
2026-02-25 18:40:00,266.4,266.6,265.5,266.5,263.80536646728126,263.52758170063026,267.8135129117055,262.7322874489133,Up,113
2026-02-25 18:50:00,266.5,266.5,264.8,265.2,263.932151333892,263.5931667319781,267.78750780810645,262.7322874489133,Up,188
2026-02-25 19:00:00,265.2,267.1,265.1,266.9,264.20195575808367,263.72284646797897,267.7786768846427,262.7322874489133,Up,157
2026-02-25 19:10:00,266.9,266.9,264.8,265.2,264.29268705280333,263.78077405747,267.7530184081786,262.7322874489133,Up,146
2026-02-25 19:20:00,265.2,265.7,264.1,265.7,264.42062459345755,263.85603781992216,267.73259036431614,262.7322874489133,Up,240
2026-02-25 19:30:00,265.7,267.0,265.3,267.0,264.65511326677955,263.97933045443506,267.7253009079548,262.7322874489133,Up,112
2026-02-25 19:40:00,267.0,267.3,266.1,266.8,264.8501029697996,264.089944946418,267.7160939337464,262.7322874489133,Up,147
2026-02-25 19:50:00,266.8,267.0,266.3,267.0,265.04554815436325,264.20406475244084,267.70896862097277,262.7322874489133,Up,81
2026-02-25 20:00:00,267.0,267.3,266.1,267.2,265.2414074130575,264.32155240920787,267.703904256585,262.7322874489133,Up,83
2026-02-25 20:10:00,267.2,267.5,266.5,267.0,265.40127946641593,264.4265895696311,267.6969002341314,262.7322874489133,Up,96
2026-02-25 20:20:00,267.0,268.1,266.4,267.5,265.5920722421963,264.54711546886125,267.6949410278217,262.7322874489133,Up,130
2026-02-25 20:30:00,267.5,267.6,266.9,267.5,265.7655202201785,264.66291486223923,267.6930013161021,262.7322874489133,Up,67
2026-02-25 20:40:00,267.5,267.8,267.2,267.6,265.93229110925313,264.77809467156317,267.69207592987226,263.04927436737387,Up,57
2026-02-25 20:50:00,267.6,268.2,267.4,268.1,266.1293555538665,264.90836546875676,267.69613487584365,263.46297669761253,Up,89
2026-02-25 21:00:00,268.1,269.3,268.1,268.8,266.3721414126059,265.06097858762905,267.7071186084224,264.3208879069206,Up,145
2026-02-25 21:10:00,268.8,268.8,267.6,268.4,266.5564921932781,265.19192060380044,267.71401295062714,264.3208879069206,Up,110
2026-02-25 21:20:00,268.5,268.5,268.1,268.1,266.69681108479824,265.3059629330632,267.71785361778507,264.3208879069206,Up,28
2026-02-25 21:30:00,268.1,268.7,267.8,268.7,266.8789191679984,265.4390624258843,267.7276262186031,264.3208879069206,Up,57
2026-02-25 21:40:00,268.7,268.7,268.0,268.3,267.008108334544,265.55125605624175,267.73332148010957,264.3588845754529,Up,50
2026-02-25 21:50:00,268.3,269.5,268.3,269.1,267.1982803041309,265.69042248540876,267.7469202713523,264.8353496140481,Up,79
2026-02-25 22:00:00,269.1,269.8,269.1,269.2,267.38025482193717,265.82805297617705,267.76137877611495,265.50031783095284,Up,68
2026-02-25 22:10:00,269.2,270.8,268.4,270.0,267.6184134744883,265.99165874181716,267.7836536141636,265.50031783095284,Up,247
2026-02-25 22:20:00,270.0,270.6,269.7,270.0,267.8349213404439,266.14884859507924,267.8057068120326,265.76513870326676,Up,107
2026-02-25 22:30:00,270.0,270.0,269.2,269.8,268.013564854949,266.29203100311537,267.8255505253457,265.76513870326676,Up,39
2026-02-25 22:40:00,269.9,269.9,269.5,269.5,268.14869532268085,266.41783370887555,267.8422117141482,265.76513870326676,Up,33
2026-02-25 22:50:00,269.5,269.9,269.3,269.6,268.28063211152806,266.5426245438216,267.85970214485326,265.76513870326676,Up,37
2026-02-25 23:00:00,269.6,270.4,269.6,270.3,268.46421101048,266.6899726009267,267.8839837155512,266.1770498622135,Up,62
2026-02-25 23:10:00,270.3,270.3,268.3,268.8,268.49473728225456,266.7727187734394,267.89309830544624,266.1770498622135,Up,129
2026-02-25 23:20:00,268.8,268.8,267.3,268.2,268.4679429838678,266.82869058624567,267.8961520536508,266.1770498622135,Up,109
2026-02-25 23:30:00,268.2,268.5,267.7,268.2,268.4435845307889,266.88246742600074,267.89917541630103,266.1770498622135,Up,52
2026-02-25 23:40:00,268.2,268.2,267.6,267.9,268.39416775526263,266.9223706641968,267.899183621114,266.1770498622135,Up,32
2026-02-25 23:50:00,267.9,268.3,267.5,267.5,268.31287977751145,266.9450227950126,267.8952116447845,266.1770498622135,Up,48
2026-02-26 00:00:00,267.5,267.8,267.3,267.4,268.2298907068286,266.96286503834546,267.89028416573194,266.1770498622135,Up,37
2026-02-26 09:00:00,264.6,264.9,261.4,264.3,267.8726279152987,266.8584389584104,267.85455994517736,268.8111349783847,Down,223
2026-02-26 09:10:00,264.3,265.0,264.0,264.8,267.593298104817,266.77771586200214,267.8241663138821,268.8111349783847,Down,251
2026-02-26 09:20:00,264.9,265.3,264.5,265.3,267.38481645892455,266.719766220355,267.7990502311569,268.8111349783847,Down,157
2026-02-26 09:30:00,265.3,265.3,264.8,265.0,267.1680149626587,266.65232440779204,267.7711989850758,268.8111349783847,Down,50
2026-02-26 09:40:00,265.0,265.0,264.4,264.6,266.9345590569624,266.5718410976826,267.73964476631886,268.8111349783847,Down,34
2026-02-26 09:50:00,264.6,264.9,264.3,264.3,266.69505368814765,266.4827492899303,267.70541944526093,268.8111349783847,Down,39
2026-02-26 10:00:00,264.3,264.5,264.1,264.1,266.4591397164979,266.3893081413056,267.6695446249101,268.58076740139614,Down,35
2026-02-26 10:10:00,264.1,264.2,263.8,263.9,266.2264906513617,266.2916882141956,267.63203671819457,268.03706127399647,Down,41
2026-02-26 10:20:00,263.9,264.2,263.8,264.2,266.04226422851065,266.2096612254036,267.5978870991081,267.8155102490877,Down,27
2026-02-26 10:30:00,264.2,264.3,263.9,264.0,265.8566038441006,266.1230078440152,267.5620872274752,267.7141002264434,Down,14
2026-02-26 10:40:00,263.9,264.6,263.8,264.6,265.74236713100055,266.0632820462107,267.53261372272425,267.7141002264434,Down,47
2026-02-26 10:50:00,264.6,264.8,264.2,264.2,265.6021519372732,265.99021216204557,267.4994533871748,267.7141002264434,Down,26
2026-02-26 11:00:00,264.2,264.2,263.3,263.3,265.39286539752106,265.8847136458869,267.4576677813323,267.2313675630679,Down,63
2026-02-26 11:10:00,263.3,263.4,262.5,262.6,265.138968543201,265.75590134604823,267.40933277853304,266.44215233006173,Down,94
2026-02-26 11:20:00,262.6,263.4,262.3,263.0,264.9445168574554,265.64782678345813,267.36545882053775,266.42468393641974,Down,80
2026-02-26 11:30:00,263.0,263.2,262.0,262.0,264.67683350677765,265.5047747527343,267.31207117058216,266.28607630583616,Down,131
2026-02-26 11:40:00,262.0,262.7,262.0,262.5,264.47893955161607,265.3869404487055,267.2641898654023,265.9555239143965,Down,46
2026-02-26 11:50:00,262.5,262.6,261.6,261.6,264.21721777419646,265.23843298012883,267.2078297672391,265.74138537672405,Down,81
2026-02-26 12:00:00,261.6,261.9,261.2,261.5,263.97019797654224,265.09182776522186,267.15103544119694,265.1148957970218,Down,119
2026-02-26 12:10:00,261.5,261.7,261.4,261.5,263.7456345241293,264.95097177442887,267.09480623282684,264.8999052700198,Down,56
2026-02-26 12:20:00,261.5,261.9,261.5,261.7,263.5596677492084,264.8234826852356,267.04112656881864,264.89082297274535,Down,39
2026-02-26 12:30:00,261.7,261.7,261.1,261.1,263.33606159018944,264.67746375640286,266.98201088156674,264.518929975223,Down,59
2026-02-26 12:40:00,261.2,261.4,260.2,260.9,263.11460144562676,264.5293279228184,266.92149336035715,264.07175452292995,Down,265
2026-02-26 12:50:00,260.9,261.4,260.8,261.1,262.9314558596607,264.3948444748648,266.86356805328893,264.07175452292995,Down,72
2026-02-26 13:00:00,261.1,261.3,260.5,260.5,262.7104144178733,264.24210547585045,266.80024896818156,264.07175452292995,Down,53
2026-02-26 13:10:00,260.5,260.9,260.5,260.8,262.5367403798848,264.10712094738574,266.7405449983489,263.74835050558227,Down,18
2026-02-26 13:20:00,260.8,260.9,260.6,260.9,262.38794579989525,263.98135149846865,266.6824301227435,263.6303186414384,Down,17
2026-02-26 13:30:00,260.9,260.9,260.2,260.5,262.21631436354113,263.8448279102934,266.62091340510426,263.4230169467621,Down,61
2026-02-26 13:40:00,260.5,260.5,260.0,260.3,262.04210396685556,263.7058150510662,266.55801874435696,263.0436517697838,Down,66
2026-02-26 13:50:00,260.3,260.8,260.3,260.8,261.92918542441413,263.5918615196519,266.5007250255077,263.0436517697838,Down,45
2026-02-26 14:00:00,260.7,261.0,260.5,260.5,261.7992594767401,263.470612048293,266.4410163187862,263.0436517697838,Down,28
2026-02-26 14:10:00,260.6,260.6,260.3,260.5,261.6811449788546,263.35411745816384,266.38190172854956,262.97355504867306,Down,11
2026-02-26 14:20:00,260.5,260.5,260.2,260.3,261.55558634441326,263.234348146079,266.3213852934396,262.7532318624301,Down,33
2026-02-26 14:30:00,260.3,260.4,259.5,259.6,261.3778057676484,263.09182468937,266.25450583778354,262.4620289658455,Down,135
2026-02-26 14:40:00,259.7,260.0,259.6,260.0,261.25255069786215,262.97057666233593,266.1922719488504,262.2291172416777,Down,54
2026-02-26 14:50:00,260.0,260.2,259.7,260.1,261.1477733616928,262.85800502851885,266.1316523274688,262.2291172416777,Down,39
2026-02-26 15:00:00,260.1,260.4,260.0,260.3,261.07070305608437,262.75769110583184,266.07362593615073,262.2291172416777,Down,37
2026-02-26 15:10:00,260.3,260.6,260.3,260.3,261.0006391418949,262.66131106246587,266.0161769218607,262.2291172416777,Down,48
2026-02-26 15:20:00,260.3,260.5,260.2,260.4,260.94603558354083,262.5726321972711,265.96029456442926,262.2291172416777,Down,47
2026-02-26 15:30:00,260.4,260.5,260.2,260.2,260.8782141668553,262.47958779737814,265.9029782006041,262.2291172416777,Down,21
2026-02-26 15:40:00,260.2,260.4,260.0,260.1,260.80746742441386,262.38627062885354,265.8452371239811,262.20016304359694,Down,29
2026-02-26 15:50:00,260.1,260.3,260.0,260.0,260.7340612949217,262.29269138850634,265.78707556055843,262.0774209487245,Down,28
2026-02-26 16:00:00,260.0,260.3,259.7,259.8,260.649146631747,262.1949387850355,265.7275026694086,261.97038268065864,Down,73
2026-02-26 16:10:00,259.8,260.2,259.5,260.2,260.60831511976994,262.1167058915047,265.6725026428473,261.8958024369624,Down,56
2026-02-26 16:20:00,260.2,260.3,259.6,259.6,260.5166501088818,262.0180115428182,265.6120797309782,261.8958024369624,Down,58
2026-02-26 16:30:00,259.6,259.9,259.1,259.2,260.396954644438,261.9075012862371,265.5482779426103,261.7130598652582,Down,78
2026-02-26 16:40:00,259.2,259.4,258.8,259.2,260.2881405858527,261.8013247652082,265.4851109979077,261.330054422962,Down,182
2026-02-26 16:50:00,259.2,259.6,258.9,259.1,260.18012780532064,261.69539046069025,265.4215775551425,261.330054422962,Down,79
2026-02-26 17:00:00,259.1,259.3,258.9,259.0,260.0728434593824,261.5896888739965,265.3576812610615,261.3198796883984,Down,48
2026-02-26 17:10:00,259.0,259.1,254.1,258.8,259.95713041762036,261.4802893103104,265.29243070124994,260.43625426218034,Down,3582
2026-02-26 17:20:00,258.8,259.4,258.8,259.1,259.879209470564,261.3869446314747,265.23081447536686,260.43625426218034,Down,101
2026-02-26 17:30:00,259.1,259.2,258.7,258.9,259.79019042778543,261.2894173910247,265.1678212965075,260.43625426218034,Down,33
2026-02-26 17:40:00,258.9,260.5,258.9,260.5,259.854718570714,261.25845984627864,265.12137531345763,258.30982065204336,Up,174
2026-02-26 17:50:00,260.5,260.5,259.0,259.0,259.77701688246725,261.1698927934834,265.06046610635855,258.30982065204336,Up,100
2026-02-26 18:00:00,259.0,259.5,258.9,259.1,259.71546989315203,261.0887205270723,265.0011579858973,258.30982065204336,Up,88
2026-02-26 18:10:00,259.1,259.5,258.7,258.7,259.62315444832,260.99504521228516,264.9384598964854,258.30982065204336,Up,80
2026-02-26 18:20:00,258.7,260.1,258.7,259.4,259.6028676802909,260.93249441964656,264.88335084278907,258.30982065204336,Up,63
2026-02-26 18:30:00,259.4,260.0,258.9,259.0,259.5480615275372,260.85671032475847,264.8248100383832,258.30982065204336,Up,101
2026-02-26 18:40:00,259.0,260.3,259.0,260.3,259.61641957048835,260.834878547317,264.7797870529267,258.30982065204336,Up,144
2026-02-26 18:50:00,260.3,260.8,259.1,259.5,259.6058359731712,260.7825303689908,264.7272518583702,258.30982065204336,Up,134
2026-02-26 19:00:00,259.5,260.2,259.1,259.9,259.6325781574284,260.74792133491275,264.6792195015705,258.30982065204336,Up,44
2026-02-26 19:10:00,259.9,260.2,259.2,259.7,259.63870741584395,260.7068263806024,264.6296750289181,258.30982065204336,Up,53
2026-02-26 19:20:00,259.7,260.5,259.6,260.3,259.6988249234945,260.6908724048925,264.58659368534677,258.30982065204336,Up,35
2026-02-26 19:30:00,260.3,260.4,259.6,259.6,259.68984083954047,260.6480930948967,264.5369758377314,258.30982065204336,Up,45
2026-02-26 19:40:00,259.6,260.1,258.8,259.6,259.68167349049133,260.6069914049007,264.48785170004254,258.30982065204336,Up,116
2026-02-26 19:50:00,259.6,259.9,259.0,259.9,259.7015213549921,260.57926625176736,264.4422014343705,258.30982065204336,Up,41
2026-02-26 20:00:00,259.9,261.5,259.9,260.7,259.7922921409019,260.5840009085608,264.4049655992026,258.30982065204336,Up,192
2026-02-26 20:10:00,260.7,260.7,259.3,260.1,259.82026558263806,260.56502048077414,264.3621301206036,258.30982065204336,Up,54
2026-02-26 20:20:00,260.1,260.4,259.8,260.0,259.8366050751255,260.54286281486145,264.3187258407966,258.30982065204336,Up,21
2026-02-26 20:30:00,260.0,260.3,259.6,259.8,259.8332773410231,260.5137309397689,264.27376339461955,258.30982065204336,Up,23
2026-02-26 20:40:00,259.8,259.8,258.3,258.5,259.712070310021,260.43476109899365,264.21631301258356,258.30982065204336,Up,140
2026-02-26 20:50:00,258.5,259.6,258.5,259.3,259.6746093727463,260.390260663739,264.16739447514493,258.30982065204336,Up,94
2026-02-26 21:00:00,259.3,261.4,258.8,261.0,259.7950994297694,260.41417201025905,264.13587811220816,258.30982065204336,Up,250
2026-02-26 21:10:00,261.1,262.8,260.5,261.2,259.9228176634267,260.44498879417046,264.10666539467377,258.30982065204336,Up,429
2026-02-26 21:20:00,261.2,261.7,260.4,261.4,260.0571069667516,260.48244021400694,264.0797334006969,258.30982065204336,Up,105
2026-02-26 21:30:00,261.4,262.5,261.2,261.9,260.2246426970469,260.5380307938498,264.0580445111377,258.30982065204336,Up,188
2026-02-26 21:40:00,261.9,262.0,261.1,261.1,260.304220633679,260.56006880193416,264.02861123241996,258.30982065204336,Up,95
2026-02-26 21:50:00,261.1,261.8,260.6,261.0,260.3674733033445,260.5773210057799,263.9984757972715,258.30982065204336,Up,89
2026-02-26 22:00:00,261.0,261.8,259.3,259.8,260.31588482122226,260.5468378290827,263.9566999186917,258.30982065204336,Up,110
2026-02-26 22:10:00,259.8,260.5,259.6,259.9,260.27807711020205,260.5214716397069,263.9163347453714,258.30982065204336,Up,104
2026-02-26 22:20:00,259.9,260.0,259.5,259.5,260.2073428274564,260.48141392834583,263.87239111606425,258.30982065204336,Up,43
2026-02-26 22:30:00,259.5,259.9,259.3,259.8,260.170311661324,260.45469181350876,263.83186981142677,258.30982065204336,Up,56
2026-02-26 22:40:00,259.6,260.2,259.3,260.0,260.1548287830218,260.4368607619986,263.79374175360164,258.30982065204336,Up,67
2026-02-26 22:50:00,260.0,260.0,259.5,259.5,260.09529889365615,260.4001211242732,263.75101795505833,258.30982065204336,Up,37
2026-02-26 23:00:00,259.5,260.0,259.5,260.0,260.0866353578692,260.3844300997919,263.7136943933165,258.30982065204336,Up,26
2026-02-26 23:10:00,260.0,261.0,259.9,260.5,260.1242139616993,260.38896225274124,263.6817173346765,258.30982065204336,Up,52
2026-02-26 23:20:00,260.5,261.0,260.4,260.4,260.14928541972665,260.3893951055749,263.64906343084886,258.30982065204336,Up,47
2026-02-26 23:30:00,260.4,261.0,260.1,260.5,260.18116856338787,260.3937325524151,263.6177294663628,258.30982065204336,Up,54
2026-02-26 23:40:00,260.5,261.3,260.5,261.0,260.2556077848981,260.41750774643805,263.591682406996,258.30982065204336,Up,53
2026-02-26 23:50:00,261.0,261.5,260.5,260.9,260.31418889536184,260.4364290112836,263.5648994974737,258.30982065204336,Up,106
2026-02-27 00:00:00,260.9,261.4,260.5,260.5,260.3310808139653,260.43892199123326,263.534402985061,258.30982065204336,Up,29
2026-02-27 09:00:00,262.3,262.9,261.6,262.2,260.50098255815027,260.50798387393,263.5211253434186,258.30982065204336,Up,31
2026-02-27 09:10:00,262.2,262.4,261.9,262.2,260.6554386892275,260.5743374475014,263.50797981761343,258.30982065204336,Up,112
2026-02-27 09:20:00,262.2,262.2,261.7,261.8,260.75948971747954,260.6224026456386,263.49098499355756,258.30982065204336,Up,59
2026-02-27 09:30:00,261.8,262.3,261.8,261.9,260.8631724704359,260.6725045026724,263.47515429710427,258.30982065204336,Up,54
2026-02-27 09:40:00,261.9,262.5,261.8,262.1,260.9756113367599,260.72848471825387,263.46147116976994,258.40540879178235,Up,29
2026-02-27 09:50:00,262.1,262.3,262.0,262.2,261.0869193970545,260.78619119989094,263.44891921783193,258.6367352652567,Up,22
2026-02-27 10:00:00,262.2,262.2,261.9,262.2,261.1881085427768,260.8416346822481,263.4364921609381,258.7470320593242,Up,26
2026-02-27 10:10:00,262.2,262.5,262.0,262.0,261.2619168570698,260.8870607731404,263.4221987066004,259.0654836902948,Up,27
2026-02-27 10:20:00,262.0,262.0,261.7,261.8,261.3108335064271,260.9228623114486,263.4060574259377,259.0654836902948,Up,34
2026-02-27 10:30:00,261.8,262.1,261.6,262.1,261.38257591493374,260.9690245737448,263.39306182965976,259.0654836902948,Up,23
2026-02-27 10:40:00,262.1,262.2,261.9,262.1,261.4477962863034,261.01337655124496,263.3801955427975,259.2928878214085,Up,5
2026-02-27 10:50:00,262.1,262.3,262.1,262.1,261.5070875330031,261.05598923550986,263.3674572786901,259.62080711037146,Up,10
2026-02-27 11:00:00,262.1,262.3,262.0,262.3,261.57917048454823,261.10477397137225,263.3568358132305,259.6961882821558,Up,7
2026-02-27 11:10:00,262.3,262.5,262.0,262.0,261.61742771322565,261.1398808744557,263.3433349593675,259.8374438928689,Up,7
2026-02-27 11:20:00,262.0,262.4,262.0,262.4,261.68857064838693,261.18929731075156,263.3339485418614,259.86131262988084,Up,8
2026-02-27 11:30:00,262.4,263.0,262.4,263.0,261.80779149853356,261.26030525934954,263.33062567079816,260.35573875443714,Up,39
2026-02-27 11:40:00,263.0,263.9,262.9,263.5,261.9616286350305,261.34813642564956,263.3323109875066,260.9052170494883,Up,104
2026-02-27 11:50:00,263.5,263.5,263.1,263.5,262.10148057730044,261.43252323248686,263.3339795348946,260.9052170494883,Up,16
2026-02-27 12:00:00,263.5,263.6,263.1,263.1,262.1922550702731,261.4979144782717,263.33165138031853,260.97414632189117,Up,40
2026-02-27 12:10:00,263.1,263.1,262.6,262.6,262.2293227911574,261.5411335183395,263.3243712670816,260.97414632189117,Up,21
2026-02-27 12:20:00,262.6,262.9,262.5,262.6,262.263020719234,261.5826576940909,263.3171635927823,260.97414632189117,Up,38
2026-02-27 12:30:00,262.6,263.5,262.6,263.3,262.35729156294,261.6500044511854,263.3169928107646,260.97414632189117,Up,19
2026-02-27 12:40:00,263.3,263.3,262.9,262.9,262.4066286935818,261.69902388447224,263.312843628568,260.97414632189117,Up,7
2026-02-27 12:50:00,262.9,263.0,262.9,263.0,262.4605715396198,261.75004255566944,263.30973075664195,260.97414632189117,Up,15
2026-02-27 13:00:00,263.0,263.3,263.0,263.0,262.5096104905635,261.7990604946628,263.30664885856595,261.0884063669787,Up,22
2026-02-27 13:10:00,263.0,263.0,262.6,262.6,262.5178277186941,261.830469887029,263.29961752663996,261.0884063669787,Up,15
2026-02-27 13:20:00,262.6,262.8,262.6,262.8,262.54347974426736,261.86849067577293,263.29464620796693,261.0884063669787,Up,10
2026-02-27 13:30:00,262.8,263.1,262.7,262.8,262.56679976751576,261.90502045319363,263.28972435515135,261.0884063669787,Up,14
2026-02-27 13:40:00,262.8,263.1,262.8,263.1,262.61527251592344,261.95188239620563,263.2878365506225,261.1311941581714,Up,16
2026-02-27 13:50:00,263.1,263.1,262.9,262.9,262.64115683265766,261.98906347870735,263.28397748046706,261.2738128710649,Up,10
2026-02-27 14:00:00,262.9,263.0,262.7,263.0,262.6737789387797,262.02870804816985,263.2811518338953,261.2738128710649,Up,15
2026-02-27 14:10:00,263.0,263.0,262.7,262.9,262.69434448979973,262.0628763600063,263.2773592783342,261.2738128710649,Up,6
2026-02-27 14:20:00,262.9,263.0,262.6,262.8,262.70394953618154,262.09178316941785,263.2726094347687,261.2738128710649,Up,71
2026-02-27 14:30:00,262.8,263.3,262.7,263.0,262.7308632147105,262.1273995157152,263.2698969030795,261.2984583505668,Up,27
2026-02-27 14:40:00,263.0,263.0,263.0,263.0,262.7553301951914,262.1616191425499,263.26721136175536,261.45314395506074,Up,2
2026-02-27 14:50:00,263.0,263.2,262.1,262.1,262.69575472290126,262.1592027055872,263.25559731835483,261.45314395506074,Up,41
2026-02-27 15:00:00,262.1,263.2,262.1,262.8,262.7052315662739,262.18433201125043,263.25106401170456,261.45314395506074,Up,35
2026-02-27 15:10:00,262.8,263.3,262.8,263.0,262.73202869661264,262.21631899120143,263.2485658623344,261.45314395506074,Up,6
2026-02-27 15:20:00,263.0,263.3,263.0,263.3,262.78366245146606,262.2588162856641,263.2490776447987,261.45314395506074,Up,7
2026-02-27 15:30:00,263.3,263.8,263.3,263.6,262.85787495587823,262.311411725442,263.2525694095271,261.5845380997701,Up,29
2026-02-27 15:40:00,263.6,264.7,263.6,264.4,262.9980681417075,262.3933171479737,263.2639866293328,261.9632164543365,Up,104
2026-02-27 15:50:00,264.4,265.2,264.1,264.3,263.1164255833704,262.46808902452375,263.2742952200857,262.26201495848767,Up,74
2026-02-27 16:00:00,264.3,264.6,263.9,264.4,263.2331141667004,262.5438502392483,263.2854962626719,262.26201495848767,Up,27
2026-02-27 16:10:00,264.4,264.5,263.5,264.5,263.3482856060912,262.62056199457186,263.2975808769737,262.26201495848767,Up,72
2026-02-27 16:20:00,264.5,264.6,264.0,264.0,263.40753236917385,262.67465760262786,263.30457012197894,262.26201495848767,Up,66
2026-02-27 16:30:00,264.0,264.7,263.8,264.7,263.52502942652166,262.75408279468166,263.3184549963872,262.26201495848767,Up,27
2026-02-27 16:40:00,264.7,264.7,264.4,264.4,263.6045722059288,262.81862856743925,263.3292166382142,262.26201495848767,Up,8
2026-02-27 16:50:00,264.4,264.6,264.0,264.0,263.640520187208,262.86495685891225,263.3358910995255,262.26201495848767,Up,11
2026-02-27 17:00:00,264.0,264.0,263.4,264.0,263.67320017018903,262.9094683546412,263.34249914828644,262.26201495848767,Up,63
2026-02-27 17:10:00,264.0,264.2,263.8,263.8,263.68472742744456,262.94439116426315,263.3470513955672,262.26201495848767,Up,47
2026-02-27 17:20:00,263.8,264.4,263.6,264.3,263.74066129767687,262.9975522950764,263.35653347123315,262.26201495848767,Up,32
2026-02-27 17:30:00,264.3,264.3,263.6,264.0,263.7642375433426,263.0368639697793,263.3629361232607,262.26201495848767,Up,35
2026-02-27 17:40:00,264.0,264.6,263.8,264.6,263.8402159484932,263.09816342194483,263.3752452165616,262.26201495848767,Up,43
2026-02-27 17:50:00,264.6,265.8,264.2,265.4,263.9820144986302,263.18843152304504,263.3953920303272,262.26201495848767,Up,87
2026-02-27 18:00:00,265.4,265.9,264.8,265.8,264.1472859078456,263.2908459731217,263.41931847778665,262.29120111100593,Up,116
2026-02-27 18:10:00,265.8,266.4,265.6,266.2,264.33389627985963,263.404930444764,263.4469869506445,262.928364646369,Up,138
2026-02-27 18:20:00,266.2,266.2,265.5,266.0,264.48536025441786,263.50669787830265,263.47239006556345,262.928364646369,Up,128
2026-02-27 18:30:00,266.0,266.6,265.7,266.3,264.6503275040162,263.61623913797706,263.50052548779666,263.0527806994785,Up,119
2026-02-27 18:40:00,266.3,266.6,265.7,266.1,264.78211591274203,263.7136415247231,263.5263909058285,263.0527806994785,Up,108
2026-02-27 18:50:00,266.1,267.7,265.9,267.0,264.9837417388564,263.8425183276751,263.5609541803974,263.28824851196566,Up,229
2026-02-27 19:00:00,267.0,267.6,266.6,267.1,265.1761288535058,263.970262706982,263.59616856666213,263.5438622836052,Up,138
2026-02-27 19:10:00,267.1,267.1,265.9,265.9,265.24193532136894,264.04593867925723,263.6190922625163,263.5438622836052,Up,115
2026-02-27 19:20:00,265.8,266.6,265.5,266.4,265.3472139285172,264.1382548094825,263.64676298627234,263.5438622836052,Up,137
2026-02-27 19:30:00,266.4,267.1,266.4,266.4,265.4429217531974,264.2269506993067,263.6741583794437,263.5438622836052,Up,103
2026-02-27 19:40:00,266.4,266.7,266.1,266.2,265.5117470483613,264.30432518168686,263.6992911318871,263.5438622836052,Up,84
2026-02-27 19:50:00,266.2,266.9,265.9,266.5,265.601588225783,264.3904300765227,263.7271588818186,263.5438622836052,Up,102
2026-02-27 20:00:00,266.3,266.9,264.6,264.6,265.5105347507118,264.39864850489437,263.7358438680692,263.5438622836052,Up,115
2026-02-27 20:10:00,264.6,265.2,263.5,263.8,265.3550315915562,264.37517209293776,263.73648223754117,263.5438622836052,Up,237
2026-02-27 20:20:00,263.8,264.0,262.2,263.1,265.15002871959655,264.3251653441951,263.7301490809487,267.69669534680713,Down,318
2026-02-27 20:30:00,263.1,263.9,263.0,263.9,265.0363897450878,264.30849219344236,263.73183913984474,267.69669534680713,Down,110
2026-02-27 20:40:00,263.9,264.8,263.7,264.5,264.98762704098885,264.31600230350347,263.7394825314881,267.69669534680713,Down,160
2026-02-27 20:50:00,264.5,266.1,264.5,264.8,264.9705700372626,264.3349826053269,263.7500349441101,267.69669534680713,Down,207
2026-02-27 21:00:00,264.8,265.4,263.7,263.7,264.85506367023874,264.3100813266866,263.7495370839697,267.69669534680713,Down,158
2026-02-27 21:10:00,263.7,264.3,263.2,263.7,264.7500578820352,264.2861565687773,263.7490441776616,267.69669534680713,Down,128
2026-02-27 21:20:00,263.7,265.0,263.5,264.4,264.7182344382138,264.2906210170605,263.7555213500232,267.69669534680713,Down,78
2026-02-27 21:30:00,264.4,264.8,263.5,263.7,264.6256676711035,264.26745940854835,263.75496889877917,267.69669534680713,Down,93
2026-02-27 21:40:00,263.7,265.3,263.3,264.4,264.6051524282759,264.27265707880133,263.7613871186918,267.69669534680713,Down,166
2026-02-27 21:50:00,264.4,264.8,264.1,264.6,264.60468402570535,264.28549405610323,263.769731525471,267.69669534680713,Down,34
2026-02-27 22:00:00,264.6,266.4,264.5,266.3,264.7588036597321,264.36449428919724,263.79490832621264,267.69669534680713,Down,182
2026-02-27 22:10:00,266.3,267.0,264.8,265.4,264.81709423612006,264.40510235628756,263.81087938764335,267.69669534680713,Down,249
2026-02-27 22:20:00,265.4,266.3,265.4,265.9,264.9155402146546,264.4637257932959,263.83166665741805,267.69669534680713,Down,37
2026-02-27 22:30:00,265.9,266.3,265.4,265.9,265.0050365587769,264.5200502719902,263.85224708868753,267.69669534680713,Down,98
2026-02-27 22:40:00,265.9,266.0,265.5,265.8,265.07730596252446,264.570244378971,263.87162771467075,267.69669534680713,Down,31
2026-02-27 22:50:00,265.5,265.8,264.8,265.0,265.0702781477495,264.58709754058,263.88285529959944,267.69669534680713,Down,37
2026-02-27 23:00:00,265.0,265.0,264.5,265.0,265.0638892252268,264.60328979389055,263.89397116726514,267.69669534680713,Down,113
2026-02-27 23:10:00,265.0,266.0,265.0,265.3,265.08535384111525,264.6306117627576,263.9079615039093,267.69669534680713,Down,87
2026-02-27 23:20:00,265.3,265.4,264.1,264.8,265.05941258283207,264.6372544387279,263.9168375088455,267.69669534680713,Down,121
2026-02-27 23:30:00,264.8,265.7,264.7,265.1,265.06310234802913,264.65540132348366,263.92861026995155,267.69669534680713,Down,55
2026-02-27 23:40:00,265.1,265.9,264.7,265.9,265.13918395275374,264.7042091147196,263.948226088161,267.69669534680713,Down,40
2026-02-27 23:50:00,265.9,266.8,265.6,266.1,265.22653086613974,264.7589460121816,263.96963677385094,267.69669534680713,Down,185
2026-02-28 00:00:00,266.1,266.1,265.0,265.8,265.2786644237634,264.7997716587627,263.9878493432654,267.69669534680713,Down,81
2026-03-03 17:00:00,269.5,286.1,269.5,286.1,267.1715131125122,265.63507473096814,264.2078707428349,266.2639000183906,Up,66
2026-03-03 17:10:00,286.1,291.6,286.1,290.3,269.2741028295565,266.6023267023027,264.4674939195232,276.36263638035507,Up,2009
2026-03-03 17:20:00,290.3,290.6,288.6,290.3,271.1855480268695,267.531647223781,264.7245337810205,277.52057852759555,Up,590
2026-03-03 17:30:00,290.3,291.6,290.3,291.6,273.04140729715414,268.47550419539743,264.99195135533876,279.4959804796323,Up,362
2026-03-03 17:40:00,291.6,293.4,291.6,292.1,274.7740066337765,269.4019550112642,265.2616831826488,281.4327095269384,Up,278
2026-03-03 17:50:00,292.2,293.0,290.3,290.7,276.22182421252404,270.23717246180286,265.514800762921,281.4327095269384,Up,639
2026-03-03 18:00:00,290.6,291.6,289.7,290.2,277.49256746593096,271.0200284436929,265.7604246359268,281.4327095269384,Up,512
2026-03-03 18:10:00,290.2,290.9,289.8,290.3,278.6568795144827,271.77610575962655,266.0045995151714,281.4327095269384,Up,338
2026-03-03 18:20:00,290.3,290.9,289.2,289.9,279.6789813768024,272.48684671022943,266.24236469412494,281.4327095269384,Up,320
2026-03-03 18:30:00,289.9,291.7,288.7,289.4,280.56271034254763,273.1501076235538,266.47278892602424,281.4327095269384,Up,422
2026-03-03 18:40:00,289.4,291.3,289.0,290.4,281.45700940231603,273.8265739912576,266.71087062825285,281.4327095269384,Up,404
2026-03-03 18:50:00,290.5,291.6,289.6,290.6,282.28819036574185,274.4843554033651,266.94857340807124,281.4327095269384,Up,206
2026-03-03 19:00:00,290.7,292.5,290.2,291.6,283.13471851431075,275.15555715225275,267.1938612348566,281.6142577215816,Up,290
2026-03-03 19:10:00,291.6,293.9,291.5,293.0,284.03156228573704,275.8553392247135,267.4506387350073,282.97659792871053,Up,451
2026-03-03 19:20:00,293.0,293.9,292.2,293.8,284.9196020779427,276.5590514119796,267.71282143416147,283.5923617533732,Up,231
2026-03-03 19:30:00,293.8,294.7,293.2,294.2,285.76327461631155,277.2508533173922,267.97637544974197,284.8066925030666,Up,308
2026-03-03 19:40:00,294.0,295.3,293.5,295.1,286.6120678330105,277.9508198539651,268.2462622611873,285.4333568209696,Up,363
2026-03-03 19:50:00,295.1,297.3,294.7,297.3,287.5836980300095,278.709611232241,268.5353541789865,286.9030516554269,Up,505
2026-03-03 20:00:00,297.3,298.6,296.4,298.4,288.5669982090995,279.48178334078057,268.83251483392195,288.430046959479,Up,383
2026-03-03 20:10:00,298.4,298.4,293.3,295.7,289.21545291736317,280.1177918372206,269.0998529947785,288.430046959479,Up,587
2026-03-03 20:20:00,295.7,296.0,294.5,296.0,289.8322299248756,280.74062352987863,269.36751614905927,288.430046959479,Up,178
2026-03-03 20:30:00,296.0,296.1,294.2,295.1,290.31111811352326,281.3037363326285,269.6235607644915,288.430046959479,Up,155
2026-03-03 20:40:00,295.1,295.8,294.0,294.2,290.6646528304757,281.80947216272153,269.8681024484269,288.430046959479,Up,200
2026-03-03 20:50:00,294.2,294.7,292.9,293.9,290.9587753004324,282.28361050928146,270.107225807149,288.430046959479,Up,223
2026-03-03 21:00:00,293.9,294.0,292.1,292.4,291.08979572766583,282.6803316657802,270.32904445583415,288.430046959479,Up,275
2026-03-03 21:10:00,292.4,294.8,292.4,293.7,291.3270870251507,283.1124755220241,270.56159127716916,288.430046959479,Up,236
2026-03-03 21:20:00,293.7,294.0,292.6,293.8,291.5518972955915,283.53159412900357,270.79281922466,288.430046959479,Up,128
2026-03-03 21:30:00,293.8,294.4,290.9,292.1,291.6017248141741,283.86761004551323,271.00483097366833,288.430046959479,Up,471
2026-03-03 21:40:00,292.5,293.8,292.4,293.7,291.79247710379457,284.25319396529704,271.2306535510448,288.430046959479,Up,167
2026-03-03 21:50:00,293.6,294.5,293.0,293.8,291.9749791852678,284.62757851567756,271.4552241624772,288.430046959479,Up,112
2026-03-03 22:00:00,293.8,294.8,293.3,293.9,292.14998107751614,284.99120288761173,271.6785552653381,288.430046959479,Up,159
2026-03-03 22:10:00,293.9,294.2,293.0,293.2,292.24543734319644,285.31311649986225,271.8926989940412,288.430046959479,Up,135
2026-03-03 22:20:00,293.2,293.9,290.5,292.2,292.2413066756331,285.58319036261275,272.09476169061793,288.430046959479,Up,361
2026-03-03 22:30:00,291.7,292.4,291.3,291.3,292.1557333414846,285.8073789758436,272.2858585892187,288.430046959479,Up,141
2026-03-03 22:40:00,291.3,293.0,291.3,293.0,292.2324848558951,286.0894425454184,272.49196944902747,288.430046959479,Up,131
2026-03-03 22:50:00,293.0,294.3,292.9,294.1,292.40225895990466,286.40358205344126,272.70697472814163,288.430046959479,Up,281
2026-03-03 23:00:00,294.1,294.2,293.5,294.0,292.5475081453679,286.70148079644355,272.9188456263691,288.430046959479,Up,88
2026-03-03 23:10:00,294.0,295.2,293.9,294.6,292.73409831397083,287.01122664756343,273.1345785057087,288.430046959479,Up,215
2026-03-03 23:20:00,294.6,295.0,294.0,294.3,292.8764530127007,287.2970608966786,273.3451797146071,288.430046959479,Up,88
2026-03-03 23:30:00,294.3,294.4,293.1,293.1,292.8967754660915,287.52462713602455,273.5417450905812,288.430046959479,Up,151
2026-03-03 23:40:00,293.1,293.7,292.0,293.0,292.90615951462865,287.7393476404942,273.7353595672918,288.430046959479,Up,152
2026-03-03 23:50:00,293.0,293.3,291.3,291.3,292.76014501329877,287.8789810663572,273.91013210891083,288.430046959479,Up,334
2026-03-04 00:00:00,291.3,293.0,291.0,291.4,292.63649546663527,288.01706024022553,274.08416064514057,288.430046959479,Up,251
2026-03-04 09:00:00,290.0,290.0,282.8,284.9,291.93317769694113,287.89482258374613,274.1917809372287,295.8805220818014,Down,122
2026-03-04 09:10:00,284.9,285.5,284.2,284.8,291.2847069972192,287.7734569922267,274.2973353557638,293.94138371072864,Down,444
2026-03-04 09:20:00,284.5,284.6,282.5,282.9,290.52246090656286,287.5823410317472,274.38293400894025,292.6512579188442,Down,428
2026-03-04 09:30:00,282.9,283.9,282.7,283.7,289.9022371877844,287.43009236383557,274.4756411332294,292.0102344716765,Down,162
2026-03-04 09:40:00,283.7,283.7,282.8,283.2,289.2929428979858,287.26420638878324,274.5624506741923,291.4956677015241,Down,134
2026-03-04 09:50:00,283.2,284.0,282.9,283.7,288.7844935436235,287.12443358922314,274.6533715630063,291.3460615468401,Down,104
2026-03-04 10:00:00,283.7,284.9,283.6,284.8,288.42226685783953,287.03327933082227,274.75433303999137,291.3460615468401,Down,162
2026-03-04 10:10:00,284.8,284.8,284.0,284.8,288.09296987076317,286.94569974922143,274.85428992516563,291.3460615468401,Down,85
2026-03-04 10:20:00,284.8,284.9,284.2,284.2,287.7390635188756,286.8380252492519,274.94728206521376,291.3460615468401,Down,53
2026-03-04 10:30:00,284.2,284.9,284.0,284.7,287.4627850171596,286.7541811218303,275.0443240347141,290.9973816999113,Down,57
2026-03-04 10:40:00,284.7,284.9,284.1,284.9,287.22980456105415,286.6814681366605,275.1423904622294,290.7430742726466,Down,33
2026-03-04 10:50:00,284.9,285.6,284.8,285.6,287.08164051004917,286.63905762149733,275.24644627852564,290.7430742726466,Down,96
2026-03-04 11:00:00,285.6,286.9,285.4,286.7,287.0469459182265,286.64144751869355,275.36041198719704,290.7430742726466,Down,124
2026-03-04 11:10:00,286.7,286.9,286.1,286.7,287.01540538020595,286.64374369443107,275.47324370871746,290.7430742726466,Down,84
2026-03-04 11:20:00,286.7,287.8,286.5,287.8,287.0867321638236,286.6890870789632,275.59589800017307,290.7430742726466,Down,166
2026-03-04 11:30:00,287.8,288.9,287.3,287.5,287.1243019671124,286.72088758567054,275.71434677629077,290.7430742726466,Down,197
2026-03-04 11:40:00,287.5,288.2,287.1,288.2,287.2220926973749,286.77889199407565,275.83858213175057,290.7430742726466,Down,82
2026-03-04 11:50:00,288.2,288.8,287.3,287.4,287.2382660885226,286.80324917077854,275.9536211155143,290.7430742726466,Down,88
2026-03-04 12:00:00,287.4,287.7,285.8,286.5,287.171150989566,286.7913570464343,276.0585602088923,290.7430742726466,Down,102
2026-03-04 12:10:00,286.5,287.2,286.3,287.2,287.1737736268782,286.8073822602996,276.1694203063163,290.7430742726466,Down,31
2026-03-04 12:20:00,287.2,287.4,286.3,287.0,287.1579760244347,286.81493589715063,276.27718726844245,290.7430742726466,Down,34
2026-03-04 12:30:00,287.0,287.8,286.7,287.2,287.1617963858497,286.8300364502035,276.38587197223904,290.7430742726466,Down,62
2026-03-04 12:40:00,287.2,288.4,286.8,287.5,287.1925421689543,286.8563095305877,276.49646031082375,290.7430742726466,Down,83
2026-03-04 12:50:00,287.5,288.4,287.3,287.6,287.2295837899584,286.8854738627215,276.6069432928056,290.7430742726466,Down,93
2026-03-04 13:00:00,287.6,287.9,286.8,287.2,287.22689435450764,286.89780822104615,276.71234684213096,290.7430742726466,Down,29
2026-03-04 13:10:00,287.2,287.2,285.7,286.5,287.1608130495524,286.8822078986522,276.80973642579136,290.7430742726466,Down,132
2026-03-04 13:20:00,286.8,287.2,286.4,286.5,287.10073913595676,286.867219353607,276.9061569588681,290.7430742726466,Down,65
2026-03-04 13:30:00,286.5,286.9,286.0,286.2,287.0188537599607,286.84105388875975,276.9986330090286,290.7430742726466,Down,66
2026-03-04 13:40:00,286.2,286.7,286.0,286.2,286.94441250905516,286.81591452057313,277.090188899486,290.7430742726466,Down,36
2026-03-04 13:50:00,286.2,287.2,286.2,287.1,286.95855682641377,286.82705512760947,277.18978900993886,290.7430742726466,Down,41
2026-03-04 14:00:00,287.3,287.7,286.8,287.2,286.9805062058307,286.8416804167228,277.2893930993922,290.7430742726466,Down,50
2026-03-04 14:10:00,287.2,288.6,287.2,288.3,287.10046018711876,286.89886941998856,277.3989513770102,290.7430742726466,Down,99
2026-03-04 14:20:00,288.3,288.3,287.6,287.7,287.1549638064716,286.93028630547917,277.5014493732589,290.7430742726466,Down,21
2026-03-04 14:30:00,287.7,288.4,287.3,288.3,287.2590580058832,286.98400056800944,277.60889763820154,290.7430742726466,Down,37
2026-03-04 14:40:00,288.3,288.3,286.5,288.1,287.3355072780756,287.0277652516169,277.7132867164284,290.7430742726466,Down,120
2026-03-04 14:50:00,288.1,288.2,287.1,287.2,287.3231884346142,287.0345195554751,277.8076818734789,290.7430742726466,Down,30
2026-03-04 15:00:00,287.2,287.6,287.0,287.0,287.29380766783106,287.03316584741725,277.89914772548406,290.7430742726466,Down,24
2026-03-04 15:10:00,287.0,287.3,286.7,287.2,287.28527969802826,287.0397083632048,277.99169351926037,290.7430742726466,Down,15
2026-03-04 15:20:00,287.2,287.6,287.0,287.1,287.2684360891166,287.0420727411183,278.0823234344916,290.7430742726466,Down,38
2026-03-04 15:30:00,287.1,287.9,287.0,287.8,287.3167600810151,287.07179537872156,278.17901673365094,290.7430742726466,Down,48
2026-03-04 15:40:00,287.8,288.0,286.3,286.3,287.2243273463773,287.0415288932815,278.2598225372962,290.7430742726466,Down,128
2026-03-04 15:50:00,286.3,286.6,284.6,285.9,287.1039339512521,286.9967630543293,278.33584420359176,290.29023313435465,Down,336
2026-03-04 16:00:00,285.9,285.9,284.0,284.9,286.90357631932005,286.91453705219874,278.4011591866406,289.90475739486783,Down,198
2026-03-04 16:10:00,284.6,285.3,283.5,283.5,286.5941602902909,286.78063363838703,278.4518939211019,289.55887035897075,Down,146
2026-03-04 16:20:00,283.5,283.7,281.5,282.6,286.2310548093554,286.6166872211954,278.49316860845414,288.0898821445189,Down,498
2026-03-04 16:30:00,282.6,283.8,282.6,283.2,285.95550437214126,286.48269948703086,278.5400027516536,288.0898821445189,Down,151
2026-03-04 16:40:00,283.2,283.2,281.8,282.0,285.5959130655829,286.3069073502846,278.5744305849705,287.94287780538747,Down,160
2026-03-04 16:50:00,282.2,282.7,280.6,280.6,285.14173915052993,286.08310706203815,278.5945855045231,287.36170709580676,Down,386
2026-03-04 17:00:00,280.6,281.5,279.7,280.8,284.7470355913908,285.8759263929386,278.6165299273637,286.44700645073345,Down,245
2026-03-04 17:10:00,280.8,281.8,280.8,281.8,284.4791232649007,285.71608614223516,278.6482062464944,286.44700645073345,Down,105
2026-03-04 17:20:00,281.8,283.4,281.5,283.2,284.3628393317279,285.61741609744166,278.69349772662883,286.44700645073345,Down,170
2026-03-04 17:30:00,283.2,283.8,281.8,283.8,284.31167211975264,285.5461448779341,278.74430869452306,286.44700645073345,Down,134
2026-03-04 17:40:00,283.7,283.7,282.4,283.2,284.2106110179569,285.45413919644653,278.7886439313935,286.44700645073345,Down,165
2026-03-04 17:50:00,283.2,283.6,282.0,283.6,284.1551009254154,285.3814278554094,278.8365181211309,286.44700645073345,Down,94
2026-03-04 18:00:00,283.7,283.7,281.5,282.8,284.0319099321958,285.2801953904914,278.8759557517664,286.44700645073345,Down,141
2026-03-04 18:10:00,282.8,282.8,280.8,281.2,283.7744635747234,285.12018772811916,278.8990805701568,286.44700645073345,Down,143
2026-03-04 18:20:00,281.2,283.9,280.9,283.8,283.7767850679304,285.0684156603498,278.94784593761796,286.44700645073345,Down,262
2026-03-04 18:30:00,283.8,284.3,283.3,283.3,283.73344097084583,284.9990660266106,278.99115095316404,286.44700645073345,Down,334
2026-03-04 18:40:00,283.3,283.9,281.8,282.1,283.5849463371325,284.88537716282195,279.0220847745256,286.44700645073345,Down,283
2026-03-04 18:50:00,282.1,282.6,280.0,280.2,283.27722394284774,284.701636881927,279.0338053240328,286.44700645073345,Down,437
2026-03-04 19:00:00,280.2,280.6,276.0,277.6,282.76111267531616,284.4231413179299,279.01953860439073,286.44700645073345,Down,818
2026-03-04 19:10:00,277.6,277.6,274.7,274.8,282.0373751593783,284.04576322703065,278.9775531456406,284.6465120491186,Down,704
2026-03-04 19:20:00,274.8,275.8,274.7,274.9,281.3885228721621,283.68710584557846,278.9369804775248,283.3741018628351,Down,352
2026-03-04 19:30:00,274.9,279.5,274.7,279.5,281.21683897469285,283.5229056163401,278.94258266182806,283.3741018628351,Down,549
2026-03-04 19:40:00,279.5,279.5,277.5,278.3,280.9516717951753,283.31808578824837,278.93618880449645,283.3741018628351,Down,221
2026-03-04 19:50:00,278.3,278.8,275.6,276.2,280.5197016319775,283.03894516910134,278.90896304524773,283.3741018628351,Down,271
2026-03-04 20:00:00,276.0,277.9,276.0,277.8,280.27245602907044,282.8334963389405,278.897928587086,283.3741018628351,Down,155
2026-03-04 20:10:00,277.7,279.4,277.4,278.0,280.0658691173368,282.6439474629036,278.88899397427923,283.3741018628351,Down,203
2026-03-04 20:20:00,278.0,278.9,277.2,277.5,279.83260828848796,282.44222403298585,278.8751731387143,283.3741018628351,Down,80
2026-03-04 20:30:00,277.5,277.8,275.7,275.8,279.46600753498905,282.18174465914325,278.8445744010156,283.3741018628351,Down,193
2026-03-04 20:40:00,275.8,277.2,275.5,276.7,279.21455230453546,281.9667742803533,278.8232353522493,283.3741018628351,Down,165
2026-03-04 20:50:00,276.7,276.7,275.9,276.0,278.92232027685037,281.73278313210415,278.7951434581971,283.3741018628351,Down,62
2026-03-04 21:00:00,276.0,276.1,275.0,275.5,278.61120025168213,281.4883602641785,278.76235596110064,283.3717376035449,Down,146
2026-03-04 21:10:00,275.5,276.6,275.5,275.9,278.3647275015292,281.26920888126955,278.73387480725887,283.3717376035449,Down,110
2026-03-04 21:20:00,275.9,276.1,273.1,273.7,277.9406613650266,280.9723771604355,278.683786500719,282.51879140788833,Down,303
2026-03-04 21:30:00,273.7,273.7,272.2,273.3,277.5187830591151,280.6714996247322,278.6302164857865,280.694355825353,Down,325
2026-03-04 21:40:00,273.3,275.4,273.1,274.5,277.2443482355592,280.4294800316054,278.5891198043359,280.694355825353,Down,157
2026-03-04 21:50:00,274.5,276.5,274.2,274.6,277.0039529414174,280.2008729715424,278.5494270699644,280.694355825353,Down,266
2026-03-04 22:00:00,274.6,275.8,274.3,275.4,276.8581390376522,280.0126034432467,278.5180894871787,280.694355825353,Down,72
2026-03-04 22:10:00,275.4,275.8,274.6,275.3,276.71649003422925,279.82779546508016,278.4860686962615,280.694355825353,Down,66
2026-03-04 22:20:00,275.3,276.5,275.0,275.5,276.60590003111747,279.65807799586133,278.45635656993056,280.694355825353,Down,140
2026-03-04 22:30:00,275.5,275.7,274.7,275.0,276.45990911919773,279.4754082705335,278.42196496226956,280.694355825353,Down,57
2026-03-04 22:40:00,275.0,276.0,274.9,275.9,276.40900829017977,279.33519618149296,278.3968707835405,280.694355825353,Down,62
2026-03-04 22:50:00,275.9,276.5,275.0,275.8,276.35364390016343,279.1965610371207,278.37103127325656,280.694355825353,Down,77
2026-03-04 23:00:00,275.8,277.9,275.7,276.1,276.33058536378496,279.0751272709591,278.3484339471545,280.694355825353,Down,189
2026-03-04 23:10:00,276.1,277.4,275.0,277.0,276.3914412398045,278.99374973092154,278.33501669394894,280.694355825353,Down,205
2026-03-04 23:20:00,277.0,277.8,276.2,276.5,276.4013102180041,278.8959556238266,278.31675782137233,280.694355825353,Down,107
2026-03-04 23:30:00,276.5,277.8,276.3,277.4,276.4921001981855,278.837290697402,278.3076358530005,280.694355825353,Down,78
2026-03-04 23:40:00,277.4,277.4,276.5,277.3,276.56554563471406,278.7770047877,278.2976096256075,280.694355825353,Down,135
2026-03-04 23:50:00,277.3,277.3,276.4,276.7,276.5777687588309,278.6955536195549,278.28171301241736,280.694355825353,Down,114
2026-03-05 00:00:00,276.7,276.7,275.0,275.0,276.43433523530086,278.55062994819986,278.2490591515973,280.694355825353,Down,175
2026-03-05 09:00:00,281.7,281.8,278.1,279.1,276.67666839572803,278.57217387179986,278.2575262247157,280.694355825353,Down,103
2026-03-05 09:10:00,279.1,279.3,278.1,279.0,276.8878803597527,278.5889513670234,278.26491402347483,280.694355825353,Down,258
2026-03-05 09:20:00,279.0,279.0,278.3,278.4,277.0253457815934,278.5815415094931,278.2662581625448,280.694355825353,Down,125
2026-03-05 09:30:00,278.4,278.7,277.7,277.8,277.0957688923576,278.5508928228463,278.26161877784284,280.694355825353,Down,114
2026-03-05 09:40:00,277.8,278.4,277.6,277.6,277.14160808396144,278.51360290822487,278.25503550642156,280.694355825353,Down,90
2026-03-05 09:50:00,277.6,278.9,277.6,278.9,277.3014618945104,278.5287557353533,278.26145306357165,280.694355825353,Down,86
2026-03-05 10:00:00,278.9,279.0,278.5,279.0,277.45587444955487,278.54723590259437,278.2688017893073,280.694355825353,Down,75
2026-03-05 10:10:00,279.0,279.3,278.0,278.7,277.56897677232257,278.55322665151226,278.27309231876694,280.694355825353,Down,138
2026-03-05 10:20:00,278.7,279.0,278.5,278.9,277.6899788839296,278.56682560635494,278.27933020614245,280.694355825353,Down,66
2026-03-05 10:30:00,278.9,279.3,278.8,279.0,277.80907171266324,278.58381283747826,278.28650104986247,280.694355825353,Down,63
2026-03-05 10:40:00,279.0,279.2,278.5,279.0,277.91733792060296,278.6001339026752,278.2936005419037,280.694355825353,Down,62
2026-03-05 10:50:00,279.0,280.8,279.0,280.5,278.1521253823663,278.6746384555115,278.3155547653673,280.694355825353,Down,306
2026-03-05 11:00:00,280.1,280.7,280.0,280.3,278.3473867112421,278.7383781239228,278.335300489095,280.694355825353,Down,76
2026-03-05 11:10:00,280.3,280.4,279.8,280.4,278.533987919311,278.80353976612196,278.3558447628354,280.694355825353,Down,43
2026-03-05 11:20:00,280.4,280.9,279.8,280.3,278.69453447210094,278.862224481176,278.37518959106586,280.694355825353,Down,95
2026-03-05 11:30:00,280.3,280.3,279.0,279.0,278.7223040655463,278.8676274426985,278.38140661006025,280.694355825353,Down,119
2026-03-05 11:40:00,279.0,279.3,277.7,277.7,278.6293673323148,278.82183813122015,278.37462644478603,280.694355825353,Down,153
2026-03-05 11:50:00,277.7,278.4,276.2,278.4,278.6085157566498,278.8052954594076,278.37487891797224,280.694355825353,Down,270
2026-03-05 12:00:00,278.4,278.4,277.5,278.2,278.5713779605907,278.7815583825681,278.3731388292362,280.694355825353,Down,52
2026-03-05 12:10:00,278.2,278.9,278.0,278.0,278.5194345096279,278.7509090342321,278.3694260050647,280.694355825353,Down,50
2026-03-05 12:20:00,278.0,278.8,277.7,277.7,278.44494046329805,278.7096969152426,278.3627650497905,280.694355825353,Down,50
2026-03-05 12:30:00,277.7,277.9,277.0,277.6,278.3681276939073,278.66617938915465,278.3551753478025,280.694355825353,Down,96
2026-03-05 12:40:00,277.6,278.1,277.5,277.6,278.29829790355205,278.62436843271723,278.34766116523735,280.694355825353,Down,56
2026-03-05 12:50:00,277.6,278.0,277.5,277.9,278.2620890032291,278.5959618275126,278.34320682528477,280.694355825353,Down,28
2026-03-05 13:00:00,277.9,278.2,276.9,278.2,278.2564445483901,278.5804339127082,278.34178188174957,280.694355825353,Down,105
2026-03-05 13:10:00,278.2,278.4,277.5,277.6,278.19676777126375,278.5419855239745,278.3344009675033,280.694355825353,Down,47
2026-03-05 13:20:00,277.6,278.5,277.4,278.1,278.18797070114886,278.52465275832844,278.33206861956796,280.694355825353,Down,29
2026-03-05 13:30:00,278.1,278.4,277.9,278.4,278.2072460919535,278.5197644148646,278.3327445537016,280.694355825353,Down,29
2026-03-05 13:40:00,278.4,279.2,277.8,278.8,278.2611328108668,278.53075404565425,278.337393861625,280.694355825353,Down,71
2026-03-05 13:50:00,278.8,278.9,278.3,278.5,278.28284800987893,278.52954800464823,278.3390118331512,280.694355825353,Down,34
2026-03-05 14:00:00,278.7,279.3,278.7,278.9,278.3389527362536,278.54407553387773,278.34459380496065,280.694355825353,Down,74
2026-03-05 14:10:00,278.9,278.9,277.8,278.3,278.33541157841233,278.53450394431394,278.3441500855083,280.694355825353,Down,47
2026-03-05 14:20:00,278.3,278.6,278.2,278.6,278.3594650712839,278.53707241708594,278.3466958558017,280.694355825353,Down,18
2026-03-05 14:30:00,278.6,278.6,277.8,277.8,278.3086046102581,278.5081676164159,278.3412560960425,280.694355825353,Down,37
2026-03-05 14:40:00,277.8,278.5,275.7,276.4,278.1350951002346,278.42549437655646,278.3219401149874,280.694355825353,Down,176
2026-03-05 14:50:00,276.4,276.6,275.8,275.8,277.922813727486,278.32253381276996,278.296846183495,280.55623081884266,Down,183
2026-03-05 15:00:00,275.8,275.8,274.2,274.9,277.6480124795327,278.1883168005045,278.2630467189826,279.54202801712967,Down,258
2026-03-05 15:10:00,274.9,276.2,274.9,275.4,277.4436477086661,278.07897104362195,278.23455869192804,279.54202801712967,Down,109
2026-03-05 15:20:00,275.4,276.7,274.8,276.6,277.36695246242374,278.0209721791662,278.21829442633674,279.54202801712967,Down,133
2026-03-05 15:30:00,276.6,277.0,275.9,276.8,277.31541132947615,277.97309091723815,278.20418204398516,279.54202801712967,Down,89
2026-03-05 15:40:00,276.8,277.1,276.5,276.9,277.2776466631601,277.93100892048375,278.19120510822415,279.54202801712967,Down,65
2026-03-05 15:50:00,276.9,277.8,276.8,277.5,277.29786060287284,277.91410660987657,278.1843274454558,279.54202801712967,Down,85
2026-03-05 16:00:00,277.5,277.5,276.9,277.3,277.29805509352076,277.89002399772454,278.1755281673916,279.54202801712967,Down,60
2026-03-05 16:10:00,277.3,278.9,277.0,278.6,277.4164137213825,277.9178661938922,278.179751767716,279.54202801712967,Down,119
2026-03-05 16:20:00,278.6,278.7,277.8,277.8,277.45128520125684,277.91324399021016,278.1759731431616,279.54202801712967,Down,87
2026-03-05 16:30:00,277.8,279.4,277.8,279.1,277.6011683647789,277.9597834415745,278.1851674402446,279.54202801712967,Down,144
2026-03-05 16:40:00,279.1,279.3,278.7,278.8,277.71015305888994,277.99273311053236,278.19128517715757,279.54202801712967,Down,65
2026-03-05 16:50:00,278.8,279.3,278.5,278.8,277.80923005353634,278.0243906356095,278.19734204106646,279.54202801712967,Down,80
2026-03-05 17:00:00,278.8,279.1,277.9,278.1,277.83566368503307,278.0273557087229,278.19637346354347,279.54202801712967,Down,124
2026-03-05 17:10:00,278.1,279.2,277.9,279.2,277.95969425912097,278.0733417593612,278.20635979723954,279.54202801712967,Down,91
2026-03-05 17:20:00,278.9,279.2,278.3,279.1,278.0633584173827,278.11360286683725,278.2152517395556,279.54202801712967,Down,42
2026-03-05 17:30:00,278.5,278.8,278.2,278.8,278.1303258339843,278.1405204014711,278.2210701302068,279.54202801712967,Down,75
2026-03-05 17:40:00,278.8,278.8,277.5,277.5,278.0730234854403,278.1154019543546,278.21389530304054,279.54202801712967,Down,81
2026-03-05 17:50:00,277.5,278.2,277.3,277.8,278.04820316858206,278.10303325026223,278.20977694181624,279.54202801712967,Down,72
2026-03-05 18:00:00,277.8,278.5,277.3,277.8,278.0256392441655,278.0911495933892,278.2056995593106,279.54202801712967,Down,80
2026-03-05 18:10:00,277.8,277.8,275.6,276.4,277.8778538583323,278.0248300014916,278.18773239951645,279.54202801712967,Down,209
2026-03-05 18:20:00,276.4,277.3,275.6,277.3,277.825321689393,277.99640529555074,278.17889924131237,279.54202801712967,Down,155
2026-03-05 18:30:00,277.4,277.8,276.6,277.4,277.7866560812663,277.973016852588,278.1711490001053,279.54202801712967,Down,100
2026-03-05 18:40:00,277.3,277.6,275.5,275.6,277.58786916478755,277.87995736817277,278.145565427965,279.54202801712967,Down,178
2026-03-05 18:50:00,275.6,276.9,275.6,275.8,277.4253356043523,277.79839041255815,278.1222264684827,279.54202801712967,Down,155
2026-03-05 19:00:00,275.8,277.4,275.5,277.4,277.423032367593,277.7827672591245,278.115040135463,279.54202801712967,Down,142
2026-03-05 19:10:00,277.4,277.5,276.0,276.4,277.33002942508455,277.7285410921,278.0979750594883,279.54202801712967,Down,86
2026-03-05 19:20:00,276.4,277.1,276.2,276.4,277.24548129553136,277.6764414414294,278.0810797852646,279.54202801712967,Down,79
2026-03-05 19:30:00,276.4,276.9,275.6,276.8,277.2049829959376,277.64207118882433,278.0683327227247,279.54202801712967,Down,117
2026-03-05 19:40:00,277.1,277.9,276.9,277.2,277.2045299963069,277.6247350637724,278.05969259613045,279.54202801712967,Down,145
2026-03-05 19:50:00,277.2,278.5,277.2,278.2,277.29502726936994,277.64729447303625,278.06108868970125,279.54202801712967,Down,159
2026-03-05 20:00:00,278.2,278.6,276.5,277.0,277.2682066085181,277.6219103760545,278.0505305932863,279.54202801712967,Down,115
2026-03-05 20:10:00,277.0,277.2,275.6,275.9,277.1438241895619,277.5543844789543,278.02913227892526,279.54202801712967,Down,196
2026-03-05 20:20:00,275.9,276.4,275.7,275.7,277.0125674450562,277.48166351899533,278.0059568333638,279.54202801712967,Down,79
2026-03-05 20:30:00,275.7,276.7,275.7,276.0,276.920515859142,277.42355906727005,277.9859970638777,279.54202801712967,Down,69
2026-03-05 20:40:00,276.0,276.2,274.6,275.0,276.74592350831085,277.32851753522027,277.95628565030677,279.54202801712967,Down,207
2026-03-05 20:50:00,275.0,275.4,274.0,274.8,276.5690213711917,277.22935998481944,277.9248798229405,279.54202801712967,Down,251
2026-03-05 21:00:00,274.8,276.9,274.6,276.4,276.55365579199247,277.1968360638461,277.9097068893789,279.54202801712967,Down,308
2026-03-05 21:10:00,276.4,276.6,274.7,275.7,276.47605071999317,277.1381366103619,277.8877197561513,279.54202801712967,Down,233
2026-03-05 21:20:00,275.7,277.2,275.7,276.9,276.5145915636301,277.1287979197595,277.87789169887617,279.54202801712967,Down,167
2026-03-05 21:30:00,276.9,277.5,275.0,275.5,276.4223559669365,277.06492349153365,277.854231084957,279.54202801712967,Down,164
2026-03-05 21:40:00,275.5,275.7,274.0,275.7,276.3566872426695,277.01139708010095,277.8327959497833,279.54202801712967,Down,335
2026-03-05 21:50:00,275.7,276.8,275.4,276.3,276.35153385697225,276.9834991553911,277.81754424879045,279.54202801712967,Down,209
2026-03-05 22:00:00,276.3,276.6,274.8,275.0,276.2286671427021,276.9057148747875,277.7895089826333,279.54202801712967,Down,135
2026-03-05 22:10:00,275.0,275.6,274.7,274.8,276.09878831154737,276.82313782087425,277.7597626245972,279.54202801712967,Down,83
2026-03-05 22:20:00,274.8,275.5,274.5,275.0,275.99889846504306,276.7516422200557,277.7323022999744,279.54202801712967,Down,120
2026-03-05 22:30:00,275.0,275.6,275.0,275.5,275.95354405913,276.7025582114261,277.7100903367906,279.54202801712967,Down,28
2026-03-05 22:40:00,275.5,276.0,275.3,275.8,275.9395855083,276.6671637717623,277.6910844627927,279.54202801712967,Down,51
2026-03-05 22:50:00,275.8,276.9,275.3,276.8,276.01780500754546,276.6723730356148,277.6822179507251,279.54202801712967,Down,106
2026-03-05 23:00:00,276.8,277.0,276.4,277.0,276.1070954614049,276.6852211518652,277.6754297124094,279.54202801712967,Down,142
2026-03-05 23:10:00,277.0,277.0,275.5,276.0,276.0973595103681,276.658349734145,277.6587587699974,279.54202801712967,Down,145
2026-03-05 23:20:00,276.0,277.6,275.5,276.9,276.17032682760737,276.667826215159,277.65120893149003,279.54202801712967,Down,206
2026-03-05 23:30:00,276.9,277.2,276.2,276.7,276.2184789341885,276.6690879322116,277.6417441660026,279.54202801712967,Down,38
2026-03-05 23:40:00,276.7,277.6,276.6,276.6,276.2531626674441,276.6663786015367,277.6313785524105,279.54202801712967,Down,86
2026-03-05 23:50:00,276.5,278.0,276.2,277.8,276.393784243131,276.7108343426529,277.63305637775966,279.54202801712967,Down,151
2026-03-06 00:00:00,277.8,278.6,277.2,278.6,276.59434931193726,276.78491927039204,277.6426777073342,279.54202801712967,Down,107
2026-03-06 09:00:00,278.5,278.5,277.4,278.0,276.7221357381248,276.8325694950825,277.64623315303237,279.54202801712967,Down,41
2026-03-06 09:10:00,278.0,278.2,277.2,278.2,276.8564870346589,276.88619422076556,277.6517432709126,279.54202801712967,Down,143
2026-03-06 09:20:00,278.2,278.4,277.4,277.4,276.90589730423534,276.90634346701006,277.6492383627443,279.54202801712967,Down,73
2026-03-06 09:30:00,277.4,277.9,277.4,277.7,276.97808845839575,276.9374672526175,277.6497434536623,279.54202801712967,Down,41
2026-03-06 09:40:00,277.7,277.7,277.3,277.6,277.0346258712689,276.9634489289855,277.6492484939244,279.54202801712967,Down,57
2026-03-06 09:50:00,277.6,278.0,277.5,277.8,277.10420533751716,276.996254853339,277.6507485089102,279.54202801712967,Down,37
2026-03-06 10:00:00,277.8,278.0,277.2,277.4,277.1310957613792,277.0120879963453,277.6482534988713,279.54202801712967,Down,46
2026-03-06 10:10:00,277.4,277.7,277.2,277.2,277.137359783072,277.01945709452787,277.6437932650517,279.54202801712967,Down,33
2026-03-06 10:20:00,277.2,277.5,277.1,277.5,277.17032707552,277.0383019143503,277.642362486295,279.54202801712967,Down,18
2026-03-06 10:30:00,277.5,277.9,277.5,277.8,277.22757006865453,277.06817242751305,277.64393101876965,279.54202801712967,Down,20
2026-03-06 10:40:00,277.8,277.8,276.6,276.7,277.1796091533223,277.0537342931008,277.6345386703242,279.54202801712967,Down,67
2026-03-06 10:50:00,276.7,277.1,276.3,276.5,277.1178265030203,277.0320192227831,277.6232497283309,279.54202801712967,Down,58
2026-03-06 11:00:00,276.5,277.3,276.5,277.3,277.13438773001843,277.0425282728701,277.62003331312366,279.54202801712967,Down,46
2026-03-06 11:10:00,277.3,277.8,277.3,277.8,277.1948979363804,277.072233046483,277.6218240264259,279.54202801712967,Down,36
2026-03-06 11:20:00,277.8,277.9,276.7,276.8,277.1589981239822,277.0615572407386,277.6136466729291,279.54202801712967,Down,52
2026-03-06 11:30:00,276.8,277.9,276.6,277.5,277.1899982945293,277.0787510744351,277.61251586026316,279.54202801712967,Down,67
2026-03-06 11:40:00,277.5,278.0,277.1,277.3,277.1999984495721,277.08742750288866,277.6094062497133,279.54202801712967,Down,34
2026-03-06 11:50:00,277.6,277.6,277.0,277.2,277.19999859052007,277.09184211061853,277.6053325556863,279.54202801712967,Down,44
2026-03-06 12:00:00,277.2,277.6,276.8,277.3,277.2090896277455,277.1000051651041,277.6022944208039,279.54202801712967,Down,49
2026-03-06 12:10:00,277.3,277.8,277.1,277.6,277.2446269343141,277.11961280568823,277.60227159074617,279.54202801712967,Down,18
2026-03-06 12:20:00,277.6,277.6,277.0,277.0,277.2223881221037,277.11492210742597,277.59627883859946,279.54202801712967,Down,9
2026-03-06 12:30:00,277.0,277.8,276.8,276.9,277.1930801110034,277.10649378948773,277.58935069095173,279.54202801712967,Down,33
2026-03-06 12:40:00,276.9,276.9,276.5,276.9,277.1664364645485,277.09839599382155,277.58249148009645,279.54202801712967,Down,40
2026-03-06 12:50:00,276.9,276.9,276.1,276.2,277.078578604135,277.06316477837754,277.56873534596616,279.54202801712967,Down,59
2026-03-06 13:00:00,276.2,276.9,276.1,276.8,277.0532532764863,277.0528445909902,277.56108623804613,279.54202801712967,Down,68
2026-03-06 13:10:00,276.8,277.2,276.7,277.0,277.048412069533,277.05077225408866,277.55550329040386,279.54202801712967,Down,28
2026-03-06 13:20:00,277.0,277.5,277.0,277.4,277.0803746086664,277.06446745981066,277.5539559939819,279.54202801712967,Down,53
2026-03-06 13:30:00,277.4,277.4,276.8,277.1,277.08215873515127,277.06586089275925,277.54943901891744,279.54202801712967,Down,17
2026-03-06 13:40:00,277.1,277.7,276.2,277.7,277.1383261228648,277.0907290930432,277.5509371381322,279.54202801712967,Down,93
2026-03-06 13:50:00,277.7,278.0,277.0,277.0,277.12575102078614,277.0871710893945,277.54545517655873,279.54202801712967,Down,118
2026-03-06 14:00:00,277.0,277.6,276.9,277.0,277.1143191098056,277.08375261530057,277.5400277618666,279.54202801712967,Down,43
2026-03-06 14:10:00,277.0,277.5,276.8,277.4,277.14029009982323,277.09615447352405,277.5386344508033,279.54202801712967,Down,41
2026-03-06 14:20:00,277.4,277.9,277.4,277.8,277.20026372711203,277.123756258876,277.54123510303407,279.54202801712967,Down,34
2026-03-06 14:30:00,277.8,277.9,277.5,277.8,277.2547852064655,277.150275621273,277.54380987812823,279.54202801712967,Down,27
2026-03-06 14:40:00,277.8,279.2,277.4,279.2,277.4316229149686,277.2306569694584,277.56028938182845,279.54202801712967,Down,221
2026-03-06 14:50:00,279.1,280.8,278.8,280.8,277.7378390136078,277.3706312059502,277.59252530837745,276.0080390776743,Up,213
2026-03-06 15:00:00,280.8,281.2,280.5,280.7,278.0071263760071,277.5011946880698,277.6234454545627,277.1482173433403,Up,252
2026-03-06 15:10:00,280.7,281.2,280.5,280.6,278.24284216000643,277.62271646500824,277.6530629127263,277.2301975848548,Up,194
2026-03-06 15:20:00,280.7,283.3,280.7,283.3,278.70258378182405,277.8453550350079,277.7092513414554,277.72745234986803,Up,507
2026-03-06 15:30:00,283.3,284.1,282.8,283.6,279.14780343802187,278.07102738657625,277.76786575596833,279.09313849988007,Up,313
2026-03-06 15:40:00,283.6,283.7,281.8,282.5,279.4525485800199,278.24471258710264,277.8149516688443,279.09313849988007,Up,331
2026-03-06 15:50:00,282.5,283.1,282.5,283.0,279.77504416365446,278.43119444643196,277.8665441895523,279.09313849988007,Up,149
2026-03-06 16:00:00,283.0,283.1,282.0,282.2,279.9954946942313,278.5789907426503,277.9096631528404,279.09313849988007,Up,117
2026-03-06 16:10:00,282.2,283.1,282.0,283.1,280.27772244930117,278.75628522333074,277.9613082955982,279.09313849988007,Up,140
2026-03-06 16:20:00,283.0,283.6,282.6,283.6,280.5797476811829,278.9462348224158,278.0174146807167,279.09313849988007,Up,124
2026-03-06 16:30:00,283.6,284.0,283.2,283.3,280.8270433465299,279.11697071173285,278.0699777187195,279.31005192588907,Up,153
2026-03-06 16:40:00,283.3,284.4,283.3,283.7,281.08822122411806,279.29669735048844,278.1259978409213,279.55004720535374,Up,179
2026-03-06 16:50:00,283.7,284.5,283.5,284.2,281.3711102037437,279.4889837289007,278.18643567334993,279.72731564123063,Up,165
2026-03-06 17:00:00,284.2,285.1,283.6,285.0,281.7010092761306,279.70510201404187,278.2542323333166,279.92028694657336,Up,153
2026-03-06 17:10:00,285.0,285.3,283.7,284.5,281.95546297830055,279.89313722917746,278.3163792752737,279.92028694657336,Up,183
2026-03-06 17:20:00,284.5,285.8,284.5,285.3,282.25951179845504,280.10517106332736,278.38586803870385,280.487427228573,Up,182
2026-03-06 17:30:00,285.3,286.6,285.2,286.6,282.65410163495915,280.35987023731457,278.4676006950351,281.15220657142993,Up,340
2026-03-06 17:40:00,286.6,287.9,286.2,287.1,283.05827421359925,280.62418905153754,278.55349521548254,282.1156423376636,Up,539
2026-03-06 17:50:00,287.1,287.7,286.0,286.2,283.34388564872654,280.84284830441845,278.6295798402041,282.1156423376636,Up,226
2026-03-06 18:00:00,286.2,286.4,285.0,286.1,283.5944414988423,281.0490111160099,278.7039123791076,282.1156423376636,Up,315
2026-03-06 18:10:00,286.1,288.1,286.1,288.0,283.99494681712935,281.3215989153821,278.79641076339504,282.1156423376636,Up,437
2026-03-06 18:20:00,288.0,289.2,287.4,288.5,284.40449710648124,281.60310484026905,278.8929638901275,282.7288794055485,Up,384
2026-03-06 18:30:00,288.8,289.0,287.5,288.5,284.7768155513466,281.8735713171213,278.9885562892307,282.7288794055485,Up,285
2026-03-06 18:40:00,288.5,288.5,286.6,287.2,284.9971050466787,282.0824508733126,279.07026219680057,282.7288794055485,Up,253
2026-03-06 18:50:00,287.2,288.4,286.7,287.6,285.23373186061696,282.29882534886895,279.15513520976776,282.7288794055485,Up,254
2026-03-06 19:00:00,287.6,288.4,287.1,287.4,285.4306653278336,282.49887141361916,279.237173665392,282.7288794055485,Up,159
2026-03-06 19:10:00,287.4,288.2,286.6,288.1,285.67333211621235,282.7185235150459,279.32536099210455,282.7288794055485,Up,225
2026-03-06 19:20:00,288.1,290.4,287.8,290.2,286.08484737837483,283.01191474974996,279.4335663553672,282.81515008828296,Up,435
2026-03-06 19:30:00,290.2,292.0,290.1,291.2,286.54986125306806,283.33301613211273,279.55064529710484,284.64559098934814,Up,405
2026-03-06 19:40:00,291.2,293.0,291.2,292.5,287.09078295733457,283.6925056955593,279.67949459763116,285.62326453577106,Up,622
2026-03-06 19:50:00,292.5,292.7,290.8,292.2,287.5552572339405,284.02613292318443,279.80407674093834,285.62326453577106,Up,255
2026-03-06 20:00:00,292.2,292.3,290.1,290.1,287.7865974854004,284.2643237889419,279.90652373854095,285.62326453577106,Up,319
2026-03-06 20:10:00,290.1,291.5,288.8,288.8,287.87872498672766,284.4421934442775,279.99501603965,285.62326453577106,Up,366
2026-03-06 20:20:00,288.8,289.5,288.4,288.5,287.9352045333888,284.60132311312935,280.07964274572316,285.62326453577106,Up,275
2026-03-06 20:30:00,288.5,290.6,288.4,289.7,288.09564048489887,284.80127122633996,280.17536769352694,285.62326453577106,Up,208
2026-03-06 20:40:00,289.8,290.2,288.9,289.8,288.250582258999,284.9972998056992,280.2711351791635,285.62326453577106,Up,215
2026-03-06 20:50:00,289.8,290.6,289.5,290.6,288.46416568999905,285.217013538809,280.3739099535002,285.62326453577106,Up,140
2026-03-06 21:00:00,290.6,291.8,289.9,291.2,288.71287789999917,285.4516404588557,280.48163224252005,285.62326453577106,Up,183
2026-03-06 21:10:00,291.2,291.5,290.4,290.9,288.9117071818174,285.6653016173319,280.5852975933407,285.62326453577106,Up,118
2026-03-06 21:20:00,290.9,291.6,290.8,291.2,289.1197338016522,285.8823486127307,280.69091652276023,285.62326453577106,Up,157
2026-03-06 21:30:00,291.2,292.9,291.0,292.6,289.43612163786565,286.14578592203543,280.80941486581736,285.62326453577106,Up,281
2026-03-06 21:40:00,292.6,293.3,292.0,292.2,289.6873833071506,286.3832060819556,280.92275402138137,286.39331817152447,Up,326
2026-03-06 21:50:00,292.2,292.9,291.2,292.8,289.970348461046,286.63484505913385,281.04093557340747,286.39331817152447,Up,231
2026-03-06 22:00:00,292.8,293.1,292.2,292.3,290.18213496458725,286.85700799799133,281.1529660652144,286.5899323731607,Up,183
2026-03-06 22:10:00,292.4,293.9,292.4,293.9,290.5201226950793,287.13320376277596,281.2798022237695,287.0590294301461,Up,452
2026-03-06 22:20:00,293.9,293.9,293.7,293.9,290.82738426825387,287.3985683210985,281.40537633099564,288.19002675467823,Up,117
2026-03-06 22:30:00,293.9,293.9,293.9,293.9,291.1067129711398,287.6535264261534,281.52970094461756,288.8000243224348,Up,49
2026-03-06 22:40:00,293.9,298.8,293.9,296.3,291.57882997376345,287.9926038212062,281.6766690944224,289.93184029312255,Up,402
2026-03-06 22:50:00,296.1,297.2,296.0,297.0,292.0716636125122,288.345835043904,281.8291400487068,290.3289457210205,Up,254
2026-03-06 23:00:00,297.0,297.9,297.0,297.2,292.53787601137475,288.69305719904503,281.9820839288192,291.4217688372914,Up,277
2026-03-06 23:10:00,297.2,299.4,297.2,299.0,293.1253418285225,289.09725103437665,282.1514164270399,292.019789852083,Up,412
2026-03-06 23:20:00,299.0,301.5,299.0,301.1,293.8503107532023,289.56794707224424,282.3399595471689,293.63162713825733,Up,518
2026-03-06 23:30:00,301.1,302.2,301.0,302.2,294.60937341200207,290.06332169686215,282.53757188998316,295.14693376205213,Up,429
2026-03-06 23:40:00,302.2,302.2,299.1,299.4,295.04488492000183,290.429465944044,282.7053572443117,295.14693376205213,Up,17497
2026-03-06 23:50:00,299.4,299.5,295.6,296.2,295.1498953818199,290.6557613972188,282.83963229660714,295.14693376205213,Up,502
2026-03-07 00:00:00,295.8,297.9,295.5,297.1,295.3271776198362,290.9084766365435,282.981526502611,295.14693376205213,Up,164
2026-03-09 09:00:00,311.3,317.3,311.3,316.0,297.206525108942,291.8924579449144,283.3100685274607,299.7346381818538,Up,5908
2026-03-09 09:10:00,316.0,317.3,315.5,317.3,299.03320464449274,292.888832143153,283.6482768008193,302.50421652895795,Up,632
2026-03-09 09:20:00,317.3,326.3,317.3,322.7,301.18473149499334,294.05789754930385,284.0368511610102,305.8947422990527,Up,1352
2026-03-09 09:30:00,323.0,324.2,319.2,319.4,302.8406649954485,295.0517054885468,284.3887232887613,305.8947422990527,Up,1323
2026-03-09 09:40:00,319.4,323.0,318.1,322.6,304.63696817768044,296.1320307635057,284.76893499733086,305.8947422990527,Up,4609
2026-03-09 09:50:00,322.6,323.7,321.0,323.1,306.3154256160731,297.18959818454476,285.15033862919825,306.29586198275945,Up,565
2026-03-09 10:00:00,323.1,323.5,321.8,322.4,307.7776596509756,298.178241392994,285.52098202592265,307.437147257054,Up,383
2026-03-09 10:10:00,322.4,323.5,322.0,322.6,309.1251451372505,299.13595741679814,285.88992747840103,308.3746793245945,Up,348
2026-03-09 10:20:00,322.5,324.0,322.5,323.7,310.450131942955,300.0992532043747,286.26614710548165,309.6360721132678,Up,306
2026-03-09 10:30:00,323.7,324.0,321.6,322.1,311.50921085723184,300.9620275885169,286.62270285567587,309.6360721132678,Up,306
2026-03-09 10:40:00,322.1,322.1,321.0,321.4,312.40837350657443,301.7635167026927,286.96874561333084,309.6360721132678,Up,312
2026-03-09 10:50:00,321.4,322.0,318.2,318.6,312.97124864234036,302.4237709496459,287.28348446294945,309.6360721132678,Up,432
2026-03-09 11:00:00,318.6,318.6,314.2,315.7,313.2193169475821,302.9444073829932,287.56623586132804,309.6360721132678,Up,1038
2026-03-09 11:10:00,315.7,318.3,314.5,318.0,313.65392449780194,303.5348227797386,287.86905938509597,309.6360721132678,Up,373
2026-03-09 11:20:00,318.0,318.1,314.5,314.9,313.76720408891083,303.9805160040626,288.13802396832887,309.6360721132678,Up,437
2026-03-09 11:30:00,314.9,314.9,311.7,311.9,313.5974582626462,304.29108400390334,288.37446154078333,309.6360721132678,Up,596
2026-03-09 11:40:00,312.2,313.6,307.6,308.4,313.1249620569511,304.4522179645346,288.5737206299298,324.9351995790332,Down,854
2026-03-09 11:50:00,308.1,313.9,308.1,313.5,313.1590564154101,304.8070329463176,288.821743310229,324.9351995790332,Down,729
2026-03-09 12:00:00,313.5,315.2,313.0,314.4,313.2718694685546,305.1832277327365,289.07625332704265,324.9351995790332,Down,387
2026-03-09 12:10:00,315.0,318.6,312.5,317.3,313.6380631532315,305.6583952726292,289.3570866272711,324.9351995790332,Down,405
2026-03-09 12:20:00,317.3,318.2,315.7,317.5,313.98914832111956,306.12277192860455,289.6371156160545,324.9351995790332,Down,267
2026-03-09 12:30:00,317.5,317.5,314.0,314.1,313.99922574647235,306.43560440199263,289.88052740096936,324.9351995790332,Down,311
2026-03-09 12:40:00,314.1,314.3,311.1,313.5,313.95384158770213,306.7126395234831,290.1155470288204,324.9351995790332,Down,413
2026-03-09 12:50:00,313.5,315.6,313.5,314.0,313.9580378070019,306.9984183656995,290.3532032772898,324.9351995790332,Down,284
2026-03-09 13:00:00,313.7,313.9,312.5,312.8,313.852761642729,307.2259313709662,290.57655448846106,324.9351995790332,Down,246
2026-03-09 13:10:00,313.0,314.5,312.8,313.7,313.83887422066266,307.47981641524206,290.8066385234018,324.9351995790332,Down,173
2026-03-09 13:20:00,313.7,314.1,311.7,312.2,313.68988565514786,307.66492165386,291.0195077918257,324.9351995790332,Down,229
2026-03-09 13:30:00,312.3,313.8,312.0,312.9,313.6180778683162,307.8702188439047,291.23722413220554,324.9092874403239,Down,100
2026-03-09 13:40:00,312.9,313.3,311.9,313.1,313.57097988028744,308.07530830100643,291.45476419059156,324.02662494574906,Down,170
2026-03-09 13:50:00,313.1,313.9,312.0,312.9,313.5099817093522,308.2645118970454,291.668149621531,324.02662494574906,Down,128
2026-03-09 14:00:00,312.9,314.9,312.1,314.6,313.60907428122925,308.51296241088676,291.89632723723713,324.02662494574906,Down,150
2026-03-09 14:10:00,314.6,315.2,313.2,314.6,313.6991584374812,308.75166976732254,292.12223442890644,324.02662494574906,Down,197
2026-03-09 14:20:00,314.6,315.4,314.2,314.2,313.74468948861926,308.96532977644716,292.34191368832035,324.02662494574906,Down,183
2026-03-09 14:30:00,314.4,314.8,313.0,314.3,313.79517226238113,309.174532530312,292.56040210933213,323.88420186509177,Down,152
2026-03-09 14:40:00,314.3,315.5,314.0,315.5,313.95015660216467,309.4225900781429,292.78865681471194,323.88420186509177,Down,108
2026-03-09 14:50:00,315.5,315.8,313.8,314.0,313.95468782014973,309.6020963495883,292.9997149558591,323.88420186509177,Down,174
2026-03-09 15:00:00,314.0,315.1,312.8,315.0,314.0497162001361,309.8137788456829,293.21862326475605,323.3995881781306,Down,235
2026-03-09 15:10:00,315.0,315.0,308.0,310.0,313.6815601819419,309.82108163604835,293.38560213774355,322.635989252846,Down,650
2026-03-09 15:20:00,310.0,311.0,307.9,311.0,313.43778198358353,309.8673137287523,293.560869778164,320.70089932076905,Down,390
2026-03-09 15:30:00,311.0,313.0,311.0,312.8,313.37980180325775,309.9823210335071,293.75230390972456,320.70089932076905,Down,478
2026-03-09 15:40:00,312.8,314.0,312.5,313.7,313.4089107302343,310.1281123655265,293.95078844793625,320.70089932076905,Down,189
2026-03-09 15:50:00,313.7,314.4,313.2,313.9,313.45355520930394,310.27602952766273,294.1492880653698,320.70089932076905,Down,96
2026-03-09 16:00:00,313.9,315.0,313.0,314.9,313.5850501902763,310.45736170304855,294.355762810988,320.70089932076905,Down,201
2026-03-09 16:10:00,314.9,316.9,314.3,316.5,313.8500456275239,310.6943279107722,294.57610347953533,320.70089932076905,Down,397
2026-03-09 16:20:00,316.5,317.1,315.1,315.9,314.0364051159308,310.89847191427134,294.7882815543659,320.70089932076905,Down,190
2026-03-09 16:30:00,315.9,316.4,314.3,315.6,314.1785501053916,311.0828455646921,294.9953633299443,320.70089932076905,Down,210
2026-03-09 16:40:00,315.3,315.4,313.9,314.1,314.17140918671964,311.2011653464689,295.1854592172086,320.70089932076905,Down,241
2026-03-09 16:50:00,314.1,315.9,314.1,315.7,314.31037198792694,311.37759023484267,295.38958400111693,320.70089932076905,Down,73
2026-03-09 17:00:00,315.7,316.2,312.0,312.0,314.1003381708427,311.4019984609273,295.5548617722501,320.70089932076905,Down,320
2026-03-09 17:10:00,312.0,314.2,311.7,313.0,314.0003074280388,311.4646651879497,295.72844523720283,320.70089932076905,Down,381
2026-03-09 17:20:00,313.4,315.9,313.4,315.1,314.1002794800352,311.60722733744194,295.9211970258874,320.70089932076905,Down,258
2026-03-09 17:30:00,315.1,315.9,313.0,314.9,314.17298134548656,311.73635567715013,296.1100408365751,320.70089932076905,Down,275
2026-03-09 17:40:00,314.9,315.0,312.7,314.3,314.18452849589687,311.83689074863446,296.2910354551167,320.70089932076905,Down,284
2026-03-09 17:50:00,314.3,314.9,313.4,313.8,314.1495713599062,311.9138754251586,296.4652540078021,320.70089932076905,Down,165
2026-03-09 18:00:00,313.8,314.1,311.0,311.2,313.8814285090056,311.8858803104465,296.6118683957842,320.70089932076905,Down,385
2026-03-09 18:10:00,311.2,313.3,310.6,310.6,313.5831168263687,311.8354536316055,296.75105378488087,320.70089932076905,Down,291
2026-03-09 18:20:00,310.6,313.6,310.5,312.7,313.502833478517,311.8693574107582,296.90974976712084,320.70089932076905,Down,261
2026-03-09 18:30:00,312.7,315.3,312.3,313.6,313.5116667986518,311.93722574759124,297.07582190874155,320.70089932076905,Down,496
2026-03-09 18:40:00,313.6,314.3,309.6,310.4,313.2287879987743,311.8769423849406,297.20840079522173,320.70089932076905,Down,567
2026-03-09 18:50:00,310.4,310.7,307.1,308.4,312.78980727161303,311.7405917031782,297.31975999128923,320.3525024941605,Down,783
2026-03-09 19:00:00,308.5,309.0,304.2,304.2,312.0089157014664,311.44488222462223,297.3882200908784,318.7568204492369,Down,715
2026-03-09 19:10:00,304.2,305.3,301.0,305.3,311.39901427406033,311.2039064511077,297.4669442690786,315.76529131748805,Down,717
2026-03-09 19:20:00,305.4,308.5,304.2,306.5,310.9536493400548,311.0194395314564,297.5568254206301,315.76529131748805,Down,533
2026-03-09 19:30:00,306.5,308.3,303.4,303.4,310.2669539455044,310.7206379812032,297.61496646122083,315.76529131748805,Down,400
2026-03-09 19:40:00,303.4,308.2,303.2,307.3,309.9972308595494,310.5864953152737,297.71133495414404,315.76529131748805,Down,453
2026-03-09 19:50:00,307.2,307.4,304.1,304.3,309.47930078140854,310.33996608722373,297.7768938103217,315.76529131748805,Down,207
2026-03-09 20:00:00,304.3,305.2,302.4,303.9,308.9720916194623,310.0874183975287,297.8378202400698,315.76529131748805,Down,337
2026-03-09 20:10:00,303.9,305.2,302.8,303.7,308.49281056314754,309.83693140154725,297.8961503869348,315.76529131748805,Down,314
2026-03-09 20:20:00,303.7,304.0,301.4,303.3,308.0207368755887,309.5805811505062,297.949920034826,315.76529131748805,Down,278
2026-03-09 20:30:00,303.3,304.0,302.0,302.5,307.51885170508064,309.30291130146674,297.9951944623402,315.71488725372103,Down,167
2026-03-09 20:40:00,302.5,302.5,295.0,296.4,306.50804700461873,308.7969147798406,297.9793218806254,313.0362611397464,Down,883
2026-03-09 20:50:00,296.4,297.0,294.5,294.9,305.45277000419884,308.2519377296508,297.94868186191275,309.64660103613306,Down,549
2026-03-09 21:00:00,294.7,294.7,292.1,294.4,304.4479727310898,307.7087244853508,297.91337159463006,307.0514554873937,Down,543
2026-03-09 21:10:00,294.2,296.4,293.5,296.2,303.69815702826344,307.2574019565135,297.8963231210517,307.0514554873937,Down,344
2026-03-09 21:20:00,296.2,297.0,294.7,295.4,302.94377911660314,306.7924058013561,297.8714840850214,307.0514554873937,Down,386
2026-03-09 21:30:00,295.4,295.4,293.1,294.5,302.17616283327555,306.3103506718912,297.8379369796978,306.9747599454498,Down,239
2026-03-09 21:40:00,294.3,295.7,291.5,292.4,301.2874207575232,305.76484672397385,297.7838281540292,306.6952363140453,Down,438
2026-03-09 21:50:00,292.4,293.0,290.8,292.7,300.5067461432029,305.25249979362195,297.73324279926277,304.6047602854957,Down,341
2026-03-09 22:00:00,292.7,293.3,290.2,291.6,299.6970419483663,304.7171076448525,297.67221550772786,304.4270548049961,Down,271
2026-03-09 22:10:00,291.6,292.7,290.8,291.6,298.9609472257875,304.202711266623,297.61179545292464,303.96550436817824,Down,184
2026-03-09 22:20:00,291.6,291.8,287.9,288.2,297.98267929617043,303.57515396204957,297.5181457469254,302.373185789253,Down,558
2026-03-09 22:30:00,288.2,290.5,288.1,290.0,297.25698117833673,303.04279498314565,297.443338326558,301.55744162659363,Down,311
2026-03-09 22:40:00,290.0,291.1,289.9,290.2,296.6154374348516,302.53915596419876,297.3712653083833,301.55744162659363,Down,119
2026-03-09 22:50:00,290.2,293.5,289.2,293.5,296.33221584986507,302.1846792597204,297.33274525556357,301.55744162659363,Down,263
2026-03-09 23:00:00,293.5,293.8,291.0,291.8,295.92019622715003,301.77743693580976,297.27769306396596,301.55744162659363,Down,182
2026-03-09 23:10:00,291.8,293.9,290.8,293.6,295.7092692974091,301.45675313440546,297.2410991031305,301.55744162659363,Down,177
2026-03-09 23:20:00,293.6,295.0,293.0,294.5,295.59933572491735,301.18393928599744,297.213824485189,301.55744162659363,Down,285
2026-03-09 23:30:00,294.5,294.9,292.4,294.6,295.50848702265216,300.92574558850737,297.1878162813562,301.55744162659363,Down,201
2026-03-10 09:00:00,292.3,294.1,290.3,291.2,295.1168063842293,300.5443438007228,297.1282360198502,301.55744162659363,Down,92
2026-03-10 09:10:00,291.2,291.7,290.0,290.1,294.66073307657206,300.1347616908905,297.05830332313525,301.55744162659363,Down,330
2026-03-10 09:20:00,290.1,292.5,290.1,292.4,294.45521188779276,299.83143770301245,297.0119520462882,301.55744162659363,Down,236
2026-03-10 09:30:00,292.5,294.6,292.4,293.1,294.3320108070843,299.56745975387474,296.9730271503052,301.55744162659363,Down,279
2026-03-10 09:40:00,293.1,293.5,292.6,292.7,294.1836461882585,299.298147606664,296.9305094672176,301.55744162659363,Down,112
2026-03-10 09:50:00,292.7,293.0,291.5,291.6,293.94876926205313,298.99625946522616,296.8774695720214,301.55744162659363,Down,90
2026-03-10 10:00:00,291.6,291.9,291.0,291.6,293.73524478368466,298.706210074433,296.8249574369765,300.92126482672455,Down,68
2026-03-10 10:10:00,291.6,292.1,290.9,292.0,293.5774952578952,298.44322144406306,296.77694791024044,300.54660438793144,Down,74
2026-03-10 10:20:00,292.0,293.6,292.0,293.5,293.57045023445016,298.2493696227273,296.7443414633724,300.54660438793144,Down,74
2026-03-10 10:30:00,293.5,293.5,292.1,293.0,293.5185911222274,298.04351199046346,296.70708433438364,300.54660438793144,Down,76
2026-03-10 10:40:00,292.7,292.7,290.3,290.3,293.2259919292976,297.73984485358255,296.64333225145447,300.22231734630464,Down,202
2026-03-10 10:50:00,290.3,291.3,290.2,291.0,293.0236290266342,297.47553721226564,296.5871796917385,299.07937940573146,Down,104
2026-03-10 11:00:00,291.0,291.3,290.4,291.0,292.8396627514856,297.22159457649053,296.53158586396006,298.7494358233923,Down,134
2026-03-10 11:10:00,291.0,291.1,289.6,290.1,292.59060250135053,296.94231635780466,296.4675899847167,298.07675983944756,Down,220
2026-03-10 11:20:00,290.1,290.2,289.3,289.9,292.34600227395504,296.6661470888711,296.40224083064,297.1015998540432,Down,120
2026-03-10 11:30:00,290.1,290.2,289.4,289.5,292.08727479450454,296.385121712837,296.3335618173998,296.7741816854938,Down,131
2026-03-10 11:40:00,289.5,289.7,288.5,288.8,291.78843163136776,296.08766595939244,296.25860100329635,295.8765288049944,Down,228
2026-03-10 11:50:00,288.8,290.5,288.8,290.4,291.66221057397064,295.86462023549467,296.2003064659501,295.8765288049944,Down,99
2026-03-10 12:00:00,290.4,290.8,289.9,290.2,291.5292823399733,295.6424782654753,296.1406019240004,295.8765288049944,Down,131
2026-03-10 12:10:00,290.2,291.0,289.9,290.8,291.46298394543027,295.45257715702525,296.08746160634865,295.8765288049944,Down,115
2026-03-10 12:20:00,290.8,290.8,288.8,289.6,291.29362176857296,295.223064327338,296.02290974956907,295.8765288049944,Down,69
2026-03-10 12:30:00,289.6,289.9,289.4,289.8,291.15783797142996,295.0103951380307,295.9609902495734,295.6993562939655,Down,42
2026-03-10 12:40:00,289.8,289.8,286.7,286.8,290.76167088311814,294.6884188581079,295.86983611773684,294.87668753996866,Down,303
2026-03-10 12:50:00,286.8,288.0,286.3,286.3,290.3560644391983,294.3594612558292,295.77461386780914,293.79244321815327,Down,227
2026-03-10 13:00:00,286.3,286.6,285.0,285.1,289.8782403992712,293.99634512814964,295.66839880444786,292.4204029255939,Down,351
2026-03-10 13:10:00,285.1,287.4,285.1,286.7,289.5893094538829,293.7102139466536,295.57916100539865,292.4204029255939,Down,106
2026-03-10 13:20:00,286.7,286.8,285.3,285.3,289.1993722308026,293.3804016350201,295.47688079638976,292.4204029255939,Down,98
2026-03-10 13:30:00,285.5,286.4,285.3,285.5,288.863065664366,293.07136627678403,295.37760835065455,292.4110840913553,Down,102
2026-03-10 13:40:00,285.5,286.2,285.2,286.1,288.6118778766963,292.79797936396903,295.28529383970283,292.02825826486844,Down,101
2026-03-10 13:50:00,286.1,286.5,285.6,285.7,288.3471617060876,292.51962723204866,295.18991778159636,292.02825826486844,Down,44
2026-03-10 14:00:00,285.7,287.2,285.7,286.8,288.2065106418978,292.29532812490953,295.1064360126253,292.02825826486844,Down,104
2026-03-10 14:10:00,286.8,288.1,286.5,287.7,288.16046421990706,292.1151191788347,295.0327401319027,292.02825826486844,Down,80
2026-03-10 14:20:00,287.7,288.0,286.9,287.0,288.0549674726427,291.91452626986074,294.9528123693962,292.02825826486844,Down,69
2026-03-10 14:30:00,287.0,287.4,286.5,287.3,287.9863340660388,291.7335644553564,294.8766649826361,292.02825826486844,Down,55
2026-03-10 14:40:00,287.3,287.9,286.8,287.4,287.93303096912615,291.56362075122473,294.802270306192,292.02825826486844,Down,64
2026-03-10 14:50:00,287.4,287.6,285.7,285.9,287.74820997193285,291.34151797666686,294.71369050215026,292.02825826486844,Down,120
2026-03-10 15:00:00,285.8,286.4,285.6,285.9,287.5801908835753,291.1281251148368,294.6259920891936,291.5579570304197,Down,72
2026-03-10 15:10:00,285.9,286.4,285.5,285.6,287.400173530523,290.9113358946471,294.53618122263447,291.3299609367451,Down,61
2026-03-10 15:20:00,285.6,286.5,285.1,286.0,287.27288502774815,290.7187344870139,294.45124409604114,291.1999644879501,Down,93
2026-03-10 15:30:00,286.0,287.0,285.8,286.9,287.2389863888619,290.5689801934055,294.37610733886663,291.1999644879501,Down,100
2026-03-10 15:40:00,286.9,288.5,286.7,288.0,287.30816944441995,290.4682358720955,294.31266348474855,291.1999644879501,Down,315
2026-03-10 15:50:00,288.0,289.4,287.8,288.3,287.39833585856354,290.38320701436623,294.25283598738787,291.1999644879501,Down,253
2026-03-10 16:00:00,288.3,288.5,287.2,287.6,287.41666896233045,290.2740616412538,294.18663861437904,291.1999644879501,Down,202
2026-03-10 16:10:00,287.6,290.3,287.6,289.5,287.60606269302764,290.2437062827733,294.1400053943355,291.1999644879501,Down,297
2026-03-10 16:20:00,289.5,290.8,289.2,290.7,287.8873297209342,290.26160015403707,294.10577648493916,291.1999644879501,Down,262
2026-03-10 16:30:00,290.7,291.0,289.7,289.8,288.0612088372129,290.2434981872121,294.06293293782534,291.1999644879501,Down,210
2026-03-10 16:40:00,289.8,290.9,287.3,289.8,288.21928076110265,290.2261061014391,294.02051569466295,291.1999644879501,Down,345
2026-03-10 16:50:00,289.8,291.0,289.6,290.6,288.4357097828206,290.240768607265,293.98648071262653,291.1999644879501,Down,141
2026-03-10 17:00:00,290.6,291.1,289.4,290.7,288.6415543480187,290.2587776814899,293.9537794120034,291.1999644879501,Down,258
2026-03-10 17:10:00,290.7,291.1,289.3,289.3,288.70141304365336,290.22117855672565,293.9074731491974,291.1999644879501,Down,250
2026-03-10 17:20:00,289.3,289.7,288.4,288.5,288.68310276695763,290.15368135842266,293.85366744622036,291.1999644879501,Down,468
2026-03-10 17:30:00,288.4,288.6,286.3,287.9,288.6119116063251,290.0653016973081,293.79442697411866,291.1999644879501,Down,776
2026-03-10 17:40:00,287.9,288.3,286.2,287.8,288.5381014602956,289.97646633662936,293.7347809345752,291.1999644879501,Down,484
2026-03-10 17:50:00,287.3,287.3,286.5,287.0,288.3982740548141,289.85974216656547,293.66776818895755,291.1999644879501,Down,366
2026-03-10 18:00:00,287.0,287.3,285.7,286.6,288.23479459528556,289.73190914042567,293.59744213732614,291.1999644879501,Down,804
2026-03-10 18:10:00,286.6,286.9,285.1,285.1,287.9498132684414,289.55026564472274,293.5128904742682,291.1999644879501,Down,856
2026-03-10 18:20:00,285.1,285.1,283.1,283.5,287.54528478949214,289.31300032532187,293.4132597232805,291.01019077361985,Down,1680
2026-03-10 18:30:00,283.5,284.0,282.0,283.1,287.1411679904474,289.06935325374064,293.3106402235464,290.0092643396544,Down,3916
2026-03-10 18:40:00,283.4,285.9,283.4,285.3,286.9737890822249,288.9215354790841,293.23093236062556,290.0092643396544,Down,1036
2026-03-10 18:50:00,285.3,285.8,284.4,285.4,286.83071734747716,288.7834360485318,293.1530126356442,290.0092643396544,Down,564
2026-03-10 19:00:00,285.4,285.4,282.5,282.9,286.4733794067974,288.5527130662365,293.05099260941887,290.0092643396544,Down,648
2026-03-10 19:10:00,282.9,284.3,282.4,283.3,286.1848903698158,288.34672431854096,292.9539678073351,290.0092643396544,Down,552
2026-03-10 19:20:00,283.7,284.7,283.3,284.3,286.0135366998325,288.18802924722564,292.86785867492387,290.0092643396544,Down,456
2026-03-10 19:30:00,284.3,284.3,283.2,283.9,285.8213969998477,288.01987123753054,292.7786262502978,290.0092643396544,Down,206
2026-03-10 19:40:00,283.9,285.2,283.9,284.0,285.655815454407,287.8622292282156,292.6912767353695,290.0092643396544,Down,380
2026-03-10 19:50:00,284.0,284.8,283.9,284.4,285.5416504130973,287.72645553299145,292.60877646934597,290.0092643396544,Down,248
2026-03-10 20:00:00,284.4,285.8,284.3,284.8,285.47422764827024,287.61169257091336,292.5310772009943,290.0092643396544,Down,724
2026-03-10 20:10:00,284.9,286.5,284.7,284.9,285.4220251347911,287.50535168577954,292.4551460845665,290.0092643396544,Down,624
2026-03-10 20:20:00,284.9,284.9,282.2,282.6,285.16547739526465,287.3129849530039,292.3570849294962,290.0092643396544,Down,1222
2026-03-10 20:30:00,282.6,284.0,281.8,283.6,285.0231612684224,287.1673776999449,292.2699497560684,290.0092643396544,Down,806
2026-03-10 20:40:00,283.3,284.7,282.8,284.4,284.9665102440204,287.05885308426076,292.1916417982966,290.0092643396544,Down,516
2026-03-10 20:50:00,284.4,285.0,282.2,283.1,284.796827494564,286.90360394370157,292.10117770080114,290.0092643396544,Down,360
2026-03-10 21:00:00,283.7,283.9,282.6,283.9,284.7152977223309,286.7858155537525,292.01957394258426,290.0092643396544,Down,286
2026-03-10 21:10:00,283.9,283.9,282.0,282.4,284.5048161112099,286.61382278693867,291.9238567889267,290.0092643396544,Down,396
2026-03-10 21:20:00,282.4,283.8,282.0,282.8,284.3498328283726,286.4642611090195,291.8330721442607,290.0092643396544,Down,640
2026-03-10 21:30:00,282.8,283.0,282.5,282.9,284.21802984397505,286.3244861635677,291.74418585426804,289.64362526695163,Down,226
2026-03-10 21:40:00,282.9,284.2,282.7,283.7,284.1709362217955,286.22156513754544,291.66414420397683,289.64362526695163,Down,434
2026-03-10 21:50:00,283.7,284.1,283.0,283.4,284.10085111072317,286.1109155243084,291.58191391339,289.64362526695163,Down,378
2026-03-10 22:00:00,283.4,284.3,283.0,283.0,284.00077373702106,285.98891883708063,291.4965217351473,289.64362526695163,Down,392
2026-03-10 22:10:00,283.0,283.0,281.8,281.8,283.8007033972919,285.8246475101363,291.40003893181256,288.71494110166765,Down,552
2026-03-10 22:20:00,281.8,282.9,281.1,282.6,283.6915485429926,285.6981907450329,291.31247635537665,288.39540100151606,Down,490
2026-03-10 22:30:00,282.6,282.6,281.9,282.1,283.5468623118114,285.55708522561986,291.22080992397986,288.3185463650146,Down,150
2026-03-10 22:40:00,282.1,282.3,278.6,279.4,283.16987482891943,285.3156309030465,291.10318992473634,287.31231487728604,Down,1456
2026-03-10 22:50:00,279.4,279.8,276.6,277.2,282.62715893538126,284.9973708676329,290.9648497264803,285.6021044338964,Down,1062
2026-03-10 23:00:00,277.2,278.0,276.1,277.8,282.18832630489203,284.71512102968654,290.83385619686356,284.4700949399058,Down,876
2026-03-10 23:10:00,277.8,280.9,277.5,280.1,281.99847845899274,284.5341358912675,290.7270516575913,284.4700949399058,Down,694
2026-03-10 23:20:00,280.1,280.2,278.7,279.5,281.7713440536298,284.3367187974923,290.6153397007993,284.4700949399058,Down,636
2026-03-10 23:30:00,279.4,279.8,277.9,279.5,281.56485823057255,284.1470435505318,290.50473930576646,284.4700949399058,Down,770
2026-03-11 09:00:00,281.6,284.3,281.5,282.5,281.6498711187023,284.0824536073737,290.4250901584454,284.4700949399058,Down,105
2026-03-11 09:10:00,282.5,282.9,282.1,282.3,281.70897374427483,284.01255346590807,290.3442434902022,284.4700949399058,Down,311
2026-03-11 09:20:00,282.3,283.5,281.9,283.0,281.8263397675226,283.97284548685286,290.2711664405484,284.4700949399058,Down,205
2026-03-11 09:30:00,283.0,283.3,282.4,282.8,281.9148543341114,283.9268515461919,290.19682647596585,284.4700949399058,Down,132
2026-03-11 09:40:00,282.8,283.3,282.7,282.9,282.0044130310103,283.88658285810595,290.124221237399,284.4700949399058,Down,115
2026-03-11 09:50:00,282.8,283.5,282.8,283.1,282.104011846373,283.8557364715136,290.0543284887682,284.4700949399058,Down,100
2026-03-11 10:00:00,283.1,283.4,283.0,283.3,282.21273804215724,283.8339428843954,289.9871212401237,284.4700949399058,Down,63
2026-03-11 10:10:00,283.3,284.3,283.1,284.2,282.3933982201429,283.8482980653995,289.9295379442021,284.4700949399058,Down,243
2026-03-11 10:20:00,284.2,284.8,284.0,284.3,282.5667256546754,283.86601186675637,289.8735226412747,284.4700949399058,Down,211
2026-03-11 10:30:00,284.3,284.3,283.3,283.5,282.6515687769776,283.8516584602169,289.81010450554066,284.4700949399058,Down,59
2026-03-11 10:40:00,283.5,284.4,283.5,284.2,282.7923352517978,283.8653189127574,289.75428257016216,284.4700949399058,Down,35
2026-03-11 10:50:00,284.2,284.5,284.1,284.2,282.9203047743616,283.8784436612767,289.69901607692674,284.4700949399058,Down,26
2026-03-11 11:00:00,284.2,284.3,283.7,284.2,283.0366407039651,283.89105371377565,289.6442994990469,284.4700949399058,Down,52
2026-03-11 11:10:00,284.2,285.0,284.0,284.3,283.1514915490592,283.9070908230393,289.59112238960364,284.4700949399058,Down,104
2026-03-11 11:20:00,284.1,285.2,284.1,284.2,283.24681049914466,283.91857745742993,289.53747938075185,284.4700949399058,Down,203
2026-03-11 11:30:00,284.2,284.9,284.2,284.6,283.36982772649515,283.94529991007977,289.4883502326847,279.90924444429254,Up,60
2026-03-11 11:40:00,284.8,284.9,283.6,283.9,283.41802520590466,283.9435234430178,289.4327447577326,279.90924444429254,Up,100
2026-03-11 11:50:00,283.9,284.9,283.9,284.6,283.5254774599133,283.969267621723,289.38465774521785,279.90924444429254,Up,136
2026-03-11 12:00:00,284.6,284.9,283.8,284.8,283.6413431453757,284.0018453620476,289.3390392601908,279.90924444429254,Up,143
2026-03-11 12:10:00,284.8,284.8,284.1,284.1,283.68303922306876,284.00569456353594,289.2869095163083,280.0064267770594,Up,39
2026-03-11 12:20:00,284.1,284.8,284.1,284.5,283.75730838460794,284.0250790904561,289.2392785758475,280.15584252459945,Up,73
2026-03-11 12:30:00,284.5,284.8,284.0,284.0,283.7793712587345,284.0240955967127,289.1871464507147,280.20531138599944,Up,39
2026-03-11 12:40:00,284.4,285.2,284.3,285.2,283.90851932612225,284.0702094948808,289.1474733517026,280.5002830781813,Up,61
2026-03-11 12:50:00,285.3,285.8,285.1,285.7,284.0713812055657,284.13412284802274,289.11317013427276,281.3320755256195,Up,118
2026-03-11 13:00:00,285.8,287.0,285.8,286.6,284.3012556414233,284.23082391280616,289.08816346627003,282.1837050232903,Up,186
2026-03-11 13:10:00,286.6,287.4,286.3,287.3,284.5738687649303,284.35118375936275,289.0703707949639,282.61700456662766,Up,303
2026-03-11 13:20:00,287.3,288.0,287.2,287.5,284.8398806953912,284.47466674919167,289.0547452149145,283.46091324238876,Up,190
2026-03-11 13:30:00,287.5,288.0,286.8,286.9,285.0271642685374,284.5697778570665,289.0333049640198,283.46091324238876,Up,195
2026-03-11 13:40:00,286.9,286.9,285.6,285.9,285.1065129713976,284.6219434312992,289.0021278001987,283.46091324238876,Up,125
2026-03-11 13:50:00,285.9,287.0,285.6,286.6,285.24228451945237,284.6995142771306,288.9782260310425,283.46091324238876,Up,181
2026-03-11 14:00:00,286.6,287.5,286.3,287.4,285.4384404722294,284.80541567802743,288.96252228944013,283.46091324238876,Up,72
2026-03-11 14:10:00,287.4,287.8,287.0,287.0,285.5804004292994,284.89147780830086,288.94299470447055,283.46091324238876,Up,105
2026-03-11 14:20:00,287.0,288.3,286.7,288.0,285.8003640266358,285.01338063934793,288.9336116725853,283.46091324238876,Up,95
2026-03-11 14:30:00,288.0,289.2,287.5,289.0,286.09124002421436,285.16971865349115,288.9342722529576,283.6230611140985,Up,278
2026-03-11 14:40:00,289.0,290.5,288.7,289.7,286.4193091129221,285.3473767455111,288.94189143452024,284.6482373764532,Up,557
2026-03-11 14:50:00,289.8,289.8,288.5,288.6,286.61755373902014,285.4749305986283,288.93848952969915,284.6482373764532,Up,172
2026-03-11 15:00:00,288.6,289.7,288.6,289.3,286.8614124900183,285.62493332025076,288.94208664880665,284.6482373764532,Up,138
2026-03-11 15:10:00,289.3,289.9,288.4,289.1,287.0649204454712,285.7612104449468,288.94365792593294,284.6482373764532,Up,198
2026-03-11 15:20:00,289.1,289.4,288.5,288.6,287.20447313224656,285.87253552553716,288.94023844408287,284.6482373764532,Up,271
2026-03-11 15:30:00,288.8,289.0,288.0,288.5,287.32224830204234,285.9755733480651,288.9358579620522,284.6482373764532,Up,274
2026-03-11 15:40:00,288.5,288.6,286.2,286.2,287.22022572912937,285.984374393239,288.9086354947681,284.6482373764532,Up,575
2026-03-11 15:50:00,286.2,287.2,286.0,286.8,287.1820233901176,286.0163597111512,288.88765404705896,284.6482373764532,Up,170
2026-03-11 16:00:00,286.8,287.2,286.2,286.6,287.1291121728342,286.0392475656159,288.8648913202225,284.6482373764532,Up,102
2026-03-11 16:10:00,286.6,287.0,285.0,285.4,286.971920157122,286.01417903363097,288.83041478967306,284.6482373764532,Up,340
2026-03-11 16:20:00,285.4,285.5,284.5,285.1,286.8017455973836,285.9783288754494,288.7932962345519,284.6482373764532,Up,153
2026-03-11 16:30:00,285.1,285.9,284.5,285.2,286.65613236125785,285.9478061744514,288.75754204316337,284.6482373764532,Up,152
2026-03-11 16:40:00,285.2,286.4,285.0,286.1,286.60557487387075,285.95377455976706,288.73109883875384,284.6482373764532,Up,127
2026-03-11 16:50:00,286.1,286.1,284.8,285.8,286.53234079442797,285.94774418487424,288.7019336761792,284.6482373764532,Up,152
2026-03-11 17:00:00,285.8,288.0,285.7,288.0,286.66576435857087,286.0282248050753,288.6949492614908,284.6482373764532,Up,218
2026-03-11 17:10:00,288.0,288.0,286.9,287.3,286.72342214415534,286.07809834213117,288.6810691693367,284.6482373764532,Up,189
2026-03-11 17:20:00,287.3,290.3,286.5,289.5,286.97583831286846,286.2122905640084,288.689217734816,284.6482373764532,Up,451
2026-03-11 17:30:00,289.4,289.8,288.4,289.7,287.2234893753349,286.3490634830669,288.69927526979296,284.6482373764532,Up,262
2026-03-11 17:40:00,289.7,289.9,288.8,289.0,287.3849903412135,286.4530217778486,288.7022675556657,284.6482373764532,Up,202
2026-03-11 17:50:00,289.0,290.8,288.4,289.5,287.5772639465577,286.5725111198938,288.71020519192774,284.6482373764532,Up,352
2026-03-11 18:00:00,289.5,290.8,289.0,290.2,287.8156944968706,286.71476558578036,288.7250290208638,284.6482373764532,Up,198
2026-03-11 18:10:00,290.3,291.2,289.6,289.6,287.9779040880642,286.82791203339684,288.7337351997607,284.6482373764532,Up,334
2026-03-11 18:20:00,289.6,292.0,289.6,291.6,288.3071855346038,287.01505273796954,288.7622552475243,284.6482373764532,Up,412
2026-03-11 18:30:00,291.9,291.9,290.1,290.9,288.5428959405489,287.1674036109904,288.7835263395887,284.6482373764532,Up,327
2026-03-11 18:40:00,290.9,291.0,289.0,289.3,288.61172358231715,287.251034841932,288.78866538098583,284.6482373764532,Up,379
2026-03-11 18:50:00,289.3,291.5,289.2,291.4,288.86520325665197,287.4137393579347,288.81464881003075,284.6482373764532,Up,218
2026-03-11 19:00:00,291.4,291.7,290.6,291.0,289.0592756878654,287.5543770301726,288.83639359799065,284.6482373764532,Up,274
2026-03-11 19:10:00,290.9,291.4,288.5,289.3,289.0811597162413,287.62283283291094,288.8410065970156,284.6482373764532,Up,345
2026-03-11 19:20:00,289.3,291.5,289.0,290.0,289.16469065112847,287.7160550747576,288.8525388696821,284.6482373764532,Up,235
2026-03-11 19:30:00,290.0,290.5,287.5,287.5,289.0133551373895,287.7075823267279,288.83908077147635,284.6482373764532,Up,259
2026-03-11 19:40:00,287.3,290.0,287.3,289.8,289.08486830671774,287.7896379217582,288.84864215683484,284.6482373764532,Up,393
2026-03-11 19:50:00,289.8,290.7,288.5,288.8,289.0589711879252,287.8292599640422,288.8481581552743,284.6482373764532,Up,285
2026-03-11 20:00:00,288.9,291.5,288.3,291.3,289.262701079932,287.96536741643274,288.8725545915402,284.6482373764532,Up,255
2026-03-11 20:10:00,291.2,291.8,290.7,291.6,289.4751827999382,288.10790202755305,288.89969335182343,284.6482373764532,Up,477
2026-03-11 20:20:00,291.6,291.7,290.2,290.9,289.6047116363074,288.21739606568826,288.9195969005615,284.6482373764532,Up,137
2026-03-11 20:30:00,290.6,292.5,290.4,292.5,289.86791966937034,288.38534131801424,288.9552228020484,284.6482373764532,Up,318
2026-03-11 20:40:00,292.3,294.5,292.3,294.4,290.27992697215484,288.62121028593526,289.0093996895902,285.2165432094091,Up,615
2026-03-11 20:50:00,294.4,295.0,293.6,294.9,290.69993361104986,288.86743733354564,289.0680126280023,286.3514029176447,Up,423
2026-03-11 21:00:00,294.9,295.0,293.7,294.0,290.99993964640896,289.06871430085755,289.1170871292162,286.651275379677,Up,370
2026-03-11 21:10:00,294.0,294.3,293.5,293.5,291.22721786037175,289.24249021062786,289.16069820255734,286.651275379677,Up,189
2026-03-11 21:20:00,293.5,294.0,292.8,293.5,291.4338344185198,289.4094513788385,289.2038753348702,286.651275379677,Up,195
2026-03-11 21:30:00,293.8,294.4,293.0,294.2,291.68530401683614,289.5973160306488,289.2535880181053,286.76962838443046,Up,209
2026-03-11 21:40:00,294.2,295.0,293.4,293.4,291.84118546985104,289.746440892192,289.29484584877093,287.31784398584585,Up,246
2026-03-11 21:50:00,293.4,295.6,293.4,294.7,292.1010776998646,289.9406981121061,289.34862847714135,287.4434945325872,Up,510
2026-03-11 22:00:00,294.7,295.2,294.0,294.6,292.3282524544224,290.1234158332,289.40088093010513,287.74863139326106,Up,195
2026-03-11 22:10:00,294.6,294.6,293.4,293.6,292.4438658676567,290.25975246719213,289.4426632094076,287.74863139326106,Up,177
2026-03-11 22:20:00,293.6,294.8,293.6,294.7,292.648968970597,290.4338798214199,289.49497501826926,287.74863139326106,Up,109
2026-03-11 22:30:00,294.7,294.8,293.9,294.5,292.8172445187245,290.59333551469757,289.5447762618686,288.1178673127431,Up,141
2026-03-11 22:40:00,294.5,295.3,293.8,294.9,293.0065859261132,290.7622243180428,289.59806207020824,288.33897028431187,Up,243
2026-03-11 22:50:00,294.9,295.7,294.6,295.7,293.25144175101195,290.95586258008035,289.6587778705047,289.10360934937444,Up,262
2026-03-11 23:00:00,295.7,295.8,295.6,295.8,293.4831288645563,291.14582875341057,289.71988455836043,290.1305539539768,Up,225
2026-03-11 23:10:00,295.8,300.0,295.8,298.5,293.93920805868754,291.4342276258258,289.8072488911131,291.30959450361524,Up,440
2026-03-11 23:20:00,298.6,299.9,297.4,298.6,294.36291641698864,291.715238307166,289.89473895189803,291.7496313669229,Up,472
2026-03-11 23:30:00,298.6,298.7,297.6,298.7,294.7571967427169,291.98915053041435,289.9823534896901,291.7496313669229,Up,275
2026-03-12 09:00:00,303.3,307.6,303.3,305.0,295.6883606751972,292.4993799213785,290.1317828082007,296.1472160057215,Up,444
2026-03-12 09:10:00,305.0,307.0,304.1,305.5,296.5803278865429,293.0092081597558,290.28470039219866,296.1472160057215,Up,948
2026-03-12 09:20:00,305.5,305.7,304.3,304.4,297.2912071695844,293.45590587898107,290.4251511345648,296.1472160057215,Up,391
2026-03-12 09:30:00,304.2,305.0,303.6,305.0,297.99200651780404,293.90861545235435,290.5701745063602,296.1472160057215,Up,303
2026-03-12 09:40:00,305.0,305.3,304.2,305.3,298.65636956164,294.3553364150072,290.71673993415766,296.3202315454692,Up,145
2026-03-12 09:50:00,305.3,306.1,305.1,305.7,299.29669960149096,294.8002251830461,290.86582709899193,297.5729377686084,Up,210
2026-03-12 10:00:00,305.7,306.9,305.6,306.7,299.9697269104463,295.2668830190051,291.023381058206,298.47994342600765,Up,223
2026-03-12 10:10:00,306.7,307.9,306.7,307.5,300.6542971913148,295.7466130966912,291.18732751533827,299.7999485690978,Up,326
2026-03-12 10:20:00,307.4,307.6,306.4,306.8,301.2129974466498,296.1800792497621,291.34267749031,299.7999485690978,Up,179
2026-03-12 10:30:00,306.9,306.9,306.1,306.5,301.6936340424089,296.58478202428125,291.49349661975964,299.7999485690978,Up,123
2026-03-12 10:40:00,306.5,306.5,303.9,304.0,301.9033036749172,296.87557488607416,291.61793943946356,299.7999485690978,Up,450
2026-03-12 10:50:00,304.0,305.0,302.5,305.0,302.184821522652,297.1941797925026,291.7510942709117,299.7999485690978,Up,477
2026-03-12 11:00:00,305.0,305.5,304.2,305.3,302.46801956604725,297.51205509475744,291.8859092532907,299.7999485690978,Up,145
2026-03-12 11:10:00,305.3,306.2,304.8,305.7,302.76183596913387,297.8331509733944,292.02336289256147,299.7999485690978,Up,142
2026-03-12 11:20:00,305.7,305.9,304.9,305.4,303.001669062849,298.1298901509084,292.1564637593022,299.7999485690978,Up,121
2026-03-12 11:30:00,305.4,306.2,304.0,304.1,303.1015173298627,298.36401210577475,292.2753049159261,299.7999485690978,Up,262
2026-03-12 11:40:00,304.1,304.5,303.3,304.0,303.1831975726024,298.58503123888164,292.3919685486035,299.7999485690978,Up,132
2026-03-12 11:50:00,304.0,304.9,303.5,304.1,303.2665432478203,298.8013045236314,292.50846637399053,299.7999485690978,Up,179
2026-03-12 12:00:00,304.2,304.7,303.6,304.5,303.37867567983665,299.0247827776067,292.6277851165379,299.7999485690978,Up,109
2026-03-12 12:10:00,304.5,304.5,303.2,303.5,303.3897051634878,299.2002814922103,292.7359663591594,299.7999485690978,Up,187
2026-03-12 12:20:00,303.5,304.2,302.5,303.0,303.35427742135255,299.3492900611432,292.838096047128,299.7999485690978,Up,148
2026-03-12 12:30:00,303.1,303.5,302.4,303.5,303.3675249285023,299.5120629999219,292.94418464367396,299.7999485690978,Up,115
2026-03-12 12:40:00,303.3,303.9,303.2,303.5,303.3795681168202,299.6684526861995,293.04921763229413,299.7999485690978,Up,50
2026-03-12 12:50:00,303.5,304.2,303.5,303.5,303.39051646983654,299.81870944360344,293.1532055165499,299.7999485690978,Up,62
2026-03-12 13:00:00,303.5,303.8,303.0,303.2,303.37319679076046,299.95130907326603,293.25317362086287,299.7999485690978,Up,55
2026-03-12 13:10:00,303.2,303.4,302.7,302.7,303.3119970825095,300.0591008743144,293.3471718932921,299.7999485690978,Up,41
2026-03-12 13:20:00,302.7,302.7,300.9,302.2,303.210906438645,300.1430577027727,293.4352597351499,299.7999485690978,Up,257
2026-03-12 13:30:00,302.2,302.7,301.3,301.3,303.0371876714954,300.1884279889385,293.51351585718817,299.7999485690978,Up,137
2026-03-12 13:40:00,301.3,301.3,300.1,300.7,302.8247160649958,300.2084896364311,293.5850231620918,299.7999485690978,Up,185
2026-03-12 13:50:00,300.7,301.1,299.8,300.1,302.57701460454166,300.2042351408848,293.64984880226996,299.7999485690978,Up,221
2026-03-12 14:00:00,300.0,301.0,299.4,300.9,302.42455873140153,300.2315200373207,293.7219896102076,299.7999485690978,Up,146
2026-03-12 14:10:00,300.9,301.3,300.6,301.3,302.3223261194559,300.2734212123277,293.7973926986632,299.7999485690978,Up,97
2026-03-12 14:20:00,301.3,301.5,299.5,299.7,302.083932835869,300.25093410596196,293.85612510962176,305.6129580361009,Down,112
2026-03-12 14:30:00,299.7,300.4,299.1,299.8,301.87630257806273,300.2332504155321,293.91526814335685,305.1610879309548,Down,167
2026-03-12 14:40:00,299.8,301.2,299.6,301.0,301.79663870732975,300.2633190266877,293.98576298770155,305.1610879309548,Down,104
2026-03-12 14:50:00,300.7,301.6,300.0,301.6,301.7787624612089,300.31573788838625,294.06152654006274,305.1610879309548,Down,89
2026-03-12 15:00:00,301.6,302.0,300.5,300.7,301.6806931465535,300.3308069908025,294.1275810023507,305.1610879309548,Down,130
2026-03-12 15:10:00,300.7,302.8,300.7,302.2,301.7279028605032,300.4041086774377,294.20790357944173,305.1610879309548,Down,165
2026-03-12 15:20:00,302.1,302.4,301.5,301.7,301.7253662368211,300.45492794498915,294.2824518025319,305.1610879309548,Down,94
2026-03-12 15:30:00,301.7,301.7,299.5,299.6,301.53215112438284,300.42140135891117,294.3353627298699,305.1610879309548,Down,235
2026-03-12 15:40:00,299.6,301.5,299.4,300.7,301.4565010221662,300.43232679581666,294.39869245395084,305.1610879309548,Down,163
2026-03-12 15:50:00,300.7,301.8,300.3,300.7,301.38772820196925,300.44282378421605,294.4613920315235,305.1610879309548,Down,91
2026-03-12 16:00:00,300.7,301.2,300.0,300.0,301.2615710926993,300.42545814561936,294.51650255857305,305.1610879309548,Down,70
2026-03-12 16:10:00,300.0,300.0,299.0,299.4,301.09233735699934,300.3852441006931,294.5650945729156,305.1610879309548,Down,182
2026-03-12 16:20:00,299.4,300.0,298.3,298.3,300.83848850636303,300.30346982223455,294.6022578109961,305.0861892812701,Down,188
2026-03-12 16:30:00,298.3,298.5,295.7,295.7,300.3713531876027,300.12294159391166,294.6131806188469,303.51471752842735,Down,451
2026-03-12 16:40:00,295.7,295.9,292.0,295.8,299.95577562509334,299.9534144725818,294.62498976691813,301.1997432076612,Down,529
2026-03-12 16:50:00,295.8,297.0,293.7,296.0,299.5961596591758,299.798378610912,294.6386714607797,301.1997432076612,Down,345
2026-03-12 17:00:00,296.0,296.1,294.8,294.9,299.16923605379617,299.6062853320527,294.64127174475203,301.1997432076612,Down,190
2026-03-12 17:10:00,294.9,295.9,294.0,295.3,298.8174873216329,299.4374113974624,294.64782625475453,301.1997432076612,Down,193
2026-03-12 17:20:00,295.3,296.7,294.3,296.0,298.56135211057534,299.30261095050315,294.66128071988135,301.1997432076612,Down,220
2026-03-12 17:30:00,296.0,297.5,295.5,296.3,298.3557746459776,299.18486150146384,294.67758638436015,301.1997432076612,Down,258
2026-03-12 17:40:00,296.3,299.4,296.3,299.4,298.45070422361596,299.193298305328,294.72457557456556,301.1997432076612,Down,343
2026-03-12 17:50:00,299.3,299.5,298.4,298.9,298.4915492941963,299.18179641100147,294.7661220862614,301.1997432076612,Down,224
2026-03-12 18:00:00,298.9,299.5,296.8,299.5,298.5832266310876,299.1942749831191,294.8132253490847,301.1997432076612,Down,316
2026-03-12 18:10:00,299.5,300.7,299.0,300.5,298.7574787555342,299.24547988574193,294.86981017148184,301.1997432076612,Down,361
2026-03-12 18:20:00,300.6,301.0,298.4,300.0,298.87043523230375,299.27506890983045,294.9208568364423,301.1997432076612,Down,479
2026-03-12 18:30:00,300.0,301.0,299.0,299.2,298.9003956657307,299.2721250310136,294.96343537538314,301.1997432076612,Down,201
2026-03-12 18:40:00,299.2,299.2,297.7,297.9,298.8094506052097,299.218316206268,294.99265492388685,301.1997432076612,Down,241
2026-03-12 18:50:00,297.9,301.9,297.9,301.9,299.0904096410997,299.32348027661044,295.06138472563924,291.85611727800153,Up,340
2026-03-12 19:00:00,301.9,302.5,299.7,301.6,299.3185542191816,299.4127555598806,295.12644557414035,292.15297407529386,Up,445
2026-03-12 19:10:00,301.6,301.8,299.5,300.0,299.3805038356196,299.4357847536108,295.1749386530047,292.15297407529386,Up,268
2026-03-12 19:20:00,300.0,301.3,299.2,300.3,299.4640943960178,299.4696755475868,295.2259342882982,292.15297407529386,Up,250
2026-03-12 19:30:00,300.3,301.1,299.7,300.1,299.5219039963798,299.4943941535638,295.2744324545838,292.15297407529386,Up,163
2026-03-12 19:40:00,300.1,300.3,298.8,299.4,299.51082181489073,299.4906924220515,295.3154828779213,292.15297407529386,Up,203
2026-03-12 19:50:00,299.4,301.6,299.1,299.7,299.52801983171884,299.4989005623632,295.35910991396184,292.15297407529386,Up,288
2026-03-12 20:00:00,299.7,301.4,299.5,300.9,299.65274530156256,299.55384563834895,295.4142431486488,292.15297407529386,Up,142
2026-03-12 20:10:00,300.9,302.0,300.5,301.9,299.85704118323866,299.645851691747,295.4787780426921,293.030104908657,Up,338
2026-03-12 20:20:00,302.2,303.5,300.3,302.2,300.0700374393079,299.74601437050205,295.5456558731131,293.2637317351427,Up,932
2026-03-12 20:30:00,302.0,302.0,300.4,301.5,300.20003403573446,299.81479812067846,295.6049030783558,293.2637317351427,Up,219
2026-03-12 20:40:00,301.5,303.5,300.9,302.9,300.44548548703136,299.93578642967145,295.67749110742693,293.52209234309316,Up,421
2026-03-12 20:50:00,302.9,304.0,302.4,303.7,300.7413504427558,300.08340264811574,295.75731706655705,294.7291748573574,Up,280
2026-03-12 21:00:00,304.0,304.3,302.9,304.2,301.05577312977795,300.2448378383857,295.8413238619147,295.390158961234,Up,285
2026-03-12 21:10:00,304.2,304.4,302.4,303.9,301.314339208889,300.38817753099806,295.92150969413444,295.390158961234,Up,259
2026-03-12 21:20:00,303.2,303.5,299.5,301.3,301.31303564444454,300.4239352748805,295.9750270106107,295.390158961234,Up,628
2026-03-12 21:30:00,301.0,301.8,300.2,301.4,301.3209414949495,300.46221232292436,296.0290068413509,295.390158961234,Up,125
2026-03-12 21:40:00,301.4,302.0,300.6,301.3,301.31903772268134,300.4950667416332,296.0814545344718,295.390158961234,Up,114
2026-03-12 21:50:00,301.3,301.8,298.8,299.0,301.10821611152846,300.4364366733339,296.11049478786015,295.390158961234,Up,268
2026-03-12 22:00:00,299.2,299.2,296.6,298.3,300.85292373775314,300.3526548430071,296.132280909374,295.390158961234,Up,442
2026-03-12 22:10:00,298.3,299.0,294.3,294.8,300.30265794341193,300.1349036726931,296.1190243829126,306.51699717407206,Down,586
2026-03-12 22:20:00,294.8,297.2,294.0,296.6,299.966052675829,299.99627999925417,296.1238102099483,305.733633794611,Down,367
2026-03-12 22:30:00,296.6,297.8,295.6,297.3,299.7236842507536,299.8905435286952,296.13551359094384,305.733633794611,Down,214
2026-03-12 22:40:00,297.3,298.2,296.3,298.2,299.5851675006851,299.8242477040405,296.1560557442678,305.733633794611,Down,208
2026-03-12 22:50:00,298.3,299.5,298.1,299.5,299.57742500062284,299.8115321078036,296.1893288214393,305.733633794611,Down,237
2026-03-12 23:00:00,299.5,299.5,297.6,298.4,299.47038636420257,299.75617790749754,296.21132554958416,305.733633794611,Down,166
2026-03-12 23:10:00,298.4,299.6,298.0,299.5,299.47307851291146,299.74613171504666,296.2440486784441,305.733633794611,Down,129
2026-03-12 23:20:00,299.5,300.4,299.4,300.3,299.54825319355587,299.7678520399468,296.2844064030367,305.733633794611,Down,281
2026-03-12 23:30:00,300.3,300.4,298.6,299.2,299.5165938123235,299.7455833324979,296.31341728459853,305.733633794611,Down,285
2026-03-13 09:00:00,303.0,303.1,301.7,301.9,299.7332671021122,299.83007026063524,296.36900517231396,305.733633794611,Down,36
2026-03-13 09:10:00,301.6,302.7,300.3,301.6,299.9029700928293,299.8994792700221,296.421054872092,305.733633794611,Down,312
2026-03-13 09:20:00,301.6,301.6,300.3,300.6,299.96633644802665,299.92695067119774,296.46263641565326,305.733633794611,Down,153
2026-03-13 09:30:00,300.6,301.6,300.5,301.1,300.06939677093334,299.97295260566057,296.50877933689054,305.733633794611,Down,129
2026-03-13 09:40:00,301.1,301.4,300.5,300.5,300.10854251903027,299.99362113092883,296.54849297532945,305.733633794611,Down,83
2026-03-13 09:50:00,300.5,301.2,300.5,301.1,300.1986750173002,300.0370085375591,296.59378160244063,305.733633794611,Down,76
2026-03-13 10:00:00,301.1,301.2,300.5,301.0,300.2715227430002,300.0747729086352,296.6376245715706,305.733633794611,Down,96
2026-03-13 10:10:00,301.0,302.7,301.0,302.4,300.46502067545475,300.1659582847672,296.6949616405102,305.733633794611,Down,259
2026-03-13 10:20:00,302.4,303.0,302.2,302.9,300.6863824322316,300.2731756069332,296.75670331572906,305.733633794611,Down,205
2026-03-13 10:30:00,302.9,304.9,302.6,304.9,301.06943857475596,300.45461970077895,296.83773114343325,305.733633794611,Down,349
2026-03-13 10:40:00,305.0,306.6,304.7,305.5,301.4722168861418,300.65247775172884,296.92392287334934,305.733633794611,Down,563
2026-03-13 10:50:00,305.4,306.9,305.2,305.5,301.8383789874016,300.84257666342575,297.009256974112,305.733633794611,Down,374
2026-03-13 11:00:00,305.5,306.0,304.2,304.4,302.0712536249105,300.9820834609385,297.0827967057129,305.733633794611,Down,243
2026-03-13 11:10:00,304.4,304.6,303.2,304.0,302.2465942044641,301.100433129137,297.1516245991884,305.733633794611,Down,289
2026-03-13 11:20:00,304.0,304.8,303.9,304.5,302.4514492767855,301.233749477014,297.2247427623806,305.733633794611,Down,104
2026-03-13 11:30:00,304.5,304.5,303.0,303.0,302.5013175243505,301.3030142034056,297.282208008526,305.733633794611,Down,155
2026-03-13 11:40:00,303.0,303.3,302.4,302.6,302.51028865850043,301.35387639150736,297.335121361675,305.733633794611,Down,185
2026-03-13 11:50:00,302.6,305.0,302.6,304.7,302.70935332590943,301.4850969251737,297.40840373618573,305.733633794611,Down,128
2026-03-13 12:00:00,304.7,304.8,303.9,304.2,302.8448666599176,301.5915637124218,297.4759818084625,305.733633794611,Down,190
2026-03-13 12:10:00,304.3,304.9,303.7,303.8,302.9316969635615,301.67816905703273,297.5389073626072,305.733633794611,Down,158
2026-03-13 12:20:00,303.8,305.4,303.8,305.3,303.1469972396013,301.8202016430315,297.6161321649693,305.733633794611,Down,111
2026-03-13 12:30:00,305.3,305.3,304.0,305.0,303.3154520360012,301.9448996178146,297.68960348671095,305.733633794611,Down,141
2026-03-13 12:40:00,305.0,305.8,304.5,305.5,303.5140473054556,302.0843153190768,297.76731887490286,305.733633794611,Down,113
2026-03-13 12:50:00,305.5,306.0,305.1,305.7,303.71277027768696,302.2261068751914,297.84625102540133,305.733633794611,Down,223
2026-03-13 13:00:00,305.7,306.0,305.3,305.4,303.8661547978972,302.35057327224274,297.9214127067406,305.733633794611,Down,166
2026-03-13 13:10:00,305.4,305.6,304.8,305.4,304.0055952708156,302.4701586341156,297.99582651065367,305.733633794611,Down,119
2026-03-13 13:20:00,305.4,305.9,305.2,305.7,304.15963206437783,302.59681907983656,298.07248495333374,305.733633794611,Down,109
2026-03-13 13:30:00,305.7,306.8,305.7,305.9,304.31784733125255,302.72635558650967,298.15037067519114,301.239182200946,Up,260
2026-03-13 13:40:00,305.9,307.4,305.9,307.1,304.5707703011387,302.8978710537054,298.239421713249,301.54925654631455,Up,336
2026-03-13 13:50:00,307.1,307.1,306.1,306.4,304.7370639101261,303.0352094437562,298.3206214971967,301.5993241330132,Up,123
2026-03-13 14:00:00,306.4,306.5,304.7,304.7,304.73369446375096,303.1004953479226,298.38409790020967,301.5993241330132,Up,268
2026-03-13 14:10:00,304.7,305.2,303.9,304.6,304.7215404215918,303.1592994519257,298.4459476723469,301.5993241330132,Up,235
2026-03-13 14:20:00,304.6,305.2,304.1,304.7,304.71958220144705,303.2197190812619,298.50817704874146,301.5993241330132,Up,113
2026-03-13 14:30:00,304.7,305.0,304.1,304.5,304.6996201831337,303.2699261761144,298.56779717760975,301.5993241330132,Up,114
2026-03-13 14:40:00,304.5,305.0,303.8,304.1,304.6451092573942,303.30247809077656,298.62284397186244,301.5993241330132,Up,127
2026-03-13 14:50:00,304.1,305.0,303.7,304.8,304.6591902339947,303.36120444015785,298.6843082109484,301.5993241330132,Up,65
2026-03-13 15:00:00,304.8,305.3,304.8,305.3,304.7174456672679,303.43723563858305,298.75013598994394,301.5993241330132,Up,133
2026-03-13 15:10:00,305.3,305.8,305.0,305.4,304.7794960611526,303.5142067900112,298.81630379103905,301.5993241330132,Up,77
2026-03-13 15:20:00,305.4,305.6,304.7,304.9,304.79045096468417,303.56855162177544,298.8768380816755,301.5993241330132,Up,99
2026-03-13 15:30:00,304.9,305.3,304.2,305.0,304.8095008769856,303.624686852294,298.93776506593747,301.5993241330132,Up,86
2026-03-13 15:40:00,305.0,305.0,304.4,304.9,304.8177280699869,303.67469913259623,298.99709078667445,301.5993241330132,Up,126
2026-03-13 15:50:00,304.9,304.9,304.0,304.5,304.7888436999881,303.7070638724944,299.05184610222994,301.5993241330132,Up,61
2026-03-13 16:00:00,304.5,304.9,303.4,304.8,304.78985790908007,303.74992411278873,299.1090416634018,301.5993241330132,Up,333
2026-03-13 16:10:00,304.8,305.3,304.1,304.4,304.7544162809819,303.77541728483624,299.16168801500976,301.5993241330132,Up,77
2026-03-13 16:20:00,304.4,304.4,301.5,301.9,304.4949238918017,303.70187150896027,299.18893490043257,301.5993241330132,Up,342
2026-03-13 16:30:00,302.0,303.5,301.8,302.9,304.34993081072884,303.6704255674324,299.22586092132383,301.5993241330132,Up,173
2026-03-13 16:40:00,302.9,304.6,302.9,304.5,304.36357346429895,303.7029578981213,299.2783399171316,301.5993241330132,Up,198
2026-03-13 16:50:00,304.5,304.9,303.5,304.5,304.3759758766354,303.73421445113615,299.33029673387654,301.5993241330132,Up,160
2026-03-13 17:00:00,304.5,304.7,303.1,304.5,304.38725079694126,303.76424525697394,299.3817365673703,301.5993241330132,Up,161
2026-03-13 17:10:00,304.5,304.5,302.8,303.2,304.2793189063102,303.7421179919946,299.41972923834174,301.5993241330132,Up,117
2026-03-13 17:20:00,303.2,304.1,302.7,303.5,304.2084717330092,303.73262316877907,299.46032894741296,301.5993241330132,Up,229
2026-03-13 17:30:00,303.5,303.7,302.1,303.2,304.1167924845538,303.7117359856897,299.4975396046527,301.5993241330132,Up,356
2026-03-13 17:40:00,303.5,303.6,301.7,302.0,303.9243568041398,303.6446090842901,299.522439708089,301.5993241330132,Up,332
2026-03-13 17:50:00,302.0,302.1,300.2,301.1,303.66759709467254,303.5448204927493,299.5381368254215,307.16383254166703,Down,516
2026-03-13 18:00:00,301.1,301.6,300.1,301.5,303.4705428133387,303.46463145381796,299.5576578520342,306.8625750378792,Down,214
2026-03-13 18:10:00,301.5,302.1,300.4,300.6,303.2095843757624,303.352292965433,299.56802941569555,306.8625750378792,Down,199
2026-03-13 18:20:00,300.6,300.6,295.4,295.5,302.5087130688749,303.04435990796503,299.52755151106174,305.42196284122247,Down,1208
2026-03-13 18:30:00,295.4,297.2,293.7,293.8,301.7170118807953,302.6818359900056,299.4705609487626,303.46996621929316,Down,829
2026-03-13 18:40:00,294.0,296.4,292.9,296.2,301.21546534617755,302.4276463433387,299.4380180537501,303.21360565390285,Down,723
2026-03-13 18:50:00,296.2,296.5,294.1,294.8,300.6322412237978,302.12852295732546,299.39186862037946,303.21360565390285,Down,415
2026-03-13 19:00:00,294.8,296.0,294.7,295.2,300.1384011125434,301.85681617468526,299.3501584848533,303.21360565390285,Down,263
2026-03-13 19:10:00,295.0,295.7,293.1,294.0,299.58036464776677,301.5487057364623,299.29692307704386,302.9304324972974,Down,390
2026-03-13 19:20:00,294.0,294.5,293.4,294.0,299.07305877069706,301.25267806052256,299.24421737478474,302.1049386339067,Down,158
2026-03-13 19:30:00,294.0,294.5,293.3,294.2,298.63005342790643,300.97610245030603,299.19402615712517,301.74994421264245,Down,336
2026-03-13 19:40:00,294.2,295.3,294.1,294.9,298.2909576617331,300.73782392284306,299.1512995286961,301.74994421264245,Down,304
2026-03-13 19:50:00,294.9,295.2,292.3,292.3,297.74632514703006,300.4069288670453,299.0831273940822,301.68879686995245,Down,358
2026-03-13 20:00:00,292.3,293.1,291.5,292.5,297.26938649730005,300.0968532252004,299.0176236389172,300.09890624541134,Down,454
2026-03-13 20:10:00,292.5,293.1,291.8,293.0,296.88126045209094,299.8185452555847,298.9577467867887,300.0126420412831,Down,168
2026-03-13 20:20:00,293.0,295.0,293.0,293.5,296.5738731382645,299.5707591671304,298.9034408486117,300.0126420412831,Down,405
2026-03-13 20:30:00,293.5,295.3,293.4,294.9,296.4217028529677,299.3875921409684,298.86360561628726,300.0126420412831,Down,322
2026-03-13 20:40:00,294.9,295.8,294.0,294.7,296.2651844117888,299.20376499818536,298.8221767046824,300.0126420412831,Down,324
2026-03-13 20:50:00,294.7,295.0,292.7,293.3,295.9956221925353,298.9722448021781,298.767229672795,300.0126420412831,Down,255
2026-03-13 21:00:00,293.3,293.6,292.8,293.2,295.74147472048656,298.74588226091623,298.7118343526677,300.0126420412831,Down,136
2026-03-13 21:10:00,293.2,295.0,293.0,294.7,295.64679520044234,298.58722021146855,298.67191560288995,300.0126420412831,Down,182
2026-03-13 21:20:00,294.7,295.0,293.0,293.8,295.47890472767483,298.3994860855286,298.6234388307219,300.0126420412831,Down,256
2026-03-13 21:30:00,293.8,294.2,293.1,294.2,295.36264066152256,298.2348003566844,298.5794245139983,300.0126420412831,Down,88
2026-03-13 21:40:00,294.2,294.8,294.1,294.5,295.2842187832023,298.08833759759875,298.5388332253018,300.0126420412831,Down,188
2026-03-13 21:50:00,294.5,296.0,293.7,295.7,295.3220170756384,297.99467729965374,298.5105861285327,300.0126420412831,Down,266
2026-03-13 22:00:00,295.7,297.1,294.8,297.0,295.4745609778531,297.95567034672615,298.4955554207861,300.0126420412831,Down,456
2026-03-13 22:10:00,297.0,297.1,291.0,291.2,295.085964525321,297.69074209783497,298.42296282953447,300.0126420412831,Down,765
2026-03-13 22:20:00,291.2,293.8,291.2,292.4,294.84178593211,297.48326201556694,298.36303285113115,300.0126420412831,Down,415
2026-03-13 22:30:00,292.4,292.8,291.8,292.2,294.60162357464543,297.27607526985844,298.3017091411697,300.0126420412831,Down,178
2026-03-13 22:40:00,292.2,293.5,292.0,293.1,294.4651123405867,297.11230761221697,298.24995084125754,300.0126420412831,Down,157
2026-03-13 22:50:00,293.1,293.4,292.0,292.4,294.2773748550788,296.9275112352673,298.1917423751754,300.0126420412831,Down,139
2026-03-13 23:00:00,292.4,292.9,292.0,292.3,294.0976135046171,296.74604020643324,298.1331180729349,300.0126420412831,Down,200
2026-03-13 23:10:00,292.3,293.6,292.2,293.6,294.05237591328824,296.62266608069075,298.0880124204679,300.0126420412831,Down,137
2026-03-13 23:20:00,293.6,293.9,293.0,293.6,294.01125083026204,296.5041301559578,298.0433555804633,300.0126420412831,Down,242
2026-03-13 23:30:00,293.9,294.2,293.3,293.8,293.9920462093291,296.3980858361163,298.0011331368766,300.0126420412831,Down,356
2026-03-16 09:00:00,290.4,291.9,289.2,290.0,293.6291329175719,296.1471805092098,297.921519871833,298.3568381978357,Down,141
2026-03-16 09:10:00,290.0,292.0,289.9,290.0,293.29921174324716,295.90611460688785,297.84269877858094,298.3568381978357,Down,387
2026-03-16 09:20:00,290.0,290.9,289.7,290.8,293.0720106756792,295.7058748183824,297.77262217381895,297.8825109073022,Down,269
2026-03-16 09:30:00,290.8,290.8,289.0,289.1,292.71091879607206,295.44682090393604,297.6863274258207,297.4477371884566,Down,322
2026-03-16 09:40:00,289.1,289.6,288.5,288.6,292.33719890552004,295.17831812338954,297.5959162076534,296.3115792622333,Down,249
2026-03-16 09:50:00,288.6,289.8,288.6,289.6,292.0883626413818,294.9595605499233,297.51635485235334,296.2377993293031,Down,100
2026-03-16 10:00:00,289.6,290.4,289.5,290.2,291.9166933103471,294.772911116593,297.4435553015837,296.2377993293031,Down,138
2026-03-16 10:10:00,290.1,291.0,290.1,291.0,291.833357554861,294.6249538179031,297.3794403234585,296.2377993293031,Down,99
2026-03-16 10:20:00,290.9,291.0,290.1,290.1,291.67577959532815,294.44750464857356,297.30700808143405,296.2377993293031,Down,59
2026-03-16 10:30:00,290.1,290.6,289.7,290.3,291.5507087230256,294.28485740745305,297.23728660798696,296.09806319875895,Down,79
2026-03-16 10:40:00,290.3,292.1,290.2,292.1,291.6006442936596,294.19917672480784,297.1861693283055,296.09806319875895,Down,134
2026-03-16 10:50:00,292.1,292.9,291.7,292.9,291.71876753969053,294.14822861795267,297.1435208772776,296.09806319875895,Down,235
2026-03-16 11:00:00,292.8,293.2,292.1,292.2,291.7625159451732,294.07182749568,297.0943316148171,296.09806319875895,Down,242
2026-03-16 11:10:00,292.2,292.7,291.6,292.7,291.8477417683393,294.0180303389867,297.0506069221324,296.09806319875895,Down,140
2026-03-16 11:20:00,292.7,293.0,291.3,291.5,291.81612888030844,293.9192840511833,296.9953770025092,296.09806319875895,Down,328
2026-03-16 11:30:00,291.5,291.8,290.9,291.1,291.75102625482583,293.80872389231337,296.93671653482255,296.09806319875895,Down,106
2026-03-16 11:40:00,291.1,292.2,290.6,292.1,291.78275114075075,293.74171511222266,296.88859000213773,296.09806319875895,Down,76
2026-03-16 11:50:00,292.2,293.4,292.1,293.1,291.9025010370461,293.71654981370415,296.85089258918117,296.09806319875895,Down,86
2026-03-16 12:00:00,293.1,293.8,293.0,293.4,292.0386373064055,293.7041360955197,296.8165553494878,296.09806319875895,Down,108
2026-03-16 12:10:00,293.4,293.4,292.1,292.3,292.06239755127774,293.64907193491103,296.7716145002392,296.09806319875895,Down,69
2026-03-16 12:20:00,292.3,292.6,292.1,292.5,292.1021795920706,293.60401029040474,296.72911087337116,296.09806319875895,Down,63
2026-03-16 12:30:00,292.5,292.9,291.2,291.2,292.02016326551876,293.50973537705556,296.67409484478037,296.09806319875895,Down,92
2026-03-16 12:40:00,291.2,292.7,291.2,292.7,292.08196660501704,293.4779810485436,296.634551612494,296.09806319875895,Down,42
2026-03-16 12:50:00,292.7,292.7,292.0,292.0,292.07451509547,293.4200210074242,296.5884366710762,296.09806319875895,Down,120
2026-03-16 13:00:00,292.0,292.6,291.4,291.4,292.01319554133636,293.3408044973292,296.5368104355431,296.09806319875895,Down,37
2026-03-16 13:10:00,291.6,292.4,291.5,292.1,292.0210868557603,293.2921454974339,296.49266306802525,296.09806319875895,Down,43
2026-03-16 13:20:00,292.1,292.3,291.7,291.7,291.99189714160025,293.2297084191032,296.44497487829364,296.09806319875895,Down,43
2026-03-16 13:30:00,291.7,292.0,291.2,291.3,291.92899740145475,293.1540335791384,296.3937810984101,296.09806319875895,Down,33
2026-03-16 13:40:00,291.3,291.5,290.2,290.2,291.7718158195043,293.03818912505454,296.3321514357394,295.4940076265323,Down,126
2026-03-16 13:50:00,290.2,291.3,289.8,290.6,291.66528710864026,292.94257386524845,296.2751151030455,295.31727966048396,Down,109
2026-03-16 14:00:00,290.6,291.6,290.1,291.4,291.6411700987639,292.8820807724936,296.226606495055,295.31727966048396,Down,64
2026-03-16 14:10:00,291.4,292.0,291.2,291.9,291.66470008978536,292.8435678010233,296.183555684159,295.31727966048396,Down,45
2026-03-16 14:20:00,291.9,292.5,291.9,292.5,291.7406364452594,292.83009455392437,296.1469033887942,295.31727966048396,Down,48
2026-03-16 14:30:00,292.5,292.5,290.7,291.2,291.6914876775085,292.7661692772999,296.09768046950273,295.31727966048396,Down,76
2026-03-16 14:40:00,291.2,291.9,290.7,291.6,291.6831706159168,292.7204371487784,296.05292743000524,295.31727966048396,Down,70
2026-03-16 14:50:00,291.6,292.2,291.3,291.5,291.66651874174255,292.67257686843413,296.0076246695077,295.31727966048396,Down,65
2026-03-16 15:00:00,291.5,291.8,291.0,291.0,291.6059261288568,292.6069856186916,295.9577975583683,295.31727966048396,Down,61
2026-03-16 15:10:00,291.0,291.6,291.0,291.5,291.5962964807789,292.56357441795865,295.9134413637577,295.31727966048396,Down,44
2026-03-16 15:20:00,291.5,291.5,290.1,290.6,291.5057240734354,292.4865714996073,295.8605713004368,295.2468978926488,Down,98
2026-03-16 15:30:00,290.6,291.3,290.2,291.3,291.48702188494127,292.4400392839364,295.815192481527,295.19263444786253,Down,47
2026-03-16 15:40:00,291.4,291.7,290.9,290.9,291.4336562590375,292.3796455865272,295.7662850936511,295.19263444786253,Down,66
2026-03-16 15:50:00,290.9,290.9,290.0,290.3,291.330596599125,292.2980908576438,295.7118941971969,294.7133342544318,Down,93
2026-03-16 16:00:00,290.3,290.5,289.4,289.6,291.17326963556815,292.1922833730303,295.6510793295631,294.2257584131198,Down,133
2026-03-16 16:10:00,289.6,290.4,289.4,290.0,291.0666087596074,292.10631147604875,295.59484968449283,294.15068946647256,Down,76
2026-03-16 16:20:00,290.2,290.3,288.0,288.9,290.86964432691576,291.98057377110564,295.52823426474663,293.85062678770237,Down,389
2026-03-16 16:30:00,288.9,288.9,287.8,288.5,290.654222115378,291.84408068204266,295.45830158549546,293.02329707972945,Down,539
2026-03-16 16:40:00,288.5,288.8,287.8,288.5,290.4583837412527,291.71294026313905,295.389064753799,292.9120882542995,Down,377
2026-03-16 16:50:00,288.5,290.2,288.5,289.9,290.407621582957,291.6418445665454,295.33444719405975,292.9120882542995,Down,208
2026-03-16 17:00:00,289.9,290.1,288.7,289.4,290.31601962087,291.55392909334756,295.2753979682482,292.9120882542995,Down,111
2026-03-16 17:10:00,289.4,289.6,288.5,289.4,290.2327451098818,291.46946128576536,295.2169362969224,292.9120882542995,Down,100
2026-03-16 17:20:00,289.4,291.1,289.0,290.7,290.2752228271653,291.43928633338237,295.1719916571521,292.9120882542995,Down,154
2026-03-16 17:30:00,290.7,291.3,288.0,288.7,290.13202075196847,291.33186333991637,295.1075937302152,292.9120882542995,Down,417
2026-03-16 17:40:00,288.7,291.1,288.7,289.8,290.1018370472441,291.2717902677628,295.05478185230265,292.9120882542995,Down,282
2026-03-16 17:50:00,289.8,291.9,288.8,291.9,290.2653064065855,291.2964259435368,295.0233909881007,292.9120882542995,Down,301
2026-03-16 18:00:00,291.9,291.9,290.5,291.6,290.386642187805,291.3083308084962,294.9893273961793,292.9120882542995,Down,323
2026-03-16 18:10:00,291.6,291.9,288.7,288.7,290.2333110798227,291.20604332581007,294.926747024078,292.9120882542995,Down,291
2026-03-16 18:20:00,288.8,289.5,286.0,287.6,289.9939191634752,291.0646298620528,294.85384406861453,292.9120882542995,Down,579
2026-03-16 18:30:00,287.6,290.4,286.9,290.0,289.99447196679563,291.0228796713841,294.8055471127079,292.9120882542995,Down,313
2026-03-16 18:40:00,290.0,292.3,289.1,291.1,290.09497451526875,291.0259039979965,294.7686759971586,292.9120882542995,Down,532
2026-03-16 18:50:00,291.1,291.4,289.6,289.7,290.0590677411534,290.973907762781,294.7182414101222,292.9120882542995,Down,192
2026-03-16 19:00:00,289.7,289.9,288.6,288.8,289.94460703741214,290.88865647796604,294.6593534358921,292.9120882542995,Down,193
2026-03-16 19:10:00,288.8,291.3,288.3,291.0,290.04055185219283,290.89302289059486,294.6229419589181,292.9120882542995,Down,289
2026-03-16 19:20:00,291.0,291.4,289.0,289.1,289.95504713835714,290.8227082674343,294.56798731256066,292.9120882542995,Down,116
2026-03-16 19:30:00,289.1,290.5,288.8,289.4,289.9045883075974,290.7669157863585,294.5165645532317,292.9120882542995,Down,195
2026-03-16 19:40:00,289.4,289.5,287.9,288.0,289.73144391599766,290.6584092849327,294.45172311489114,292.9120882542995,Down,301
2026-03-16 19:50:00,287.8,288.6,287.4,287.9,289.56494901454334,290.5502363717981,294.3865318401161,292.9120882542995,Down,209
2026-03-16 20:00:00,287.9,288.0,287.2,287.6,289.38631728594845,290.434540827806,294.31900416011496,292.9120882542995,Down,247
2026-03-16 20:10:00,287.5,288.2,286.6,286.6,289.1330157144986,290.284166677696,294.2421981485715,292.9120882542995,Down,313
2026-03-16 20:20:00,286.6,286.8,285.1,286.0,288.8481961040896,290.1161601413158,294.1601862266952,292.9120882542995,Down,526
2026-03-16 20:30:00,286.0,286.2,284.3,284.4,288.4438146400815,289.89199699851906,294.0630699458326,292.7084341164354,Down,386
2026-03-16 20:40:00,284.4,285.6,284.3,285.3,288.15801330916497,289.71191868485164,293.97587522000345,292.20312192403225,Down,220
2026-03-16 20:50:00,285.3,285.4,283.6,283.9,287.77092119015,289.48400030505354,293.8756177551278,291.7482926582111,Down,370
2026-03-16 21:00:00,283.9,284.5,282.3,282.3,287.2735647183182,289.2022748028946,293.7604374789574,290.78935696201006,Down,468
2026-03-16 21:10:00,282.4,282.5,281.4,282.1,286.80324065301653,288.92375422238894,293.6444132254354,289.06759723819096,Down,15172
2026-03-16 21:20:00,282.1,282.5,281.0,281.5,286.3211278663786,288.63262660582467,293.52357329284405,288.7659974892645,Down,306
2026-03-16 21:30:00,281.5,281.9,281.0,281.6,285.89193442398056,288.3568373271649,293.4049307725172,288.15545226296774,Down,197
2026-03-16 21:40:00,281.7,283.3,281.7,283.1,285.6381222036187,288.1506868437467,293.3023941479151,288.15545226296774,Down,378
2026-03-16 21:50:00,283.1,283.1,281.5,282.0,285.30738382147155,287.9094834381096,293.1899325146025,288.15545226296774,Down,230
2026-03-16 22:00:00,282.0,283.2,281.8,282.3,285.0339852922469,287.68950369543865,293.0815749771438,288.15545226296774,Down,211
2026-03-16 22:10:00,282.3,283.3,282.3,282.8,284.8308957202244,287.49775845248024,292.9792707485155,288.15545226296774,Down,161
2026-03-16 22:20:00,282.8,282.8,281.6,282.3,284.6008142911131,287.2939247876771,292.8730093480328,288.15545226296774,Down,189
2026-03-16 22:30:00,282.3,282.5,281.3,281.5,284.31892208283006,287.0667120509055,292.75984507591306,287.98235621746454,Down,255
2026-03-16 22:40:00,281.5,281.9,280.2,280.5,283.9717473480273,286.80919393126214,292.63785656769505,287.19759656133135,Down,381
2026-03-16 22:50:00,280.5,281.5,279.3,280.7,283.6743157709339,286.56961769866365,292.51907192523043,286.7887241466649,Down,402
2026-03-16 23:00:00,280.7,280.7,279.5,280.0,283.3402870644853,286.3119856320494,292.3945040453774,286.3442946787863,Down,186
2026-03-16 23:10:00,280.0,280.9,279.8,280.2,283.0548064222594,286.07229992098866,292.2731656966672,286.3442946787863,Down,186
2026-03-16 23:20:00,280.2,281.1,280.1,280.1,282.7861876565994,285.83809208094993,292.1520396698347,286.3442946787863,Down,222
2026-03-16 23:30:00,280.1,281.0,280.0,280.5,282.57835241509036,285.62875513659895,292.03609897660255,286.21622440179283,Down,220
2026-03-17 09:00:00,282.7,283.0,281.3,282.4,282.56213855917304,285.50213728810485,291.9402173947458,286.21622440179283,Down,83
2026-03-17 09:10:00,282.4,282.6,281.5,281.8,282.49285323561185,285.3569554336694,291.83931970922595,286.21622440179283,Down,222
2026-03-17 09:20:00,281.8,282.5,281.7,282.4,282.4844120323744,285.2409963970549,291.74539613002963,286.21622440179283,Down,235
2026-03-17 09:30:00,282.4,283.1,282.2,282.4,282.4767382112494,285.129584773641,291.6524071138104,286.21622440179283,Down,209
2026-03-17 09:40:00,282.4,283.2,282.4,283.0,282.5243074647722,285.04607164526294,291.5663135106879,286.21622440179283,Down,136
2026-03-17 09:50:00,283.0,283.0,282.1,282.2,282.4948249679747,284.9344609925075,291.47311636132787,286.21622440179283,Down,119
2026-03-17 10:00:00,282.2,282.5,282.0,282.4,282.48620451634065,284.83507036535036,291.38283659653854,286.21622440179283,Down,83
2026-03-17 10:10:00,282.4,282.4,281.8,282.0,282.4420041057642,284.72389113533666,291.289475038364,286.21622440179283,Down,144
2026-03-17 10:20:00,281.9,282.4,281.6,281.9,282.3927310052402,284.61315030649996,291.196047426042,286.21622440179283,Down,66
2026-03-17 10:30:00,281.9,282.2,281.5,282.0,282.357028186582,284.51067382389215,291.1045444665789,286.2001073263989,Down,91
2026-03-17 10:40:00,281.9,282.1,281.5,281.5,282.27911653325634,284.3926081837395,291.0089768599463,285.9728248421808,Down,62
2026-03-17 10:50:00,281.5,282.2,281.4,282.1,282.2628332120512,284.30270198045565,290.92033032402645,285.8843862201643,Down,98
2026-03-17 11:00:00,282.1,282.6,281.9,282.5,282.28439382913746,284.23200778514365,290.83654594269285,285.8843862201643,Down,124
2026-03-17 11:10:00,282.5,282.9,282.4,282.7,282.32217620830676,284.1719290484713,290.7555852865467,285.8843862201643,Down,66
2026-03-17 11:20:00,282.9,283.9,282.8,283.5,282.42925109846067,284.14557888970774,290.68339040807365,285.8843862201643,Down,184
2026-03-17 11:30:00,283.5,284.4,283.4,283.9,282.56295554405517,284.13594834501333,290.6158939861028,285.8843862201643,Down,219
2026-03-17 11:40:00,283.9,284.2,283.0,283.5,282.6481414036865,284.11100919422853,290.5450890708182,285.8843862201643,Down,125
2026-03-17 11:50:00,283.5,284.1,283.3,283.8,282.7528558215332,284.0988127552392,290.47797375668074,285.8843862201643,Down,68
2026-03-17 12:00:00,283.8,283.9,283.3,283.5,282.82077801957564,284.07532990209256,290.4085411819874,285.8843862201643,Down,54
2026-03-17 12:10:00,283.5,283.8,282.5,282.6,282.8007072905233,284.0174738275007,290.3308442548035,285.8843862201643,Down,203
2026-03-17 12:20:00,282.6,283.2,282.6,282.9,282.8097339004757,283.97365132446146,290.25690550599944,285.8843862201643,Down,93
2026-03-17 12:30:00,282.9,283.3,282.8,283.3,282.854303545887,283.947233625463,290.18768256564124,285.8843862201643,Down,29
2026-03-17 12:40:00,283.4,283.4,282.5,282.5,282.8220941326245,283.89047936564094,290.11118821175427,285.8843862201643,Down,65
2026-03-17 12:50:00,282.5,282.7,281.5,281.9,282.73826739329496,283.8124213513021,290.0294848464632,285.809984014833,Down,126
2026-03-17 13:00:00,281.6,282.1,281.5,281.9,282.6620612666318,283.7374244355648,289.94859444998104,285.39089455893907,Down,96
2026-03-17 13:10:00,281.9,282.3,281.7,282.0,282.6018738787561,283.669290143974,289.86950395794145,285.39089455893907,Down,83
2026-03-17 13:20:00,282.0,282.4,281.6,282.4,282.58352170796013,283.61951405989663,289.79518053547434,285.39089455893907,Down,100
2026-03-17 13:30:00,282.4,282.8,282.3,282.6,282.5850197345092,283.57953311637124,289.7235866993005,285.39089455893907,Down,28
2026-03-17 13:40:00,282.6,283.2,282.2,283.2,282.64092703137203,283.56464946474887,289.6586753888597,285.39089455893907,Down,59
2026-03-17 13:50:00,283.2,283.7,282.8,282.9,282.6644791194291,283.5385847798568,289.591424887478,285.39089455893907,Down,81
2026-03-17 14:00:00,282.9,283.0,282.2,282.6,282.65861738129917,283.5017775335879,289.5218584706872,285.39089455893907,Down,47
2026-03-17 14:10:00,282.6,283.2,282.2,282.7,282.6623794375447,283.4703352773688,289.4539792819242,285.39089455893907,Down,32
2026-03-17 14:20:00,282.7,283.0,282.1,282.9,282.68398130685875,283.44796918806026,289.38876555772595,285.39089455893907,Down,128
2026-03-17 14:30:00,282.9,283.3,282.8,283.1,282.7218011880534,283.4343233375481,289.32619077605705,285.39089455893907,Down,15
2026-03-17 14:40:00,283.1,283.3,282.6,282.6,282.7107283527758,283.40160477529133,289.2592635046535,285.39089455893907,Down,33
2026-03-17 14:50:00,282.6,282.8,282.2,282.2,282.6642985025234,283.35448301939755,289.18902207674654,285.39089455893907,Down,25
2026-03-17 15:00:00,282.3,282.3,280.5,280.8,282.4948168204758,283.2543072147153,289.1055492202615,284.96088471928687,Down,405
2026-03-17 15:10:00,280.8,281.4,280.5,281.4,282.39528801861434,283.1815892847265,289.0288770887166,284.51444065389717,Down,104
2026-03-17 15:20:00,281.4,281.7,280.8,281.1,282.2775345623767,283.0999583323843,288.94998278932644,284.51444065389717,Down,118
2026-03-17 15:30:00,281.1,281.2,280.8,281.2,282.17957687488786,283.02545016248683,288.8728685327162,284.38879392884064,Down,72
2026-03-17 15:40:00,281.2,281.8,281.2,281.5,282.11779715898894,282.9656285874874,288.7995066567688,284.38879392884064,Down,78
2026-03-17 15:50:00,281.4,282.4,281.4,282.3,282.1343610536263,282.93952550562517,288.7348349487413,284.38879392884064,Down,134
2026-03-17 16:00:00,282.3,282.4,281.8,282.2,282.14032823056937,282.91052450540457,288.6698117154205,284.38879392884064,Down,46
2026-03-17 16:10:00,282.2,283.3,282.0,283.2,282.2366620277903,282.9218764855848,288.61538572820245,284.38879392884064,Down,203
2026-03-17 16:20:00,283.2,283.9,283.2,283.7,282.36969275253665,282.95239113320895,288.56647641747406,284.38879392884064,Down,175
2026-03-17 16:30:00,283.7,284.5,283.4,283.9,282.5088115932151,282.98955226524,288.5200438163052,284.38879392884064,Down,272
2026-03-17 16:40:00,283.9,285.3,283.6,285.0,282.73528326655924,283.06839335287765,288.4850185047002,280.665690923613,Up,276
2026-03-17 16:50:00,285.0,285.4,284.1,284.6,282.9048029695993,283.1284563586472,288.4463616041559,280.8369917487391,Up,246
2026-03-17 17:00:00,284.6,285.0,284.0,284.5,283.0498208814539,283.1822423837983,288.40709432451257,280.8369917487391,Up,154
2026-03-17 17:10:00,284.5,284.9,284.1,284.6,283.19074625586717,283.2378407216886,288.3692127889453,280.8369917487391,Up,110
2026-03-17 17:20:00,284.6,285.8,284.5,284.8,283.3370420507883,283.2991018698577,288.3336982338314,281.1723829817724,Up,300
2026-03-17 17:30:00,284.8,285.0,284.0,284.0,283.39731095526207,283.32658807103974,288.2905768583704,281.1723829817724,Up,182
2026-03-17 17:40:00,284.0,284.3,282.2,283.8,283.4339190502383,283.34515324472443,288.2458945015707,281.1723829817724,Up,379
2026-03-17 17:50:00,283.8,285.7,283.7,285.3,283.60356277294386,283.42181390179405,288.21658211847057,281.1723829817724,Up,431
2026-03-17 18:00:00,285.3,287.7,285.2,287.7,283.97596615722165,283.5895859056453,288.2114419978888,281.2586763074738,Up,649
2026-03-17 18:10:00,287.5,287.8,286.0,286.5,284.2054237792924,283.70371979169846,288.19441272427804,281.5260693704307,Up,330
2026-03-17 18:20:00,286.5,287.0,286.0,286.6,284.42311252662944,283.8172994077103,288.1785479210514,281.5260693704307,Up,209
2026-03-17 18:30:00,286.6,287.3,285.3,285.8,284.54828411511767,283.8950523721138,288.15488077755833,281.5260693704307,Up,207
2026-03-17 18:40:00,285.8,286.6,285.1,285.8,284.6620764682888,283.96975620065837,288.1314491280304,281.5260693704307,Up,522
2026-03-17 18:50:00,285.8,287.3,285.5,286.8,284.8564331529898,284.0807461535737,288.11820087800027,281.5260693704307,Up,261
2026-03-17 19:00:00,286.8,287.2,286.3,286.3,284.98766650271796,284.1677757161787,288.10010932697537,281.5260693704307,Up,211
2026-03-17 19:10:00,286.3,287.0,284.1,284.5,284.94333318428903,284.18080411946585,288.06428734362237,281.5260693704307,Up,360
2026-03-17 19:20:00,284.5,286.2,283.5,285.8,285.0212119857173,284.24430199713385,288.04175712129774,281.5260693704307,Up,480
2026-03-17 19:30:00,286.0,286.0,285.0,285.2,285.03746544156115,284.28178035018743,288.0134809310361,281.5260693704307,Up,118
2026-03-17 19:40:00,285.2,285.2,284.2,284.8,285.01587767414645,284.3021026893958,287.98150599639894,281.5260693704307,Up,95
2026-03-17 19:50:00,284.8,286.0,284.8,285.5,285.05988879467856,284.3490790545175,287.95681439444473,281.5260693704307,Up,127
2026-03-17 20:00:00,285.5,285.8,284.1,284.4,284.99989890425326,284.35107595434033,287.92142320644035,281.5260693704307,Up,119
2026-03-17 20:10:00,284.4,285.2,283.6,284.1,284.9180899129575,284.34122983848386,287.88339909493345,281.5260693704307,Up,231
2026-03-17 20:20:00,284.1,284.3,282.4,282.5,284.6982635572341,284.2690247467786,287.82983293478486,281.5260693704307,Up,370
2026-03-17 20:30:00,282.6,283.1,282.2,282.4,284.48933050657644,284.1957296586696,287.77580474637904,281.5260693704307,Up,270
2026-03-17 20:40:00,282.4,283.1,282.4,283.0,284.3539368241604,284.1488382995061,287.72828430114146,281.5260693704307,Up,151
2026-03-17 20:50:00,283.0,283.3,282.6,283.2,284.24903347650945,284.1116289544275,287.68322674590627,281.5260693704307,Up,125
2026-03-17 21:00:00,283.3,283.5,282.4,282.4,284.0809395240995,284.0445062503323,287.63065732554895,281.5260693704307,Up,218
2026-03-17 21:10:00,282.4,283.7,282.3,282.5,283.93721774918134,283.98393737777025,287.57960600887685,281.5260693704307,Up,267
2026-03-17 21:20:00,282.5,282.7,281.1,281.5,283.7156524992557,283.8865280688381,287.5191124167488,287.34103443416683,Down,519
2026-03-17 21:30:00,281.5,283.3,281.5,283.0,283.6505931811416,283.85176226221705,287.4741461240448,287.34103443416683,Down,254
2026-03-17 21:40:00,283.0,284.0,282.1,282.4,283.5369028919469,283.79483040879677,287.42365710788516,287.34103443416683,Down,270
2026-03-17 21:50:00,282.6,283.0,281.8,281.9,283.38809353813355,283.720523333942,287.3686953456177,287.34103443416683,Down,203
2026-03-17 22:00:00,281.9,282.3,280.5,281.0,283.17099412557593,283.6138361443757,287.30532524267625,287.2303083356101,Down,464
2026-03-17 22:10:00,280.9,282.4,280.9,282.0,283.0645401141599,283.5505484524394,287.25253593677894,287.2303083356101,Down,183
2026-03-17 22:20:00,282.0,282.5,281.6,281.8,282.94958192196356,283.4818994935202,287.1982818478558,287.2303083356101,Down,110
2026-03-17 22:30:00,281.8,282.3,281.5,281.7,282.83598356542143,283.41202108200963,287.14357257573783,287.2303083356101,Down,138
2026-03-17 22:40:00,281.7,282.9,281.5,281.5,282.71453051401943,283.3370398631073,287.0874176247355,287.2303083356101,Down,290
2026-03-17 22:50:00,281.5,281.9,281.4,281.6,282.6132095581995,283.2689206527894,287.03281645434015,286.77364923881885,Down,124
2026-03-17 23:00:00,281.6,282.0,281.4,281.4,282.50291778018135,283.19562964679767,286.97676852942135,286.57604476256256,Down,90
2026-03-17 23:10:00,281.4,281.8,280.9,281.2,282.38447070925577,283.1173696606487,286.9192882455465,286.1100406932388,Down,205
2026-03-17 23:20:00,281.2,282.0,280.9,281.6,282.3131551902325,283.0578649680743,286.8663600042973,286.1100406932388,Down,228
2026-03-17 23:30:00,281.6,282.0,281.3,281.6,282.2483229002114,283.0006937928557,286.81395841221473,286.1100406932388,Down,239
2026-03-18 09:00:00,278.0,278.0,274.0,275.5,281.6348390001922,282.70654893823394,286.70138171159573,282.90190886043484,Down,240
2026-03-18 09:10:00,275.5,275.8,274.7,274.8,281.0134900001747,282.3964881955581,286.58296000302266,281.9244626003953,Down,668
2026-03-18 09:20:00,274.8,275.5,274.1,274.2,280.3940818183406,282.0750572859284,286.4597464706543,281.3767841821776,Down,544
2026-03-18 09:30:00,274.2,274.9,272.6,272.8,279.70371074394603,281.7113295492253,286.3238285953244,280.5652583474341,Down,702
2026-03-18 09:40:00,272.8,273.3,272.5,273.0,279.0942824944964,281.369708782589,286.19125318641574,279.38659849766736,Down,301
2026-03-18 09:50:00,273.0,273.3,272.8,273.2,278.55843863136033,281.04932804601685,286.06198698555585,279.1287259069704,Down,159
2026-03-18 10:00:00,273.2,273.9,273.1,273.6,278.10767148305484,280.75719753440836,285.9379871150528,279.1287259069704,Down,201
2026-03-18 10:10:00,273.6,273.8,273.2,273.8,277.7160649845953,280.48436625854924,285.81721112385827,279.0063850470829,Down,133
2026-03-18 10:20:00,273.8,274.0,273.4,273.6,277.341877258723,280.2143911111552,285.6956468340686,278.92398640643904,Down,323
2026-03-18 10:30:00,273.6,273.7,273.3,273.3,276.97443387156636,279.94323851856086,285.5723070645754,278.39453309676276,Down,77
2026-03-18 10:40:00,273.3,274.1,273.1,273.5,276.6585762468785,279.6905624982252,285.45218460622146,278.39453309676276,Down,204
2026-03-18 10:50:00,273.5,273.8,273.3,273.6,276.38052386079863,279.45171691005953,285.3342524210849,278.1074653692254,Down,121
2026-03-18 11:00:00,273.6,273.6,273.1,273.1,276.08229441890785,279.20262997241014,285.2125185661488,277.6749685174777,Down,122
2026-03-18 11:10:00,273.1,273.4,273.0,273.0,275.80208583537075,278.95938958133524,285.09100096847567,277.2772441067978,Down,129
2026-03-18 11:20:00,273.0,273.2,272.7,273.0,275.54735075942796,278.725688029126,284.9706925011277,276.8384037334526,Down,103
2026-03-18 11:30:00,273.0,273.5,272.6,273.5,275.36122796311633,278.52075908680735,284.8565562573354,276.8384037334526,Down,141
2026-03-18 11:40:00,273.5,273.5,272.7,272.7,275.11929814828756,278.2924940245796,284.73559549855594,276.8384037334526,Down,133
2026-03-18 11:50:00,272.7,272.7,271.8,271.8,274.8175437711705,278.03788641577256,284.60688310553553,276.0336241423385,Down,327
2026-03-18 12:00:00,271.8,272.2,271.5,272.1,274.5704943374277,277.80502812495797,284.48243650747054,275.5442037657623,Down,154
2026-03-18 12:10:00,272.1,272.7,272.1,272.5,274.38226757947973,277.59698780633215,284.36320828351563,275.5442037657623,Down,87
2026-03-18 12:20:00,272.5,273.1,272.4,273.0,274.2566068904361,277.4167137747113,284.25014153442595,275.5442037657623,Down,198
2026-03-18 12:30:00,273.0,273.4,272.5,272.8,274.12418808221463,277.235666175703,284.1362097778645,275.5442037657623,Down,116
2026-03-18 12:40:00,272.8,272.9,272.2,272.3,273.9583528020133,277.0421106394009,284.01843654624395,275.5442037657623,Down,59
2026-03-18 12:50:00,272.4,272.7,271.9,272.3,273.8075934563757,276.85614551628714,283.9018351875748,275.5442037657623,Down,130
2026-03-18 13:00:00,272.7,272.7,272.1,272.1,273.65235768761426,276.6696300058445,283.7844039916786,275.5442037657623,Down,132
2026-03-18 13:10:00,272.1,273.4,272.1,273.3,273.62032517055843,276.53748765267414,283.68008156390067,275.5442037657623,Down,149
2026-03-18 13:20:00,273.3,273.3,272.9,273.0,273.56393197323496,276.3987626466869,283.57381209560316,275.5442037657623,Down,41
2026-03-18 13:30:00,272.9,273.2,272.8,273.1,273.5217563393045,276.26939940564034,283.4695950598261,275.5442037657623,Down,181
2026-03-18 13:40:00,273.1,273.2,272.7,272.9,273.46523303573133,276.13726609561525,283.3644249597283,275.5442037657623,Down,44
2026-03-18 13:50:00,272.9,273.2,272.7,272.9,273.4138482143012,276.0103144840225,283.2603013282882,275.5442037657623,Down,53
2026-03-18 14:00:00,272.9,274.0,272.8,273.9,273.45804383118286,275.92755705327653,283.16716400163864,275.5442037657623,Down,115
2026-03-18 14:10:00,273.9,274.2,273.6,273.6,273.47094893743895,275.83628030608924,283.0719683399308,275.5442037657623,Down,143
2026-03-18 14:20:00,273.6,274.0,273.5,273.8,273.50086267039904,275.7564261764387,282.9797099484887,275.5442037657623,Down,34
2026-03-18 14:30:00,273.8,273.9,273.2,273.3,273.4826024276355,275.660095738147,282.88339442661317,275.5442037657623,Down,111
2026-03-18 14:40:00,273.3,273.7,273.0,273.3,273.46600220694137,275.567542964102,282.7880372681394,275.5442037657623,Down,109
2026-03-18 14:50:00,273.3,274.2,273.2,274.0,273.5145474608558,275.506070691,282.7005941112425,275.5442037657623,Down,57
2026-03-18 15:00:00,274.0,274.1,273.5,273.7,273.53140678259615,275.43524438939215,282.61103596088185,275.5442037657623,Down,47
2026-03-18 15:10:00,273.7,274.2,273.5,274.2,273.5921879841783,275.3868034329454,282.5273440607736,275.5442037657623,Down,57
2026-03-18 15:20:00,274.2,275.4,274.2,275.3,273.7474436219802,275.38339937675147,282.45543018952213,275.5442037657623,Down,249
2026-03-18 15:30:00,275.3,276.0,275.3,276.0,273.95222147452745,275.40757979334944,282.391197053308,272.5494136189774,Up,264
2026-03-18 15:40:00,276.0,276.4,275.1,275.4,274.08383770411587,275.40728254655147,282.3216329035239,272.5494136189774,Up,279
2026-03-18 15:50:00,275.4,276.0,275.0,275.6,274.22167064010534,275.41484009374557,282.2547509840859,272.5494136189774,Up,150
2026-03-18 16:00:00,275.6,276.0,275.2,275.9,274.3742460364594,275.4338659724222,282.1915196310104,272.5494136189774,Up,150
2026-03-18 16:10:00,275.9,276.1,275.3,275.8,274.5038600331449,275.44822416958215,282.1279224207516,272.5494136189774,Up,183
2026-03-18 16:20:00,275.8,275.8,274.5,274.6,274.51260003013175,275.41496047665737,282.0530177200476,272.5494136189774,Up,169
2026-03-18 16:30:00,274.6,275.9,274.5,275.5,274.60236366375614,275.4182953599257,281.98781356362923,272.5494136189774,Up,88
2026-03-18 16:40:00,275.5,275.5,274.6,275.2,274.6566942397783,275.40973475757573,281.9202731301603,272.5494136189774,Up,92
2026-03-18 16:50:00,275.2,275.5,275.0,275.5,274.7333583997984,275.41327457100414,281.85638981543235,272.5494136189774,Up,56
2026-03-18 17:00:00,275.5,277.9,275.4,276.7,274.91214399981675,275.4637343917491,281.80508245408475,272.5494136189774,Up,519
2026-03-18 17:10:00,276.7,277.2,275.8,275.9,275.00194909074247,275.4808428469746,281.7463254147406,272.5494136189774,Up,412
2026-03-18 17:20:00,276.0,276.3,275.4,275.5,275.0472264461295,275.4815941078776,281.6841729230517,272.5494136189774,Up,196
2026-03-18 17:30:00,275.5,275.9,274.7,275.0,275.042933132845,275.4627080644314,281.61766373973774,272.5494136189774,Up,234
2026-03-18 17:40:00,275.0,277.2,275.0,277.0,275.2208483025864,275.52299402268903,281.57171683685476,272.5494136189774,Up,350
2026-03-18 17:50:00,277.0,280.0,276.8,279.2,275.5825893659876,275.66719033552477,281.54811766434875,272.998434418012,Up,854
2026-03-18 18:00:00,279.2,279.8,278.5,279.0,275.8932630599887,275.79788875373947,281.5227632597284,273.7667585618291,Up,457
2026-03-18 18:10:00,279.0,280.0,278.7,279.5,276.2211482363534,275.94306958692613,281.50263626211915,273.9834168743901,Up,410
2026-03-18 18:20:00,279.5,284.2,279.3,283.7,276.9010438512303,276.24726293645847,281.52450057791896,275.0894698858092,Up,1403
2026-03-18 18:30:00,283.5,286.2,282.8,285.7,277.70094895566393,276.6179585075777,281.56604783585016,277.20860898709924,Up,1361
2026-03-18 18:40:00,285.7,286.8,284.5,285.5,278.40995359605813,276.96627386022175,281.6051916384785,278.1850990791811,Up,1020
2026-03-18 18:50:00,285.4,285.4,282.7,283.0,278.827230541871,277.2028905715856,281.6190703286429,278.1850990791811,Up,699
2026-03-18 19:00:00,282.9,284.4,282.3,284.3,279.32475503806455,277.48120858838615,281.64574624577085,278.1850990791811,Up,489
2026-03-18 19:10:00,284.3,285.5,283.3,283.5,279.7043227618768,277.71723962413574,281.6641965318826,278.1850990791811,Up,393
2026-03-18 19:20:00,283.4,284.9,283.1,283.7,280.06756614716073,277.9518576780912,281.68445328280916,278.1850990791811,Up,300
2026-03-18 19:30:00,283.7,284.2,282.9,283.0,280.3341510428734,278.1498240436563,281.69754329989564,278.1850990791811,Up,277
2026-03-18 19:40:00,283.0,283.2,281.5,283.0,280.5765009480667,278.34002702233647,281.7105030680559,278.1850990791811,Up,575
2026-03-18 19:50:00,283.0,284.5,282.9,284.3,280.91500086187887,278.57375145283305,281.73626920668227,278.1850990791811,Up,354
2026-03-18 20:00:00,284.3,284.9,283.1,284.7,281.2590916926172,278.81399649389846,281.76575906532224,278.1850990791811,Up,407
2026-03-18 20:10:00,284.7,285.8,284.4,285.2,281.6173560841974,279.06442800394166,281.7999306169111,278.1850990791811,Up,574
2026-03-18 20:20:00,285.3,285.7,284.4,285.1,281.9339600765431,279.3011171018263,281.83276712818565,278.1850990791811,Up,313
2026-03-18 20:30:00,285.1,286.2,284.2,284.6,282.1763273423119,279.5089164311665,281.8603017836266,278.1850990791811,Up,475
2026-03-18 20:40:00,284.6,284.7,283.6,283.9,282.33302485664717,279.681115786807,281.88059728826715,278.1850990791811,Up,259
2026-03-18 20:50:00,283.9,285.6,283.2,285.6,282.63002259695196,279.91322889320674,281.91760627047347,278.1850990791811,Up,369
2026-03-18 21:00:00,285.6,285.7,284.2,284.6,282.8091114517745,280.0970238385712,281.9442967553444,278.1850990791811,Up,200
2026-03-18 21:10:00,284.5,284.6,283.6,283.7,282.890101319795,280.2383170213723,281.9617664393708,278.1850990791811,Up,231
2026-03-18 21:20:00,283.7,284.7,283.7,284.3,283.0182739270864,280.3975987068087,281.98503244494924,278.1850990791811,Up,147
2026-03-18 21:30:00,284.3,284.3,282.8,282.9,283.00752175189666,280.4957320908554,281.9941365997259,278.1850990791811,Up,348
2026-03-18 21:40:00,282.9,284.0,282.8,283.6,283.06138341081515,280.6174680872925,282.01011534002714,278.1850990791811,Up,240
2026-03-18 21:50:00,283.6,283.9,282.4,283.1,283.06489400983196,280.7148222799477,282.0209599635095,278.1850990791811,Up,280
2026-03-18 22:00:00,283.1,283.3,282.6,283.3,283.0862672816654,280.81620179838114,282.0336867300417,278.1850990791811,Up,266
2026-03-18 22:10:00,283.3,284.1,282.9,283.8,283.1511520742413,280.9332134925623,282.0512619864592,278.1850990791811,Up,233
2026-03-18 22:20:00,283.8,283.9,283.1,283.7,283.20104734021936,281.04171492422654,282.0676673398278,278.1850990791811,Up,114
2026-03-18 22:30:00,283.7,284.6,283.2,284.6,283.32822485474486,281.18125551543335,282.09286467973,278.2776967274816,Up,150
2026-03-18 22:40:00,284.6,284.7,283.7,284.0,283.3892953224953,281.2917945148281,282.11184115057847,278.7251788431651,Up,167
2026-03-18 22:50:00,284.0,284.5,283.8,284.4,283.48117756590483,281.4136849260113,282.134608900324,278.9183444028774,Up,100
2026-03-18 23:00:00,284.4,284.6,284.0,284.2,283.54652505991345,281.52295218381477,282.1551600555447,279.32576763897947,Up,70
2026-03-18 23:10:00,284.2,284.6,283.3,283.3,283.5241136908304,281.5926403334691,282.1665514977781,279.32576763897947,Up,155
2026-03-18 23:20:00,283.3,283.7,282.6,283.0,283.47646699166404,281.6478309086272,282.1748445177007,279.32576763897947,Up,341
2026-03-18 23:30:00,282.9,283.1,281.9,282.5,283.38769726514914,281.6812493043673,282.178079895634,279.32576763897947,Up,451
2026-03-19 09:00:00,287.0,299.9,287.0,297.8,284.697906604681,282.3133571747843,282.3335218867223,282.6428199159753,Up,882
2026-03-19 09:10:00,297.9,298.0,296.0,296.5,285.77082418607364,282.8696961091065,282.47448186794895,286.4480181054321,Up,1858
2026-03-19 09:20:00,296.5,297.3,296.2,296.7,286.76438562370333,283.41206096757287,282.61602931204897,286.75728918675645,Up,906
2026-03-19 09:30:00,296.7,297.0,296.1,296.1,287.6130778397303,283.90962720413864,282.75019817461566,287.13844471523316,Up,448
2026-03-19 09:40:00,296.1,296.7,295.6,296.1,288.38461621793664,284.3876810392705,282.8830320236245,287.19404065021195,Up,464
2026-03-19 09:50:00,296.1,296.6,295.6,296.3,289.10419656176055,284.85483080243637,283.01653419254365,287.59458240928365,Up,250
2026-03-19 10:00:00,296.3,297.3,296.2,296.4,289.7674514197823,285.30758253567416,283.1497030065482,288.6178021902578,Up,365
2026-03-19 10:10:00,296.5,296.7,295.7,296.5,290.3795012907111,285.7465008676085,283.28254178260244,288.6178021902578,Up,262
2026-03-19 10:20:00,296.5,296.7,295.3,295.4,290.83591026428286,286.12506946103565,283.40311350615866,288.6178021902578,Up,184
2026-03-19 10:30:00,295.5,295.7,294.4,294.6,291.17810024025715,286.45741967824995,283.5145253120675,288.6178021902578,Up,311
2026-03-19 10:40:00,294.6,295.5,294.4,294.8,291.5073638547792,286.7845796908676,283.62681859254445,288.6178021902578,Up,220
2026-03-19 10:50:00,294.8,295.0,294.0,294.1,291.7430580497993,287.07145891867674,283.7310293528177,288.6178021902578,Up,186
2026-03-19 11:00:00,294.1,295.2,294.1,295.0,292.0391436816357,287.38238209833645,283.8431584139837,288.6178021902578,Up,223
2026-03-19 11:10:00,295.0,295.7,294.5,295.2,292.32649425603245,287.68895534938207,283.95616181284953,288.6815970980384,Up,256
2026-03-19 11:20:00,295.2,295.9,294.7,295.6,292.6240856873022,287.99919239450435,284.0720208992889,289.0287246345803,Up,172
2026-03-19 11:30:00,295.6,295.8,295.2,295.6,292.89462335209294,288.29726328099434,284.1867271589974,289.58065875870943,Up,106
2026-03-19 11:40:00,295.6,296.2,294.5,295.2,293.1042030473572,288.5679588386024,284.2963119633855,289.58065875870943,Up,174
2026-03-19 11:50:00,295.2,295.2,294.3,294.7,293.24927549759747,288.8084310410102,284.3998312473319,289.58065875870943,Up,95
2026-03-19 12:00:00,294.7,295.8,294.2,295.8,293.4811595432704,289.08261021587253,284.5132657622839,289.58065875870943,Up,156
2026-03-19 12:10:00,295.8,296.2,295.3,296.1,293.71923594842764,289.35780197211284,284.62855665022136,290.1158894602209,Up,127
2026-03-19 12:20:00,296.2,296.8,295.5,296.2,293.94475995311603,289.62612346340256,284.7436953900202,290.55535405474626,Up,203
2026-03-19 12:30:00,296.2,297.3,295.9,297.1,294.2315999573782,289.91921666091616,284.8666436945971,291.00486732249664,Up,207
2026-03-19 12:40:00,297.1,298.8,297.1,298.8,294.646909052162,290.2674826742136,285.00528405584487,292.2453339295424,Up,549
2026-03-19 12:50:00,298.8,298.9,297.2,297.4,294.89719004742005,290.5471892360092,285.1286145627519,292.2457581177658,Up,366
2026-03-19 13:00:00,297.4,298.3,297.0,298.1,295.1883545885637,290.8433778934206,285.25768307456536,292.2457581177658,Up,262
2026-03-19 13:10:00,298.1,298.7,297.7,298.1,295.453049625967,291.1279513093649,285.38546732257964,292.609717452699,Up,326
2026-03-19 13:20:00,298.1,298.4,297.4,297.6,295.6482269326973,291.3817571403702,285.50700496116093,292.609717452699,Up,250
2026-03-19 13:30:00,297.6,298.2,297.4,298.0,295.86202448427025,291.64129607604195,285.6313133695076,292.609717452699,Up,87
2026-03-19 13:40:00,298.0,298.5,297.7,297.7,296.0291131675184,291.87889230835407,285.75139980364185,293.0440401598039,Up,107
2026-03-19 13:50:00,297.8,297.8,296.8,297.6,296.1719210613804,292.1032494727324,285.8692963230086,293.0440401598039,Up,208
2026-03-19 14:00:00,297.6,297.9,297.1,297.6,296.3017464194367,292.318808316939,285.9860197426801,293.0440401598039,Up,76
2026-03-19 14:10:00,297.6,298.2,297.1,297.8,296.437951290397,292.5337570103924,286.10357178504154,293.0440401598039,Up,122
2026-03-19 14:20:00,297.8,299.9,297.8,299.9,296.75268299127,292.8226292844946,286.24084967772774,293.7558125536534,Up,389
2026-03-19 14:30:00,299.9,300.5,299.1,299.3,296.98425726479087,293.0766438223576,286.3707914719792,294.6598295942304,Up,592
2026-03-19 14:40:00,299.3,299.9,298.7,299.3,297.194779331628,293.32069700579456,286.49944031305404,294.6598295942304,Up,258
2026-03-19 14:50:00,299.3,299.7,298.8,299.3,297.3861630287527,293.55517947615556,286.626809066158,294.6598295942304,Up,133
2026-03-19 15:00:00,299.3,300.6,298.6,299.6,297.5874209352298,293.79223126140437,286.7558955431117,294.6598295942304,Up,537
2026-03-19 15:10:00,299.6,300.2,298.8,299.6,297.7703826683907,294.01998689821204,286.88369757750866,294.6598295942304,Up,355
2026-03-19 15:20:00,299.6,299.8,297.3,297.4,297.73671151671886,294.15253643161554,286.9883374026081,294.6598295942304,Up,308
2026-03-19 15:30:00,297.5,297.5,295.2,295.5,297.53337410610806,294.2053781401796,287.0730305627812,294.6598295942304,Up,693
2026-03-19 15:40:00,295.5,295.6,293.0,294.0,297.21215827828007,294.1973240954667,287.1419556318083,300.53127375313267,Down,883
2026-03-19 15:50:00,293.8,296.0,293.5,295.2,297.0292347984364,294.23664471917385,287.22213517776044,300.53127375313267,Down,360
2026-03-19 16:00:00,295.2,295.6,293.6,294.9,296.8356679985785,294.26265865175526,287.29853184265835,300.53127375313267,Down,371
2026-03-19 16:10:00,294.9,295.4,294.5,295.3,296.6960618168896,294.3033387046276,287.37814844123886,300.53127375313267,Down,245
2026-03-19 16:20:00,295.3,296.3,295.2,295.9,296.6236925608087,294.3659528730736,287.4629429841121,300.53127375313267,Down,267
2026-03-19 16:30:00,295.9,295.9,294.1,295.7,296.53972050982605,294.41826844667855,287.54490375043935,300.53127375313267,Down,309
2026-03-19 16:40:00,295.8,296.1,295.2,295.3,296.4270186452964,294.4528461546519,287.6220688872509,300.53127375313267,Down,134
2026-03-19 16:50:00,295.3,297.5,295.3,297.4,296.515471495724,294.56842081525383,287.71936173414394,300.53127375313267,Down,354
2026-03-19 17:00:00,297.4,298.0,297.0,297.0,296.5595195415673,294.66377686171444,287.81170639350574,300.53127375313267,Down,298
2026-03-19 17:10:00,297.0,298.9,297.0,298.5,296.73592685597026,294.8142169847845,287.9180575736699,300.53127375313267,Down,356
2026-03-19 17:20:00,298.5,299.4,297.6,298.0,296.8508425963366,294.93914965204783,288.0183754087578,300.53127375313267,Down,426
2026-03-19 17:30:00,298.0,298.3,296.1,296.5,296.8189478148514,295.0003594696146,288.10276968329754,300.53127375313267,Down,318
2026-03-19 17:40:00,296.5,297.9,294.8,295.2,296.671770740774,295.00818851002185,288.1733888904289,300.53127375313267,Down,649
2026-03-19 17:50:00,295.2,296.4,294.6,296.2,296.6288824916127,295.0549262155112,288.2532556676386,300.53127375313267,Down,369
2026-03-19 18:00:00,296.2,298.5,296.0,297.5,296.7080749923752,295.1508114619618,288.34526307393077,300.53127375313267,Down,501
2026-03-19 18:10:00,297.5,298.0,296.4,297.1,296.7437045385229,295.22725022815933,288.4323748841404,300.53127375313267,Down,356
2026-03-19 18:20:00,297.0,297.8,295.1,296.0,296.6760950350208,295.25755414078054,288.50767463653705,300.53127375313267,Down,495
2026-03-19 18:30:00,296.0,297.3,295.3,296.7,296.6782682136553,295.31412064506367,288.5891903117954,300.53127375313267,Down,357
2026-03-19 18:40:00,296.6,298.0,295.7,298.0,296.79842564877754,295.41944924721804,288.68283020919046,300.53127375313267,Down,280
2026-03-19 18:50:00,298.1,298.2,295.3,295.6,296.68947786252505,295.4265296688958,288.75165776929805,300.53127375313267,Down,419
2026-03-19 19:00:00,295.5,303.4,295.3,302.4,297.20861623865915,295.699999093645,288.88746216960357,292.09070632048054,Up,2354
2026-03-19 19:10:00,302.4,304.0,300.5,301.8,297.6260147624174,295.93921481546283,289.0159451330901,292.09070632048054,Up,1711
2026-03-19 19:20:00,301.9,301.9,299.4,299.4,297.78728614765214,296.0749318815231,289.1192690621141,292.09070632048054,Up,632
2026-03-19 19:30:00,299.6,301.5,298.7,301.1,298.088441952411,296.27199337636534,289.2384803152274,292.09070632048054,Up,617
2026-03-19 19:40:00,301.1,302.7,301.1,301.9,298.43494722946457,296.49269951846867,289.36446558572266,292.09070632048054,Up,503
2026-03-19 19:50:00,302.0,302.0,299.8,301.3,298.6954065722405,296.6812211059797,289.4832271221831,292.09070632048054,Up,550
2026-03-19 20:00:00,301.3,302.6,301.2,301.4,298.94127870203675,296.8662712586864,289.60180197668876,292.1593208485352,Up,471
2026-03-19 20:10:00,301.4,303.0,300.0,300.1,299.0466170018516,296.9930841505026,289.70626165851274,292.1593208485352,Up,657
2026-03-19 20:20:00,300.1,300.1,296.6,297.5,298.9060154562287,297.01296320342414,289.78381129375146,292.1593208485352,Up,1121
2026-03-19 20:30:00,297.5,298.9,297.3,298.9,298.90546859657155,297.08696464642713,289.8745196390873,292.1593208485352,Up,410
2026-03-19 20:40:00,299.0,299.7,297.5,299.7,298.97769872415597,297.18943662107705,289.9722856128277,292.1593208485352,Up,436
2026-03-19 20:50:00,299.7,301.7,298.8,301.4,299.19790793105085,297.35455675358384,290.0859942136951,292.1593208485352,Up,668
2026-03-19 21:00:00,301.4,301.8,300.0,300.7,299.33446175550074,297.4857506063845,290.1916062115688,292.1593208485352,Up,380
2026-03-19 21:10:00,300.7,301.2,299.8,300.3,299.4222379595461,297.59611332770277,290.29218724428955,292.1593208485352,Up,321
2026-03-19 21:20:00,300.3,300.9,299.5,299.9,299.46567087231466,297.6864618246556,290.3877873712121,292.1593208485352,Up,404
2026-03-19 21:30:00,299.9,300.5,298.0,298.1,299.3415189748315,297.70267900800246,290.4645258053294,292.1593208485352,Up,598
2026-03-19 21:40:00,298.1,298.5,295.7,296.7,299.10138088621045,297.6633582625906,290.52657032467937,292.1593208485352,Up,822
2026-03-19 21:50:00,296.7,296.9,295.0,295.7,298.7921644420095,297.5863638209204,290.5780472368716,292.1593208485352,Up,779
2026-03-19 22:00:00,295.6,296.0,291.1,291.9,298.16560403819045,297.36336916127647,290.59120099570873,303.65552974867387,Down,1802
2026-03-19 22:10:00,291.9,293.1,291.9,292.5,297.65054912562766,297.17264880201077,290.61019402062703,302.12320886243083,Down,714
2026-03-19 22:20:00,292.5,292.8,292.0,292.2,297.1550446596615,296.9776429666378,290.62601298559593,301.43928078402797,Down,466
2026-03-19 22:30:00,292.1,294.5,292.0,294.4,296.9045860542377,296.87655892873045,290.66356509519204,301.43928078402797,Down,589
2026-03-19 22:40:00,294.4,294.4,292.3,293.6,296.6041691402161,296.74806642172143,290.6927833529513,301.43928078402797,Down,334
2026-03-19 22:50:00,293.5,293.8,293.0,293.5,296.32197194565094,296.6206912679284,290.7207158569021,301.43928078402797,Down,203
2026-03-19 23:00:00,293.5,293.7,292.2,293.7,296.08361085968266,296.50615435546064,290.7503604752414,301.24798564580834,Down,426
2026-03-19 23:10:00,293.7,295.4,293.6,295.0,295.9851007815297,296.4470894787759,290.792645445637,301.24798564580834,Down,506
2026-03-19 23:20:00,294.8,295.1,293.6,293.9,295.79554616502696,296.3472036168631,290.82356439642666,301.24798564580834,Down,305
2026-03-19 23:30:00,293.9,294.8,293.7,294.8,295.70504196820633,296.2865289652214,290.86313091984533,301.24798564580834,Down,325
2026-03-20 09:00:00,292.6,293.2,290.0,290.7,295.25003815291484,296.06744939795783,290.86150772661307,300.31928532600807,Down,218
2026-03-20 09:10:00,290.7,291.1,288.8,290.5,294.8182165026499,295.8491180490183,290.857910634806,298.71298666000735,Down,765
2026-03-20 09:20:00,290.5,291.1,290.2,290.8,294.4529240933181,295.651113419645,290.85733440958404,298.71298666000735,Down,361
2026-03-20 09:30:00,290.8,291.6,290.6,291.0,294.1390219030164,295.4687168149531,290.8587539676976,298.71298666000735,Down,243
2026-03-20 09:40:00,291.0,291.1,290.3,290.3,293.79001991183304,295.2660220378961,290.8531942267255,298.17572250939696,Down,171
2026-03-20 09:50:00,290.3,291.0,290.0,291.0,293.53638173803,295.0987270560179,290.85465498068845,297.6597477358154,Down,216
2026-03-20 10:00:00,291.0,291.2,290.5,290.8,293.28761976184546,294.93014952440933,290.85411115003484,297.61340703255945,Down,156
2026-03-20 10:10:00,291.0,291.2,290.5,290.8,293.06147251076857,294.76818287639327,290.85357273063147,297.2530973023268,Down,122
2026-03-20 10:20:00,290.8,292.0,290.8,291.4,292.91042955524415,294.63609727339747,290.8590098178889,297.2530973023268,Down,158
2026-03-20 10:30:00,291.3,291.8,291.0,291.4,292.7731177774947,294.5091914979701,290.86439280477555,297.2530973023268,Down,83
2026-03-20 10:40:00,291.4,291.5,290.9,291.0,292.6119252522679,294.3715761451086,290.8657421301012,296.854017507383,Down,123
2026-03-20 10:50:00,291.1,291.2,290.6,291.0,292.4653865929708,294.2393574727514,290.8670780293042,296.2581977339845,Down,91
2026-03-20 11:00:00,291.0,291.6,290.7,291.6,292.38671508451887,294.1358532581337,290.8743707852316,296.2581977339845,Down,116
2026-03-20 11:10:00,291.6,292.5,291.6,291.8,292.33337734956257,294.0442511695794,290.88358102617457,296.2581977339845,Down,264
2026-03-20 11:20:00,291.8,292.4,291.3,291.6,292.2667066814205,293.9483981825371,290.89070957317784,296.2581977339845,Down,416
2026-03-20 11:30:00,291.6,291.9,291.0,291.4,292.1879151649277,293.84846099890825,290.89577713961387,296.2581977339845,Down,210
2026-03-20 11:40:00,291.4,292.3,291.4,292.1,292.179922877207,293.7798939009118,290.9077594566326,296.2581977339845,Down,130
2026-03-20 11:50:00,291.9,292.7,291.9,292.6,292.21811170655184,293.73362355185645,290.9245976709945,296.2581977339845,Down,145
2026-03-20 12:00:00,292.6,293.0,292.2,292.3,292.22555609686526,293.6774030204111,290.938283266308,296.2581977339845,Down,493
2026-03-20 12:10:00,292.3,293.4,292.3,293.0,292.2959600880593,293.6508381960812,290.9587978606731,296.2581977339845,Down,159
2026-03-20 12:20:00,293.0,293.6,293.0,293.0,292.35996371641755,293.62531512956826,290.9791083297211,296.2581977339845,Down,155
2026-03-20 12:30:00,293.0,293.8,293.0,293.7,292.4817851967432,293.6282439480166,291.0061818786791,296.2581977339845,Down,209
2026-03-20 12:40:00,293.7,293.9,293.1,293.1,292.5379865424938,293.60752849907476,291.02701588983655,296.2581977339845,Down,174
2026-03-20 12:50:00,293.1,293.5,292.0,292.1,292.49816958408525,293.54840973440514,291.03769234864416,296.2581977339845,Down,192
2026-03-20 13:00:00,292.1,292.2,291.3,291.6,292.4165178037138,293.47200150952654,291.0432874496527,295.9597614809145,Down,251
2026-03-20 13:10:00,291.6,291.8,290.4,291.4,292.3241070942853,293.39074654836867,291.04683682826317,295.4361468008314,Down,287
2026-03-20 13:20:00,291.4,291.5,290.6,290.7,292.1764609948048,293.2852270758836,291.04338571554416,295.3192243643922,Down,170
2026-03-20 13:30:00,290.7,291.4,290.5,291.1,292.078600904368,293.19953189643724,291.0439490417577,295.15838578581105,Down,160
2026-03-20 13:40:00,291.1,291.9,289.8,290.4,291.9260008221527,293.0897463318711,291.03754158860585,295.15838578581105,Down,373
2026-03-20 13:50:00,290.4,291.0,290.3,290.8,291.8236371110479,292.9999523580722,291.03517799070926,295.0767651122405,Down,113
2026-03-20 14:00:00,290.8,291.4,290.7,290.8,291.7305791918617,292.91367971657917,291.0328379111997,295.0767651122405,Down,97
2026-03-20 14:10:00,290.8,291.5,290.2,291.2,291.68234471987427,292.84647659043884,291.03450121556585,295.0767651122405,Down,85
2026-03-20 14:20:00,291.2,292.5,291.2,292.1,291.7203133817039,292.8172029986569,291.0451031935204,295.0767651122405,Down,201
2026-03-20 14:30:00,292.1,292.7,291.4,292.0,291.7457394379126,292.785155822239,291.05460465428143,295.0767651122405,Down,236
2026-03-20 14:40:00,292.0,292.1,291.6,291.9,291.7597631253751,292.75044382921004,291.0630165482687,295.0767651122405,Down,82
2026-03-20 14:50:00,291.9,292.4,291.5,291.5,291.73614829579554,292.7014068162999,291.0673646423158,295.0767651122405,Down,132
2026-03-20 15:00:00,291.5,292.9,291.5,292.8,291.8328620870869,292.70527321566067,291.0846047951286,295.0767651122405,Down,134
2026-03-20 15:10:00,292.9,293.7,292.7,293.5,291.98442007916987,292.73643897190925,291.10863857826166,295.0767651122405,Down,357
2026-03-20 15:20:00,293.5,295.7,293.5,294.8,292.2403818901544,292.81736293379515,291.1453685426571,295.0767651122405,Down,963
2026-03-20 15:30:00,294.7,297.0,294.6,296.8,292.6548926274131,292.97354477952865,291.2016335322824,290.6359415576348,Up,621
2026-03-20 15:40:00,296.8,297.0,295.8,296.3,292.986266024921,293.10399400386086,291.25236354688656,291.269037779668,Up,784
2026-03-20 15:50:00,296.3,296.5,295.2,295.9,293.25115093174634,293.2136412978271,291.2986086857235,291.269037779668,Up,328
2026-03-20 16:00:00,295.9,296.3,295.3,295.6,293.46468266522396,293.30722399203,291.3414085992984,291.269037779668,Up,262
2026-03-20 16:10:00,295.6,296.0,295.3,295.5,293.64971151384,293.39321520802883,291.38278761821084,291.269037779668,Up,160
2026-03-20 16:20:00,295.5,295.8,294.4,294.6,293.7361013762182,293.44054010183163,291.4147996817112,291.269037779668,Up,308
2026-03-20 16:30:00,294.6,294.7,293.1,294.0,293.7600921601984,293.46247970568135,291.44052306796283,291.269037779668,Up,547
2026-03-20 16:40:00,294.0,294.5,291.6,292.9,293.6819019638167,293.44042167800757,291.45504522649054,291.269037779668,Up,1116
2026-03-20 16:50:00,292.9,293.7,292.3,293.4,293.6562745125606,293.4388365141641,291.4743980103066,291.269037779668,Up,387
2026-03-20 17:00:00,293.2,293.5,291.3,291.5,293.4602495568733,293.3628037096871,291.4746527564727,291.269037779668,Up,619
2026-03-20 17:10:00,291.6,291.7,289.0,289.9,293.13659050624847,293.22700748577785,291.45898456984116,296.71246469775144,Down,1380
2026-03-20 17:20:00,289.8,290.0,288.0,288.6,292.7241731874986,293.0455562118258,291.43053696218107,295.5113315434104,Down,1191
2026-03-20 17:30:00,288.6,288.7,286.3,286.4,292.14924835227146,292.7849461643032,291.38048186803,294.2921195849185,Down,1220
2026-03-20 17:40:00,286.4,288.9,286.2,287.7,291.74477122933763,292.58553651080115,291.3438601579004,294.2921195849185,Down,981
2026-03-20 17:50:00,287.7,289.6,287.3,288.3,291.43161020848873,292.4174762554756,291.3135729921501,294.2921195849185,Down,595
2026-03-20 18:00:00,288.3,288.9,287.0,287.2,291.0469183713534,292.21286934349615,291.2726419176014,294.2921195849185,Down,467
2026-03-20 18:10:00,287.2,288.0,286.4,287.3,290.7062894285031,292.02020780061395,291.2331131423019,294.2921195849185,Down,914
2026-03-20 18:20:00,287.3,289.3,287.1,288.0,290.460263116821,291.86255259274674,291.20094286227896,294.2921195849185,Down,578
2026-03-20 18:30:00,288.0,289.8,288.0,289.2,290.34569374256455,291.75813876558016,291.1810329830523,294.2921195849185,Down,462
2026-03-20 18:40:00,289.3,289.7,286.0,286.2,289.9688124932405,291.540172539479,291.13147046580804,294.2921195849185,Down,850
2026-03-20 18:50:00,286.2,288.2,286.2,286.5,289.65346590294587,291.3425187144014,291.0853861825662,294.2921195849185,Down,538
2026-03-20 19:00:00,286.5,287.0,285.7,286.9,289.4031508208599,291.16830229422885,291.04374054890883,294.15300809739995,Down,944
2026-03-20 19:10:00,286.9,287.5,286.0,286.0,289.093773473509,290.96562377288654,290.99355407578537,294.15300809739995,Down,528
2026-03-20 19:20:00,286.0,287.0,285.6,286.7,288.87615770318996,290.79834440924395,290.95083214468303,293.75372570033056,Down,565
2026-03-20 19:30:00,286.7,288.0,286.1,287.5,288.7510524574454,290.66899756966575,290.91649550642745,293.75372570033056,Down,618
2026-03-20 19:40:00,287.5,288.2,286.5,286.5,288.5464113249503,290.50550746889456,290.8725502775078,293.75372570033056,Down,454
2026-03-20 19:50:00,286.5,288.3,286.5,288.2,288.51491938631847,290.41509541129085,290.84595773743314,293.75372570033056,Down,360
2026-03-20 20:00:00,288.2,288.2,287.0,287.8,288.449926714835,290.3125426500638,290.81564970024476,293.75372570033056,Down,236
2026-03-20 20:10:00,287.8,289.8,286.9,289.6,288.5544788316681,290.2845998010417,290.8035536833269,293.75372570033056,Down,765
2026-03-20 20:20:00,289.7,290.8,289.0,289.3,288.62225348333465,290.24598804413813,290.7885929501595,293.75372570033056,Down,1024
2026-03-20 20:30:00,289.3,291.2,289.3,290.2,288.76568498484966,290.24418459142686,290.7827363038893,293.75372570033056,Down,734
2026-03-20 20:40:00,290.2,290.8,289.2,289.2,288.80516816804516,290.20323617607676,290.7669876839501,293.75372570033056,Down,527
2026-03-20 20:50:00,289.2,289.8,288.4,289.5,288.86833469822284,290.1756582868189,290.7543808413238,293.75372570033056,Down,501
2026-03-20 21:00:00,289.5,290.0,288.7,289.7,288.943940634748,290.15700502066915,290.74388948966885,293.75372570033056,Down,336
2026-03-20 21:10:00,289.7,290.0,288.1,288.7,288.92176421340724,290.0998675688782,290.7235522808164,293.75372570033056,Down,428
2026-03-20 21:20:00,288.6,289.8,288.5,289.8,289.00160383037024,290.0881080563732,290.71436270588293,293.75372570033056,Down,290
2026-03-20 21:30:00,289.7,289.9,288.7,289.1,289.0105489367002,290.0493587208291,290.69829939537664,293.75372570033056,Down,252
2026-03-20 21:40:00,289.1,290.3,288.8,290.3,289.12777176063656,290.0591877906005,290.6943362173132,293.75372570033056,Down,374
2026-03-20 21:50:00,290.3,290.5,289.7,290.4,289.24342887330596,290.07255297528286,290.691407498733,293.75372570033056,Down,277
2026-03-20 22:00:00,290.4,290.4,287.4,287.6,289.09402624845995,289.97559011350705,290.66064722511373,293.75372570033056,Down,919
2026-03-20 22:10:00,287.6,288.2,286.6,287.8,288.9763874986,289.89027285415386,290.6321830736201,293.75372570033056,Down,690
2026-03-20 22:20:00,287.8,288.2,287.5,288.2,288.90580681690903,289.82398764418707,290.607982247017,293.75372570033056,Down,191
2026-03-20 22:30:00,288.3,288.5,287.0,287.5,288.77800619719,289.7328508738268,290.5770570505293,293.75372570033056,Down,376
2026-03-20 22:40:00,287.7,288.8,287.4,288.4,288.7436419974454,289.6805822121081,290.55539479132005,293.75372570033056,Down,463
2026-03-20 22:50:00,288.5,288.8,287.7,287.9,288.66694727040493,289.61075545869215,290.52897295260044,293.75372570033056,Down,294
2026-03-20 23:00:00,287.9,288.8,287.8,287.9,288.5972247912772,289.5436670093317,290.5028140177487,293.75372570033056,Down,377
2026-03-20 23:10:00,287.9,288.5,287.3,288.2,288.5611134466156,289.49097418543636,290.4799004454328,293.75372570033056,Down,336
2026-03-20 23:20:00,288.2,288.6,287.7,288.1,288.5191940423778,289.43642617816437,290.4562198439857,293.75372570033056,Down,410
2026-03-20 23:30:00,288.1,288.8,287.4,288.1,288.48108549307074,289.3840173084325,290.4327748704137,293.75372570033056,Down,799
2026-03-23 09:00:00,288.4,289.8,287.0,288.6,288.49189590279155,289.3532715316312,290.41453830453895,293.75372570033056,Down,119
2026-03-23 09:10:00,288.6,289.8,288.2,289.5,288.58354172981046,289.3590255892143,290.40543842091176,293.75372570033056,Down,684
2026-03-23 09:20:00,289.5,289.5,289.0,289.4,288.6577652089186,289.36063242885297,290.39543405851464,293.75372570033056,Down,172
2026-03-23 09:30:00,289.4,289.9,289.2,289.8,288.76160473538056,289.37786252968226,290.3895093415145,293.75372570033056,Down,242
2026-03-23 09:40:00,289.8,290.4,289.5,289.6,288.83782248670957,289.38657380302806,290.38165352717107,293.75372570033056,Down,311
2026-03-23 09:50:00,289.6,291.0,289.6,290.9,289.02529316973596,289.44592384996815,290.38681120351765,293.75372570033056,Down,332
2026-03-23 10:00:00,290.9,291.2,290.6,291.1,289.2139028815781,289.51078958134195,290.3939076094528,293.75372570033056,Down,379
2026-03-23 10:10:00,291.1,291.1,290.5,290.9,289.3671844377983,289.5652684212894,290.39894335463237,293.75372570033056,Down,170
2026-03-23 10:20:00,290.9,291.4,290.6,290.7,289.48834948890755,289.60976769888583,290.40193894314353,293.75372570033056,Down,235
2026-03-23 10:30:00,290.7,291.4,290.3,291.3,289.65304498991594,289.67605131853736,290.4108748740575,293.75372570033056,Down,230
2026-03-23 10:40:00,291.3,292.0,290.7,291.7,289.8391318090145,289.7554218550653,290.42370198973856,293.75372570033056,Down,335
2026-03-23 10:50:00,291.7,292.5,291.7,292.4,290.07193800819493,289.85913080192546,290.44336664655714,293.75372570033056,Down,339
2026-03-23 11:00:00,292.3,292.7,292.3,292.5,290.2926709165408,289.9626942998892,290.4638306600242,293.75372570033056,Down,301
2026-03-23 11:10:00,292.5,292.7,291.8,291.8,290.4297008332189,290.03474550381515,290.4771258773374,293.75372570033056,Down,468
2026-03-23 11:20:00,291.8,292.2,291.5,292.1,290.58154621201714,290.11573587621456,290.49327387855794,293.75372570033056,Down,228
2026-03-23 11:30:00,292.1,292.5,291.8,292.5,290.7559511018337,290.20923643008854,290.51324130265186,293.75372570033056,Down,147
2026-03-23 11:40:00,292.5,292.8,292.2,292.5,290.91450100166696,290.2990702955753,290.53301004590907,293.75372570033056,Down,270
2026-03-23 11:50:00,292.5,293.0,292.3,292.9,291.0950009106063,290.4010675388861,290.5565621847557,293.75372570033056,Down,392
2026-03-23 12:00:00,292.9,294.0,292.5,293.1,291.2772735550966,290.50690802755724,290.58187002371335,293.75372570033056,Down,620
2026-03-23 12:10:00,293.1,294.0,292.9,293.8,291.50661232281504,290.6360488892216,290.6138912175072,289.4476513582523,Up,328
2026-03-23 12:20:00,293.8,294.0,293.5,293.7,291.7060112025591,290.75620383474234,290.6445987675818,289.92968305295665,Up,314
2026-03-23 12:30:00,293.7,293.9,293.2,293.3,291.85091927505374,290.8559605471054,290.67102067039195,289.92968305295665,Up,269
2026-03-23 12:40:00,293.3,294.9,293.3,294.6,292.1008357045943,291.0027856236895,290.7101149920796,290.1294901264105,Up,387
2026-03-23 12:50:00,294.6,294.8,294.3,294.7,292.33712336781304,291.1477744227605,290.7498153404171,290.7586273876459,Up,185
2026-03-23 13:00:00,294.7,295.4,294.5,295.1,292.5882939707391,291.30276366108365,290.79310075991543,291.1760248978599,Up,391
2026-03-23 13:10:00,295.1,296.3,295.1,295.8,292.8802672461264,291.47912587045295,290.84292065285166,291.8327499071454,Up,610
2026-03-23 13:20:00,295.8,297.5,295.8,297.2,293.2729702237512,291.7034738755332,290.9061751737188,292.516136279223,Up,616
2026-03-23 13:30:00,297.1,297.7,295.0,295.9,293.51179111250104,291.8680435274731,290.9558649729853,292.516136279223,Up,626
2026-03-23 13:40:00,295.9,296.4,295.5,296.3,293.7652646477282,292.041845742082,291.0090404458909,292.516136279223,Up,318
2026-03-23 13:50:00,296.3,296.4,295.4,295.7,293.94114967975287,292.1853027718043,291.0557166603597,292.516136279223,Up,242
2026-03-23 14:00:00,295.7,296.7,295.5,296.4,294.16468152704806,292.35058501604726,291.1088936090128,292.516136279223,Up,283
2026-03-23 14:10:00,296.2,296.2,295.1,295.5,294.28607411549825,292.47409148600616,291.1525862099181,292.516136279223,Up,230
2026-03-23 14:20:00,295.3,295.7,294.7,295.0,294.35097646863477,292.57314672184907,291.1908689341975,292.516136279223,Up,141
2026-03-23 14:30:00,295.0,295.3,294.5,294.5,294.3645240623952,292.64870959550205,291.2237956114692,292.516136279223,Up,242
2026-03-23 14:40:00,294.5,295.0,294.1,294.8,294.40411278399563,292.7330739250902,291.25937973473816,292.516136279223,Up,253
2026-03-23 14:50:00,294.8,294.9,294.2,294.4,294.40373889454145,292.7984435750867,291.29062968762634,292.516136279223,Up,175
2026-03-23 15:00:00,294.4,295.5,294.2,295.3,294.4852171768559,292.89654382704407,291.3305239195903,292.516136279223,Up,170
2026-03-23 15:10:00,295.3,296.1,295.2,295.9,294.6138337971417,293.01432642206197,291.3759913432759,292.516136279223,Up,358
2026-03-23 15:20:00,295.9,296.2,295.8,296.0,294.73984890649245,293.1314116604125,291.42200137966125,292.516136279223,Up,289
2026-03-23 15:30:00,296.0,296.2,295.8,296.0,294.8544080968113,293.2439053207885,291.46755360473924,292.516136279223,Up,208
2026-03-23 15:40:00,296.0,296.5,295.6,296.0,294.95855281528304,293.3519874650713,291.5126525738463,292.516136279223,Up,290
2026-03-23 15:50:00,296.0,296.0,295.3,295.8,295.03504801389363,293.4479879566372,291.5553127472409,292.516136279223,Up,99
2026-03-23 16:00:00,295.8,296.0,294.2,294.3,294.968225467176,293.4814001936318,291.5826230681639,292.516136279223,Up,236
2026-03-23 16:10:00,294.3,294.5,292.7,294.2,294.89838678834184,293.5095805781953,291.6086666197245,292.516136279223,Up,1036
2026-03-23 16:20:00,294.2,294.5,292.1,292.4,294.6712607166744,293.4660676143445,291.6165405837074,297.2775608609484,Down,576
2026-03-23 16:30:00,292.4,293.2,291.5,291.5,294.3829642878858,293.38896692358594,291.6153809759093,297.2775608609484,Down,983
2026-03-23 16:40:00,291.6,292.4,279.7,280.1,293.08451298898706,292.8678309657983,291.5008000706764,295.18406460387695,Down,4955
2026-03-23 16:50:00,279.7,280.7,278.0,279.3,291.83137544453365,292.335759163218,291.3793990749483,288.63551327625186,Down,4169
2026-03-23 17:00:00,279.3,282.5,279.3,280.7,290.8194322223033,291.87945488230747,291.27313639758563,288.63551327625186,Down,2157
2026-03-23 17:10:00,280.5,280.5,277.4,279.0,289.7449383839121,291.3743782202562,291.1510156374107,288.63551327625186,Down,2596
2026-03-23 17:20:00,279.0,279.8,277.7,279.3,288.7953985308291,290.9008731920108,291.03309508380465,288.54257195811556,Down,1289
2026-03-23 17:30:00,279.3,282.1,278.4,282.1,288.18672593711733,290.5557409099712,290.94420856555786,288.54257195811556,Down,1547
2026-03-23 17:40:00,282.0,282.9,279.9,279.9,287.4333872155612,290.1378687174233,290.834315943015,288.54257195811556,Down,1866
2026-03-23 17:50:00,279.9,281.8,279.0,279.0,286.6667156505102,289.70108955203415,290.71656155552233,288.54257195811556,Down,1120
2026-03-23 18:00:00,279.1,279.5,278.4,278.4,285.9151960459183,289.25790956960145,290.5940087042236,288.54257195811556,Down,890
2026-03-23 18:10:00,278.4,278.7,276.7,277.0,285.1047236781076,288.77720723353866,290.45874493602236,287.4513781088696,Down,1345
2026-03-23 18:20:00,277.0,277.0,273.1,275.7,284.2497487982796,288.26437557732146,290.31189175257936,285.3330710080633,Down,1859
2026-03-23 18:30:00,275.5,276.1,274.7,274.8,283.3906807257087,287.73636084879905,290.1575445709617,285.2573372800575,Down,1412
2026-03-23 18:40:00,274.5,275.4,273.8,274.8,282.6097097506443,287.2290525802187,290.0047331821959,284.1430338909614,Down,1273
2026-03-23 18:50:00,274.8,276.8,274.3,276.4,282.04519068240387,286.80438385158266,289.86936270277107,284.1430338909614,Down,1147
2026-03-23 19:00:00,276.4,278.1,276.0,277.5,281.63199152945805,286.43950605348135,289.7462844669226,284.1430338909614,Down,803
2026-03-23 19:10:00,277.5,279.5,276.9,277.1,281.2199922995073,286.0732509141292,289.62045079063483,284.1430338909614,Down,1131
2026-03-23 19:20:00,277.1,277.1,275.3,275.6,280.709083908643,285.6625351920065,289.48094381759375,284.1430338909614,Down,733
2026-03-23 19:30:00,275.6,277.0,275.2,276.4,280.3173490078573,285.29929851781014,289.3507851726426,284.1430338909614,Down,429
2026-03-23 19:40:00,276.4,276.9,275.2,276.4,279.96122637077934,284.9503064190725,289.2219216385865,284.1430338909614,Down,616
2026-03-23 19:50:00,276.4,276.9,275.6,276.1,279.6102057916176,284.60323557910885,289.0913552541229,284.1430338909614,Down,444
2026-03-23 20:00:00,275.7,276.8,275.1,275.4,279.22745981056147,284.2423243799281,288.9551228635346,284.1430338909614,Down,733
2026-03-23 20:10:00,275.4,276.4,275.3,275.9,278.9249634641468,283.9151744042447,288.82522114349945,283.917427105346,Down,387
2026-03-23 20:20:00,275.9,276.3,275.0,275.5,278.61360314922433,283.58516756486256,288.69263187839005,283.4567519139509,Down,494
2026-03-23 20:30:00,275.5,275.7,274.1,274.1,278.20327559020393,283.21320020937776,288.5474315611921,282.57886537631896,Down,723
2026-03-23 20:40:00,274.1,274.3,272.0,272.9,277.7211596274581,282.8087609854806,288.3917357247624,280.96715034210814,Down,1701
2026-03-23 20:50:00,272.9,273.5,272.4,273.4,277.3283269340528,282.43978996644216,288.24256422501355,280.4565003110074,Down,594
2026-03-23 21:00:00,273.4,273.5,272.5,272.8,276.9166608491389,282.061758987366,288.0889068695408,280.1877275554613,Down,536
2026-03-23 21:10:00,272.8,274.4,272.3,274.4,276.6878734992172,281.7612978506065,287.95269884098815,280.1877275554613,Down,772
2026-03-23 21:20:00,274.3,275.0,273.2,273.8,276.4253395447429,281.4490900917592,287.8118759669485,280.1877275554613,Down,605
2026-03-23 21:30:00,273.8,276.1,273.7,275.4,276.3321268588572,281.21187087247455,287.688374713546,280.1877275554613,Down,941
2026-03-23 21:40:00,275.4,276.2,274.6,275.6,276.26556987168834,280.9917975049265,287.5680923780879,280.1877275554613,Down,520
2026-03-23 21:50:00,275.6,276.0,275.3,276.0,276.2414271560803,280.7960407400274,287.452986981291,280.1877275554613,Down,309
2026-03-23 22:00:00,276.1,277.0,275.5,276.6,276.27402468734573,280.6314901227715,287.34499706107914,280.1877275554613,Down,568
2026-03-23 22:10:00,276.6,276.7,273.6,274.3,276.094567897587,280.38319639246674,287.2151960952973,280.1877275554613,Down,1193
2026-03-23 22:20:00,274.2,274.5,273.5,273.9,275.8950617250791,280.12895339668376,287.0827065819113,280.1877275554613,Down,369
2026-03-23 22:30:00,273.9,274.2,273.6,273.6,275.6864197500719,279.87291600857856,286.94855029751415,280.1877275554613,Down,295
2026-03-23 22:40:00,273.6,274.5,273.4,273.8,275.51492704551987,279.6347624396147,286.81771895127025,280.1877275554613,Down,342
2026-03-23 22:50:00,273.8,274.5,273.5,273.9,275.36811549592716,279.4098697949239,286.6891844343422,280.1877275554613,Down,220
2026-03-23 23:00:00,273.9,273.9,273.4,273.6,275.2073777235702,279.18203176375044,286.5589437932045,279.49551261237656,Down,325
2026-03-23 23:10:00,273.6,273.9,273.2,273.7,275.0703433850638,278.96705012595635,286.43099410371985,279.1186478294332,Down,292
2026-03-23 23:20:00,273.7,274.8,273.0,273.1,274.8912212591489,278.73696972886,286.2983473962202,279.1186478294332,Down,706
2026-03-23 23:30:00,273.4,273.5,272.8,273.2,274.7374738719535,278.51983366106157,286.16801558133244,278.6017750656473,Down,614
2026-03-24 09:00:00,276.0,277.2,273.5,276.5,274.89770351995776,278.4406244978827,286.07181642131917,278.6017750656473,Down,219
2026-03-24 09:10:00,276.5,277.5,276.2,276.9,275.0797304726889,278.3802078509069,285.98055456638065,278.6017750656473,Down,917
2026-03-24 09:20:00,276.9,277.0,276.2,276.2,275.1815731569899,278.2947095038125,285.8832356154714,278.6017750656473,Down,465
2026-03-24 09:30:00,276.2,276.9,276.1,276.9,275.3377937790817,278.2400150134669,285.7938501864618,278.6017750656473,Down,423
2026-03-24 09:40:00,276.9,278.4,276.9,278.4,275.61617616280154,278.24628893450745,285.72027953784027,278.6017750656473,Down,554
2026-03-24 09:50:00,278.4,278.4,277.8,278.2,275.8510692389105,278.24447368217386,285.6454508857224,278.6017750656473,Down,335
2026-03-24 10:00:00,278.2,278.4,278.1,278.3,276.07369930810046,278.24665118483375,285.5723618221829,278.6017750656473,Down,163
2026-03-24 10:10:00,278.3,279.2,278.3,279.0,276.33972664372766,278.27619427562456,285.50696518713636,273.79755627939335,Up,474
2026-03-24 10:20:00,279.0,279.0,277.7,277.8,276.47247876702517,278.2575199903059,285.4302789663688,273.79755627939335,Up,305
2026-03-24 10:30:00,277.8,278.8,277.7,278.6,276.6658897882047,278.2709505789214,285.36231599157907,273.79755627939335,Up,321
2026-03-24 10:40:00,278.6,278.8,277.9,278.4,276.82353617109516,278.2760113405323,285.29303921554344,273.79755627939335,Up,161
2026-03-24 10:50:00,278.4,278.8,278.2,278.3,276.95776015554105,278.2769520722762,285.2234567357868,273.915966313362,Up,160
2026-03-24 11:00:00,278.3,278.6,278.1,278.6,277.1070546868555,278.2896206184614,285.1575516936396,274.0008784666927,Up,107
2026-03-24 11:10:00,278.6,278.6,278.0,278.2,277.2064133516868,278.28610608440414,285.08832232355365,274.128071333357,Up,170
2026-03-24 11:20:00,278.2,278.3,277.3,277.3,277.2149212288062,278.24743525756475,285.0108265790407,274.128071333357,Up,340
2026-03-24 11:30:00,277.3,277.6,276.4,277.5,277.2408374807329,278.21812407099355,284.9360919862145,274.128071333357,Up,491
2026-03-24 11:40:00,277.5,277.7,277.0,277.1,277.2280340733936,278.1742760682095,284.85812092167504,274.128071333357,Up,168
2026-03-24 11:50:00,277.1,277.8,277.0,277.5,277.25275824853964,278.1478338694562,284.784905788126,274.128071333357,Up,238
2026-03-24 12:00:00,277.5,277.6,277.0,277.4,277.26614386230875,278.11850705104615,284.71142413849293,274.128071333357,Up,148
2026-03-24 12:10:00,277.4,277.8,277.1,277.8,277.3146762384625,278.1060165784561,284.64265374905517,274.128071333357,Up,158
2026-03-24 12:20:00,277.8,278.3,277.8,278.0,277.37697839860226,278.10185906557547,284.57655769185067,274.446969233429,Up,176
2026-03-24 12:30:00,278.0,278.0,276.6,276.6,277.3063439987293,278.0429626316314,284.49718895859843,274.446969233429,Up,308
2026-03-24 12:40:00,276.6,277.2,276.0,276.2,277.2057672715721,277.9706895872537,284.414629864483,274.446969233429,Up,394
2026-03-24 12:50:00,276.2,276.7,275.8,276.7,277.15978842870186,277.92085862304765,284.33786737826927,274.446969233429,Up,429
2026-03-24 13:00:00,276.7,277.0,276.3,276.8,277.127080389729,277.87690338292816,284.2628637227641,274.446969233429,Up,181
2026-03-24 13:10:00,276.8,277.7,276.6,277.3,277.142800354299,277.85427972085256,284.193581496667,274.446969233429,Up,318
2026-03-24 13:20:00,277.2,277.2,276.3,276.8,277.1116366857264,277.81293541807406,284.1200135215758,274.446969233429,Up,293
2026-03-24 13:30:00,276.8,276.9,275.9,275.9,277.0014878961149,277.7379183428555,284.03822234225663,274.446969233429,Up,326
2026-03-24 13:40:00,275.9,276.0,275.1,275.7,276.88317081464993,277.657999976469,283.9552549557665,274.446969233429,Up,750
2026-03-24 13:50:00,275.7,276.4,275.5,276.3,276.8301552860454,277.60474507543097,283.87908326466436,274.446969233429,Up,181
2026-03-24 14:00:00,276.3,277.5,276.2,276.5,276.8001411691322,277.5614217391395,283.8056595505881,274.446969233429,Up,450
2026-03-24 14:10:00,276.7,277.0,276.4,276.7,276.7910374264838,277.5276404944674,283.73495647048276,274.446969233429,Up,126
2026-03-24 14:20:00,276.7,277.1,276.4,276.9,276.8009431149853,277.5030271417432,283.66694695336355,274.446969233429,Up,131
2026-03-24 14:30:00,276.9,277.6,276.8,277.6,276.8735846499866,277.50682999892973,283.6065793219868,274.446969233429,Up,270
2026-03-24 14:40:00,277.6,277.8,276.8,277.5,276.9305314999878,277.50656215583444,283.5458173386835,274.446969233429,Up,328
2026-03-24 14:50:00,277.5,277.6,276.2,276.7,276.909574090898,277.4749322673704,283.477699753224,274.446969233429,Up,619
2026-03-24 15:00:00,276.7,277.5,276.6,277.3,276.9450673553618,277.4680721784539,283.41623010393823,274.446969233429,Up,94
2026-03-24 15:10:00,277.3,277.5,276.5,276.5,276.90460668669255,277.4301085636125,283.3474118939488,274.446969233429,Up,155
2026-03-24 15:20:00,276.5,276.9,276.1,276.5,276.86782426062956,277.3936337179807,283.2792784422677,274.446969233429,Up,252
2026-03-24 15:30:00,276.5,276.7,274.8,275.3,276.7252947823905,277.3115304349227,283.199882636872,274.446969233429,Up,754
2026-03-24 15:40:00,275.5,275.8,274.6,275.0,276.5684498021732,277.22088218257284,283.11829176486333,274.446969233429,Up,514
2026-03-24 15:50:00,275.0,275.7,274.4,275.6,276.4804089110665,277.15731817541314,283.04348289158116,274.446969233429,Up,378
2026-03-24 16:00:00,275.6,276.5,275.2,275.6,276.40037173733316,277.0962468744166,282.9694183851973,274.446969233429,Up,677
2026-03-24 16:10:00,275.6,275.7,275.0,275.5,276.318519761212,277.0336489577728,282.8950958142003,274.446969233429,Up,425
2026-03-24 16:20:00,275.5,275.6,274.6,274.8,276.1804725101927,276.9460548809974,282.8145475971436,274.446969233429,Up,446
2026-03-24 16:30:00,274.7,275.0,274.2,274.5,276.02770228199336,276.850131160174,282.73181578025657,274.446969233429,Up,734
2026-03-24 16:40:00,274.5,275.4,274.2,274.5,275.8888202563576,276.75796915389265,282.6499071655276,274.446969233429,Up,514
2026-03-24 16:50:00,274.5,275.1,274.4,274.5,275.76256386941594,276.66942134393605,282.5688135618905,274.446969233429,Up,294
2026-03-24 17:00:00,274.5,275.8,274.4,275.0,275.69323988128724,276.6039538402523,282.4935019841603,274.446969233429,Up,338
2026-03-24 17:10:00,275.0,275.6,274.7,275.1,275.6393089829884,276.5449752582817,282.4199348002383,274.446969233429,Up,293
2026-03-24 17:20:00,275.1,275.4,274.8,275.4,275.61755362089855,276.50007426776085,282.3500847027235,274.446969233429,Up,366
2026-03-24 17:30:00,275.4,276.9,275.4,276.0,275.65232147354413,276.4804635121624,282.2868997803084,274.446969233429,Up,758
2026-03-24 17:40:00,276.0,276.9,276.0,276.8,275.7566558850401,276.4929943548227,282.2323037625939,274.446969233429,Up,563
2026-03-24 17:50:00,276.7,277.8,276.5,276.7,275.84241444094556,276.5011122232611,282.17725596396116,274.446969233429,Up,909
2026-03-24 18:00:00,276.7,277.0,275.4,275.6,275.82037676449596,276.4657744890156,282.11181063098644,274.446969233429,Up,619
2026-03-24 18:10:00,275.6,277.0,275.2,275.8,275.81852433136,276.4396656855248,282.049006545106,274.446969233429,Up,567
2026-03-24 18:20:00,275.8,276.1,274.0,274.0,275.6532039376,276.3439925213866,281.96891692774176,278.71719770821323,Down,1142
2026-03-24 18:30:00,273.8,274.3,272.6,274.2,275.5210944887273,276.25991438329305,281.89161427174434,278.61794484879016,Down,1702
2026-03-24 18:40:00,274.2,274.9,272.4,274.7,275.4464495352066,276.19874127022274,281.8200559207817,278.61794484879016,Down,1430
2026-03-24 18:50:00,274.7,276.8,274.4,276.7,275.56040866836963,276.2183984753121,281.7691100907242,278.61794484879016,Down,1442
2026-03-24 19:00:00,276.7,276.8,275.3,276.2,275.6185533348815,276.2176769664763,281.71369605997074,278.61794484879016,Down,781
2026-03-24 19:10:00,276.2,276.6,275.0,275.5,275.60777575898317,276.18953277171255,281.6518682384785,278.61794484879016,Down,553
2026-03-24 19:20:00,275.5,276.3,275.2,275.5,275.597977962712,276.1624922708611,281.5906556191902,278.61794484879016,Down,317
2026-03-24 19:30:00,275.3,275.8,274.4,274.4,275.4890708751927,276.09337492690577,281.51910680705896,278.61794484879016,Down,808
2026-03-24 19:40:00,274.3,274.7,274.0,274.4,275.3900644319933,276.0269680670271,281.4482699234066,278.61794484879016,Down,654
2026-03-24 19:50:00,274.4,274.7,273.9,274.2,275.2818767563576,275.95532226047703,281.3761478346165,278.61794484879016,Down,422
2026-03-24 20:00:00,274.2,274.4,272.9,273.9,275.15625159668866,275.8747213875172,281.30175830392386,278.61794484879016,Down,933
2026-03-24 20:10:00,273.9,275.7,273.2,275.3,275.1693196333533,275.8521832938891,281.24203931582514,278.61794484879016,Down,827
2026-03-24 20:20:00,275.3,275.5,274.2,275.5,275.19938148486665,275.83837218432484,281.1849045962647,278.61794484879016,Down,483
2026-03-24 20:30:00,275.5,275.5,273.7,274.1,275.09943771351516,275.77020072611606,281.1144080331178,278.61794484879016,Down,592
2026-03-24 20:40:00,274.1,274.6,273.9,274.6,275.05403428501376,275.72431050156246,281.04958805268876,278.61794484879016,Down,292
2026-03-24 20:50:00,274.5,274.9,274.0,274.8,275.03094025910343,275.68806303091293,280.9874030969406,278.61794484879016,Down,282
2026-03-24 21:00:00,274.8,274.8,273.5,274.0,274.93721841736675,275.62186448068104,280.9178766979661,278.61794484879016,Down,316
2026-03-24 21:10:00,274.0,274.5,273.8,274.1,274.8611076521516,275.56218352065434,280.8500371288321,278.61794484879016,Down,264
2026-03-24 21:20:00,274.1,274.9,274.1,274.5,274.82827968377416,275.5205292649424,280.78685267978904,278.61794484879016,Down,322
2026-03-24 21:30:00,274.5,276.1,274.3,275.9,274.92570880343106,275.5354104702388,280.73822727999016,278.61794484879016,Down,512
2026-03-24 21:40:00,275.9,276.5,275.3,276.0,275.0233716394828,275.5536296674843,280.69108073989077,278.61794484879016,Down,758
2026-03-24 21:50:00,276.0,276.5,275.6,276.0,275.1121560358934,275.57113438640647,280.6444033195934,278.61794484879016,Down,444
2026-03-24 22:00:00,276.0,276.0,275.0,275.3,275.12923275990306,275.56050166537096,280.59122517710983,278.61794484879016,Down,390
2026-03-24 22:10:00,275.3,276.6,275.3,275.8,275.1902115999119,275.56989375692507,280.54355129475056,278.61794484879016,Down,392
2026-03-24 22:20:00,275.8,276.0,275.0,275.5,275.21837418173806,275.56715282528097,280.49336670475304,278.61794484879016,Down,396
2026-03-24 22:30:00,275.7,276.2,275.2,276.0,275.2894310743073,275.58412722428955,280.44865658828786,278.61794484879016,Down,264
2026-03-24 22:40:00,276.0,278.5,276.0,278.3,275.5631191584612,275.69063203902334,280.4272769207427,278.61794484879016,Down,1749
2026-03-24 22:50:00,278.3,279.2,277.8,277.9,275.77556287132836,275.7772739198459,280.4021298867055,278.61794484879016,Down,1407
2026-03-24 23:00:00,278.0,278.4,277.1,277.3,275.91414806484397,275.83698866808726,280.37126292265873,278.61794484879016,Down,707
2026-03-24 23:10:00,277.1,277.3,276.6,276.9,276.00377096804,275.87867538698583,280.33672299308,278.61794484879016,Down,457
2026-03-24 23:20:00,276.9,277.8,276.9,277.5,276.1397917891273,275.94225674435893,280.3084968936464,278.61794484879016,Down,594
2026-03-24 23:30:00,277.5,277.5,275.0,275.6,276.09071980829754,275.92883491124684,280.26164617828675,278.61794484879016,Down,1196
2026-03-25 09:00:00,271.6,271.8,269.1,270.4,275.5733816439068,275.71201785590387,280.163520345667,277.70974705804747,Down,401
2026-03-25 09:10:00,270.5,270.6,269.8,269.8,275.04852876718803,275.4801740184174,280.06040074023747,277.09067914367955,Down,1726
2026-03-25 09:20:00,270.0,270.0,269.4,269.8,274.57138978835275,275.2574220961265,279.9583072005336,276.1824355851632,Down,949
2026-03-25 09:30:00,269.7,270.2,269.4,269.5,274.1103543530479,275.03164083745486,279.8542444423194,275.9840323501483,Down,655
2026-03-25 09:40:00,269.5,269.8,269.3,269.5,273.6912312300435,274.81471374578996,279.7512171344356,275.35366577286214,Down,423
2026-03-25 09:50:00,269.5,269.7,269.3,269.6,273.31930111822135,274.6102151675237,279.6502099987696,274.92151433896555,Down,334
2026-03-25 10:00:00,269.6,269.6,269.2,269.3,272.953910107474,274.4019714354639,279.54722283460274,274.4741039445141,Down,370
2026-03-25 10:10:00,269.3,269.5,268.8,269.3,272.62173646134,274.20189412426924,279.4452604183381,274.0173672222856,Down,581
2026-03-25 10:20:00,269.3,269.8,269.1,269.8,272.36521496485454,274.0292708252783,279.3492876778571,274.0173672222856,Down,239
2026-03-25 10:30:00,269.8,269.9,269.2,269.4,272.0956499680496,273.84773079291443,279.25028979051524,274.0173672222856,Down,226
2026-03-25 10:40:00,269.4,269.6,269.1,269.1,271.82331815277234,273.6615452716237,279.1492918821519,273.6305163202747,Down,210
2026-03-25 10:50:00,269.2,269.4,269.0,269.1,271.5757437752476,273.4826611433248,279.04929892810065,273.2368330184315,Down,249
2026-03-25 11:00:00,269.1,269.2,268.9,268.9,271.3324943411342,273.3029489416258,278.9483108790649,272.82893910766495,Down,192
2026-03-25 11:10:00,268.9,269.0,268.6,268.9,271.11135849194017,273.13028427724834,278.8483276862384,272.38085373424093,Down,235
2026-03-25 11:20:00,268.9,269.3,268.6,269.3,270.94668953812743,272.9800770506896,278.7533194505545,272.38085373424093,Down,222
2026-03-25 11:30:00,269.3,269.5,268.9,269.5,270.8151723073886,272.84360344085866,278.66124662020076,272.38085373424093,Down,222
2026-03-25 11:40:00,269.5,270.1,269.3,270.1,270.7501566430805,272.73601114906023,278.5760600866665,272.38085373424093,Down,315
2026-03-25 11:50:00,270.1,270.2,269.6,269.7,270.6546878573459,272.61695188831277,278.48774108082904,272.38085373424093,Down,293
2026-03-25 12:00:00,269.7,270.0,269.6,270.0,270.59517077940535,272.51432632406517,278.40328594569644,272.38085373424093,Down,178
2026-03-25 12:10:00,270.0,270.8,269.7,270.6,270.5956097994594,272.4392547035136,278.32564130942086,272.38085373424093,Down,448
2026-03-25 12:20:00,270.6,270.9,270.3,270.8,270.61419072678126,272.3749702053366,278.25075930634205,272.38085373424093,Down,254
2026-03-25 12:30:00,270.8,270.9,270.3,270.3,270.5856279334375,272.29359882473517,278.1716472734431,272.38085373424093,Down,150
2026-03-25 12:40:00,270.3,270.9,270.3,270.5,270.5778435758522,272.22326161592207,278.09531247470244,272.38085373424093,Down,220
2026-03-25 12:50:00,270.5,270.6,270.0,270.6,270.5798577962293,272.1596042976506,278.0207322510735,272.38085373424093,Down,251
2026-03-25 13:00:00,270.7,271.2,270.4,270.7,270.5907798147539,272.102364913429,277.94788914409764,272.38085373424093,Down,483
2026-03-25 13:10:00,270.7,271.0,270.5,270.7,270.60070892250354,272.0473702109416,277.87577084415636,272.38085373424093,Down,128
2026-03-25 13:20:00,270.7,270.9,270.0,270.5,270.5915535659123,271.9866890261988,277.80238008948817,272.38085373424093,Down,205
2026-03-25 13:30:00,270.4,270.6,270.1,270.5,270.5832305144657,271.92838749575964,277.7297195910853,272.38085373424093,Down,251
2026-03-25 13:40:00,270.5,270.7,270.0,270.3,270.5574822858779,271.86452916259265,277.65579203296505,272.38085373424093,Down,214
2026-03-25 13:50:00,270.3,270.7,270.0,270.0,270.5068020780708,271.7914103719027,277.5796149978112,272.38085373424093,Down,250
2026-03-25 14:00:00,270.0,270.5,269.7,270.5,270.5061837073371,271.74076682790655,277.5091710674847,272.38085373424093,Down,350
2026-03-25 14:10:00,270.5,271.2,270.0,271.0,270.55107609757914,271.7117171483808,277.4444031961665,272.38085373424093,Down,410
2026-03-25 14:20:00,270.9,271.0,270.4,271.0,270.59188736143557,271.6838066719737,277.3802797812793,272.38085373424093,Down,210
2026-03-25 14:30:00,271.0,271.7,270.9,271.5,270.6744430558505,271.6765985671904,277.3217695346994,272.38085373424093,Down,478
2026-03-25 14:40:00,271.5,272.5,271.3,271.8,270.7767664144095,271.6814378390653,277.26682655425464,272.38085373424093,Down,836
2026-03-25 14:50:00,271.7,271.8,271.0,271.5,270.84251492219045,271.6743226296902,277.20944519550585,272.38085373424093,Down,423
2026-03-25 15:00:00,271.5,272.1,271.5,271.8,270.92955902017314,271.67925115401613,277.1556198701775,272.38085373424093,Down,289
2026-03-25 15:10:00,271.8,272.2,271.5,272.2,271.0450536547028,271.69967267738804,277.10631021972796,272.38085373424093,Down,299
2026-03-25 15:20:00,272.2,272.9,272.1,272.4,271.16823059518435,271.72713649396104,277.0594812623177,269.39889864616765,Up,658
2026-03-25 15:30:00,272.5,272.7,271.6,271.8,271.2256641774403,271.72999388635475,277.007148115429,269.39889864616765,Up,685
2026-03-25 15:40:00,272.0,272.0,271.1,271.4,271.24151288858206,271.71705294963493,276.9513555968676,269.39889864616765,Up,544
2026-03-25 15:50:00,271.4,272.0,271.4,271.8,271.2922844441655,271.7203057751395,276.90009832724706,269.39889864616765,Up,247
2026-03-25 16:00:00,271.8,272.3,271.7,272.2,271.3748040401504,271.7391173133693,276.8533311797123,269.39889864616765,Up,487
2026-03-25 16:10:00,272.2,272.8,272.1,272.4,271.46800367286403,271.7650342814725,276.8090194266804,269.39889864616765,Up,556
2026-03-25 16:20:00,272.4,272.5,271.5,271.7,271.4890942480582,271.76248391749317,276.7581834124846,269.39889864616765,Up,354
2026-03-25 16:30:00,271.7,272.1,271.1,271.3,271.4719038618711,271.74434729327777,276.70387312977334,269.39889864616765,Up,596
2026-03-25 16:40:00,271.4,271.7,270.5,270.9,271.419912601701,271.71123563471787,276.64612314838257,269.39889864616765,Up,868
2026-03-25 16:50:00,270.9,270.9,270.1,270.5,271.3362841833645,271.6637361980623,276.58496769416985,269.39889864616765,Up,770
2026-03-25 17:00:00,270.5,270.8,269.8,270.1,271.22389471214956,271.60241320990303,276.52044065243683,269.39889864616765,Up,950
2026-03-25 17:10:00,270.1,271.4,269.5,270.9,271.19444973831776,271.5748675938284,276.46451586982556,269.39889864616765,Up,1475
2026-03-25 17:20:00,270.9,272.0,270.4,271.4,271.2131361257434,271.56801004112924,276.41412267709103,269.39889864616765,Up,1239
2026-03-25 17:30:00,271.4,271.4,270.5,271.1,271.20285102340307,271.549656706183,276.3612458345329,269.39889864616765,Up,704
2026-03-25 17:40:00,271.0,271.1,270.3,270.8,271.1662282030937,271.52025840397977,276.30591005508484,269.39889864616765,Up,430
2026-03-25 17:50:00,270.8,272.7,270.5,271.9,271.23293473008516,271.5351502312747,276.2620701540392,269.39889864616765,Up,1407
2026-03-25 18:00:00,272.0,273.8,271.6,273.3,271.4208497546229,271.60436002612664,276.2325968191731,269.39889864616765,Up,2292
2026-03-25 18:10:00,273.3,274.4,272.8,273.1,271.5734997769299,271.66301257412164,276.20142670156946,269.39889864616765,Up,1684
2026-03-25 18:20:00,273.1,273.7,272.5,273.7,271.76681797902717,271.74289443396003,276.1765368836434,269.39889864616765,Up,813
2026-03-25 18:30:00,273.6,273.7,271.9,272.7,271.85165270820653,271.7804279855694,276.14194447684093,269.39889864616765,Up,1658
2026-03-25 18:40:00,272.8,273.3,271.6,271.9,271.85604791655135,271.78511708417454,276.0997360740863,269.39889864616765,Up,1326
2026-03-25 18:50:00,272.0,272.1,270.7,271.0,271.77822537868303,271.75432817891283,276.04899243155813,269.39889864616765,Up,1345
2026-03-25 19:00:00,271.1,272.3,271.0,272.3,271.8256594351664,271.77572707385747,276.01168902427895,269.39889864616765,Up,918
2026-03-25 19:10:00,272.1,272.5,271.3,271.5,271.79605403196945,271.76491424743165,275.96679659617666,269.39889864616765,Up,1009
2026-03-25 19:20:00,271.5,272.2,271.0,272.2,271.8327763926995,271.7819764338069,275.92931603303066,269.39889864616765,Up,641
2026-03-25 19:30:00,272.2,272.7,271.5,272.6,271.90252399336316,271.8140557893439,275.89618851031395,269.39889864616765,Up,904
2026-03-25 19:40:00,272.6,273.0,272.2,272.8,271.9841127212392,271.8527202681932,275.8653806644402,269.39889864616765,Up,721
2026-03-25 19:50:00,273.0,273.0,271.8,272.0,271.9855570193084,271.85849594395035,275.82691916529154,269.39889864616765,Up,521
2026-03-25 20:00:00,272.0,273.4,272.0,273.1,272.08687001755305,271.9071823775209,275.79978564125884,269.39889864616765,Up,1059
2026-03-25 20:10:00,273.1,273.3,272.5,272.7,272.1426091068664,271.9382732646769,275.76894200303735,269.39889864616765,Up,505
2026-03-25 20:20:00,272.7,272.8,272.0,272.3,272.15691736987856,271.95245862684646,275.7344251671862,269.39889864616765,Up,543
2026-03-25 20:30:00,272.3,274.0,272.1,273.9,272.3153794271623,272.0288327983427,275.71617218044804,269.39889864616765,Up,1401
2026-03-25 20:40:00,273.9,274.0,272.8,273.3,272.4048903883294,272.07868249252533,275.6921306662147,269.39889864616765,Up,948
2026-03-25 20:50:00,273.3,275.5,273.2,274.8,272.62262762575403,272.18540082615175,275.6832537441628,269.39889864616765,Up,2310
2026-03-25 21:00:00,274.8,275.4,274.6,274.9,272.8296614779582,272.2918556957144,275.67546017456914,269.8506700562283,Up,1020
2026-03-25 21:10:00,274.8,275.1,274.1,274.7,272.9996922526893,272.386292727255,275.6657541031804,269.8506700562283,Up,817
2026-03-25 21:20:00,274.7,275.6,274.7,275.2,273.1997202297175,272.4966341889313,275.66111973399455,270.236504178701,Up,1014
2026-03-25 21:30:00,275.2,276.6,275.2,276.5,273.49974566337954,272.6536289266203,275.669466801318,270.92409470791,Up,1678
2026-03-25 21:40:00,276.5,276.6,275.8,276.3,273.7543142394359,272.79662387067435,275.67574076349393,271.38554064355463,Up,950
2026-03-25 21:50:00,276.3,276.7,275.4,275.7,273.9311947631236,272.9104817580989,275.6759821489318,271.38554064355463,Up,1023
2026-03-25 22:00:00,275.7,276.0,275.1,275.6,274.08290433011234,273.0159530617029,275.67522610764894,271.38554064355463,Up,928
2026-03-25 22:10:00,275.6,276.7,275.2,276.6,274.311731209193,273.15650392202826,275.6844278379211,271.38554064355463,Up,590
2026-03-25 22:20:00,276.6,277.2,276.0,277.1,274.56521019017543,273.3111508270468,275.69851313306617,271.75378774916646,Up,1262
2026-03-25 22:30:00,277.0,277.7,276.9,277.6,274.84110017288674,273.47934099069204,275.7174334003989,272.6034434083331,Up,1189
2026-03-25 22:40:00,277.5,278.5,277.0,277.0,275.03736379353336,273.6174060498806,275.73019525711135,272.9349485530301,Up,1758
2026-03-25 22:50:00,277.1,277.5,276.8,277.4,275.2521489032121,273.76574306753236,275.7468102296774,272.9349485530301,Up,757
2026-03-25 23:00:00,277.4,277.5,276.6,276.8,275.39286263928375,273.88473353547226,275.75728972987963,272.9349485530301,Up,703
2026-03-25 23:10:00,276.9,277.1,276.1,276.4,275.484420581167,273.983371436042,275.76368485694553,272.9349485530301,Up,705
2026-03-25 23:20:00,276.4,276.7,275.5,276.7,275.59492780106086,274.08990588953054,275.77300142553315,272.9349485530301,Up,1116
2026-03-25 23:30:00,276.7,277.0,276.4,276.4,275.66811618278257,274.1804978154313,275.77924021731894,272.9349485530301,Up,1289
2026-03-26 17:00:00,271.6,277.3,271.6,277.0,275.7891965298023,274.29106652855165,275.7913870808282,272.9349485530301,Up,444
2026-03-26 17:10:00,277.2,277.9,276.7,277.5,275.9447241180021,274.41690705684374,275.80838820440204,272.9349485530301,Up,2521
2026-03-26 17:20:00,277.4,278.4,277.2,278.3,276.1588401072746,274.56918521147736,275.83318036157215,272.9349485530301,Up,1931
2026-03-26 17:30:00,278.3,278.6,277.1,277.8,276.30803646115874,274.6958838306351,275.8527507062331,272.9349485530301,Up,2385
2026-03-26 17:40:00,277.8,278.7,275.6,275.7,276.2527604192352,274.7352609353161,275.8512307987084,272.9349485530301,Up,2906
2026-03-26 17:50:00,275.6,276.4,275.6,275.9,276.2206912902138,274.7809369770684,275.8517160643929,272.9349485530301,Up,1461
2026-03-26 18:00:00,275.9,276.4,275.1,276.3,276.2279011729216,274.84050807600687,275.8561766010656,272.9349485530301,Up,1517
2026-03-26 18:10:00,276.4,277.5,275.7,277.5,276.3435465208378,274.9448018769478,275.8725330527963,272.9349485530301,Up,1661
2026-03-26 18:20:00,277.5,278.3,277.5,278.2,276.5123150189434,275.07245670530284,275.89569192789287,272.9349485530301,Up,2245
2026-03-26 18:30:00,278.2,279.0,278.0,278.7,276.7111954717667,275.2147133050949,275.9235954907994,272.9349485530301,Up,2029
2026-03-26 18:40:00,278.7,279.1,277.4,278.9,276.9101777016061,275.35923435195394,275.9532114560651,272.9349485530301,Up,2638
2026-03-26 18:50:00,278.9,279.0,277.7,278.2,277.0274342741873,275.47063692638716,275.97556756097987,272.9349485530301,Up,1411
2026-03-26 19:00:00,278.0,278.5,277.9,278.2,277.1340311583521,275.57767077241124,275.9977012170895,272.9349485530301,Up,1587
2026-03-26 19:10:00,278.2,278.4,277.5,278.2,277.23093741668373,275.68050721270885,276.019614637815,272.9349485530301,Up,1202
2026-03-26 19:20:00,278.2,278.8,277.2,277.5,277.25539765153064,275.751859871034,276.0343448404238,272.9349485530301,Up,1497
2026-03-26 19:30:00,277.5,278.3,276.6,278.0,277.32308877411873,275.8400222290327,276.05390359823053,272.9349485530301,Up,2061
2026-03-26 19:40:00,278.0,278.1,276.3,277.2,277.31189888556247,275.8933546906393,276.0653075425268,272.9349485530301,Up,1341
2026-03-26 19:50:00,277.1,277.4,276.4,277.3,277.3108171686931,275.9485172517907,276.07759303961615,272.9349485530301,Up,1119
2026-03-26 20:00:00,277.3,279.7,277.3,278.0,277.37347015335735,276.028967555642,276.09672146708266,272.9349485530301,Up,3039
2026-03-26 20:10:00,278.0,279.3,276.9,279.1,277.530427412143,276.14940020051876,276.1266048355694,272.9349485530301,Up,2357
2026-03-26 20:20:00,278.9,281.1,278.9,280.6,277.80947946558456,276.3239335259886,276.1711162302404,273.54480300102864,Up,4224
2026-03-26 20:30:00,280.6,281.7,280.3,280.7,278.0722540596223,276.49554397594983,276.21617975033746,274.6225481827533,Up,2538
2026-03-26 20:40:00,280.8,281.2,280.0,281.0,278.3384127814748,276.6721893102263,276.2637799518267,274.6225481827533,Up,1478
2026-03-26 20:50:00,281.0,282.1,280.6,281.6,278.63492071043163,276.86543678825666,276.3168766687239,275.1372299031019,Up,1761
2026-03-26 21:00:00,281.6,282.0,281.4,281.7,278.9135642822106,277.05502750244267,276.37044008495553,275.8338453664563,Up,1365
2026-03-26 21:10:00,281.7,282.1,281.5,281.9,279.1850584383733,277.24502642391553,276.4254605816227,276.24895033314203,Up,1280
2026-03-26 21:20:00,281.9,282.7,281.3,281.5,279.3955076712484,277.4118881327816,276.4759535111588,276.4445003028564,Up,1925
2026-03-26 21:30:00,281.5,282.4,281.4,282.0,279.6322797011349,277.5918140883588,276.5309191478637,276.4859093662331,Up,1034
2026-03-26 21:40:00,282.0,282.0,281.2,281.6,279.8111633646681,277.7489978495996,276.58135776330784,276.4859093662331,Up,891
2026-03-26 21:50:00,281.6,282.5,281.3,282.2,280.02833033151643,277.9235469535369,276.6372646512351,276.72471848449015,Up,1029
2026-03-26 22:00:00,282.2,282.4,281.6,281.8,280.18939121046947,278.0755647200649,276.6886351522179,277.00428953135474,Up,822
2026-03-26 22:10:00,281.8,281.9,280.6,281.0,280.2630829186086,278.1902484565329,276.73153430493215,277.00428953135474,Up,1644
2026-03-26 22:20:00,281.0,281.8,280.3,281.6,280.3846208350987,278.32396420333555,276.77997674965917,277.00428953135474,Up,1084
2026-03-26 22:30:00,281.6,281.8,281.2,281.5,280.4860189409988,278.4485146267342,276.8269421551352,277.00428953135474,Up,996
2026-03-26 22:40:00,281.6,283.3,281.4,282.5,280.6691081281807,278.60739640607795,276.88339049190006,277.24265045512925,Up,3241
2026-03-26 22:50:00,282.5,283.1,281.0,281.2,280.71737102561883,278.70906713525136,276.9263418302891,277.24265045512925,Up,1701
2026-03-26 23:00:00,281.1,281.9,281.1,281.4,280.779428205108,278.81459391426114,276.970855841928,277.24265045512925,Up,1067
2026-03-26 23:10:00,281.4,282.0,281.2,281.8,280.87220745918904,278.9316686627215,277.0189070275805,277.24265045512925,Up,705
2026-03-26 23:20:00,281.8,282.0,281.3,281.5,280.92927950835366,279.03238753869323,277.0634950173559,277.24265045512925,Up,1182
2026-03-26 23:30:00,281.5,281.5,280.0,280.1,280.85389046213965,279.0742546940386,277.0937089972827,277.24265045512925,Up,2162
2026-03-27 09:00:00,280.1,280.1,277.8,278.8,280.6671731473997,279.06349960799787,277.11068701721024,277.24265045512925,Up,357
2026-03-27 09:10:00,278.9,279.2,278.2,278.2,280.44288467945427,279.02963687827247,277.1215259523624,277.24265045512925,Up,1268
2026-03-27 09:20:00,278.2,278.8,278.2,278.5,280.2662587995039,279.00886680461474,277.13524211204043,277.24265045512925,Up,813
2026-03-27 09:30:00,278.5,278.8,278.5,278.7,280.1238716359126,278.99675438090435,277.15081184226887,277.24265045512925,Up,393
2026-03-27 09:40:00,278.9,279.2,278.5,279.1,280.0307923962842,279.000803228712,277.170206749311,277.24265045512925,Up,606
2026-03-27 09:50:00,279.1,279.4,278.9,279.0,279.937083996622,279.00077172954684,277.1884136473278,277.24265045512925,Up,452
2026-03-27 10:00:00,279.1,279.5,278.9,279.4,279.88825817874726,279.01642774015284,277.2104194816828,277.24265045512925,Up,869
2026-03-27 10:10:00,279.4,279.4,279.0,279.3,279.8347801624975,279.0275482209311,277.23121132763623,277.24265045512925,Up,178
2026-03-27 10:20:00,279.3,279.7,278.8,279.7,279.8225274204523,279.0539188789338,277.2557763890528,277.24265045512925,Up,463
2026-03-27 10:30:00,279.8,281.3,279.7,281.3,279.9568431095021,279.14200049152464,277.2960174200075,277.24265045512925,Up,1046
2026-03-27 10:40:00,281.3,281.5,280.8,281.1,280.0607664631837,279.21878478597466,277.33386799294277,277.24265045512925,Up,1041
2026-03-27 10:50:00,281.1,281.1,280.5,280.9,280.1370604210761,279.2847147943678,277.3693518935105,277.24265045512925,Up,901
2026-03-27 11:00:00,280.9,281.3,280.6,280.8,280.19732765552374,279.34413774360826,277.4034876955651,277.24856589639455,Up,549
2026-03-27 11:10:00,280.8,281.0,279.9,280.9,280.26120695956706,279.40515194974125,277.4382788627734,277.24856589639455,Up,816
2026-03-27 11:20:00,280.8,281.3,280.3,281.2,280.3465517814246,279.4755381477906,277.47570892384033,277.24856589639455,Up,451
2026-03-27 11:30:00,281.3,281.7,281.0,281.6,280.4605016194769,279.55885037728905,277.5167466459912,277.6533552940605,Up,735
2026-03-27 11:40:00,281.5,282.4,281.4,281.9,280.5913651086153,279.650660166415,277.56036110722516,278.1757775400549,Up,972
2026-03-27 11:50:00,281.9,282.6,281.8,282.6,280.77396828055936,279.7663205520457,277.6105067678498,278.52343412732273,Up,732
2026-03-27 12:00:00,282.6,282.7,282.1,282.6,280.9399711641449,279.87744523627924,277.6601534666772,278.83948557029333,Up,592
2026-03-27 12:10:00,282.6,282.8,282.0,282.5,281.0817919674044,279.98029052113105,277.7083111436257,278.87225960935757,Up,524
2026-03-27 12:20:00,282.4,282.7,282.2,282.4,281.2016290612767,280.0751810889298,277.7549946148334,279.06114509941597,Up,339
2026-03-27 12:30:00,282.4,282.8,282.0,282.8,281.34693551025157,280.18203673250116,277.80519367339224,279.06114509941597,Up,506
2026-03-27 12:40:00,282.8,283.0,281.2,282.0,281.4063050093196,280.25332940965797,277.8469330398261,279.06114509941597,Up,1821
2026-03-27 12:50:00,282.0,282.8,282.0,282.7,281.523913644836,280.3492772759459,277.8952222633105,279.06114509941597,Up,610
2026-03-27 13:00:00,282.7,283.6,282.5,283.5,281.7035578589418,280.4728350298304,277.9509911960139,279.31139273233794,Up,1023
2026-03-27 13:10:00,283.5,283.9,283.2,283.7,281.885052599038,280.59939051885664,278.0081952637152,279.89672066576173,Up,829
2026-03-27 13:20:00,283.7,283.9,283.0,283.5,282.0318659991254,280.71313991027404,278.06284008696184,279.89672066576173,Up,863
2026-03-27 13:30:00,283.5,284.2,283.5,284.0,282.21078727193213,280.84203638438095,278.12191630500206,280.2786947650924,Up,931
2026-03-27 13:40:00,284.0,284.0,283.3,283.4,282.3188975199383,280.9423486830327,278.17443455072345,280.2786947650924,Up,472
2026-03-27 13:50:00,283.4,284.2,283.3,284.1,282.4808159272166,281.0661781464432,278.233395400965,280.2786947650924,Up,571
2026-03-27 14:00:00,284.1,284.3,283.8,284.0,282.6189235701969,281.18122998383757,278.29077455120415,280.677118531249,Up,437
2026-03-27 14:10:00,284.0,284.3,283.6,283.9,282.73538506381533,281.28784841584394,278.3465877397494,280.677118531249,Up,379
2026-03-27 14:20:00,283.9,286.8,283.9,286.6,283.0867136943776,281.49616808581084,278.4287112448265,281.27654424070164,Up,3064
2026-03-27 14:30:00,286.6,287.8,286.6,287.6,283.4970124494341,281.73553404323,278.5199678493556,283.06049476427427,Up,1617
2026-03-27 14:40:00,287.6,288.9,287.6,288.7,283.9700113176674,282.0086503552602,278.6212617016008,284.0140861493402,Up,2015
2026-03-27 14:50:00,288.7,288.8,287.9,288.2,284.354555743334,282.25144838054416,278.71657253044066,284.1718964994002,Up,1384
2026-03-27 15:00:00,288.2,288.4,287.8,288.2,284.7041415848491,282.4847249146405,278.81093499282434,284.1718964994002,Up,1356
2026-03-27 15:10:00,288.2,288.2,287.1,287.7,284.9764923498628,282.6892455062232,278.899383400856,284.1718964994002,Up,1441
2026-03-27 15:20:00,287.7,288.0,287.0,287.8,285.23317486351164,282.8896672510772,278.98794675010123,284.1718964994002,Up,1023
2026-03-27 15:30:00,287.8,288.3,287.5,288.0,285.4847044213742,283.0900724569173,279.07761892174204,284.1718964994002,Up,1452
2026-03-27 15:40:00,288.0,288.4,287.5,287.8,285.69518583761294,283.27477549782253,279.1644087832173,284.1718964994002,Up,1218
2026-03-27 15:50:00,287.8,288.8,287.8,288.8,285.9774416705572,283.49145096849617,279.26028531273755,284.3581072282582,Up,811
2026-03-27 16:00:00,288.8,289.8,288.5,289.0,286.2522197005065,283.70747249914336,279.3571978966904,285.093733843871,Up,2249
2026-03-27 16:10:00,288.9,289.8,288.9,289.7,286.5656542731877,283.9424735776083,279.4601113504547,285.33521258533733,Up,1062
2026-03-27 16:20:00,289.7,290.9,289.6,290.2,286.89604933926154,284.18786677064327,279.56697591413183,286.1274659866703,Up,2245
2026-03-27 16:30:00,290.1,290.9,289.6,289.9,287.169135762965,284.41187199532396,279.66979207419024,286.1274659866703,Up,1709
2026-03-27 16:40:00,289.9,290.9,289.8,290.3,287.45375978451364,284.6427789758995,279.7755652873824,286.1274659866703,Up,1363
2026-03-27 16:50:00,290.3,290.3,288.6,289.5,287.6397816222851,284.8332582317466,279.8723258317866,286.1274659866703,Up,2071
2026-03-27 17:00:00,289.5,290.6,289.3,290.4,287.89071056571373,285.0515618305016,279.97707880858474,286.1274659866703,Up,1354
2026-03-27 17:10:00,290.4,290.9,288.8,289.0,287.9915550597397,285.20640254303095,280.0668591189471,286.1274659866703,Up,1796
2026-03-27 17:20:00,289.0,289.7,288.8,289.5,288.1286864179452,285.3747789138925,280.1607212172661,286.1274659866703,Up,1256
2026-03-27 17:30:00,289.4,289.6,288.8,289.1,288.21698765267746,285.52086601530846,280.24966926485547,286.1274659866703,Up,848
2026-03-27 17:40:00,289.1,290.4,289.0,290.3,288.40635241152495,285.70828303431597,280.3496725557525,286.1274659866703,Up,1364
2026-03-27 17:50:00,290.3,290.6,289.5,290.5,288.59668401047725,285.8961935035585,280.45067083877984,286.1274659866703,Up,1403
2026-03-27 18:00:00,290.3,291.9,290.3,291.4,288.85153091861565,286.1120290524386,280.55961938764773,286.25698705588326,Up,3193
2026-03-27 18:10:00,291.4,291.5,287.9,288.2,288.7923008351051,286.19391026606843,280.63564307533284,286.25698705588326,Up,4219
2026-03-27 18:20:00,288.1,288.9,287.8,288.4,288.7566371228228,286.2804235889677,280.71290035816537,286.25698705588326,Up,2836
2026-03-27 18:30:00,288.2,289.7,288.1,288.6,288.74239738438433,286.3713873697925,280.79137896156675,286.25698705588326,Up,1823
2026-03-27 18:40:00,288.6,288.8,286.4,288.8,288.74763398580393,286.46662708078105,280.87106673309347,286.25698705588326,Up,4045
2026-03-27 18:50:00,288.8,289.9,287.9,289.9,288.85239453254906,286.60126915604457,280.9609068651025,286.25698705588326,Up,2226
2026-03-27 19:00:00,289.9,290.0,289.0,289.4,288.90217684777184,286.7110233067879,281.04487794107166,286.25698705588326,Up,1181
2026-03-27 19:10:00,289.3,289.8,288.7,288.8,288.8928880434289,286.7929439614237,281.1220433346928,286.25698705588326,Up,1438
2026-03-27 19:20:00,288.7,289.3,287.6,288.3,288.8389891303899,286.85204419823066,281.19346578907397,286.25698705588326,Up,2054
2026-03-27 19:30:00,288.3,289.0,286.8,287.1,288.6808992094454,286.8617679551628,281.2522372737598,286.25698705588326,Up,2079
2026-03-27 19:40:00,287.2,287.2,285.9,286.6,288.49172655404124,286.85150254515645,281.30544884317516,286.25698705588326,Up,3216
2026-03-27 19:50:00,286.6,286.6,283.8,285.4,288.2106605036738,286.79458087671895,281.34619064573064,291.5466592791884,Down,4407
2026-03-27 20:00:00,285.4,286.9,285.4,286.3,288.0369640942489,286.7751855482202,281.3954822810965,291.5466592791884,Down,2302
2026-03-27 20:10:00,286.3,288.2,286.1,287.6,287.9972400856808,286.80753121299585,281.457218775812,291.5466592791884,Down,2711
2026-03-27 20:20:00,287.6,288.5,287.0,288.3,288.02476371425524,286.8660594007215,281.52530615117706,291.5466592791884,Down,1804
2026-03-27 20:30:00,288.3,288.8,287.6,287.7,287.995239740232,286.89876295363433,281.58674589096637,291.5466592791884,Down,1471
2026-03-27 20:40:00,287.8,288.3,286.8,287.2,287.9229452183927,286.91057617113887,281.6425991656831,291.5466592791884,Down,2316
2026-03-27 20:50:00,287.2,288.5,286.9,288.4,287.96631383490245,286.96898494874125,281.70983698493006,291.5466592791884,Down,1432
2026-03-27 21:00:00,288.4,288.5,285.8,287.0,287.87846712263854,286.9702012252612,281.76247542289093,291.5466592791884,Down,2201
2026-03-27 21:10:00,287.0,287.6,286.6,287.6,287.85315192967136,286.99489921642737,281.8205602445537,291.5466592791884,Down,1243
2026-03-27 21:20:00,287.5,287.7,286.0,286.2,287.70286539061027,286.96372669813616,281.86413675953327,291.5466592791884,Down,1546
2026-03-27 21:30:00,286.2,287.1,286.1,286.8,287.6207867187366,286.9573060433073,281.9132498266026,291.5466592791884,Down,769
2026-03-27 21:40:00,286.8,287.6,286.6,287.5,287.60980610794235,286.97858815925605,281.96883938056675,291.5466592791884,Down,741
2026-03-27 21:50:00,287.5,288.1,287.4,287.5,287.59982373449304,286.99903568242246,282.0238758046407,291.5466592791884,Down,994
2026-03-27 22:00:00,287.3,288.3,286.7,287.0,287.54529430408456,286.99907349879805,282.0733894782263,291.5466592791884,Down,1388
2026-03-27 22:10:00,287.0,287.4,286.6,286.6,287.4593584582587,286.98342355766874,282.11843037894045,291.5466592791884,Down,924
2026-03-27 22:20:00,286.6,286.7,285.8,286.2,287.34487132568967,286.95270106521116,282.15904301198583,291.5466592791884,Down,1285
2026-03-27 22:30:00,286.3,287.0,286.2,286.6,287.27715575062695,286.93886965088916,282.20323163873223,291.5466592791884,Down,645
2026-03-27 22:40:00,286.6,287.2,285.7,286.7,287.2246870460245,286.9295022135994,282.24797560252597,291.5466592791884,Down,1322
2026-03-27 22:50:00,286.8,287.5,286.4,287.5,287.2497154963859,286.95187467581115,282.30023455175456,291.5466592791884,Down,771
2026-03-27 23:00:00,287.5,288.4,287.2,288.0,287.3179231785326,286.99297762970093,282.3569486358167,291.5466592791884,Down,2144
2026-03-27 23:10:00,288.0,289.5,287.9,289.4,287.5072028895751,287.0873706638303,282.4270287488932,291.5466592791884,Down,2373
2026-03-27 23:20:00,289.4,289.9,289.3,289.6,287.697457172341,287.1859051476017,282.4984015971629,291.5466592791884,Down,1894
2026-03-27 23:30:00,289.5,291.0,289.5,290.8,287.97950652031,287.3276343574997,282.58100456634537,291.5466592791884,Down,2765
2026-03-30 09:00:00,278.1,279.4,276.8,278.9,287.15409683664546,286.9971388924997,282.5443776552375,287.85212518471576,Down,4430
2026-03-30 09:10:00,279.0,280.9,278.7,280.3,286.5309971242232,286.73450599475467,282.522045539265,287.85212518471576,Down,7435
2026-03-30 09:20:00,280.3,280.8,280.2,280.2,285.955451931112,286.47825085770546,282.4989406085261,287.85212518471576,Down,1483
2026-03-30 09:30:00,280.3,280.6,279.7,280.1,285.4231381191927,286.2281233730896,282.4750705527199,287.85212518471576,Down,1329
2026-03-30 09:40:00,280.1,280.4,279.4,279.8,284.9119437447206,285.9760401035567,282.44845293527993,287.85212518471576,Down,1167
2026-03-30 09:50:00,279.8,279.8,279.2,279.4,284.41085794974595,285.718156177927,282.4181200702523,287.084870124815,Down,728
2026-03-30 10:00:00,279.4,279.8,278.7,279.4,283.9553254088599,285.47038534742006,282.38808902477723,286.54533647710457,Down,1443
2026-03-30 10:10:00,279.4,279.4,278.4,278.7,283.47756855350895,285.20488003967813,282.3513916215456,285.89576043373137,Down,651
2026-03-30 10:20:00,278.6,279.5,278.5,279.5,283.1159714122809,284.9811592538084,282.3230195656098,285.72341857611946,Down,530
2026-03-30 10:30:00,279.5,279.8,279.4,279.4,282.77815582934625,284.762290263463,282.2939347938127,285.72341857611946,Down,411
2026-03-30 10:40:00,279.4,279.7,278.7,279.2,282.4528689357693,284.54416123352325,282.2631493729788,285.25241204637973,Down,615
2026-03-30 10:50:00,279.2,280.1,279.1,279.7,282.2026081234266,284.3541941263263,282.2376453991183,285.25241204637973,Down,513
2026-03-30 11:00:00,279.8,279.9,279.2,279.2,281.9296437485696,284.15206886647036,282.2074200717639,285.1371173937022,Down,446
2026-03-30 11:10:00,279.2,279.3,278.3,278.6,281.626948862336,283.9343406756284,282.1715253446817,284.2428339942748,Down,821
2026-03-30 11:20:00,278.7,278.9,278.4,278.4,281.33358987485093,283.7173077079567,282.1339977293118,283.7798490857043,Down,462
2026-03-30 11:30:00,278.4,279.2,278.4,279.0,281.12144534077356,283.53231524882113,282.10281367230374,283.7544082597312,Down,444
2026-03-30 11:40:00,279.0,279.2,278.3,278.8,280.9104048552487,283.3467342586713,282.0699498546689,283.58128023611926,Down,421
2026-03-30 11:50:00,278.8,279.4,278.7,279.2,280.75491350477154,283.1841172289195,282.04139313969705,283.58128023611926,Down,380
2026-03-30 12:00:00,279.2,279.6,278.9,278.9,280.58628500433775,283.01611263170696,282.010135496516,283.58128023611926,Down,400
2026-03-30 12:10:00,279.0,279.3,279.0,279.0,280.44207727667066,282.85861801869885,281.9801838995358,283.36703999708436,Down,256
2026-03-30 12:20:00,279.0,279.3,278.8,279.1,280.3200702515188,282.7112212336518,281.95152535327173,283.06549090644035,Down,392
2026-03-30 12:30:00,279.1,280.2,279.1,280.2,280.30915477410804,282.6127419695871,281.9340972403039,283.06549090644035,Down,620
2026-03-30 12:40:00,280.2,280.3,279.0,279.0,280.1901407037346,282.471065813917,281.904902242888,283.06549090644035,Down,540
2026-03-30 12:50:00,279.0,279.0,278.5,278.8,280.06376427612236,282.32710244866536,281.87400769320755,282.7090465112249,Down,704
2026-03-30 13:00:00,278.8,279.8,278.7,279.5,280.01251297829305,282.2162356859726,281.85038572611097,282.7090465112249,Down,443
2026-03-30 13:10:00,279.5,280.0,279.4,279.7,279.98410270753914,282.11755977671874,281.82898885321436,282.7090465112249,Down,345
2026-03-30 13:20:00,279.7,280.0,279.5,279.7,279.9582751886719,282.0227535109651,281.8078048845257,282.7090465112249,Down,166
2026-03-30 13:30:00,279.7,279.9,278.5,278.6,279.8347956260654,281.8885278830841,281.77588642796326,282.7090465112249,Down,609
2026-03-30 13:40:00,278.6,279.0,278.5,278.6,279.7225414782412,281.7595660053161,281.7442855679835,282.44027606859004,Down,289
2026-03-30 13:50:00,278.6,279.4,278.6,279.3,279.68412861658294,281.66311243648016,281.71996431855086,282.44027606859004,Down,229
2026-03-30 14:00:00,279.3,280.2,279.3,279.4,279.6582987423481,281.5743629291672,281.69688009647575,282.44027606859004,Down,612
2026-03-30 14:10:00,279.4,279.4,278.9,279.4,279.6348170384983,281.48909379469006,281.6740255681527,282.44027606859004,Down,286
2026-03-30 14:20:00,279.4,279.6,278.7,278.8,279.558924580453,281.3836391360748,281.6454282988178,282.44027606859004,Down,372
2026-03-30 14:30:00,278.8,279.0,278.7,278.8,279.48993143677546,281.28231995426796,281.61711557942664,282.14282529670106,Down,262
2026-03-30 14:40:00,278.8,279.0,278.6,279.0,279.4453922152504,281.1928172109633,281.5910746283876,281.9389320879101,Down,279
2026-03-30 14:50:00,278.9,280.5,278.9,280.1,279.504902013864,281.14996163406283,281.5762380649211,281.9389320879101,Down,1035
2026-03-30 15:00:00,280.1,280.7,280.0,280.0,279.54991092169456,281.10486509939375,281.5605541040761,281.9389320879101,Down,895
2026-03-30 15:10:00,280.0,280.2,279.6,279.6,279.5544644742678,281.04585078177047,281.54104610304057,281.9389320879101,Down,440
2026-03-30 15:20:00,279.6,280.4,279.6,280.0,279.5949677038798,281.00483702562263,281.5257123109705,281.9389320879101,Down,622
2026-03-30 15:30:00,280.0,280.9,280.0,280.2,279.6499706398907,280.97327478932374,281.5125211436972,281.9389320879101,Down,1009
2026-03-30 15:40:00,280.3,281.0,280.0,280.3,279.70906421808246,280.9468718564091,281.5004562566952,281.9389320879101,Down,1077
2026-03-30 15:50:00,280.3,280.8,280.2,280.8,279.8082401982568,280.94111217576557,281.49348654269824,281.9389320879101,Down,569
2026-03-30 16:00:00,280.8,281.8,280.7,281.6,279.97112745296073,280.9669509139709,281.49454637809424,281.9389320879101,Down,1736
2026-03-30 16:10:00,281.8,282.8,281.6,282.2,280.1737522299643,281.0153057800897,281.5015658171182,278.68589961841104,Up,2189
2026-03-30 16:20:00,282.2,282.6,281.7,282.2,280.3579565726948,281.06176437694893,281.50851541097774,278.68589961841104,Up,1157
2026-03-30 16:30:00,282.2,282.7,281.7,281.9,280.4981423388134,281.0946363621666,281.5124107800228,278.68589961841104,Up,1114
2026-03-30 16:40:00,281.9,282.0,281.1,281.7,280.607402126194,281.1183761126699,281.5142773394255,278.68589961841104,Up,1418
2026-03-30 16:50:00,281.7,281.8,280.6,280.7,280.6158201147218,281.10196920629073,281.50617507734165,278.68589961841104,Up,1158
2026-03-30 17:00:00,280.7,281.0,278.8,279.6,280.5234728315653,281.0430684531028,281.4872081611492,278.68589961841104,Up,5555
2026-03-30 17:10:00,279.5,280.2,279.0,279.4,280.42133893778663,280.97863439611837,281.46643992073984,278.68589961841104,Up,2108
2026-03-30 17:20:00,279.4,279.9,278.9,279.2,280.3103081252606,280.9088840276431,281.44388827973745,278.68589961841104,Up,1335
2026-03-30 17:30:00,279.2,279.8,278.4,278.4,280.1366437502369,280.81049641871596,281.41360083416794,283.4151648835063,Down,1973
2026-03-30 17:40:00,278.4,279.9,278.1,279.5,280.0787670456699,280.7591044022957,281.39456002984787,283.4151648835063,Down,1835
2026-03-30 17:50:00,279.5,280.2,278.4,278.6,279.94433367788173,280.6744336414214,281.36675346238667,283.4151648835063,Down,1700
2026-03-30 18:00:00,278.6,279.3,277.2,277.6,279.7312124344379,280.5538676162676,281.3292733284326,283.39167158790855,Down,3030
2026-03-30 18:10:00,277.6,278.1,277.0,277.7,279.5465567585799,280.4419512391591,281.2931611560104,282.6242468980987,Down,2156
2026-03-30 18:20:00,277.7,279.2,277.3,278.7,279.46959705325446,280.37363942585876,281.2673585574431,282.6242468980987,Down,2256
2026-03-30 18:30:00,278.8,279.6,275.3,275.4,279.0996336847768,280.1785947424918,281.2089768802546,282.6242468980987,Down,4445
2026-03-30 18:40:00,275.4,277.0,274.7,276.8,278.8905760770698,280.04610083102153,281.1651064635357,282.4912072863251,Down,3723
2026-03-30 18:50:00,276.7,276.8,275.7,276.2,278.6459782518816,279.8952733474521,281.11570241912244,282.4912072863251,Down,1391
2026-03-30 19:00:00,276.2,276.5,275.5,275.7,278.3781620471651,279.7307528240226,281.0618148328625,282.21587379035134,Down,1349
2026-03-30 19:10:00,275.7,277.6,275.0,277.5,278.29832913378647,279.64327232111975,281.02637388925194,282.21587379035134,Down,2882
2026-03-30 19:20:00,277.5,277.5,275.9,276.1,278.098481030715,279.5043204653896,280.97735524358774,282.21587379035134,Down,1390
2026-03-30 19:30:00,276.1,276.1,273.6,274.1,277.73498275519546,279.29238632949193,280.9089238481292,281.7394619010904,Down,3512
2026-03-30 19:40:00,274.1,274.1,273.3,273.6,277.35907523199586,279.0691554930413,280.83619823770005,280.2540562737186,Down,2518
2026-03-30 19:50:00,273.6,274.9,273.3,274.3,277.0809774836326,278.88212978743184,280.771161439315,280.2540562737186,Down,1829
2026-03-30 20:00:00,274.3,274.5,273.5,274.1,276.80997953057505,278.69459528596394,280.7047817235009,280.2540562737186,Down,1427
2026-03-30 20:10:00,274.1,275.3,273.8,275.1,276.65452684597733,278.55363076494575,280.64901275112777,280.2540562737186,Down,1477
2026-03-30 20:20:00,275.0,275.1,273.4,273.8,276.3950244054339,278.3672138722028,280.5808633705196,280.2540562737186,Down,1268
2026-03-30 20:30:00,273.9,274.3,273.6,273.6,276.14093127766716,278.180264308587,280.5114020434497,279.9574661279462,Down,933
2026-03-30 20:40:00,273.6,274.3,273.3,273.9,275.9372102524247,278.0124108062895,280.44561694849006,279.6249692072238,Down,1443
2026-03-30 20:50:00,273.9,274.1,273.4,273.5,275.71564568402243,277.83545351976835,280.3765063320872,279.2999720065671,Down,709
2026-03-30 21:00:00,273.4,274.3,273.3,273.9,275.5505869854749,277.6811220091892,280.31206348301174,279.20906546051555,Down,1138
2026-03-30 21:10:00,273.9,274.1,273.3,273.3,275.3459881686136,277.50931330294645,280.2422917070614,278.90824132774145,Down,648
2026-03-30 21:20:00,273.3,274.5,272.5,273.8,275.2054437896487,277.36385003616425,280.178189302016,278.90824132774145,Down,2627
2026-03-30 21:30:00,273.8,275.4,273.6,275.0,275.18676708149883,277.2711500347461,280.12666503035416,278.90824132774145,Down,1699
2026-03-30 21:40:00,275.0,275.2,274.4,274.4,275.11524280136257,277.15855591573643,280.0696832887586,278.90824132774145,Down,1006
2026-03-30 21:50:00,274.4,274.5,272.9,273.1,274.9320389103296,276.99939686021736,280.0003332062834,278.90824132774145,Down,1416
2026-03-30 22:00:00,273.1,273.4,272.7,273.3,274.7836717366633,276.8543224735422,279.93366322413135,278.29630665301136,Down,1831
2026-03-30 22:10:00,273.3,274.3,273.0,273.0,274.621519760603,276.70317257261894,279.8646715502594,278.29630665301136,Down,1334
2026-03-30 22:20:00,273.0,273.1,272.6,273.1,274.48319978236634,276.5618716874182,279.79736138558025,277.79736087025736,Down,1103
2026-03-30 22:30:00,273.1,273.4,272.9,273.0,274.34836343851487,276.42219044477434,279.72972594890786,277.79736087025736,Down,628
2026-03-30 22:40:00,273.0,273.3,272.7,273.3,274.2530576713772,276.29975160380286,279.66574857628194,277.4721990663284,Down,678
2026-03-30 22:50:00,273.3,273.8,273.1,273.3,274.1664160648883,276.1821142860067,279.6024077944284,277.4721990663284,Down,910
2026-03-30 23:00:00,273.3,273.4,272.6,273.2,274.07856005898935,276.0651686277319,279.5387022442351,277.2183463358086,Down,965
2026-03-30 23:10:00,273.2,274.7,273.2,274.5,274.1168727808994,276.00378946586005,279.4885659034964,277.2183463358086,Down,1794
2026-03-30 23:20:00,274.5,275.2,274.2,274.6,274.16079343718127,275.94873889857143,279.43992345669545,277.2183463358086,Down,1980
2026-03-30 23:30:00,274.6,275.0,274.5,274.5,274.1916303974375,275.8919256084314,279.3907699894647,277.2183463358086,Down,1943
2026-03-31 17:00:00,278.1,278.1,268.6,269.4,273.75602763403407,275.6373402904537,279.29135934280333,277.2183463358086,Down,1235
2026-03-31 17:10:00,269.4,270.5,269.3,269.9,273.4054796673037,275.4123465535732,279.1979129811834,276.89214182824605,Down,3158
2026-03-31 17:20:00,269.9,270.3,268.8,269.9,273.0867996975488,275.19617610049187,279.1053964341069,276.45194711658735,Down,3288
2026-03-31 17:30:00,269.9,270.2,269.0,269.5,272.76072699777166,274.9727966455706,279.00982035018546,276.3108610150794,Down,1756
2026-03-31 17:40:00,269.6,270.9,269.2,270.7,272.5733881797924,274.80523599280315,278.92713557058164,276.3108610150794,Down,2774
2026-03-31 17:50:00,270.7,271.8,270.0,270.3,272.366716527084,274.6285600715168,278.8412934256007,276.3108610150794,Down,3525
2026-03-31 18:00:00,270.3,272.4,269.9,272.3,272.3606513882582,274.53724399028084,278.7762059288286,276.3108610150794,Down,4274
2026-03-31 18:10:00,272.4,275.0,271.9,274.9,272.5915012620529,274.55146971615216,278.7376367156064,276.3108610150794,Down,6238
2026-03-31 18:20:00,274.9,278.3,274.9,278.0,273.0831829655026,274.6867061978717,278.7302970467944,268.50661528641274,Up,8288
2026-03-31 18:30:00,278.0,280.2,278.0,279.6,273.6756208777296,274.8793843861904,278.7389508075228,270.9423775331025,Up,7243
2026-03-31 18:40:00,279.5,282.1,279.5,280.9,274.33238261611785,275.115486959281,278.7604537845624,272.43852503009316,Up,7574
2026-03-31 18:50:00,280.9,282.4,280.6,281.6,274.9930751055617,275.3697815883288,278.78870797576076,273.24411366372107,Up,4760
2026-03-31 19:00:00,281.5,282.0,279.8,279.8,275.43006827778333,275.54351564368847,278.79877058296717,273.24411366372107,Up,4626
2026-03-31 19:10:00,279.7,281.1,279.2,279.7,275.8182438888939,275.70651503021054,278.80773803985306,273.24411366372107,Up,4021
2026-03-31 19:20:00,279.6,280.9,279.4,279.8,276.18022171717627,275.86704385255524,278.8176112931879,273.24411366372107,Up,2509
2026-03-31 19:30:00,279.8,280.0,278.4,279.1,276.44565610652387,275.9938264465727,278.8204211310666,273.24411366372107,Up,2803
2026-03-31 19:40:00,279.2,279.6,278.3,279.2,276.69605100593077,276.11955874278556,278.8241980352351,273.24411366372107,Up,1771
2026-03-31 19:50:00,279.2,279.6,278.1,279.0,276.9055009144825,276.23251722346066,278.8259473085164,273.24411366372107,Up,1785
2026-03-31 20:00:00,279.1,279.5,277.7,277.8,276.9868190131659,276.29398713626614,278.8157388775859,273.24411366372107,Up,1606
2026-03-31 20:10:00,277.9,279.2,277.3,279.0,277.1698354665145,276.4001052877851,278.81757232159003,273.24411366372107,Up,2389
2026-03-31 20:20:00,279.0,279.1,277.9,278.3,277.2725776968313,276.47461096277397,278.8124223482409,273.24411366372107,Up,1240
2026-03-31 20:30:00,278.3,278.4,276.5,276.7,277.2205251789375,276.48344974854757,278.7914032203977,273.24411366372107,Up,2041
2026-03-31 20:40:00,276.6,277.3,274.8,274.8,277.0004774353977,276.4174321113496,278.7516877654683,273.24411366372107,Up,4270
2026-03-31 20:50:00,274.8,275.8,273.2,275.5,276.8640703958161,276.3814543814928,278.7193326633244,273.24411366372107,Up,7168
2026-03-31 21:00:00,275.5,275.9,274.4,275.4,276.73097308710555,276.34296597437543,278.6863044776197,273.24411366372107,Up,2113
2026-03-31 21:10:00,275.4,276.7,274.8,275.3,276.60088462464137,276.3020653479294,278.65260990570306,273.24411366372107,Up,2748
2026-03-31 21:20:00,275.3,276.2,275.0,275.5,276.50080420421943,276.27061180487334,278.62124065291,273.24411366372107,Up,1481
2026-03-31 21:30:00,275.5,276.8,275.4,276.4,276.49164018565403,276.27568585174106,278.59913875586614,273.24411366372107,Up,1649
2026-03-31 21:40:00,276.4,276.6,275.7,276.2,276.4651274415037,276.27271777912375,278.5752667284446,273.24411366372107,Up,1331
2026-03-31 21:50:00,276.2,277.0,275.9,276.3,276.45011585591243,276.2737876701385,278.55262725850986,273.24411366372107,Up,1726
2026-03-31 22:00:00,276.3,277.2,276.1,276.9,276.49101441446584,276.2983450164076,278.53618320618637,273.24411366372107,Up,1208
2026-03-31 22:10:00,277.0,278.8,274.0,274.0,276.2645585586053,276.2082138392936,278.491047054881,273.24411366372107,Up,6374
2026-03-31 22:20:00,274.1,275.5,272.1,273.3,275.9950532350957,276.0941662377527,278.4393948453797,273.24411366372107,Up,8590
2026-03-31 22:30:00,273.3,274.8,273.3,273.9,275.80459385008703,276.0081205029389,278.3942267374655,273.24411366372107,Up,2232
2026-03-31 22:40:00,273.9,274.5,272.1,274.3,275.6678125909882,275.94113538517655,278.3534881629634,273.24411366372107,Up,3440
2026-03-31 22:50:00,274.4,274.4,272.8,273.3,275.4525569008984,275.8375614485029,278.3032046986553,273.24411366372107,Up,1973
2026-03-31 23:00:00,273.2,274.7,272.5,274.2,275.3386880917258,275.7733433524832,278.262376791206,273.24411366372107,Up,3000
2026-03-31 23:10:00,274.1,274.7,272.8,274.3,275.24426190156896,275.7155651817976,278.2229501564677,273.24411366372107,Up,2197
2026-03-31 23:20:00,274.3,274.9,274.1,274.2,275.14932900142634,275.65613125309966,278.18292080167697,273.24411366372107,Up,2057
2026-03-31 23:30:00,274.3,274.9,274.2,274.7,275.1084809103876,275.61863590984086,278.1482648733021,273.24411366372107,Up,1993
2026-04-02 09:00:00,269.3,272.0,268.3,270.5,274.68952810035233,275.4179050898471,278.0721627352593,278.9497488822265,Down,930
2026-04-02 09:10:00,270.5,270.8,270.1,270.4,274.29957100032027,275.22112449808844,277.9958228075453,278.70431716566054,Down,3021
2026-04-02 09:20:00,270.4,270.8,269.4,270.2,273.9268827275639,275.0242176550262,277.9182524313508,278.11301560514596,Down,1638
2026-04-02 09:30:00,270.2,270.6,270.2,270.6,273.62443884323994,274.85071892345655,277.84543399919806,277.83001418649627,Down,778
2026-04-02 09:40:00,270.6,270.9,270.0,270.8,273.3676716756727,274.6918672009681,277.7753301783105,277.531831078633,Down,954
2026-04-02 09:50:00,270.8,271.1,270.6,271.0,273.1524287960661,274.5470880950478,277.70791395763086,277.4698464351209,Down,709
2026-04-02 10:00:00,271.0,271.9,270.8,271.8,273.02948072369645,274.439359150144,277.64912874412215,277.4698464351209,Down,1171
2026-04-02 10:10:00,271.9,272.2,271.5,271.9,272.92680065790586,274.3397764383737,277.5919234829866,277.4698464351209,Down,1387
2026-04-02 10:20:00,271.9,272.1,271.3,271.8,272.82436423445984,274.2401773623591,277.53429240355393,277.4698464351209,Down,991
2026-04-02 10:30:00,271.8,272.1,271.5,271.5,272.70396748587257,274.13271942658025,277.4742496930708,277.3149828803503,Down,694
2026-04-02 10:40:00,271.5,272.8,271.5,272.5,272.68542498715686,274.0686912137732,277.4247546712492,277.3149828803503,Down,889
2026-04-02 10:50:00,272.4,272.4,271.4,272.0,272.6231136246881,273.9875660681351,277.37077701282885,277.2875891573143,Down,659
2026-04-02 11:00:00,272.0,272.2,271.1,271.2,272.4937396588073,273.87824975173766,277.30937624653205,276.94780832483116,Down,529
2026-04-02 11:10:00,271.3,271.8,270.7,270.8,272.33976332618846,273.7575340751989,277.2446063336312,276.4661893862102,Down,887
2026-04-02 11:20:00,270.7,271.8,270.7,271.8,272.2906939328986,273.68076803303427,277.19043114623196,276.39199035110016,Down,595
2026-04-02 11:30:00,271.8,272.2,271.2,271.5,272.21881266627145,273.5952477180133,277.1338099407968,276.39199035110016,Down,1168
2026-04-02 11:40:00,271.4,271.7,270.7,271.3,272.1352842420649,273.5052380035814,277.0757620806894,276.14379367859516,Down,1055
2026-04-02 11:50:00,271.3,271.7,270.9,271.1,272.04116749278626,273.4109149446174,277.01630176147853,276.08526698054106,Down,528
2026-04-02 12:00:00,271.1,271.2,269.7,270.4,271.8919704479875,273.2928398487501,276.9504679131056,275.34569725503735,Down,1187
2026-04-02 12:10:00,270.4,270.8,270.2,270.8,271.79270040726135,273.1950814233089,276.8892692274031,275.1688156863976,Down,418
2026-04-02 12:20:00,270.8,271.0,270.0,270.1,271.63881855205574,273.07370568121837,276.8217143097175,275.1080142603615,Down,495
2026-04-02 12:30:00,270.1,270.4,269.5,269.8,271.47165322914157,272.9453250662686,276.7518465056407,274.46637660032854,Down,407
2026-04-02 12:40:00,269.8,270.2,269.7,270.0,271.33786657194685,272.82982212249334,276.68466395334576,274.2376150912078,Down,568
2026-04-02 12:50:00,270.0,270.3,269.9,270.2,271.2344241563153,272.72669184317994,276.62013993390946,274.14328644655257,Down,372
2026-04-02 13:00:00,270.2,270.4,269.6,269.7,271.0949310511957,272.6079980454082,276.55128282013925,273.9666240423205,Down,328
2026-04-02 13:10:00,269.6,270.0,269.0,269.1,270.91357368290517,272.47042949460786,276.47714070252596,273.46965822029136,Down,814
2026-04-02 13:20:00,269.1,269.4,268.7,269.0,270.7396124390047,272.33433422030953,276.40274129255056,272.91332565481025,Down,436
2026-04-02 13:30:00,269.0,269.3,268.1,268.2,270.50873858091336,272.1722034665719,276.32112197620677,272.6484778680094,Down,859
2026-04-02 13:40:00,268.2,268.6,267.7,267.9,270.2715805281031,272.00466607572594,276.23732971773705,272.0667980618267,Down,853
2026-04-02 13:50:00,267.9,269.0,267.9,268.6,270.1196186619119,271.87114975903086,276.1613363872123,272.0667980618267,Down,560
2026-04-02 14:00:00,268.6,269.2,268.5,268.7,269.9905624199199,271.7467909449513,276.08709423410573,272.0667980618267,Down,462
2026-04-02 14:10:00,268.8,269.0,268.4,268.8,269.8823294726544,271.6312305157375,276.0145858337664,272.0667980618267,Down,390
2026-04-02 14:20:00,268.8,269.0,268.4,268.6,269.76575406604945,271.5123587308067,275.94080886029604,272.0667980618267,Down,294
2026-04-02 14:30:00,268.6,268.6,267.8,268.0,269.60523096913585,271.37461917273583,275.86179583681053,271.7660443349168,Down,578
2026-04-02 14:40:00,267.9,268.5,267.9,268.3,269.4865736083053,271.2540458718442,275.78655408719055,271.66004030446976,Down,276
2026-04-02 14:50:00,268.1,268.3,267.5,268.1,269.36052146209573,271.1303577984385,275.71007096194484,271.3364002767907,Down,857
2026-04-02 15:00:00,268.1,268.5,267.9,268.4,269.27320132917794,271.0232849435978,275.6373339374479,271.3364002767907,Down,534
2026-04-02 15:10:00,268.4,269.0,268.1,268.5,269.20291029925266,270.92433259286844,275.5663156893141,271.3364002767907,Down,529
2026-04-02 15:20:00,268.5,268.7,268.2,268.4,269.129918453866,270.825339157854,275.4950090655398,271.3364002767907,Down,414
2026-04-02 15:30:00,268.4,269.2,268.4,269.1,269.12719859442365,270.75767879872245,275.43137713453945,271.3364002767907,Down,655
2026-04-02 15:40:00,269.2,270.6,269.1,270.3,269.23381690402147,270.73973061053726,275.3803186555888,271.3364002767907,Down,2421
2026-04-02 15:50:00,270.3,270.7,269.8,270.3,269.33074264001954,270.72248627286916,275.3297682212048,271.3364002767907,Down,1114
2026-04-02 16:00:00,270.3,271.0,270.2,270.9,269.4734024000178,270.72944759550177,275.28569092547144,271.3364002767907,Down,672
2026-04-02 16:10:00,270.9,271.1,269.1,269.7,269.49400218183433,270.68907710156054,275.2301119112877,271.3364002767907,Down,1832
2026-04-02 16:20:00,269.7,270.1,269.4,270.0,269.54000198348575,270.6620544701268,275.1780709967475,271.3364002767907,Down,805
2026-04-02 16:30:00,270.0,270.5,269.2,269.2,269.50909271225976,270.6047190007101,275.11858770324756,271.3364002767907,Down,841
2026-04-02 16:40:00,269.2,269.8,267.8,267.9,269.36281155659975,270.49865158891754,275.0467609599317,271.3364002767907,Down,1996
2026-04-02 16:50:00,267.9,268.8,267.5,268.5,269.2843741423634,270.4202730952345,274.98161905983284,271.3364002767907,Down,1853
2026-04-02 17:00:00,268.5,268.6,267.7,268.5,269.21306740214857,270.3449682679704,274.9171253378444,271.3364002767907,Down,1219
2026-04-02 17:10:00,268.6,268.8,267.9,268.0,269.1027885474078,270.25300872804996,274.84829822005497,271.3364002767907,Down,704
2026-04-02 17:20:00,268.0,269.2,268.0,269.2,269.1116259521889,270.21171426812646,274.79209624771613,271.3364002767907,Down,1223
2026-04-02 17:30:00,269.2,269.8,268.6,269.2,269.1196599565354,270.1720391987882,274.73645349898266,271.3364002767907,Down,1796
2026-04-02 17:40:00,269.2,269.3,266.5,268.4,269.05423632412305,270.10254746550237,274.6734042104356,271.3364002767907,Down,3321
2026-04-02 17:50:00,268.2,269.3,267.3,269.0,269.04930574920274,270.0593103099925,274.61695242724716,271.3364002767907,Down,2042
2026-04-02 18:00:00,269.0,269.0,267.7,269.0,269.04482340836614,270.0177687292085,274.5610623533442,271.3364002767907,Down,1156
2026-04-02 18:10:00,269.1,269.5,268.5,268.9,269.0316576439692,269.9739346613964,274.504733374704,271.3364002767907,Down,1317
2026-04-02 18:20:00,268.9,269.9,268.5,269.0,269.0287796763356,269.93574114526325,274.44995990828903,271.3364002767907,Down,1630
2026-04-02 18:30:00,268.9,269.6,268.5,269.1,269.03525425121416,269.9029669827039,274.39672647636576,271.3364002767907,Down,2058
2026-04-02 18:40:00,269.1,269.3,266.2,266.5,268.80477659201284,269.76951729710765,274.3181520835661,271.3364002767907,Down,4159
2026-04-02 18:50:00,266.5,267.0,264.7,265.7,268.52252417455713,269.6099283834956,274.2323993265157,271.3364002767907,Down,3788
2026-04-02 19:00:00,265.6,266.5,264.3,264.6,268.1659310677792,269.4134606037507,274.13655455709767,271.3364002767907,Down,2253
2026-04-02 19:10:00,264.5,264.8,263.1,264.5,267.832664607072,269.2207758741919,274.04066844210166,270.31239611255523,Down,3419
2026-04-02 19:20:00,264.5,264.9,263.0,263.1,267.40242237006544,268.98074544775295,273.9318060695434,270.31239611255523,Down,2182
2026-04-02 19:30:00,263.1,264.1,262.8,263.7,267.0658385182413,268.7736573909783,273.8299970539261,269.80900505169853,Down,2149
2026-04-02 19:40:00,263.7,264.3,263.3,263.9,266.77803501658303,268.5825335717243,273.731191113091,269.80900505169853,Down,1327
2026-04-02 19:50:00,263.9,264.0,263.0,263.4,266.47094092416637,268.37929696106846,273.62839319156774,269.44959095181696,Down,2163
2026-04-02 20:00:00,263.4,265.2,262.6,264.5,266.29176447651486,268.22716766847753,273.53756340856705,269.44959095181696,Down,2773
2026-04-02 20:10:00,264.4,265.9,262.7,264.1,266.09251316046806,268.06531795598823,273.44365730499925,269.44959095181696,Down,5966
2026-04-02 20:20:00,264.2,264.9,263.3,264.4,265.9386483276982,267.9215799969299,273.3536706651485,269.44959095181696,Down,1632
2026-04-02 20:30:00,264.4,265.2,263.6,264.6,265.81695302518017,267.7913219578346,273.2665694645003,269.44959095181696,Down,1534
2026-04-02 20:40:00,264.7,264.8,263.7,263.7,265.6245027501638,267.63087795948815,273.1713797185849,269.44959095181696,Down,1072
2026-04-02 20:50:00,263.8,264.5,262.8,264.4,265.51318431833073,267.5041768630376,273.0841023084497,269.44959095181696,Down,2532
2026-04-02 21:00:00,264.4,264.8,263.4,264.2,265.3938039257552,267.37460129978126,272.995703280505,269.44959095181696,Down,1325
2026-04-02 21:10:00,264.1,265.1,264.0,264.8,265.33982175068655,267.2736365429271,272.9141539941318,269.44959095181696,Down,1165
2026-04-02 21:20:00,264.8,265.8,264.7,265.6,265.36347431880597,267.20800373732214,272.8413763424489,269.44959095181696,Down,1674
2026-04-02 21:30:00,265.6,266.2,265.2,265.3,265.35770392618724,267.1331800613487,272.76633777187726,269.44959095181696,Down,2142
2026-04-02 21:40:00,265.3,265.7,264.9,265.0,265.3251853874429,267.0495259412958,272.6890607791223,269.44959095181696,Down,1122
2026-04-02 21:50:00,265.0,265.2,264.5,265.1,265.30471398858447,266.97307394359797,272.61354773654404,269.44959095181696,Down,1122
2026-04-02 22:00:00,265.1,265.7,264.6,265.6,265.3315581714404,266.91922790659413,272.5437611919018,269.44959095181696,Down,520
2026-04-02 22:10:00,265.5,265.7,264.6,265.0,265.3014165194913,266.8439640671198,272.4686988914849,269.44959095181696,Down,947
2026-04-02 22:20:00,265.0,265.1,264.3,265.0,265.2740150177193,266.7716517507622,272.39438347962937,269.44959095181696,Down,839
2026-04-02 22:30:00,265.0,265.3,264.5,265.1,265.2581954706539,266.7060967801441,272.32180254948383,269.44959095181696,Down,540
2026-04-02 22:40:00,265.1,265.2,264.4,264.6,265.1983595187763,266.6235047495502,272.2449686932701,269.44959095181696,Down,803
2026-04-02 22:50:00,264.7,264.9,264.3,264.6,265.1439631988875,266.5441516221169,272.16889935303857,269.14381051999743,Down,602
2026-04-02 23:00:00,264.6,264.7,263.4,263.6,265.00360290807953,266.42869469575936,272.0836366729088,268.65346410908853,Down,1399
2026-04-02 23:10:00,263.6,264.3,263.6,263.9,264.90327537098136,266.32953019788647,272.00220745228285,268.3895128264442,Down,655
2026-04-02 23:20:00,263.9,264.4,263.8,264.2,264.8393412463467,266.2460192097341,271.92457354728504,268.35410256949467,Down,1030
2026-04-02 23:30:00,264.2,264.3,263.9,264.0,264.7630374966788,266.1579400250386,271.8457220692026,268.11282051772247,Down,1426
2026-04-06 09:00:00,265.7,268.9,265.7,267.0,264.96639772425345,266.19096198484107,271.79750592921056,268.11282051772247,Down,859
2026-04-06 09:10:00,267.1,267.2,265.6,265.7,265.0330888402304,266.17170857367086,271.7368342284224,268.11282051772247,Down,2050
2026-04-06 09:20:00,265.7,265.9,265.4,265.8,265.1028080365731,266.15713176686023,271.67776125102523,268.11282051772247,Down,772
2026-04-06 09:30:00,265.8,266.3,265.6,265.8,265.16618912415737,266.14312659953237,271.6192760644479,268.11282051772247,Down,599
2026-04-06 09:40:00,265.7,265.8,264.0,264.5,265.1056264765067,266.0786902622958,271.54843749664246,268.11282051772247,Down,1356
2026-04-06 09:50:00,264.5,264.8,264.1,264.7,265.0687513422788,266.0246239774999,271.4802938399595,268.11282051772247,Down,502
2026-04-06 10:00:00,264.7,264.7,263.9,264.5,265.0170466747989,265.96483480191165,271.4108381798604,268.11282051772247,Down,559
2026-04-06 10:10:00,264.6,264.9,264.2,264.9,265.00640606799897,265.92307657438573,271.3460537203593,268.11282051772247,Down,325
2026-04-06 10:20:00,264.9,265.0,264.3,264.6,264.96946006181724,265.8711912185275,271.27892880771896,268.11282051772247,Down,269
2026-04-06 10:30:00,264.6,264.6,263.6,263.8,264.8631455107429,265.7899680334872,271.20451160565216,268.11282051772247,Down,533
2026-04-06 10:40:00,263.8,263.9,263.1,263.3,264.7210413734026,265.6923222282524,271.1258597488795,267.80494733350764,Down,810
2026-04-06 10:50:00,263.3,263.5,262.8,263.3,264.59185579400236,265.5985056702817,271.04799049764694,267.31813393955235,Down,629
2026-04-06 11:00:00,263.3,263.4,262.9,263.4,264.4835052672749,265.5122897616432,270.9718910897102,267.1210308541385,Down,443
2026-04-06 11:10:00,263.4,263.7,263.2,263.4,264.38500478843173,265.42945486902977,270.8965488898126,267.1210308541385,Down,309
2026-04-06 11:20:00,263.4,263.9,263.3,263.4,264.2954588985743,265.3498684035776,270.82195636354584,267.1210308541385,Down,318
2026-04-06 11:30:00,263.4,264.0,263.2,264.0,264.26859899870385,265.29693238775104,270.7540762007245,267.1210308541385,Down,537
2026-04-06 11:40:00,264.0,264.8,263.9,264.6,264.298726362458,265.2696017058785,270.69284161166263,267.1210308541385,Down,693
2026-04-06 11:50:00,264.5,264.7,264.1,264.5,264.31702396587093,265.2394212468244,270.6312212971187,267.1210308541385,Down,316
2026-04-06 12:00:00,264.5,264.6,263.6,263.7,264.26093087806447,265.1790517861646,270.562253921028,267.1210308541385,Down,211
2026-04-06 12:10:00,263.7,263.9,263.2,263.7,264.2099371618768,265.12104975533464,270.49397278748546,267.0358912738737,Down,437
2026-04-06 12:20:00,263.7,264.2,261.6,261.8,263.99085196534253,264.9908125100274,270.40746559557016,267.01444661261246,Down,1275
2026-04-06 12:30:00,261.7,262.9,261.5,262.6,263.8644108775841,264.897055156693,270.32977937073866,266.4494969205568,Down,1128
2026-04-06 12:40:00,262.6,262.9,262.2,262.9,263.77673716144005,264.81873926819526,270.255851217796,266.4494969205568,Down,483
2026-04-06 12:50:00,262.9,263.4,262.7,262.9,263.6970337831273,264.74349459101114,270.18265866836526,266.4494969205568,Down,495
2026-04-06 13:00:00,262.9,263.8,262.8,262.9,263.62457616647936,264.67120068548127,270.1101944030084,266.4494969205568,Down,362
2026-04-06 13:10:00,262.9,263.1,262.3,262.3,263.5041601513449,264.57821242330556,270.03248102586406,266.4494969205568,Down,481
2026-04-06 13:20:00,262.3,262.4,261.8,262.0,263.3674183194044,264.47710605376415,269.9525558415271,265.88687553666654,Down,867
2026-04-06 13:30:00,262.0,262.2,261.1,261.9,263.234016654004,264.3760430712636,269.87243090778054,265.4926141242422,Down,1137
2026-04-06 13:40:00,261.9,263.3,261.9,263.2,263.2309242309127,264.32992373513565,269.80603856043945,265.4926141242422,Down,774
2026-04-06 13:50:00,263.2,263.3,262.8,262.8,263.1917493008297,264.2699267259147,269.7363267339674,265.4926141242422,Down,516
2026-04-06 14:00:00,262.8,264.0,262.5,263.8,263.2470448189361,264.2514982268592,269.67725880626625,265.4926141242422,Down,793
2026-04-06 14:10:00,263.8,264.6,263.7,264.1,263.3245861990328,264.24555711992355,269.6217636937661,265.4926141242422,Down,1025
2026-04-06 14:20:00,264.1,265.3,264.0,265.3,263.504169271848,264.286907821103,269.5787610699476,265.4926141242422,Down,962
2026-04-06 14:30:00,265.3,265.6,264.5,264.7,263.61288115622546,264.3031075143931,269.5302161836795,265.4926141242422,Down,683
2026-04-06 14:40:00,264.7,265.7,264.6,265.7,263.8026192329322,264.3578876118679,269.4921045798618,261.005110336825,Up,539
2026-04-06 14:50:00,265.7,266.8,265.3,266.7,264.06601748448384,264.44973515650054,269.4643224447388,261.7364639425682,Up,1041
2026-04-06 15:00:00,266.8,267.2,266.3,266.3,264.2691068040762,264.52229456212797,269.4328366492688,262.5013308568802,Up,1458
2026-04-06 15:10:00,266.3,266.7,266.2,266.3,264.45373345825107,264.5920085008681,269.40166414529597,262.5013308568802,Up,671
2026-04-06 15:20:00,266.3,266.7,266.3,266.6,264.64884859841004,264.67075326553993,269.3737868901189,262.6779593858514,Up,517
2026-04-06 15:30:00,266.6,268.3,266.3,268.3,264.98077145310003,264.81307666689133,269.36310244345106,263.0981448962286,Up,2603
2026-04-06 15:40:00,268.2,268.6,266.8,266.9,265.1552467755455,264.89491679760147,269.3385939614267,263.22558626929873,Up,2775
2026-04-06 15:50:00,266.9,268.2,266.9,267.9,265.4047697959505,265.01276319769556,269.3242795936513,263.22558626929873,Up,1852
2026-04-06 16:00:00,267.9,268.1,267.5,267.8,265.6225179963186,265.1220666017075,269.30911263252045,263.454203528346,Up,989
2026-04-06 16:10:00,267.8,268.0,267.5,267.8,265.8204709057442,265.227083597719,269.2940965864257,263.61745775304183,Up,899
2026-04-06 16:20:00,267.9,269.5,267.8,268.9,266.10042809613105,265.3711195350634,269.2901752273568,264.2749615936744,Up,3140
2026-04-06 16:30:00,268.9,269.0,268.2,268.3,266.300389178301,265.48597759251186,269.2803227375324,264.33178326697674,Up,1013
2026-04-06 16:40:00,268.4,268.6,267.7,267.8,266.43671743481906,265.5767235692761,269.26559315805446,264.33178326697674,Up,1364
2026-04-06 16:50:00,267.8,268.0,267.1,267.4,266.5242885771082,265.6482246057751,269.24703004205395,264.33178326697674,Up,1324
2026-04-06 17:00:00,267.3,268.5,266.0,266.5,266.52208052464385,265.6816275624114,269.2196964097947,264.33178326697674,Up,2286
2026-04-06 17:10:00,266.5,267.4,266.3,266.7,266.53825502240346,265.72156373643446,269.19462480372715,264.33178326697674,Up,1433
2026-04-06 17:20:00,266.7,267.2,265.5,265.6,266.45295911127585,265.7167965310841,269.1588573927448,264.33178326697674,Up,2553
2026-04-06 17:30:00,265.6,266.6,265.5,266.5,266.4572355557053,265.74751039261025,269.13240110027965,264.33178326697674,Up,1489
2026-04-06 17:40:00,266.5,267.4,265.9,266.2,266.4338505051866,265.7652550830961,269.10322297987886,264.33178326697674,Up,1608
2026-04-06 17:50:00,266.3,267.3,266.2,267.2,266.5035004592606,265.8215195896414,269.0842854377905,264.33178326697674,Up,1179
2026-04-06 18:00:00,267.2,268.5,267.2,268.5,266.6850004175096,265.9265580371065,269.0784716523399,264.33178326697674,Up,2503
2026-04-06 18:10:00,268.4,268.7,267.6,268.1,266.81363674319056,266.01179105525915,269.0687356159982,264.33178326697674,Up,1402
2026-04-06 18:20:00,268.1,268.1,266.6,267.3,266.8578515847187,266.0623090530921,269.05113625663506,264.33178326697674,Up,1941
2026-04-06 18:30:00,267.1,268.8,266.8,268.8,267.03441053156246,266.16966948238263,269.0486373884099,264.33178326697674,Up,2139
2026-04-06 18:40:00,268.7,269.9,268.6,269.6,267.26764593778404,266.3041922477794,269.0541235835501,264.33178326697674,Up,4618
2026-04-06 18:50:00,269.6,270.2,268.9,269.4,267.4614963070764,266.4255964733567,269.0575651399327,264.33178326697674,Up,2679
2026-04-06 19:00:00,269.4,269.5,268.7,268.9,267.59226937006946,266.52263190577406,269.0559973275951,264.33178326697674,Up,1437
2026-04-06 19:10:00,268.9,269.6,268.4,268.7,267.6929721546086,266.6080188898614,269.052455065629,264.33178326697674,Up,2282
2026-04-06 19:20:00,268.7,268.7,267.3,268.0,267.7208837769169,266.66260638437666,269.04198287592124,264.33178326697674,Up,3431
2026-04-06 19:30:00,268.0,268.2,267.6,267.8,267.72807616083355,266.7072100555776,269.02962483735485,264.33178326697674,Up,958
2026-04-06 19:40:00,267.8,268.4,266.2,266.3,267.5982510553032,266.6912410337903,269.002464391212,264.33178326697674,Up,1988
2026-04-06 19:50:00,266.4,266.6,264.3,264.7,267.33477368663927,266.6131531501122,268.9596538002547,264.33178326697674,Up,5173
2026-04-06 20:00:00,264.7,264.9,263.9,264.2,267.04979426058117,266.5185196932451,268.91229406094874,269.8159531392706,Down,2706
2026-04-06 20:10:00,264.2,265.6,263.9,264.9,266.85435841871015,266.45504833272565,268.8723707369592,269.8159531392706,Down,2795
2026-04-06 20:20:00,264.9,265.8,264.5,265.2,266.7039621988274,266.40583075105013,268.8358297346014,269.8159531392706,Down,1732
2026-04-06 20:30:00,265.1,265.8,264.9,265.7,266.6126929080249,266.3781511137541,268.804627448685,269.8159531392706,Down,1303
2026-04-06 20:40:00,265.7,267.0,265.4,266.3,266.58426628002263,266.3750863641951,268.77970578252894,269.8159531392706,Down,2896
2026-04-06 20:50:00,266.2,267.3,265.7,267.1,266.63115116365697,266.403514349913,268.76299229215556,269.8159531392706,Down,2219
2026-04-06 21:00:00,267.1,267.2,266.5,266.5,266.61922833059725,266.4072981008968,268.7404749559152,269.8159531392706,Down,1093
2026-04-06 21:10:00,266.6,266.9,266.1,266.7,266.6265712096338,266.418776606744,268.72017172252305,269.8159531392706,Down,1389
2026-04-06 21:20:00,266.7,266.8,265.3,265.4,266.51506473603075,266.37882458295013,268.6871351879706,269.8159531392706,Down,1466
2026-04-06 21:30:00,265.4,265.6,264.8,265.4,266.4136952145734,266.3404393051874,268.654427375155,269.8159531392706,Down,1722
2026-04-06 21:40:00,265.4,265.5,265.0,265.2,266.30335928597583,266.29571619518003,268.62005496346194,269.8159531392706,Down,866
2026-04-06 21:50:00,265.2,265.5,265.1,265.2,266.20305389634166,266.25274693262395,268.58602456581553,269.73445809391256,Down,427
2026-04-06 22:00:00,265.2,266.0,265.1,265.4,266.1300489966742,266.2193058764426,268.55432282884226,269.73445809391256,Down,1052
2026-04-06 22:10:00,265.4,266.0,265.3,265.8,266.1000445424311,266.202862508739,268.52691663154036,269.73445809391256,Down,665
2026-04-06 22:20:00,265.8,265.9,265.4,265.6,266.0545859476646,266.1792208417296,268.4977930829678,269.6653704687547,Down,883
2026-04-06 22:30:00,265.6,266.9,265.2,266.8,266.12235086151327,266.2035651224461,268.4808996194557,269.6653704687547,Down,2184
2026-04-06 22:40:00,266.8,267.2,266.2,266.7,266.1748644195575,266.22303315685997,268.4631792252323,269.6653704687547,Down,1965
2026-04-06 22:50:00,266.7,267.4,266.3,266.8,266.23169492687043,266.2456593075713,268.4466301782151,269.6653704687547,Down,1753
2026-04-06 23:00:00,266.8,266.8,266.1,266.5,266.2560862971549,266.2556334523725,268.4272607237055,269.6653704687547,Down,796
2026-04-06 23:10:00,266.5,266.8,265.8,266.7,266.29644208832264,266.27305959149516,268.4100740498378,269.6653704687547,Down,996
2026-04-06 23:20:00,266.5,266.9,265.1,265.2,266.19676553483873,266.2309788232012,268.37813301451604,269.6653704687547,Down,2152
2026-04-06 23:30:00,265.2,266.0,265.1,265.7,266.1516050316716,266.21015612425214,268.3514849248194,269.6653704687547,Down,1783
2026-04-07 09:00:00,264.7,264.8,262.5,263.7,265.9287318469742,266.11171862918343,268.3052014927316,268.7432237870539,Down,2565
2026-04-07 09:10:00,263.7,264.8,263.5,264.5,265.79884713361287,266.0485139770586,268.26733879131143,268.7432237870539,Down,3686
2026-04-07 09:20:00,264.5,264.6,264.1,264.2,265.6534973941935,265.9760232328602,268.2268677585621,268.7432237870539,Down,1154
2026-04-07 09:30:00,264.2,264.5,263.8,264.1,265.51227035835774,265.90245369431665,268.1858043977804,268.7432237870539,Down,2268
2026-04-07 09:40:00,264.1,264.9,263.9,264.3,265.40206396214336,265.8396123729709,268.1471396774044,268.7432237870539,Down,1990
2026-04-07 09:50:00,264.3,264.6,264.1,264.3,265.3018763292212,265.77923541716814,268.10885968061433,268.694737870025,Down,634
2026-04-07 10:00:00,264.3,264.4,264.0,264.0,265.18352393565567,265.70946147923996,268.0679755046878,268.29521624547726,Down,472
2026-04-07 10:10:00,264.0,265.3,264.0,265.0,265.16683994150515,265.68163946044626,268.0374483852382,268.29521624547726,Down,1229
2026-04-07 10:20:00,265.0,265.1,264.6,264.9,265.14258176500465,265.6509869325856,268.00622999334524,268.29521624547726,Down,323
2026-04-07 10:30:00,264.9,265.7,264.8,265.5,265.17507433182243,265.6450658764058,267.9812923814712,268.29521624547726,Down,1049
2026-04-07 10:40:00,265.5,266.0,265.2,265.9,265.2409766652931,265.65506329301735,267.96058300454115,268.29521624547726,Down,721
2026-04-07 10:50:00,265.9,265.9,265.3,265.4,265.25543333208464,265.6450608109383,267.935104566685,268.29521624547726,Down,600
2026-04-07 11:00:00,265.3,266.0,265.3,266.0,265.323121210986,265.658979994823,267.9158497948772,268.29521624547726,Down,454
2026-04-07 11:10:00,266.0,266.0,265.3,265.3,265.32101928271453,265.6449023479672,267.8898214387093,268.29521624547726,Down,299
2026-04-07 11:20:00,265.3,265.7,265.2,265.2,265.3100175297405,265.6274551970665,267.8630570462843,268.29521624547726,Down,296
2026-04-07 11:30:00,265.2,265.2,264.8,264.9,265.272743208855,265.5989275422796,267.83357389159494,268.2773491051448,Down,433
2026-04-07 11:40:00,264.8,265.9,264.7,265.7,265.3115847353227,265.6028911680726,267.8123443006338,268.2773491051448,Down,655
2026-04-07 11:50:00,265.7,266.3,265.5,266.2,265.3923497593843,265.6263072006972,267.79630107376187,268.2773491051448,Down,453
2026-04-07 12:00:00,266.3,267.0,265.4,265.4,265.39304523580387,265.617432408513,267.7724572819832,268.2773491051448,Down,813
2026-04-07 12:10:00,265.6,265.8,265.4,265.5,265.4027683961853,265.6128272160223,267.7498457667396,268.2773491051448,Down,174
2026-04-07 12:20:00,265.5,265.6,264.9,264.9,265.35706217835025,265.58487320755086,267.72148909244373,268.2773491051448,Down,349
2026-04-07 12:30:00,264.9,265.2,264.3,264.4,265.27005652577293,265.53840759156844,267.68843944973287,268.1856371048724,Down,745
2026-04-07 12:40:00,264.4,265.0,264.4,264.9,265.2364150234299,265.5133719997422,267.6606937835664,268.04148827715676,Down,410
2026-04-07 12:50:00,264.9,265.1,264.7,264.9,265.20583183948173,265.4893181958308,267.6332241936802,268.04148827715676,Down,347
2026-04-07 13:00:00,264.9,264.9,264.5,264.6,265.15075621771064,265.4544429724649,267.6030428584197,267.7392465100469,Down,253
2026-04-07 13:10:00,264.6,264.7,264.2,264.3,265.0734147433733,265.4091706990349,267.570176760326,267.3947695545881,Down,618
2026-04-07 13:20:00,264.5,264.7,264.2,264.4,265.0121952212485,265.36959537750414,267.53863271295955,267.3088814132619,Down,569
2026-04-07 13:30:00,264.4,264.5,264.1,264.1,264.9292683829532,265.3198073234844,267.50441746208435,267.0444376484199,Down,239
2026-04-07 13:40:00,264.1,264.1,262.8,263.7,264.8175167117756,265.2562854676615,267.4665625619641,266.41767058947266,Down,1960
2026-04-07 13:50:00,263.8,263.8,263.1,263.1,264.66137882888694,265.1717252532434,267.42311417826295,266.40242780861155,Down,767
2026-04-07 14:00:00,263.1,263.2,262.1,262.7,264.48307166262447,265.0747948511554,267.3761180172852,265.73402528055584,Down,1582
2026-04-07 14:10:00,262.7,263.0,262.2,262.8,264.3300651478404,264.9855872099336,267.3305845046754,265.694568436869,Down,1050
2026-04-07 14:20:00,262.8,262.8,262.0,262.7,264.1818774071276,264.89595633895584,267.2845090369672,265.50415312442635,Down,816
2026-04-07 14:30:00,262.7,262.7,260.6,261.1,263.90170673375235,264.7470953060556,267.22297163361435,265.2355937494785,Down,2483
2026-04-07 14:40:00,261.1,261.4,260.6,261.2,263.65609703068395,264.60799352934754,267.1630415676083,264.55053977225316,Down,1123
2026-04-07 14:50:00,261.2,261.4,260.7,261.0,263.41463366425813,264.4665035870202,267.1017177709156,264.53230888386645,Down,1132
2026-04-07 15:00:00,261.0,261.3,260.9,261.2,263.2133033311437,264.3384054071371,267.04299421100603,264.4111898944241,Down,680
2026-04-07 15:10:00,261.2,261.8,261.0,261.3,263.0393666646761,264.219252253916,266.98584999000104,264.4111898944241,Down,854
2026-04-07 15:20:00,261.3,262.2,261.0,262.1,262.9539696951601,264.1361443223899,266.937234567215,264.4111898944241,Down,1319
2026-04-07 15:30:00,262.1,262.3,261.8,261.9,262.8581542683273,264.04845238817853,266.8871128302278,264.4111898944241,Down,1299
2026-04-07 15:40:00,262.0,263.5,261.7,263.1,262.8801402439339,264.01125817687745,266.84943011549916,264.4111898944241,Down,3038
2026-04-07 15:50:00,263.1,264.1,262.8,264.0,262.98194567630355,264.010816679745,266.8210775770365,264.4111898944241,Down,2478
2026-04-07 16:00:00,263.9,265.5,263.7,264.8,263.14722334209415,264.0417650452452,266.80096735238936,260.4903988660712,Up,4286
2026-04-07 16:10:00,264.8,265.0,263.9,264.5,263.2702030382674,264.0597350434709,266.7780721548532,260.4903988660712,Up,2164
2026-04-07 16:20:00,264.5,265.1,264.1,265.1,263.43654821660675,264.1005297476485,266.76137491948157,260.4903988660712,Up,1744
2026-04-07 16:30:00,265.1,265.6,264.6,265.1,263.58777110600613,264.1397246595054,266.7448438257554,260.9876024538476,Up,1774
2026-04-07 16:40:00,265.1,265.7,264.8,265.6,263.7707010054601,264.19699035913266,266.7334523449021,261.1841840489524,Up,1666
2026-04-07 16:50:00,265.6,266.9,265.4,266.7,264.03700091405466,264.295147599951,266.7331194857489,261.90834913541124,Up,3320
2026-04-07 17:00:00,266.7,268.0,266.3,267.7,264.37000083095876,264.42867122348235,266.7427401873832,262.6757719412829,Up,3821
2026-04-07 17:10:00,267.6,268.8,267.6,267.8,264.6818189372352,264.56088019511054,266.75326018551874,263.69615631025727,Up,4269
2026-04-07 17:20:00,267.8,268.5,267.5,268.0,264.9834717611229,264.69574763843957,266.76566555680716,263.69615631025727,Up,2842
2026-04-07 17:30:00,268.0,268.5,267.7,268.0,265.2577016010208,264.82532616242236,266.7779474915653,263.7563275291382,Up,2055
2026-04-07 17:40:00,268.0,268.4,267.2,267.8,265.48881963729167,264.9419800384058,266.7881171682662,263.7563275291382,Up,3167
2026-04-07 17:50:00,267.8,267.9,265.9,266.2,265.55347239753786,264.9913141545468,266.78226525614417,263.7563275291382,Up,3141
2026-04-07 18:00:00,266.4,266.8,266.1,266.4,265.6304294523071,265.0465567367214,266.7784616217547,263.7563275291382,Up,1675
2026-04-07 18:10:00,266.4,267.6,266.0,267.4,265.79129950209733,265.13884862939904,266.78464608322975,263.7563275291382,Up,2044
2026-04-07 18:20:00,267.4,268.4,267.2,268.0,265.9920904564521,265.25105064393244,266.79673915702847,263.7563275291382,Up,2360
2026-04-07 18:30:00,267.9,269.2,267.4,268.7,266.2382640513201,265.3863035598567,266.815677075864,263.7563275291382,Up,4469
2026-04-07 18:40:00,268.8,270.4,268.3,270.4,266.61660368301824,265.582919106529,266.8513419805818,264.09281879557494,Up,3913
2026-04-07 18:50:00,270.5,271.0,269.6,270.5,266.96963971183476,265.77574580823375,266.88764703550146,265.01165345052266,Up,5931
2026-04-07 19:00:00,270.4,270.7,269.5,269.6,267.20876337439523,265.92571656085204,266.9146356222129,265.01165345052266,Up,4192
2026-04-07 19:10:00,269.7,270.0,269.2,269.8,267.4443303403593,266.0776492447402,266.94334571552423,265.01165345052266,Up,1684
2026-04-07 19:20:00,269.7,270.5,269.6,270.1,267.6857548548721,266.23538849004456,266.97475521089217,265.1244203234581,Up,2150
2026-04-07 19:30:00,270.3,270.9,270.0,270.6,267.95068623170187,266.40654972572906,267.010827298346,265.64492756678004,Up,1678
2026-04-07 19:40:00,270.6,271.6,270.5,271.2,268.24607839245624,266.59452816785733,267.0525106088102,266.28175233343643,Up,2687
2026-04-07 19:50:00,271.2,271.3,270.9,270.9,268.487343993142,266.7633702004904,267.0907940853395,266.6197748485786,Up,1700
2026-04-07 20:00:00,270.9,271.0,268.4,269.5,268.5794036301291,266.8706890161574,267.1147662834953,266.6197748485786,Up,3306
2026-04-07 20:10:00,269.5,269.7,268.2,269.4,268.6540033001173,266.9698776821905,267.13750492744066,266.6197748485786,Up,2954
2026-04-07 20:20:00,269.4,269.5,268.3,268.8,268.6672757273794,267.0416471848497,267.15404716696867,266.6197748485786,Up,1151
2026-04-07 20:30:00,268.8,270.5,268.7,270.4,268.8247961157994,267.17334729524777,267.1863452051083,266.6197748485786,Up,1248
2026-04-07 20:40:00,270.3,272.0,270.1,270.9,269.0134510143631,267.3194905385714,267.2232969941122,266.6197748485786,Up,4462
2026-04-07 20:50:00,270.9,271.2,269.2,269.9,269.09404637669377,267.42068698803917,267.24993085486733,266.6197748485786,Up,2671
2026-04-07 21:00:00,269.9,270.1,269.0,269.6,269.1400421606307,267.50615024341016,267.27331462745576,266.6197748485786,Up,1841
2026-04-07 21:10:00,269.6,270.5,269.6,270.0,269.2182201460279,267.60394827308033,267.3004458251925,266.6197748485786,Up,1606
2026-04-07 21:20:00,269.9,270.0,269.4,269.4,269.23474558729805,267.674381674136,267.32133691150904,266.6197748485786,Up,796
2026-04-07 21:30:00,269.5,269.8,268.2,269.5,269.2588596248164,267.74597454966005,267.3430151511955,266.6197748485786,Up,1685
2026-04-07 21:40:00,269.5,269.7,268.4,269.5,269.28078147710585,267.81475986143806,267.3644776870045,266.6197748485786,Up,1366
2026-04-07 21:50:00,269.6,270.5,269.1,270.1,269.355255888278,267.9043771217738,267.39169681449704,266.6197748485786,Up,1065
2026-04-07 22:00:00,270.1,270.3,269.3,269.5,269.3684144438891,267.96695056797876,267.4126749556463,266.6197748485786,Up,1150
2026-04-07 22:10:00,269.5,270.2,269.2,270.1,269.43492222171733,268.05059956531295,267.4394145083265,266.6197748485786,Up,1122
2026-04-07 22:20:00,270.1,270.3,269.6,270.2,269.5044747470157,268.134889778438,267.46688302068145,266.6197748485786,Up,810
2026-04-07 22:30:00,270.2,270.8,270.0,270.5,269.5949770427415,268.22763919889144,267.4970632891324,266.6197748485786,Up,1522
2026-04-07 22:40:00,270.4,270.6,269.8,270.3,269.65907003885593,268.30890824991536,267.5249532066535,266.6197748485786,Up,932
2026-04-07 22:50:00,270.3,270.8,270.1,270.6,269.74460912623266,268.3987549852128,267.5555506871843,266.6197748485786,Up,808
2026-04-07 23:00:00,270.8,270.9,270.1,270.3,269.7950992056661,268.4733136132437,267.5828586405456,266.6197748485786,Up,1064
2026-04-07 23:10:00,270.3,270.4,269.6,270.3,269.84099927787827,268.5449483735087,267.60989487297803,266.6197748485786,Up,1939
2026-04-07 23:20:00,270.3,270.3,269.7,269.9,269.84636297988936,268.59808765297896,267.6326819886698,266.6197748485786,Up,1431
2026-04-07 23:30:00,269.9,270.2,269.7,270.2,269.8785117998994,268.660907745019,267.6582274415188,266.6197748485786,Up,1490
2026-04-08 09:00:00,270.0,270.0,253.8,257.7,268.7713743635449,268.2310682256065,267.5591406013047,271.3618864938016,Down,2375
2026-04-08 09:10:00,257.9,258.6,257.3,258.3,267.81943123958627,267.84161456970037,267.46700984905294,267.0244422670924,Down,6019
2026-04-08 09:20:00,258.3,258.4,258.0,258.2,266.944937490533,267.4635120375553,267.37480079582855,266.59494751553854,Down,2235
2026-04-08 09:30:00,258.2,258.2,257.6,257.6,266.09539771866633,267.0767076439257,267.27753909636755,265.74995228685316,Down,1902
2026-04-08 09:40:00,257.7,258.0,257.6,257.7,265.3321797442421,266.70899361867373,267.1822401998863,265.08177480623016,Down,1319
2026-04-08 09:50:00,257.7,257.9,257.6,257.8,264.6474361311292,266.35962131990226,267.0888845760068,264.478886187482,Down,663
2026-04-08 10:00:00,257.8,258.1,257.4,257.5,263.99766921011746,266.01218518971,266.99347278918094,264.1217147158927,Down,920
2026-04-08 10:10:00,257.4,257.7,257.0,257.6,263.4160629182886,265.68229557442726,266.9000053982438,263.3970133780843,Down,1419
2026-04-08 10:20:00,257.6,258.3,257.6,258.1,262.93278447117143,265.3849506499399,266.81244315547525,263.3970133780843,Down,794
2026-04-08 10:30:00,258.1,258.2,257.7,257.8,262.46616770106493,265.08750160484425,266.722767104177,263.3607548579209,Down,768
2026-04-08 10:40:00,257.8,258.2,257.7,258.1,262.06924336460446,264.81348193406603,266.63696842652354,263.0506862344735,Down,724
2026-04-08 10:50:00,258.1,258.3,257.9,258.1,261.70840305873134,264.5502081327301,266.5520234670556,262.8824420313396,Down,307
2026-04-08 11:00:00,258.1,258.1,257.5,257.5,261.325820962483,264.273729382427,266.4619535818113,262.3658563921269,Down,607
2026-04-08 11:10:00,257.5,258.0,257.4,257.8,261.00529178407544,264.01985764193967,266.3757649889575,262.068960356479,Down,555
2026-04-08 11:20:00,257.8,257.8,256.7,256.8,260.6229925309777,263.73672596970675,266.28048374528623,261.62178214225366,Down,1369
2026-04-08 11:30:00,256.8,257.4,256.5,256.9,260.28453866452514,263.46861906893395,266.187145598567,261.2516201293215,Down,1281
2026-04-08 11:40:00,256.9,257.2,256.4,256.6,259.94958060411375,263.1992614583875,266.09175111499917,261.0014728448377,Down,906
2026-04-08 11:50:00,256.6,256.6,255.3,255.4,259.53598236737616,262.89340806786254,265.98536553176535,260.2422480407616,Down,1485
2026-04-08 12:00:00,255.3,255.6,254.6,254.8,259.1054385157965,262.57601951618165,265.8740683622951,259.365680037056,Down,1428
2026-04-08 12:10:00,254.8,255.0,254.6,254.9,258.72312592345133,262.27499914299807,265.7648736522225,258.82334548823275,Down,741
2026-04-08 12:20:00,254.9,255.0,254.1,254.4,258.33011447586483,261.96617564719423,265.65179033229987,258.534859534757,Down,1486
2026-04-08 12:30:00,254.4,255.4,254.3,255.2,258.0455586144226,261.70083542573565,265.54779241854567,258.534859534757,Down,1514
2026-04-08 12:40:00,255.2,255.8,255.1,255.6,257.8232351040205,261.4615869776676,265.4488094094059,258.534859534757,Down,790
2026-04-08 12:50:00,255.6,255.7,255.2,255.6,257.6211228218368,261.23172082168065,265.3508113058297,258.534859534757,Down,448
2026-04-08 13:00:00,255.6,255.7,254.9,255.0,257.38283892894253,260.9873396129873,265.2478181585081,258.534859534757,Down,1569
2026-04-08 13:10:00,255.0,255.3,254.9,255.3,257.1934899354023,260.76430668698777,265.14883489324933,258.534859534757,Down,344
2026-04-08 13:20:00,255.3,255.6,255.1,255.4,257.03044539582027,260.5539417188706,265.0518315609782,258.534859534757,Down,625
2026-04-08 13:30:00,255.4,255.6,255.0,255.6,256.90040490529117,260.3596694946012,264.9577834857446,258.534859534757,Down,458
2026-04-08 13:40:00,255.6,255.7,255.0,255.6,256.7821862775374,260.17301578893057,264.8646712122546,258.534859534757,Down,592
2026-04-08 13:50:00,255.6,255.8,255.2,255.2,256.6383511613976,259.9779955619137,264.76850532954563,258.534859534757,Down,421
2026-04-08 14:00:00,255.2,256.1,255.2,255.9,256.57122832854327,259.81807416732886,264.6802614954208,258.534859534757,Down,652
2026-04-08 14:10:00,255.9,255.9,255.1,255.3,256.4556621168575,259.6408947882179,264.58692556014296,258.534859534757,Down,854
2026-04-08 14:20:00,255.3,255.7,254.9,254.9,256.3142382880523,259.4549773455427,264.49053824113656,258.4972277760208,Down,786
2026-04-08 14:30:00,254.9,255.3,254.9,255.2,256.21294389822935,259.28811548885477,264.3980950745581,258.15202525092803,Down,548
2026-04-08 14:40:00,255.2,255.4,255.0,255.0,256.10267627111756,259.11995409713495,264.3045816907317,258.12002295538906,Down,338
2026-04-08 14:50:00,255.0,255.2,254.8,255.2,256.020614791925,258.9662304070512,264.21398883808763,257.8000208685355,Down,302
2026-04-08 15:00:00,255.2,255.3,254.9,255.1,255.93692253811366,258.81461352834333,264.12330238198723,257.79092806230506,Down,218
2026-04-08 15:10:00,255.1,255.2,254.8,254.9,255.8426568528306,258.66109927232986,264.03152822893264,257.59175278391365,Down,409
2026-04-08 15:20:00,254.9,255.6,254.9,255.4,255.80241532075507,258.5332130263561,263.94564237590845,257.59175278391365,Down,702
2026-04-08 15:30:00,255.3,255.7,255.3,255.6,255.78401392795917,258.41818506453825,263.86260115823774,257.59175278391365,Down,1050
2026-04-08 15:40:00,255.6,255.6,255.3,255.5,255.75819447996287,258.3037464345564,263.7793911964642,257.59175278391365,Down,850
2026-04-08 15:50:00,255.7,256.2,255.6,256.0,255.78017679996626,258.2134034371228,263.7019843188874,257.59175278391365,Down,980
2026-04-08 16:00:00,256.1,256.1,255.5,255.6,255.76379709087843,258.11091702782386,263.6213675594955,257.59175278391365,Down,763
2026-04-08 16:10:00,255.6,255.8,255.3,255.7,255.75799735534403,258.01637126202684,263.54254798178914,257.59175278391365,Down,1048
2026-04-08 16:20:00,255.7,257.6,255.7,257.4,255.90727032304002,257.9921998399866,263.48142810137335,257.59175278391365,Down,1964
2026-04-08 16:30:00,257.4,257.5,256.9,257.0,256.00660938458185,257.9532900423401,263.41693627946916,257.59175278391365,Down,1714
2026-04-08 16:40:00,257.0,257.1,256.3,256.4,256.04237216780166,257.89237670734633,263.3471160179819,257.59175278391365,Down,1240
2026-04-08 16:50:00,256.5,256.6,256.1,256.4,256.0748837889106,257.8338521305877,263.2779904854646,257.59175278391365,Down,1606
2026-04-08 17:00:00,256.4,256.6,255.9,256.0,256.0680761717369,257.7619363607607,263.2055726696888,257.59175278391365,Down,1084
2026-04-08 17:10:00,256.0,257.1,256.0,256.9,256.1437056106699,257.7281349348485,263.142830653075,257.59175278391365,Down,1265
2026-04-08 17:20:00,256.9,257.5,256.3,257.1,256.2306414642453,257.70350219230545,263.08270298488526,257.59175278391365,Down,1654
2026-04-08 17:30:00,257.1,258.3,256.8,257.5,256.3460376947685,257.69552171417587,263.0271537014536,257.59175278391365,Down,2400
2026-04-08 17:40:00,257.5,259.6,257.0,259.4,256.6236706316077,257.7623639998945,262.99106261984707,254.37613880998302,Up,2998
2026-04-08 17:50:00,259.6,260.5,258.0,259.9,256.921518756007,257.84619286264376,262.96030577785854,254.70224546585638,Up,4237
2026-04-08 18:00:00,259.8,260.9,259.4,259.9,257.1922897781882,257.9267343190107,262.92985497409876,255.4702231507785,Up,3864
2026-04-08 18:10:00,259.8,260.8,259.4,259.7,257.4202634347165,257.9962741496377,262.89771711365995,255.4702231507785,Up,2790
2026-04-08 18:20:00,259.7,259.8,258.3,258.8,257.54569403156046,258.0277928104362,262.85694380904647,255.4702231507785,Up,2205
2026-04-08 18:30:00,258.8,259.3,258.1,258.5,257.63244911960044,258.0463107394387,262.8135911343296,255.4702231507785,Up,1658
2026-04-08 18:40:00,258.5,258.5,257.4,257.9,257.65677192690947,258.0405730633823,262.7646996802567,255.4702231507785,Up,1862
2026-04-08 18:50:00,257.8,258.1,256.2,257.7,257.66070175173587,258.0272172569751,262.7143046585626,255.4702231507785,Up,3246
2026-04-08 19:00:00,257.6,257.7,255.7,256.6,257.5642743197599,257.97124795278006,262.6534658062386,255.4702231507785,Up,2737
2026-04-08 19:10:00,256.6,257.6,256.2,256.9,257.50388574523623,257.9292382291416,262.59621739025613,255.4702231507785,Up,1869
2026-04-08 19:20:00,257.0,257.1,255.8,256.0,257.36716885930565,257.8535818279988,262.530583386373,255.4702231507785,Up,1957
2026-04-08 19:30:00,256.0,256.6,256.0,256.2,257.26106259936876,257.7887354818028,262.4675925069066,255.4702231507785,Up,1052
2026-04-08 19:40:00,256.2,257.7,256.1,256.5,257.19187509033526,257.7381968354576,262.40821347698716,255.4702231507785,Up,1693
2026-04-08 19:50:00,256.5,257.4,256.2,257.1,257.1835228093957,257.7131695085769,262.35539543244005,255.4702231507785,Up,1204
2026-04-08 20:00:00,257.1,258.9,257.0,258.3,257.28502073581427,257.7361824690249,262.31504323908246,255.4702231507785,Up,3000
2026-04-08 20:10:00,258.3,258.8,257.8,258.6,257.4045643052857,257.77005766631805,262.2780776347135,255.4702231507785,Up,2130
2026-04-08 20:20:00,258.8,259.1,258.1,258.2,257.4768766411688,257.78691814999183,262.23749974780094,255.4702231507785,Up,1804
2026-04-08 20:30:00,258.2,259.6,258.1,258.4,257.5607969465171,257.81096057548234,262.19931567070836,255.4702231507785,Up,2426
2026-04-08 20:40:00,258.5,258.6,257.6,258.0,257.6007244968337,257.81837388624774,262.1575314351789,255.4702231507785,Up,1531
2026-04-08 20:50:00,258.0,258.0,257.4,257.4,257.5824768153034,257.80196706717925,262.11019281393334,255.4702231507785,Up,950
2026-04-08 21:00:00,257.4,258.2,257.3,257.8,257.6022516502758,257.8018899272899,262.06730532324747,255.4702231507785,Up,994
2026-04-08 21:10:00,257.9,258.5,257.8,258.1,257.6475015002507,257.81358051837657,262.0278296483893,255.4702231507785,Up,813
2026-04-08 21:20:00,258.1,258.3,257.2,257.4,257.62500136386427,257.7973616745187,261.98178159218645,255.4702231507785,Up,859
2026-04-08 21:30:00,257.4,257.7,257.2,257.4,257.604546694422,257.7817788637533,261.93619172559755,255.4702231507785,Up,561
2026-04-08 21:40:00,257.4,257.4,256.4,256.7,257.52231517674727,257.739356163214,261.88409031539265,255.4702231507785,Up,1806
2026-04-08 21:50:00,256.8,257.1,256.6,257.0,257.4748319788611,257.7103618038723,261.8354924018067,255.4702231507785,Up,818
2026-04-08 22:00:00,257.0,257.1,256.1,256.3,257.3680290716919,257.6550534978381,261.7804128754205,255.4702231507785,Up,1251
2026-04-08 22:10:00,256.3,256.6,255.7,255.7,257.21639006517444,257.578384733217,261.71991125476956,255.4702231507785,Up,1589
2026-04-08 22:20:00,255.7,255.8,255.2,255.6,257.06944551379496,257.50080101818884,261.65901661541864,255.4702231507785,Up,1451
2026-04-08 22:30:00,255.6,255.7,255.0,255.1,256.8904050125409,257.40665195865205,261.59375276849903,259.13827148136266,Down,1037
2026-04-08 22:40:00,255.1,255.1,254.3,254.5,256.6730954659463,257.29266560733237,261.5231681638374,258.43479225578426,Down,2734
2026-04-08 22:50:00,254.5,254.6,253.7,254.3,256.4573595144966,257.1753061717507,261.4512958437992,257.8725384143493,Down,3033
2026-04-08 23:00:00,254.3,255.8,254.1,255.2,256.3430541040878,257.09784318462323,261.3890938951047,257.8725384143493,Down,2637
2026-04-08 23:10:00,255.2,255.3,254.5,254.7,256.1936855491707,257.00381011855956,261.3225357468947,257.8725384143493,Down,1585
2026-04-08 23:20:00,254.7,254.8,254.1,254.4,256.03062322651886,256.90169991783176,261.2536547941893,257.8725384143493,Down,1785
2026-04-08 23:30:00,254.4,254.9,254.2,254.6,255.90056656956259,256.81143717595603,261.18744927384915,257.8725384143493,Down,1818
2026-04-09 09:00:00,257.3,257.3,256.0,256.4,255.94596960869325,256.79530238474206,261.13981296266655,257.8725384143493,Down,609
2026-04-09 09:10:00,256.4,256.5,255.6,256.0,255.9508814624484,256.76411405592864,261.08867054512757,257.8725384143493,Down,2985
2026-04-09 09:20:00,256.0,256.4,255.4,255.7,255.92807405677127,256.7223840929511,261.03505193273827,257.8725384143493,Down,1432
2026-04-09 09:30:00,255.7,255.9,255.5,255.6,255.89824914251935,256.67836903048243,260.98097181400453,257.8725384143493,Down,552
2026-04-09 09:40:00,255.6,255.6,254.8,254.8,255.79840831138122,256.6047074998753,260.9194696069,257.8725384143493,Down,1444
2026-04-09 09:50:00,254.8,255.2,254.7,255.1,255.7349166467102,256.5456993626253,260.8615644366821,257.8725384143493,Down,745
2026-04-09 10:00:00,255.1,255.3,254.8,255.2,255.68628786064562,256.4929268386008,260.80523046218775,257.8725384143493,Down,523
2026-04-09 10:10:00,255.3,255.8,255.2,255.5,255.6693526005869,256.4539885312047,260.7524420993799,257.8725384143493,Down,506
2026-04-09 10:20:00,255.5,255.6,255.3,255.4,255.64486600053354,256.412655647628,260.69918396903785,257.8725384143493,Down,259
2026-04-09 10:30:00,255.4,255.5,255.1,255.4,255.62260545503048,256.3729436614465,260.646455770341,257.8725384143493,Down,176
2026-04-09 10:40:00,255.4,255.8,255.2,255.5,255.61145950457316,256.3387105766839,260.5952472552132,257.8725384143493,Down,720
2026-04-09 10:50:00,255.5,255.5,255.1,255.2,255.5740540950665,256.2940552599512,260.54156320292253,257.8725384143493,Down,502
2026-04-09 11:00:00,255.2,255.8,255.1,255.6,255.5764128136968,256.2668374066198,260.4923934198089,257.8725384143493,Down,328
2026-04-09 11:10:00,255.6,256.2,255.5,256.1,255.62401164881527,256.26029476322293,260.44868801264664,257.8725384143493,Down,700
2026-04-09 11:20:00,256.2,256.4,255.9,256.2,255.6763742261957,256.2579302627044,260.40641251003325,257.8725384143493,Down,439
2026-04-09 11:30:00,256.2,256.3,255.9,256.0,255.70579475108698,256.2478153504415,260.3625676094359,257.8725384143493,Down,357
2026-04-09 11:40:00,256.0,256.4,256.0,256.0,255.73254068280636,256.2380971014046,260.31915897650623,257.8725384143493,Down,422
2026-04-09 11:50:00,256.0,256.1,255.4,255.5,255.71140062073303,256.2091521170358,260.2712071458942,257.8725384143493,Down,552
2026-04-09 12:00:00,255.5,256.0,255.3,255.9,255.7285460188482,256.19702850460305,260.2277125474276,257.8725384143493,Down,287
2026-04-09 12:10:00,255.9,256.1,255.8,255.8,255.73504183531654,256.1814587593245,260.1836557061597,257.8725384143493,Down,273
2026-04-09 12:20:00,255.7,256.3,255.7,256.2,255.77731075937865,256.182185866802,260.1440173409243,257.8725384143493,Down,264
2026-04-09 12:30:00,256.2,256.3,255.4,255.5,255.7521006903442,256.1554334798686,260.0978082131539,257.8725384143493,Down,603
2026-04-09 12:40:00,255.5,256.1,255.4,255.9,255.7655460821311,256.14541648065807,260.0560389772021,257.8725384143493,Down,230
2026-04-09 12:50:00,255.9,256.3,255.9,256.3,255.81413280193738,256.1514785794558,260.0186654550409,257.8725384143493,Down,323
2026-04-09 13:00:00,256.3,256.4,256.1,256.2,255.84921163812487,256.15338138026146,259.98066878384645,257.8725384143493,Down,302
2026-04-09 13:10:00,256.2,256.3,256.0,256.2,255.8811014892044,256.1552095614277,259.94305018898234,257.8725384143493,Down,229
2026-04-09 13:20:00,256.2,256.7,256.2,256.7,255.95554680836764,256.1765738923521,259.9107810328731,257.8725384143493,Down,482
2026-04-09 13:30:00,256.7,256.8,256.4,256.5,256.0050425530615,256.1892572691226,259.87684291314304,257.8725384143493,Down,289
2026-04-09 13:40:00,256.5,257.2,256.5,257.1,256.1045841391468,256.2249726703335,259.84921263540036,257.8725384143493,Down,883
2026-04-09 13:50:00,257.1,257.2,256.7,256.7,256.1587128537698,256.24360119306556,259.8178771862919,257.8725384143493,Down,500
2026-04-09 14:00:00,256.7,256.9,256.5,256.7,256.20792077615437,256.26149918549436,259.786853532697,257.8725384143493,Down,473
2026-04-09 14:10:00,256.7,256.8,256.3,256.6,256.2435643419585,256.2747737272397,259.75514354729705,257.8725384143493,Down,286
2026-04-09 14:20:00,256.6,256.6,255.9,256.2,256.239603947235,256.27184142421066,259.7197689846374,257.8725384143493,Down,724
2026-04-09 14:30:00,256.2,256.4,255.9,256.4,256.2541854065773,256.2768672507122,259.6867364574271,257.8725384143493,Down,350
2026-04-09 14:40:00,256.4,256.5,256.2,256.4,256.2674412787066,256.2816959859784,259.65403261207956,257.8725384143493,Down,220
2026-04-09 14:50:00,256.4,256.4,255.9,255.9,256.2340375260969,256.26672751594003,259.6166790537504,257.8725384143493,Down,297
2026-04-09 15:00:00,255.9,256.2,255.7,256.0,256.21276138736084,256.25626761335417,259.58069219749416,257.8725384143493,Down,415
2026-04-09 15:10:00,256.0,256.6,255.8,256.2,256.21160126123715,256.25406104028144,259.5470534691609,257.8725384143493,Down,520
2026-04-09 15:20:00,256.2,256.6,256.1,256.6,256.2469102374883,256.2676272739959,259.51772955404493,257.8725384143493,Down,430
2026-04-09 15:30:00,256.6,256.9,256.5,256.8,256.29719112498935,256.2885046358,259.49068746893005,257.8725384143493,Down,813
2026-04-09 15:40:00,256.9,257.1,256.6,256.9,256.3519919318085,256.31248484616077,259.4649094841646,257.8725384143493,Down,1366
2026-04-09 15:50:00,256.9,257.1,256.6,256.7,256.3836290289168,256.32768151886035,259.4373979470088,257.8725384143493,Down,778
2026-04-09 16:00:00,256.8,256.8,256.3,256.8,256.4214809353789,256.3462038122384,259.4111551813669,257.8725384143493,Down,957
2026-04-09 16:10:00,256.8,257.2,256.7,257.0,256.47407357761716,256.3718428784251,259.3871635875225,257.8725384143493,Down,983
2026-04-09 16:20:00,257.0,257.8,256.7,256.9,256.51279416147014,256.39255492240846,259.36241569112923,257.8725384143493,Down,1932
2026-04-09 16:30:00,256.8,257.7,256.5,257.1,256.5661765104274,256.4202978666277,259.3399040922126,257.8725384143493,Down,1598
2026-04-09 16:40:00,257.2,257.5,256.6,256.6,256.56925137311583,256.4273450091129,259.3126413649269,257.8725384143493,Down,1597
2026-04-09 16:50:00,256.7,257.1,256.6,256.6,256.57204670283255,256.4341157930693,259.2856499085595,257.8725384143493,Down,538
2026-04-09 17:00:00,256.7,257.1,256.3,256.7,256.58367882075686,256.4445426247136,259.25992204877286,257.8725384143493,Down,1273
2026-04-09 17:10:00,256.7,257.3,256.1,256.3,256.5578898370517,256.4388742864896,259.23047008808857,257.8725384143493,Down,1642
2026-04-09 17:20:00,256.4,256.6,255.2,255.5,256.4617180336833,256.4020556870194,259.19335098273444,257.8725384143493,Down,2916
2026-04-09 17:30:00,255.5,256.3,255.5,256.0,256.4197436669848,256.3862887973324,259.1615763460903,257.8725384143493,Down,1303
2026-04-09 17:40:00,256.0,256.4,255.8,256.3,256.40885787907706,256.3829049229272,259.1331029496118,257.8725384143493,Down,1093
2026-04-09 17:50:00,256.3,256.4,254.5,254.6,256.2444162537064,256.3129870828124,259.08799744762564,257.8725384143493,Down,3365
2026-04-09 18:00:00,254.6,255.3,254.6,254.8,256.11310568518763,256.2536542560355,259.04533080635576,257.8725384143493,Down,1842
2026-04-09 18:10:00,254.9,256.0,254.9,255.7,256.0755506228978,256.23194232442626,259.0120439326607,257.8725384143493,Down,1512
2026-04-09 18:20:00,255.7,256.0,255.0,255.4,256.01413692990707,256.19931713523306,258.9761031970123,257.8725384143493,Down,1270
2026-04-09 18:30:00,255.4,255.8,254.7,254.9,255.91285175446097,256.14836352208664,258.9355449562461,257.8725384143493,Down,1921
2026-04-09 18:40:00,254.9,255.6,254.2,255.6,255.8844106858736,256.12685907024013,258.90235545419387,257.8725384143493,Down,2443
2026-04-09 18:50:00,255.6,257.1,255.5,256.8,255.9676460780669,256.15325675376016,258.8814364944506,257.8725384143493,Down,4018
2026-04-09 19:00:00,256.9,257.1,255.7,255.8,255.95240552551536,256.13940354773035,258.85077543480435,257.8725384143493,Down,2501
2026-04-09 19:10:00,255.8,256.2,255.3,255.5,255.91127775046849,256.1143288987997,258.8174343857018,257.8725384143493,Down,1927
2026-04-09 19:20:00,255.5,255.5,254.8,255.1,255.83752522769862,256.07455129492524,258.7804449888291,257.8725384143493,Down,2680
2026-04-09 19:30:00,255.1,255.6,254.9,255.2,255.7795683888169,256.0402551657125,258.7448186705323,257.8725384143493,Down,1340
2026-04-09 19:40:00,255.2,255.2,253.9,254.1,255.6268803534699,255.96416672784142,258.698601569333,257.8725384143493,Down,3668
2026-04-09 19:50:00,254.1,255.0,253.9,254.7,255.54261850315444,255.91459156204374,258.6588144890411,257.8725384143493,Down,1436
2026-04-09 20:00:00,254.7,255.1,254.2,254.8,255.4751077301404,255.87088208902244,258.62041832497107,257.8725384143493,Down,1797
2026-04-09 20:10:00,254.8,255.8,254.7,255.1,255.44100702740036,255.8406514188647,258.58538928691166,257.8725384143493,Down,2842
2026-04-09 20:20:00,255.1,255.1,254.3,254.9,255.39182457036398,255.80376312792885,258.5487187467434,257.8725384143493,Down,909
2026-04-09 20:30:00,254.9,255.2,254.4,254.4,255.30165870033088,255.74871359350027,258.50743796319375,257.8725384143493,Down,946
2026-04-09 20:40:00,254.4,254.9,254.2,254.4,255.21968972757352,255.6958228643434,258.46656793370926,257.8725384143493,Down,1346
2026-04-09 20:50:00,254.4,254.6,253.3,253.6,255.07244520688502,255.61363373240837,258.4181443721798,257.8725384143493,Down,2844
2026-04-09 21:00:00,253.5,253.8,253.0,253.3,254.91131382444092,255.52290299780412,258.3672175625064,257.2619804355817,Down,1716
2026-04-09 21:10:00,253.2,253.3,249.7,250.5,254.5102852949463,255.32592640965493,258.2889367907402,256.3199822141652,Down,7352
2026-04-09 21:20:00,250.5,251.1,249.8,250.3,254.1275320863148,255.12883125633513,258.2094448823746,255.30452928560467,Down,2747
2026-04-09 21:30:00,250.4,250.9,249.8,250.3,253.77957462392254,254.93946532471415,258.1307439382714,255.16320844145883,Down,1649
2026-04-09 21:40:00,250.3,250.4,249.3,250.0,253.43597693083865,254.74576080217636,258.0498410135125,254.62564403768985,Down,2242
2026-04-09 21:50:00,250.0,251.2,249.7,251.0,253.21452448258057,254.59886822169886,257.97969334173627,254.62564403768985,Down,2072
2026-04-09 22:00:00,251.0,251.5,250.8,250.8,252.99502225689145,254.44989299731853,257.9082536069926,254.62564403768985,Down,1497
2026-04-09 22:10:00,250.8,251.0,250.2,250.4,252.75911114262857,254.29107366409036,257.8335446158783,254.62564403768985,Down,936
2026-04-09 22:20:00,250.3,251.0,250.3,250.7,252.5719192205714,254.15024724589077,257.7625640724367,254.62564403768985,Down,665
2026-04-09 22:30:00,250.7,251.0,250.4,250.8,252.41083565506491,254.0188650009539,257.69328482793486,254.62564403768985,Down,1057
2026-04-09 22:40:00,250.8,251.9,250.7,251.2,252.30075968642265,253.9083212754263,257.62867502865197,254.62564403768985,Down,1375
2026-04-09 22:50:00,251.2,251.4,250.8,251.0,252.18250880583875,253.7942694607037,257.5627180631928,254.62564403768985,Down,1164
2026-04-09 23:00:00,251.0,251.4,250.6,251.3,252.10228073258068,253.69645497204866,257.500402460574,254.62564403768985,Down,751
2026-04-09 23:10:00,251.4,251.5,250.4,250.5,251.95661884780063,253.5711037966742,257.43074671469765,254.62564403768985,Down,1091
2026-04-09 23:20:00,250.5,250.9,250.4,250.9,251.86056258890966,253.46635462817719,257.36576416032256,254.51757194232115,Down,1665
2026-04-09 23:30:00,250.9,251.0,250.2,250.2,251.70960235355423,253.3382622898173,257.29446302439896,254.40688358392833,Down,2812
2026-04-10 09:00:00,251.5,252.3,251.1,251.1,251.65418395777658,253.25048729805977,257.232826576395,254.40688358392833,Down,408
2026-04-10 09:10:00,251.4,251.5,250.6,251.1,251.6038035979787,253.16615446284175,257.17180342638113,254.40688358392833,Down,1160
2026-04-10 09:20:00,251.1,251.1,250.5,250.7,251.52163963452608,253.0694425231225,257.1074073723873,254.40688358392833,Down,833
2026-04-10 09:30:00,250.7,251.0,250.3,250.4,251.41967239502372,252.96475850260788,257.0406670005228,254.40688358392833,Down,453
2026-04-10 09:40:00,250.4,250.5,249.9,250.2,251.3087930863852,252.85633660054484,256.9726006622091,253.96113627604194,Down,979
2026-04-10 09:50:00,250.2,250.2,249.8,249.8,251.17163007853202,252.73648026326856,256.9012315013911,253.5646693418563,Down,431
2026-04-10 10:00:00,249.9,250.3,249.8,250.2,251.08330007139273,252.63701044902274,256.8345525809793,253.47242667441483,Down,298
2026-04-10 10:10:00,250.2,250.2,249.8,249.9,250.97572733762973,252.52967670592383,256.76555205778544,253.2567515221953,Down,263
2026-04-10 10:20:00,249.9,250.4,249.9,250.4,250.9233884887543,252.4461599723582,256.70221323133984,253.2567515221953,Down,192
2026-04-10 10:30:00,250.3,250.4,250.1,250.3,250.86671680795845,252.3619968361873,256.63850961709767,253.21591034892174,Down,156
2026-04-10 10:40:00,250.3,250.7,250.3,250.5,250.83337891632587,252.28897735241526,256.5774299194151,253.21591034892174,Down,292
2026-04-10 10:50:00,250.5,251.1,250.5,250.8,250.83034446938717,252.2305860836931,256.51994305454537,253.21591034892174,Down,322
2026-04-10 11:00:00,250.8,251.2,250.8,251.2,250.8639495176247,252.19017094315612,256.46700829778376,253.21591034892174,Down,305
2026-04-10 11:10:00,251.2,251.3,250.9,250.9,250.86722683420425,252.13957600420883,256.4116151803929,253.21591034892174,Down,152
2026-04-10 11:20:00,250.9,251.1,250.2,250.3,250.81566075836747,252.06743576874968,256.3508030890457,253.21591034892174,Down,574
2026-04-10 11:30:00,250.3,250.3,249.2,250.1,250.75060068942497,251.99028142487714,256.2886060433836,252.5905291993455,Down,1195
2026-04-10 11:40:00,250.1,251.0,250.1,250.5,250.72781880856814,251.93183901605843,256.23100797330017,252.5905291993455,Down,366
2026-04-10 11:50:00,250.5,250.9,250.4,250.9,250.74347164415286,251.8913747409189,256.17796311784446,252.5905291993455,Down,163
2026-04-10 12:00:00,250.9,251.0,250.5,250.8,250.74861058559353,251.84857573147113,256.12445104702016,252.5905291993455,Down,246
2026-04-10 12:10:00,250.8,251.0,250.6,250.9,250.76237325963046,251.81137668317817,256.0724664594876,252.5905291993455,Down,524
2026-04-10 12:20:00,250.9,251.0,250.7,250.9,250.77488478148223,251.77563642109277,256.0209991315325,252.5905291993455,Down,314
2026-04-10 12:30:00,250.9,251.2,250.8,251.1,250.80444071043837,251.74914087516757,255.97203396604465,252.5905291993455,Down,443
2026-04-10 12:40:00,251.1,251.9,251.0,251.8,250.89494610039853,251.7511353506512,255.9305211902631,252.5905291993455,Down,999
2026-04-10 12:50:00,251.7,252.5,251.7,252.5,251.04086009127138,251.78050259180213,255.89638665105653,252.5905291993455,Down,1210
2026-04-10 13:00:00,252.5,252.6,251.8,252.1,251.13714553751942,251.79303190192755,255.85861165950374,252.5905291993455,Down,668
2026-04-10 13:10:00,252.1,252.3,251.9,252.0,251.21558685229036,251.80114829793038,255.82021751363803,252.5905291993455,Down,385
2026-04-10 13:20:00,252.0,252.2,251.4,251.5,251.24144259299123,251.78933856075665,255.77723027469636,252.5905291993455,Down,376
2026-04-10 13:30:00,251.5,251.6,251.2,251.3,251.24676599362837,251.770148813276,255.73268071972427,252.5905291993455,Down,257
2026-04-10 13:40:00,251.3,251.6,251.0,251.2,251.24251453966215,251.74779003628478,255.6875794190305,252.5905291993455,Down,300
2026-04-10 13:50:00,251.2,251.6,251.2,251.3,251.24774049060196,251.73022964270498,255.6439219123735,252.5905291993455,Down,203
2026-04-10 14:00:00,251.2,251.3,250.6,250.9,251.21612771872904,251.69767161750087,255.5967187092653,252.5905291993455,Down,684
2026-04-10 14:10:00,250.9,251.0,250.5,250.8,251.17829792611732,251.66246880897145,255.54899016489452,252.5905291993455,Down,338
2026-04-10 14:20:00,250.8,251.2,250.8,251.1,251.17117993283392,251.64041120861964,255.50472160603988,252.5905291993455,Down,205
2026-04-10 14:30:00,251.1,251.3,250.8,250.9,251.1465272116672,251.6113754749483,255.45890348060666,252.5905291993455,Down,328
2026-04-10 14:40:00,250.9,251.0,250.6,251.0,251.13320655606108,251.58739996612678,255.41453628179465,252.5905291993455,Down,153
2026-04-10 14:50:00,251.0,251.1,250.0,250.4,251.06655141460095,251.5408352615728,255.36464039839373,252.5905291993455,Down,770
2026-04-10 15:00:00,250.3,251.0,250.1,250.8,251.04231946781906,251.51178289837387,255.31922109094702,252.5905291993455,Down,412
2026-04-10 15:10:00,250.8,251.0,250.3,250.5,250.99301769801733,251.47210513765333,255.27126864228092,252.5905291993455,Down,299
2026-04-10 15:20:00,250.5,251.0,250.4,251.0,250.99365245274302,251.45359121068654,255.2287684567856,252.5905291993455,Down,459
2026-04-10 15:30:00,251.0,251.1,250.6,250.8,250.97604768431185,251.4279601828165,255.1847011089569,252.5905291993455,Down,765
2026-04-10 15:40:00,250.8,251.2,250.7,251.0,250.97822516755622,251.41117743054917,255.14306229195233,252.5905291993455,Down,484
2026-04-10 15:50:00,251.0,251.0,250.6,250.9,250.97111378868746,251.39113125680217,255.1008427666593,252.5905291993455,Down,399
2026-04-10 16:00:00,250.9,251.0,250.6,250.6,250.93737617153405,251.36010650163345,255.05605826151842,252.5905291993455,Down,428
2026-04-10 16:10:00,250.6,250.8,250.1,250.3,250.87943288321276,251.31853369764784,255.00873429871726,252.5905291993455,Down,892
2026-04-10 16:20:00,250.3,250.6,250.0,250.1,250.80857534837523,251.27074806244596,254.95989117136685,252.5905291993455,Down,695
2026-04-10 16:30:00,250.1,250.3,249.6,249.9,250.725977589432,251.21699323646772,254.90954399553235,252.34970107833755,Down,1026
2026-04-10 16:40:00,250.0,251.0,249.9,250.7,250.72361599039272,251.19671899190038,254.86765798562658,252.34970107833755,Down,906
2026-04-10 16:50:00,250.7,250.8,250.4,250.7,250.7214690821752,251.17723981574744,254.8261887519388,252.34970107833755,Down,411
2026-04-10 17:00:00,250.6,250.9,250.1,250.6,250.71042643834107,251.15460296022792,254.78413712256628,252.34970107833755,Down,546
2026-04-10 17:10:00,250.7,250.9,249.6,249.6,250.60947858031005,251.0936381382582,254.73255366861042,252.34970107833755,Down,1642
2026-04-10 17:20:00,249.5,250.1,249.3,249.9,250.5449805275546,251.046828799503,254.68446855747996,252.34970107833755,Down,1346
2026-04-10 17:30:00,249.9,250.0,248.0,248.4,250.3499822977769,250.9430315916794,254.62193653203244,252.30326817893234,Down,3615
2026-04-10 17:40:00,248.4,248.5,247.0,247.3,250.07271117979718,250.80016760769195,254.54908144216148,251.29842561721122,Down,3348
2026-04-10 17:50:00,247.2,248.6,247.1,248.3,249.9115556179974,250.70212181915502,254.4869015273141,251.29842561721122,Down,2336
2026-04-10 18:00:00,248.3,250.2,248.3,250.0,249.91959601636125,250.67458763016856,254.44225574097268,251.29842561721122,Down,3461
2026-04-10 18:10:00,250.0,251.1,249.4,250.9,250.0087236512375,250.68342733094627,254.40700941519188,251.29842561721122,Down,2937
2026-04-10 18:20:00,250.9,251.5,250.0,250.2,250.0261124102159,250.66446939639937,254.36514862499098,251.29842561721122,Down,3942
2026-04-10 18:30:00,250.2,251.4,249.6,251.2,250.13282946383262,250.68547059654057,254.33365460882192,251.29842561721122,Down,2092
2026-04-10 18:40:00,251.1,251.4,250.1,250.2,250.13893587621146,250.66643253393113,254.29252371719187,251.29842561721122,Down,1506
2026-04-10 18:50:00,250.2,250.7,250.0,250.2,250.14448716019223,250.64814106201226,254.2518020881651,251.29842561721122,Down,616
2026-04-10 19:00:00,250.2,250.2,249.4,249.8,250.1131701456293,250.61488062820786,254.20750554997443,251.29842561721122,Down,1975
2026-04-10 19:10:00,249.8,250.2,249.0,249.1,250.02106376875392,250.55547354474874,254.1566845992284,251.29842561721122,Down,2639
2026-04-10 19:20:00,249.1,249.3,248.5,249.2,249.94642160795811,250.5023177194645,254.10736435446,251.29842561721122,Down,1478
2026-04-10 19:30:00,249.1,249.2,248.0,249.1,249.86947418905282,250.4473248677208,254.0575398335201,251.29842561721122,Down,1627
2026-04-10 19:40:00,249.1,249.5,248.7,249.2,249.80861289913892,250.39841016702587,254.00920610383335,251.29842561721122,Down,1233
2026-04-10 19:50:00,249.2,249.3,248.8,249.1,249.74419354467176,250.34749212126016,253.96035828190466,251.29842561721122,Down,573
2026-04-10 20:00:00,249.1,249.1,248.2,248.4,249.62199413151978,250.27111988121075,253.90503133382603,251.29842561721122,Down,1334
2026-04-10 20:10:00,248.4,250.5,248.0,250.4,249.69272193774526,250.27617400351622,253.87015540015614,251.29842561721122,Down,2561
2026-04-10 20:20:00,250.4,251.7,249.9,250.7,249.7842926706775,250.29279463082932,253.83861156532873,251.29842561721122,Down,4495
2026-04-10 20:30:00,250.7,250.9,250.1,250.3,249.83117515516136,250.2930771943262,253.8034015000021,251.29842561721122,Down,1327
2026-04-10 20:40:00,250.4,250.6,249.8,249.8,249.8283410501467,250.2737408337644,253.76356665920608,251.29842561721122,Down,1162
2026-04-10 20:50:00,250.0,250.0,249.7,249.8,249.82576459104246,250.2551627618521,253.72412818498515,251.29842561721122,Down,784
2026-04-10 21:00:00,249.7,250.4,249.3,249.8,249.82342235549314,250.23731324177947,253.68508213339328,251.29842561721122,Down,1404
2026-04-10 21:10:00,250.0,250.5,249.7,250.4,249.87583850499374,250.24369311465088,253.6523947489814,251.29842561721122,Down,861
2026-04-10 21:20:00,250.4,250.4,249.6,249.8,249.86894409544885,250.2262933846646,253.6140624629219,251.29842561721122,Down,965
2026-04-10 21:30:00,249.8,249.8,249.2,249.6,249.84449463222623,250.20173285977577,253.57412154289284,251.29842561721122,Down,1199
2026-04-10 21:40:00,249.5,250.8,249.3,250.4,249.89499512020564,250.20950804174535,253.5425382439586,251.29842561721122,Down,1942
2026-04-10 21:50:00,250.4,250.7,249.8,250.7,249.9681773820051,250.22874302050045,253.51425428133217,251.29842561721122,Down,962
2026-04-10 22:00:00,250.8,251.0,250.1,250.3,249.9983430745501,250.23153741185337,253.4822716516672,251.29842561721122,Down,1229
2026-04-10 22:10:00,250.3,250.4,249.8,250.1,250.00758461322735,250.22637908197677,253.448617207372,251.29842561721122,Down,806
2026-04-10 22:20:00,250.1,250.5,249.8,250.5,250.0523496483885,250.2371093140561,253.4192777326718,251.29842561721122,Down,606
2026-04-10 22:30:00,250.5,250.5,249.3,249.4,249.99304513489867,250.2042814978186,253.3792849194114,251.29842561721122,Down,1075
2026-04-10 22:40:00,249.4,249.8,249.2,249.3,249.93004103172603,250.1688194782963,253.33869501971577,251.29842561721122,Down,1317
2026-04-10 22:50:00,249.3,249.6,249.2,249.6,249.9000373015691,250.1465128320886,253.30149407424597,251.29842561721122,Down,765
2026-04-10 23:00:00,249.5,249.6,248.7,248.9,249.8091248196083,250.09762997592827,253.2576981133082,251.29842561721122,Down,1379
2026-04-10 23:10:00,248.9,249.0,248.4,248.8,249.7173861996439,250.04674252589186,253.21334290820067,251.29842561721122,Down,956
2026-04-10 23:20:00,248.8,249.0,248.5,248.7,249.6248965451308,249.99392909350394,253.16843402354198,251.29842561721122,Down,1548
2026-04-10 23:30:00,248.7,248.9,248.6,248.8,249.54990595011893,249.94710834473906,253.12496701833263,251.29842561721122,Down,1577
2026-04-13 09:00:00,252.1,253.1,250.6,251.1,249.6908235910172,249.99231978220027,253.1048180927771,251.29842561721122,Down,959
2026-04-13 09:10:00,251.3,252.0,250.9,251.8,249.88256690092473,250.06320920250616,253.09183482817235,247.44888754697558,Up,2192
2026-04-13 09:20:00,251.8,251.9,251.3,251.5,250.02960627356794,250.1195539396628,253.07599567565325,247.44888754697558,Up,1660
2026-04-13 09:30:00,251.6,251.8,251.4,251.8,250.19055115778903,250.18545378516623,253.06329920126865,247.61899890832126,Up,610
2026-04-13 09:40:00,251.8,251.8,251.1,251.3,250.29141014344455,250.22916147986558,253.0457539355844,247.61899890832126,Up,451
2026-04-13 09:50:00,251.3,251.5,251.1,251.2,250.37400922131323,250.26723357869437,253.02738822478258,247.63305694902581,Up,328
2026-04-13 10:00:00,251.2,251.3,250.9,250.9,250.4218265648302,250.29204794815735,253.00622018274495,247.63305694902581,Up,544
2026-04-13 10:10:00,251.0,251.1,250.9,251.0,250.47438778620926,250.3198107737198,252.9862577928669,247.76450987522796,Up,168
2026-04-13 10:20:00,250.9,251.0,250.7,250.8,250.5039888965539,250.33864172377002,252.96450398398267,247.7995544320254,Up,390
2026-04-13 10:30:00,250.8,251.1,250.8,251.1,250.55817172413987,250.36849891107317,252.9459517055351,248.06777675638673,Up,636
2026-04-13 10:40:00,251.1,251.4,251.0,251.1,250.60742884012717,250.397185228286,252.92758402687306,248.43434250580611,Up,384
2026-04-13 10:50:00,251.1,251.4,251.1,251.2,250.66129894557017,250.42866816051006,252.91039413605841,248.6266750052783,Up,307
2026-04-13 11:00:00,251.2,251.2,250.8,251.0,250.69208995051832,250.45107333068614,252.89138523918223,248.6266750052783,Up,225
2026-04-13 11:10:00,251.0,251.2,250.8,250.9,250.71099086410757,250.46867829811023,252.87157046068293,248.6266750052783,Up,182
2026-04-13 11:20:00,250.9,250.9,250.2,250.8,250.71908260373417,250.4816713060275,252.8509578192831,248.6266750052783,Up,599
2026-04-13 11:30:00,250.8,251.4,250.7,251.2,250.76280236703107,250.5098410587323,252.83453037829523,248.6266750052783,Up,329
2026-04-13 11:40:00,251.2,251.5,251.1,251.4,250.82072942457367,250.54474925250753,252.82025644418283,248.8752643605307,Up,509
2026-04-13 11:50:00,251.4,251.6,251.3,251.4,250.87339038597605,250.57828849750723,252.8061245392656,249.13660396411882,Up,320
2026-04-13 12:00:00,251.4,251.4,250.7,250.8,250.8667185327055,250.58698306623245,252.78616310106395,249.13660396411882,Up,415
2026-04-13 12:10:00,250.8,251.1,250.7,250.9,250.86974412064137,250.59925824010568,252.76739530901358,249.13660396411882,Up,138
2026-04-13 12:20:00,250.9,251.0,250.3,250.6,250.8452219278558,250.599287328729,252.74582918653584,249.13660396411882,Up,448
2026-04-13 12:30:00,250.6,250.7,250.4,250.5,250.81383811623255,250.59539370799453,252.72348262746587,249.13660396411882,Up,351
2026-04-13 12:40:00,250.5,250.8,250.5,250.8,250.81258010566594,250.60341748415163,252.70434349684433,249.13660396411882,Up,173
2026-04-13 12:50:00,250.8,251.0,250.6,250.7,250.8023455506054,250.60720503379275,252.68439978045785,249.13660396411882,Up,257
2026-04-13 13:00:00,250.7,250.8,250.4,250.7,250.79304140964126,250.6108440520754,252.66465450901055,249.13660396411882,Up,461
2026-04-13 13:10:00,250.7,251.2,250.6,251.1,250.8209467360375,250.63002663826853,252.64908580742838,249.13660396411882,Up,321
2026-04-13 13:20:00,251.1,251.5,251.0,251.2,250.85540612367046,250.652378534807,252.63466704317537,249.17991622311558,Up,787
2026-04-13 13:30:00,251.2,251.5,251.1,251.4,250.90491465788222,250.6816970236381,252.62238179896468,249.27265111192327,Up,213
2026-04-13 13:40:00,251.4,251.5,251.1,251.5,250.95901332534748,250.7137873364366,252.61121382086554,249.31150101083932,Up,472
2026-04-13 13:50:00,251.5,251.5,251.1,251.3,250.99001211395225,250.73677606834104,252.59816691717535,249.346819100763,Up,369
2026-04-13 14:00:00,251.3,251.5,251.1,251.5,251.0363746490475,250.7667064186022,252.58723988317362,249.3789264552391,Up,339
2026-04-13 14:10:00,251.4,251.9,251.2,251.9,251.11488604458864,250.81114930414722,252.58040167538087,249.54902405021738,Up,739
2026-04-13 14:20:00,252.1,252.3,251.5,251.6,251.1589873132624,250.84208462555324,252.57064643482983,249.79002186383397,Up,972
2026-04-13 14:30:00,251.6,251.8,251.1,251.7,251.208170284784,250.87572836572764,252.56198328622457,249.79002186383397,Up,689
2026-04-13 14:40:00,251.7,251.9,251.6,251.9,251.27106389525818,250.91589588079714,252.5553963878542,249.79002186383397,Up,358
2026-04-13 14:50:00,251.9,252.1,251.7,251.7,251.31005808659833,250.94664506194235,252.5468849810099,249.8597459532937,Up,412
2026-04-13 15:00:00,251.7,252.0,251.6,251.9,251.36368916963485,250.98403153010148,252.5404483145322,249.8597459532937,Up,247
2026-04-13 15:10:00,251.9,251.9,251.5,251.7,251.3942628814862,251.01210872499948,252.53208564473587,249.8597459532937,Up,469
2026-04-13 15:20:00,251.7,252.2,251.7,252.2,251.467511710442,251.05869269656813,252.52878130996237,249.9828669821891,Up,937
2026-04-13 15:30:00,252.2,252.9,252.1,252.9,251.59773791858365,251.13090082611447,252.53247502827122,250.42078816562648,Up,2000
2026-04-13 15:40:00,252.9,253.3,252.8,253.2,251.74339810780333,251.21204197018844,252.53911706779093,250.9779892414786,Up,2641
2026-04-13 15:50:00,253.1,254.0,253.1,253.5,251.90308918891213,251.3017658144948,252.548678091992,251.33908112861693,Up,2498
2026-04-13 16:00:00,253.3,253.6,252.9,252.9,251.99371744446557,251.36444166490676,252.5521738323702,251.33908112861693,Up,834
2026-04-13 16:10:00,252.9,253.6,252.9,253.5,252.13065222224145,251.4481890505967,252.56160493851576,251.33908112861693,Up,672
2026-04-13 16:20:00,253.5,253.6,253.2,253.6,252.26422929294677,251.53257379371055,252.57193722768477,251.33908112861693,Up,514
2026-04-13 16:30:00,253.7,254.2,253.5,253.9,252.4129357208607,251.62541403709446,252.58515178263318,251.551523890866,Up,1696
2026-04-13 16:40:00,253.9,254.0,252.6,253.8,252.5390324735097,251.71069191799273,252.59723982459704,251.551523890866,Up,2252
2026-04-13 16:50:00,253.7,254.3,253.7,254.3,252.69912043046338,251.81223341140478,252.6141827119145,251.551523890866,Up,1273
2026-04-13 17:00:00,254.3,255.3,254.2,254.9,252.89920039133034,251.93332229723205,252.63692716254224,252.00403748374603,Up,3265
2026-04-13 17:10:00,254.9,255.3,254.7,255.2,253.10836399211848,252.06142730518374,252.66243037485526,252.28548862158732,Up,1399
2026-04-13 17:20:00,255.2,255.8,254.6,255.6,253.33487635647134,252.20019486184322,252.69165992336417,252.29589874689754,Up,2248
2026-04-13 17:30:00,255.6,255.8,255.0,255.6,253.54079668770123,252.33352055353566,252.72059863059437,252.46899886081596,Up,1434
2026-04-13 17:40:00,255.6,255.8,254.9,255.1,253.68254244336475,252.4420099435931,252.74427426611086,252.46899886081596,Up,1457
2026-04-13 17:50:00,255.1,255.3,253.9,254.5,253.75685676669522,252.5227154360012,252.76174417391078,252.46899886081596,Up,2477
2026-04-13 18:00:00,254.5,255.6,254.5,254.8,253.85168796972292,252.61202071302077,252.78202532640918,252.46899886081596,Up,2133
2026-04-13 18:10:00,254.8,255.3,254.0,254.1,253.8742617906572,252.67037284192193,252.7951395022658,252.46899886081596,Up,1288
2026-04-13 18:20:00,254.1,254.6,253.0,253.6,253.84932890059744,252.70682880890539,252.80314806443235,252.46899886081596,Up,3251
2026-04-13 18:30:00,253.6,254.5,253.5,254.4,253.89938990963404,252.77322767914438,252.8190371384181,252.46899886081596,Up,1492
2026-04-13 18:40:00,254.3,254.5,253.5,254.1,253.91762719057638,252.82525796623676,252.83178303753832,252.46899886081596,Up,1104
2026-04-13 18:50:00,254.1,254.8,253.7,254.8,253.99784290052398,252.90269883030592,252.85136728592101,252.46899886081596,Up,1138
2026-04-13 19:00:00,254.8,254.8,253.8,254.3,254.02531172774906,252.95749495460765,252.8657815417825,252.46899886081596,Up,995
2026-04-13 19:10:00,254.3,254.9,254.1,254.2,254.04119247977184,253.00622064266227,252.87905734733692,252.46899886081596,Up,1180
2026-04-13 19:20:00,254.2,254.5,250.9,251.4,253.80108407251984,252.943231597852,252.8643403588062,257.4757517109862,Down,5849
2026-04-13 19:30:00,251.5,252.0,250.8,251.7,253.6100764295635,252.89447741754407,252.85275488259919,256.17795610089655,Down,5981
2026-04-13 19:40:00,251.5,252.0,250.4,251.1,253.38188766323952,252.82410575411097,252.83531453550867,256.12541463717866,Down,2963
2026-04-13 19:50:00,251.1,251.6,250.7,251.3,253.19262514839957,252.7643369010086,252.82003777396133,255.95492239743513,Down,1473
2026-04-13 20:00:00,251.3,251.5,250.4,251.5,253.0387501349087,252.71475506175338,252.80690306974282,255.71811127039558,Down,2292
2026-04-13 20:10:00,251.5,251.9,251.1,251.7,252.9170455771897,252.6749607456062,252.79588910884988,255.71811127039558,Down,1641
2026-04-13 20:20:00,251.7,251.8,250.7,250.9,252.73367779744518,252.60535444185695,252.77702454060264,255.71811127039558,Down,1196
2026-04-13 20:30:00,250.9,251.1,249.5,250.6,252.5397070885865,252.5267130911959,252.75536260487524,255.0682278515369,Down,4183
2026-04-13 20:40:00,250.6,250.6,249.4,250.1,252.31791553507864,252.4315478719333,252.72894108641879,254.77111622866988,Down,1695
2026-04-13 20:50:00,250.2,250.2,249.4,250.0,252.10719594098057,252.33619305342614,252.70178744376787,254.428287480609,Down,1998
2026-04-13 21:00:00,250.0,250.2,249.6,250.1,251.92472358270962,252.24849920819375,252.67589901149157,254.3257158914627,Down,969
2026-04-13 21:10:00,250.1,250.4,248.5,249.0,251.6588396206451,252.12110708238222,252.63932290192452,254.164287174057,Down,2835
2026-04-13 21:20:00,249.0,249.4,248.4,249.4,251.45349056422282,252.01439700072018,252.60709083324866,253.54935197641547,Down,2083
2026-04-13 21:30:00,249.4,249.5,248.8,249.0,251.23044596747528,251.89618535363311,252.57119938217159,253.54935197641547,Down,962
2026-04-13 21:40:00,249.2,249.4,248.6,248.6,250.99131451588661,251.76692318290242,252.53168496045845,253.3647536995169,Down,1574
2026-04-13 21:50:00,248.6,248.7,247.7,248.3,250.7466495598969,251.6309654110239,252.48957864244395,252.5315942722881,Down,2112
2026-04-13 22:00:00,248.2,248.6,248.1,248.2,250.51513596354263,251.4964177478465,252.44689626789227,252.46963115662555,Down,916
2026-04-13 22:10:00,248.2,248.5,247.8,248.0,250.28648723958423,251.35930332636232,252.40264854383364,252.1496646878414,Down,1831
2026-04-13 22:20:00,248.0,249.2,247.9,248.1,250.0877156723493,251.23148750964222,252.35983612051191,252.1496646878414,Down,2454
2026-04-13 22:30:00,248.2,248.5,246.2,246.4,249.7524687930448,251.0420174112249,252.30053426856654,251.92162370895983,Down,3449
2026-04-13 22:40:00,246.4,248.1,246.3,247.9,249.58406253913162,250.91880104215724,252.25674785793404,251.92162370895983,Down,2225
2026-04-13 22:50:00,247.8,247.9,247.3,247.9,249.4309659446651,250.80041668756286,252.21339713297948,251.92162370895983,Down,597
2026-04-13 23:00:00,248.2,248.2,247.4,247.5,249.25542358605918,250.67098858216826,252.1664976590195,251.92162370895983,Down,1072
2026-04-13 23:10:00,247.5,247.7,247.3,247.6,249.10493053278105,250.55055765737737,252.12105987136758,251.70448310153665,Down,667
2026-04-13 23:20:00,247.7,247.7,247.2,247.4,248.94993684798277,250.42700637669589,252.07408415125448,251.4540755468515,Down,1394
2026-04-13 23:30:00,247.4,247.9,247.2,247.7,248.83630622543888,250.3200649501588,252.03056092586888,251.44461413350137,Down,1488
2026-04-14 17:00:00,252.1,257.0,242.5,244.8,248.4693692958535,250.10359181485848,251.9586150460095,251.44461413350137,Down,1148
2026-04-14 17:10:00,244.9,245.1,243.5,243.6,248.02669935986683,249.84854899858954,251.87544474704424,251.44461413350137,Down,3206
2026-04-14 17:20:00,243.6,244.3,243.0,243.9,247.65154487260622,249.6152725672723,251.7960870878697,251.44461413350137,Down,2639
2026-04-14 17:30:00,243.9,244.2,241.9,243.2,247.2468589750966,249.36369325090868,251.71055388301528,251.41850907281017,Down,3845
2026-04-14 17:40:00,243.2,243.3,242.1,242.5,246.81532634099688,249.09452880969658,251.61890658069674,250.74409915710015,Down,2545
2026-04-14 17:50:00,242.5,243.3,242.4,242.9,246.45938758272445,248.85160611127714,251.5321512913366,250.49009014281836,Down,1217
2026-04-14 18:00:00,242.9,243.4,242.7,243.1,246.15398871156768,248.62605293044274,251.44824928843772,250.25008194801669,Down,1342
2026-04-14 18:10:00,243.1,244.0,242.8,243.9,245.9490806468797,248.4407175214058,251.37314233034382,250.25008194801669,Down,1641
2026-04-14 18:20:00,243.9,245.4,243.6,244.9,245.85370967898155,248.30186585389967,251.3087329539225,250.25008194801669,Down,4006
2026-04-14 18:30:00,244.9,246.2,244.3,245.9,245.8579178899832,248.20767503609972,251.254914715575,250.25008194801669,Down,4382
2026-04-14 18:40:00,246.0,247.8,245.7,247.7,246.02537989998476,248.18776621115464,251.2195424298479,250.25008194801669,Down,5342
2026-04-14 18:50:00,247.6,249.2,247.6,248.0,246.20489081816794,248.18040283032505,251.18750718178973,250.25008194801669,Down,5860
2026-04-14 19:00:00,248.0,248.4,247.1,248.4,246.40444619833448,248.1890144840378,251.1597707919212,250.25008194801669,Down,3254
2026-04-14 19:10:00,248.4,248.6,246.5,246.8,246.44040563484953,248.13454332780105,251.1163899880215,250.25008194801669,Down,3301
2026-04-14 19:20:00,246.8,247.2,245.5,245.8,246.3821869407723,248.04299260906376,251.06349058515562,250.25008194801669,Down,4121
2026-04-14 19:30:00,245.8,246.0,244.6,244.7,246.22926085524753,247.91189485968872,251.00017227087548,250.25008194801669,Down,3194
2026-04-14 19:40:00,244.7,245.2,244.3,244.6,246.0811462320432,247.78201662989702,250.93648896469765,250.25008194801669,Down,2244
2026-04-14 19:50:00,244.6,245.8,244.5,245.7,246.04649657458472,247.70036891892065,250.8843845968897,250.25008194801669,Down,2145
2026-04-14 20:00:00,245.7,246.7,245.4,246.2,246.06045143144064,247.64153092210023,250.83777380488087,250.25008194801669,Down,2224
2026-04-14 20:10:00,246.2,246.2,244.9,245.9,246.0458649376733,247.5732355918218,250.78864172722035,250.25008194801669,Down,2382
2026-04-14 20:20:00,245.9,246.0,245.1,245.4,245.98714994333935,247.48801066665231,250.73502340157637,250.25008194801669,Down,1174
2026-04-14 20:30:00,245.4,245.4,244.7,245.0,245.8974090393994,247.39044162090124,250.67795849210796,250.25008194801669,Down,1483
2026-04-14 20:40:00,245.0,245.5,244.4,244.4,245.76128094490855,247.27316940047376,250.61549124343028,250.25008194801669,Down,1608
2026-04-14 20:50:00,244.4,244.7,243.2,243.3,245.53752813173503,247.1173588357493,250.54270028578424,249.5909789731927,Down,3030
2026-04-14 21:00:00,243.2,244.2,243.1,244.0,245.39775284703185,246.99510946964148,250.4775987904033,249.17816270290245,Down,2239
2026-04-14 21:10:00,244.0,244.1,242.7,243.1,245.1888662245744,246.84236007867514,250.40418984721524,248.93469336627496,Down,2890
2026-04-14 21:20:00,243.2,243.3,242.5,242.9,244.98078747688584,246.68775772264868,250.32952129152156,248.22244851479545,Down,1758
2026-04-14 21:30:00,242.9,242.9,242.2,242.6,244.7643522517144,246.5274534982311,250.25261063190445,247.6431350134504,Down,2305
2026-04-14 21:40:00,242.6,242.7,241.1,241.3,244.44941113792217,246.3224553218299,250.16352992909944,247.11194092131853,Down,3935
2026-04-14 21:50:00,241.3,241.5,240.5,241.1,244.14491921629286,246.11765315234638,250.07334555169547,246.10176447392595,Down,4155
2026-04-14 22:00:00,241.1,242.6,241.1,241.7,243.9226538329935,245.94441185225435,249.99002868053432,246.10176447392595,Down,3473
2026-04-14 22:10:00,241.7,241.9,241.3,241.3,243.6842307572668,245.76227805412674,249.90356073346433,246.10176447392595,Down,1224
2026-04-14 22:20:00,241.3,241.7,240.6,240.8,243.42202796115163,245.56767891474922,249.81297803959905,246.03216714795334,Down,1539
2026-04-14 22:30:00,240.8,242.4,240.8,241.8,243.27457087377422,245.41992680044532,249.73324691482694,246.03216714795334,Down,1805
2026-04-14 22:40:00,241.7,241.8,241.3,241.6,243.12233715797657,245.27012574944746,249.65231908482866,246.03216714795334,Down,1033
2026-04-14 22:50:00,241.6,242.1,241.3,242.0,243.02030650725143,245.14188552397894,249.57617660637266,246.03216714795334,Down,809
2026-04-14 23:00:00,242.0,244.2,242.0,243.6,243.07300591568313,245.08141942499938,249.51671216252817,246.03216714795334,Down,4570
2026-04-14 23:10:00,243.6,243.8,242.9,243.0,243.0663690142574,244.99979513382294,249.45186925543834,246.03216714795334,Down,1322
2026-04-14 23:20:00,243.0,243.7,242.6,243.7,243.12397183114308,244.94882277563383,249.3946367255335,246.03216714795334,Down,1459
2026-04-14 23:30:00,243.7,243.9,243.2,243.2,243.1308834828573,244.88024149031486,249.33299854916004,246.03216714795334,Down,2264
2026-04-15 09:00:00,243.5,244.3,243.2,243.6,243.1735304389612,244.83003594167508,249.27595378747685,246.03216714795334,Down,301
2026-04-15 09:10:00,243.8,243.8,243.0,243.2,243.175936762692,244.76611296357018,249.21549653586018,246.03216714795334,Down,1027
2026-04-15 09:20:00,243.2,243.5,243.1,243.1,243.1690334206291,244.70077520029292,249.1546458240606,246.03216714795334,Down,741
2026-04-15 09:30:00,243.1,243.2,242.6,242.7,243.1263940187537,244.62231342773242,249.09042049247793,246.03216714795334,Down,838
2026-04-15 09:40:00,242.7,243.5,242.7,243.5,243.160358198867,244.57830113644883,249.03479441792592,246.03216714795334,Down,669
2026-04-15 09:50:00,243.5,243.6,243.2,243.4,243.1821438171518,244.53209324874496,248.97872681177742,246.03216714795334,Down,284
2026-04-15 10:00:00,243.5,243.8,243.4,243.7,243.22922165195618,244.49946214095104,248.92620216688414,246.03216714795334,Down,320
2026-04-15 10:10:00,243.6,244.6,243.6,244.2,243.31747422905104,244.4877185275804,248.8791752796515,246.03216714795334,Down,937
2026-04-15 10:20:00,244.2,244.5,244.2,244.3,243.40679475368276,244.4803570166949,248.83361134652063,246.03216714795334,Down,379
2026-04-15 10:30:00,244.3,244.3,243.6,243.7,243.43344977607524,244.4497547807461,248.782530636605,246.03216714795334,Down,477
2026-04-15 10:40:00,243.8,244.3,243.6,244.2,243.50313616006838,244.4399604756188,248.73693331683782,246.03216714795334,Down,815
2026-04-15 10:50:00,244.2,244.3,244.0,244.1,243.55739650915305,244.42662869226118,248.6907946768693,246.03216714795334,Down,266
2026-04-15 11:00:00,244.1,244.7,244.1,244.4,243.63399682650277,244.42558442981957,248.64810020247262,246.03216714795334,Down,466
2026-04-15 11:10:00,244.4,244.6,244.3,244.5,243.71272438772976,244.42850268747372,248.60682557359232,246.03216714795334,Down,249
2026-04-15 11:20:00,244.5,244.5,244.1,244.2,243.7570221706634,244.41954179776886,248.56297656290982,246.03216714795334,Down,197
2026-04-15 11:30:00,244.2,244.3,244.0,244.2,243.79729288242123,244.4109323155034,248.51956386079135,246.03216714795334,Down,106
2026-04-15 11:40:00,244.1,244.3,243.8,243.8,243.7975389840193,244.38697418548367,248.4726030263556,246.03216714795334,Down,1116
2026-04-15 11:50:00,243.8,243.9,243.5,243.8,243.7977627127448,244.36395558997452,248.4261094639043,246.03216714795334,Down,1525
2026-04-15 12:00:00,243.8,243.9,243.6,243.6,243.77978428431345,244.33399654723044,248.3780884742137,246.03216714795334,Down,178
2026-04-15 12:10:00,243.5,244.1,243.5,243.7,243.77253116755767,244.30913393753514,248.3315403301917,246.03216714795334,Down,398
2026-04-15 12:20:00,243.7,243.8,243.2,243.3,243.72957378868878,244.2695600576318,248.28147525227936,245.8605922345778,Down,292
2026-04-15 12:30:00,243.3,243.9,243.3,243.7,243.72688526244434,244.2472243690972,248.23588843384874,245.8605922345778,Down,292
2026-04-15 12:40:00,243.7,244.0,243.4,243.4,243.69716842040393,244.21399988403456,248.18777014097464,245.8605922345778,Down,437
2026-04-15 12:50:00,243.4,243.9,243.4,243.5,243.679244018549,244.18599988858224,248.14112566196,245.8605922345778,Down,300
2026-04-15 13:00:00,243.5,243.9,243.5,243.6,243.67204001686275,244.16301950079472,248.09594033199025,245.8605922345778,Down,158
2026-04-15 13:10:00,243.6,244.0,243.5,243.6,243.66549092442068,244.14094030468513,248.05120460729384,245.8605922345778,Down,257
2026-04-15 13:20:00,243.6,243.9,243.4,243.4,243.64135538583696,244.11188382214846,248.0049239644352,245.8605922345778,Down,149
2026-04-15 13:30:00,243.4,243.7,243.4,243.5,243.6285048962154,244.08788837814265,247.96009885036122,245.67809830353406,Down,341
2026-04-15 13:40:00,243.5,243.7,243.2,243.6,243.625913542014,244.06875550056844,247.91671478219843,245.56645300321276,Down,363
2026-04-15 13:50:00,243.6,244.0,243.6,243.9,243.65083049274,244.06213763780104,247.87674747093277,245.56645300321276,Down,341
2026-04-15 14:00:00,243.9,244.2,243.9,244.0,243.68257317521818,244.0597008676912,247.83817286923195,245.56645300321276,Down,430
2026-04-15 14:10:00,244.0,244.3,244.0,244.1,243.72052106838015,244.06128122582095,247.80097711928937,245.56645300321276,Down,238
2026-04-15 14:20:00,244.1,244.2,243.8,244.0,243.74592824398195,244.05887804049465,247.76315645143575,245.56645300321276,Down,203
2026-04-15 14:30:00,244.0,244.0,243.5,243.8,243.75084385816538,244.04872596047525,247.72372205888414,245.56645300321276,Down,301
2026-04-15 14:40:00,243.8,244.5,243.8,244.5,243.81894896196852,244.0664229816331,247.69164522247735,245.56645300321276,Down,527
2026-04-15 14:50:00,244.5,244.5,244.0,244.2,243.8535899654259,244.07166129607887,247.65690248394526,245.56645300321276,Down,398
2026-04-15 15:00:00,244.2,244.5,244.0,244.3,243.89417269584172,244.0806157550562,247.62350046917965,245.56645300321276,Down,291
2026-04-15 15:10:00,244.3,244.4,244.1,244.2,243.9219751780379,244.08529749015202,247.5894357878943,245.56645300321276,Down,323
2026-04-15 15:20:00,244.2,244.3,244.0,244.0,243.92906834367082,244.0819524905382,247.5537200089103,245.56645300321276,Down,383
2026-04-15 15:30:00,244.0,244.1,243.7,243.8,243.91733485788254,244.07089553012497,247.51636956106043,245.56645300321276,Down,740
2026-04-15 15:40:00,243.8,243.9,242.9,243.3,243.86121350716593,244.04066433286516,247.47441563507974,245.42358012261798,Down,1657
2026-04-15 15:50:00,243.2,243.9,243.1,243.7,243.8465577337872,244.02730494726262,247.43685926060135,245.42358012261798,Down,1003
2026-04-15 16:00:00,243.7,244.4,243.6,244.0,243.86050703071564,244.02623416501703,247.40266165601824,245.42358012261798,Down,1332
2026-04-15 16:10:00,244.0,244.3,243.8,244.2,243.8913700279233,244.03304851148695,247.37079437585888,245.42358012261798,Down,514
2026-04-15 16:20:00,244.2,244.3,243.2,243.8,243.88306366174845,244.02390935417375,247.33526408356178,245.42358012261798,Down,1545
2026-04-15 16:30:00,243.8,244.1,243.6,243.8,243.8755124197713,244.01512859518655,247.3000873265114,245.42358012261798,Down,620
2026-04-15 16:40:00,243.8,244.3,243.7,243.9,243.87773856342847,244.0106137483165,247.26625561181976,245.42358012261798,Down,656
2026-04-15 16:50:00,243.9,244.2,243.9,244.1,243.89794414857133,244.01411909151977,247.2347505808564,245.42358012261798,Down,391
2026-04-15 17:00:00,244.1,244.2,243.0,243.3,243.84358558961029,243.9861144212641,247.1955988337832,245.42358012261798,Down,851
2026-04-15 17:10:00,243.3,243.4,242.3,242.7,243.73962326328206,243.9356785616067,247.15086650707892,245.42358012261798,Down,3573
2026-04-15 17:20:00,242.7,243.0,242.0,242.5,243.6269302393473,243.87937744154368,247.10458922840152,245.29013522535269,Down,1696
2026-04-15 17:30:00,242.5,244.0,242.4,243.7,243.63357294486119,243.8723430320714,247.0707127186662,245.29013522535269,Down,1994
2026-04-15 17:40:00,243.7,244.4,243.7,244.3,243.6941572226011,243.8891138935588,247.04314343788346,245.29013522535269,Down,2684
2026-04-15 17:50:00,244.2,245.5,243.8,245.5,243.85832474781915,243.95228589773296,247.02778877680998,242.3366148567955,Up,5346
2026-04-15 18:00:00,245.4,246.6,245.3,246.1,244.0621134071083,244.03650998017483,247.0185570476875,242.3620925993083,Up,5898
2026-04-15 18:10:00,246.0,246.2,245.3,245.6,244.20192127918938,244.09782331428562,247.00444205218812,242.3620925993083,Up,2858
2026-04-15 18:20:00,245.6,246.0,244.6,245.1,244.28356479926308,244.13712436078424,246.98549238002704,242.3620925993083,Up,2383
2026-04-15 18:30:00,245.1,246.2,244.8,245.9,244.4305134538755,244.20625673879272,246.97469146082278,242.3620925993083,Up,2843
2026-04-15 18:40:00,245.6,246.0,244.6,245.0,244.48228495806865,244.23738392550672,246.95504278957083,242.3620925993083,Up,2101
2026-04-15 18:50:00,245.0,245.3,243.9,244.1,244.4475317800624,244.2319963205849,246.92663440360496,242.3620925993083,Up,2935
2026-04-15 19:00:00,244.1,244.6,243.8,243.9,244.3977561636931,244.21897685703254,246.89651863839498,242.3620925993083,Up,1783
2026-04-15 19:10:00,243.8,244.5,243.4,244.2,244.37977833063007,244.21823266656068,246.86968760716718,242.3620925993083,Up,2549
2026-04-15 19:20:00,244.2,244.8,244.0,244.0,244.34525302784553,244.20967452277398,246.84113350162323,242.3620925993083,Up,1710
2026-04-15 19:30:00,244.0,244.7,244.0,244.4,244.35023002531412,244.21713826697894,246.81684361603496,242.3620925993083,Up,689
2026-04-15 19:40:00,244.4,244.7,244.0,244.1,244.32748184119464,244.21254460945033,246.78981034622367,242.3620925993083,Up,1274
2026-04-15 19:50:00,244.2,244.5,243.7,243.7,244.27043803744968,244.19244482084446,246.75906596466922,242.3620925993083,Up,1068
2026-04-15 20:00:00,243.7,244.5,243.2,244.4,244.2822163976815,244.20058423963488,246.73559267148846,242.3620925993083,Up,2426
2026-04-15 20:10:00,244.4,246.1,244.2,245.8,244.420196725165,244.26330642631586,246.72628329167267,242.3620925993083,Up,3235
2026-04-15 20:20:00,246.0,246.4,245.1,245.6,244.5274515683318,244.31572578214661,246.71507649275057,242.3620925993083,Up,2536
2026-04-15 20:30:00,245.6,245.7,245.2,245.3,244.597683243938,244.35432477108205,246.70099612963864,242.3620925993083,Up,1088
2026-04-15 20:40:00,245.3,245.6,244.9,245.2,244.6524393126709,244.38748850554944,246.68606084476664,242.3620925993083,Up,981
2026-04-15 20:50:00,245.2,245.6,244.8,244.8,244.6658539206099,244.40366542690043,246.66729407019187,242.3620925993083,Up,606
2026-04-15 21:00:00,244.9,245.0,244.1,244.3,244.63259447328173,244.3996001160416,246.64373890531434,242.3620925993083,Up,1517
2026-04-15 21:10:00,244.3,244.4,243.4,243.6,244.53872224843795,244.36824324874587,246.61345294605746,242.3620925993083,Up,3098
2026-04-15 21:20:00,243.6,243.7,243.3,243.4,244.4352020440345,244.33027292526563,246.5814782898778,242.3620925993083,Up,1495
2026-04-15 21:30:00,243.4,245.4,243.2,245.3,244.51382004003136,244.36830143800032,246.56872726211782,242.3620925993083,Up,4642
2026-04-15 21:40:00,245.3,245.4,244.4,244.5,244.51256367275576,244.3734660874905,246.54814291125098,242.3620925993083,Up,1235
2026-04-15 21:50:00,244.5,244.7,244.2,244.4,244.50233061159614,244.37450663307914,246.52676835492014,242.3620925993083,Up,615
2026-04-15 22:00:00,244.5,244.5,243.8,244.0,244.4566641923601,244.35982009844858,246.50162638123933,242.3620925993083,Up,891
2026-04-15 22:10:00,244.0,244.0,243.1,243.8,244.39696744760008,244.33786636909767,246.47474452669962,242.3620925993083,Up,2804
2026-04-15 22:20:00,243.8,244.3,243.7,243.9,244.35178858872735,244.32069513893697,246.44912517817525,242.3620925993083,Up,1254
2026-04-15 22:30:00,243.9,244.4,243.7,244.1,244.32889871702486,244.3120404276061,246.4257507982929,242.3620925993083,Up,602
2026-04-15 22:40:00,244.2,244.8,244.1,244.7,244.36263519729533,244.3272545284843,246.40857914855866,242.3620925993083,Up,1251
2026-04-15 22:50:00,244.7,245.0,244.3,244.3,244.3569410884503,244.32618572344572,246.38759826150834,242.3620925993083,Up,1032
2026-04-15 23:00:00,244.3,244.4,244.0,244.3,244.35176462586392,244.32515883233023,246.3668261395033,242.3620925993083,Up,820
2026-04-15 23:10:00,244.3,244.3,243.9,244.2,244.33796784169445,244.3202506428271,246.3452656804038,242.3620925993083,Up,826
2026-04-15 23:20:00,244.2,244.7,244.2,244.6,244.36178894699495,244.3312212058535,246.3278998527381,242.3620925993083,Up,1569
2026-04-15 23:30:00,244.6,245.3,244.6,245.1,244.42889904272266,244.36136939385926,246.31568194375564,242.3620925993083,Up,1791
2026-04-16 09:00:00,243.7,244.8,243.1,243.5,244.3444536752024,244.32759020194322,246.2876652079969,242.3620925993083,Up,405
2026-04-16 09:10:00,243.5,243.9,243.4,243.5,244.2676851592749,244.29513568421999,246.25992724572828,242.3620925993083,Up,1090
2026-04-16 09:20:00,243.5,243.8,243.5,243.5,244.1978955993408,244.26395389268197,246.23246528308422,242.3620925993083,Up,1186
2026-04-16 09:30:00,243.5,243.6,243.4,243.5,244.13445054485524,244.23399491649838,246.2052765737998,242.3620925993083,Up,340
2026-04-16 09:40:00,243.5,243.9,243.4,243.8,244.10404594986838,244.21697550800826,246.181343473563,242.3620925993083,Up,265
2026-04-16 09:50:00,243.8,243.8,243.5,243.7,244.06731449988033,244.19670195867462,246.15665348875146,242.3620925993083,Up,360
2026-04-16 10:00:00,243.7,243.7,243.3,243.5,244.01574045443664,244.16938031323642,246.13021912567933,242.3620925993083,Up,414
2026-04-16 10:10:00,243.5,243.6,243.4,243.5,243.96885495857873,244.14313010487422,246.10404779109547,242.3620925993083,Up,300
2026-04-16 10:20:00,243.5,243.8,243.4,243.4,243.9171408714352,244.11398774782032,246.07714184292536,242.3620925993083,Up,259
2026-04-16 10:30:00,243.5,243.5,243.2,243.5,243.879218974032,244.0899097969254,246.0514986405082,242.3620925993083,Up,312
2026-04-16 10:40:00,243.5,243.6,243.3,243.3,243.82656270366545,244.05893294214403,246.0241205445828,242.3620925993083,Up,203
2026-04-16 10:50:00,243.3,243.5,243.1,243.3,243.77869336696858,244.0291708659815,245.99701486752227,242.3620925993083,Up,334
2026-04-16 11:00:00,243.3,243.4,243.3,243.4,243.74426669724414,244.00449749868812,245.97117392356682,242.3620925993083,Up,116
2026-04-16 11:10:00,243.3,243.5,243.3,243.3,243.7038788156765,243.9768701457984,245.94459507855623,242.3620925993083,Up,121
2026-04-16 11:20:00,243.3,243.5,243.3,243.4,243.6762534687968,243.95424778713962,245.91927572454074,242.3620925993083,Up,121
2026-04-16 11:30:00,243.5,243.5,243.1,243.4,243.65113951708798,243.9325125798008,245.89420830439605,242.3620925993083,Up,367
2026-04-16 11:40:00,243.4,243.5,243.3,243.5,243.63739956098905,243.91555130216156,245.87038533619312,242.3620925993083,Up,103
2026-04-16 11:50:00,243.5,243.7,243.2,243.3,243.6067268736264,243.89141203541013,245.84480936269867,242.3620925993083,Up,449
2026-04-16 12:00:00,243.3,243.5,243.2,243.4,243.58793352147853,243.87214097519796,245.82048290137828,242.3620925993083,Up,264
2026-04-16 12:10:00,243.4,243.8,243.4,243.7,243.5981213831623,243.86539034871961,245.79938356902628,242.3620925993083,Up,333
2026-04-16 12:20:00,243.5,243.5,243.3,243.4,243.58011034832936,243.84713974680903,245.77550910565287,242.3620925993083,Up,200
2026-04-16 12:30:00,243.4,243.7,243.4,243.7,243.59100940757213,243.84136956065967,245.75485727375585,242.3620925993083,Up,211
2026-04-16 12:40:00,243.7,245.0,243.7,244.6,243.68273582506558,243.87111977396714,245.74336615660405,242.42819777558464,Up,3342
2026-04-16 12:50:00,244.6,245.0,244.6,244.8,243.78430529551414,243.90754644949783,245.73397942867766,242.9074525232588,Up,616
2026-04-16 13:00:00,244.9,245.2,244.6,244.7,243.8675502686492,243.93862305932146,245.7236910761535,242.96132047568977,Up,908
2026-04-16 13:10:00,244.7,244.8,244.5,244.7,243.9432275169538,243.96848097856375,245.71350509529626,242.96132047568977,Up,533
2026-04-16 13:20:00,244.7,245.6,244.7,245.5,244.0847522881398,244.02854054803183,245.71138066648734,243.12133923610725,Up,998
2026-04-16 13:30:00,245.5,247.0,245.5,246.5,244.30432026194526,244.1254605265404,245.7192276250298,243.86030839646114,Up,2353
2026-04-16 13:40:00,246.5,246.6,245.8,246.4,244.4948366017684,244.21465815295056,245.72600147950712,243.86030839646114,Up,1494
2026-04-16 13:50:00,246.3,246.8,246.2,246.3,244.65894236524403,244.29643626459958,245.73171290757176,244.04240363343897,Up,1041
2026-04-16 14:00:00,246.3,246.6,246.3,246.4,244.81722033204002,244.37892896010547,245.738362530382,244.1067305758536,Up,810
2026-04-16 14:10:00,246.4,246.7,246.3,246.4,244.96110939276366,244.45818664794447,245.74494598779114,244.2243005235033,Up,796
2026-04-16 14:20:00,246.4,246.4,245.9,246.0,245.0555539934215,244.51864991665255,245.7474838386589,244.2243005235033,Up,748
2026-04-16 14:30:00,246.0,246.2,245.9,246.0,245.14141272129228,244.57674207678383,245.7499964372792,244.2243005235033,Up,499
2026-04-16 14:40:00,246.0,246.1,245.7,245.9,245.2103752011748,244.62863454436095,245.7514890100426,244.2243005235033,Up,1166
2026-04-16 14:50:00,245.8,245.8,245.2,245.6,245.24579563743163,244.6667273073272,245.74998165670885,244.2243005235033,Up,651
2026-04-16 15:00:00,245.6,245.7,245.2,245.3,245.25072330675602,244.6915615305693,245.74550422728888,244.2243005235033,Up,377
2026-04-16 15:10:00,245.3,245.4,244.8,244.9,245.2188393697782,244.69973558819402,245.73709124990293,244.2243005235033,Up,776
2026-04-16 15:20:00,244.9,245.6,244.9,245.5,245.24439942707107,244.73111850630406,245.73473213298848,244.2243005235033,Up,787
2026-04-16 15:30:00,245.5,245.6,245.0,245.6,245.2767267518828,244.76519229037058,245.7333915147498,244.2243005235033,Up,1496
2026-04-16 15:40:00,245.6,245.7,245.4,245.6,245.30611522898437,244.79792984761096,245.7320642359961,244.2243005235033,Up,1001
2026-04-16 15:50:00,245.6,245.6,245.1,245.2,245.29646838998576,244.8136973045674,245.72677006449365,244.2243005235033,Up,964
2026-04-16 16:00:00,245.2,245.5,245.1,245.4,245.30588035453252,244.8366895671334,245.72351862106586,244.2243005235033,Up,402
2026-04-16 16:10:00,245.4,245.6,244.8,244.9,245.26898214048413,244.83917232920658,245.7153244059309,244.2243005235033,Up,1063
2026-04-16 16:20:00,244.9,244.9,244.1,244.5,245.19907467316736,244.82587145355143,245.7032316257724,244.2243005235033,Up,1705
2026-04-16 16:30:00,244.5,244.6,244.0,244.2,245.1082497028794,244.80132747498078,245.68827409715777,246.59274875128142,Down,1359
2026-04-16 16:40:00,244.2,244.6,244.0,244.5,245.0529542753449,244.78951071125604,245.67645047430048,246.59274875128142,Down,1520
2026-04-16 16:50:00,244.5,244.6,244.3,244.5,245.00268570485898,244.77815735003034,245.66474449943183,246.59274875128142,Down,645
2026-04-16 17:00:00,244.5,245.2,244.4,244.7,244.97516882259907,244.7750923559115,245.6551450516763,246.59274875128142,Down,1241
2026-04-16 17:10:00,244.7,245.1,244.6,244.7,244.95015347509008,244.77214755764047,245.64564112081385,246.59274875128142,Down,777
2026-04-16 17:20:00,244.8,244.9,244.2,244.7,244.9274122500819,244.76931824165456,245.63623175642766,246.59274875128142,Down,1055
2026-04-16 17:30:00,244.7,246.6,244.7,246.0,245.02492022734717,244.8175802713936,245.63985134094082,246.59274875128142,Down,5289
2026-04-16 17:40:00,246.0,247.3,245.8,247.0,245.20447293395196,244.90316535878995,245.6533851584439,243.46334316752217,Up,4357
2026-04-16 17:50:00,247.0,247.2,245.9,246.2,245.29497539450176,244.95402161922956,245.65882411209125,243.46334316752217,Up,4664
2026-04-16 18:00:00,246.2,246.5,245.2,245.4,245.3045230859107,244.97151096749508,245.65624874779186,243.46334316752217,Up,2661
2026-04-16 18:10:00,245.3,245.9,245.3,245.7,245.34047553264608,245.00007916484822,245.65668408363473,243.46334316752217,Up,1469
2026-04-16 18:20:00,245.7,245.8,244.8,245.0,245.30952321149644,245.00007606034436,245.65014991364833,243.46334316752217,Up,2394
2026-04-16 18:30:00,245.0,245.8,244.7,245.1,245.29047564681494,245.00399464621321,245.64467578515433,243.46334316752217,Up,2268
2026-04-16 18:40:00,244.9,246.2,244.7,245.7,245.32770513346813,245.0312889738127,245.64522627485428,243.46334316752217,Up,3767
2026-04-16 18:50:00,245.5,246.3,245.4,246.3,245.41609557588012,245.0810423473887,245.65174143629855,243.46334316752217,Up,1147
2026-04-16 19:00:00,246.1,246.3,245.6,245.8,245.45099597807283,245.10923676513815,245.65321664588762,243.46334316752217,Up,1331
2026-04-16 19:10:00,245.6,246.7,245.3,246.6,245.5554508891571,245.16769806846605,245.6626373757793,243.46334316752217,Up,2432
2026-04-16 19:20:00,246.6,248.0,246.5,247.4,245.723137171961,245.25523932068307,245.67992456607004,243.46334316752217,Up,6874
2026-04-16 19:30:00,247.4,248.1,247.0,247.8,245.91194288360091,245.35503385712687,245.70101984401958,243.5011664607398,Up,3509
2026-04-16 19:40:00,247.8,248.0,246.7,246.7,245.98358443963718,245.40777762743565,245.71095994507414,243.5011664607398,Up,2915
2026-04-16 19:50:00,246.8,248.0,246.7,247.8,246.14871312694288,245.501590269497,245.73174641328237,243.5011664607398,Up,1624
2026-04-16 20:00:00,247.7,248.8,247.1,247.7,246.2897392063117,245.58780241579126,245.75133102608555,243.5011664607398,Up,3058
2026-04-16 20:10:00,247.7,248.1,246.8,247.5,246.3997629148288,245.66279055634848,245.7687307173683,243.5011664607398,Up,3059
2026-04-16 20:20:00,247.4,249.4,247.2,249.0,246.6361481043898,245.79366151492306,245.80088265052882,243.5011664607398,Up,3079
2026-04-16 20:30:00,249.1,249.2,248.1,248.4,246.796498276718,245.89587086727903,245.82674451470268,243.7657279149517,Up,2988
2026-04-16 20:40:00,248.4,248.8,248.0,248.1,246.91499843338002,245.98230730385632,245.84936397226784,243.7657279149517,Up,1519
2026-04-16 20:50:00,248.2,248.3,247.6,248.0,247.01363493943637,246.06143250762665,245.87076333572784,243.7657279149517,Up,1568
2026-04-16 21:00:00,247.9,248.1,247.6,247.9,247.09421358130578,246.1335331936021,245.8909547453226,243.7657279149517,Up,732
2026-04-16 21:10:00,247.9,248.2,247.1,247.4,247.1220123466416,246.18319855855887,245.90597012099104,243.7657279149517,Up,1842
2026-04-16 21:20:00,247.4,247.9,247.3,247.3,247.13819304240144,246.22699469351736,245.9198410650608,243.7657279149517,Up,823
2026-04-16 21:30:00,247.3,247.4,247.1,247.1,247.13472094763767,246.26123019573237,245.93158394003535,243.7657279149517,Up,942
2026-04-16 21:40:00,247.1,247.4,246.1,246.3,247.05883722512516,246.26275058021346,245.9352497714778,243.7657279149517,Up,3434
2026-04-16 21:50:00,246.3,246.4,245.6,246.2,246.98076111375013,246.26028977314627,245.93788410210988,243.7657279149517,Up,2715
2026-04-16 22:00:00,246.2,246.8,246.2,246.6,246.94614646704557,246.2736117428268,245.94447231999933,243.7657279149517,Up,1840
2026-04-16 22:10:00,246.6,247.2,246.4,247.0,246.9510422427687,246.30209755683362,245.95497508298442,243.7657279149517,Up,1433
2026-04-16 22:20:00,247.0,247.4,246.6,246.7,246.92822022069882,246.31770157421272,245.96238826623832,243.7657279149517,Up,2433
2026-04-16 22:30:00,246.7,247.1,246.5,246.9,246.92565474608983,246.34053680659656,245.97171773622603,243.7657279149517,Up,1165
2026-04-16 22:40:00,246.9,247.0,246.5,246.8,246.91423158735438,246.35855497104376,245.97995935079095,243.7657279149517,Up,449
2026-04-16 22:50:00,246.8,246.9,246.5,246.5,246.87657417032216,246.36410183492438,245.98513388461396,243.7657279149517,Up,836
2026-04-16 23:00:00,246.5,246.8,246.1,246.7,246.86052197302016,246.37727431198618,245.99224698028945,243.7657279149517,Up,1124
2026-04-16 23:10:00,246.7,246.8,246.2,246.4,246.81865633910922,246.3781655154377,245.99630422426668,243.7657279149517,Up,1110
2026-04-16 23:20:00,246.5,246.8,246.4,246.6,246.79877849009927,246.38686490698916,246.0023111474083,243.7657279149517,Up,1158
2026-04-16 23:30:00,246.6,247.0,246.5,247.0,246.81707135463571,246.41090942044056,246.0122383996729,243.83537274302665,Up,1771
2026-04-17 09:00:00,247.0,249.0,246.8,248.1,246.93370123148702,246.47714826669778,246.03301214693985,244.45033885729697,Up,566
2026-04-17 09:10:00,248.0,248.2,247.6,247.8,247.0124556649882,246.52902480525867,246.050594115627,244.54576259754268,Up,1482
2026-04-17 09:20:00,247.8,247.9,247.6,247.8,247.08405060453472,246.57886696975834,246.0680011393521,244.59160236140244,Up,710
2026-04-17 09:30:00,247.8,248.0,247.7,247.8,247.14913691321337,246.62675453957175,246.08523495886104,244.86963851036586,Up,825
2026-04-17 09:40:00,247.9,248.3,247.6,247.8,247.20830628473942,246.6727641654709,246.10229729757884,244.9860350094235,Up,928
2026-04-17 09:50:00,247.8,248.1,247.8,247.9,247.2711875315813,246.72089106094265,246.12018488665768,245.14639546311227,Up,674
2026-04-17 10:00:00,247.9,248.1,247.8,248.0,247.33744321052842,246.77105219580764,246.13888951465114,245.29217769373844,Up,205
2026-04-17 10:10:00,248.0,248.1,247.8,248.0,247.3976756459349,246.8192462273446,246.15740802694316,245.42470699430768,Up,184
2026-04-17 10:20:00,248.0,248.0,247.8,247.8,247.43425058721354,246.8577071596056,246.17375222568003,245.53155181300698,Up,193
2026-04-17 10:30:00,247.8,248.0,247.7,248.0,247.4856823520123,246.90250295726813,246.191923845325,245.5877743754609,Up,309
2026-04-17 10:40:00,247.9,248.1,247.6,247.8,247.51425668364755,246.9376989197282,246.20792460308294,245.6116130686008,Up,208
2026-04-17 10:50:00,247.8,247.8,247.3,247.4,247.50386971240687,246.95582837385652,246.21978604981845,245.6116130686008,Up,786
2026-04-17 11:00:00,247.4,247.8,247.4,247.8,247.5307906476426,246.9889331435092,246.2355095717108,245.6116130686008,Up,261
2026-04-17 11:10:00,247.8,248.0,247.7,247.8,247.55526422512963,247.020739686901,246.251076640649,245.7766814940652,Up,392
2026-04-17 11:20:00,247.8,247.9,247.7,247.7,247.5684220228451,247.04737734623825,246.26549378850325,245.84243772187747,Up,159
2026-04-17 11:30:00,247.7,247.9,247.6,247.6,247.571292748041,247.06904882285636,246.27877245727436,245.8613070198886,Up,96
2026-04-17 11:40:00,247.6,248.0,247.5,247.9,247.6011752254918,247.10163514352865,246.29490407461492,245.8613070198886,Up,196
2026-04-17 11:50:00,247.9,248.5,247.9,248.3,247.66470475044707,247.14862984378246,246.3148552778526,246.25562563627156,Up,445
2026-04-17 12:00:00,248.3,248.8,248.3,248.6,247.7497315913155,247.2055463204969,246.33759303628193,246.6005687602469,Up,938
2026-04-17 12:10:00,248.6,248.8,248.6,248.7,247.83611962846862,247.2641523471441,246.36109957323436,246.85506250931533,Up,514
2026-04-17 12:20:00,248.7,249.1,248.6,249.0,247.94192693497146,247.33222480411882,246.3873572889236,246.9909659175594,Up,929
2026-04-17 12:30:00,249.0,249.4,248.9,249.0,248.03811539542858,247.39762775297692,246.41335373380994,247.27815083414492,Up,1279
2026-04-17 12:40:00,249.0,249.4,248.9,249.0,248.1255594503896,247.46046588031115,246.4390915076029,247.27815083414492,Up,737
2026-04-17 12:50:00,249.0,249.2,248.8,249.0,248.2050540458087,247.52083976735776,246.4645731841442,247.27815083414492,Up,365
2026-04-17 13:00:00,249.0,249.1,248.7,248.8,248.2591400416443,247.5710029137359,246.48781126191392,247.27815083414492,Up,239
2026-04-17 13:10:00,248.8,249.2,248.6,248.9,248.31740003785842,247.62312044653058,246.51181313990483,247.27815083414492,Up,565
2026-04-17 13:20:00,248.9,248.9,248.7,248.8,248.36127276168946,247.6692725858823,246.5345811683635,247.27815083414492,Up,208
2026-04-17 13:30:00,248.8,249.5,248.7,249.3,248.44661160153586,247.7332226805536,246.56209777365342,247.27815083414492,Up,778
2026-04-17 13:40:00,249.3,249.9,249.1,249.9,248.57873781957804,247.81819434013977,246.5953107311295,247.46775022610768,Up,1169
2026-04-17 13:50:00,249.9,250.5,249.8,250.2,248.7261252905255,247.9115984836637,246.63117828604365,248.04795475100698,Up,1635
2026-04-17 14:00:00,250.2,250.3,249.9,250.0,248.84193208229587,247.99349658234357,246.66469890011288,248.04795475100698,Up,704
2026-04-17 14:10:00,250.0,250.1,249.7,249.9,248.9381200748144,248.06826142225168,246.69689095085803,248.04795475100698,Up,769
2026-04-17 14:20:00,249.8,250.0,249.5,249.7,249.0073818861949,248.13225117039866,246.72677263293906,248.04795475100698,Up,803
2026-04-17 14:30:00,249.7,249.9,249.5,249.7,249.07034716926808,248.19373151665752,246.7563569848501,248.04795475100698,Up,460
2026-04-17 14:40:00,249.8,249.9,249.6,249.8,249.13667924478915,248.25672243757293,246.78664198997598,248.04795475100698,Up,251
2026-04-17 14:50:00,249.7,249.9,249.5,249.8,249.1969811316265,248.31724312629558,246.81662565176728,248.04795475100698,Up,475
2026-04-17 15:00:00,249.8,249.9,249.3,249.3,249.2063464832968,248.3557826115389,246.84133584428702,248.04795475100698,Up,538
2026-04-17 15:10:00,249.3,249.3,248.8,249.1,249.19667862117893,248.38496760716484,246.86381011449313,248.04795475100698,Up,827
2026-04-17 15:20:00,249.1,249.2,248.7,248.8,249.1606169283445,248.40124338727603,246.88307568549322,248.04795475100698,Up,904
2026-04-17 15:30:00,248.8,248.8,248.2,248.6,249.10965175304042,248.4090377642456,246.9001595095182,248.04795475100698,Up,1637
2026-04-17 15:40:00,248.6,249.0,248.5,248.6,249.0633197754913,248.41652647937323,246.9170733452444,248.04795475100698,Up,870
2026-04-17 15:50:00,248.6,248.8,248.4,248.4,249.00301797771937,248.41587838214292,246.93182883434648,248.04795475100698,Up,1020
2026-04-17 16:00:00,248.4,248.7,248.3,248.5,248.95728907065396,248.4191772691177,246.94743252753707,248.04795475100698,Up,831
2026-04-17 16:10:00,248.5,249.0,248.5,248.9,248.95208097332176,248.43803306248563,246.9668610596014,248.04795475100698,Up,600
2026-04-17 16:20:00,248.9,249.3,248.8,249.1,248.96552815756525,248.4639925502313,246.98808632268995,248.04795475100698,Up,1394
2026-04-17 16:30:00,249.1,249.7,249.0,249.1,248.97775287051385,248.4889340188497,247.00910038913085,248.04795475100698,Up,1749
2026-04-17 16:40:00,249.2,249.7,249.1,249.6,249.03432079137622,248.53250523379677,247.0348804847614,248.04795475100698,Up,1199
2026-04-17 16:50:00,249.6,249.8,249.5,249.5,249.07665526488748,248.57044620502043,247.05940903715185,248.04795475100698,Up,1050
2026-04-17 17:00:00,249.5,250.2,249.3,250.1,249.16968660444317,248.63042870678436,247.0896636735981,248.04795475100698,Up,2223
2026-04-17 17:10:00,250.1,250.8,249.9,250.6,249.29971509494834,248.70766679671436,247.12459239326378,248.09871367170643,Up,2334
2026-04-17 17:20:00,250.8,251.0,249.7,250.1,249.37246826813487,248.76226809880401,247.15419843910195,248.09871367170643,Up,3525
2026-04-17 17:30:00,250.1,250.9,250.1,250.6,249.4840620619408,248.83433601649796,247.18848502179745,248.09871367170643,Up,1812
2026-04-17 17:40:00,250.6,251.7,250.5,251.4,249.65823823812798,248.9349502903608,247.2303906434711,248.31706511773584,Up,3954
2026-04-17 17:50:00,251.4,251.4,249.4,249.7,249.6620347619345,248.96495223975842,247.25496387089925,248.31706511773584,Up,3312
2026-04-17 18:00:00,249.7,250.1,248.5,248.5,249.55639523812226,248.94671881859142,247.2673522900943,248.31706511773584,Up,4922
2026-04-17 18:10:00,248.6,249.6,248.4,249.4,249.54217748920206,248.96449455119568,247.28857266531725,248.31706511773584,Up,2979
2026-04-17 18:20:00,249.6,249.6,246.8,247.1,249.32016135382005,248.89137711781547,247.28669632038873,252.54291023991811,Down,7143
2026-04-17 18:30:00,247.3,247.5,245.4,246.9,249.10014668529095,248.813283897509,247.28284859580776,251.16173658174372,Down,8082
2026-04-17 18:40:00,246.9,247.1,245.1,245.4,248.76376971390087,248.67942962701846,247.26411378390918,251.11066961976704,Down,4756
2026-04-17 18:50:00,245.2,246.0,245.1,246.0,248.51251792172806,248.5743539553707,247.25153553730314,250.43242692706096,Down,3394
2026-04-17 19:00:00,246.0,246.0,243.8,244.7,248.16592538338915,248.42241850614047,247.22614712399664,250.13856993369177,Down,6530
2026-04-17 19:10:00,244.7,246.0,244.5,245.6,247.93265943944465,248.3117354274683,247.20996655559867,250.13856993369177,Down,2811
2026-04-17 19:20:00,245.6,247.8,245.5,247.6,247.90241767222238,248.28382423423426,247.2138474853937,250.13856993369177,Down,6649
2026-04-17 19:30:00,247.4,247.6,246.6,246.9,247.81128879292942,248.22955661720547,247.21072462484253,250.13856993369177,Down,2099
2026-04-17 19:40:00,247.1,247.1,246.4,246.6,247.70117162993583,248.1656524361386,247.2046477629038,250.13856993369177,Down,1451
2026-04-17 19:50:00,246.6,247.2,245.9,246.3,247.57379239085077,248.09248959550573,247.19564629262615,250.13856993369177,Down,2192
2026-04-17 20:00:00,246.3,246.8,246.0,246.6,247.48526580986433,248.0339605917604,247.1897194638438,250.13856993369177,Down,1038
2026-04-17 20:10:00,246.6,246.7,245.5,245.5,247.30478709987665,247.93458958816197,247.17290633485032,250.13856993369177,Down,2080
2026-04-17 20:20:00,245.5,246.3,245.2,246.3,247.2134428180697,247.87048803568504,247.1642206996777,250.13856993369177,Down,2077
2026-04-17 20:30:00,246.3,248.3,245.9,248.3,247.3122207436997,247.88733164212877,247.1755219862481,250.13856993369177,Down,3897
2026-04-17 20:40:00,248.1,248.5,247.5,248.3,247.40201885790879,247.90351471498647,247.18671082220584,250.13856993369177,Down,4451
2026-04-17 20:50:00,248.3,249.3,248.1,248.9,247.53819896173525,247.94259256930073,247.20375847571623,250.13856993369177,Down,4172
2026-04-17 21:00:00,248.9,249.1,248.5,248.8,247.65290814703204,247.97621639011246,247.21964147595787,250.13856993369177,Down,1669
2026-04-17 21:10:00,248.7,250.0,248.6,249.3,247.8026437700291,248.02812947285315,247.24034156077423,250.13856993369177,Down,3152
2026-04-17 21:20:00,249.2,249.5,247.9,248.0,247.82058524548103,248.02702635627068,247.24790035121427,250.13856993369177,Down,2017
2026-04-17 21:30:00,248.0,249.0,247.8,248.7,247.90053204134637,248.05341747955418,247.2623491039385,250.13856993369177,Down,1917
2026-04-17 21:40:00,248.7,249.5,248.5,249.0,248.00048367395124,248.0905383627089,247.2796391626058,250.13856993369177,Down,1288
2026-04-17 21:50:00,249.0,249.1,248.2,248.3,248.02771243086474,248.0987525445635,247.289792006759,250.13856993369177,Down,877
2026-04-17 22:00:00,248.3,249.2,248.2,249.0,248.11610220987703,248.1340955820316,247.30680900171663,250.13856993369177,Down,989
2026-04-17 22:10:00,249.0,249.3,248.5,248.7,248.1691838271609,248.156287912148,247.32067159871448,250.13856993369177,Down,531
2026-04-17 22:20:00,248.8,249.1,248.7,248.8,248.22653075196445,248.18153152343632,247.33539128429945,250.13856993369177,Down,673
2026-04-17 22:30:00,248.8,249.3,248.6,249.3,248.3241188654222,248.2253930323212,247.3549396297293,250.13856993369177,Down,732
2026-04-17 22:40:00,249.3,250.4,249.1,249.9,248.46738078674744,248.29106389379882,247.38026361351308,250.13856993369177,Down,2517
2026-04-17 22:50:00,249.9,250.4,249.6,250.3,248.63398253340677,248.36984570188514,247.40931571686124,245.77258125933773,Up,1272
2026-04-17 23:00:00,250.2,250.9,250.2,250.3,248.7854386667334,248.4455380273014,247.4380787445542,246.45234659939794,Up,2809
2026-04-17 23:10:00,250.3,250.5,249.8,250.1,248.9049442424849,248.51041888897586,247.46456552321533,246.45234659939794,Up,1433
2026-04-17 23:20:00,250.1,250.4,249.8,250.1,249.01358567498627,248.5727554031337,247.49078875184006,246.45234659939794,Up,1484
2026-04-17 23:30:00,250.1,250.8,249.9,250.6,249.15780515907844,248.6522551912461,247.5217261771949,246.53538437219981,Up,2571
2026-04-20 09:00:00,252.3,253.3,251.5,252.4,249.45255014461674,248.79922557590314,247.57026621523278,247.95034942927253,Up,586
2026-04-20 09:10:00,252.3,252.7,251.7,251.9,249.67504558601522,248.92082457292653,247.61334814343942,247.95034942927253,Up,1904
2026-04-20 09:20:00,251.9,252.4,251.7,251.9,249.87731416910475,249.03765498183137,247.65600139574352,247.95034942927253,Up,1507
2026-04-20 09:30:00,251.9,252.3,251.9,252.1,250.07937651736793,249.15774694332816,247.70022028732816,248.07952624287947,Up,684
2026-04-20 09:40:00,252.2,252.5,252.1,252.4,250.29034228851629,249.2848941220212,247.7469842645687,248.4995693117086,Up,607
2026-04-20 09:50:00,252.4,252.7,252.3,252.6,250.50031117137843,249.41489827409882,247.79527297835412,248.89960846518963,Up,952
2026-04-20 10:00:00,252.5,252.6,252.3,252.6,250.69119197398038,249.53980422413417,247.84308120742526,249.0678258774451,Up,256
2026-04-20 10:10:00,252.6,253.4,252.5,253.0,250.90108361270944,249.67549817612894,247.89439383222702,249.54802352495008,Up,981
2026-04-20 10:20:00,253.0,253.1,252.6,252.9,251.0828032842813,249.80194922804546,247.94420085877204,249.57547593177281,Up,295
2026-04-20 10:30:00,252.9,253.1,252.6,252.8,251.23891207661939,249.91951984655347,247.9925172681375,249.6913417561571,Up,385
2026-04-20 10:40:00,252.8,253.3,252.7,252.9,251.38992006965398,250.03640142119843,248.0413479420864,249.91031068741555,Up,459
2026-04-20 10:50:00,252.9,253.2,252.9,252.9,251.5272000633218,250.14869940468085,248.08969273868254,250.13210062492325,Up,196
2026-04-20 11:00:00,252.9,254.0,252.9,253.7,251.72472733029252,250.28796609469336,248.14551669153147,250.39736420447565,Up,884
2026-04-20 11:10:00,253.7,253.7,253.2,253.4,251.87702484572046,250.41000663999952,248.19780010753615,250.49305836770515,Up,715
2026-04-20 11:20:00,253.5,253.6,253.3,253.5,252.02456804156407,250.53118285019562,248.25055831542136,250.6527803342774,Up,227
2026-04-20 11:30:00,253.5,253.6,253.1,253.4,252.14960731051278,250.6436854835213,248.30179654113857,250.6527803342774,Up,649
2026-04-20 11:40:00,253.4,253.6,253.2,253.4,252.26327937319343,250.7517762488734,248.35252493376407,250.7775044084937,Up,313
2026-04-20 11:50:00,253.4,253.9,253.3,253.8,252.40298124835763,250.87131443519212,248.40672866576642,250.99773128044887,Up,340
2026-04-20 12:00:00,253.8,254.0,253.7,253.8,252.52998295305238,250.98616484949832,248.46039305715183,251.3752102549535,Up,466
2026-04-20 12:10:00,253.8,253.9,253.5,253.9,252.65452995732036,251.10043289461606,248.51451849936922,251.3752102549535,Up,349
2026-04-20 12:20:00,253.9,254.0,253.6,253.9,252.76775450665488,251.21021983992526,248.5681053799725,251.47703326855662,Up,412
2026-04-20 12:30:00,253.9,254.3,253.7,254.0,252.8797768242317,251.3196229834576,248.62215408265936,251.67003024414237,Up,573
2026-04-20 12:40:00,254.0,254.0,253.1,253.1,252.8997971129379,251.3894416899887,248.66670976342894,251.67003024414237,Up,592
2026-04-20 12:50:00,253.1,253.4,252.8,252.8,252.89072464812534,251.444757702146,248.70783702946449,251.67003024414237,Up,597
2026-04-20 13:00:00,252.8,253.6,252.6,253.5,252.94611331647758,251.52535543931677,248.75552024310167,251.67003024414237,Up,685
2026-04-20 13:10:00,253.5,253.6,253.2,253.4,252.98737574225234,251.59887091228475,248.80173397202606,251.67003024414237,Up,377
2026-04-20 13:20:00,253.4,253.7,253.3,253.5,253.03397794750214,251.67342499415594,248.8484828877273,251.67003024414237,Up,257
2026-04-20 13:30:00,253.5,253.8,253.5,253.7,253.0945254068201,251.7528985237969,248.89675668983946,251.67003024414237,Up,307
2026-04-20 13:40:00,253.7,254.2,253.7,253.8,253.15865946074553,251.83317701305975,248.94554518048784,251.67529365301016,Up,722
2026-04-20 13:50:00,253.8,254.1,253.8,254.1,253.24423587340502,251.92207203215546,248.99683328814467,251.77299423000923,Up,394
2026-04-20 14:00:00,254.1,254.1,253.7,253.8,253.29475988491365,251.9957162661886,249.04462599174525,251.77544930000838,Up,387
2026-04-20 14:10:00,253.8,253.9,253.4,253.6,253.32250898628513,252.05862935378903,249.089953096305,251.77544930000838,Up,255
2026-04-20 14:20:00,253.6,253.9,253.4,253.8,253.36591726025918,252.1269183987385,249.13681923465026,251.77544930000838,Up,312
2026-04-20 14:30:00,253.8,254.1,253.7,253.7,253.39628841841744,252.18860787329777,249.18222401838509,251.84278685199726,Up,424
2026-04-20 14:40:00,253.7,254.0,253.5,253.8,253.43298947128858,252.25179972140376,249.22817203810266,251.84278685199726,Up,438
2026-04-20 14:50:00,253.8,254.2,253.8,254.0,253.4845358829896,252.3203565950742,249.27565291334543,251.98908004297297,Up,359
2026-04-20 15:00:00,254.0,254.6,253.9,254.0,253.53139625726328,252.38622496389485,249.32266134206836,252.1673454936118,Up,895
2026-04-20 15:10:00,254.0,254.5,254.0,254.3,253.6012693247848,252.46127496531074,249.3721870998587,252.1748595396471,Up,336
2026-04-20 15:20:00,254.3,254.5,254.1,254.2,253.655699386168,252.52946026078877,249.4202250391636,252.2680541269519,Up,381
2026-04-20 15:30:00,254.2,254.8,254.2,254.6,253.7415448965164,252.61065789762057,249.47176508852516,252.43459466086534,Up,990
2026-04-20 15:40:00,254.6,254.9,254.2,254.4,253.80140445137852,252.68082817614524,249.52080225182343,252.43459466086534,Up,1229
2026-04-20 15:50:00,254.4,254.8,254.4,254.8,253.89218586488954,252.76393295355132,249.57333158265106,252.51619393459947,Up,975
2026-04-20 16:00:00,254.7,255.0,254.5,254.6,253.95653260444504,252.83593558282382,249.62334818381873,252.67381266781769,Up,737
2026-04-20 16:10:00,254.6,254.9,254.5,254.9,254.0423023676773,252.91687928545818,249.6758521819897,252.67381266781769,Up,528
2026-04-20 16:20:00,254.9,254.9,254.4,254.7,254.1020930615248,252.98680558798924,249.72584370256695,252.67381266781769,Up,458
2026-04-20 16:30:00,254.7,254.7,254.2,254.4,254.1291755104771,253.04222497669554,249.77235272045186,252.67381266781769,Up,827
2026-04-20 16:40:00,254.3,254.5,253.9,254.4,254.15379591861554,253.09547105604082,249.81839896203942,252.67381266781769,Up,1140
2026-04-20 16:50:00,254.4,254.5,254.1,254.4,254.1761781078323,253.14662905384316,249.8639870320689,252.67381266781769,Up,620
2026-04-20 17:00:00,254.4,254.9,254.1,254.8,254.23288918893843,253.21146713016304,249.91310158896374,252.67381266781769,Up,684
2026-04-20 17:10:00,254.8,255.4,254.8,255.1,254.31171744448946,253.28552724270568,249.9647125184268,252.94862504045238,Up,2659
2026-04-20 17:20:00,255.1,255.7,254.6,255.5,254.41974313135404,253.3723693116192,250.01979000580567,252.94862504045238,Up,1683
2026-04-20 17:30:00,255.4,255.6,254.3,254.4,254.41794830123092,253.4126685543008,250.0633741848524,252.94862504045238,Up,1717
2026-04-20 17:40:00,254.3,254.4,253.0,253.5,254.33449845566446,253.41609331687724,250.09756946659516,252.94862504045238,Up,2888
2026-04-20 17:50:00,253.5,254.1,253.1,253.9,254.2949985960586,253.43507004954873,250.13540459628078,252.94862504045238,Up,1705
2026-04-20 18:00:00,253.9,254.1,253.4,254.0,254.26818054187146,253.4572241652527,250.17385828188995,252.94862504045238,Up,991
2026-04-20 18:10:00,254.1,254.6,253.5,253.6,254.20743685624677,253.46282321759574,250.20794924425923,252.94862504045238,Up,1541
2026-04-20 18:20:00,253.4,254.3,253.3,254.0,254.18857896022433,253.48388897376847,250.24568109257507,252.94862504045238,Up,1163
2026-04-20 18:30:00,254.0,254.5,253.6,253.8,254.15325360020393,253.49628548460112,250.28104744986288,252.94862504045238,Up,1154
2026-04-20 18:40:00,253.7,254.0,251.3,251.4,253.90295781836718,253.4140782106952,250.29218130608317,255.54129731889063,Down,7161
2026-04-20 18:50:00,251.5,251.7,250.3,251.7,253.70268892578832,253.34685945733463,250.3061894522913,255.0627150534064,Down,4978
2026-04-20 19:00:00,251.7,251.7,250.4,250.4,253.40244447798938,253.23129634136072,250.30712289057698,255.0627150534064,Down,2614
2026-04-20 19:10:00,250.4,250.7,249.6,249.9,253.08404043453578,253.1006572691505,250.3030719165414,254.33736781273254,Down,3783
2026-04-20 19:20:00,250.0,250.1,249.2,249.7,252.7764003950325,252.96729816055637,250.29707120095392,253.78397073884776,Down,2509
2026-04-20 19:30:00,249.7,251.2,249.4,251.1,252.62400035912043,252.89407078171104,250.30506054223798,253.78397073884776,Down,2312
2026-04-20 19:40:00,251.1,251.4,250.1,250.3,252.41272759920037,252.7923425157616,250.3050101885839,253.78397073884776,Down,1733
2026-04-20 19:50:00,250.3,250.8,250.3,250.6,252.24793418109124,252.7063682994572,250.30794541058805,253.78397073884776,Down,1287
2026-04-20 20:00:00,250.6,250.6,249.6,249.8,252.02539471008294,252.5923930720275,250.30289122739813,253.78397073884776,Down,1576
2026-04-20 20:10:00,249.8,250.9,249.6,250.8,251.91399519098448,252.52210314763428,250.30783758334442,253.78397073884776,Down,1163
2026-04-20 20:20:00,250.8,251.1,249.9,250.2,251.75817744634952,252.43104027909962,250.3067645725649,253.78397073884776,Down,971
2026-04-20 20:30:00,250.1,251.7,250.1,251.4,251.72561586031773,252.39060732697806,250.317642537017,253.78397073884776,Down,2557
2026-04-20 20:40:00,251.4,252.0,251.4,251.8,251.7323780548343,252.36744625533186,250.33239236251933,253.78397073884776,Down,1682
2026-04-20 20:50:00,251.8,252.3,251.8,252.1,251.76579823166753,252.35695816688747,250.34998049821567,253.78397073884776,Down,2455
2026-04-20 21:00:00,252.1,252.2,250.8,251.3,251.72345293787956,252.31550882700952,250.3594334285817,253.78397073884776,Down,1901
2026-04-20 21:10:00,251.3,252.1,251.2,251.9,251.7395026707996,252.29921436320524,250.37476244919284,253.78397073884776,Down,805
2026-04-20 21:20:00,251.9,252.6,251.7,252.4,251.79954788254508,252.30316674111876,250.39491406661384,253.78397073884776,Down,1994
2026-04-20 21:30:00,252.4,253.5,252.3,252.8,251.89049807504097,252.32265039832978,250.41884526993113,253.78397073884776,Down,3462
2026-04-20 21:40:00,252.8,253.0,252.7,252.8,251.97318006821905,252.34136999055215,250.44253835182238,253.78397073884776,Down,125
