date,open,high,low,close,EMA_21,EMA_50,EMA_200,ST_11_4,ST_DIR_11_4,volume
2026-05-01 17:00:00,289.8,299.3,289.8,294.425,294.425,294.425,294.425,,Up,3
2026-05-01 17:10:00,292.1125,301.9,292.1125,299.975,294.92954545454546,294.6426470588235,294.48022388059707,258.90170454545455,Up,156
2026-05-01 17:20:00,296.04375000000005,301.0,296.04375000000005,300.725,295.45640495867764,294.88117070357555,294.54236095641204,262.07910640495874,Up,54
2026-05-01 17:30:00,298.38437500000003,301.4,298.38437500000003,300.975,295.9580954169797,295.1201444014746,294.60636731505474,265.6658069590534,Up,53
2026-05-01 17:40:00,299.6796875,301.8,299.6796875,301.4,296.45281401543605,295.36641324847557,294.6739656502283,268.8539296218667,Up,49
2026-05-01 17:50:00,300.53984375,302.8,299.1,300.925,296.85937637766915,295.584397042653,294.7361649969922,270.61735079260615,Up,162
2026-05-01 18:00:00,300.732421875,301.0,299.4,300.35,297.176705797881,295.77128343313717,294.7920240517485,272.04304617509644,Up,89
2026-05-01 18:10:00,300.5412109375,302.2,300.5412109375,301.5,297.56973254352823,295.99593898477883,294.85877008108434,275.10064744611043,Up,61
2026-05-01 18:20:00,301.02060546875,302.5,301.02060546875,301.95,297.96793867593476,296.229431573611,294.9293295827651,277.3405610660663,Up,41
2026-05-01 18:30:00,301.4853027343749,302.6,301.1,302.07500000000005,298.34130788721336,296.4586695511165,295.00043078094654,279.1047803015376,Up,33
2026-05-01 18:40:00,301.7801513671875,303.0,301.7801513671875,302.57500000000005,298.7261889883758,296.69852564715114,295.07579962889736,281.2690219094233,Up,91
2026-05-01 18:50:00,302.1775756835938,302.4,300.8,301.725,298.9988081712507,296.8956422884393,295.14196082661977,281.75358747802693,Up,77
2026-05-01 19:00:00,301.9512878417969,301.9512878417969,300.6,301.07500000000005,299.1875528829552,297.05953866928485,295.2009960422753,282.74207332208766,Up,39
2026-05-01 19:10:00,301.5131439208985,301.7,300.3,301.175,299.3682298935956,297.22092930970507,295.26043886772527,283.64220854653564,Up,14
2026-05-01 19:20:00,301.34407196044924,301.7,301.0,301.35,299.54839081235957,297.382853650501,295.32103151580765,285.3156441332143,Up,15
2026-05-01 19:30:00,301.34703598022463,301.34703598022463,299.6,300.375,299.62353710214506,297.50019272303035,295.37131975943146,285.3156441332143,Up,35
2026-05-01 19:40:00,300.8610179901123,300.8610179901123,299.1,299.675,299.6282155474046,297.58547928291154,295.4141424483924,285.5100926459362,Up,23
2026-05-01 19:50:00,300.26800899505616,300.26800899505616,298.0,298.75,299.54837777036784,297.63114676201303,295.4473350608462,285.5100926459362,Up,91
2026-05-01 20:00:00,299.50900449752805,299.9,299.0,299.45,299.53943433669804,297.7024743399733,295.4871625726786,286.323041365998,Up,22
2026-05-01 20:10:00,299.479502248764,300.2,299.2,299.875,299.5699403060891,297.78767142468024,295.5308226465823,287.40276487818,Up,18
2026-05-01 20:20:00,299.677251124382,301.5,299.677251124382,300.6,299.6635820964446,297.89795881979086,295.5812622222382,288.74650313303897,Up,54
2026-05-01 20:30:00,300.138625562191,300.6,299.7,300.35,299.72598372404053,297.9941172974461,295.6287123493801,289.05716142804357,Up,15
2026-05-01 20:40:00,300.2443127810955,300.8,300.2443127810955,300.6,299.80543974912774,298.09630877597766,295.6781778981425,290.2356896091676,Up,8
2026-05-01 20:50:00,300.4221563905478,300.5,300.0,300.35,299.85494522647974,298.18468882397855,295.72466369020077,290.6804847441998,Up,4
2026-05-01 21:00:00,300.3860781952739,300.4,300.3860781952739,300.4,299.9044956604361,298.2715637720578,295.7711844495023,291.6752979560004,Up,1
2026-05-01 21:10:00,300.3930390976369,300.4,300.0,300.25,299.935905145851,298.34914950648687,295.81574977836294,292.1293262348759,Up,6
2026-05-01 21:20:00,300.32151954881846,300.32151954881846,299.5,299.925,299.9349137689554,298.410947565056,295.85663784026974,292.2750492429079,Up,2
2026-05-01 21:30:00,300.12325977440923,300.2,299.2,299.6,299.90446706268676,298.4575770723087,295.8938852249437,292.3948086077261,Up,17
2026-05-01 21:40:00,299.86162988720463,299.86162988720463,298.6,299.025,299.82451551153343,298.47982895182605,295.9250405958398,292.3948086077261,Up,14
2026-05-01 21:50:00,299.4433149436024,299.4433149436024,298.7,298.90000000000003,299.74046864684857,298.49630624783293,295.9546421819508,292.3948086077261,Up,10
2026-05-01 22:00:00,299.17165747180115,300.3,298.7,299.4,299.7095169516805,298.53174521850616,295.9889243492946,292.80480697044266,Up,11
2026-05-01 22:10:00,299.28582873590057,300.1,299.28582873590057,299.65,299.7041063197095,298.5755983471922,296.0253529627345,293.3103129723165,Up,4
2026-05-01 22:20:00,299.46791436795024,300.1,299.3,299.6,299.6946421088268,298.61577096102786,296.060921589971,293.60672600396936,Up,2
2026-05-01 22:30:00,299.53395718397513,300.0,299.53395718397513,299.85,299.70876555347894,298.6641720998111,296.0986238627076,294.0581684806779,Up,11
2026-05-01 22:40:00,299.69197859198755,300.5,299.69197859198755,300.15,299.74887777589,298.7224398606028,296.1389360630787,294.6123359555259,Up,18
2026-05-01 22:50:00,299.92098929599376,300.5,299.8,300.2,299.7898888871727,298.78038339548107,296.179344659466,294.9103151450292,Up,32
2026-05-01 23:00:00,300.06049464799685,300.5,299.8,300.17499999999995,299.8248989883388,298.8350742427171,296.2191024240484,295.13210467729925,Up,8
2026-05-01 23:10:00,300.1177473239984,300.7,300.0,300.35,299.8726354439444,298.8944830959439,296.2602058825156,295.53373152481754,Up,12
2026-05-01 23:20:00,300.2338736619992,300.7,300.0,300.4,299.9205776763131,298.9535229745343,296.30139786378413,295.7170286589251,Up,28
2026-05-01 23:30:00,300.3169368309996,300.6,299.7,300.375,299.9618887966483,299.0092671716113,296.34193121837336,295.7170286589251,Up,46
2026-05-04 09:00:00,300.3459684154998,306.7,300.3459684154998,305.2,300.4380807242257,299.25204100801875,296.43007120625026,297.08600467200193,Up,16
2026-05-04 09:10:00,302.7729842077499,306.4,302.7729842077499,305.65,300.91189156747794,299.5029413606455,296.52181179126273,297.41577769237676,Up,180
2026-05-04 09:20:00,304.21149210387495,306.5,304.21149210387495,306.125,301.38581051588903,299.76262993473784,296.61736590279247,298.00473007925723,Up,51
2026-05-04 09:30:00,305.16824605193744,306.6,305.16824605193744,306.425,301.84391865080823,300.0238993490618,296.7149543017697,298.6807434333276,Up,52
2026-05-04 09:40:00,305.7966230259688,306.6,305.7966230259688,306.45000000000005,302.2626533189166,300.2759032961574,296.81182042812026,299.3576475291175,Up,53
2026-05-04 09:50:00,306.1233115129844,306.5,305.9,306.225,302.6228666535605,300.50920120611204,296.90548390644744,299.7630327419391,Up,44
2026-05-04 10:00:00,306.1741557564922,306.3,305.8,306.0,302.9298787759641,300.7245266490096,296.9959766038957,300.0163934017629,Up,32
2026-05-04 10:10:00,306.0870778782461,306.5,306.0,306.325,303.23852615996736,300.9441530549308,297.08880270733954,300.5830849106935,Up,16
2026-05-04 10:20:00,306.206038939123,306.6,306.206038939123,306.45000000000005,303.5304783272431,301.1600686214041,297.1819489490576,301.10801991169126,Up,9
2026-05-04 10:30:00,306.3280194695615,307.0,306.3280194695615,306.7,303.8186166611301,301.3773208323294,297.2766559246889,301.6060172165574,Up,40
2026-05-04 10:40:00,306.5140097347808,307.2,306.5140097347808,307.0,304.1078333283001,301.597818054591,297.37340561698056,302.0093788452895,Up,29
2026-05-04 10:50:00,306.7570048673904,307.2,305.8,306.6,304.33439393481825,301.7939820524502,297.46521252626434,302.0093788452895,Up,26
2026-05-04 11:00:00,306.6785024336952,306.6785024336952,306.1,306.3,304.51308539528935,301.9706886386286,297.5531208593364,302.0093788452895,Up,18
2026-05-04 11:10:00,306.4892512168476,306.7,306.1,306.35,304.68007763208124,302.1424263390745,297.6406519950644,302.0093788452895,Up,6
2026-05-04 11:20:00,306.4196256084238,306.6,306.1,306.27500000000003,304.8250705746193,302.3044880512677,297.7265659055613,302.10249839974955,Up,8
2026-05-04 11:30:00,306.3473128042119,306.6,306.2,306.42500000000007,304.9705187041994,302.46607675513957,297.81311748859054,302.3931803634086,Up,5
2026-05-04 11:40:00,306.386156402106,306.6,306.3,306.45,305.10501700381764,302.6223090392517,297.89905661805733,302.69834578491697,Up,5
2026-05-04 11:50:00,306.418078201053,306.5,306.3,306.4,305.22274273074333,302.7704537828105,297.9836431193702,302.9166779862881,Up,3
2026-05-04 12:00:00,306.40903910052646,306.7,306.3,306.55,305.34340248249396,302.91867128152376,298.06888050126696,303.18788907844373,Up,13
2026-05-04 12:10:00,306.47951955026326,306.7,306.47951955026326,306.65,305.46218407499447,303.0649978979346,298.1542647748862,303.49857513744894,Up,2
2026-05-04 12:20:00,306.5647597751316,307.0,306.5647597751316,306.82500000000005,305.5860764318131,303.2124489607607,298.2405407472754,303.8139428624476,Up,24
2026-05-04 12:30:00,306.69487988756583,307.4,306.6,307.075,305.7214331198301,303.3639215505348,298.3284458144667,304.0105117953471,Up,13
2026-05-04 12:40:00,306.8849399437829,307.8,306.8849399437829,307.40000000000003,305.87403010893644,303.5221991367884,298.4187100352183,304.2920043108553,Up,37
2026-05-04 12:50:00,307.1424699718915,307.4,307.1424699718915,307.29999999999995,306.00366373539674,303.6703481902477,298.50708107964397,304.4044371020553,Up,2
2026-05-04 13:00:00,307.2212349859457,307.4,307.2212349859457,307.4,306.1306033958152,303.8166090455321,298.5955678350704,304.63943213887086,Up,3
2026-05-04 13:10:00,307.3106174929728,307.3106174929728,307.0,307.0,306.2096394507411,303.94144790649165,298.67919402576626,304.63943213887086,Up,4
2026-05-04 13:20:00,307.1553087464864,307.1553087464864,306.9,307.0,306.2814904097647,304.0613911258449,298.76198811506214,304.63943213887086,Up,23
2026-05-04 13:30:00,307.0776543732432,307.5,307.0,307.25,306.3695367361497,304.18643461110594,298.84644594476305,304.85667077193386,Up,10
2026-05-04 13:40:00,307.1638271866216,307.9,307.1638271866216,307.7,306.4904879419543,304.3242214891018,298.9345410099893,305.0884605447494,Up,15
2026-05-04 13:50:00,307.4319135933108,307.9,307.4,307.75,306.6049890381403,304.4585657444311,299.0222570198402,305.2468608649442,Up,46
2026-05-04 14:00:00,307.5909567966554,307.8,307.5,307.65,306.69999003467296,304.5837200289632,299.1081052086975,305.35623714994927,Up,3
2026-05-04 14:10:00,307.6204783983277,307.6204783983277,306.9,307.2,306.74544548606633,304.6863192435137,299.1886215747801,305.35623714994927,Up,5
2026-05-04 14:20:00,307.4102391991638,307.4102391991638,306.6,306.8,306.750404987333,304.7692086849446,299.26435668348876,305.35623714994927,Up,11
2026-05-04 14:30:00,307.10511959958194,307.10511959958194,306.9,306.95,306.7685499884845,304.85472991298604,299.34083074633963,305.35623714994927,Up,7
2026-05-04 14:40:00,307.027559799791,307.027559799791,306.9,306.95,306.7850454440768,304.9368973673788,299.4165438732418,305.35623714994927,Up,2
2026-05-04 14:50:00,306.98877989989546,306.98877989989546,306.8,306.875,306.79322313097884,305.0129013921875,299.4907573670404,305.35623714994927,Up,7
2026-05-04 15:00:00,306.93188994994773,307.1,306.9,307.0,306.8120210281626,305.090826827788,299.5654761992092,305.35623714994927,Up,3
2026-05-04 15:10:00,306.96594497497387,307.1,306.96594497497387,307.1,306.83820093469325,305.16961793258065,299.6404465852867,305.35623714994927,Up,0
2026-05-04 15:20:00,307.032972487487,307.1,306.3,306.825,306.8370008497211,305.23453487640097,299.71193467896546,305.35623714994927,Up,12
2026-05-04 15:30:00,306.92898624374345,306.92898624374345,305.6,306.3,306.7881825906556,305.27631782242446,299.777487567732,305.35623714994927,Up,27
2026-05-04 15:40:00,306.61449312187176,307.5,306.0,306.725,306.78243871877777,305.3331288882117,299.84661704467,305.35623714994927,Up,38
2026-05-04 15:50:00,306.6697465609359,307.5,306.5,307.125,306.8135806534343,305.403398343576,299.91903876561855,305.35623714994927,Up,38
2026-05-04 16:00:00,306.89737328046795,306.89737328046795,306.0,306.25,306.7623460485766,305.43659840853377,299.98203340476664,305.35623714994927,Up,11
2026-05-04 16:10:00,306.573686640234,306.573686640234,305.5,305.825,306.67713277143326,305.4518298434933,300.04017237586345,305.35623714994927,Up,41
2026-05-04 16:20:00,306.199343320117,306.199343320117,305.1,305.375,306.5587570649393,305.4488169084544,300.0932552377952,305.35623714994927,Up,49
2026-05-04 16:30:00,305.7871716600585,305.7871716600585,305.0,305.275,306.4420518772175,305.44200055910323,300.14481488717036,308.5035020498408,Down,44
2026-05-04 16:40:00,305.53108583002927,306.0,304.9,305.525,306.3586835247432,305.4452554391384,300.19834906739754,308.5035020498408,Down,23
2026-05-04 16:50:00,305.5280429150146,305.9,304.8,305.5,306.2806213861301,305.4474022846624,300.25110181299556,308.5035020498408,Down,32
2026-05-04 17:00:00,305.5140214575073,305.9,305.3,305.525,306.21192853284555,305.4504453323227,300.30357841187123,308.5035020498408,Down,9
2026-05-04 17:10:00,305.51951072875363,306.1,305.1,305.45000000000005,306.1426623025868,305.4504278683101,300.3547865868775,308.5035020498408,Down,18
2026-05-04 17:20:00,305.48475536437684,306.0,305.0,305.5,306.0842384568971,305.4523718734744,300.4059827402419,308.5035020498408,Down,25
2026-05-04 17:30:00,305.4923776821884,306.8,305.4923776821884,306.075,306.08339859717915,305.4767886627499,300.46239087217975,308.5035020498408,Down,32
2026-05-04 17:40:00,305.7836888410942,305.8,305.7,305.75,306.05308963379923,305.4875028328382,300.5150038983272,308.5035020498408,Down,2
2026-05-04 17:50:00,305.7668444205471,305.7668444205471,304.4,304.85,305.94371784890836,305.4625027217465,300.55813818789613,308.5035020498408,Down,31
2026-05-04 18:00:00,305.30842221027353,305.30842221027353,304.1,304.35,305.7988344080985,305.41887516403096,300.5958681561758,308.3822979330379,Down,32
2026-05-04 18:10:00,304.8292111051368,304.8292111051368,302.0,303.575,305.59666764372594,305.34656633406894,300.6255112590994,307.78712488889187,Down,110
2026-05-04 18:20:00,304.2021055525684,305.9,303.5,304.475,305.4946978579327,305.3123872621447,300.66381462965563,307.78712488889187,Down,46
2026-05-04 18:30:00,304.3385527762842,306.2,304.3385527762842,305.55,305.49972532539334,305.32170540872727,300.7124333895596,307.78712488889187,Down,15
2026-05-04 18:40:00,304.9442763881421,307.0,304.9442763881421,306.475,305.5883866594485,305.3669326476007,300.76977236080774,307.78712488889187,Down,57
2026-05-04 18:50:00,305.7096381940711,306.7,305.7096381940711,306.5,305.6712605994986,305.4113666614203,300.8267895512475,307.78712488889187,Down,14
2026-05-04 19:00:00,306.10481909703554,307.8,306.10481909703554,306.92499999999995,305.78523690863506,305.4707248315607,300.8874682621804,307.78712488889187,Down,96
2026-05-04 19:10:00,306.5149095485177,310.4,306.5149095485177,308.75,306.05476082603184,305.59932385777404,300.96570240882534,302.58694316797096,Up,163
2026-05-04 19:20:00,307.63245477425886,311.4,307.63245477425886,310.225,306.4338734782107,305.7807229221751,301.0578347231654,302.58694316797096,Up,118
2026-05-04 19:30:00,308.9287273871294,309.9,308.9287273871294,309.475,306.7103395256461,305.9255965330702,301.1415876114921,302.58694316797096,Up,20
2026-05-04 19:40:00,309.2018636935647,310.0,309.2,309.5,306.9639450233146,306.0657692180478,301.22475589396487,303.0114306615288,Up,19
2026-05-04 19:50:00,309.3509318467824,309.8,308.1,308.95000000000005,307.1444954757405,306.17887630753614,301.30162399452246,303.0114306615288,Up,30
2026-05-04 20:00:00,309.1504659233912,310.0,308.1,309.0,307.3131777052186,306.2895086092014,301.3782247507959,303.0114306615288,Up,54
2026-05-04 20:10:00,309.07523296169563,310.4,309.07523296169563,309.925,307.55061609565325,306.4320768990366,301.463267290589,303.13944267283034,Up,27
2026-05-04 20:20:00,309.50011648084785,311.1,309.50011648084785,310.375,307.80737826877566,306.5867013343685,301.5519412478966,303.71994258980726,Up,96
2026-05-04 20:30:00,309.9375582404239,311.3,309.9375582404239,310.85,308.0839802443415,306.75388951733447,301.64445924542997,304.141422434351,Up,27
2026-05-04 20:40:00,310.393779120212,310.8,310.1,310.5,308.3036184039468,306.90079581077237,301.7325740788088,304.28876664921734,Up,16
2026-05-04 20:50:00,310.446889560106,310.8,310.1,310.5,308.50328945813345,307.041941073095,301.81981214767643,304.59433331747033,Up,7
2026-05-04 21:00:00,310.473444780053,311.7,310.473444780053,311.25,308.752990416485,307.2069629917972,301.9136448626249,305.3173689622914,Up,41
2026-05-04 21:10:00,310.8617223900265,311.8,310.5,311.15,308.97090037862273,307.36159189407965,302.0055488938426,305.4324059747863,Up,30
2026-05-04 21:20:00,311.00586119501327,311.3,310.4,310.95,309.15081852602066,307.50231378058635,302.09454840733673,305.4324059747863,Up,50
2026-05-04 21:30:00,310.97793059750666,311.6,310.8,311.075,309.3257441145642,307.64241912252413,302.1839061346269,305.88628592957554,Up,16
2026-05-04 21:40:00,311.0264652987533,311.8,310.8,311.27500000000003,309.50294919505836,307.784873274582,302.27436478005353,306.10571448143224,Up,15
2026-05-04 21:50:00,311.15073264937666,311.7,310.6,311.15,309.6526810864167,307.91683902852,302.3626795583615,306.10571448143224,Up,17
2026-05-04 22:00:00,311.1503663246883,311.8,310.6,311.20000000000005,309.793346442197,308.04559043916623,302.45061309509424,306.1072020507705,Up,14
2026-05-04 22:10:00,311.1751831623442,312.2,311.1751831623442,311.70000000000005,309.9666785838154,308.1889006180225,302.5426467956406,306.68511459545226,Up,98
2026-05-04 22:20:00,311.4375915811721,312.5,311.4375915811721,311.9,310.1424350761958,308.3344339271197,302.6357547877238,307.0347591058124,Up,36
2026-05-04 22:30:00,311.66879579058605,313.7,311.66879579058605,312.6,310.3658500692689,308.5017110280169,302.73490150625395,307.4602902875301,Up,30
2026-05-04 22:40:00,312.13439789529303,313.0,312.13439789529303,312.725,310.5803182447899,308.6673302033888,302.83430547136584,307.5032458116049,Up,4
2026-05-04 22:50:00,312.42969894764656,312.9,311.6,312.175,310.72528931344533,308.8048858816873,302.92724770548165,307.5032458116049,Up,49
2026-05-04 23:00:00,312.30234947382326,312.30234947382326,311.6,311.75,310.8184448304048,308.9203805529937,303.0150362855266,307.5032458116049,Up,6
2026-05-04 23:10:00,312.0261747369116,312.1,311.9,312.0,310.92585893673163,309.0411499430724,303.1044389095512,307.5032458116049,Up,8
2026-05-04 23:20:00,312.0130873684558,312.6,311.7,312.05,311.02805357884694,309.15914406295195,303.1934494676651,307.6820354453085,Up,11
2026-05-04 23:30:00,312.0315436842279,312.3,311.5,311.875,311.10504870804266,309.26564821734604,303.2798330550516,307.6820354453085,Up,75
2026-05-05 09:00:00,311.953271842114,311.953271842114,308.1,309.07500000000005,310.9204988254933,309.2581718166658,303.33749640773766,307.6820354453085,Up,23
2026-05-05 09:10:00,310.514135921057,310.514135921057,308.9,309.325,310.7754534777212,309.2607925297377,303.39707355790944,307.6820354453085,Up,80
2026-05-05 09:20:00,309.9195679605285,309.9195679605285,309.4,309.54999999999995,310.66404861611016,309.2721339991598,303.45829670658696,307.6820354453085,Up,16
2026-05-05 09:30:00,309.73478398026424,310.5,309.5,309.85,310.5900441964638,309.2947954109574,303.5218957443324,307.6820354453085,Up,60
2026-05-05 09:40:00,309.79239199013216,309.9,309.6,309.75,310.5136765422398,309.31264657131203,303.583866930956,307.6820354453085,Up,6
2026-05-05 09:50:00,309.7711959950661,309.7711959950661,309.4,309.575,310.4283423111271,309.3229349410645,303.6434801953246,307.6820354453085,Up,22
2026-05-05 10:00:00,309.67309799753303,309.67309799753303,309.1,309.425,310.3371293737519,309.3269374923953,303.7010077555702,307.6820354453085,Up,26
2026-05-05 10:10:00,309.5490489987665,309.5490489987665,309.2,309.3,310.242844885229,309.3258811201445,303.7567191211864,307.6820354453085,Up,5
2026-05-05 10:20:00,309.42452449938327,309.42452449938327,308.8,309.025,310.1321317138445,309.314081860531,303.80913982644825,307.6820354453085,Up,18
2026-05-05 10:30:00,309.2247622496916,309.2247622496916,308.8,308.875,310.0178470125859,309.29686296403963,303.85954639533935,307.6820354453085,Up,13
2026-05-05 10:40:00,309.0498811248458,309.0498811248458,308.8,308.9,309.9162245568962,309.2812997105479,303.9097001625499,307.6820354453085,Up,5
2026-05-05 10:50:00,308.9749405624229,309.0,308.6,308.8,309.8147495971784,309.2624252120951,303.958359862425,307.6820354453085,Up,3
2026-05-05 11:00:00,308.88747028121145,308.9,308.6,308.75,309.71795417925307,309.24233010573846,304.00603787374416,307.6820354453085,Up,3
2026-05-05 11:10:00,308.8187351406057,308.9,308.5,308.7,309.62541289023005,309.22106225845465,304.0527439645527,307.6820354453085,Up,12
2026-05-05 11:20:00,308.75936757030286,308.8,308.3,308.475,309.52082990020915,309.1918049149859,304.0967465121691,307.6820354453085,Up,7
2026-05-05 11:30:00,308.6171837851514,308.6171837851514,308.2,308.3,309.4098453638265,309.1568321732217,304.13856992995846,307.6820354453085,Up,8
2026-05-05 11:40:00,308.45859189257567,309.3,308.2,308.75,309.3498594216604,309.1408779703503,304.1844548062773,307.6820354453085,Up,9
2026-05-05 11:50:00,308.60429594628783,309.7,308.60429594628783,309.5,309.3635085651458,309.1549611871993,304.2373458032298,307.6820354453085,Up,10
2026-05-05 12:00:00,309.0521479731439,309.7,309.0521479731439,309.5,309.37591687740525,309.16849212103466,304.2897105216056,307.6820354453085,Up,13
2026-05-05 12:10:00,309.276073986572,309.3,308.8,309.05,309.3462880703684,309.1638453711902,304.3370765860673,307.6820354453085,Up,6
2026-05-05 12:20:00,309.163036993286,309.163036993286,308.8,308.9,309.30571642760765,309.1534984938886,304.38247880909154,307.6820354453085,Up,1
2026-05-05 12:30:00,309.031518496643,309.031518496643,309.0,309.0,309.27792402509783,309.1474789451087,304.4284242935782,307.6820354453085,Up,0
2026-05-05 12:40:00,309.0157592483215,309.1,308.9,309.025,309.2549309319071,309.1426758492221,304.4741613652839,307.6820354453085,Up,3
2026-05-05 12:50:00,309.02037962416074,309.1,308.6,308.85,309.2181190290064,309.1311983649389,304.51770204821645,307.6820354453085,Up,3
2026-05-05 13:00:00,308.93518981208035,308.93518981208035,308.3,308.45,309.14829002636947,309.10448470356874,304.5568293910203,307.6820354453085,Up,12
2026-05-05 13:10:00,308.6925949060402,308.6925949060402,307.0,307.725,309.01890002397226,309.0503872642131,304.5883534766818,307.6820354453085,Up,57
2026-05-05 13:20:00,308.2087974530201,308.2087974530201,307.3,307.65,308.89445456724746,308.9954701165969,304.6188176211924,310.6471562473391,Down,23
2026-05-05 13:30:00,307.92939872651004,308.4,307.8,308.04999999999995,308.81768597022494,308.9583928571225,304.65295873938953,310.6471562473391,Down,14
2026-05-05 13:40:00,307.989699363255,308.2,307.7,308.05,308.7478963365681,308.92276960782357,304.68676014496776,310.6471562473391,Down,12
2026-05-05 13:50:00,308.01984968162753,308.2,307.9,308.125,308.69126939688005,308.89148452516383,304.7209714868089,310.6471562473391,Down,3
2026-05-05 14:00:00,308.07242484081377,308.2,307.6,307.9,308.6193358153455,308.85260277907895,304.75260361131825,310.54831467852534,Down,10
2026-05-05 14:10:00,307.9862124204069,308.1,307.6,307.77500000000003,308.54257801395045,308.81034384656607,304.7826772072255,310.4393769804777,Down,22
2026-05-05 14:20:00,307.8806062102035,308.2,307.8,308.0,308.4932527399549,308.77856565650467,304.8146903693427,310.4393769804777,Down,4
2026-05-05 14:30:00,307.94030310510175,308.2,307.5,308.025,308.4506843090499,308.74901406213195,304.84663374875225,310.3850222979154,Down,8
2026-05-05 14:40:00,307.98265155255086,308.3,307.98265155255086,308.225,308.4301675536817,308.72846449106794,304.8802493333418,310.3850222979154,Down,6
2026-05-05 14:50:00,308.10382577627547,308.6,308.10382577627547,308.45000000000005,308.43197050334703,308.71754431494765,304.91576924047274,310.3850222979154,Down,12
2026-05-05 15:00:00,308.27691288813776,309.0,308.27691288813776,308.75,308.46088227577,308.7188170869105,304.95392079031876,310.3850222979154,Down,7
2026-05-05 15:10:00,308.5134564440689,308.9,308.5134564440689,308.725,308.4848929779727,308.7190595540905,304.9914439665345,310.3850222979154,Down,7
2026-05-05 15:20:00,308.61922822203445,308.61922822203445,308.2,308.40000000000003,308.4771754345207,308.70654741471446,305.02535994696706,310.3850222979154,Down,9
2026-05-05 15:30:00,308.50961411101724,308.50961411101724,308.1,308.2,308.45197766774606,308.68668281021587,305.0569484052062,310.3850222979154,Down,14
2026-05-05 15:40:00,308.3548070555086,308.3548070555086,308.0,308.05,308.4154342434055,308.6617148568741,305.0867300131146,310.36284607980673,Down,2
2026-05-05 15:50:00,308.2024035277543,308.9,308.0,308.45,308.4185765849141,308.6534123134673,305.1201953861185,310.36284607980673,Down,7
2026-05-05 16:00:00,308.3262017638772,308.9,308.3262017638772,308.775,308.45097871355824,308.65818045803724,305.15656160118203,310.36284607980673,Down,11
2026-05-05 16:10:00,308.5506008819386,309.2,308.3,308.65,308.46907155778024,308.6578596557613,305.1913221822648,310.36284607980673,Down,7
2026-05-05 16:20:00,308.60030044096925,308.60030044096925,307.3,308.0,308.4264286888911,308.6320612378883,305.2192692252274,310.36284607980673,Down,5
2026-05-05 16:30:00,308.3001502204846,308.6,308.1,308.35,308.41948062626466,308.6210000128731,305.2504207752251,310.36284607980673,Down,15
2026-05-05 16:40:00,308.3250751102423,309.6,308.3250751102423,309.05,308.47680056933154,308.63782354178005,305.28822753368064,310.36284607980673,Down,28
2026-05-05 16:50:00,308.68753755512114,310.4,308.68753755512114,309.79999999999995,308.59709142666503,308.6833990891612,305.333120792052,310.36284607980673,Down,24
2026-05-05 17:00:00,309.24376877756055,310.0,309.24376877756055,309.825,308.7087194787864,308.72816775233133,305.377816107554,310.36284607980673,Down,16
2026-05-05 17:10:00,309.53438438878027,309.9,308.1,309.0,308.7351995261694,308.7388278404752,305.4138577383246,310.36284607980673,Down,47
2026-05-05 17:20:00,309.26719219439013,309.26719219439013,307.2,307.975,308.66609047833583,308.7088738075154,305.4393417409284,310.36284607980673,Down,48
2026-05-05 17:30:00,308.62109609719505,308.62109609719505,306.9,307.55,308.564627707578,308.6634277758481,305.46034331564556,310.36284607980673,Down,50
2026-05-05 17:40:00,308.0855480485975,310.0,307.3,308.42499999999995,308.5519342796164,308.65407766699127,305.48984238713166,310.36284607980673,Down,48
2026-05-05 17:50:00,308.2552740242987,309.1,307.2,308.35,308.5335766178331,308.6421530525995,305.5183016668617,310.36284607980673,Down,64
2026-05-05 18:00:00,308.3026370121494,308.3026370121494,306.6,307.475,308.43734237984825,308.59638234465444,305.53777130201735,310.36284607980673,Down,83
2026-05-05 18:10:00,307.8888185060747,308.0,307.1,307.6,308.36122034531655,308.557308527217,305.5582909905545,310.36284607980673,Down,23
2026-05-05 18:20:00,307.74440925303736,308.3,307.6,307.975,308.32610940483323,308.5344728986987,305.5823378463699,310.36284607980673,Down,8
2026-05-05 18:30:00,307.8597046265187,308.1,306.4,307.3,308.2328267316666,308.48606219678896,305.5994290120777,310.36284607980673,Down,38
2026-05-05 18:40:00,307.5798523132594,307.5798523132594,306.4,307.025,308.1230243015151,308.4287656400522,305.6136137980272,310.36284607980673,Down,48
2026-05-05 18:50:00,307.3024261566297,307.8,306.7,307.25,308.0436584559228,308.38253953652077,305.62989624779806,310.36284607980673,Down,26
2026-05-05 19:00:00,307.27621307831487,307.8,306.0,307.2,307.9669622326571,308.3361654370494,305.64551917070554,310.36284607980673,Down,82
2026-05-05 19:10:00,307.23810653915746,307.9,307.23810653915746,307.775,307.9495111205974,308.31415894932195,305.6667080346786,310.36284607980673,Down,9
2026-05-05 19:20:00,307.5065532695787,307.9,306.7,307.3,307.8904646550885,308.2743880101329,305.6829596960251,310.36284607980673,Down,23
2026-05-05 19:30:00,307.40327663478934,307.40327663478934,304.3,305.65,307.6867860500805,308.17147083326495,305.6826317388507,310.36284607980673,Down,130
2026-05-05 19:40:00,306.52663831739466,306.52663831739466,303.6,304.57500000000005,307.4038964091641,308.0304327613722,305.6716105275189,310.36284607980673,Down,115
2026-05-05 19:50:00,305.5508191586973,305.8,304.1,304.875,307.1739967356037,307.9066903001419,305.66368405460827,310.36284607980673,Down,34
2026-05-05 20:00:00,305.21290957934866,305.6,305.0,305.275,307.0013606687306,307.80348675895993,305.65981655157736,310.36284607980673,Down,23
2026-05-05 20:10:00,305.2439547896743,305.3,302.6,303.95,306.72396424430053,307.6523696311576,305.6428034515617,310.33602187815757,Down,107
2026-05-05 20:20:00,304.59697739483715,304.59697739483715,302.2,302.775,306.36496749481864,307.46110023385734,305.6142680938347,310.07559127568436,Down,88
2026-05-05 20:30:00,303.68598869741857,303.68598869741857,303.1,303.375,306.0931522680169,307.3008610090002,305.5919868192692,309.79435621892134,Down,28
2026-05-05 20:40:00,303.5304943487093,304.0,303.2,303.475,305.8551384254699,307.15082724394136,305.5709222738039,309.7103289729201,Down,13
2026-05-05 20:50:00,303.5027471743547,303.5027471743547,302.1,302.825,305.57967129588167,306.9811869598652,305.5435996641143,308.86630798959726,Down,50
2026-05-05 21:00:00,303.16387358717736,303.16387358717736,301.8,302.425,305.2928829962561,306.80251296143916,305.51256882168536,308.4914675547622,Down,85
2026-05-05 21:10:00,302.7944367935887,302.9,301.2,302.04999999999995,304.99807545114186,306.61613990412786,305.4781154005741,308.13139160106675,Down,85
2026-05-05 21:20:00,302.42221839679434,302.42221839679434,301.6,301.875,304.714159501038,306.430212849064,305.442263506041,307.83863552547405,Down,61
2026-05-05 21:30:00,302.14860919839714,302.14860919839714,301.6,301.8,304.44923591003453,306.2486358745909,305.4060220781202,307.37155005959465,Down,17
2026-05-05 21:40:00,301.9743045991986,302.7,301.6,302.25,304.24930537275867,306.09182662460694,305.3746188733628,307.37155005959465,Down,15
2026-05-05 21:50:00,302.1121522995993,303.3,302.1121522995993,302.9,304.1266412479624,305.96665695305376,305.34999579999607,307.37155005959465,Down,20
2026-05-05 22:00:00,302.50607614979964,303.1,302.50607614979964,302.95,304.01967386178404,305.848356680385,305.3261152447722,307.37155005959465,Down,6
2026-05-05 22:10:00,302.7280380748998,303.1,302.6,302.77500000000003,303.90652169253093,305.72783288899734,305.30073101348097,307.37155005959465,Down,11
2026-05-05 22:20:00,302.75151903744995,302.8,302.0,302.5,303.778656084119,305.6012512070759,305.2728630431976,307.04577655032836,Down,22
2026-05-05 22:30:00,302.625759518725,303.3,301.6,302.70000000000005,303.68059644010816,305.4874766499357,305.2472624159021,307.04577655032836,Down,57
2026-05-05 22:40:00,302.6628797593625,303.8,302.6628797593625,303.325,303.6482694910074,305.4026736440558,305.22813542668916,307.04577655032836,Down,23
2026-05-05 22:50:00,302.99393987968125,303.9,302.99393987968125,303.425,303.62797226455217,305.32511781487716,305.21019378065245,307.04577655032836,Down,18
2026-05-05 23:00:00,303.20946993984063,303.5,303.0,303.3,303.5981566041383,305.24570142998,305.1911868773624,307.04577655032836,Down,9
2026-05-05 23:10:00,303.2547349699203,303.4,302.8,303.175,303.5596878219439,305.1644974523337,305.1711253163936,307.04577655032836,Down,21
2026-05-05 23:20:00,303.21486748496017,303.6,302.7,303.15,303.5224434744944,305.0854975522422,305.15101461672805,307.04577655032836,Down,12
2026-05-05 23:30:00,303.18243374248004,303.6,302.8,303.07500000000005,303.48176679499494,305.0066545109778,305.1303577548701,307.04577655032836,Down,27
2026-05-06 09:00:00,303.12871687124004,303.12871687124004,300.1,300.77500000000003,303.23569708635904,304.8407072752532,305.0870208617868,306.4612556433269,Down,18
2026-05-06 09:10:00,301.95185843562,301.95185843562,300.4,300.65,303.0006337148718,304.6763658134786,305.0428714004755,306.14651156504175,Down,64
2026-05-06 09:20:00,301.30092921781,301.30092921781,300.3,300.475,302.77103064988347,304.5116063698128,304.9974199437544,305.68315009468296,Down,14
2026-05-06 09:30:00,300.887964608905,301.0,300.7,300.85,302.5963914998941,304.3680139631535,304.95615208361755,305.47971407797996,Down,19
2026-05-06 09:40:00,300.8689823044525,301.2,300.8689823044525,301.0,302.4512649999037,304.2359349842063,304.91678738626814,305.3705948594807,Down,15
2026-05-06 09:50:00,300.93449115222626,301.1,300.9,301.0,302.31933181809427,304.109035573061,304.87781437744957,305.01463973386774,Down,16
2026-05-06 10:00:00,300.9672455761131,301.1,300.6,300.925,302.1925743800857,303.984171432941,304.8384828911068,304.6814906671525,Down,15
2026-05-06 10:10:00,300.9461227880565,300.9461227880565,300.5,300.79999999999995,302.0659767091688,303.8593019649826,304.7982989817426,304.3684611961874,Down,6
2026-05-06 10:20:00,300.87306139402824,301.0,300.8,300.875,301.9577060992444,303.7422705153755,304.7592611809293,304.28672709287196,Down,17
2026-05-06 10:30:00,300.8740306970141,301.1,300.7,300.82500000000005,301.8547328174949,303.6278677500667,304.7201143035071,304.12429735715637,Down,5
2026-05-06 10:40:00,300.8495153485071,300.8495153485071,300.7,300.7,301.7497571068135,303.5130494069268,304.6801131661588,303.7603063074892,Down,2
2026-05-06 10:50:00,300.7747576742536,300.8,300.7,300.725,301.6565973698304,303.403714136067,304.64075880629656,303.500498757487,Down,2
2026-05-06 11:00:00,300.7498788371268,301.1,300.7,300.9,301.5878157907549,303.30552926798595,304.60353732563686,303.500498757487,Down,6
2026-05-06 11:10:00,300.8249394185634,301.1,300.8249394185634,301.1,301.54346890068626,303.2190379241434,304.5686762577201,303.4678626128512,Down,1
2026-05-06 11:20:00,300.9624697092817,301.1,300.8,300.95,301.48951718244206,303.13005604476524,304.53266952878755,303.33672082142687,Down,10
2026-05-06 11:30:00,300.95623485464085,301.2,300.7,300.85,301.4313792567655,303.0406420822255,304.49602605088916,303.30156438311525,Down,2
2026-05-06 11:40:00,300.90311742732047,301.1,300.6,300.875,301.3807993243323,302.95571494174607,304.45999594093007,303.1696039846503,Down,2
2026-05-06 11:50:00,300.88905871366023,301.3,300.8,301.0,301.34618120393844,302.8790202381482,304.4255681206223,303.1696039846503,Down,3
2026-05-06 12:00:00,300.9445293568301,301.1,300.8,300.95000000000005,301.31016473085316,302.8033723856718,304.390985353253,303.14140825177714,Down,10
2026-05-06 12:10:00,300.9472646784151,301.1,300.9472646784151,301.05,301.2865133916847,302.7346126842729,304.3577417178973,303.07136177594487,Down,1
2026-05-06 12:20:00,300.9986323392076,301.7,300.9986323392076,301.3,301.28773944698605,302.67835336332104,304.3273164271719,303.07136177594487,Down,11
2026-05-06 12:30:00,301.1493161696038,301.8,301.1493161696038,301.575,301.3138540427146,302.6350846039751,304.2999301940657,303.07136177594487,Down,7
2026-05-06 12:40:00,301.3621580848019,301.8,301.3621580848019,301.65,301.34441276610414,302.59645383519177,304.27356272944814,303.07136177594487,Down,4
2026-05-06 12:50:00,301.5060790424009,301.5060790424009,301.0,301.1,301.32219342373105,302.5377693710666,304.2419849908467,303.07136177594487,Down,6
2026-05-06 13:00:00,301.3030395212005,301.3030395212005,300.9,300.95,301.2883576579373,302.4755039055346,304.209228921286,303.07136177594487,Down,5
2026-05-06 13:10:00,301.1265197606002,301.1265197606002,300.9,300.9,301.2530524163066,302.4137194386509,304.17630127032794,303.0196902964348,Down,0
2026-05-06 13:20:00,301.0132598803001,301.0132598803001,300.4,300.67499999999995,301.20050219664233,302.3455343626254,304.1414624517177,302.75366118401803,Down,17
2026-05-06 13:30:00,300.84412994015,300.84412994015,298.5,299.54999999999995,301.0504565424021,302.23590556409107,304.09577625816826,302.3854133518277,Down,94
2026-05-06 13:40:00,300.19706497007496,300.19706497007496,298.9,299.125,300.8754150385474,302.1139092674601,304.046315797888,302.3854133518277,Down,37
2026-05-06 13:50:00,299.6610324850375,299.9,299.2,299.54999999999995,300.7549227623158,302.01336380599105,304.0015763372125,302.3854133518277,Down,13
2026-05-06 14:00:00,299.6055162425187,300.0,299.6055162425187,299.95,300.68174796574164,301.93244757830513,303.96126214480245,302.3854133518277,Down,5
2026-05-06 14:10:00,299.7777581212593,300.0,299.5,299.75,300.59704360521965,301.84686139876374,303.91935903888407,302.3854133518277,Down,6
2026-05-06 14:20:00,299.7638790606297,299.9,297.9,298.9,300.44276691383607,301.73129820665537,303.8694151678504,302.1464588048399,Down,83
2026-05-06 14:30:00,299.3319395303148,299.3319395303148,295.7,297.025,300.13206083076005,301.54673749266885,303.80131153433945,301.78800123512633,Down,155
2026-05-06 14:40:00,298.1784697651574,298.1784697651574,295.8,296.075,299.7632371188728,301.3321595517799,303.72443281260473,301.73779795169855,Down,83
2026-05-06 14:50:00,297.1267348825787,297.1267348825787,295.1,295.7,299.393851926248,301.11129054974936,303.64458770999175,301.16723746142696,Down,148
2026-05-06 15:00:00,296.4133674412893,296.4133674412893,295.0,295.5,299.03986538749814,300.89123993995526,303.5635470362605,300.81506280851136,Down,87
2026-05-06 15:10:00,295.95668372064466,296.0,295.6,295.8,298.74533217045285,300.69158347172174,303.48629781201913,300.6257991707879,Down,19
2026-05-06 15:20:00,295.87834186032234,297.7,295.7,296.55,298.54575651859346,300.529168433615,303.41727992334233,300.6257991707879,Down,57
2026-05-06 15:30:00,296.2141709301612,297.6,296.2141709301612,297.175,298.4211422896304,300.39763241661046,303.3551676852992,300.6257991707879,Down,13
2026-05-06 15:40:00,296.6945854650806,297.1,296.6,296.85,298.2783111723913,300.2585095767434,303.2904396486296,300.6257991707879,Down,12
2026-05-06 15:50:00,296.77229273254034,297.5,296.77229273254034,297.175,298.1780101567193,300.13758763255737,303.22958950287216,300.6257991707879,Down,29
2026-05-06 16:00:00,296.97364636627015,297.5,296.97364636627015,297.2,298.0891001424721,300.0223881175551,303.1695935874207,300.6257991707879,Down,10
2026-05-06 16:10:00,297.08682318313504,297.3,296.7,297.075,297.99690922042913,299.9068042698079,303.10895086515785,300.6257991707879,Down,17
2026-05-06 16:20:00,297.08091159156754,297.08091159156754,294.3,295.67499999999995,297.7858265640265,299.74085116118795,303.03498120480805,300.5996821071851,Down,146
2026-05-06 16:30:00,296.37795579578375,296.37795579578375,292.2,293.5,297.3962059672968,299.4961118999649,302.94010576993435,300.27116756126895,Down,147
2026-05-06 16:40:00,294.93897789789185,294.93897789789185,292.0,292.625,296.96245997026983,299.22665653133885,302.8374679015768,299.9765624239767,Down,90
2026-05-06 16:50:00,293.7819889489459,293.7819889489459,292.6,292.825,296.58632724569986,298.97561117716873,302.73784135529246,299.5363299786631,Down,80
2026-05-06 17:00:00,293.3034944744729,293.3034944744729,292.6,292.725,296.23529749609077,298.73048917022095,302.63821109305076,298.9760502317631,Down,32
2026-05-06 17:10:00,293.0142472372365,293.0142472372365,292.1,292.525,295.89799772371885,298.48713665374174,302.5375821269508,298.36621624536474,Down,59
2026-05-06 17:20:00,292.7696236186182,293.8,292.5,293.15,295.6481797488353,298.2778371771244,302.4441733495682,298.36621624536474,Down,79
2026-05-06 17:30:00,292.9598118093091,294.7,292.9598118093091,294.15,295.5119815898502,298.1159612093941,302.3616442615128,298.36621624536474,Down,67
2026-05-06 17:40:00,293.55490590465456,294.9,293.55490590465456,294.575,295.42680144531835,297.9770999854963,302.2841652141346,298.36621624536474,Down,44
2026-05-06 17:50:00,294.0649529523273,295.0,294.0649529523273,294.75,295.3652740411985,297.85054704488863,302.20919839608354,298.36621624536474,Down,30
2026-05-06 18:00:00,294.40747647616365,295.1,294.1,294.57500000000005,295.2934309465441,297.7220942195989,302.1332362229882,298.36621624536474,Down,19
2026-05-06 18:10:00,294.49123823808185,295.0,294.1,294.55,295.2258463150401,297.59769836784994,302.0577811361923,298.36621624536474,Down,15
2026-05-06 18:20:00,294.52061911904093,295.2,294.1,294.85,295.19167846821824,297.48994549067936,301.9860619209068,298.36621624536474,Down,10
2026-05-06 18:30:00,294.6853095595205,296.5,294.6853095595205,295.225,295.19470769838017,297.40112409888803,301.91878767293764,298.36621624536474,Down,62
2026-05-06 18:40:00,294.9551547797603,294.9551547797603,293.2,294.3,295.11337063489106,297.2795113891277,301.8429788403711,298.36621624536474,Down,98
2026-05-06 18:50:00,294.6275773898801,294.6275773898801,292.0,293.75,294.98942784990095,297.1410991777894,301.76245168773056,298.36621624536474,Down,166
2026-05-06 19:00:00,294.18878869494006,294.18878869494006,293.7,293.9,294.8903889544554,297.01399724924863,301.6842183376039,298.36621624536474,Down,9
2026-05-06 19:10:00,294.04439434747,294.04439434747,292.2,293.25,294.74126268586855,296.86638951398396,301.60029576708047,298.36621624536474,Down,38
2026-05-06 19:20:00,293.647197173735,293.647197173735,292.2,292.75,294.560238805335,296.7049624742199,301.5122331226319,298.36621624536474,Down,79
2026-05-06 19:30:00,293.1985985868675,293.1985985868675,291.7,292.175,294.3433989139409,296.52731688699555,301.4193253303669,298.3257637074797,Down,74
2026-05-06 19:40:00,292.6867992934337,292.7,291.5,292.1,294.1394535581281,296.35369661691726,301.32659572508965,297.8786040127691,Down,87
2026-05-06 19:50:00,292.3933996467169,292.7,292.2,292.45,293.9858668710255,296.2006104750774,301.2382713895166,297.8786040127691,Down,6
2026-05-06 20:00:00,292.42169982335844,292.5,291.9,292.3,293.83260624638683,296.0476453584077,301.14933336574035,297.39223472129675,Down,16
2026-05-06 20:10:00,292.3608499116792,292.3608499116792,291.8,292.1,293.6750965876244,295.89283573650937,301.0592902476733,297.00458376126545,Down,12
2026-05-06 20:20:00,292.2304249558396,293.0,292.2304249558396,292.65,293.5819059887495,295.7656657076267,300.97561571784576,297.00458376126545,Down,10
2026-05-06 20:30:00,292.4402124779198,293.5,292.4402124779198,293.025,293.53127817159043,295.6581886210531,300.8965051136881,297.00458376126545,Down,13
2026-05-06 20:40:00,292.7326062389599,292.8,292.3,292.55,293.44207106508225,295.5362988712079,300.8134553115619,297.00458376126545,Down,5
2026-05-06 20:50:00,292.64130311948,293.0,292.3,292.475,293.3541555137111,295.41624793508214,300.73048560696924,297.00458376126545,Down,20
2026-05-06 21:00:00,292.55815155973994,292.55815155973994,291.6,291.975,293.2287777397373,295.28129703566714,300.6433663471984,296.4473673114887,Down,60
2026-05-06 21:10:00,292.26657577987,292.26657577987,291.6,291.70000000000005,293.0897979452157,295.1408540146606,300.5543776273258,296.14685320226835,Down,16
2026-05-06 21:20:00,291.983287889935,292.0,291.6,291.775,292.970270859287,295.0088597395759,300.46702063600907,295.77596846575756,Down,13
2026-05-06 21:30:00,291.8791439449675,292.5,291.8791439449675,292.1,292.8911553266245,294.89478680861214,300.38376669933234,295.77596846575756,Down,38
2026-05-06 21:40:00,291.98957197248376,293.1,291.98957197248376,292.475,292.8533230242041,294.79989320827445,300.30507250331914,295.77596846575756,Down,24
2026-05-06 21:50:00,292.2322859862419,292.6,292.2,292.475,292.81893002200366,294.70872092559705,300.2271613341319,295.77596846575756,Down,5
2026-05-06 22:00:00,292.35364299312096,292.6,292.2,292.375,292.77857274727603,294.61720245792657,300.1490303755833,295.77596846575756,Down,11
2026-05-06 22:10:00,292.3643214965605,293.0,292.2,292.6,292.76233886116006,294.5380964791844,300.073915645478,295.77596846575756,Down,13
2026-05-06 22:20:00,292.48216074828025,293.8,292.48216074828025,293.45,292.8248535101455,294.4954260290203,300.0080060370653,295.77596846575756,Down,41
2026-05-06 22:30:00,292.9660803741401,294.2,292.9660803741401,293.85,292.9180486455868,294.4701152043528,299.9467323451542,295.77596846575756,Down,34
2026-05-06 22:40:00,293.40804018707007,294.0,293.2,293.52500000000003,292.97322604144256,294.43305186300563,299.8828345108741,295.77596846575756,Down,27
2026-05-06 22:50:00,293.46652009353505,293.7,293.2,293.35,293.00747821949324,294.39057924092697,299.8178311824077,295.77596846575756,Down,5
2026-05-06 23:00:00,293.4082600467675,293.8,293.3,293.55,293.05679838135745,294.3576153491259,299.75546470298076,295.77596846575756,Down,2
2026-05-06 23:10:00,293.47913002338373,293.8,292.9,293.35,293.0834530739613,294.3181010217092,299.69172873578697,295.77596846575756,Down,13
2026-05-06 23:20:00,293.4145650116919,293.9,292.9,293.275,293.10086643087396,294.27719509928926,299.62788068866473,295.77596846575756,Down,31
2026-05-06 23:30:00,293.344782505846,294.0,293.344782505846,293.7,293.15533311897633,294.25455999735635,299.5688968012154,295.77596846575756,Down,37
2026-05-07 09:00:00,293.52239125292294,294.9,292.4,294.025,293.23439374452397,294.24555764451884,299.5137336489645,295.77596846575756,Down,11
2026-05-07 09:10:00,293.77369562646146,294.3,293.5,293.92499999999995,293.2971761313854,294.23298675649846,299.4581243589251,295.77596846575756,Down,65
2026-05-07 09:20:00,293.8493478132307,293.9,293.5,293.7,293.3337964830776,294.21208531506716,299.4008295891846,295.77596846575756,Down,30
2026-05-07 09:30:00,293.77467390661536,294.1,293.5,293.775,293.3739058937069,294.19494471447626,299.3448511853121,295.77596846575756,Down,22
2026-05-07 09:40:00,293.77483695330767,294.1,293.77483695330767,293.975,293.4285508124608,294.1863194315556,299.29141983023436,295.77596846575756,Down,18
2026-05-07 09:50:00,293.8749184766539,294.1,293.8,293.925,293.47368255678253,294.17607161071027,299.23802261799324,295.77596846575756,Down,38
2026-05-07 10:00:00,293.8999592383269,294.1,293.8,293.875,293.51016596071133,294.1642648808785,299.184659208859,295.77596846575756,Down,5
2026-05-07 10:10:00,293.88747961916346,294.3,293.8,293.975,293.5524236006467,294.15684272868714,299.1328218037957,295.77596846575756,Down,13
2026-05-07 10:20:00,293.9312398095817,294.5,293.9312398095817,294.175,293.60902145513336,294.1575547785426,299.08349024355897,295.77596846575756,Down,13
2026-05-07 10:30:00,294.05311990479083,294.2,294.0,294.1,293.6536558683031,294.1552977284037,299.0339032759614,295.77596846575756,Down,3
2026-05-07 10:40:00,294.0765599523954,294.3,294.0,294.1,293.69423260754826,294.153129190035,298.9848097110265,295.77596846575756,Down,4
2026-05-07 10:50:00,294.0882799761977,294.2,294.0882799761977,294.125,293.73339327958934,294.1520260845434,298.9364533954939,295.77596846575756,Down,4
2026-05-07 11:00:00,294.1066399880989,294.1066399880989,294.0,294.05,293.76217570871756,294.14802506162016,298.8878319686731,295.77596846575756,Down,6
2026-05-07 11:10:00,294.0783199940495,294.2,294.0,294.1,293.79288700792506,294.1461417258704,298.84019184958186,295.77596846575756,Down,8
2026-05-07 11:20:00,294.08915999702475,294.2,294.0,294.1,293.82080637084096,294.14433224642454,298.79302576152634,295.77596846575756,Down,13
2026-05-07 11:30:00,294.0945799985124,294.1,293.8,293.95000000000005,293.83255124621905,294.1367113740157,298.7448364504664,295.77596846575756,Down,10
2026-05-07 11:40:00,294.0222899992562,294.0222899992562,293.2,293.575,293.80913749656276,294.1146834769955,298.6933952917553,295.6219896093878,Down,24
2026-05-07 11:50:00,293.7986449996281,293.7986449996281,293.3,293.35,293.76739772414794,294.0846958896623,298.6402271793995,295.55868850855126,Down,3
2026-05-07 12:00:00,293.574322499814,293.574322499814,293.2,293.32500000000005,293.7271797492254,294.0549038939893,298.58733934676866,295.3499748941459,Down,3
2026-05-07 12:10:00,293.449661249907,293.449661249907,292.9,293.17499999999995,293.6769815902049,294.02039785893095,298.53348522391525,295.15908348331874,Down,26
2026-05-07 12:20:00,293.31233062495346,293.31233062495346,292.2,292.70000000000005,293.5881650820044,293.96861755073763,298.4754405948216,294.9645154109736,Down,24
2026-05-07 12:30:00,293.00616531247675,293.00616531247675,292.2,292.425,293.48242280182217,293.9080835291401,298.41523720581836,294.90382467759076,Down,12
2026-05-07 12:40:00,292.7155826562384,292.7155826562384,291.0,291.7,293.32038436529285,293.8214920181934,298.34841892516346,294.5732232225263,Down,83
2026-05-07 12:50:00,292.2077913281192,292.2077913281192,290.5,291.075,293.11625851390255,293.7137864488525,298.2760465975499,294.44348514192745,Down,107
2026-05-07 13:00:00,291.6413956640596,291.6413956640596,290.8,291.1,292.93296228536593,293.61128501948576,298.2046431488181,294.3353775988405,Down,53
2026-05-07 13:10:00,291.3706978320298,291.4,291.0,291.15,292.7708748048781,293.5147640383295,298.134447694601,294.17698160619153,Down,20
2026-05-07 13:20:00,291.2603489160149,292.0,291.0,291.5,292.6553407317073,293.4357536838852,298.06843328967966,294.17698160619153,Down,10
2026-05-07 13:30:00,291.38017445800745,292.1,291.38017445800745,291.775,292.5753097560975,293.3706260884387,298.0058120629167,294.17698160619153,Down,9
2026-05-07 13:40:00,291.5775872290037,291.9,291.5,291.7,292.4957361419068,293.3051113398725,297.9430676642807,294.17698160619153,Down,3
2026-05-07 13:50:00,291.6387936145019,292.3,291.6387936145019,292.075,292.45748740173343,293.25687167948536,297.8846789313028,294.17698160619153,Down,13
2026-05-07 14:00:00,291.8568968072509,292.2,291.3,291.9,292.4068067288486,293.2036610253879,297.82512988721027,294.17698160619153,Down,50
2026-05-07 14:10:00,291.87844840362544,291.9,291.2,291.55,292.3289152080442,293.1388115734119,297.76269078385496,294.17698160619153,Down,19
2026-05-07 14:20:00,291.7142242018127,291.7142242018127,291.2,291.35,292.2399229164038,293.0686620999448,297.6988829153589,294.17698160619153,Down,8
2026-05-07 14:30:00,291.5321121009064,292.0,291.3,291.625,292.1840208330944,293.01204789994694,297.63844626943495,294.17698160619153,Down,14
2026-05-07 14:40:00,291.5785560504532,292.2,291.5785560504532,292.04999999999995,292.1718371209949,292.97432053132155,297.58283983889334,294.17698160619153,Down,8
2026-05-07 14:50:00,291.8142780252266,292.2,291.8142780252266,292.1,292.16530647363174,292.94003345166186,297.52828421860585,294.17698160619153,Down,17
2026-05-07 15:00:00,291.9571390126133,292.1,291.8,291.95,292.1457331578471,292.9012086104202,297.47277890299785,294.17698160619153,Down,2
2026-05-07 15:10:00,291.9535695063066,292.2,291.8,292.0,292.1324846889519,292.8658670962861,297.4183233915253,294.17698160619153,Down,8
2026-05-07 15:20:00,291.9767847531533,292.2,291.8,292.0,292.1204406263199,292.8319115238827,297.364409725938,294.17698160619153,Down,15
2026-05-07 15:30:00,291.98839237657666,292.8,291.8,292.27500000000003,292.1344914784726,292.8100718562794,297.3137688331426,294.17698160619153,Down,109
2026-05-07 15:40:00,292.13169618828834,292.7,292.13169618828834,292.6,292.17681043497515,292.8018337442685,297.26686566067355,294.17698160619153,Down,6
2026-05-07 15:50:00,292.3658480941442,292.8,292.3658480941442,292.65,292.2198276681592,292.7958794797874,297.2209266988758,294.17698160619153,Down,27
2026-05-07 16:00:00,292.5079240470721,292.8,292.5,292.65,292.2589342437811,292.7901587158742,297.1754448411756,294.17698160619153,Down,2
2026-05-07 16:10:00,292.57896202353606,293.1,292.4,292.775,292.30584931252827,292.7895642564282,297.1316593203679,294.17698160619153,Down,28
2026-05-07 16:20:00,292.676981011768,293.1,292.3,292.7,292.34168119320753,292.7860519326467,297.08756320772744,294.17698160619153,Down,11
2026-05-07 16:30:00,292.68849050588403,292.7,292.3,292.5,292.3560738120068,292.77483420979786,297.0419158126257,294.17698160619153,Down,4
2026-05-07 16:40:00,292.594245252942,292.7,291.7,292.25,292.34643073818796,292.7542524760803,296.9942350582712,294.17698160619153,Down,8
2026-05-07 16:50:00,292.42212262647104,292.42212262647104,291.9,291.92499999999995,292.30811885289813,292.721732771136,296.9437949084377,294.17698160619153,Down,11
2026-05-07 17:00:00,292.1735613132355,292.1735613132355,291.8,291.875,292.2687444117256,292.68852756442476,296.8933591382045,294.17698160619153,Down,9
2026-05-07 17:10:00,292.02428065661775,292.02428065661775,291.5,291.725,292.21931310156873,292.6507421697414,296.8419326791179,294.12957553092957,Down,63
2026-05-07 17:20:00,291.8746403283089,291.8746403283089,291.0,291.425,292.14710281960794,292.6026738493594,296.788032851465,293.9075850131947,Down,67
2026-05-07 17:30:00,291.64982016415445,291.64982016415445,290.4,291.125,292.0541843814617,292.5447258552669,296.7316842658783,293.725085459079,Down,75
2026-05-07 17:40:00,291.3874100820772,292.0,290.9,291.325,291.98789489223793,292.49689346878586,296.6778864124865,293.725085459079,Down,25
2026-05-07 17:50:00,291.3562050410386,292.0,291.3562050410386,291.75,291.96626808385264,292.4676035288335,296.6288527168399,293.725085459079,Down,19
2026-05-07 18:00:00,291.5531025205193,291.5531025205193,290.1,290.825,291.862516439866,292.4031877041733,296.5711029385629,293.725085459079,Down,61
2026-05-07 18:10:00,291.18905126025965,291.18905126025965,289.5,290.075,291.7000149453327,292.3118862255783,296.50646509837816,293.725085459079,Down,192
2026-05-07 18:20:00,290.6320256301298,290.6320256301298,288.8,289.75,291.52274085939337,292.21142009908505,296.43923658993657,293.5706512575417,Down,122
2026-05-07 18:30:00,290.19101281506494,290.19101281506494,289.1,289.475,291.3365825994485,292.1041095069641,296.3699407034696,293.5464551061713,Down,43
2026-05-07 18:40:00,289.8330064075325,290.9,289.2,289.85,291.20143872677136,292.01571305571065,296.30506567159426,293.5464551061713,Down,124
2026-05-07 18:50:00,289.84150320376625,291.1,289.5,290.0,291.0922170243376,291.93666548489847,296.2423286997376,293.5464551061713,Down,39
2026-05-07 19:00:00,289.9207516018831,289.9207516018831,289.0,289.325,290.931560931216,291.83424723058874,296.1734995584467,293.5464551061713,Down,95
2026-05-07 19:10:00,289.6228758009416,289.6228758009416,288.4,288.875,290.74460084656,291.71819831958527,296.100877672293,293.3963895943853,Down,188
2026-05-07 19:20:00,289.2489379004708,289.2489379004708,288.0,288.6,290.54963713323633,291.59591603254273,296.02624207356376,293.06494790851065,Down,88
2026-05-07 19:30:00,288.9244689502354,288.9244689502354,288.3,288.6,290.3723973938512,291.47842912930577,295.9523491176079,292.8761131463626,Down,38
2026-05-07 19:40:00,288.7622344751177,288.9,288.5,288.725,290.22263399441016,291.3704515163918,295.8804351960397,292.72170788294994,Down,15
2026-05-07 19:50:00,288.74361723755885,290.0,288.5,289.325,290.14103090400926,291.2902377314353,295.81520698513384,292.72170788294994,Down,46
2026-05-07 20:00:00,289.0343086187794,293.2,289.0343086187794,291.15,290.23275536728113,291.2847382125555,295.7687870151325,292.72170788294994,Down,176
2026-05-07 20:10:00,290.0921543093897,295.1,290.0921543093897,293.7,290.547959424801,291.37945436108276,295.7482020697083,285.9322738027778,Up,272
2026-05-07 20:20:00,291.8960771546948,295.9,291.8960771546948,294.975,290.95041765890994,291.5204561508442,295.74050851677595,286.3779935477846,Up,221
2026-05-07 20:30:00,293.4355385773474,296.0,293.4355385773474,295.575,291.3708342353727,291.67945787041896,295.73886166586277,286.9488332899248,Up,222
2026-05-07 20:40:00,294.50526928867373,296.5,294.50526928867373,295.825,291.77575839579333,291.8420281500104,295.7397187637149,287.71460893226464,Up,85
2026-05-07 20:50:00,295.16513464433683,296.8,295.1,295.8,292.1415985416303,291.99724273236296,295.7403185770113,288.25179480720715,Up,50
2026-05-07 21:00:00,295.4825673221684,297.1,295.4,296.125,292.50372594693664,292.159115566388,295.744146252862,288.6334498247337,Up,84
2026-05-07 21:10:00,295.8037836610842,296.7,295.1,296.02500000000003,292.8238417699424,292.31071887751006,295.74694081751016,288.6334498247337,Up,71
2026-05-07 21:20:00,295.9143918305421,296.5,295.8,295.975,293.11031069994766,292.45441617643127,295.74921006310706,289.071859359284,Up,35
2026-05-07 21:30:00,295.94469591527104,296.2,295.6,295.925,293.36619154540693,292.5905175028457,295.750959216708,289.24714487207643,Up,25
2026-05-07 21:40:00,295.9348479576355,296.5,295.9348479576355,296.25,293.62835595036995,292.7340266203812,295.75592479664124,289.9602829534327,Up,24
2026-05-07 21:50:00,296.0924239788177,297.9,296.0924239788177,297.02500000000003,293.93714177306356,292.9023000862486,295.768552410605,290.6506015949925,Up,130
2026-05-07 22:00:00,296.5587119894089,297.8,296.5587119894089,297.25,294.23831070278504,293.07279812208196,295.78329318263883,290.959241814111,Up,46
2026-05-07 22:10:00,296.9043559947045,296.9043559947045,296.1,296.525,294.44619154798636,293.2081785878827,295.7906733499758,290.959241814111,Up,20
2026-05-07 22:20:00,296.7146779973522,296.7146779973522,296.3,296.42499999999995,294.62608322544213,293.3343284471814,295.79698505793624,290.959241814111,Up,11
2026-05-07 22:30:00,296.5698389986761,296.5698389986761,295.8,296.1,294.7600756594928,293.4427861551351,295.8000001319866,290.959241814111,Up,26
2026-05-07 22:40:00,296.33491949933807,296.33491949933807,295.8,295.95000000000005,294.86825059953895,293.5411082666984,295.8014926679868,290.959241814111,Up,5
2026-05-07 22:50:00,296.14245974966906,296.2,294.7,295.45,294.92113690867177,293.6159667660436,295.79799522850436,290.959241814111,Up,71
2026-05-07 23:00:00,295.7962298748345,296.3,294.8,295.52500000000003,294.97603355333797,293.69083081443404,295.7952788580715,290.959241814111,Up,25
2026-05-07 23:10:00,295.6606149374173,296.6,295.6606149374173,296.225,295.08957595758,293.79020999818175,295.7995546903295,290.959241814111,Up,36
2026-05-07 23:20:00,295.9428074687087,296.7,295.9428074687087,296.325,295.2018872341636,293.88961352766484,295.80478300186854,291.3219726355686,Up,10
2026-05-07 23:30:00,296.1339037343544,296.8,295.1,296.20000000000005,295.2926247583306,293.9802169187368,295.80871550931266,291.3219726355686,Up,75
2026-05-08 09:00:00,296.1669518671772,296.6,295.4,296.0,295.3569315984824,294.05942409839423,295.8106188375782,291.3219726355686,Up,1
2026-05-08 09:10:00,296.0834759335886,296.2,295.5,295.975,295.413119634984,294.13454472198663,295.81225447103515,291.3219726355686,Up,57
2026-05-08 09:20:00,296.0292379667943,296.0292379667943,295.6,295.825,295.4505633045309,294.2008370858303,295.8123812922189,291.3219726355686,Up,22
2026-05-08 09:30:00,295.9271189833971,295.9271189833971,295.5,295.725,295.475512095028,294.26060818050365,295.81151182662467,291.3516521742999,Up,15
2026-05-08 09:40:00,295.8260594916985,296.0,295.7,295.875,295.5118291772982,294.32391766362116,295.81214354974287,291.7755388023649,Up,14
2026-05-08 09:50:00,295.85052974584926,296.3,295.8,296.1,295.5652992520893,294.3935679513223,295.81500779302905,292.16412618396805,Up,5
2026-05-08 10:00:00,295.97526487292464,296.5,295.97526487292464,296.325,295.6343629564448,294.46931038460383,295.8200823423522,292.51420710295133,Up,14
2026-05-08 10:10:00,296.1501324364623,296.4,296.0,296.2,295.6857845058589,294.5371805655998,295.82386261755266,292.6696133331718,Up,6
2026-05-08 10:20:00,296.1750662182311,296.5,296.0,296.2,295.73253136896267,294.6023891708704,295.82760527807454,292.8587393937926,Up,23
2026-05-08 10:30:00,296.1875331091155,296.3,295.4,295.85,295.7432103354206,294.6513150857383,295.82782811112855,292.8587393937926,Up,52
2026-05-08 10:40:00,296.01876655455777,296.01876655455777,295.4,295.575,295.727918486746,294.68753802355246,295.82531240853024,292.8587393937926,Up,9
2026-05-08 10:50:00,295.7968832772789,295.9,295.5,295.725,295.72765316976904,294.7282228069426,295.824314275112,292.8587393937926,Up,16
2026-05-08 11:00:00,295.76094163863945,296.2,295.76094163863945,296.025,295.75468469979006,294.7790768145135,295.8263111479965,292.92739528471634,Up,4
2026-05-08 11:10:00,295.8929708193197,296.4,295.8929708193197,296.1,295.78607699980915,294.83087772374824,295.8290344201557,293.1865879488639,Up,9
2026-05-08 11:20:00,295.99648540965984,296.6,295.99648540965984,296.4,295.84188818164466,294.8924119306601,295.83471566970644,293.38796698034633,Up,23
2026-05-08 11:30:00,296.1982427048299,296.6,296.1,296.375,295.8903528924042,294.9505526392617,295.84009163319195,293.5224766141058,Up,3
2026-05-08 11:40:00,296.2866213524149,296.5,296.1,296.375,295.93441172036745,295.00641332007496,295.84541410450345,293.5840696491871,Up,12
2026-05-08 11:50:00,296.3308106762075,296.4,296.0,296.225,295.96082883669766,295.0542010330132,295.849191078588,293.58551786289735,Up,11
2026-05-08 12:00:00,296.2779053381038,296.4,295.6,295.925,295.9575716697251,295.08835001211077,295.84994539621397,293.58551786289735,Up,6
2026-05-08 12:10:00,296.1014526690519,296.3,296.0,296.15,295.9750651542955,295.12998334496916,295.8529310141621,293.5884445147912,Up,5
2026-05-08 12:20:00,296.12572633452595,296.3,296.12572633452595,296.3,296.00460468572317,295.1758663510488,295.8573794617824,293.82080412053716,Up,1
2026-05-08 12:30:00,296.212863167263,296.3,295.8,296.07500000000005,296.01100425974835,295.21112649414493,295.8595448402721,293.82080412053716,Up,7
2026-05-08 12:40:00,296.1439315836315,296.2,295.6,295.975,296.00773114522576,295.241082317904,295.86069364783157,293.82080412053716,Up,12
2026-05-08 12:50:00,296.05946579181574,296.7,296.05946579181574,296.42499999999995,296.04566467747793,295.2875104622999,295.8663086364104,293.97029709821754,Up,27
2026-05-08 13:00:00,296.2422328959078,297.2,296.2422328959078,296.8,296.11424061588906,295.3468237775038,295.87559909773967,294.18244132129286,Up,43
2026-05-08 13:10:00,296.5211164479539,296.8,296.5211164479539,296.8,296.176582378081,295.40381108034677,295.88479711666764,294.25125954445014,Up,2
2026-05-08 13:20:00,296.660558223977,296.8,296.660558223977,296.775,296.23098398007363,295.457583194843,295.8936548568003,294.4893014847739,Up,14
2026-05-08 13:30:00,296.7177791119885,297.6,296.7177791119885,297.20000000000005,296.31907634552147,295.52591326563345,295.90665331593664,294.8008295719768,Up,20
2026-05-08 13:40:00,296.95888955599423,299.5,296.95888955599423,298.425,296.51052395047407,295.639602941491,295.9317114918975,295.16171372197914,Up,69
2026-05-08 13:50:00,297.69194477799715,300.0,297.69194477799715,299.425,296.7754763186128,295.78804988496194,295.96647058153036,295.21783316643575,Up,96
2026-05-08 14:00:00,298.5584723889985,299.1,298.0,298.57500000000005,296.93906938055704,295.89734204633595,295.99242609813206,295.21783316643575,Up,35
2026-05-08 14:10:00,298.5667361944993,299.2,297.9,298.6,297.09006307323364,296.0033286327541,296.0183721071059,295.21783316643575,Up,46
2026-05-08 14:20:00,298.5833680972496,299.1,298.5833680972496,298.90000000000003,297.2546027938488,296.11692358833244,296.0470450214631,295.21783316643575,Up,18
2026-05-08 14:30:00,298.74168404862485,298.74168404862485,297.8,298.375,297.35645708531706,296.20547560447625,296.0702087525928,295.21783316643575,Up,8
2026-05-08 14:40:00,298.5583420243124,298.5583420243124,298.0,298.05,297.41950644119737,296.2778098944968,296.0899081679899,295.21783316643575,Up,7
2026-05-08 14:50:00,298.3041710121562,298.7,297.8,298.325,297.50182403745214,296.3580918594185,296.1121478877114,295.21783316643575,Up,39
2026-05-08 15:00:00,298.31458550607806,298.7,298.3,298.5,297.59256730677464,296.44208825708836,296.13590761022175,295.21783316643575,Up,13
2026-05-08 15:10:00,298.40729275303903,298.40729275303903,298.3,298.3,297.65687936979515,296.5149475411241,296.1574408678315,295.21783316643575,Up,6
2026-05-08 15:20:00,298.3536463765195,298.9,298.3,298.6,297.74261760890465,296.5967143042173,296.1817449387984,295.4335139250499,Up,6
2026-05-08 15:30:00,298.4768231882598,299.3,298.4768231882598,299.15,297.8705614626406,296.69684315503235,296.21127981502923,295.71045086717885,Up,25
2026-05-08 15:40:00,298.8134115941299,300.0,298.8134115941299,299.6,298.0277831478551,296.8106924430703,296.24499842383494,296.0861638977021,Up,64
2026-05-08 15:50:00,299.20670579706496,300.0,299.2,299.6,298.1707119525955,296.920077053146,296.2783815240953,296.29041645512467,Up,67
2026-05-08 16:00:00,299.4033528985325,299.5,299.0,299.175,298.26201086599593,297.008505404003,296.3072035984825,296.29041645512467,Up,11
2026-05-08 16:10:00,299.2891764492663,299.2891764492663,298.1,298.75,298.30637351454175,297.07679930972836,296.3315100303384,296.29041645512467,Up,19
2026-05-08 16:20:00,299.01958822463314,299.1,298.9,299.0,298.3694304677652,297.152218944641,296.35806216934003,296.29041645512467,Up,10
2026-05-08 16:30:00,299.00979411231657,299.8,299.0,299.225,298.44720951615017,297.23350447622374,296.38658891392373,296.29041645512467,Up,23
2026-05-08 16:40:00,299.1173970561583,299.2,298.7,299.02500000000003,298.49973592377285,297.30375920264635,296.4128417605514,296.29041645512467,Up,13
2026-05-08 16:50:00,299.0711985280792,299.2,298.0,298.65,298.5133962943389,297.3565529594053,296.4351020415409,296.29041645512467,Up,44
2026-05-08 17:00:00,298.8605992640396,298.8605992640396,298.0,298.2,298.4849057221263,297.3896293139384,296.45266321525696,296.29041645512467,Up,12
2026-05-08 17:10:00,298.5302996320198,298.5302996320198,296.6,297.29999999999995,298.3771870201148,297.38611443888203,296.46109442704545,296.29041645512467,Up,99
2026-05-08 17:20:00,297.9151498160099,297.9151498160099,296.1,296.475,298.20426092737705,297.3503844608867,296.4612327909555,296.29041645512467,Up,121
2026-05-08 17:30:00,297.1950749080049,298.2,296.2,297.0,298.0947826612518,297.33664389379305,296.4665936587072,296.29041645512467,Up,94
2026-05-08 17:40:00,297.09753745400246,297.9,296.8,297.20000000000005,298.0134387829562,297.3312853097227,296.47389123424244,296.29041645512467,Up,18
2026-05-08 17:50:00,297.14876872700125,297.4,296.3,296.95,297.9167625299602,297.3163329446355,296.4786286348967,296.29041645512467,Up,17
2026-05-08 18:00:00,297.0493843635006,298.0,297.0,297.5,297.8788750272365,297.3235355742577,296.48879153405204,296.29041645512467,Up,28
2026-05-08 18:10:00,297.2746921817503,298.4,296.8,297.5,297.8444318429423,297.33045574781625,296.49885330983267,296.29041645512467,Up,37
2026-05-08 18:20:00,297.3873460908752,297.3873460908752,296.8,297.025,297.76993803903844,297.31847709103914,296.5040886002821,296.29041645512467,Up,27
2026-05-08 18:30:00,297.2061730454376,298.2,296.8,297.575,297.75221639912587,297.3285368129592,296.51474443510523,296.29041645512467,Up,37
2026-05-08 18:40:00,297.3905865227188,300.0,297.3905865227188,298.875,297.854287635569,297.3891824281373,296.5382295651042,296.29041645512467,Up,79
2026-05-08 18:50:00,298.1327932613594,300.9,298.1327932613594,299.9,298.04026148688087,297.487645862328,296.5716800171927,296.29041645512467,Up,223
2026-05-08 19:00:00,299.01639663067965,300.0,299.0,299.5,298.17296498807355,297.56656171086416,296.60081752945945,296.29041645512467,Up,27
2026-05-08 19:10:00,299.2581983153398,300.2,299.2581983153398,299.725,298.31405908006684,297.6512063496538,296.63190392220116,296.29041645512467,Up,51
2026-05-08 19:20:00,299.4915991576699,300.0,298.2,299.20000000000005,298.3945991636971,297.71194335554975,296.6574571170051,296.29041645512467,Up,74
2026-05-08 19:30:00,299.345799578835,299.345799578835,298.0,298.375,298.3928174215428,297.73794557690076,296.6745470959404,296.29041645512467,Up,56
2026-05-08 19:40:00,298.8603997894175,299.5,298.3,298.95,298.44347038322076,297.7854771229047,296.6971884183689,296.29041645512467,Up,24
2026-05-08 19:50:00,298.90519989470874,299.9,298.2,298.975,298.49179125747344,297.83212507886924,296.71985321022595,296.29041645512467,Up,66
2026-05-08 20:00:00,298.9400999473544,298.9400999473544,298.3,298.575,298.4993556886122,297.8612574287175,296.73831238226353,296.29041645512467,Up,17
2026-05-08 20:10:00,298.7575499736772,298.8,298.1,298.5,298.49941426237467,297.8863061570031,296.75584161229074,296.29041645512467,Up,2
2026-05-08 20:20:00,298.6287749868386,298.9,298.5,298.7,298.5176493294315,297.91821571947355,296.77518647187,296.29041645512467,Up,2
2026-05-08 20:30:00,298.6643874934193,298.6643874934193,298.4,298.475,298.513772117665,297.94005039714125,296.79210003931405,296.29041645512467,Up,5
2026-05-08 20:40:00,298.5696937467097,298.7,298.4,298.54999999999995,298.5170655615136,297.9639699894102,296.80959158121146,296.29041645512467,Up,6
2026-05-08 20:50:00,298.5598468733548,298.7,298.4,298.54999999999995,298.520059601376,297.9869515584529,296.82690907791584,296.29041645512467,Up,4
2026-05-08 21:00:00,298.55492343667737,298.8,297.0,297.925,298.4659632739781,297.9845220855724,296.83783535574753,296.29041645512467,Up,77
2026-05-08 21:10:00,298.2399617183387,298.2399617183387,297.5,297.75,298.40087570361646,297.9753251410402,296.84691162086443,296.29041645512467,Up,11
2026-05-08 21:20:00,297.99498085916935,298.0,297.4,297.85,298.35079609419677,297.97041042962684,296.8568925997613,296.29041645512467,Up,10
2026-05-08 21:30:00,297.9224904295847,297.9224904295847,297.4,297.42499999999995,298.26663281290615,297.9490217853278,296.8625454097139,296.29041645512467,Up,4
2026-05-08 21:40:00,297.67374521479235,297.7,297.2,297.5,298.19693892082375,297.931413087864,296.8688882414581,296.29041645512467,Up,10
2026-05-08 21:50:00,297.5868726073962,297.7,297.1,297.4,298.1244899280216,297.91057335892816,296.874172935573,296.29041645512467,Up,8
2026-05-08 22:00:00,297.4934363036981,297.4934363036981,296.2,296.675,297.9927181163833,297.8621195017153,296.87219111531857,296.29041645512467,Up,72
2026-05-08 22:10:00,297.0842181518491,297.0842181518491,296.0,296.375,297.8456528330757,297.80380108988334,296.86724394004176,296.29041645512467,Up,43
2026-05-08 22:20:00,296.72960907592454,296.72960907592454,295.9,296.2,297.6960480300688,297.7409069294958,296.8606046968573,299.96910966488883,Down,45
2026-05-08 22:30:00,296.46480453796227,296.6,295.5,295.925,297.5350436636989,297.669694893045,296.8512951973861,299.7720955699333,Down,35
2026-05-08 22:40:00,296.19490226898114,296.19490226898114,294.0,294.975,297.30231242154446,297.5640205835138,296.83262559343206,299.27932065951404,Down,158
2026-05-08 22:50:00,295.5849511344905,295.5849511344905,293.9,294.29999999999995,297.02937492867676,297.4360197763172,296.80742533877105,299.1568846388995,Down,160
2026-05-08 23:00:00,294.94247556724525,295.0,294.1,294.675,296.81534084425164,297.32774449097144,296.7862071761962,298.890371883322,Down,70
2026-05-08 23:10:00,294.80873778362263,294.80873778362263,294.1,294.52500000000003,296.6071280402287,297.2178329423059,296.7637076023037,298.65788434342136,Down,55
2026-05-08 23:20:00,294.6668688918113,294.6668688918113,293.7,294.15000000000003,296.38375276384426,297.09752576809785,296.7377005614848,298.35640081711887,Down,113
2026-05-08 23:30:00,294.40843444590564,294.8,293.5,294.1,296.17613887622207,296.9799757379764,296.71145478475364,298.35640081711887,Down,96
2026-05-11 09:00:00,294.25421722295283,301.7,294.25421722295283,300.25,296.5464898874746,297.10821198354597,296.74666418988045,292.3279044300667,Up,55
2026-05-11 09:10:00,297.2521086114764,300.0,297.2521086114764,299.32500000000005,296.79908171588596,297.19514484693633,296.7723192725682,292.3279044300667,Up,102
2026-05-11 09:20:00,298.2885543057382,299.7,298.2885543057382,299.375,297.03325610535086,297.2806293627428,296.79821659323915,292.3279044300667,Up,161
2026-05-11 09:30:00,298.8317771528691,299.4,298.8317771528691,299.225,297.23250555031893,297.35687919165485,296.8223636918139,292.55140060735806,Up,83
2026-05-11 09:40:00,299.0283885764345,299.5,299.0283885764345,299.3,297.420459591199,297.4330800076684,296.8470167894078,293.12498288957846,Up,46
2026-05-11 09:50:00,299.16419428821723,299.7,299.16419428821723,299.575,297.61632690109,297.5170768701128,296.874160900956,293.65615743197054,Up,51
2026-05-11 10:00:00,299.36959714410864,299.7,298.9,299.45,297.7830244555364,297.59287777716725,296.8997911407475,293.75823662532895,Up,37
2026-05-11 10:10:00,299.40979857205434,300.2,299.4,299.775,297.9641131413967,297.6784511976705,296.9284001841231,294.4711242048445,Up,104
2026-05-11 10:20:00,299.5923992860272,300.0,299.5,299.75,298.1264664921788,297.759688405605,296.95647580418165,294.7237492771314,Up,16
2026-05-11 10:30:00,299.67119964301355,299.9,299.5,299.7,298.2695149928898,297.8357790563656,296.98377455239876,294.985226615574,Up,4
2026-05-11 10:40:00,299.6855998215068,300.0,299.6855998215068,299.875,298.41546817535436,297.9157485051356,297.0125429648127,295.44231495091407,Up,8
2026-05-11 10:50:00,299.7802999107534,299.9,299.3,299.67499999999995,298.529971068504,297.98473875983615,297.03903507461564,295.44231495091407,Up,9
2026-05-11 11:00:00,299.7276499553767,299.9,299.6,299.7,298.6363373350036,298.05200390650924,297.06551233755476,295.80579755385185,Up,10
2026-05-11 11:10:00,299.7138249776883,299.9,299.5,299.7,298.7330339409123,298.1166312042932,297.0917261451413,295.968906867138,Up,27
2026-05-11 11:20:00,299.7069124888442,300.0,299.6,299.85,298.8345763099203,298.18460645118364,297.11917165613494,296.2626426064891,Up,26
2026-05-11 11:30:00,299.7784562444221,299.8,299.5,299.625,298.90643300901843,298.2410924727059,297.14410527149676,296.306947824081,Up,13
2026-05-11 11:40:00,299.7017281222111,299.7017281222111,299.2,299.35,298.9467572809258,298.2845790424037,297.16605447277544,296.306947824081,Up,9
2026-05-11 11:50:00,299.52586406110555,299.52586406110555,299.2,299.32500000000005,298.9811429826598,298.32537986427025,297.1875365178225,296.3157224341149,Up,21
2026-05-11 12:00:00,299.4254320305528,299.4254320305528,299.1,299.25,299.0055845296907,298.36163947743614,297.2080585425208,296.3741865528591,Up,5
2026-05-11 12:10:00,299.3377160152764,299.4,299.0,299.25,299.0278041179006,298.39647714498767,297.2283763679684,296.4286095796206,Up,13
2026-05-11 12:20:00,299.29385800763816,299.29385800763816,299.0,299.125,299.03664010718234,298.42504666871366,297.24724824490403,296.5206257097876,Up,8
2026-05-11 12:30:00,299.2094290038191,299.3,299.0,299.175,299.04921827925665,298.4544566032739,297.2664298544075,296.65336064178956,Up,7
2026-05-11 12:40:00,299.1922145019096,299.3,299.0,299.2,299.0629257084151,298.48369359922395,297.2856693583437,296.7712369470814,Up,4
2026-05-11 12:50:00,299.1961072509548,299.9,299.1961072509548,299.54999999999995,299.1072051894683,298.5255095365093,297.3082000114945,297.129580759535,Up,15
2026-05-11 13:00:00,299.3730536254774,300.1,299.3730536254774,299.95000000000005,299.1838228995166,298.58137190762653,297.3344865785443,297.27357098023737,Up,48
2026-05-11 13:10:00,299.6615268127387,300.1,299.6,299.95000000000005,299.25347536319686,298.6350435975235,297.360511587713,297.42913106136245,Up,8
2026-05-11 13:20:00,299.8057634063693,300.1,299.7,299.85,299.3077048756335,298.68268894664027,297.385282616691,297.55375551032944,Up,10
2026-05-11 13:30:00,299.8278817031847,300.3,299.6,300.02500000000003,299.3729135233031,298.7353285957916,297.41154846130104,297.56250500939046,Up,21
2026-05-11 13:40:00,299.9264408515924,300.3,299.8,300.05,299.43446683936645,298.7868843371331,297.43780171044233,297.6977318267186,Up,30
2026-05-11 13:50:00,299.98822042579616,299.98822042579616,299.2,299.5,299.44042439942405,298.81484965724553,297.4583210964081,297.6977318267186,Up,20
2026-05-11 14:00:00,299.7441102128981,299.7441102128981,299.0,299.15,299.41402218129457,298.8279928079418,297.4751537223145,297.6977318267186,Up,18
2026-05-11 14:10:00,299.44705510644906,299.5,299.2,299.35,299.408201982995,298.84846367821865,297.49380890915717,297.6977318267186,Up,5
2026-05-11 14:20:00,299.39852755322454,299.5,299.39852755322454,299.5,299.41654725726823,298.8740141222101,297.5137710095636,297.6977318267186,Up,4
2026-05-11 14:30:00,299.44926377661227,299.5,299.0,299.275,299.40367932478927,298.88973905859405,297.53129567613513,297.6977318267186,Up,6
2026-05-11 14:40:00,299.3621318883061,299.3621318883061,298.8,298.975,299.36470847708114,298.89308262492375,297.545660893288,297.6977318267186,Up,34
2026-05-11 14:50:00,299.1685659441531,299.2,298.8,299.0,299.3315531609828,298.8972754631621,297.5601319291757,297.6977318267186,Up,15
2026-05-11 15:00:00,299.0842829720765,299.3,299.0842829720765,299.20000000000005,299.31959378271165,298.90914701362635,297.5764490244078,297.6977318267186,Up,15
2026-05-11 15:10:00,299.1421414860383,299.5,299.1421414860383,299.35,299.32235798428326,298.92643536603316,297.5940962977968,297.6977318267186,Up,9
2026-05-11 15:20:00,299.2460707430191,299.4,299.2,299.3,299.3203254402575,298.9410849595221,297.61107046398786,297.6977318267186,Up,6
2026-05-11 15:30:00,299.27303537150954,299.3,299.1,299.20000000000005,299.3093867638704,298.95123849052123,297.62688070812726,297.6977318267186,Up,1
2026-05-11 15:40:00,299.2365176857548,299.2365176857548,299.0,299.025,299.2835334217004,298.9541310987361,297.6407923428723,297.6977318267186,Up,9
2026-05-11 15:50:00,299.1307588428774,299.3,298.7,298.925,299.2509394742731,298.9529887027073,297.6535705285154,297.6977318267186,Up,24
2026-05-11 16:00:00,299.0278794214387,299.4,299.0,299.225,299.2485813402482,298.963655812405,297.6692066426595,297.6977318267186,Up,16
2026-05-11 16:10:00,299.1264397107193,299.5,299.1264397107193,299.425,299.2646194002257,298.9817477413303,297.6866772233296,297.6977318267186,Up,5
2026-05-11 16:20:00,299.2757198553597,300.0,299.2757198553597,299.65,299.2996540002052,299.00795371225854,297.70621277334624,297.7660595298463,Up,43
2026-05-11 16:30:00,299.4628599276798,300.5,299.4,299.725,299.33832181836834,299.0360731745229,297.72630020843735,297.84836327469674,Up,80
2026-05-11 16:40:00,299.5939299638399,300.7,299.5,300.1,299.4075652894258,299.0777957951299,297.749919111836,297.84836327469674,Up,43
2026-05-11 16:50:00,299.84696498192,301.0,299.84696498192,300.6,299.5159684449325,299.1374900776738,297.77827812564857,297.87061295934143,Up,22
2026-05-11 17:00:00,300.22348249096,301.3,300.22348249096,300.925,299.6440622226659,299.2075885060004,297.809588791065,298.04948984981223,Up,78
2026-05-11 17:10:00,300.57424124548004,301.9,300.57424124548004,301.35,299.7991474751508,299.29160464302,297.84481676329324,298.2893434432166,Up,74
2026-05-11 17:20:00,300.96212062274003,301.3,299.9,300.8,299.8901340683189,299.35075740211727,297.8742215716187,298.2893434432166,Up,62
2026-05-11 17:30:00,300.88106031137,302.0,300.8,301.4,300.0273946075626,299.4311198569362,297.9093039440404,298.2893434432166,Up,119
2026-05-11 17:40:00,301.140530155685,302.0,301.0,301.5,300.16126782505694,299.5122524115662,297.9450322630052,298.2893434432166,Up,86
2026-05-11 17:50:00,301.32026507784246,301.5,301.0,301.275,300.2625162045972,299.58137976797536,297.97816627033853,298.2893434432166,Up,67
2026-05-11 18:00:00,301.2976325389212,301.2976325389212,300.4,300.95,300.32501473145203,299.6350511496234,298.00773675521083,298.2893434432166,Up,59
2026-05-11 18:10:00,301.1238162694606,301.1238162694606,300.2,300.625,300.3522861195018,299.6738726731676,298.033779175557,298.2893434432166,Up,55
2026-05-11 18:20:00,300.8744081347303,301.0,300.5,300.675,300.3816237450016,299.7131325683375,298.0600599797803,298.2893434432166,Up,25
2026-05-11 18:30:00,300.7747040673652,301.7,300.6,301.15,300.4514761318196,299.7694803107557,298.09080565162327,298.2893434432166,Up,23
2026-05-11 18:40:00,300.9623520336826,302.4,300.9623520336826,301.6,300.5558873925633,299.8412653966084,298.1257230083236,298.2893434432166,Up,59
2026-05-11 18:50:00,301.2811760168413,301.4,300.6,301.15,300.609897629603,299.8925883222316,298.15581531669847,298.2893434432166,Up,32
2026-05-11 19:00:00,301.21558800842064,301.4,300.7,301.125,300.6567251178209,299.940918191948,298.1853594429005,298.2893434432166,Up,20
2026-05-11 19:10:00,301.1702940042103,302.6,300.9,301.65,300.7470228343826,300.00794100795,298.21983347829456,298.2893434432166,Up,58
2026-05-11 19:20:00,301.41014700210513,302.1,301.41014700210513,301.95000000000005,300.85638439489327,300.0841001841088,298.25694956308763,298.2893434432166,Up,25
2026-05-11 19:30:00,301.68007350105256,302.1,301.5,301.925,300.95353126808476,300.1562923337516,298.2934475773853,298.2893434432166,Up,20
2026-05-11 19:40:00,301.8025367505263,302.5,301.8,302.15000000000003,301.06230115280437,300.2344769481143,298.3318212333317,298.6216858946708,Up,65
2026-05-11 19:50:00,301.9762683752632,302.6,301.9,302.275,301.17254650254944,300.314497459953,298.3710568429503,298.78789626788256,Up,136
2026-05-11 20:00:00,302.1256341876316,302.8,302.1,302.52500000000003,301.29549682049947,300.40118383407247,298.4123896106821,299.0480875162569,Up,68
2026-05-11 20:10:00,302.3253170938158,302.9,302.3253170938158,302.77500000000003,301.42999710954496,300.49427466410884,298.4557986692823,299.31103523216535,Up,95
2026-05-11 20:20:00,302.55015854690794,303.3,302.55015854690794,303.075,301.57954282685904,300.59547957924184,298.50176087157797,299.6509339134727,Up,91
2026-05-11 20:30:00,302.81257927345393,303.9,302.81257927345393,303.5,301.75412984259907,300.7093823408402,298.5514945942488,299.9843681361818,Up,46
2026-05-11 20:40:00,303.15628963672697,304.0,303.15628963672697,303.75,301.935572584181,300.82862224904255,298.6032210161966,300.2059578675868,Up,71
2026-05-11 20:50:00,303.4531448183635,304.0,303.4,303.75,302.10052053107364,300.9431860824135,298.65443274737873,300.4161936811121,Up,58
2026-05-11 21:00:00,303.60157240918176,305.4,303.60157240918176,304.6,302.32774593733967,301.0865905497698,298.7135926205392,300.86153406348615,Up,198
2026-05-11 21:10:00,304.10078620459086,305.6,304.10078620459086,305.15,302.58431448849063,301.2459399399749,298.77763647506123,300.9968134120515,Up,148
2026-05-11 21:20:00,304.62539310229545,305.3,304.1,304.7,302.77664953499146,301.38139327566216,298.8365654653591,300.9968134120515,Up,64
2026-05-11 21:30:00,304.66269655114775,304.66269655114775,303.5,304.0,302.8878632136286,301.48408373544015,298.88794292341527,300.9968134120515,Up,55
2026-05-11 21:40:00,304.3313482755739,304.5,303.5,304.05,302.9935120123896,301.5847079026778,298.93930667542105,300.9968134120515,Up,29
2026-05-11 21:50:00,304.1906741377869,304.5,304.1906741377869,304.45,303.12592001126325,301.6970722986512,298.99413944481984,300.9968134120515,Up,9
2026-05-11 22:00:00,304.3203370688934,304.4,303.8,304.075,303.2122000102393,301.7903243653708,299.04469527123956,300.9968134120515,Up,15
2026-05-11 22:10:00,304.19766853444673,304.5,303.7,304.25,303.3065454638539,301.8867822333955,299.09648934814265,300.9968134120515,Up,19
2026-05-11 22:20:00,304.22383426722337,305.0,304.22383426722337,304.55,303.4195867853217,301.9912221458113,299.15075313572333,301.00380035415026,Up,36
2026-05-11 22:30:00,304.3869171336117,305.0,303.8,304.475,303.51553344120157,302.08862519891676,299.2037307164624,301.00380035415026,Up,24
2026-05-11 22:40:00,304.4309585668058,305.0,304.4309585668058,304.775,303.6300304010923,302.1939732303318,299.2591662317215,301.129946217232,Up,13
2026-05-11 22:50:00,304.6029792834029,305.8,304.6029792834029,305.25,303.77730036462935,302.3138174173776,299.31877651797305,301.5066338664198,Up,55
2026-05-11 23:00:00,304.92648964170144,306.5,304.92648964170144,305.9,303.97027305875395,302.4544520284609,299.3842613287395,301.7820994403043,Up,96
2026-05-11 23:10:00,305.4132448208507,306.4,305.3,305.875,304.14343005341266,302.5885911645997,299.4488457931302,301.8762314722306,Up,38
2026-05-11 23:20:00,305.6441224104253,306.1,305.4,305.825,304.296300048557,302.7155091581448,299.5122901135966,301.88293770202773,Up,36
2026-05-11 23:30:00,305.7345612052127,306.4,305.5,306.075,304.4580000441427,302.8472538970411,299.57759070948117,302.1072160927525,Up,49
2026-05-12 09:00:00,305.9047806026064,306.9,305.9047806026064,306.6,304.652727312857,302.99442041088264,299.6474654287898,302.54705242293505,Up,6
2026-05-12 09:10:00,306.2523903013032,307.7,306.2523903013032,307.275,304.8911157389609,303.1622862771226,299.72336129517004,302.9449390071545,Up,185
2026-05-12 09:20:00,306.7636951506516,307.7,306.7636951506516,307.575,305.13510521723714,303.3353338740982,299.8014870534271,303.2265947723835,Up,24
2026-05-12 09:30:00,307.1693475753258,308.0,307.1693475753258,307.75,305.37282292476107,303.50845803589823,299.88057673448753,303.6414794487429,Up,34
2026-05-12 09:40:00,307.4596737876629,308.5,307.4596737876629,308.25,305.6343844770555,303.69440085801983,299.9638545779255,304.0168143266908,Up,83
2026-05-12 09:50:00,307.8548368938315,308.5,307.7,308.1,305.8585313427777,303.867169451823,300.04481124879186,304.2063431207812,Up,63
2026-05-12 10:00:00,307.9774184469157,307.9774184469157,307.5,307.65,306.0213921297979,304.0155157478299,300.1204847687044,304.2063431207812,Up,17
2026-05-12 10:10:00,307.81370922345786,307.81370922345786,307.3,307.475,306.15353829981626,304.1511817969346,300.1936640247372,304.2063431207812,Up,41
2026-05-12 10:20:00,307.64435461172894,307.64435461172894,307.2,307.35,306.2623075452875,304.27662564803524,300.2648713478742,304.2063431207812,Up,13
2026-05-12 10:30:00,307.4971773058645,308.3,307.3,307.8,306.4020977684432,304.41479719124953,300.339847752373,304.3117433442954,Up,17
2026-05-12 10:40:00,307.6485886529323,308.3,307.6485886529323,308.175,306.5632706985847,304.562256124926,300.4178094662797,304.5662750587101,Up,12
2026-05-12 10:50:00,307.9117943264662,308.5,307.9117943264662,308.4,306.7302460896225,304.7127558847328,300.4972342477098,304.89380485671524,Up,27
2026-05-12 11:00:00,308.1558971632331,308.5,307.6,308.05,306.8502237178386,304.8436282029786,300.57238614574254,304.89380485671524,Up,23
2026-05-12 11:10:00,308.10294858161654,308.10294858161654,307.5,307.6,306.9183851980351,304.9517212146265,300.6423126517551,304.89380485671524,Up,28
2026-05-12 11:20:00,307.85147429080826,307.85147429080826,307.6,307.65,306.9848956345773,305.0575360689549,300.712040884076,304.89380485671524,Up,4
2026-05-12 11:30:00,307.7507371454041,308.0,307.7,307.82500000000005,307.06126875870666,305.1660640662508,300.78281659667226,304.95030514365124,Up,13
2026-05-12 11:40:00,307.7878685727021,308.8,307.7878685727021,308.225,307.1670625079151,305.2860223381625,300.8568681728248,305.289800261562,Up,55
2026-05-12 11:50:00,308.00643428635107,308.4,307.8,308.1,307.2518750071955,305.39637440333263,300.92893913627927,305.289800261562,Up,15
2026-05-12 12:00:00,308.0532171431755,308.6,307.8,308.1,307.3289772792686,305.50239893653526,301.0002929757193,305.289800261562,Up,14
2026-05-12 12:10:00,308.07660857158777,308.2,307.9,308.125,307.4013429811533,305.6052460370633,301.0711855829261,305.289800261562,Up,10
2026-05-12 12:20:00,308.10080428579386,308.2,307.5,307.9,307.44667543741207,305.695236388551,301.13913398508606,305.289800261562,Up,8
2026-05-12 12:30:00,308.0004021428969,308.0004021428969,307.5,307.8,307.4787958521928,305.7777761380196,301.2054112588663,305.289800261562,Up,12
2026-05-12 12:40:00,307.90020107144846,307.90020107144846,307.5,307.65,307.49435986562975,305.8511966816267,301.2695365199721,305.289800261562,Up,19
2026-05-12 12:50:00,307.7751005357242,307.9,307.3,307.6,307.5039635142088,305.9197772039158,301.3325262063406,305.289800261562,Up,77
2026-05-12 13:00:00,307.6875502678621,307.9,307.6875502678621,307.75,307.52633046746257,305.9915506468995,301.3963816669741,305.3101358585485,Up,11
2026-05-12 13:10:00,307.71877513393105,308.0,307.6,307.75,307.54666406132964,306.0605094450603,301.4596017498898,305.39669156783407,Up,14
2026-05-12 13:20:00,307.73438756696555,308.0,307.7,307.85,307.5742400557542,306.130685545254,301.5231878021297,305.55608324348555,Up,1
2026-05-12 13:30:00,307.7921937834828,308.4,307.7921937834828,308.0,307.6129455052311,306.2039919944597,301.5876336946459,305.7896975798128,Up,8
2026-05-12 13:40:00,307.8960968917414,308.0,307.7,307.8,307.629950459301,306.2665805436966,301.6494482847489,305.7896975798128,Up,8
2026-05-12 13:50:00,307.84804844587075,308.4,307.7,307.95,307.65904587209184,306.3325969929634,301.7121403416171,305.79016585791027,Up,15
2026-05-12 14:00:00,307.8990242229354,308.0,307.7,307.85,307.6764053382653,306.39210299323935,301.77321357204875,305.79016585791027,Up,4
2026-05-12 14:10:00,307.8745121114677,308.1,307.6,307.8,307.6876412166048,306.4473146405633,301.83318159620745,305.79016585791027,Up,13
2026-05-12 14:20:00,307.83725605573386,308.1,307.8,307.925,307.7092192878225,306.50526308603145,301.8937967047029,305.8876152200679,Up,6
2026-05-12 14:30:00,307.8811280278669,308.1,307.7,307.9,307.7265629889296,306.5599586512851,301.9535599215715,305.8876152200679,Up,9
2026-05-12 14:40:00,307.89056401393344,307.89056401393344,307.5,307.65,307.71960271720866,306.60270537084256,302.0102409173768,305.8876152200679,Up,23
2026-05-12 14:50:00,307.7702820069667,307.7702820069667,307.2,307.35,307.6860024701897,306.6320110425742,302.0633728485472,305.8876152200679,Up,19
2026-05-12 15:00:00,307.5601410034833,307.5601410034833,306.5,306.85,307.61000224562696,306.64055962914,302.11100097940744,305.8876152200679,Up,41
2026-05-12 15:10:00,307.2050705017417,307.2050705017417,306.5,306.725,307.52954749602446,306.64387101623254,302.15691141742326,305.8876152200679,Up,18
2026-05-12 15:20:00,306.96503525087087,307.6,306.96503525087087,307.3,307.5086795418404,306.6696015646156,302.20808642819514,305.8876152200679,Up,27
2026-05-12 15:30:00,307.1325176254354,307.6,307.1,307.375,307.49652685621857,306.6972642483562,302.25949850353646,305.8876152200679,Up,4
2026-05-12 15:40:00,307.2537588127177,307.5,307.1,307.225,307.47184259656234,306.7179597680285,302.30890647862566,305.8876152200679,Up,6
2026-05-12 15:50:00,307.23937940635886,307.3,307.0,307.1,307.4380387241476,306.73294173790975,302.3565790509777,305.8876152200679,Up,7
2026-05-12 16:00:00,307.1696897031794,307.3,307.0,307.2,307.41639884013415,306.7512577481878,302.40477229425153,305.8876152200679,Up,6
2026-05-12 16:10:00,307.1848448515897,307.3,307.0,307.2,307.3967262183038,306.768855483553,302.4524860027664,305.8876152200679,Up,4
2026-05-12 16:20:00,307.1924224257948,307.8,307.1924224257948,307.375,307.39475110754887,306.792625856747,302.50146624154485,305.8876152200679,Up,30
2026-05-12 16:30:00,307.2837112128974,307.2837112128974,306.7,306.95,307.35431918868073,306.7987973917766,302.54573025904193,305.8876152200679,Up,7
2026-05-12 16:40:00,307.11685560644867,307.2,305.6,306.35,307.26301744425524,306.7811974940599,302.5835836893002,305.8876152200679,Up,46
2026-05-12 16:50:00,306.73342780322434,306.73342780322434,305.5,306.1,307.15728858568656,306.75448386684184,302.61857290632213,305.8876152200679,Up,22
2026-05-12 17:00:00,306.4167139016122,306.4167139016122,305.5,305.975,307.04980780516956,306.72391587206374,302.6519701908364,305.8876152200679,Up,21
2026-05-12 17:10:00,306.1958569508061,306.2,305.0,305.75,306.93164345924504,306.68572309276715,302.6827963580917,308.58628355747055,Down,37
2026-05-12 17:20:00,305.972928475403,306.2,304.8,305.65,306.8151304174955,306.645106500894,302.7123207724391,308.58628355747055,Down,51
2026-05-12 17:30:00,305.8114642377015,305.8114642377015,305.0,305.475,306.6933003795413,306.59921997144716,302.739810117987,308.58628355747055,Down,43
2026-05-12 17:40:00,305.64323211885073,305.7,305.3,305.55,306.58936398140116,306.55807409021395,302.7677722063653,308.57808251093854,Down,10
2026-05-12 17:50:00,305.5966160594254,305.7,304.0,304.85,306.4312399830919,306.4910907925585,302.78849089087913,308.2664386463078,Down,33
2026-05-12 18:00:00,305.2233080297127,305.2233080297127,304.0,304.175,306.22612725735627,306.4002637026543,302.80228700141765,308.16234661321346,Down,51
2026-05-12 18:10:00,304.6991540148564,306.0,303.7,304.625,306.0805702339602,306.33064551823645,302.82042344916476,308.16234661321346,Down,54
2026-05-12 18:20:00,304.6620770074282,305.5,304.2,304.675,305.95279112178196,306.2657182430115,302.83887694718305,308.16234661321346,Down,26
2026-05-12 18:30:00,304.6685385037141,304.6685385037141,302.9,303.8,305.7570828379836,306.1690234099523,302.84844036064396,308.16234661321346,Down,101
2026-05-12 18:40:00,304.2342692518571,304.9,302.9,304.1,305.6064389436214,306.087885237013,302.8608936903888,308.16234661321346,Down,65
2026-05-12 18:50:00,304.1671346259285,304.8,302.7,303.7,305.4331263123831,305.9942426786988,302.86924300690237,308.16234661321346,Down,56
2026-05-12 19:00:00,303.93356731296427,304.6,303.0,303.475,305.25511482943915,305.8954488481616,302.8752704396695,308.16234661321346,Down,47
2026-05-12 19:10:00,303.7042836564822,303.7042836564822,301.5,302.45,305.0001043903992,305.7603332070573,302.87103889300613,308.1386931223523,Down,158
2026-05-12 19:20:00,303.0771418282411,303.0771418282411,301.0,301.65,304.69554944581745,305.59914366952563,302.8588892522797,307.8271236644912,Down,94
2026-05-12 19:30:00,302.36357091412054,302.36357091412054,300.5,301.375,304.3936813143795,305.4334909766031,302.8441241850929,307.37176828980466,Down,51
2026-05-12 19:40:00,301.8692854570603,301.8692854570603,300.8,301.07500000000005,304.09198301307225,305.26256976183436,302.82652095937055,307.12345819722884,Down,43
2026-05-12 19:50:00,301.4721427285302,301.4721427285302,300.0,300.375,303.7540754664293,305.07090035940945,302.8021277159938,306.53395550982026,Down,141
2026-05-12 20:00:00,300.92357136426506,301.0,300.2,300.57500000000005,303.4650686058448,304.8945905413934,302.77996724120777,306.16171285959564,Down,68
2026-05-12 20:10:00,300.7492856821325,301.9,300.7492856821325,301.375,303.2750623689498,304.7565673829074,302.7659874676635,306.16171285959564,Down,35
2026-05-12 20:20:00,301.06214284106625,301.8,300.9,301.45,303.10914760813614,304.62689807377376,302.7528930650002,306.16171285959564,Down,19
2026-05-12 20:30:00,301.2560714205331,301.8,301.1,301.45000000000005,302.9583160073965,304.50231383558656,302.73992895490073,306.16171285959564,Down,21
2026-05-12 20:40:00,301.35303571026657,301.8,300.7,301.25,302.8030145521786,304.37477211654397,302.7251037911704,306.16171285959564,Down,45
2026-05-12 20:50:00,301.3015178551333,301.3015178551333,300.7,300.8,302.6209223201624,304.23458497471876,302.70594852956674,305.8218564533664,Down,41
2026-05-12 21:00:00,301.0507589275667,301.0507589275667,300.0,300.475,302.4258384728749,304.0871502698279,302.68375003673526,305.2902895518074,Down,108
2026-05-12 21:10:00,300.7628794637833,300.7628794637833,299.7,300.15,302.2189440662499,303.9327522200307,302.65853859358367,304.94967779874383,Down,66
2026-05-12 21:20:00,300.4564397318917,300.4564397318917,299.2,299.6,301.9808582420454,303.7628403682648,302.6281053737471,304.57441437468117,Down,54
2026-05-12 21:30:00,300.02821986594586,300.02821986594586,298.6,299.27500000000003,301.7348711291321,303.58684662833286,302.5947411411725,304.1481848921672,Down,152
2026-05-12 21:40:00,299.651609932973,299.7,298.5,299.15,301.49988284466554,303.4128526429081,302.56046510991706,303.93097723563113,Down,119
2026-05-12 21:50:00,299.4008049664865,299.5,299.1,299.3,301.29989349515046,303.25156430397055,302.5280226710124,303.8372520323919,Down,15
2026-05-12 22:00:00,299.3504024832432,299.6,298.6,299.07500000000005,301.09763045013676,303.08777746852076,302.493664236475,303.5884109385381,Down,72
2026-05-12 22:10:00,299.21270124162163,299.21270124162163,298.1,298.45,300.8569367728516,302.90590384230427,302.4534287714355,303.141342834617,Down,87
2026-05-12 22:20:00,298.8313506208108,298.8313506208108,298.1,298.275,300.6222152480469,302.72429977005703,302.41185236574955,302.8088866396149,Down,40
2026-05-12 22:30:00,298.5531753104054,298.5531753104054,297.9,298.25,300.4065593164063,302.5488370339764,302.37044089942367,302.41247988554056,Down,59
2026-05-12 22:40:00,298.40158765520266,298.40158765520266,297.8,298.125,300.1991448330966,302.3753532287224,302.32819770639463,302.1249095479822,Down,102
2026-05-12 22:50:00,298.26329382760133,298.7,298.1,298.4,300.03558621190604,302.21945702367447,302.2891111620524,302.1249095479822,Down,39
2026-05-12 23:00:00,298.3316469138007,298.7,298.1,298.525,299.8982601926418,302.0745763560794,302.2516573196439,302.1249095479822,Down,14
2026-05-12 23:10:00,298.4283234569004,298.6,298.3,298.475,299.76887290240165,301.9334164989782,302.21407863984643,301.9611312700082,Down,57
2026-05-12 23:20:00,298.4516617284502,299.0,298.2,298.6,299.66261172945605,301.802694283332,302.17811765835546,301.9611312700082,Down,95
2026-05-12 23:30:00,298.5258308642251,299.9,298.5258308642251,299.25,299.6251015722327,301.70258862516215,302.14898215926735,301.9611312700082,Down,65
2026-05-13 09:00:00,298.8879154321125,299.5,297.8,298.67499999999995,299.5387287020297,301.5838596594695,302.114415172608,301.9611312700082,Down,33
2026-05-13 09:10:00,298.78145771605625,298.78145771605625,297.6,297.92499999999995,299.39202609275424,301.4403749669413,302.0727294494975,301.9611312700082,Down,120
2026-05-13 09:20:00,298.3532288580281,298.3532288580281,297.8,297.95,299.2609328115947,301.30349751725737,302.03170726592043,301.93350865891205,Down,40
2026-05-13 09:30:00,298.15161442901405,298.2,297.4,297.9,299.1372116469043,301.17002702638456,301.9905957508367,301.59717657263445,Down,65
2026-05-13 09:40:00,298.02580721450704,298.9,298.02580721450704,298.54999999999995,299.08382876991294,301.0672808684871,301.9563609672463,301.59717657263445,Down,28
2026-05-13 09:50:00,298.2879036072535,299.1,298.1,298.625,299.0421170635572,300.9715051481543,301.9232130969255,301.59717657263445,Down,68
2026-05-13 10:00:00,298.45645180362675,299.0,298.4,298.67499999999995,299.008742785052,300.88144612273646,301.8908925685979,301.59717657263445,Down,10
2026-05-13 10:10:00,298.5657259018134,299.0,298.4,298.725,298.9829479864109,300.79687960811935,301.8593911500049,301.59717657263445,Down,31
2026-05-13 10:20:00,298.6453629509067,298.8,298.3,298.625,298.95040726037354,300.7117078587813,301.8272081534875,301.59717657263445,Down,25
2026-05-13 10:30:00,298.6351814754533,298.8,298.4,298.6,298.918552054885,300.62889578588795,301.79509662957224,301.59717657263445,Down,8
2026-05-13 10:40:00,298.6175907377267,298.6175907377267,297.7,298.125,298.8464109589864,300.5307037942845,301.7585782551487,301.4675082439142,Down,61
2026-05-13 10:50:00,298.37129536886334,298.37129536886334,297.8,298.0,298.7694645081694,300.4314605082341,301.7211794665402,301.3013122504282,Down,50
2026-05-13 11:00:00,298.1856476844317,298.1856476844317,297.8,297.85,298.6858768256085,300.3302267628132,301.6826602678682,301.05639078746054,Down,11
2026-05-13 11:10:00,298.0178238422158,298.5,297.8,298.125,298.63488802328044,300.24374728191856,301.6472606632128,301.05639078746054,Down,35
2026-05-13 11:20:00,298.07141192110794,298.7,298.07141192110794,298.45,298.618080021164,300.1734042512551,301.6154471242754,301.05639078746054,Down,25
2026-05-13 11:30:00,298.260705960554,298.7,298.260705960554,298.5,298.6073454737855,300.1077805551274,301.584447650402,301.05639078746054,Down,45
2026-05-13 11:40:00,298.380352980277,298.5,298.3,298.375,298.5862231579868,300.039828376495,301.55251284791046,301.05639078746054,Down,9
2026-05-13 11:50:00,298.37767649013847,298.7,297.9,298.42499999999995,298.57156650726074,299.97650177349516,301.5213933170855,301.03686969658617,Down,51
2026-05-13 12:00:00,298.4013382450692,299.0,298.4013382450692,298.77500000000003,298.59006046114615,299.92938405688756,301.4940660203981,301.03686969658617,Down,12
2026-05-13 12:10:00,298.5881691225346,299.1,298.5,298.7,298.6000549646783,299.8811729174017,301.4662643684539,301.03686969658617,Down,23
2026-05-13 12:20:00,298.6440845612673,299.0,298.5,298.75,298.61368633152574,299.8368131951507,301.4392368623001,301.03686969658617,Down,1
2026-05-13 12:30:00,298.69704228063364,299.4,298.69704228063364,299.05,298.6533512104779,299.805957775733,301.4154633611827,301.03686969658617,Down,16
2026-05-13 12:40:00,298.8735211403168,299.3,298.6,298.925,298.6780465549799,299.7714104119788,301.39068263122067,301.03686969658617,Down,46
2026-05-13 12:50:00,298.8992605701584,298.9,298.4,298.625,298.6732241408908,299.7264531409208,301.3631634010593,301.03686969658617,Down,17
2026-05-13 13:00:00,298.7621302850792,298.9,298.4,298.65,298.67111285535526,299.68423929225725,301.3361667503025,301.03686969658617,Down,14
2026-05-13 13:10:00,298.7060651425396,298.9,298.7060651425396,298.875,298.68964805032294,299.65250441805114,301.31167752890644,301.03686969658617,Down,8
2026-05-13 13:20:00,298.7905325712698,299.1,298.1,298.625,298.683770954839,299.61221012714714,301.2849444191661,301.03686969658617,Down,33
2026-05-13 13:30:00,298.7077662856349,298.8,298.4,298.525,298.6693372316718,299.56957443588647,301.2574822856421,301.03686969658617,Down,37
2026-05-13 13:40:00,298.6163831428174,298.6163831428174,298.1,298.3,298.63576111970167,299.5197872031066,301.2280546012079,300.7851449418624,Down,11
2026-05-13 13:50:00,298.45819157140875,298.5,298.1,298.275,298.6029646542742,299.47097201867103,301.1986709733352,300.65177579132154,Down,20
2026-05-13 14:00:00,298.3665957857044,298.3665957857044,298.1,298.1,298.55724059479473,299.4172084100957,301.16783842633686,300.468219807037,Down,16
2026-05-13 14:10:00,298.2332978928522,298.3,298.1,298.20000000000005,298.5247641770861,299.3694747469547,301.13830769572655,300.30447446744074,Down,9
2026-05-13 14:20:00,298.2166489464261,298.6,298.0,298.375,298.5111492518965,299.3304757372702,301.1108120967641,300.30447446744074,Down,28
2026-05-13 14:30:00,298.2958244732131,298.6,298.1,298.35,298.49649931990587,299.29202570835764,301.08334132963216,300.30447446744074,Down,23
2026-05-13 14:40:00,298.32291223660656,299.1,298.1,298.6,298.5059084726417,299.2648874452848,301.05863146565576,300.30447446744074,Down,4
2026-05-13 14:50:00,298.4614561183033,299.0,298.4614561183033,298.775,298.5303713387652,299.24567617292064,301.035908764505,300.30447446744074,Down,16
2026-05-13 15:00:00,298.61822805915165,298.9,298.6,298.75,298.5503375806956,299.22623789162964,301.0131634036642,300.30447446744074,Down,9
2026-05-13 15:10:00,298.6841140295758,298.9,298.1,298.5,298.545761436996,299.19775797431083,300.9881568026327,300.30447446744074,Down,19
2026-05-13 15:20:00,298.5920570147879,298.5920570147879,297.7,297.975,298.49387403363266,299.14980668120063,300.9581751429051,300.30447446744074,Down,36
2026-05-13 15:30:00,298.28352850739395,298.28352850739395,297.4,297.7,298.42170366693875,299.092951517232,300.92575548974185,300.30447446744074,Down,45
2026-05-13 15:40:00,297.99176425369694,297.99176425369694,297.3,297.375,298.32654878812616,299.02558086949745,300.8904245893464,300.1651177779321,Down,29
2026-05-13 15:50:00,297.68338212684847,298.2,297.3,297.725,298.27186253466016,298.9745776981446,300.8589278272634,300.1651177779321,Down,54
2026-05-13 16:00:00,297.7041910634242,298.7,297.3,297.85,298.23351139514557,298.9304766119429,300.82898824689266,300.1651177779321,Down,85
2026-05-13 16:10:00,297.7770955317121,297.7770955317121,297.0,297.225,298.1418285410414,298.8635951761804,300.7931276673216,300.1651177779321,Down,21
2026-05-13 16:20:00,297.5010477658561,297.5010477658561,296.3,296.82500000000005,298.0221168554922,298.7836502673106,300.75364380993534,300.0055532399565,Down,97
2026-05-13 16:30:00,297.1630238829281,297.2,296.4,296.67499999999995,297.899651686811,298.7009580999651,300.7130602894385,299.91366305184397,Down,93
2026-05-13 16:40:00,296.919011941464,297.7,296.919011941464,297.20000000000005,297.83604698800997,298.6420969980056,300.67810446566295,299.91366305184397,Down,29
2026-05-13 16:50:00,297.05950597073206,297.1,296.6,296.85,297.74640635273636,298.57181868435833,300.64001387396485,299.91366305184397,Down,170
2026-05-13 17:00:00,296.95475298536604,297.0,296.6,296.75,297.6558239570331,298.5003748143835,300.6013072682538,299.79118185713304,Down,33
2026-05-13 17:10:00,296.852376492683,298.0,296.8,297.275,297.6212035973028,298.4523209000939,300.568209683495,299.79118185713304,Down,87
2026-05-13 17:20:00,297.0636882463415,298.1,296.9,297.6,297.61927599754796,298.41889655107065,300.5386752587836,299.79118185713304,Down,48
2026-05-13 17:30:00,297.33184412317075,298.0,297.33184412317075,297.775,297.6334327250436,298.3936457059306,300.5111760024773,299.79118185713304,Down,17
2026-05-13 17:40:00,297.55342206158537,297.7,296.8,297.325,297.6053933864032,298.3517380311883,300.4794727586716,299.79118185713304,Down,92
2026-05-13 17:50:00,297.43921103079265,297.5,297.4,297.475,297.59353944218475,298.3173561476123,300.44957750734153,299.79118185713304,Down,6
2026-05-13 18:00:00,297.45710551539634,299.8,297.45710551539634,298.875,297.7100358565316,298.3392245339805,300.4339100694575,299.79118185713304,Down,84
2026-05-13 18:10:00,298.16605275769814,300.2,298.16605275769814,299.8,297.90003259684687,298.3965098463734,300.42760250657733,296.57001525600214,Up,128
2026-05-13 18:20:00,298.9830263788491,303.4,298.9830263788491,301.725,298.2477569062244,298.52703887200585,300.4405119343726,296.57001525600214,Up,315
2026-05-13 18:30:00,300.35401318942456,304.3,300.35401318942456,303.32500000000005,298.709324460204,298.71519421035856,300.4692133081599,296.57001525600214,Up,202
2026-05-13 18:40:00,301.8395065947123,304.0,301.8395065947123,303.475,299.14256769109454,298.90185326093274,300.49912163345186,296.57001525600214,Up,201
2026-05-13 18:50:00,302.6572532973562,304.4,302.6572532973562,303.7,299.55687971917683,299.0900158781511,300.53097116943746,297.01400297207744,Up,146
2026-05-13 19:00:00,303.1786266486781,304.0,303.1786266486781,303.65,299.92898156288805,299.26883878489025,300.56200628217937,297.3682469451305,Up,54
2026-05-13 19:10:00,303.41431332433905,303.5,302.0,302.725,300.1831650571709,299.40437451881616,300.5835286077298,297.3682469451305,Up,160
2026-05-13 19:20:00,303.0696566621696,303.0696566621696,301.6,302.05,300.3528773247008,299.5081245376862,300.5981203628768,297.3682469451305,Up,66
2026-05-13 19:30:00,302.5598283310848,302.5598283310848,300.8,301.775,300.48216120427344,299.59702161463963,300.6098306080223,297.3682469451305,Up,129
2026-05-13 19:40:00,302.1674141655424,302.1674141655424,301.2,301.65,300.5883283675213,299.67753057092824,300.6201805522211,297.3682469451305,Up,63
2026-05-13 19:50:00,301.9087070827712,301.9087070827712,300.8,301.3,300.65302578865567,299.7411568230487,300.6269449248358,297.3682469451305,Up,31
2026-05-13 20:00:00,301.6043535413856,301.6043535413856,300.1,300.7,300.6572961715051,299.7787585162625,300.62767184100665,297.3682469451305,Up,38
2026-05-13 20:10:00,301.1521767706928,301.1521767706928,300.0,300.35,300.62936015591373,299.8011601430757,300.624908937116,297.3682469451305,Up,60
2026-05-13 20:20:00,300.7510883853464,301.9,300.5,301.025,300.665327414467,299.8491538629551,300.62888994271685,297.3682469451305,Up,68
2026-05-13 20:30:00,300.8880441926732,301.2,300.5,300.9,300.6866612858791,299.8903635153883,300.6315875552271,297.3682469451305,Up,19
2026-05-13 20:40:00,300.8940220963366,301.0,300.0,300.57500000000005,300.67651025989005,299.9172120049809,300.6310244949761,297.3682469451305,Up,186
2026-05-13 20:50:00,300.7345110481683,302.0,300.6,301.15,300.7195547817182,299.9655566322366,300.6361884303495,297.3682469451305,Up,36
2026-05-13 21:00:00,300.94225552408415,302.0,300.94225552408415,301.4,300.7814134379256,300.0218093133254,300.6437885454704,297.3682469451305,Up,24
2026-05-13 21:10:00,301.17112776204203,301.9,301.17112776204203,301.4,300.83764857993236,300.07585600692045,300.65131303755527,297.3682469451305,Up,19
2026-05-13 21:20:00,301.285563881021,301.3,300.8,301.07500000000005,300.8592259817567,300.1150381242961,300.65552882822635,297.3682469451305,Up,30
2026-05-13 21:30:00,301.1802819405105,301.1802819405105,300.7,300.825,300.85611452886974,300.14287976648063,300.6572151085425,297.3682469451305,Up,17
2026-05-13 21:40:00,301.00264097025524,301.00264097025524,300.2,300.55,300.8282859353361,300.1588452658344,300.65614829154214,297.3682469451305,Up,9
2026-05-13 21:50:00,300.7763204851276,300.7763204851276,298.9,299.675,300.72344175939645,300.139870941684,300.6463856219746,297.3682469451305,Up,67
2026-05-13 22:00:00,300.2256602425638,300.2256602425638,298.5,299.15,300.5804015994513,300.1010524733827,300.63149621280076,297.3682469451305,Up,100
2026-05-13 22:10:00,299.6878301212819,299.6878301212819,298.5,298.925,300.42991054495576,300.0549327685442,300.61451615098184,297.3682469451305,Up,40
2026-05-13 22:20:00,299.3064150606409,299.8,298.8,299.15,300.31355504086883,300.01944520899343,300.59994385097207,297.3682469451305,Up,39
2026-05-13 22:30:00,299.22820753032045,299.6,298.8,299.20000000000005,300.2123227644262,299.98731010275844,300.58601406141014,297.3682469451305,Up,11
2026-05-13 22:40:00,299.21410376516025,300.0,298.8,299.52500000000003,300.14983887675106,299.96918029480713,300.57545670756525,297.3682469451305,Up,54
2026-05-13 22:50:00,299.36955188258014,300.2,299.2,299.6,300.09985352431914,299.9547026361873,300.5657506706741,297.3682469451305,Up,32
2026-05-13 23:00:00,299.4847759412901,299.9,299.3,299.7,300.0635032039265,299.94471429751326,300.55713623614,297.3682469451305,Up,28
2026-05-13 23:10:00,299.59238797064506,300.2,299.4,299.7,300.030457458115,299.9351176583951,300.54860751737243,297.3682469451305,Up,13
2026-05-13 23:20:00,299.6461939853225,301.0,299.4,299.875,300.0163249619227,299.9327601031639,300.5419049550105,297.3682469451305,Up,95
2026-05-13 23:30:00,299.76059699266125,301.0,299.7,300.27500000000003,300.0398408744752,299.94618127558886,300.5392491843139,297.3682469451305,Up,24
2026-05-14 09:00:00,300.01779849633067,300.3,300.0,300.15,300.04985534043203,299.95417416674223,300.53537605810186,297.3682469451305,Up,1
2026-05-14 09:10:00,300.0838992481653,300.8,300.0838992481653,300.525,300.09305030948366,299.9765594935367,300.53527281374267,297.3682469451305,Up,47
2026-05-14 09:20:00,300.3044496240826,300.8,300.3,300.6,300.1391366449851,300.001008140849,300.53591686534725,297.3682469451305,Up,47
2026-05-14 09:30:00,300.4522248120413,300.6,300.4,300.475,300.1696696772592,300.0195960568942,300.5353107273836,297.3682469451305,Up,12
2026-05-14 09:40:00,300.4636124060207,300.7,300.3,300.45,300.19515425205384,300.0364746428984,300.5344618644246,297.3682469451305,Up,15
2026-05-14 09:50:00,300.4568062030104,300.8,300.3,300.55,300.22741295641254,300.05661289219654,300.53461647273883,297.3682469451305,Up,17
2026-05-14 10:00:00,300.5034031015052,301.0,300.5034031015052,300.9,300.2885572331023,300.08968689642415,300.5382521297265,297.5349752074772,Up,13
2026-05-14 10:10:00,300.70170155075255,301.0,300.7,300.925,300.34641566645666,300.122444273035,300.5421003672417,297.8166124152042,Up,2
2026-05-14 10:20:00,300.8133507753763,301.5,300.8133507753763,301.25,300.4285596967788,300.1666621446807,300.5491441446821,298.14935968346515,Up,85
2026-05-14 10:30:00,301.0316753876881,301.8,301.0316753876881,301.6,300.53505426979893,300.2228714723403,300.55960042184944,298.40252355825515,Up,10
2026-05-14 10:40:00,301.31583769384406,302.5,301.31583769384406,302.0,300.6682311543626,300.2925627871505,300.5739327559604,298.73793788505725,Up,90
2026-05-14 10:50:00,301.65791884692203,302.5,301.65791884692203,302.225,300.8097555948751,300.3683446386348,300.59036128575184,298.89094722064647,Up,26
2026-05-14 11:00:00,301.941459423461,303.0,301.941459423461,302.475,300.9611414498865,300.4509585743747,300.60911390977424,299.18761295406676,Up,63
2026-05-14 11:10:00,302.2082297117305,303.1,302.2082297117305,302.925,301.1396740453514,300.54797980675215,300.63215755246307,299.3451831531638,Up,84
2026-05-14 11:20:00,302.5666148558653,302.9,302.0,302.45000000000005,301.2587945866831,300.6225688339384,300.6502455370157,299.3451831531638,Up,23
2026-05-14 11:30:00,302.50830742793266,302.50830742793266,302.1,302.3,301.3534496242574,300.68835044829376,300.66666100430905,299.3451831531638,Up,12
2026-05-14 11:40:00,302.4041537139664,302.5,302.0,302.275,301.4372269311431,300.7505719993411,300.6826643774005,299.3451831531638,Up,14
2026-05-14 11:50:00,302.3395768569832,302.6,302.1,302.3,301.5156608464937,300.8113338817199,300.6987572691677,299.3674257420997,Up,5
2026-05-14 12:00:00,302.3197884284916,302.4,301.6,302.0,301.5596916786306,300.8579482392995,300.7117049580317,299.3674257420997,Up,99
2026-05-14 12:10:00,302.1598942142458,302.1598942142458,301.6,301.85,301.5860833442096,300.89685222991517,300.7230312768573,299.3674257420997,Up,8
2026-05-14 12:20:00,302.0049471071229,302.1,301.2,301.70000000000005,301.59643940382693,300.9283482208989,300.73275235867965,299.3674257420997,Up,31
2026-05-14 12:30:00,301.8524735535615,301.8524735535615,301.3,301.425,301.580854003479,300.9478247612558,300.7396403949117,299.3674257420997,Up,9
2026-05-14 12:40:00,301.6387367767808,301.8,301.5,301.65,301.5871400031627,300.9753610451281,300.74869869943996,299.3674257420997,Up,50
2026-05-14 12:50:00,301.6443683883904,302.0,301.6443683883904,301.9,301.615581821057,301.0116213962996,300.7601544337739,299.3674257420997,Up,61
2026-05-14 13:00:00,301.7721841941952,302.3,301.7721841941952,302.125,301.6618925645972,301.0552833023271,300.7737349866717,299.41826619640176,Up,4
2026-05-14 13:10:00,301.9485920970976,302.2,301.6,301.9,301.6835386950884,301.08840944733385,300.78494160371974,299.41826619640176,Up,15
2026-05-14 13:20:00,301.9242960485488,301.9242960485488,301.6,301.65,301.68048972280764,301.1104326062619,300.7935491499514,299.41826619640176,Up,1
2026-05-14 13:30:00,301.7871480242744,302.5,301.7871480242744,302.2,301.72771792982513,301.1531607393497,300.80754368577277,299.5801509001483,Up,7
2026-05-14 13:40:00,301.9935740121372,302.5,301.9935740121372,302.45,301.79337993620464,301.2040171809438,300.8238865346706,299.7322474541285,Up,16
2026-05-14 13:50:00,302.2217870060685,302.4,301.7,302.05,301.8167090329133,301.2371929777696,300.83608666865393,299.7322474541285,Up,3
2026-05-14 14:00:00,302.13589350303425,302.13589350303425,301.6,301.65,301.8015536662848,301.2533814884453,300.84418530876684,299.7322474541285,Up,60
2026-05-14 14:10:00,301.8929467515171,301.8929467515171,301.1,301.4,301.7650487875316,301.25913123399647,300.84971580320695,299.7322474541285,Up,155
2026-05-14 14:20:00,301.64647337575855,301.64647337575855,301.1,301.3,301.7227716250287,301.2607339307025,300.854196242976,299.7322474541285,Up,1
2026-05-14 14:30:00,301.4732366878793,301.5,300.8,301.15,301.6707014772988,301.25639142361615,300.8571395639414,299.7322474541285,Up,25
2026-05-14 14:40:00,301.31161834393964,301.31161834393964,300.8,301.0,301.60972861572617,301.24633685798415,300.85856106081764,299.7322474541285,Up,10
2026-05-14 14:50:00,301.15580917196985,301.6,301.15580917196985,301.45000000000005,301.59520783247837,301.2543236478671,300.86444602538666,299.7322474541285,Up,15
2026-05-14 15:00:00,301.30290458598495,301.7,301.2,301.45,301.58200712043487,301.26199723030373,300.87027243309427,299.7322474541285,Up,13
2026-05-14 15:10:00,301.37645229299244,301.6,301.2,301.35,301.5609155640317,301.2654483193114,300.87504584172024,299.7322474541285,Up,3
2026-05-14 15:20:00,301.36322614649623,301.36322614649623,300.9,301.1,301.5190141491197,301.2589601499267,300.8772841915539,299.7322474541285,Up,12
2026-05-14 15:30:00,301.2316130732481,301.2316130732481,300.4,300.7,301.4445583173815,301.2370401440472,300.8755201697474,299.7322474541285,Up,56
2026-05-14 15:40:00,300.9658065366241,300.9658065366241,300.5,300.7,301.3768711976195,301.2159797462415,300.8737737003967,299.7322474541285,Up,6
2026-05-14 15:50:00,300.83290326831207,300.83290326831207,299.9,300.225,301.2721556341995,301.1771177954085,300.8673182406913,299.7322474541285,Up,69
2026-05-14 16:00:00,300.52895163415604,300.52895163415604,298.4,299.3,301.0928687583632,301.1035053328435,300.85172303431625,302.50985359453153,Down,122
2026-05-14 16:10:00,299.914475817078,299.914475817078,298.5,299.04999999999995,300.9071534166938,301.0229757119477,300.83379544193497,302.49011800334335,Down,88
2026-05-14 16:20:00,299.482237908539,300.3,299.3,299.625,300.79059401517617,300.9681531350086,300.8217676265923,302.49011800334335,Down,53
2026-05-14 16:30:00,299.5536189542695,299.5536189542695,299.1,299.3,300.65508546834195,300.9027353650083,300.80662566015855,302.49011800334335,Down,15
2026-05-14 16:40:00,299.4268094771347,299.9,299.1,299.4,300.54098678940176,300.8438045663805,300.7926293849331,302.49011800334335,Down,7
2026-05-14 16:50:00,299.4134047385673,299.7,299.2,299.45,300.4418061721834,300.78914556377737,300.7792698885656,302.49011800334335,Down,9
2026-05-14 17:00:00,299.4317023692837,299.4317023692837,298.5,298.925,300.3039147019849,300.7160418161783,300.7608194419132,302.20931946164995,Down,37
2026-05-14 17:10:00,299.1783511846419,299.2,298.6,298.975,300.18310427453173,300.64776566652426,300.7430500942325,302.0667893427346,Down,26
2026-05-14 17:20:00,299.0766755923209,300.0,299.0,299.475,300.11873115866524,300.6017748560723,300.73043268035957,302.0667893427346,Down,53
2026-05-14 17:30:00,299.2758377961605,299.7,298.0,298.95,300.01248287151384,300.5369993715205,300.7127169322963,302.0667893427346,Down,95
2026-05-14 17:40:00,299.11291889808024,299.11291889808024,297.5,298.175,299.8454389741035,300.44437194518633,300.6874660175471,302.0667893427346,Down,97
2026-05-14 17:50:00,298.6439594490401,299.3,297.4,298.175,299.69358088554867,300.3553769669437,300.6624663556809,302.0667893427346,Down,152
2026-05-14 18:00:00,298.4094797245201,299.2,298.2,298.70000000000005,299.6032553504988,300.29046022314196,300.6429393272662,302.0667893427346,Down,50
2026-05-14 18:10:00,298.5547398622601,299.1,298.3,298.75,299.5256866822716,300.23005001831285,300.6241041100795,302.0667893427346,Down,18
2026-05-14 18:20:00,298.65236993113,298.9,297.8,298.4,299.4233515293378,300.158283350928,300.60197372092443,302.0667893427346,Down,67
2026-05-14 18:30:00,298.526184965565,298.526184965565,297.1,297.7,299.2666832084889,300.06188008226417,300.57309836051724,302.0667893427346,Down,165
2026-05-14 18:40:00,298.11309248278246,298.11309248278246,296.9,297.25,299.08334837135357,299.95161027511654,300.54003270518876,301.817063463168,Down,168
2026-05-14 18:50:00,297.68154624139123,297.7,296.7,297.125,298.9053167012305,299.8407628133472,300.50605228026154,301.4822883834334,Down,72
2026-05-14 19:00:00,297.40327312069564,297.40327312069564,295.9,296.6,298.69574245566406,299.7136740755689,300.4671860884182,301.0912707709948,Down,130
2026-05-14 19:10:00,297.00163656034783,297.00163656034783,296.0,296.20000000000005,298.4688567778764,299.57588293535053,300.4247265253494,300.9010808572522,Down,35
2026-05-14 19:20:00,296.60081828017394,296.60081828017394,295.4,295.925,298.2375970707967,299.4327110555329,300.3799531270872,300.4373090393123,Down,121
2026-05-14 19:30:00,296.262909140087,296.262909140087,295.6,295.77500000000003,298.01372460981514,299.28927140629634,300.334132697962,300.2060578020982,Down,88
2026-05-14 19:40:00,296.01895457004355,296.01895457004355,295.5,295.775,297.810204190741,299.1514568413436,300.28876819350467,299.8341909759964,Down,85
2026-05-14 19:50:00,295.89697728502176,296.2,295.6,295.9,297.63654926430996,299.0239487299184,300.2450988582459,299.82246699179507,Down,80
2026-05-14 20:00:00,295.89848864251087,299.3,295.7,297.2,297.5968629675545,298.9524213287451,300.2147993671191,299.82246699179507,Down,229
2026-05-14 20:10:00,296.5492443212554,299.0,296.5492443212554,298.15,297.6471481523223,298.9209538256571,300.1942540997846,299.82246699179507,Down,185
2026-05-14 20:20:00,297.3496221606277,300.1,297.3496221606277,299.45000000000005,297.8110437748385,298.94170073445486,300.1868485863539,299.82246699179507,Down,239
2026-05-14 20:30:00,298.39981108031384,300.3,298.39981108031384,299.6,297.9736761589441,298.96751639192723,300.1810092969375,299.82246699179507,Down,208
2026-05-14 20:40:00,298.99990554015693,300.8,298.99990554015693,299.875,298.1465237808583,299.0031039844007,300.1779644283112,293.79142176747536,Up,117
2026-05-14 20:50:00,299.4374527700785,301.4,299.4374527700785,300.775,298.38547616441656,299.0725901026595,300.18390508076584,294.1518628445195,Up,276
2026-05-14 21:00:00,300.10622638503924,302.0,300.10622638503924,301.45,298.66406924037864,299.1658218633395,300.19650304016125,294.667319568425,Up,161
2026-05-14 21:10:00,300.77811319251964,302.5,300.77811319251964,302.175,298.9832447639806,299.2838288490909,300.2161895770751,295.2076490079992,Up,118
2026-05-14 21:20:00,301.4765565962598,302.5,301.4765565962598,302.225,299.27794978543693,299.39916889422466,300.23617774048734,295.7693828892601,Up,84
2026-05-14 21:30:00,301.8507782981299,302.1,301.5,301.925,299.51859071403356,299.49822109445114,300.25298194207454,295.88282235557296,Up,60
2026-05-14 21:40:00,301.88788914906496,302.1,301.6,301.85,299.7305370127578,299.59044771819816,300.2688726690191,296.2889294141572,Up,25
2026-05-14 21:50:00,301.8689445745325,301.8689445745325,301.2,301.475,299.8891245570526,299.66435172924923,300.28087393599407,296.2889294141572,Up,40
2026-05-14 22:00:00,301.67197228726627,302.5,301.3,301.95,300.07647687004777,299.75398499476887,300.2974821555364,296.64657155730924,Up,56
2026-05-14 22:10:00,301.8109861436332,304.0,301.8109861436332,303.025,300.3445244273162,299.88226009301326,300.32462163657584,297.33364399432804,Up,276
2026-05-14 22:20:00,302.41799307181657,303.1,302.41799307181657,302.85,300.5722949339238,299.99864205015,300.3497497794955,297.44567667339743,Up,45
2026-05-14 22:30:00,302.6339965359083,303.2,302.6339965359083,302.825,300.77708630356705,300.1094796168108,300.3743791349234,297.8808880423654,Up,29
2026-05-14 22:40:00,302.7294982679541,303.3,302.7,302.95000000000005,300.9746239123337,300.2208725730143,300.40000720323263,298.2035361585557,Up,27
2026-05-14 22:50:00,302.8397491339771,303.1,302.3,302.75,301.13602173848517,300.3200540407392,300.42339021613583,298.2035361585557,Up,32
2026-05-14 23:00:00,302.79487456698854,303.5,302.4,302.85,301.29183794407743,300.41926760776903,300.44753558711955,298.3215174864097,Up,82
2026-05-14 23:10:00,302.8224372834943,303.4,302.8,303.05,301.4516708582522,300.52243358393497,300.4734307554069,298.674106805827,Up,18
2026-05-14 23:20:00,302.93621864174713,304.0,302.4,302.975,301.59015532568384,300.61861265907476,300.49832199167156,298.674106805827,Up,134
2026-05-14 23:30:00,302.9556093208736,302.9556093208736,301.7,302.3,301.6546866597126,300.6845494175424,300.516249136033,298.674106805827,Up,88
2026-05-15 09:00:00,302.6278046604368,305.2,302.6278046604368,304.79999999999995,301.94062423610234,300.84593963646233,300.5588735227392,298.674106805827,Up,37
2026-05-15 09:10:00,303.7139023302184,305.5,303.7139023302184,305.125,302.2301129419112,301.0137459252285,300.6043076170403,299.1555396538977,Up,218
2026-05-15 09:20:00,304.4194511651092,305.5,304.4194511651092,305.3,302.50919358355566,301.1818343203176,300.65103092433344,299.6109700869475,Up,142
2026-05-15 09:30:00,304.8597255825546,305.3,304.8597255825546,305.175,302.7515396214142,301.33842905285417,300.6960455420018,300.0572580071088,Up,32
2026-05-15 09:40:00,305.01736279127726,305.3,305.01736279127726,305.20000000000005,302.9741269285584,301.48986320764425,300.7408610092456,300.4898998795863,Up,153
2026-05-15 09:50:00,305.10868139563865,305.3,305.0,305.225,303.1787517532349,301.6363391602857,300.7854793076611,300.79656225813426,Up,27
2026-05-15 10:00:00,305.16684069781934,305.3,305.1,305.2,303.3625015938499,301.77609056576466,300.82940488668936,301.16960205284937,Up,17
2026-05-15 10:10:00,305.18342034890964,305.2,304.5,304.85,303.4977287216817,301.89663603377386,300.86941080821487,301.16960205284937,Up,58
2026-05-15 10:20:00,305.01671017445483,305.01671017445483,304.6,304.725,303.6092988378924,302.0075522677435,300.90777487977493,301.16960205284937,Up,11
2026-05-15 10:30:00,304.8708550872274,304.9,304.6,304.75,303.71299894353854,302.1150992376359,300.94600597549857,301.2646878858672,Up,19
2026-05-15 10:40:00,304.81042754361374,305.1,304.7,304.825,303.8140899486714,302.2213698557678,300.9846029309663,301.5860798962429,Up,19
2026-05-15 10:50:00,304.8177137718069,304.9,304.8,304.825,303.9059908624285,302.3234729986789,301.02281583712585,301.8009817238572,Up,3
2026-05-15 11:00:00,304.82135688590347,305.0,304.6,304.75,303.9827189658441,302.41863092029934,301.0599022467067,301.882710658052,Up,36
2026-05-15 11:10:00,304.78567844295173,305.2,304.6,304.8,304.0570172416764,302.5120179430327,301.09711714972457,302.02973696186547,Up,18
2026-05-15 11:20:00,304.7928392214759,305.2,304.7928392214759,304.92499999999995,304.1359247651603,302.6066446903647,301.1352055362945,302.2390311111523,Up,15
2026-05-15 11:30:00,304.8589196107379,305.2,304.8589196107379,305.025,304.2167497865094,302.70148215348763,301.1739099588189,302.39871375510495,Up,21
2026-05-15 11:40:00,304.9419598053689,305.3,304.7,305.02500000000003,304.29022707864493,302.79260050040966,301.2122292627113,302.39871375510495,Up,85
2026-05-15 11:50:00,304.9834799026845,305.0,304.9834799026845,305.0,304.35475188967723,302.8791651866681,301.24991852377883,302.60412433722416,Up,13
2026-05-15 12:00:00,304.99173995134225,305.2,304.99173995134225,305.1,304.4225017178884,302.9662567479752,301.28822779219894,302.84957939968825,Up,6
2026-05-15 12:10:00,305.0458699756712,305.2,305.0,305.1,304.48409247080764,303.04993295393695,301.3261558738686,302.98519038547016,Up,8
2026-05-15 12:20:00,305.0729349878356,305.2,305.0,305.125,304.54235679164333,303.1313081322139,301.3639553179097,303.1047185322456,Up,12
2026-05-15 12:30:00,305.0989674939178,305.4,305.0989674939178,305.25,304.606687992403,303.2143940878134,301.4026224291743,303.3261251376977,Up,116
2026-05-15 12:40:00,305.1744837469589,306.4,305.1744837469589,305.9,304.7242618112755,303.3197119667227,301.4473724547547,303.5930917730453,Up,135
2026-05-15 12:50:00,305.53724187347945,306.4,305.53724187347945,306.3,304.86751073752316,303.43658600724336,301.4956573059512,303.66020879942846,Up,21
2026-05-15 13:00:00,305.9186209367397,306.2,305.6,305.975,304.9681915795665,303.53613165401816,301.5402278800214,303.66020879942846,Up,16
2026-05-15 13:10:00,305.9468104683699,306.0,305.8,305.875,305.0506287086968,303.6278519813116,301.58335994091675,303.68808914271796,Up,2
2026-05-15 13:20:00,305.9109052341849,306.1,305.6,305.90000000000003,305.12784428063344,303.71695582518174,301.6263115832957,303.68808914271796,Up,18
2026-05-15 13:30:00,305.90545261709246,306.2,305.9,306.025,305.20940389148495,303.80746736144914,301.670079627243,303.94759433282474,Up,15
2026-05-15 13:40:00,305.9652263085462,306.3,305.9,306.075,305.2880944468045,303.8963902100198,301.7139096807033,304.04326757529526,Up,10
2026-05-15 13:50:00,306.0201131542731,306.5,306.0201131542731,306.35,305.38463131527686,303.9926102017837,301.76003993263663,304.21579551986787,Up,35
2026-05-15 14:00:00,306.1850565771365,307.0,306.1850565771365,306.5,305.4860284684335,304.09093921347846,301.80720371440145,304.43776608273726,Up,24
2026-05-15 14:10:00,306.34252828856825,306.4,305.8,306.15,305.5463895167577,304.17168669530287,301.85041561774074,304.43776608273726,Up,37
2026-05-15 14:20:00,306.2462641442841,306.4,305.8,306.07500000000005,305.59444501523427,304.24632643274197,301.89245128323586,304.43776608273726,Up,12
2026-05-15 14:30:00,306.1606320721421,306.1606320721421,305.1,305.65000000000003,305.5994954683948,304.3013724549874,301.9298398276813,304.43776608273726,Up,58
2026-05-15 14:40:00,305.9053160360711,305.9053160360711,304.8,305.125,305.5563595167226,304.33367157439966,301.9616324662118,304.43776608273726,Up,263
2026-05-15 14:50:00,305.51515801803555,305.51515801803555,305.1,305.15,305.51941774247507,304.36568445383494,301.9933575162993,304.43776608273726,Up,28
2026-05-15 15:00:00,305.33257900901776,305.33257900901776,305.0,305.15,305.48583431134097,304.39644192623354,302.02476689424657,304.43776608273726,Up,14
2026-05-15 15:10:00,305.24128950450887,305.24128950450887,304.6,304.95000000000005,305.4371221012191,304.41815008598905,302.05387369131876,304.43776608273726,Up,27
2026-05-15 15:20:00,305.09564475225443,305.2,304.9,305.1,305.4064746374719,304.44488929830317,302.08418340583296,304.43776608273726,Up,58
2026-05-15 15:30:00,305.0978223761272,305.3,303.9,304.6,305.33315876133804,304.45097207091874,302.10921640677,304.43776608273726,Up,99
2026-05-15 15:40:00,304.8489111880636,304.8489111880636,303.1,303.9,305.2028716012164,304.4293653230396,302.1270351489912,306.685589925559,Down,138
2026-05-15 15:50:00,304.3744555940318,304.3744555940318,303.4,303.85,305.07988327383305,304.4066451142929,302.14417907785696,306.685589925559,Down,68
2026-05-15 16:00:00,304.1122277970159,304.1122277970159,303.2,303.45,304.93171206712094,304.36912961961474,302.15717232086337,306.685589925559,Down,20
2026-05-15 16:10:00,303.78111389850795,303.9,303.5,303.7,304.8197382428372,304.34288924237495,302.1725238400588,306.685589925559,Down,240
2026-05-15 16:20:00,303.740556949254,303.9,302.7,303.375,304.68839840257925,304.3049328014975,302.18448877697364,306.4784779823797,Down,234
2026-05-15 16:30:00,303.55777847462696,303.9,303.0,303.45,304.5758167296175,304.2714060249682,302.19708092844655,306.4784779823797,Down,172
2026-05-15 16:40:00,303.5038892373135,304.2,303.5,303.775,304.5030152087432,304.2519391220283,302.2127816157257,306.4784779823797,Down,132
2026-05-15 16:50:00,303.63944461865674,304.1,303.4,303.725,304.4322865534029,304.2312748427331,302.22782856482297,306.4784779823797,Down,129
2026-05-15 17:00:00,303.6822223093284,305.0,303.5,304.2,304.4111695940026,304.23004837831223,302.24745216119294,306.4784779823797,Down,77
2026-05-15 17:10:00,303.9411111546642,304.1,303.9,303.975,304.3715178127296,304.2200464811235,302.26464169192735,306.4784779823797,Down,8
2026-05-15 17:20:00,303.9580555773321,306.0,303.9,304.825,304.41274346611783,304.2437701485304,302.2901178939978,306.4784779823797,Down,56
2026-05-15 17:30:00,304.39152778866605,305.5,303.0,304.475,304.4184031510162,304.252837985843,302.31185801445554,306.4784779823797,Down,119
2026-05-15 17:40:00,304.43326389433304,306.7,304.43326389433304,305.57500000000005,304.52354831910566,304.30468747659427,302.3443270889386,306.4784779823797,Down,176
2026-05-15 17:50:00,305.00413194716657,308.0,305.00413194716657,307.125,304.7600439264597,304.41528796770825,302.39189597362576,301.26150246456103,Up,252
2026-05-15 18:00:00,306.0645659735833,307.3,306.0645659735833,306.85,304.95003993314515,304.5107668709354,302.4362552176693,301.35914478914935,Up,70
2026-05-15 18:10:00,306.45728298679165,306.7,306.0,306.325,305.07503630285925,304.58191326815364,302.47494919560296,301.35914478914935,Up,164
2026-05-15 18:20:00,306.3911414933958,307.3,305.5,306.2,305.177305729872,304.64536764979465,302.5120143777363,301.35914478914935,Up,52
2026-05-15 18:30:00,306.2955707466979,306.7,305.8,306.225,305.27255066351995,304.70731401646935,302.54895950830615,301.35914478914935,Up,27
2026-05-15 18:40:00,306.2602853733489,307.0,306.2,306.6,305.3932278759272,304.78153699621566,302.58926836892005,301.6026240027032,Up,35
2026-05-15 18:50:00,306.43014268667446,307.5,306.0,306.525,305.49611625084293,304.84990809440325,302.62842987768704,301.6614763660938,Up,60
2026-05-15 19:00:00,306.4775713433372,306.7,305.8,306.275,305.5669238644026,304.9057940514855,302.66471415751107,301.6614763660938,Up,24
2026-05-15 19:10:00,306.3762856716686,306.6,306.0,306.375,305.6403853312751,304.96340997103505,302.7016324246005,301.6614763660938,Up,35
2026-05-15 19:20:00,306.3756428358343,306.3756428358343,305.8,306.1,305.6821684829774,305.0079821290337,302.7354470273408,301.6614763660938,Up,203
2026-05-15 19:30:00,306.2378214179172,306.2378214179172,305.6,305.8,305.69288043907034,305.0390416533853,302.7659400917454,301.6614763660938,Up,30
2026-05-15 19:40:00,306.01891070895863,306.01891070895863,303.5,304.9,305.6208003991548,305.03358903952704,302.78717451869323,301.6614763660938,Up,267
2026-05-15 19:50:00,305.4594553544793,305.4594553544793,304.1,304.425,305.5120912719589,305.00972280268286,302.80347128965155,301.6614763660938,Up,31
2026-05-15 20:00:00,304.94222767723966,306.0,304.4,305.2,305.48371933814445,305.01718465355805,302.8273173464709,301.6614763660938,Up,112
2026-05-15 20:10:00,305.0711138386198,306.4,305.0711138386198,306.15,305.544290307404,305.0616087847911,302.8603788654115,301.6614763660938,Up,30
2026-05-15 20:20:00,305.6105569193099,306.7,305.6105569193099,306.325,305.61526391582186,305.11115353832867,302.8948527075467,301.6614763660938,Up,34
2026-05-15 20:30:00,305.96777845965494,306.6,305.96777845965494,306.32500000000005,305.67978537801986,305.158755360355,302.92898352637707,301.6614763660938,Up,34
2026-05-15 20:40:00,306.1463892298275,306.8,306.1463892298275,306.54999999999995,305.7588957981999,305.21331397367436,302.96501354104,301.8957985515633,Up,31
2026-05-15 20:50:00,306.3481946149137,306.5,305.6,306.15,305.79445072563624,305.25004675902045,302.9967049485918,301.8957985515633,Up,11
2026-05-15 21:00:00,306.24909730745685,306.3,306.0,306.125,305.8245006596693,305.28435865082355,303.0278322625362,301.9438875509501,Up,24
2026-05-15 21:10:00,306.1870486537284,306.5,305.9,306.15,305.85409150879025,305.3183053703991,303.05889860818263,302.1580795917728,Up,13
2026-05-15 21:20:00,306.1685243268642,306.5,306.0,306.25,305.8900831898093,305.3548424146972,303.0906508608375,302.39370871979344,Up,23
2026-05-15 21:30:00,306.2092621634321,306.5,306.0,306.2,305.91825744528114,305.387985849415,303.12158965824216,302.5624624725395,Up,12
2026-05-15 21:40:00,306.204631081716,306.204631081716,305.3,305.775,305.9052340411647,305.4031628749281,303.147991751195,302.5624624725395,Up,17
2026-05-15 21:50:00,305.989815540858,306.5,305.5,305.95,305.9093036737861,305.4246074680682,303.1758724302876,302.5624624725395,Up,20
2026-05-15 22:00:00,305.969907770429,306.8,305.969907770429,306.325,305.94709424889646,305.45991697912433,303.2072070329713,302.70291785204626,Up,59
2026-05-15 22:10:00,306.14745388521453,307.0,306.14745388521453,306.475,305.99508568081495,305.49972415641355,303.2397223858771,302.91640468889597,Up,114
2026-05-15 22:20:00,306.3112269426073,306.9,306.2,306.5,306.04098698255905,305.5389506600836,303.27216295915196,302.97061613298973,Up,36
2026-05-15 22:30:00,306.40561347130364,306.9,306.2,306.5,306.08271543869006,305.57663886949206,303.3042807406529,303.0414692118088,Up,24
2026-05-15 22:40:00,306.45280673565185,306.5,306.2,306.35,306.10701403517277,305.60696675696295,303.33458640492506,303.051335647099,Up,14
2026-05-15 22:50:00,306.40140336782594,306.7,305.9,306.25,306.1200127592479,305.63218374688597,303.36359549542334,303.051335647099,Up,18
2026-05-15 23:00:00,306.32570168391294,306.32570168391294,305.9,306.04999999999995,306.11364796295265,305.6485686979885,303.39032588850375,303.051335647099,Up,13
2026-05-15 23:10:00,306.18785084195645,306.6,305.5,306.025,306.1055890572297,305.66333070983205,303.4165415513047,303.051335647099,Up,66
2026-05-15 23:20:00,306.1064254209782,306.1064254209782,305.1,305.57500000000005,306.05735368839066,305.6598667604269,303.4380187497992,303.051335647099,Up,44
2026-05-15 23:30:00,305.8407127104892,306.0,305.1,305.575,306.0135033530824,305.6565386521749,303.4592822448261,303.051335647099,Up,79
2026-05-18 09:00:00,305.70785635524453,312.9,305.70785635524453,310.3,306.4031848664385,305.83863517561906,303.5273490881612,303.59141571660535,Up,124
2026-05-18 09:10:00,308.00392817762224,313.1,308.00392817762224,312.125,306.92334987858044,306.0851592863791,303.6128978534531,303.59141571660535,Up,417
2026-05-18 09:20:00,310.0644640888111,312.3,310.0644640888111,311.95,307.38031807143676,306.31515303985447,303.6958540937173,303.96357337424763,Up,129
2026-05-18 09:30:00,311.00723204440555,312.5,311.00723204440555,312.17499999999995,307.8161982467607,306.5449509598602,303.7802237047251,304.6483743382067,Up,119
2026-05-18 09:40:00,311.59111602220275,312.7,311.59111602220275,312.525,308.2442711334188,306.77946268692455,303.8672364041806,305.28301685190587,Up,81
2026-05-18 09:50:00,312.05805801110137,313.3,312.05805801110137,313.0,308.6766101212898,307.023405326653,303.9581096737908,305.9887399557735,Up,183
2026-05-18 10:00:00,312.5290290055507,314.0,312.5290290055507,313.625,309.12646374662705,307.2822913922745,304.05429763723566,306.6475350049963,Up,138
2026-05-18 10:10:00,313.07701450277534,313.8,313.07701450277534,313.5,309.5240579514791,307.5261231023814,304.14828472542234,307.16016752714324,Up,52
2026-05-18 10:20:00,313.28850725138767,313.6,313.1,313.325,309.8695981377083,307.75353003954297,304.23959532516943,307.4606002506869,Up,59
2026-05-18 10:30:00,313.30675362569383,313.9,313.30675362569383,313.65,310.21327103428024,307.98476415563937,304.33323119258074,308.03365108645096,Up,73
2026-05-18 10:40:00,313.47837681284693,313.9,313.47837681284693,313.775,310.5370645766184,308.21183222796725,304.42717914091327,308.472483859826,Up,18
2026-05-18 10:50:00,313.62668840642345,313.7,313.6,313.65,310.8200587060167,308.42509370922346,304.51894850269525,308.84390495763864,Up,34
2026-05-18 11:00:00,313.6383442032117,314.0,313.6,313.775,311.0886897327424,308.6348939559206,304.6110485175938,309.2853681433079,Up,28
2026-05-18 11:10:00,313.7066721016058,313.9,313.3,313.65,311.3215361206749,308.8315647811786,304.7009883333392,309.2853681433079,Up,25
2026-05-18 11:20:00,313.6783360508029,313.6783360508029,313.2,313.375,311.508214655159,309.0097387113285,304.7872969071368,309.3357798278433,Up,47
2026-05-18 11:30:00,313.5266680254015,313.5266680254015,313.3,313.3,311.6711042319627,309.17798425206075,304.87200042049864,309.60055636932003,Up,29
2026-05-18 11:40:00,313.4133340127007,313.9,313.3,313.6,311.84645839269336,309.3513966343329,304.95884618745885,309.9156566878358,Up,46
2026-05-18 11:50:00,313.5066670063504,314.0,313.5066670063504,313.9,312.0331439933576,309.5297732369081,305.0478128920613,310.22453667624427,Up,38
2026-05-18 12:00:00,313.70333350317514,314.6,313.70333350317514,314.25,312.23467635759783,309.7148801687941,305.13937694288654,310.6176090918959,Up,56
2026-05-18 12:10:00,313.9766667515876,314.7,313.9766667515876,314.525,312.4428875978162,309.9035123190374,305.23276622703696,310.86252341301497,Up,33
2026-05-18 12:20:00,314.2508333757938,314.3,313.9,314.125,312.5958069071056,310.0690608555458,305.32124616507645,310.86252341301497,Up,24
2026-05-18 12:30:00,314.18791668789686,314.4,313.9,314.15,312.7370971882778,310.22909768474005,305.4090944619413,310.8890000307613,Up,35
2026-05-18 12:40:00,314.1689583439484,314.5,314.1689583439484,314.375,312.88599744388887,310.39168208926003,305.49830745236983,311.2426610181208,Up,36
2026-05-18 12:50:00,314.2719791719742,314.4,314.1,314.3,313.014543130808,310.5449494583087,305.58588648269455,311.33016531467877,Up,9
2026-05-18 13:00:00,314.28598958598707,314.3,313.9,314.125,313.11549375528,310.68534359719854,305.67085278634937,311.33016531467877,Up,18
2026-05-18 13:10:00,314.20549479299353,314.20549479299353,313.5,313.875,313.1845397775273,310.8104281620143,305.75248609195785,311.33016531467877,Up,23
2026-05-18 13:20:00,314.04024739649674,314.04024739649674,313.8,313.95,313.25412707047934,310.93354862624903,305.8340533945254,311.33016531467877,Up,13
2026-05-18 13:30:00,313.99512369824834,314.3,313.9,314.04999999999995,313.3264791549812,311.0557624056118,305.9158041070177,311.5595368252559,Up,11
2026-05-18 13:40:00,314.02256184912414,314.1,314.0,314.05,313.39225377725563,311.17318348774467,305.99674137958476,311.7041243865963,Up,16
2026-05-18 13:50:00,314.0362809245621,314.3,313.9,314.1,313.45659434295965,311.28796060587234,306.07737081859386,311.8219312605421,Up,34
2026-05-18 14:00:00,314.06814046228106,314.2,313.9,314.04999999999995,313.5105403117815,311.3962758762303,306.15670046219,311.8699375095836,Up,14
2026-05-18 14:10:00,314.0590702311405,314.1,313.9,314.025,313.5573093743468,311.49936309677025,306.23499199987964,311.9453977359851,Up,19
2026-05-18 14:20:00,314.04203511557023,314.3,313.8,314.125,313.60891761304254,311.6023292498381,306.31349954216944,312.00036157816834,Up,15
2026-05-18 14:30:00,314.0835175577851,315.0,314.0835175577851,314.55,313.69447055731143,311.717924181217,306.39545477060557,312.3451847800584,Up,128
2026-05-18 14:40:00,314.31675877889256,315.3,314.31675877889256,314.85,313.79951868846496,311.8407506839144,306.4795795987588,312.4539516737397,Up,102
2026-05-18 14:50:00,314.5833793894463,315.0,314.5833793894463,314.9,313.89956244405903,311.9607212453295,306.5633648763831,312.49980245842494,Up,63
2026-05-18 15:00:00,314.7416896947232,315.2,314.7416896947232,315.05,314.0041476764173,312.0818694317872,306.6478090069664,312.7206527033535,Up,30
2026-05-18 15:10:00,314.8958448473616,315.2,314.8958448473616,315.025,314.0969524331066,312.19728631681517,306.73116414122546,312.8916913281686,Up,33
2026-05-18 15:20:00,314.9604224236808,315.1,314.9,314.975,314.1767749391878,312.3062162651754,306.8131923587257,312.96706264044343,Up,19
2026-05-18 15:30:00,314.9677112118404,315.7,314.9,315.325,314.28115903562525,312.4245999410509,306.8978869621215,313.1609660367667,Up,61
2026-05-18 15:40:00,315.14635560592023,315.8,315.14635560592023,315.6,314.4010536687502,312.5491254335587,306.9844751515531,313.2909126021736,Up,39
2026-05-18 15:50:00,315.37317780296013,316.0,315.2,315.67499999999995,314.51686697159107,312.6717087498897,307.0709480356173,313.32521345383043,Up,73
2026-05-18 16:00:00,315.52408890148,316.5,315.52408890148,316.17499999999995,314.66760633781007,312.8090927204823,307.1615356173524,313.5891799183968,Up,58
2026-05-18 16:10:00,315.84954445074,316.6,315.84954445074,316.3,314.8160057616455,312.94599104516925,307.25246561120963,313.7492751780543,Up,70
2026-05-18 16:20:00,316.07477222537,316.3,315.8,316.025,314.92591432876867,313.0667364943783,307.3397545106006,313.7492751780543,Up,40
2026-05-18 16:30:00,316.049886112685,316.5,315.6,315.925,315.0167402988806,313.17882525930463,307.4251798388533,313.7492751780543,Up,33
2026-05-18 16:40:00,315.9874430563425,316.3,315.6,316.0,315.10612754443696,313.2894595628613,307.5105014324966,313.7492751780543,Up,14
2026-05-18 16:50:00,315.99372152817125,316.3,314.8,315.55,315.14647958585175,313.37810820745494,307.5904964431185,313.7492751780543,Up,58
2026-05-18 17:00:00,315.77186076408566,315.77186076408566,314.4,314.825,315.11725416895615,313.4348490620646,307.66248155313724,313.7492751780543,Up,69
2026-05-18 17:10:00,315.29843038204285,315.29843038204285,313.3,314.07500000000005,315.0225037899601,313.459953020415,307.72628770683735,313.7492751780543,Up,126
2026-05-18 17:20:00,314.68671519102145,314.7,313.6,314.2,314.9477307181456,313.4889744705948,307.7907027545305,313.7492751780543,Up,47
2026-05-18 17:30:00,314.44335759551075,314.6,313.5,314.05,314.8661188346778,313.510975471748,307.8529843191621,313.7492751780543,Up,98
2026-05-18 17:40:00,314.2466787977554,314.2466787977554,312.8,313.275,314.7214716678889,313.5017215316795,307.90693472394656,317.4153114825118,Down,125
2026-05-18 17:50:00,313.7608393988777,315.0,312.8,313.85,314.6422469708081,313.51537951082935,307.96606970181773,317.4153114825118,Down,96
2026-05-18 18:00:00,313.80541969943886,316.3,313.80541969943886,315.55,314.7247699734619,313.5951685496204,308.0415316948345,317.4153114825118,Down,184
2026-05-18 18:10:00,314.67770984971946,317.0,314.67770984971946,315.95,314.836154521329,313.6875148810078,308.1202229217516,317.4153114825118,Down,266
2026-05-18 18:20:00,315.3138549248597,315.3138549248597,312.0,313.725,314.7351404739354,313.6889848856742,308.17599184790333,317.4153114825118,Down,458
2026-05-18 18:30:00,314.51942746242986,314.51942746242986,312.3,312.975,314.5751277035776,313.66098547839283,308.22374317279986,317.4153114825118,Down,119
2026-05-18 18:40:00,313.74721373121497,314.3,313.4,313.75,314.50011609416146,313.66447624394607,308.27873080292125,317.4153114825118,Down,66
2026-05-18 18:50:00,313.7486068656075,313.8,310.3,312.1,314.281923721965,313.60312423437955,308.3167533819967,317.4153114825118,Down,315
2026-05-18 19:00:00,312.9243034328037,312.9243034328037,310.4,310.775,313.9631124745136,313.4922174016588,308.34121354735,317.4153114825118,Down,104
2026-05-18 19:10:00,311.84965171640187,311.84965171640187,309.2,310.125,313.61419315864873,313.36016966041734,308.3589626662818,317.4153114825118,Down,197
2026-05-18 19:20:00,310.98732585820096,310.98732585820096,308.7,309.32500000000005,313.22426650786247,313.20192771295,308.3685749780601,317.4153114825118,Down,110
2026-05-18 19:30:00,310.1561629291005,310.1561629291005,308.8,309.375,312.87433318896586,313.05185211636376,308.3785891573829,317.0256299593871,Down,42
2026-05-18 19:40:00,309.7655814645502,311.0,309.7655814645502,310.4,312.64939380815076,312.94785791572207,308.3987026981055,317.0256299593871,Down,99
2026-05-18 19:50:00,310.0827907322751,310.9,310.0827907322751,310.6,312.4630852801371,312.855785056282,308.42060615384577,317.0256299593871,Down,28
2026-05-18 20:00:00,310.3413953661376,311.7,310.3413953661376,311.07500000000005,312.3368957092155,312.7859503481925,308.44701803291196,317.0256299593871,Down,41
2026-05-18 20:10:00,310.7081976830688,312.0,310.7081976830688,311.575,312.2676324629232,312.73846209924375,308.47814223158946,317.0256299593871,Down,81
2026-05-18 20:20:00,311.1415988415344,312.0,311.1415988415344,311.7,312.21602951174833,312.6977380953519,308.51020051784235,317.0256299593871,Down,12
2026-05-18 20:30:00,311.4207994207672,311.4207994207672,310.9,311.225,312.1259359197712,312.63998366024003,308.5372134480131,317.0256299593871,Down,60
2026-05-18 20:40:00,311.3228997103836,312.3,311.2,311.57500000000005,312.0758508361556,312.5982195951326,308.5674401798737,317.0256299593871,Down,40
2026-05-18 20:50:00,311.4489498551918,312.0,311.4489498551918,311.70000000000005,312.0416825783233,312.5629952972843,308.5986099293277,317.0256299593871,Down,34
2026-05-18 21:00:00,311.574474927596,311.8,311.0,311.475,311.99016598029385,312.5203288150379,308.62723072605087,316.8350186255515,Down,13
2026-05-18 21:10:00,311.524737463798,311.524737463798,310.2,311.0,311.9001508911762,312.46070807719326,308.6508403705678,316.28501746923604,Down,50
2026-05-18 21:20:00,311.26236873189896,312.0,310.8,311.375,311.8524099010693,312.41813128985234,308.6779464365323,316.28501746923604,Down,37
2026-05-18 21:30:00,311.3186843659495,312.2,311.3186843659495,311.92499999999995,311.8590090009721,312.3987928078974,308.7102554272136,316.28501746923604,Down,28
2026-05-18 21:40:00,311.6218421829747,313.0,311.6218421829747,312.45,311.91273545542913,312.4008009330779,308.74746681599754,316.28501746923604,Down,88
2026-05-18 21:50:00,312.0359210914873,313.2,311.4,312.325,311.9502140503901,312.397828347467,308.783064161112,316.28501746923604,Down,73
2026-05-18 22:00:00,312.1804605457437,312.2,311.8,312.0,311.9547400458092,312.3822272358016,308.8150734729418,316.28501746923604,Down,44
2026-05-18 22:10:00,312.09023027287185,312.8,311.9,312.375,311.99294549619015,312.3819438147898,308.85049562743984,316.28501746923604,Down,26
2026-05-18 22:20:00,312.2326151364359,313.5,312.2326151364359,312.925,312.0776777238092,312.4032401357784,308.8910379595051,316.28501746923604,Down,66
2026-05-18 22:30:00,312.57880756821794,313.7,312.57880756821794,313.32500000000005,312.19107065800836,312.4393875814342,308.9351569847837,316.28501746923604,Down,61
2026-05-18 22:40:00,312.951903784109,314.3,312.951903784109,313.95000000000005,312.3509733254622,312.498627284123,308.9850559202585,316.28501746923604,Down,74
2026-05-18 22:50:00,313.4509518920545,314.7,313.4509518920545,314.4,312.53724847769286,312.57319092003974,309.03893596085294,316.28501746923604,Down,98
2026-05-18 23:00:00,313.92547594602723,314.6,313.4,314.0,312.6702258888117,312.62914421729306,309.088299782138,316.28501746923604,Down,36
2026-05-18 23:10:00,313.96273797301365,314.5,313.8,314.0,312.7911144443743,312.6829032675953,309.1371724211217,316.28501746923604,Down,44
2026-05-18 23:20:00,313.9813689865068,314.7,313.9,314.275,312.9260131312493,312.74533843357193,309.1882950835981,316.28501746923604,Down,63
2026-05-18 23:30:00,314.1281844932534,314.8,314.1281844932534,314.6,313.0781937556812,312.81807025970636,309.2421428937116,316.28501746923604,Down,55
2026-05-19 09:00:00,314.3640922466267,314.7,314.3,314.525,313.2097215960738,312.8850086808943,309.29470863606275,316.28501746923604,Down,10
2026-05-19 09:10:00,314.44454612331333,314.9,313.5,314.2,313.2997469055216,312.9365769679181,309.3435175053557,316.28501746923604,Down,72
2026-05-19 09:20:00,314.3222730616567,314.3222730616567,313.7,313.9,313.354315368656,312.9743582632939,309.3888556396308,316.28501746923604,Down,74
2026-05-19 09:30:00,314.11113653082833,314.4,314.0,314.2,313.43119578968725,313.0224226451255,309.43672772281855,316.28501746923604,Down,10
2026-05-19 09:40:00,314.15556826541416,314.4,313.8,314.1,313.49199617244295,313.0646805806108,309.4831284419945,316.28501746923604,Down,28
2026-05-19 09:50:00,314.12778413270706,314.12778413270706,313.4,313.85,313.52454197494814,313.09547742058686,309.52657990028314,316.28501746923604,Down,36
2026-05-19 10:00:00,313.9888920663535,314.2,313.7,313.92499999999995,313.56094724995285,313.1280077178188,309.5703452744097,316.28501746923604,Down,23
2026-05-19 10:10:00,313.95694603317673,314.1,313.8,314.0,313.60086113632076,313.1622034935906,309.6144214408335,316.28501746923604,Down,36
2026-05-19 10:20:00,313.9784730165884,314.5,313.9,314.15,313.6507828512007,313.200940611489,309.6595515757506,316.28501746923604,Down,25
2026-05-19 10:30:00,314.0642365082942,314.3,314.0,314.2,313.7007116829097,313.24011941103845,309.7047301670367,316.28501746923604,Down,17
2026-05-19 10:40:00,314.1321182541471,314.4,314.0,314.25,313.75064698446334,313.27972257138987,309.7499567325388,316.28501746923604,Down,14
2026-05-19 10:50:00,314.1910591270736,314.4,313.9,314.2,313.79149725860304,313.31581188231576,309.79423577002603,316.28501746923604,Down,14
2026-05-19 11:00:00,314.19552956353675,314.2,313.8,313.975,313.8081793260028,313.34166239673476,309.8358354141054,316.28501746923604,Down,34
2026-05-19 11:10:00,314.0852647817684,314.5,313.8,314.025,313.8278902963662,313.368459949804,309.87751864381585,316.28501746923604,Down,50
2026-05-19 11:20:00,314.0551323908842,314.0551323908842,314.0,314.0,313.8435366330602,313.39322622628225,309.9185383588028,316.28501746923604,Down,5
2026-05-19 11:30:00,314.0275661954421,314.2,313.7,314.0,313.85776057550925,313.417021276232,309.95914991742166,316.28501746923604,Down,55
2026-05-19 11:40:00,314.01378309772105,314.2,313.9,314.025,313.8729641595539,313.4408635791249,309.9996061371488,316.28501746923604,Down,4
2026-05-19 11:50:00,314.01939154886054,314.01939154886054,313.8,313.85,313.87087650868534,313.4569081446494,310.0379185138936,316.1355224699106,Down,1
2026-05-19 12:00:00,313.9346957744302,314.1,313.8,313.95000000000005,313.8780695533503,313.4762450801533,310.076844697835,316.082569723164,Down,2
2026-05-19 12:10:00,313.94234788721513,314.1,313.7,313.90000000000003,313.88006323031846,313.49286292014733,310.1148860441252,315.9841542937854,Down,4
2026-05-19 12:20:00,313.9211739436076,314.0,313.5,313.725,313.86596657301675,313.5019663350435,310.15080757602453,315.82650390344133,Down,11
2026-05-19 12:30:00,313.82308697180383,313.9,313.2,313.625,313.8440605209243,313.50679118464967,310.1853766548701,315.6922762758557,Down,58
2026-05-19 12:40:00,313.7240434859019,314.0,313.7240434859019,313.9,313.849145928113,313.52221113819286,310.22233808118983,315.6922762758557,Down,19
2026-05-19 12:50:00,313.81202174295095,314.1,313.81202174295095,313.975,313.86058720737543,313.5399675641461,310.25967800078,315.6922762758557,Down,4
2026-05-19 13:00:00,313.8935108714755,314.1,313.8935108714755,314.05,313.8778065521595,313.55996883614034,310.29739264753846,315.6922762758557,Down,2
2026-05-19 13:10:00,313.97175543573775,314.2,313.8,313.975,313.886642320145,313.57624456805644,310.3339857555232,315.6922762758557,Down,84
2026-05-19 13:20:00,313.97337771786886,313.97337771786886,313.5,313.65,313.86512938194994,313.5791369379366,310.3669809221349,315.605703299803,Down,20
2026-05-19 13:30:00,313.8116888589344,313.8116888589344,313.5,313.5,313.83193580177266,313.57603352860576,310.3981552413177,315.4682898698693,Down,1
2026-05-19 13:40:00,313.6558444294672,313.8,313.5,313.65,313.81539618342964,313.57893417454284,310.4305119055832,315.4067685821837,Down,3
2026-05-19 13:50:00,313.6529222147336,314.1,313.6529222147336,313.82500000000005,313.81626925766335,313.5885838147569,310.46428790652266,315.4067685821837,Down,22
2026-05-19 14:00:00,313.73896110736683,315.0,313.7,314.32500000000005,313.86251750696664,313.6174628808448,310.5027029522289,315.4067685821837,Down,56
2026-05-19 14:10:00,314.0319805536834,315.6,314.0319805536834,315.2,313.9841068245151,313.6795231600274,310.54944222633605,315.4067685821837,Down,87
2026-05-19 14:20:00,314.61599027684167,315.5,314.61599027684167,315.2,314.09464256774095,313.73914970277144,310.5957164330392,315.4067685821837,Down,23
2026-05-19 14:30:00,314.9079951384208,316.2,314.9,315.54999999999995,314.2269477888554,313.8101634399177,310.6450127869393,312.75605971350035,Up,76
2026-05-19 14:40:00,315.2289975692104,317.0,315.2289975692104,316.55,314.4381343535049,313.91760801090135,310.7037688786115,312.930552185682,Up,134
2026-05-19 14:50:00,315.8894987846052,317.4,315.8894987846052,316.975,314.66875850318627,314.03750573596403,310.76616918827705,313.2009793149562,Up,150
2026-05-19 15:00:00,316.4322493923026,317.7,316.4,317.025,314.88296227562387,314.1546623737694,310.8284461117768,313.44657265695776,Up,180
2026-05-19 15:10:00,316.7286246961513,318.0,316.7286246961513,317.45000000000005,315.1163293414763,314.28389130028825,310.8943322201174,313.6261510166378,Up,70
2026-05-19 15:20:00,317.0893123480757,317.6,317.0893123480757,317.425,315.32620849225117,314.4070720336103,310.95931398907146,313.76062309021273,Up,42
2026-05-19 15:30:00,317.25715617403785,317.4,316.6,317.0,315.47837135659194,314.50875548327264,311.0194203175384,313.76062309021273,Up,62
2026-05-19 15:40:00,317.1285780870189,317.1285780870189,316.1,316.475,315.5689739605381,314.58586311137964,311.0737046924883,313.76062309021273,Up,50
2026-05-19 15:50:00,316.8017890435095,316.9,316.3,316.67499999999995,315.66952178230736,314.6677900481883,311.1294389741551,313.76062309021273,Up,37
2026-05-19 16:00:00,316.7383945217547,316.9,316.0,316.5,315.74501980209754,314.7396414188476,311.1828773923227,313.76062309021273,Up,23
2026-05-19 16:10:00,316.61919726087734,316.9,316.2,316.40000000000003,315.8045634564523,314.8047535200693,311.23478906006085,313.76062309021273,Up,20
2026-05-19 16:20:00,316.5095986304387,316.9,316.1,316.45,315.8632395058657,314.8692729898705,311.2866817062294,313.76062309021273,Up,41
2026-05-19 16:30:00,316.47979931521934,317.1,316.47979931521934,316.8,315.948399550787,314.9449877745815,311.3415405947247,313.76062309021273,Up,63
2026-05-19 16:40:00,316.6398996576097,317.3,316.6398996576097,316.975,316.0417268643518,315.0245960971469,311.39759491716524,313.76062309021273,Up,34
2026-05-19 16:50:00,316.80744982880486,317.3,316.5,316.975,316.12656987668345,315.1010825247098,311.4530914851536,313.76062309021273,Up,31
2026-05-19 17:00:00,316.8912249144024,318.6,316.8912249144024,317.92500000000007,316.2900635242577,315.21182438648594,311.51748858480386,314.14685371307536,Up,115
2026-05-19 17:10:00,317.40811245720124,320.6,317.40811245720124,319.45000000000005,316.5773304765979,315.37802735172176,311.59641904664664,314.5717709911048,Up,279
2026-05-19 17:20:00,318.42905622860064,320.2,318.42905622860064,319.425,316.83620952417994,315.53673216145813,311.6743153745407,314.6411983451589,Up,140
2026-05-19 17:30:00,318.9270281143004,319.9,318.7,319.225,317.053372294709,315.68137011591074,311.7494465648438,314.6411983451589,Up,164
2026-05-19 17:40:00,319.0760140571502,319.7,317.2,318.375,317.17352026791724,315.78700266038487,311.8153724696713,314.6411983451589,Up,101
2026-05-19 17:50:00,318.72550702857507,319.5,317.2,318.175,317.26456387992476,315.8806496148796,311.87865234559496,314.6411983451589,Up,118
2026-05-19 18:00:00,318.4502535142875,319.4,318.4,318.7,317.3950580726589,315.9912123750804,311.946526451609,314.6411983451589,Up,99
2026-05-19 18:10:00,318.5751267571437,319.5,318.1,318.875,317.5295982478717,316.10430208586155,312.01546648691635,314.6411983451589,Up,59
2026-05-19 18:20:00,318.72506337857186,319.9,318.7,319.2,317.68145295261064,316.22570200406307,312.08695438256893,314.6411983451589,Up,65
2026-05-19 18:30:00,318.9625316892859,319.0,317.9,318.375,317.7445026841915,316.3099881999822,312.14952200065284,314.6411983451589,Up,53
2026-05-19 18:40:00,318.66876584464296,319.0,317.1,318.125,317.779093349265,316.38116513331624,312.2089794931837,314.6411983451589,Up,105
2026-05-19 18:50:00,318.3968829223215,318.6,317.0,317.85,317.7855394084227,316.43876650063714,312.26510905046547,314.6411983451589,Up,132
2026-05-19 19:00:00,318.1234414611607,319.8,317.1,318.35,317.836854007657,316.5137168339455,312.3256552290678,314.6411983451589,Up,142
2026-05-19 19:10:00,318.2367207305804,321.0,318.2367207305804,319.925,318.0266854615063,316.64749264437904,312.4012705999229,314.6411983451589,Up,299
2026-05-19 19:20:00,319.08086036529016,320.0,319.08086036529016,319.75,318.1833504195512,316.76915959950145,312.4743922854958,314.6411983451589,Up,93
2026-05-19 19:30:00,319.4154301826451,320.7,319.4154301826451,320.07500000000005,318.35531856322837,316.898800399521,312.55002022295355,314.6411983451589,Up,176
2026-05-19 19:40:00,319.74521509132256,320.6,319.7,320.225,318.5252896029349,317.0292395995398,312.6263881809341,314.6411983451589,Up,81
2026-05-19 19:50:00,319.9851075456613,320.1,319.5,319.9,318.65026327539533,317.14181843877356,312.69876242788996,314.6411983451589,Up,34
2026-05-19 20:00:00,319.94255377283065,320.2,319.8,320.05,318.7775120685412,317.2558647745079,312.7719090703985,314.67389673938703,Up,46
2026-05-19 20:10:00,319.99627688641533,320.3,319.3,320.0,318.8886473350375,317.3634779206057,312.84383037318065,314.67389673938703,Up,62
2026-05-19 20:20:00,319.99813844320767,320.5,319.8,320.175,319.0055884863977,317.4737336884251,312.91677733464155,315.16313780114626,Up,24
2026-05-19 20:30:00,320.08656922160384,321.1,320.08656922160384,320.575,319.1482622603615,317.59535197515356,312.9929785551924,315.69125323788177,Up,187
2026-05-19 20:40:00,320.3307846108019,322.2,320.3307846108019,321.4,319.3529656912377,317.7445538584809,313.07663050986713,316.1292854612197,Up,336
2026-05-19 20:50:00,320.865392305401,322.2,320.865392305401,321.65000000000003,319.5617869920343,317.89770860912876,313.16193766897294,316.37819622359063,Up,101
2026-05-19 21:00:00,321.25769615270053,321.8,320.9,321.225,319.7129881745766,318.02819062445707,313.2421671449036,316.37819622359063,Up,53
2026-05-19 21:10:00,321.2413480763503,321.2413480763503,320.5,320.825,319.814080158706,318.13786942349793,313.3176182180887,316.37819622359063,Up,51
2026-05-19 21:20:00,321.0331740381752,321.0331740381752,320.4,320.725,319.89689105336913,318.2393255245372,313.391323509451,316.37819622359063,Up,46
2026-05-19 21:30:00,320.8790870190876,320.8790870190876,319.8,320.275,319.93126459397195,318.319155896124,313.45981780288935,316.37819622359063,Up,43
2026-05-19 21:40:00,320.5770435095438,320.8,320.1,320.45000000000005,319.9784223581563,318.4027184100015,313.5293718546019,316.37819622359063,Up,8
2026-05-19 21:50:00,320.5135217547719,320.7,320.1,320.275,320.00538396196026,318.47614121745244,313.5964925326656,316.37819622359063,Up,31
2026-05-19 22:00:00,320.39426087738593,320.4,320.2,320.25,320.02762178360024,318.5457043069641,313.66269658706693,316.37819622359063,Up,14
2026-05-19 22:10:00,320.32213043869297,320.8,320.1,320.3,320.05238343963657,318.61450021649495,313.7287394070961,316.62207774370546,Up,50
2026-05-19 22:20:00,320.31106521934646,320.8,320.1,320.375,320.0817122178514,318.68353942369123,313.7948713532941,316.7155252215504,Up,25
2026-05-19 22:30:00,320.34303260967323,321.2,320.1,320.75,320.1424656525922,318.7645770933504,313.8640766134604,316.85502292868216,Up,37
2026-05-19 22:40:00,320.5465163048366,322.0,320.5465163048366,321.375,320.2545142296293,318.8669466191014,313.9388121695454,317.2947394711609,Up,122
2026-05-19 22:50:00,320.9607581524183,322.0,320.9607581524183,321.6,320.3768311178448,318.9741251830582,314.0150428942265,317.4856377850363,Up,39
2026-05-19 23:00:00,321.2803790762091,322.7,321.2803790762091,322.15,320.5380282889498,319.09866929352654,314.0959877410501,317.84238075565986,Up,127
2026-05-19 23:10:00,321.71518953810454,322.4,321.6,322.05,320.6754802626816,319.21440775260396,314.1751321416367,317.938355652323,Up,55
2026-05-19 23:20:00,321.8825947690523,322.2,321.5,321.79999999999995,320.77770932971055,319.31580352701167,314.25100147356073,317.938355652323,Up,88
2026-05-19 23:30:00,321.8412973845261,323.0,321.6,322.07500000000005,320.89564484519144,319.4240073102661,314.3288522051671,318.2027732663827,Up,78
2026-05-20 09:00:00,321.9581486922631,324.1,321.9581486922631,323.35,321.1187680410831,319.5779678079028,314.41861486979235,318.52546774912054,Up,14
2026-05-20 09:10:00,322.65407434613155,324.1,322.65407434613155,323.6,321.34433458280284,319.73569456053406,314.50997193576455,318.75705821073996,Up,181
2026-05-20 09:20:00,323.1270371730658,323.9,323.1270371730658,323.77500000000003,321.5653041661844,319.8940986954151,314.60216126973705,319.03246032007877,Up,98
2026-05-20 09:30:00,323.4510185865329,324.0,323.4510185865329,323.75,321.7639128783494,320.0453105112812,314.69318454068497,319.4521903552292,Up,75
2026-05-20 09:40:00,323.60050929326644,323.7,323.2,323.475,321.9194662530449,320.1798081382898,314.78056578903636,319.4521903552292,Up,125
2026-05-20 09:50:00,323.5377546466332,324.0,323.3,323.625,322.07451477549535,320.3149137014941,314.86857010954344,319.68196781980396,Up,248
2026-05-20 10:00:00,323.5813773233166,324.1,323.5813773233166,323.95,322.2450134322685,320.45746610535707,314.95893259601564,320.04479661541336,Up,74
2026-05-20 10:10:00,323.76568866165826,324.6,323.76568866165826,324.3,322.43183039297134,320.6081537090686,315.0518785403339,320.4286474384822,Up,76
2026-05-20 10:20:00,324.0328443308291,324.7,324.0328443308291,324.575,322.6266639936103,320.76371630871296,315.14663596779326,320.7109138381279,Up,67
2026-05-20 10:30:00,324.3039221654145,324.7,324.2,324.425,322.79014908510027,320.9072960613125,315.23895799796446,320.94499242973944,Up,76
2026-05-20 10:40:00,324.3644610827073,324.5,324.2,324.32500000000005,322.9296809864548,321.0413236667512,315.32936637609413,321.0545385724904,Up,65
2026-05-20 10:50:00,324.34473054135367,324.4,323.8,324.15,323.0406190785952,321.1632325425649,315.4171338748395,321.0545385724904,Up,40
2026-05-20 11:00:00,324.2473652706768,324.2473652706768,323.9,324.075,323.1346537078138,321.27741950168,315.50328179648295,321.0545385724904,Up,42
2026-05-20 11:10:00,324.1611826353384,324.2,324.0,324.1,323.2224124616489,321.38810893298665,315.5888212810951,321.25619673432954,Up,7
2026-05-20 11:20:00,324.1305913176692,324.3,324.0,324.15,323.306738601499,321.496418386595,315.6740071389947,321.455633394845,Up,14
2026-05-20 11:30:00,324.1402956588346,324.3,324.0,324.15,323.38339872863537,321.6004804106501,315.75834537641765,321.5914849044045,Up,9
2026-05-20 11:40:00,324.1451478294173,324.4,324.0,324.15,323.4530897533049,321.7004615710168,315.8418444273986,321.7286226403678,Up,14
2026-05-20 11:50:00,324.14757391470863,324.3,323.7,323.975,323.500536139368,321.7896591564671,315.92277134851906,321.7286226403678,Up,20
2026-05-20 12:00:00,324.06128695735435,324.06128695735435,323.6,323.82500000000005,323.5300328539709,321.86947644444876,316.00140048932985,321.7286226403678,Up,19
2026-05-20 12:10:00,323.9431434786772,324.0,323.6,323.875,323.5613935036099,321.9481244270194,316.0797447630679,321.7286226403678,Up,29
2026-05-20 12:20:00,323.90907173933863,324.0,323.6,323.875,323.5899031850999,322.02368817497944,316.15730949179357,321.7286226403678,Up,6
2026-05-20 12:30:00,323.8920358696693,324.0,323.5,323.775,323.60673016827263,322.0923670700783,316.2331074072981,321.7286226403678,Up,26
2026-05-20 12:40:00,323.8335179348346,323.8335179348346,322.6,323.125,323.5629365166115,322.13286247909485,316.30168345299666,321.7286226403678,Up,85
2026-05-20 12:50:00,323.4792589674173,323.4792589674173,322.6,322.7,323.4844877423741,322.1551031661892,316.3653482942604,321.7286226403678,Up,25
2026-05-20 13:00:00,323.0896294837087,323.0896294837087,322.7,322.85,323.42680703852193,322.1823540224171,316.42987219183,321.7286226403678,Up,46
2026-05-20 13:10:00,322.9698147418543,323.4,322.8,323.1,323.3970973077472,322.21834013918505,316.4962416227571,321.7286226403678,Up,21
2026-05-20 13:20:00,323.0349073709272,323.8,323.0349073709272,323.475,323.4041793706793,322.26762091804056,316.5656820046202,321.7286226403678,Up,40
2026-05-20 13:30:00,323.2549536854636,323.4,322.8,323.15,323.381072155163,322.3022240192939,316.6311976065643,321.7286226403678,Up,27
2026-05-20 13:40:00,323.2024768427318,323.2024768427318,322.6,322.875,323.3350655956027,322.32468582245883,316.69332499356364,321.7286226403678,Up,9
2026-05-20 13:50:00,323.0387384213659,323.0387384213659,322.6,322.8,323.2864232687298,322.3433255941271,316.75408792895104,321.7286226403678,Up,13
2026-05-20 14:00:00,322.91936921068293,323.0,322.6,322.725,323.23538478975433,322.35829321788685,316.81349998935946,321.7286226403678,Up,23
2026-05-20 14:10:00,322.8221846053415,322.8221846053415,321.9,322.275,323.14807708159486,322.35502681718543,316.86784327304747,321.7286226403678,Up,59
2026-05-20 14:20:00,322.5485923026707,322.5485923026707,321.5,321.775,323.0232518923589,322.3322806674919,316.9166707031664,321.7286226403678,Up,99
2026-05-20 14:30:00,322.1617961513353,322.1617961513353,321.5,321.8,322.91204717487176,322.31140691582556,316.9652610444285,321.7286226403678,Up,41
2026-05-20 14:40:00,321.9808980756677,322.0,321.5,321.775,322.8086792498834,322.2903713504991,317.0131191434889,321.7286226403678,Up,14
2026-05-20 14:50:00,321.87794903783384,322.4,321.4,321.85,322.7215265908031,322.27310188577366,317.06124731121537,321.7286226403678,Up,40
2026-05-20 15:00:00,321.8639745189169,322.5,321.8639745189169,322.35,322.6877514461846,322.27611749809626,317.1138717160789,321.7286226403678,Up,9
2026-05-20 15:10:00,322.1069872594585,322.5,322.1069872594585,322.35,322.6570467692587,322.2790148511121,317.1659724950234,321.7286226403678,Up,4
2026-05-20 15:20:00,322.22849362972926,322.4,322.0,322.25,322.62004251750795,322.27787701381357,317.2165598333814,321.7286226403678,Up,21
2026-05-20 15:30:00,322.2392468148646,322.4,321.3,321.92499999999995,322.55685683409814,322.2640386995464,317.263409984293,321.7286226403678,Up,31
2026-05-20 15:40:00,322.0821234074323,322.0821234074323,321.4,321.625,322.4721425764529,322.2389783583877,317.3068088899219,324.3475931703341,Down,39
2026-05-20 15:50:00,321.85356170371614,322.4,321.7,322.025,322.4314932513208,322.23058705021566,317.35375606514657,324.3475931703341,Down,55
2026-05-20 16:00:00,321.93928085185803,322.9,321.93928085185803,322.55,322.4422665921098,322.2431130482464,317.40545998489637,324.3475931703341,Down,30
2026-05-20 16:10:00,322.244640425929,322.9,321.7,322.425,322.440696901918,322.2502458698838,317.45540565668847,324.3475931703341,Down,52
2026-05-20 16:20:00,322.3348202129645,322.5,321.6,321.975,322.3983608199254,322.2394519142021,317.50037674468166,324.3475931703341,Down,27
2026-05-20 16:30:00,322.15491010648225,322.2,321.6,321.9,322.35305529084127,322.2261400744295,317.5441540905057,324.3475931703341,Down,9
2026-05-20 16:40:00,322.0274550532411,322.5,322.0274550532411,322.3,322.34823208258297,322.2290365420989,317.5914759403514,324.3475931703341,Down,13
2026-05-20 16:50:00,322.16372752662056,324.1,322.16372752662056,323.2,322.42566552962086,322.267113540448,317.64728214990015,324.3475931703341,Down,110
2026-05-20 17:00:00,322.6818637633103,324.4,322.6818637633103,324.05,322.5733322996553,322.3370306565089,317.71099078522457,324.3475931703341,Down,119
2026-05-20 17:10:00,323.3659318816551,324.3,323.3659318816551,324.05,322.7075748178684,322.40420592488107,317.7740655037796,324.3475931703341,Down,82
2026-05-20 17:20:00,323.70796594082753,324.4,323.70796594082753,324.15,322.83870437988037,322.47266843763083,317.83750763807035,324.3475931703341,Down,30
2026-05-20 17:30:00,323.92898297041376,326.4,323.92898297041376,325.05,323.0397312544367,322.5737402636061,317.90927373122395,320.97539091430735,Up,311
2026-05-20 17:40:00,324.4894914852069,325.4,323.9,324.67499999999995,323.18839204948785,322.6561426062098,317.97659439061476,320.97539091430735,Up,141
2026-05-20 17:50:00,324.5822457426034,324.5822457426034,321.4,323.1,323.1803564086253,322.67354877851534,318.02757355090716,320.97539091430735,Up,210
2026-05-20 18:00:00,323.8411228713017,323.8411228713017,320.3,321.75,323.0503240078412,322.6373311793579,318.06461262005234,320.97539091430735,Up,148
2026-05-20 18:10:00,322.7955614356508,322.7955614356508,320.4,321.025,322.866203643492,322.57410250565755,318.0940692108976,320.97539091430735,Up,121
2026-05-20 18:20:00,321.9102807178254,322.7,321.3,321.7,322.76018513044727,322.5398239760239,318.1299491192469,320.97539091430735,Up,142
2026-05-20 18:30:00,321.8051403589127,321.8051403589127,319.6,320.5,322.55471375495205,322.45983087892495,318.1535317150753,327.26226989553896,Down,300
2026-05-20 18:40:00,321.15257017945635,321.15257017945635,319.0,319.475,322.2747397772291,322.34277868759455,318.1666806532338,326.82240126051465,Down,219
2026-05-20 18:50:00,320.3137850897282,320.3137850897282,318.5,319.225,321.9974907065719,322.22051285670847,318.17721119399766,326.1992836418439,Down,198
2026-05-20 19:00:00,319.7693925448641,319.9,319.3,319.5,321.7704460968836,322.113826078014,318.19037327166933,326.0203555427089,Down,83
2026-05-20 19:10:00,319.63469627243205,320.9,319.4,320.125,321.620860088076,322.03583289848405,318.2096232888666,326.0203555427089,Down,56
2026-05-20 19:20:00,319.879848136216,321.0,319.879848136216,320.6,321.52805462552357,321.97952572599445,318.2334081317635,326.0203555427089,Down,57
2026-05-20 19:30:00,320.23992406810805,321.3,320.23992406810805,320.9,321.470958750476,321.93719138379856,318.2599413841838,326.0203555427089,Down,47
2026-05-20 19:40:00,320.569962034054,321.3,320.2,320.825,321.4122352277054,321.8935760354143,318.28546435548543,326.0203555427089,Down,50
2026-05-20 19:50:00,320.69748101702703,320.9,318.4,319.725,321.2588502070049,321.8085338379471,318.2997880932418,325.9064275377424,Down,155
2026-05-20 20:00:00,320.2112405085135,320.2112405085135,317.5,318.35,320.99440927909535,321.6729050599884,318.30028771420456,325.5291872916639,Down,273
2026-05-20 20:10:00,319.28062025425675,319.28062025425675,315.6,316.75,320.6085538900867,321.4798499595967,318.2848619658045,324.84559661722824,Down,312
2026-05-20 20:20:00,318.0153101271284,318.0153101271284,314.8,315.625,320.15550353644244,321.2502480003969,318.25839567758754,324.3089373735198,Down,257
2026-05-20 20:30:00,316.8201550635642,316.8201550635642,313.7,314.45000000000005,319.6368213967658,320.98357160822445,318.2205011932335,323.5776632912196,Down,241
2026-05-20 20:40:00,315.63507753178214,315.63507753178214,313.9,314.25,319.14711036069616,320.71950997652937,318.18099371867396,322.95991764966413,Down,155
2026-05-20 20:50:00,314.9425387658911,314.9425387658911,312.4,313.65,318.6473730551783,320.4422742911753,318.13590920406034,322.0434461012451,Down,179
2026-05-20 21:00:00,314.2962693829455,314.3,313.4,313.775,318.2044300501621,320.1808125542665,318.0925170726767,321.78834247118147,Down,87
2026-05-20 21:10:00,314.03563469147275,314.3,313.3,313.775,317.8017545910564,319.9296042188051,318.04955670379434,321.3803113374377,Down,48
2026-05-20 21:20:00,313.9053173457364,313.9053173457364,313.1,313.35,317.3970496282331,319.67158052395,318.00279494554763,320.68669346898844,Down,70
2026-05-20 21:30:00,313.62765867286817,313.7,313.1,313.4,317.0336814802119,319.4256361896775,317.9569959908656,320.14912254192745,Down,38
2026-05-20 21:40:00,313.51382933643407,314.3,313.4,313.925,316.7510740729199,319.20992496655293,317.9168766277724,320.14912254192745,Down,41
2026-05-20 21:50:00,313.71941466821704,314.5,313.2,313.925,316.494158248109,319.00267300708026,317.8771564623219,320.14912254192745,Down,60
2026-05-20 22:00:00,313.8222073341085,314.3,313.8,313.95000000000005,316.26287113464457,318.8045289675869,317.83808027861727,320.0027592351071,Down,32
2026-05-20 22:10:00,313.8861036670543,314.5,313.6,313.9,316.04806466785874,318.6121944982698,317.7988954002231,319.7888720319155,Down,30
2026-05-20 22:20:00,313.8930518335271,313.8930518335271,312.7,313.15000000000003,315.78460424350794,318.3979907924553,317.75263773454924,318.9500459457777,Down,61
2026-05-20 22:30:00,313.5215259167636,313.5215259167636,312.3,312.825,315.5155493122799,318.17944213392764,317.70360651331,318.4945178635814,Down,72
2026-05-20 22:40:00,313.17326295838177,313.17326295838177,312.5,312.875,315.2754993747999,317.9714247953422,317.6555606773567,318.1575951960566,Down,35
2026-05-20 22:50:00,313.0241314791909,313.1,312.5,312.8,315.0504539770908,317.7686238229758,317.60724664076605,317.855421560787,Down,32
2026-05-20 23:00:00,312.91206573959545,312.91206573959545,312.2,312.45,314.8140490700825,317.5600503397219,317.55593075379323,317.41080364854787,Down,102
2026-05-20 23:10:00,312.6810328697977,312.7,312.3,312.45,314.5991355182568,317.3596562087524,317.50512547266095,317.05888252613653,Down,25
2026-05-20 23:20:00,312.5655164348989,312.8,312.3,312.425,314.40148683477884,317.16614027899743,317.4545769604952,316.8762568419423,Down,55
2026-05-20 23:30:00,312.4952582174494,312.7,312.3,312.4,314.21953348616256,316.97923281707597,317.40428266238087,316.5784153108566,Down,108
2026-05-21 09:00:00,312.4476291087247,312.6,311.6,312.27500000000003,314.0427577146932,316.79475309875926,317.3532450239492,316.1712866462333,Down,37
2026-05-21 09:10:00,312.3613145543624,312.8,312.0,312.325,313.88659792244835,316.6194686635138,317.30321273515375,316.1712866462333,Down,83
2026-05-21 09:20:00,312.34315727718115,312.5,311.2,311.9,313.70599811131666,316.4343914610231,317.2494494243562,315.95188979027546,Down,121
2026-05-21 09:30:00,312.12157863859056,312.12157863859056,311.4,311.725,313.5259073739242,316.2497094429438,317.1944797783427,315.75217226994226,Down,40
2026-05-21 09:40:00,311.9232893192953,311.9232893192953,311.4,311.6,313.35082488538563,316.0673678961617,317.1388133128866,315.4804616399796,Down,41
2026-05-21 09:50:00,311.76164465964763,311.9,311.7,311.775,313.20756807762325,315.8990397433711,317.0854420361415,315.38074270939256,Down,19
2026-05-21 10:00:00,311.76832232982383,311.8,310.9,311.375,313.0409709796575,315.7216264201016,317.02862171737394,314.93249337217514,Down,73
2026-05-21 10:10:00,311.5716611649119,311.5716611649119,310.8,310.975,312.85315543605225,315.53548420754856,316.96838667541004,314.72324679894683,Down,54
2026-05-21 10:20:00,311.273330582456,311.273330582456,310.9,311.0,312.68468676004744,315.3576220817624,316.90899974331643,314.4382547907491,Down,11
2026-05-21 10:30:00,311.136665291228,311.136665291228,310.9,310.95,312.52698796367946,315.1847741569874,316.8497062135322,314.1512922965343,Down,16
2026-05-21 10:40:00,311.043332645614,311.3,310.9,311.075,312.39498905789037,315.02360654298786,316.7922464502135,314.0935996826548,Down,10
2026-05-21 10:50:00,311.05916632280696,311.2,311.0,311.15,312.2818082344458,314.87170040404715,316.73610469449,313.89418152968625,Down,3
2026-05-21 11:00:00,311.10458316140347,312.1,311.10458316140347,311.6,312.219825667678,314.7433984274179,316.68499917514185,313.89418152968625,Down,59
2026-05-21 11:10:00,311.3522915807017,312.5,311.3522915807017,312.1,312.2089324251618,314.6397357439898,316.6393772928022,313.89418152968625,Down,48
2026-05-21 11:20:00,311.72614579035087,312.8,311.72614579035087,312.475,312.23312038651073,314.55484414618627,316.5979407028241,313.89418152968625,Down,64
2026-05-21 11:30:00,312.10057289517545,312.6,312.1,312.375,312.24601853319155,314.46936006202213,316.5559213923482,313.89418152968625,Down,8
2026-05-21 11:40:00,312.2377864475877,312.2377864475877,311.9,312.075,312.2304713938105,314.3754635890017,316.51133510983726,313.89418152968625,Down,15
2026-05-21 11:50:00,312.1563932237939,312.5,311.9,312.225,312.22997399437315,314.29113168355065,316.4686850092419,313.89418152968625,Down,12
2026-05-21 12:00:00,312.1906966118969,312.5,311.7,312.175,312.224976358521,314.208146127333,316.4259617753191,313.89418152968625,Down,15
2026-05-21 12:10:00,312.1828483059485,312.1828483059485,311.8,311.92499999999995,312.19770578047365,314.1186109850847,316.38117608601243,313.89418152968625,Down,6
2026-05-21 12:20:00,312.0539241529742,312.3,311.9,312.1,312.1888234367942,314.0394497699833,316.33857731898746,313.89418152968625,Down,5
2026-05-21 12:30:00,312.0769620764871,312.3,312.0769620764871,312.3,312.19893039708563,313.9712360535134,316.2983924700423,313.89418152968625,Down,3
2026-05-21 12:40:00,312.1884810382436,312.8,312.1884810382436,312.475,312.22402763371423,313.9125601298462,316.26034876387274,313.89418152968625,Down,36
2026-05-21 12:50:00,312.3317405191218,313.0,312.3,312.625,312.26047966701293,313.8620675757346,316.2241761393566,313.89418152968625,Down,19
2026-05-21 13:00:00,312.4783702595609,313.0,312.4783702595609,312.85,312.3140724245572,313.822378651196,316.19060224742276,313.89418152968625,Down,29
2026-05-21 13:10:00,312.66418512978044,313.2,312.5,312.82500000000005,312.3605203859611,313.7832657629138,316.15711366784643,313.89418152968625,Down,54
2026-05-21 13:20:00,312.74459256489024,313.0,312.6,312.8,312.40047307814643,313.7447063212309,316.12370955174845,313.89418152968625,Down,10
2026-05-21 13:30:00,312.77229628244515,313.2,312.77229628244515,313.1,312.46406643467856,313.7194237203983,316.09362288954196,313.89418152968625,Down,5
2026-05-21 13:40:00,312.9361481412226,313.3,312.2,312.775,312.49233312243507,313.68238749606894,316.06060176626295,313.89418152968625,Down,35
2026-05-21 13:50:00,312.8555740706113,312.8555740706113,310.8,311.65,312.41575738403185,313.6026860256349,316.01671518152403,313.89418152968625,Down,113
2026-05-21 14:00:00,312.25278703530563,312.25278703530563,310.5,310.8,312.2688703491198,313.49277676972764,315.96480756777754,313.89418152968625,Down,58
2026-05-21 14:10:00,311.5263935176528,311.5263935176528,310.7,311.1,312.1626094082908,313.39894238660105,315.916401522327,313.89418152968625,Down,30
2026-05-21 14:20:00,311.3131967588264,311.6,311.2,311.375,312.09100855299164,313.3195720969304,315.871213447478,313.89418152968625,Down,44
2026-05-21 14:30:00,311.3440983794132,311.3440983794132,310.7,311.0,311.9918259572651,313.2286084852861,315.82274366193093,313.89418152968625,Down,22
2026-05-21 14:40:00,311.1720491897066,311.1720491897066,310.9,310.95,311.8971145066046,313.1392512897847,315.77425865036946,313.89418152968625,Down,11
2026-05-21 14:50:00,311.0610245948533,311.2,310.5,310.8,311.797376824186,313.04751594508724,315.7247635394205,313.87321034785316,Down,58
2026-05-21 15:00:00,310.9305122974266,310.9305122974266,310.0,310.3,311.6612516583509,312.9397702217505,315.6707857927596,313.55199730037134,Down,124
2026-05-21 15:10:00,310.61525614871334,310.61525614871334,309.9,310.125,311.52159241668267,312.82938707579956,315.61560384457295,313.32384953903244,Down,84
2026-05-21 15:20:00,310.37012807435667,310.37012807435667,309.1,309.75,311.3605385606206,312.7086267983172,315.557239627214,312.984402850286,Down,126
2026-05-21 15:30:00,310.06006403717834,310.06006403717834,309.3,309.5,311.1913986914733,312.5827982964224,315.4969685861472,312.9103633167519,Down,47
2026-05-21 15:40:00,309.7800320185892,309.7800320185892,309.0,309.4,311.0285442649757,312.4579826769549,315.43630223205616,312.6103288325659,Down,101
2026-05-21 15:50:00,309.5900160092946,309.5900160092946,309.2,309.25,310.8668584227052,312.33217943472135,315.37474698596606,312.4643891200919,Down,28
2026-05-21 16:00:00,309.4200080046473,312.4,309.3,310.775,310.85850765700474,312.27111357453623,315.32897835924,312.4643891200919,Down,157
2026-05-21 16:10:00,310.0975040023236,312.4,310.0975040023236,311.975,310.9600069609134,312.25950127749564,315.2956054402426,312.4643891200919,Down,115
2026-05-21 16:20:00,311.0362520011618,312.1,311.0362520011618,311.825,311.0386426917395,312.24246201171155,315.2610720527775,312.4643891200919,Down,35
2026-05-21 16:30:00,311.4306260005809,311.9,311.4306260005809,311.65,311.09422062885403,312.21922820733073,315.2251409875757,312.4643891200919,Down,48
2026-05-21 16:40:00,311.54031300029044,311.6,311.0,311.275,311.11065511714,312.1821996501805,315.1858361021272,312.4643891200919,Down,71
2026-05-21 16:50:00,311.4076565001452,311.4076565001452,310.8,311.15,311.11423192467277,312.1417212325264,315.14567852897176,312.4643891200919,Down,28
2026-05-21 17:00:00,311.2788282500726,311.7,309.9,310.75,311.0811199315207,312.08714392929005,315.1019404341562,312.4643891200919,Down,112
2026-05-21 17:10:00,311.0144141250363,311.1,309.9,310.475,311.02601811956424,312.02392259872965,315.05590122585613,312.4643891200919,Down,41
2026-05-21 17:20:00,310.74470706251816,311.0,310.5,310.875,311.01228919960386,311.97886681054416,315.0143002186337,312.4643891200919,Down,28
2026-05-21 17:30:00,310.8098535312591,310.8098535312591,310.2,310.55,310.9702629087308,311.9228328179738,314.9698793209359,312.4643891200919,Down,26
2026-05-21 17:40:00,310.67992676562955,310.67992676562955,310.0,310.275,310.9070571897552,311.8582119231513,314.92316410381216,312.4643891200919,Down,57
2026-05-21 17:50:00,310.4774633828148,311.6,309.2,310.07500000000005,310.8314156270502,311.7882820438121,314.87492366496826,312.4643891200919,Down,104
2026-05-21 18:00:00,310.2762316914074,310.2762316914074,308.7,309.4,310.701286933682,311.69462392444694,314.82044681258054,312.4643891200919,Down,212
2026-05-21 18:10:00,309.83811584570367,309.83811584570367,308.0,309.0,310.5466244851654,311.58895239799807,314.762531918923,312.4643891200919,Down,155
2026-05-21 18:20:00,309.41905792285183,309.41905792285183,307.6,308.525,310.36284044105946,311.4687974019982,314.70046692470487,312.4643891200919,Down,197
2026-05-21 18:30:00,308.9720289614259,309.8,308.9720289614259,309.4,310.27530949187224,311.3876680921159,314.64772596027996,312.4643891200919,Down,110
2026-05-21 18:40:00,309.18601448071297,312.6,309.18601448071297,311.15000000000003,310.35482681079293,311.37834777477804,314.6129227168941,312.4643891200919,Down,270
2026-05-21 18:50:00,310.1680072403565,313.3,310.1680072403565,312.25,310.527115282539,311.41253021498284,314.5894110480693,312.4643891200919,Down,223
2026-05-21 19:00:00,311.20900362017824,312.0,311.20900362017824,311.625,310.62692298412634,311.4208623634149,314.55991442072536,312.4643891200919,Down,79
2026-05-21 19:10:00,311.4170018100891,312.1,311.4170018100891,311.675,310.7222027128421,311.4308285452418,314.53120880459875,312.4643891200919,Down,38
2026-05-21 19:20:00,311.5460009050446,312.7,309.4,310.775,310.7270024662201,311.40510977876176,314.4938335926127,312.4643891200919,Down,145
2026-05-21 19:30:00,311.1605004525223,311.1605004525223,308.0,308.95,310.5654567874728,311.30883096390835,314.43867106930315,312.4643891200919,Down,312
2026-05-21 19:40:00,310.05525022626114,310.05525022626114,308.8,309.1,310.4322334431571,311.22221014179433,314.385549964136,312.4643891200919,Down,48
2026-05-21 19:50:00,309.5776251131306,309.8,309.1,309.375,310.336121311961,311.14977052839066,314.3356937455874,312.4643891200919,Down,46
2026-05-21 20:00:00,309.4763125565653,311.0,307.0,308.725,310.18965573814637,311.05468148806165,314.2798659471239,312.4643891200919,Down,350
2026-05-21 20:10:00,309.10065627828266,309.6,307.0,308.275,310.0155961255876,310.9456743708827,314.2201160372023,312.4643891200919,Down,202
2026-05-21 20:20:00,308.6878281391413,309.5,308.5,309.075,309.9300873868978,310.87231459163246,314.1689208527525,312.4643891200919,Down,61
2026-05-21 20:30:00,308.8814140695706,311.2,308.8814140695706,310.275,309.961443078998,310.84889048999986,314.13017537163057,312.4643891200919,Down,224
2026-05-21 20:40:00,309.5782070347853,311.5,309.5782070347853,311.2,310.07403916272546,310.862659490392,314.10101939778355,312.4643891200919,Down,39
2026-05-21 20:50:00,310.38910351739264,312.0,310.38910351739264,311.425,310.19685378429585,310.88471205939624,314.0743923390991,312.4643891200919,Down,146
2026-05-21 21:00:00,310.9070517586963,313.0,310.9070517586963,312.15000000000003,310.37441253117805,310.9343311943219,314.0552441566205,312.4643891200919,Down,130
2026-05-21 21:10:00,311.5285258793482,312.2,311.2,311.7,310.4949204828891,310.96435742199554,314.03180889138054,312.4643891200919,Down,28
2026-05-21 21:20:00,311.61426293967406,314.3,311.0,312.475,310.6749277117174,311.0235983074075,314.0163182556454,307.4939940308548,Up,229
2026-05-21 21:30:00,312.04463146983704,313.5,312.04463146983704,312.975,310.8840251924703,311.1001238639797,314.00595687996736,307.4939940308548,Up,80
2026-05-21 21:40:00,312.50981573491856,312.7,312.0,312.375,311.0195683567911,311.15011900656873,313.989728453301,307.4939940308548,Up,43
2026-05-21 21:50:00,312.4424078674593,312.7,312.0,312.275,311.13369850617374,311.1942319867033,313.9726664786413,307.4939940308548,Up,31
2026-05-21 22:00:00,312.35870393372966,312.35870393372966,311.7,311.85,311.19881682379435,311.2199483793816,313.95154541915235,307.4939940308548,Up,21
2026-05-21 22:10:00,312.10435196686484,312.10435196686484,311.2,311.55,311.23074256708577,311.2328915801902,313.92764944483247,307.4939940308548,Up,51
2026-05-21 22:20:00,311.8271759834324,311.8271759834324,310.3,310.90000000000003,311.20067506098707,311.21983700841804,313.8975235797098,307.4939940308548,Up,74
2026-05-21 22:30:00,311.36358799171626,311.36358799171626,309.5,310.1,311.1006136918064,311.17592183161736,313.8597372754341,307.4939940308548,Up,111
2026-05-21 22:40:00,310.73179399585814,310.73179399585814,308.5,309.4,310.94601244709673,311.1062778382206,313.81536178015614,307.4939940308548,Up,114
2026-05-21 22:50:00,310.06589699792903,310.06589699792903,307.1,308.125,310.6895567700879,310.9893649818198,313.75874126493073,307.4939940308548,Up,372
2026-05-21 23:00:00,309.0954484989645,309.0954484989645,307.0,307.5,310.39959706371627,310.8525271393955,313.69646523244387,307.4939940308548,Up,191
2026-05-21 23:10:00,308.29772424948226,308.5,307.9,308.225,310.20190642156024,310.74948685941916,313.64202279232006,307.4939940308548,Up,98
2026-05-21 23:20:00,308.26136212474114,309.0,308.0,308.5,310.04718765596385,310.66127168846157,313.5908583864263,307.4939940308548,Up,155
2026-05-21 23:30:00,308.38068106237057,308.8,308.0,308.525,309.90880695996714,310.57749632812977,313.5404518353176,307.4939940308548,Up,101
2026-05-22 09:00:00,308.4528405311853,308.4528405311853,307.2,307.575,309.6966426908792,310.4597513740855,313.48109410561295,307.4939940308548,Up,27
2026-05-22 09:10:00,308.0139202655927,308.1,307.4,307.725,309.5174024462538,310.35250622216057,313.4238195373979,307.4939940308548,Up,126
2026-05-22 09:20:00,307.86946013279635,307.9,307.5,307.7,309.3521840420489,310.2484863703111,313.3668661091651,307.4939940308548,Up,69
2026-05-22 09:30:00,307.7847300663982,307.9,307.4,307.65,309.19744003822626,310.1465849440244,313.3099818692729,307.4939940308548,Up,60
2026-05-22 09:40:00,307.7173650331991,307.7173650331991,307.2,307.475,309.0408545802057,310.04181690700386,313.25192234818564,312.3677605431008,Down,77
2026-05-22 09:50:00,307.5961825165996,307.5961825165996,306.9,307.325,308.88486780018695,309.93527506751354,313.1929479964624,311.9640467429735,Down,148
2026-05-22 10:00:00,307.4605912582998,307.4605912582998,307.3,307.375,308.74760709107903,309.8348721236895,313.13505796664685,311.7259247091442,Down,6
2026-05-22 10:10:00,307.4177956291499,307.4177956291499,307.0,307.275,308.6137337191627,309.73448498158405,313.0767489321529,311.31139538880603,Down,54
2026-05-22 10:20:00,307.34639781457497,307.6,307.0,307.375,308.5011215628752,309.64195615877685,313.0200151119325,311.2477250674828,Down,22
2026-05-22 10:30:00,307.3606989072875,307.6,307.2,307.425,308.40329232988654,309.5550167015699,312.964343319774,311.1342955158934,Down,7
2026-05-22 10:40:00,307.39284945364375,307.6,307.3,307.425,308.3143566635332,309.4714866348417,312.9092254757962,310.95390501444865,Down,8
2026-05-22 10:50:00,307.40892472682185,307.6,307.40892472682185,307.525,308.24259696684834,309.39515382563224,312.8556510929524,310.7593124758836,Down,6
2026-05-22 11:00:00,307.4669623634109,307.5,307.2,307.35,308.1614517880439,309.31495171482317,312.80086849501265,310.42713646588425,Down,13
2026-05-22 11:10:00,307.4084811817055,307.4084811817055,307.1,307.225,308.07631980731264,309.2329928240458,312.7453872164553,310.16381235318585,Down,17
2026-05-22 11:20:00,307.3167405908528,307.3167405908528,307.1,307.15,307.99210891573875,309.151306830946,312.68971172176424,309.93225029422115,Down,23
2026-05-22 11:30:00,307.2333702954264,307.4,307.0,307.225,307.92237174158066,309.0757653865952,312.6353364807517,309.8217090898134,Down,42
2026-05-22 11:40:00,307.2291851477132,307.4,307.2291851477132,307.35,307.8703379468915,309.0080883126111,312.5827460680079,309.7616008373233,Down,6
2026-05-22 11:50:00,307.28959257385657,307.3,307.1,307.225,307.8116708608104,308.93816328074405,312.5294351618586,309.51546205769705,Down,2
2026-05-22 12:00:00,307.2572962869283,307.2572962869283,307.1,307.175,307.7537916916458,308.8690196226757,312.4761572000491,309.3408123002535,Down,13
2026-05-22 12:10:00,307.2161481434641,307.4,307.2,307.29999999999995,307.71253790149615,308.8074894413943,312.4246531483073,309.3408123002535,Down,15
2026-05-22 12:20:00,307.25807407173204,307.5,307.25807407173204,307.4,307.6841253649965,308.7522937770259,312.3746565995679,309.3283027922522,Down,13
2026-05-22 12:30:00,307.329037035866,307.4,307.0,307.2,307.64011396817864,308.6914195112602,312.3231674791742,309.1175143239874,Down,33
2026-05-22 12:40:00,307.26451851793297,307.26451851793297,306.2,306.625,307.5478308801624,308.6103834519951,312.2664692953018,308.86255174183975,Down,83
2026-05-22 12:50:00,306.9447592589665,306.9447592589665,306.2,306.525,307.4548462546931,308.5286037087796,312.2093402475874,308.7798307080831,Down,100
2026-05-22 13:00:00,306.7348796294832,306.8,306.4,306.65,307.38167841335735,308.45493297510194,312.15402342920345,308.7522282532727,Down,24
2026-05-22 13:10:00,306.6924398147416,307.2,306.6,306.85,307.333344012143,308.39199442705876,312.1012470766741,308.7522282532727,Down,20
2026-05-22 13:20:00,306.7712199073708,307.1,306.7712199073708,307.05,307.30758546558457,308.33936719462514,312.0509859117321,308.7522282532727,Down,10
2026-05-22 13:30:00,306.91060995368537,307.1,306.9,307.0,307.27962315053145,308.2868429909144,312.0007273454462,308.7522282532727,Down,19
2026-05-22 13:40:00,306.9553049768427,307.2,306.7,306.875,307.24283922775584,308.2314765991139,311.94972508330244,308.7522282532727,Down,55
2026-05-22 13:50:00,306.9151524884213,306.9151524884213,306.6,306.75,307.1980356615962,308.17337947758,311.8979865252596,308.67278161229194,Down,10
2026-05-22 14:00:00,306.83257624421066,306.9,306.6,306.75,307.15730514690557,308.11756067453763,311.8467627787396,308.6001866982557,Down,24
2026-05-22 14:10:00,306.79128812210536,307.2,306.79128812210536,307.07500000000005,307.14982286082324,308.0766759422028,311.7992825520855,308.6001866982557,Down,13
2026-05-22 14:20:00,306.9331440610527,307.1,306.7,306.925,307.12938441893016,308.0315121797635,311.75078222818416,308.6001866982557,Down,7
2026-05-22 14:30:00,306.9290720305264,306.9290720305264,306.6,306.75,307.0948949263001,307.98125680016494,311.7010232010381,308.54173929176994,Down,39
2026-05-22 14:40:00,306.8395360152632,306.8395360152632,306.5,306.675,307.05672266027284,307.93003104329574,311.65101301993326,308.40887499182435,Down,49
2026-05-22 14:50:00,306.75726800763164,306.8,306.6,306.70000000000005,307.02429332752075,307.88179453179396,311.60174920878967,308.35373362199346,Down,10
2026-05-22 15:00:00,306.72863400381584,306.9,306.72863400381584,306.85,307.00844847956427,307.8413320011354,311.55446812213506,308.35373362199346,Down,2
2026-05-22 15:10:00,306.78931700190793,306.8,306.6,306.70000000000005,306.98040770869477,307.7965738834438,311.50616495674075,308.2237467950359,Down,9
2026-05-22 15:20:00,306.744658500954,307.0,306.6,306.8,306.9640070079043,307.75749255468133,311.45933744473336,308.2237467950359,Down,10
2026-05-22 15:30:00,306.772329250477,307.0,306.6,306.875,306.95591546173114,307.7228850035174,311.4137221467758,308.2237467950359,Down,30
2026-05-22 15:40:00,306.8236646252385,306.9,306.0,306.45,306.90992314702834,307.6729679445559,311.36433187665864,308.1745280203124,Down,90
2026-05-22 15:50:00,306.6368323126193,306.6368323126193,305.8,306.0,306.82720286093485,307.6073613584949,311.31095544007496,308.0904715611825,Down,69
2026-05-22 16:00:00,306.31841615630964,306.6,305.9,306.1,306.76109350994074,307.54824914835785,311.25910513718867,308.0904715611825,Down,73
2026-05-22 16:10:00,306.2092080781548,306.3,306.0,306.075,306.6987213726734,307.4904746719517,311.20752200149525,308.0376490949362,Down,19
2026-05-22 16:20:00,306.14210403907737,306.14210403907737,305.2,305.6,306.5988376115213,307.41633841030654,311.1517257626744,307.72967993823613,Down,94
2026-05-22 16:30:00,305.8710520195387,306.0,305.2,305.6,306.5080341922921,307.34510945303964,311.0964847103095,307.72967993823613,Down,38
2026-05-22 16:40:00,305.7355260097694,306.5,305.7,306.15,306.4754856293564,307.2982424156655,311.04726595697304,307.72967993823613,Down,34
2026-05-22 16:50:00,305.9427630048847,306.4,305.7,306.125,306.44362329941487,307.25223290916887,310.9982881862569,307.72967993823613,Down,51
2026-05-22 17:00:00,306.03388150244234,306.8,305.9,306.35,306.4351120903772,307.21685122645636,310.95203656251306,307.72967993823613,Down,33
2026-05-22 17:10:00,306.1919407512212,307.0,306.1919407512212,306.55,306.4455564457974,307.1907001979679,310.90823520368207,307.72967993823613,Down,71
2026-05-22 17:20:00,306.37097037561057,306.4,305.2,305.875,306.39368767799766,307.13910411177307,310.8581532613569,307.72967993823613,Down,78
2026-05-22 17:30:00,306.1229851878053,306.1229851878053,304.3,305.0,306.2669887981797,307.05521767601726,310.7998631791544,307.72967993823613,Down,284
2026-05-22 17:40:00,305.56149259390264,305.56149259390264,303.8,304.175,306.07680799834515,306.94226796323227,310.7339441425459,307.72967993823613,Down,163
2026-05-22 17:50:00,304.8682462969513,304.8682462969513,303.0,303.725,305.86300727122284,306.81610059212517,310.66420340480914,307.72967993823613,Down,188
2026-05-22 18:00:00,304.29662314847565,304.29662314847565,302.3,303.25,305.6254611556571,306.67625351008104,310.59043023660206,307.57222901515155,Down,238
2026-05-22 18:10:00,303.7733115742378,303.7733115742378,302.6,303.025,305.3890555960519,306.533067097921,310.51515232380007,307.498694033127,Down,148
2026-05-22 18:20:00,303.3991557871189,303.5,301.9,302.775,305.15141417822895,306.38569191761036,310.43813588276726,307.2018529509164,Down,140
2026-05-22 18:30:00,303.08707789355947,303.08707789355947,299.7,301.275,304.79901288929904,306.1852726267237,310.34696040134673,306.71779722708897,Down,613
2026-05-22 18:40:00,302.1810389467797,302.1810389467797,299.1,300.025,304.3650117175445,305.9436933080286,310.24425432770147,306.60113207250004,Down,350
2026-05-22 18:50:00,301.10301947338985,301.10301947338985,300.0,300.5,304.0136470159496,305.73021513908634,310.14729657319697,306.37134645348226,Down,166
2026-05-22 19:00:00,300.8015097366949,300.9,299.6,300.3,303.67604274177233,305.51726552578884,310.0493135227174,306.01348792435215,Down,285
2026-05-22 19:10:00,300.55075486834744,301.0,299.6,300.3,303.3691297652476,305.3126668777187,309.952305427964,306.01348792435215,Down,140
2026-05-22 19:20:00,300.4253774341737,301.3,300.4253774341737,300.975,303.15148160477054,305.1425622942788,309.8629790057952,306.01348792435215,Down,121
2026-05-22 19:30:00,300.70018871708686,301.3,299.9,300.65,302.924074186155,304.9663833807777,309.7713075729017,306.01348792435215,Down,126
2026-05-22 19:40:00,300.67509435854345,300.9,299.5,300.2,302.6764310783227,304.7794663854531,309.6760706816291,305.79145408397795,Down,200
2026-05-22 19:50:00,300.43754717927175,300.8,299.8,300.375,302.46721007120243,304.6067422134745,309.5835227146477,305.74677643997995,Down,120
2026-05-22 20:00:00,300.4062735896359,301.2,299.6,300.25,302.2656455192749,304.43588957765195,309.49065184186514,305.74677643997995,Down,190
2026-05-22 20:10:00,300.328136794818,300.328136794818,298.5,299.125,301.9801322902499,304.2276193981362,309.3875110275182,305.109239165756,Down,265
2026-05-22 20:20:00,299.726568397409,299.726568397409,298.7,298.92499999999995,301.70239299113626,304.0196735393858,309.28340644017976,304.76400976898685,Down,70
2026-05-22 20:30:00,299.32578419870447,299.32578419870447,298.5,298.95000000000005,301.4521754464875,303.8208628123511,309.1805864756009,304.2592914173196,Down,121
2026-05-22 20:40:00,299.13789209935226,299.13789209935226,298.1,298.6,301.1928867695341,303.6161230942197,309.075307008182,303.8567243748655,Down,192
2026-05-22 20:50:00,298.86894604967614,298.86894604967614,297.0,297.675,300.87307888139463,303.38313787483855,308.9618711175533,303.3757064294379,Down,315
2026-05-22 21:00:00,298.2719730248381,298.2719730248381,296.4,296.775,300.5005262558133,303.12399521308015,308.84060871837363,302.96327979836,Down,344
2026-05-22 21:10:00,297.523486512419,297.523486512419,295.9,296.40000000000003,300.12775114164845,302.8603091262927,308.71682156694703,302.4178231570355,Down,266
2026-05-22 21:20:00,296.9617432562095,297.5,296.3,296.725,299.81841012877135,302.6197087683989,308.5974999593157,302.4178231570355,Down,225
2026-05-22 21:30:00,296.8433716281047,296.8433716281047,295.8,296.5,299.5167364807012,302.379720189246,308.4771268253922,301.81355640677305,Down,244
2026-05-22 21:40:00,296.67168581405235,296.67168581405235,295.9,296.275,299.2220331642738,302.14031939751084,308.35571262812465,301.559065560064,Down,93
2026-05-22 21:50:00,296.47334290702616,296.47334290702616,295.8,296.05,298.9336665129762,301.9014833427065,308.23326772635227,301.1753621951934,Down,83
2026-05-22 22:00:00,296.2616714535131,296.2616714535131,294.7,295.35,298.6078786481602,301.64456242730625,308.1050760076821,300.62934420228885,Down,306
2026-05-22 22:10:00,295.8058357267565,295.9,294.8,295.325,298.3094351346911,301.39673644976483,307.97791107228227,300.4304622504839,Down,130
2026-05-22 22:20:00,295.56541786337823,295.7,294.9,295.325,298.03812284971923,301.15862913800936,307.85201145962276,300.2095111368035,Down,133
2026-05-22 22:30:00,295.4452089316891,295.4452089316891,294.9,295.075,297.7687480451993,300.9200554463227,307.7248770172385,299.8340542017347,Down,93
2026-05-22 22:40:00,295.2601044658445,295.2601044658445,294.4,294.875,297.5056800410903,300.6829944484277,307.5970175444302,299.3804990713113,Down,85
2026-05-22 22:50:00,295.06755223292225,295.06755223292225,294.5,294.65,297.2460727646275,300.4464064308423,307.46819149921197,299.12692859969565,Down,131
2026-05-22 23:00:00,294.8587761164611,295.1,294.6,294.75,297.0191570587523,300.2230179433583,307.3416423300656,298.9801386211223,Down,129
2026-05-22 23:10:00,294.80438805823053,295.2,294.7,294.95,296.831051871593,300.0162329259717,307.2183424063834,298.8864896555657,Down,96
2026-05-22 23:20:00,294.87719402911523,295.6,294.87719402911523,295.29999999999995,296.69186533781175,299.83128261514923,307.0997519346781,298.8864896555657,Down,125
2026-05-22 23:30:00,295.0885970145576,296.1,295.0885970145576,295.6,296.5926048525561,299.6653499635747,306.9853265422933,298.8864896555657,Down,195
2026-05-25 09:00:00,295.34429850727884,295.34429850727884,291.5,292.625,296.2319135023238,299.3892578081404,306.842437720977,298.42217131037444,Down,132
2026-05-25 09:10:00,293.9846492536394,293.9846492536394,291.0,291.8,295.8290122748398,299.09163985488004,306.69276172375334,298.123126225175,Down,494
2026-05-25 09:20:00,292.8923246268197,292.8923246268197,291.2,291.42500000000007,295.4286475225816,298.7909873115514,306.54084369665134,297.7804636307581,Down,98
2026-05-25 09:30:00,292.1586623134099,292.1586623134099,291.6,291.75,295.0942250205287,298.5148701620788,306.39367112255536,297.3591186500797,Down,70
2026-05-25 09:40:00,291.95433115670494,292.2,291.5,291.925,294.80611365502614,298.256443881213,306.24970424571404,297.0861704485225,Down,79
2026-05-25 09:50:00,291.93966557835245,292.4,291.93966557835245,292.17499999999995,294.5669215045692,298.0179558858713,306.10965743729895,297.0861704485225,Down,54
2026-05-25 10:00:00,292.0573327891762,292.4,292.0,292.25,294.3562922768811,297.79176153740576,305.9717503981219,296.8298929326632,Down,27
2026-05-25 10:10:00,292.1536663945881,292.6,292.1536663945881,292.4,294.17844752443733,297.58031990848787,305.8367081056033,296.7481299016831,Down,39
2026-05-25 10:20:00,292.276833197294,292.6,292.2,292.40000000000003,294.01677047676117,297.37717010815504,305.7030095174879,296.5193606403537,Down,27
2026-05-25 10:30:00,292.33841659864703,292.33841659864703,291.8,292.1,293.8425186152374,297.1702222607764,305.56765618895565,296.03226342691784,Down,32
2026-05-25 10:40:00,292.21920829932355,292.21920829932355,291.7,291.95,293.67047146839764,296.9655076623146,305.4321571223989,295.75118455631974,Down,19
2026-05-25 10:50:00,292.0846041496618,292.2,291.7,291.9,293.50951951672516,296.7668603030082,305.29750879282284,295.57870946059813,Down,55
2026-05-25 11:00:00,291.9923020748309,292.1,291.7,291.975,293.37001774247744,296.5789442126941,305.1649465162774,295.3442813278165,Down,20
2026-05-25 11:10:00,291.9836510374155,292.1,291.7,291.975,293.2431979477068,296.3983973808238,305.0337032673592,295.17661938892405,Down,8
2026-05-25 11:20:00,291.9793255187077,292.1,291.9793255187077,292.05,293.13472540700616,296.2278719933405,304.90451219007207,295.0638622038303,Down,15
2026-05-25 11:30:00,292.0146627593539,292.1,291.8,292.0,293.0315685518238,296.06207309164085,304.7761090837032,294.8083631313423,Down,19
2026-05-25 11:40:00,292.00733137967694,292.5,292.0,292.225,292.9582441380216,295.9115996370667,304.65122242615394,294.8083631313423,Down,53
2026-05-25 11:50:00,292.11616568983845,292.8,292.11616568983845,292.55,292.9211310345651,295.779772200319,304.5308122527594,294.8083631313423,Down,20
2026-05-25 12:00:00,292.3330828449192,292.8,292.3330828449192,292.725,292.90330094051376,295.6599772120712,304.41334148407526,294.8083631313423,Down,33
2026-05-25 12:10:00,292.5290414224596,293.1,292.5290414224596,292.925,292.90527358228525,295.55272320375474,304.2990296285123,294.8083631313423,Down,69
2026-05-25 12:20:00,292.7270207112298,293.6,292.7270207112298,293.175,292.9297941657138,295.4594791565487,304.18834276653706,294.8083631313423,Down,58
2026-05-25 12:30:00,292.9510103556149,293.6,292.9510103556149,293.475,292.9793583324671,295.38165644452715,304.08174234099937,294.8083631313423,Down,31
2026-05-25 12:40:00,293.2130051778075,293.6,293.2130051778075,293.425,293.01987121133374,295.3049248192516,303.9757051037755,294.8083631313423,Down,39
2026-05-25 12:50:00,293.31900258890374,294.0,293.2,293.625,293.07488291939427,295.23904541457506,303.87271301319066,294.8083631313423,Down,101
2026-05-25 13:00:00,293.47200129445184,294.3,293.47200129445184,294.075,293.1658026539948,295.1933965747878,303.7752233314674,294.8083631313423,Down,21
2026-05-25 13:10:00,293.7735006472259,294.0,293.2,293.625,293.207547867268,295.1318908267569,303.67422608438807,294.8083631313423,Down,42
2026-05-25 13:20:00,293.69925032361294,293.69925032361294,292.6,293.025,293.19095260660725,295.0492676570802,303.5682636357872,294.8083631313423,Down,52
2026-05-25 13:30:00,293.3621251618065,293.3621251618065,292.7,292.8,293.15541146055205,294.96106108229276,303.46111673393864,294.8083631313423,Down,7
2026-05-25 13:40:00,293.0810625809032,293.0810625809032,292.2,292.475,293.0935558732291,294.86356849083035,303.35180213957113,294.8083631313423,Down,65
2026-05-25 13:50:00,292.7780312904516,292.7780312904516,292.3,292.45,293.0350507938446,294.7689187460919,303.2433264963913,294.8083631313423,Down,4
2026-05-25 14:00:00,292.6140156452258,292.9,292.5,292.7,293.00459163076783,294.68778467761774,303.1384177750342,294.8083631313423,Down,7
2026-05-25 14:10:00,292.65700782261285,293.2,292.65700782261285,292.92499999999995,292.99735602797074,294.6186558667308,303.03679172752146,294.8083631313423,Down,64
2026-05-25 14:20:00,292.7910039113064,293.0,292.7910039113064,292.875,292.9862327527007,294.5502772052904,302.93567937202374,294.8083631313423,Down,14
2026-05-25 14:30:00,292.83300195565323,292.83300195565323,292.5,292.65,292.9556661388188,294.47575653057316,302.8333343036454,294.8083631313423,Down,11
2026-05-25 14:40:00,292.7415009778266,292.7415009778266,292.1,292.25,292.89151467165345,294.38847196074676,302.72802749465393,294.8083631313423,Down,32
2026-05-25 14:50:00,292.4957504889133,292.4957504889133,292.0,292.125,292.82183151968496,294.29970835444294,302.6225247335131,294.66876067427995,Down,23
2026-05-25 15:00:00,292.3103752444566,292.4,292.2,292.3,292.7743922906227,294.22128841897455,302.5198130446224,294.60080493620296,Down,9
2026-05-25 15:10:00,292.30518762222835,292.4,292.0,292.15,292.7176293551115,294.14006142215203,302.416630825273,294.4370953965482,Down,25
2026-05-25 15:20:00,292.22759381111416,292.8,292.0,292.4,292.68875395919224,294.07182371932254,302.31696285686235,294.4370953965482,Down,28
2026-05-25 15:30:00,292.31379690555707,293.0,292.3,292.67499999999995,292.68750359926565,294.01704631856484,302.22102292793835,294.4370953965482,Down,44
2026-05-25 15:40:00,292.4943984527785,292.8,292.4,292.55,292.6750032720597,293.9595150903859,302.1247938440783,294.4370953965482,Down,7
2026-05-25 15:50:00,292.52219922638926,292.8,292.0,292.5,292.6590938836906,293.9022792044884,302.0290247511024,294.4370953965482,Down,78
2026-05-25 16:00:00,292.51109961319463,293.0,292.51109961319463,292.85,292.6764489851733,293.86101335333205,301.93769117148946,294.4370953965482,Down,26
2026-05-25 16:10:00,292.68054980659736,292.9,292.68054980659736,292.85,292.6922263501575,293.82136577084844,301.8472663837135,294.4370953965482,Down,20
2026-05-25 16:20:00,292.76527490329863,292.9,292.7,292.77500000000003,292.6997512274159,293.7803318190505,301.75699507641286,294.4370953965482,Down,20
2026-05-25 16:30:00,292.77013745164936,293.6,292.7,293.15,292.74068293401444,293.7556129241858,301.671353334359,294.4370953965482,Down,122
2026-05-25 16:40:00,292.96006872582467,293.6,292.7,293.20000000000005,292.78243903092226,293.7338241820609,301.58706126138037,294.4370953965482,Down,83
2026-05-25 16:50:00,293.0800343629124,293.0800343629124,292.6,292.775,292.78176275538385,293.69622323374483,301.4993790597746,294.4370953965482,Down,23
2026-05-25 17:00:00,292.9275171814561,293.0,292.7,292.85,292.78796614125804,293.6630380088921,301.413315586543,294.4370953965482,Down,6
2026-05-25 17:10:00,292.8887585907281,293.6,292.8887585907281,293.25,292.8299692193255,293.64684043991593,301.33208856578136,294.4370953965482,Down,61
2026-05-25 17:20:00,293.06937929536406,293.7,293.06937929536406,293.54999999999995,292.8954265630232,293.6430427756055,301.2546548487089,294.4370953965482,Down,57
2026-05-25 17:30:00,293.30968964768203,293.8,293.3,293.65,292.9640241482029,293.6433156079347,301.1789866412591,294.4370953965482,Down,34
2026-05-25 17:40:00,293.479844823841,294.8,293.479844823841,294.25,293.0809310438208,293.6671071527216,301.1100415005501,294.4370953965482,Down,138
2026-05-25 17:50:00,293.8649224119205,295.3,293.8649224119205,295.0,293.25539185801887,293.719377460458,301.0492450677088,291.72016908323945,Up,198
2026-05-25 18:00:00,294.43246120596024,296.8,294.43246120596024,296.05,293.5094471436535,293.81077442279303,300.9995013356918,292.1532236572195,Up,156
2026-05-25 18:10:00,295.2412306029801,297.0,295.2412306029801,296.75,293.8040428578668,293.9260381709188,300.95721774031176,292.3328746609731,Up,156
2026-05-25 18:20:00,295.99561530149003,298.0,295.99561530149003,297.225,294.11503896169705,294.05540922303965,300.9200812453833,292.8255399053624,Up,223
2026-05-25 18:30:00,296.61030765074497,299.3,296.61030765074497,298.25,294.4909445106337,294.2199029789989,300.8935132727924,293.18411320256826,Up,219
2026-05-25 18:40:00,297.4301538253725,299.5,297.4301538253725,298.8,294.88267682784885,294.39951462688134,300.8726822949537,293.37509591936333,Up,185
2026-05-25 18:50:00,298.1150769126863,300.0,298.1150769126863,299.25,295.2797062071353,294.5897297395527,300.8565362024666,293.74485643066276,Up,147
2026-05-25 19:00:00,298.68253845634314,300.0,298.68253845634314,299.625,295.6747329155775,294.78719131839375,300.84428211089977,294.0324813707687,Up,206
2026-05-25 19:10:00,299.15376922817154,299.8,297.7,298.82500000000005,295.9611208323432,294.94553675688815,300.82418975158737,294.0324813707687,Up,259
2026-05-25 19:20:00,298.9893846140858,298.9893846140858,298.1,298.4,296.182837120312,295.08100590367684,300.8000684605268,294.0324813707687,Up,55
2026-05-25 19:30:00,298.6946923070429,299.1,297.4,298.20000000000005,296.36621556392,295.2033193976503,300.77419713256137,294.0324813707687,Up,92
2026-05-25 19:40:00,298.4473461535215,298.4473461535215,297.2,297.725,296.4897414217454,295.3022088330366,300.7438568625857,294.0324813707687,Up,106
2026-05-25 19:50:00,298.0861730767608,298.3,297.9,298.1,296.6361285652231,295.41192613370185,300.7175498291271,294.0324813707687,Up,12
2026-05-25 20:00:00,298.0930865383804,298.7,298.0,298.375,296.79420778656646,295.5281251088508,300.6942408756035,294.0324813707687,Up,33
2026-05-25 20:10:00,298.2340432691902,298.5,297.8,298.17499999999995,296.91973435142404,295.63192412419,300.6691738022144,294.0324813707687,Up,31
2026-05-25 20:20:00,298.20452163459504,298.20452163459504,297.3,297.625,296.98384941038546,295.7100839624571,300.6388835156252,294.0324813707687,Up,76
2026-05-25 20:30:00,297.9147608172975,297.9147608172975,296.4,296.9,296.97622673671407,295.7567473364784,300.6016806945742,294.0324813707687,Up,94
2026-05-25 20:40:00,297.40738040864875,297.40738040864875,296.3,296.54999999999995,296.93747885155824,295.78785528406746,300.5613654637824,294.0324813707687,Up,80
2026-05-25 20:50:00,296.9786902043244,296.9786902043244,295.7,296.075,296.8590716832348,295.7991158611629,300.5167250114065,294.0324813707687,Up,105
2026-05-25 21:00:00,296.52684510216216,296.52684510216216,295.6,295.77500000000003,296.7605197120316,295.7981701411173,300.4695436680094,294.0324813707687,Up,39
2026-05-25 21:10:00,296.15092255108107,296.3,295.6,295.82500000000005,296.67547246548327,295.7992222924461,300.4233293031536,294.0324813707687,Up,61
2026-05-25 21:20:00,295.98796127554056,296.2,295.98796127554056,296.1,296.62315678680295,295.8110174966639,300.3803111011322,294.0324813707687,Up,19
2026-05-25 21:30:00,296.0439806377703,296.7,296.0,296.275,296.59150616982083,295.8292128889516,300.3394622344543,294.0324813707687,Up,27
2026-05-25 21:40:00,296.1594903188851,296.7,296.1,296.275,296.5627328816553,295.8466947364437,300.29901982416123,294.0324813707687,Up,31
2026-05-25 21:50:00,296.21724515944254,296.4,295.8,296.15,296.5252117105957,295.85858906050476,300.25773604481634,294.0324813707687,Up,74
2026-05-25 22:00:00,296.18362257972126,296.7,296.0,296.3,296.5047379187234,295.87589929342613,300.21835558665896,294.0324813707687,Up,55
2026-05-25 22:10:00,296.2418112898606,296.8,296.2418112898606,296.575,296.5111253806576,295.90331500740945,300.18210329226434,294.0324813707687,Up,18
2026-05-25 22:20:00,296.4084056449303,297.1,296.0,296.525,296.51238670968866,295.92769481104045,300.14571420477915,294.0324813707687,Up,66
2026-05-25 22:30:00,296.46670282246515,296.46670282246515,295.1,295.65,296.4339879178988,295.9168048184506,300.1009807301047,294.0324813707687,Up,159
2026-05-25 22:40:00,296.0583514112326,296.0583514112326,294.4,294.95000000000005,296.2990799253625,295.87889090400154,300.0497271905017,294.0324813707687,Up,164
2026-05-25 22:50:00,295.5041757056163,295.6,295.0,295.225,296.20143629578405,295.85324812345243,300.00171995477535,294.0324813707687,Up,70
2026-05-25 23:00:00,295.3645878528082,295.6,295.2,295.35,296.12403299616733,295.8335129029249,299.95543418408107,294.0324813707687,Up,60
2026-05-25 23:10:00,295.3572939264041,295.6,295.1,295.32500000000005,296.0513936328794,295.8135712204572,299.9093602121001,294.0324813707687,Up,71
2026-05-25 23:20:00,295.34114696320205,296.2,295.2,295.725,296.02172148443583,295.8100978392629,299.86772478710407,294.0324813707687,Up,106
2026-05-25 23:30:00,295.53307348160104,296.2,295.53307348160104,295.95,296.0152013494871,295.8155841985075,299.82874245091404,294.0324813707687,Up,80
2026-05-26 09:00:00,295.7415367408005,297.9,295.7415367408005,297.325,296.1342739540791,295.87477697503664,299.80382959070596,294.0324813707687,Up,13
2026-05-26 09:10:00,296.53326837040026,297.8,296.53326837040026,297.1,296.222067230981,295.9228249367999,299.776925813684,294.0324813707687,Up,154
2026-05-26 09:20:00,296.81663418520014,297.0,296.6,296.85,296.27915202816456,295.9591847431999,299.7478021737469,294.0324813707687,Up,79
2026-05-26 09:30:00,296.83331709260005,297.6,296.7,297.125,296.3560472983314,296.0049029885646,299.7217046396798,294.0324813707687,Up,38
2026-05-26 09:40:00,296.9791585463,297.8,296.9791585463,297.5,296.4600429984831,296.06353424391506,299.69959812585216,294.0324813707687,Up,25
2026-05-26 09:50:00,297.23957927315,297.8,297.23957927315,297.65,296.5682209077119,296.12574858729096,299.6792041146497,294.0324813707687,Up,32
2026-05-26 10:00:00,297.444789636575,297.5,297.2,297.4,296.643837188829,296.17571923092663,299.6565254667427,294.0324813707687,Up,21
2026-05-26 10:10:00,297.4223948182875,297.8,297.3,297.475,296.71939744439004,296.22667141794915,299.6348187456806,294.17527494449087,Up,40
2026-05-26 10:20:00,297.44869740914373,297.6,296.9,297.2,296.7630885858091,296.26484116626483,299.61059169348476,294.17527494449087,Up,38
2026-05-26 10:30:00,297.3243487045719,297.3243487045719,296.8,296.925,296.777807805281,296.2907297479799,299.583869388077,294.17527494449087,Up,24
2026-05-26 10:40:00,297.124674352286,297.4,297.0,297.2,296.8161889138918,296.3263874049219,299.5601492946633,294.17527494449087,Up,40
2026-05-26 10:50:00,297.16233717614296,297.6,297.16233717614296,297.42499999999995,296.8715353762653,296.36947025178773,299.5389040280497,294.4111869113129,Up,15
2026-05-26 11:00:00,297.29366858807145,297.4,297.2,297.3,296.9104867056957,296.40596161446274,299.51662637602936,294.51819847567396,Up,13
2026-05-26 11:10:00,297.29683429403576,297.5,297.1,297.225,296.9390788233597,296.4380807668367,299.49382412353157,294.6256349778855,Up,35
2026-05-26 11:20:00,297.2609171470179,297.5,297.0,297.275,296.96961711214516,296.4709011289216,299.4717462715561,294.63694088898677,Up,28
2026-05-26 11:30:00,297.26795857350896,297.5,297.2,297.35,297.00419737467746,296.5053755944541,299.45063436835653,294.86540080816985,Up,5
2026-05-26 11:40:00,297.3089792867545,297.6,297.1,297.375,297.03790670425224,296.5394785123187,299.42998129006446,294.9094552801544,Up,21
2026-05-26 11:50:00,297.34198964337725,297.8,297.2,297.6,297.08900609477473,296.58106759026697,299.4117725210091,295.0631411637767,Up,26
2026-05-26 12:00:00,297.47099482168863,298.6,297.47099482168863,298.025,297.1740964497952,296.6376923906487,299.3979737894568,295.40962385852805,Up,104
2026-05-26 12:10:00,297.7479974108443,298.0,297.3,297.65,297.2173604089047,296.6773907282703,299.38058101543237,295.40962385852805,Up,26
2026-05-26 12:20:00,297.6989987054221,298.1,297.4,297.75,297.26578218991335,296.7194538369656,299.36435632871166,295.40962385852805,Up,26
2026-05-26 12:30:00,297.72449935271106,298.9,297.72449935271106,298.475,297.3757110817394,296.7882987845356,299.35550701200805,295.46265097943285,Up,76
2026-05-26 12:40:00,298.09974967635554,300.2,298.09974967635554,299.375,297.55746461976304,296.88973804788714,299.35570097208756,295.7956031778319,Up,315
2026-05-26 12:50:00,298.73737483817774,300.0,298.73737483817774,299.65,297.74769510887546,296.99798361463667,299.358629320624,295.8602131235664,Up,59
2026-05-26 13:00:00,299.19368741908886,300.4,299.19368741908886,299.95,297.9479046444322,297.1137489630823,299.3645136059909,296.16866250237445,Up,109
2026-05-26 13:10:00,299.5718437095444,301.1,299.5718437095444,300.625,298.1912769494838,297.25144508217716,299.37705575916516,296.4818821062702,Up,149
2026-05-26 13:20:00,300.0984218547722,301.2,300.0984218547722,300.8,298.4284335904398,297.3906040985624,299.39121440832776,296.74496455775596,Up,71
2026-05-26 13:30:00,300.4492109273861,300.9,300.4492109273861,300.65,298.63039417312706,297.51842354567765,299.40373963809566,296.9613672830788,Up,44
2026-05-26 13:40:00,300.54960546369307,300.6,300.1,300.425,298.79354015738824,297.63240693604325,299.41390143274145,296.9613672830788,Up,123
2026-05-26 13:50:00,300.4873027318465,301.0,300.3,300.625,298.96003650671656,297.7497635267867,299.425952164754,297.1448444788312,Up,39
2026-05-26 14:00:00,300.55615136592326,301.3,300.55615136592326,301.02500000000003,299.1477604606514,297.87820417279505,299.4418630884878,297.47108025132576,Up,52
2026-05-26 14:10:00,300.7905756829616,302.4,300.7905756829616,301.625,299.37296405513763,298.02513734248936,299.46358584382625,297.86731951561603,Up,214
2026-05-26 14:20:00,301.2077878414808,302.0,301.2077878414808,301.77500000000003,299.591330959216,298.17219078003876,299.48658498965887,297.92675465776546,Up,62
2026-05-26 14:30:00,301.4913939207404,301.8,301.2,301.575,299.7716645083782,298.3056342788608,299.507365238518,297.9389643063864,Up,48
2026-05-26 14:40:00,301.5331969603702,301.9,301.4,301.67499999999995,299.94469500761653,298.43776626792504,299.5289337436074,298.23087664216945,Up,43
2026-05-26 14:50:00,301.6040984801851,301.9,301.0,301.475,300.0838136432878,298.5568734731045,299.5482975869546,298.23087664216945,Up,41
2026-05-26 15:00:00,301.5395492400926,301.5395492400926,301.0,301.125,300.17846694844343,298.6575843172965,299.563986168179,298.23087664216945,Up,45
2026-05-26 15:10:00,301.3322746200463,301.7,301.0,301.35,300.28496995313037,298.76316924603,299.58175745008765,298.23087664216945,Up,40
2026-05-26 15:20:00,301.3411373100232,301.9,301.3411373100232,301.775,300.4204272301185,298.88128025598957,299.603580759042,298.44260026513734,Up,54
2026-05-26 15:30:00,301.55806865501154,301.9,301.3,301.625,300.52993384556225,298.9888771086959,299.62369438333013,298.49275600920527,Up,60
2026-05-26 15:40:00,301.59153432750577,301.7,301.0,301.275,300.5976671323293,299.07852898678624,299.6401252849886,298.49275600920527,Up,103
2026-05-26 15:50:00,301.4332671637529,301.4332671637529,301.0,301.175,300.6501519384812,299.16074353632405,299.6553976702126,298.49275600920527,Up,49
2026-05-26 16:00:00,301.30413358187644,301.4,299.6,300.55,300.6410472168011,299.21522418195843,299.6642991859319,298.49275600920527,Up,140
2026-05-26 16:10:00,300.9270667909382,300.9270667909382,299.1,299.75,300.5600429243646,299.23619578266596,299.66515193035053,298.49275600920527,Up,98
2026-05-26 16:20:00,300.3385333954691,300.4,299.2,299.7,300.4818572039678,299.25438418334573,299.6654986773122,298.49275600920527,Up,91
2026-05-26 16:30:00,300.01926669773457,300.01926669773457,298.7,299.42499999999995,300.38577927633435,299.26107499968515,299.6631056556474,298.49275600920527,Up,141
2026-05-26 16:40:00,299.72213334886726,300.0,298.3,299.175,300.2757084330312,299.25769950950144,299.65824888295447,298.49275600920527,Up,40
2026-05-26 16:50:00,299.44856667443366,299.7,298.3,299.025,300.16200766639196,299.24857403854065,299.6519478990445,298.49275600920527,Up,99
2026-05-26 17:00:00,299.2367833372168,300.0,298.6,299.25,300.0790978785381,299.2486299585979,299.647948417462,298.49275600920527,Up,95
2026-05-26 17:10:00,299.2433916686084,299.8,298.6,299.225,300.0014526168528,299.2477032935549,299.64373997549717,298.49275600920527,Up,79
2026-05-26 17:20:00,299.2341958343042,300.1,299.2341958343042,299.85,299.9876841971389,299.271322772239,299.6457923140494,298.49275600920527,Up,51
2026-05-26 17:30:00,299.5420979171521,300.2,298.4,299.5,299.94334927012625,299.280290506661,299.6443416442579,298.49275600920527,Up,129
2026-05-26 17:40:00,299.52104895857605,300.5,298.3,299.6,299.9121357001148,299.2928281338508,299.6439004338673,298.49275600920527,Up,213
2026-05-26 17:50:00,299.560524479288,300.5,299.2,299.875,299.90875972737706,299.3156584031115,299.6461999320378,298.49275600920527,Up,153
2026-05-26 18:00:00,299.717762239644,300.8,299.1,300.0,299.9170542976155,299.3424953284797,299.64972033072405,298.49275600920527,Up,131
2026-05-26 18:10:00,299.858881119822,300.6,299.7,300.15000000000003,299.9382311796505,299.3741621783432,299.65469823788106,298.49275600920527,Up,36
2026-05-26 18:20:00,300.004440559911,300.004440559911,298.3,299.125,299.8643010724095,299.3643911125259,299.6494276086484,298.49275600920527,Up,189
2026-05-26 18:30:00,299.5647202799555,299.5647202799555,298.0,298.525,299.7425464294632,299.33147381399544,299.638239274234,298.49275600920527,Up,141
2026-05-26 18:40:00,299.04486013997774,300.2,298.7,299.275,299.70004220860284,299.3292591546231,299.6346249530974,298.49275600920527,Up,198
2026-05-26 18:50:00,299.15993006998883,299.8,298.9,299.5,299.68185655327534,299.33595487404966,299.6332854013253,298.49275600920527,Up,51
2026-05-26 19:00:00,299.3299650349944,300.1,299.3299650349944,299.675,299.6812332302503,299.34925076134186,299.6337004719589,298.49275600920527,Up,50
2026-05-26 19:10:00,299.50248251749724,299.8,299.4,299.525,299.66703020931845,299.3561428883481,299.632618875223,298.49275600920527,Up,33
2026-05-26 19:20:00,299.5137412587486,300.9,299.3,300.125,299.70866382665315,299.3862941476285,299.6375181898974,298.49275600920527,Up,113
2026-05-26 19:30:00,299.8193706293743,300.8,299.8193706293743,300.5,299.78060347877556,299.4299688869372,299.6461000984556,298.49275600920527,Up,80
2026-05-26 19:40:00,300.1596853146872,300.3,298.5,299.425,299.748275889796,299.42977402862596,299.643900097476,298.49275600920527,Up,115
2026-05-26 19:50:00,299.7923426573436,299.7923426573436,298.6,298.925,299.67343262708727,299.40997896867987,299.63674686267524,298.49275600920527,Up,32
2026-05-26 20:00:00,299.3586713286718,299.3586713286718,298.5,298.9,299.60312057007934,299.38997979343753,299.62941604812124,298.49275600920527,Up,41
2026-05-26 20:10:00,299.1293356643359,299.9,299.0,299.45,299.58920051825396,299.39233352702826,299.62763081381155,298.49275600920527,Up,49
2026-05-26 20:20:00,299.28966783216794,299.9,298.8,299.4,299.5720004711399,299.39263417302715,299.62536583058954,298.49275600920527,Up,57
2026-05-26 20:30:00,299.344833916084,299.344833916084,298.5,298.85,299.50636406467265,299.37135440153594,299.6176507476981,298.49275600920527,Up,103
2026-05-26 20:40:00,299.097416958042,299.097416958042,298.5,298.675,299.4307855133387,299.3440463857894,299.6082711382683,298.49275600920527,Up,13
2026-05-26 20:50:00,298.886208479021,299.0,298.3,298.65,299.35980501212606,299.3168288804643,299.59873610206665,298.49275600920527,Up,107
2026-05-26 21:00:00,298.7681042395105,298.8,298.0,298.475,299.27936819284184,299.2838159831912,299.5875546483147,302.6375678635429,Down,37
2026-05-26 21:10:00,298.6215521197553,298.6215521197553,297.8,298.27500000000003,299.18806199349257,299.24425457208565,299.5744944030579,302.3618567066459,Down,80
2026-05-26 21:20:00,298.4482760598777,298.5,298.0,298.3,299.10732908499324,299.20722498102344,299.5618128667091,302.2055278606984,Down,22
2026-05-26 21:30:00,298.3741380299389,298.8,298.3741380299389,298.575,299.058935531812,299.18243184451273,299.5519938332095,302.2055278606984,Down,16
2026-05-26 21:40:00,298.47456901496946,298.5,297.8,298.225,298.98312321073814,299.1448854976691,299.5387899144711,301.8661387278499,Down,42
2026-05-26 21:50:00,298.34978450748474,298.34978450748474,297.9,298.125,298.905112009762,299.1048899879566,299.52472235313314,301.6667581908731,Down,29
2026-05-26 22:00:00,298.2373922537424,298.5,297.6,298.02500000000003,298.82510182705636,299.0625413609779,299.5097997426542,301.59715085193704,Down,82
2026-05-26 22:10:00,298.1311961268712,298.1311961268712,297.6,297.75,298.72736529732396,299.0110691507435,299.4922892974536,301.28344288405884,Down,53
2026-05-26 22:20:00,297.9405980634356,297.9405980634356,297.4,297.65,298.62942299756725,298.95769388993006,299.47395806066305,300.97401180080635,Down,34
2026-05-26 22:30:00,297.7952990317178,298.2,297.5,297.85,298.55856636142477,298.9142549138544,299.4577992739898,300.97401180080635,Down,34
2026-05-26 22:40:00,297.82264951585887,298.0,297.2,297.625,298.4736966922043,298.86369589762484,299.4395624652934,300.85265518106496,Down,62
2026-05-26 22:50:00,297.72382475792944,297.72382475792944,296.6,297.15000000000003,298.35336062927666,298.79649213693364,299.4167807492209,300.5275351828163,Down,136
2026-05-26 23:00:00,297.43691237896473,297.43691237896473,296.5,296.825,298.21441875388786,298.719178719799,299.39099188604456,300.36880869442547,Down,124
2026-05-26 23:10:00,297.1309561894824,297.1309561894824,296.3,296.575,298.0653806853526,298.6350932798069,299.36297206628296,300.108873531774,Down,112
2026-05-26 23:20:00,296.8529780947412,296.8529780947412,296.0,296.475,297.9208006230478,298.55038373942233,299.33423602582246,299.8215678427609,Down,134
2026-05-26 23:30:00,296.6639890473706,296.8,296.1,296.5,297.7916369300434,298.4699765339548,299.3060346723317,299.7909807230821,Down,121
2026-05-27 09:00:00,296.5819945236853,296.5819945236853,292.3,293.65,297.4151244818576,298.28095784634877,299.24975572036817,299.03534138234824,Down,143
2026-05-27 09:10:00,295.1159972618426,295.1159972618426,293.0,293.275,297.0387495289615,298.08464577394295,299.1903054146929,299.00412865386915,Down,421
2026-05-27 09:20:00,294.1954986309213,294.1954986309213,292.7,293.075,296.6784086626922,297.8881890769256,299.12945660459644,298.48804883847555,Down,247
2026-05-27 09:30:00,293.63524931546067,293.63524931546067,292.7,292.975,296.341735147902,297.69551499547754,299.0682182304214,298.08980579336594,Down,77
2026-05-27 09:40:00,293.30512465773035,293.30512465773035,292.8,293.025,296.04021377082,297.5123575446745,299.0080867057406,297.7109541458904,Down,123
2026-05-27 09:50:00,293.16506232886513,293.16506232886513,292.8,292.875,295.7524670643818,297.33050038605984,298.947060967375,297.3501827540428,Down,56
2026-05-27 10:00:00,293.02003116443257,293.02003116443257,292.5,292.725,295.47724278580165,297.14989252778304,298.8851499129733,296.9197101780193,Down,217
2026-05-27 10:10:00,292.8725155822163,292.8725155822163,292.4,292.55,295.21112980527425,296.9695045855171,298.8221135954313,296.58962218082587,Down,79
2026-05-27 10:20:00,292.7112577911081,292.7112577911081,291.5,292.17499999999995,294.9351180047948,296.7814847978497,298.7559731616459,296.14005390115494,Down,401
2026-05-27 10:30:00,292.4431288955541,292.6,291.9,292.25,294.69101636799525,296.6037795116595,298.69123711028624,296.14005390115494,Down,94
2026-05-27 10:40:00,292.34656444777704,292.6,292.0,292.4,294.48274215272295,296.4389254131631,298.62863773605454,296.0838223186784,Down,41
2026-05-27 10:50:00,292.3732822238885,292.7,292.3,292.525,294.30476559338445,296.2854381420587,298.56790502226295,296.0838223186784,Down,25
2026-05-27 11:00:00,292.44914111194424,292.9,292.44914111194424,292.775,294.1656959939859,296.14777390119366,298.5102641762703,296.0838223186784,Down,58
2026-05-27 11:10:00,292.6120705559721,292.8,292.6,292.725,294.0347236308963,296.0135474736959,298.452699358596,295.88482361339067,Down,43
2026-05-27 11:20:00,292.66853527798605,292.7,292.5,292.625,293.90656693717847,295.88066325904117,298.39471230030153,295.5771123758097,Down,21
2026-05-27 11:30:00,292.646767638993,292.8,292.6,292.675,293.7946063065259,295.75495097437295,298.3377997400995,295.47919306891794,Down,17
2026-05-27 11:40:00,292.6608838194965,292.7,292.3,292.55,293.6814602786599,295.6292666224368,298.28020969293436,295.17199369901624,Down,83
2026-05-27 11:50:00,292.60544190974827,292.60544190974827,292.4,292.45,293.5695093442363,295.50458949998824,298.22219765618877,295.00651228479734,Down,11
2026-05-27 12:00:00,292.5277209548741,292.7,292.2,292.5,293.47228122203296,295.38676246077307,298.1652603660774,294.907992118112,Down,37
2026-05-27 12:10:00,292.51386047743705,292.8,292.5,292.7,293.4020738382118,295.2813992270173,298.1108796659174,294.907992118112,Down,85
2026-05-27 12:20:00,292.6069302387185,292.8,292.4,292.6,293.329158034738,295.1762463161539,298.05604504237596,294.8760265438943,Down,14
2026-05-27 12:30:00,292.60346511935927,292.60346511935927,292.4,292.45,293.2492345770345,295.0693346959125,298.0002634996658,294.64483491571417,Down,9
2026-05-27 12:40:00,292.52673255967966,292.6,292.0,292.4,293.1720314336677,294.9646549039159,297.94453948474376,294.4664566873041,Down,89
2026-05-27 12:50:00,292.4633662798398,292.6,292.2,292.45000000000005,293.10639221242513,294.8660409861153,297.8898674500697,294.4664566873041,Down,6
2026-05-27 13:00:00,292.45668313992,292.45668313992,292.1,292.3,293.0330838294774,294.7654119278363,297.8342468784272,294.3307360070418,Down,13
2026-05-27 13:10:00,292.37834156996,292.37834156996,292.2,292.25,292.961894390434,294.6667683228231,297.7786822328708,294.2198353895852,Down,40
2026-05-27 13:20:00,292.31417078498,292.31417078498,291.8,292.07500000000005,292.8812676276673,294.56513034937905,297.7219291758273,293.9992062275784,Down,89
2026-05-27 13:30:00,292.19458539249,292.19458539249,291.8,291.975,292.79887966151574,294.4635566101877,297.6647458009435,293.90634268904904,Down,42
2026-05-27 13:40:00,292.084792696245,292.084792696245,291.1,291.525,292.6830724195598,294.3483190960627,297.6036538029241,293.6860027765789,Down,168
2026-05-27 13:50:00,291.8048963481225,291.8048963481225,291.1,291.25,292.5527931086907,294.2268163864132,297.5404333670741,293.61205269015704,Down,74
2026-05-27 14:00:00,291.52744817406125,291.52744817406125,291.1,291.3,292.4389028260825,294.11203927322055,297.47833950272513,293.4324366195036,Down,66
2026-05-27 14:10:00,291.41372408703063,291.8,291.2,291.42499999999995,292.34672984189314,294.0066651840747,297.4181072688672,293.4324366195036,Down,57
2026-05-27 14:20:00,291.4193620435153,291.5,290.8,291.175,292.2402089471756,293.89561949058157,297.35598679853024,293.3538946549363,Down,194
2026-05-27 14:30:00,291.29718102175764,291.5,290.8,291.15,292.1410990428868,293.78794813800977,297.2942356861071,293.3538946549363,Down,62
2026-05-27 14:40:00,291.2235905108788,291.8,291.2235905108788,291.52500000000003,292.085090038988,293.6992050737741,297.23683035589704,293.3538946549363,Down,77
2026-05-27 14:50:00,291.3742952554394,292.0,291.3742952554394,291.725,292.05235458089817,293.6217852669595,297.1819862727538,293.3538946549363,Down,82
2026-05-27 15:00:00,291.5496476277197,291.7,291.2,291.525,292.00441325536195,293.5395583937454,297.1256978521294,293.3538946549363,Down,85
2026-05-27 15:10:00,291.53732381385987,291.8,291.5,291.6,291.9676484139654,293.4634972802652,297.070715783949,293.3538946549363,Down,30
2026-05-27 15:20:00,291.56866190692995,292.2,291.3,291.7,291.9433167399685,293.39434052417636,297.0172758258998,293.3538946549363,Down,112
2026-05-27 15:30:00,291.634330953465,292.1,291.6,291.85,291.9348333999714,293.3337781506792,296.9658601460401,293.3538946549363,Down,76
2026-05-27 15:40:00,291.7421654767325,293.0,291.7421654767325,292.375,291.97484854542853,293.2961790075153,296.920179945582,293.3538946549363,Down,182
2026-05-27 15:50:00,292.0585827383662,292.7,292.0585827383662,292.5,292.02258958675316,293.26495630133826,296.8761980555762,293.3538946549363,Down,49
2026-05-27 16:00:00,292.2792913691831,293.3,292.2792913691831,292.875,292.10008144250287,293.24966389736426,296.83638513960034,293.3538946549363,Down,140
2026-05-27 16:10:00,292.5771456845915,294.7,292.5771456845915,293.75,292.25007403863896,293.269284920997,296.80567483970384,290.4288762642382,Up,372
2026-05-27 16:20:00,293.16357284229576,295.0,293.16357284229576,294.57500000000005,292.4614309442172,293.32048943389907,296.78347907015456,290.49608874738493,Up,146
2026-05-27 16:30:00,293.8692864211479,295.4,293.8692864211479,294.95,292.68766449474293,293.38439180904027,296.7652354973172,290.8182949330251,Up,171
2026-05-27 16:40:00,294.4096432105739,296.0,294.4096432105739,295.575,292.9501495406754,293.4702980126073,296.7533923580404,291.15710252045125,Up,268
2026-05-27 16:50:00,294.992321605287,298.0,294.992321605287,296.75,293.2955904915231,293.5989137768188,296.75335860323406,291.7227149456245,Up,629
2026-05-27 17:00:00,295.8711608026435,297.5,295.8711608026435,297.175,293.64826408320283,293.73915245223765,296.75755404001785,291.753779004993,Up,319
2026-05-27 17:10:00,296.5230804013217,297.1,296.2,296.675,293.9234218938208,293.8542837286205,296.7567326067839,291.8119987306102,Up,227
2026-05-27 17:20:00,296.59904020066085,298.5,296.5,297.475,294.24629263074615,293.99627260200793,296.7638795460199,292.37454430055476,Up,489
2026-05-27 17:30:00,297.03702010033044,299.4,297.03702010033044,298.67499999999995,294.6489023915874,294.1797521078115,296.7828956699401,292.6997394507897,Up,385
2026-05-27 17:40:00,297.8560100501652,299.1,297.8560100501652,298.7,295.01718399235216,294.35701673103455,296.80197133491583,293.00858086207404,Up,199
2026-05-27 17:50:00,298.2780050250826,299.5,297.3,298.375,295.3224399930474,294.5145847023665,296.81762336143413,293.00858086207404,Up,585
2026-05-27 18:00:00,298.3265025125413,298.3265025125413,296.5,297.275,295.4999454482249,294.62283628266584,296.82217437276313,293.00858086207404,Up,383
2026-05-27 18:10:00,297.80075125627064,297.80075125627064,295.5,296.375,295.5794958620226,294.6915485853064,296.8177248765167,293.00858086207404,Up,322
2026-05-27 18:20:00,297.0878756281353,297.0878756281353,295.2,296.05,295.6222689654751,294.7448211898042,296.810085823019,293.00858086207404,Up,366
2026-05-27 18:30:00,296.5689378140677,297.0,295.0,296.175,295.672517241341,294.8009066333413,296.8037665610984,293.00858086207404,Up,342
2026-05-27 18:40:00,296.3719689070339,297.0,295.7,296.425,295.74092476485544,294.8645965692887,296.79999773959497,293.00858086207404,Up,214
2026-05-27 18:50:00,296.39848445351697,298.7,296.39848445351697,297.55,295.9053861498686,294.969906507748,296.8074604486537,293.00858086207404,Up,269
2026-05-27 19:00:00,296.9742422267585,298.4,296.9742422267585,297.95,296.09126013624416,295.0867729192089,296.81882900140346,293.00858086207404,Up,251
2026-05-27 19:10:00,297.4621211133792,299.2,297.4621211133792,298.55,296.3147819420401,295.2225857459066,296.8360545834791,293.00858086207404,Up,401
2026-05-27 19:20:00,298.0060605566896,299.1,298.0060605566896,298.79999999999995,296.5407108564001,295.3628765009691,296.8555963289171,293.00858086207404,Up,313
2026-05-27 19:30:00,298.4030302783448,299.8,298.2,299.2,296.78246441490916,295.51335193230364,296.87892372862933,293.00858086207404,Up,305
2026-05-27 19:40:00,298.80151513917235,300.0,298.80151513917235,299.4,297.0204221953719,295.66576950358586,296.9040090646629,293.15757880893494,Up,398
2026-05-27 19:50:00,299.10075756958616,299.4,298.3,298.85,297.1867474503381,295.790641287759,296.92337215854684,293.15757880893494,Up,187
2026-05-27 20:00:00,298.97537878479307,299.9,298.5,299.075,297.35840677303463,295.91943966863124,296.94478139080013,293.16762085896596,Up,307
2026-05-27 20:10:00,299.02518939239656,300.5,299.02518939239656,299.675,297.5690061573042,296.0667165443712,296.9719477451206,293.74231889249336,Up,542
2026-05-27 20:20:00,299.3500946961983,300.1,299.2,299.625,297.7559146884584,296.20625707204294,296.9983462750199,293.8497492693591,Up,180
2026-05-27 20:30:00,299.4875473480992,300.3,299.4875473480992,299.975,297.95764971678034,296.354050912355,297.0279647200446,294.32538113641215,Up,202
2026-05-27 20:40:00,299.7312736740496,300.3,299.4,300.0,298.14331792434575,296.4970293079489,297.05753721039247,294.4605522385114,Up,219
2026-05-27 20:50:00,299.8656368370248,302.5,299.8656368370248,301.075,298.40983447667793,296.6765575703823,297.09751196451793,295.3253702124409,Up,863
2026-05-27 21:00:00,300.4703184185124,302.9,300.4703184185124,302.4,298.77257679697993,296.9010062931124,297.1502730394979,295.4766857195593,Up,410
2026-05-27 21:10:00,301.4351592092562,302.9,301.4351592092562,302.625,299.12279708816357,297.125476634559,297.2047479346273,295.99084341736045,Up,258
2026-05-27 21:20:00,302.0300796046281,303.2,302.0300796046281,302.8,299.4570882619668,297.3480069626155,297.2604220845315,296.5743994882992,Up,199
2026-05-27 21:30:00,302.415039802314,303.6,302.415039802314,303.25,299.8018984199698,297.5794576699639,297.3200198747352,297.0851340892577,Up,249
2026-05-27 21:40:00,302.832519901157,304.6,302.832519901157,303.75,300.1608167454271,297.82143972212225,297.38399977647913,297.68955281290897,Up,400
2026-05-27 21:50:00,303.2912599505785,304.2,303.2912599505785,304.0,300.5098334049337,298.0637362036077,297.4498306244744,297.93635437761816,Up,236
2026-05-27 22:00:00,303.64562997528924,304.4,303.64562997528924,304.125,300.83848491357605,298.30143282307404,297.5162502202508,298.4673389807761,Up,173
2026-05-27 22:10:00,303.8853149876446,304.4,303.8,304.175,301.14180446688727,298.53176879079666,297.58250643696476,298.8313854483014,Up,161
2026-05-27 22:20:00,304.03015749382234,304.2,303.5,303.875,301.39027678807935,298.74130726958896,297.6451183132139,298.8313854483014,Up,121
2026-05-27 22:30:00,303.9525787469112,304.4,303.6,303.975,301.6252516255267,298.94655012176196,297.70810221059486,299.12345904818295,Up,251
2026-05-27 22:40:00,303.9637893734556,304.5,303.0,303.70000000000005,301.8138651141152,299.1329599209086,297.7677230841213,299.12345904818295,Up,244
2026-05-27 22:50:00,303.8318946867278,304.4,303.0,303.675,301.98305919465014,299.3110791396965,297.8265019589062,299.12345904818295,Up,198
2026-05-27 23:00:00,303.7534473433639,304.5,303.7,304.05,302.1709629042274,299.4969191734339,297.8884273125489,299.2225838078009,Up,135
2026-05-27 23:10:00,303.901723671682,304.2,303.4,303.85,302.32360264020673,299.66762822545616,297.94774644376736,299.2225838078009,Up,129
2026-05-27 23:20:00,303.87586183584096,305.0,303.7,304.32500000000005,302.5055478547334,299.8502702558304,298.01120170303335,299.5818874444636,Up,191
2026-05-27 23:30:00,304.1004309179205,306.0,304.1004309179205,305.15,302.74595259521215,300.05810279481744,298.0822345219087,300.02481528771636,Up,393
2026-05-28 17:00:00,304.62521545896027,304.62521545896027,301.5,302.275,302.70313872292013,300.14503994011875,298.1239535813922,300.02481528771636,Up,74
2026-05-28 17:10:00,303.4501077294801,303.9,302.5,303.0,302.73012611174556,300.2569991581533,298.1724714562042,300.02481528771636,Up,389
2026-05-28 17:20:00,303.22505386474006,304.7,303.1,303.9,302.83647828340503,300.3998619362649,298.22946178997336,300.02481528771636,Up,358
2026-05-28 17:30:00,303.56252693237,304.7,303.56252693237,304.25,302.96498025764095,300.5508477426859,298.28936764280945,300.02481528771636,Up,375
2026-05-28 17:40:00,303.906263466185,304.1,303.2,303.7,303.031800234219,300.67434390963945,298.34320478069196,300.02481528771636,Up,357
2026-05-28 17:50:00,303.8031317330925,303.8031317330925,302.1,303.025,303.0311820311082,300.7665265014183,298.38978980774976,300.02481528771636,Up,440
2026-05-28 18:00:00,303.41406586654625,304.3,302.1,302.925,303.02152911918927,300.8511725209705,298.43491627732436,300.02481528771636,Up,372
2026-05-28 18:10:00,303.1695329332731,303.1695329332731,301.1,301.875,302.91729919926297,300.89132261818736,298.4691459661072,300.02481528771636,Up,530
2026-05-28 18:20:00,302.5222664666365,302.5222664666365,299.6,300.95,302.7384538175118,300.893623691984,298.4938310808723,300.02481528771636,Up,565
2026-05-28 18:30:00,301.73613323331824,301.73613323331824,300.5,300.975,302.57813983410165,300.8968149197493,298.5185193288239,300.02481528771636,Up,262
2026-05-28 18:40:00,301.35556661665913,302.7,301.0,301.6,302.4892180310015,300.92439080524935,298.5491808280396,300.02481528771636,Up,326
2026-05-28 18:50:00,301.47778330832955,303.3,301.4,302.29999999999995,302.4720163918195,300.97833626386705,298.58650241184023,300.02481528771636,Up,280
2026-05-28 19:00:00,301.88889165416475,305.2,301.88889165416475,304.0,302.6109239925632,301.09683288097034,298.6403680594836,300.02481528771636,Up,549
2026-05-28 19:10:00,302.9444458270824,306.9,302.9444458270824,305.85,302.90538544778474,301.2832315915205,298.7121056907325,300.02481528771636,Up,837
2026-05-28 19:20:00,304.3972229135412,308.4,304.3972229135412,307.325,303.3071685888952,301.5201636859707,298.7978061316208,300.02481528771636,Up,660
2026-05-28 19:30:00,305.8611114567706,308.5,305.8611114567706,307.95,303.7292441717229,301.7723141296581,298.8888727372763,300.02481528771636,Up,813
2026-05-28 19:40:00,306.90555572838525,310.1,306.90555572838525,309.0,304.20840379247534,302.0557527912402,298.9894809687462,300.02481528771636,Up,1087
2026-05-28 19:50:00,307.9527778641926,309.7,307.0,308.4,304.5894579931594,302.3045467994268,299.08311797403235,300.02481528771636,Up,861
2026-05-28 20:00:00,308.1763889320963,311.0,307.3,309.225,305.01087090287217,302.57593712101794,299.1840322230469,300.02481528771636,Up,823
2026-05-28 20:10:00,308.70069446604816,312.8,308.70069446604816,311.225,305.5757917298838,302.9151160574486,299.30384284769326,300.2206795810523,Up,1336
2026-05-28 20:20:00,309.9628472330241,313.0,309.9628472330241,311.75,306.1370833908034,303.26158209441144,299.4276852074177,300.8045792903647,Up,728
2026-05-28 20:30:00,310.8564236165121,314.6,310.8564236165121,313.5,306.8064394461849,303.66308867894435,299.5677082401797,301.6606891904901,Up,755
2026-05-28 20:40:00,312.17821180825604,315.1,312.17821180825604,314.625,307.51721767834994,304.0929675542798,299.7175320387849,302.5152532727975,Up,663
2026-05-28 20:50:00,313.401605904128,315.3,313.401605904128,314.5,308.1520160712272,304.5010864737198,299.86462127222984,303.5478845250828,Up,434
2026-05-28 21:00:00,313.950802952064,316.0,313.950802952064,315.17499999999995,308.79046915566107,304.91967131788766,300.0169633491231,304.4094039795269,Up,630
2026-05-28 21:10:00,314.562901476032,317.3,314.562901476032,316.05,309.4504265051464,305.35615479561756,300.17649605211693,305.33068991429576,Up,984
2026-05-28 21:20:00,315.306450738016,317.7,315.306450738016,316.5,310.09129682286033,305.7931683330444,300.33891897697146,305.99578852490447,Up,548
2026-05-28 21:30:00,315.903225369008,318.7,315.903225369008,317.625,310.776178929873,306.2571617317485,300.5109197831707,306.7323884149583,Up,645
2026-05-28 21:40:00,316.764112684504,319.2,316.764112684504,318.125,311.44425357261184,306.7225671540329,300.6861842629402,307.4878934370301,Up,649
2026-05-28 21:50:00,317.444556342252,318.0,315.8,317.15,311.96295779328346,307.1314860891689,300.85000332500044,307.4878934370301,Up,630
2026-05-28 22:00:00,317.297278171126,317.4,316.0,316.975,312.418597993894,307.51750624253486,301.0104510531099,307.4878934370301,Up,293
2026-05-28 22:10:00,317.136139085563,317.8,316.7,317.175,312.85099817626724,307.89623148792566,301.1712923361635,307.80404740404066,Up,357
2026-05-28 22:20:00,317.1555695427815,317.2,316.3,316.7,313.2009074329702,308.2414773119286,301.3258068402813,307.8354976400369,Up,221
2026-05-28 22:30:00,316.92778477139075,317.0,315.7,316.55,313.50537039360927,308.56730173106865,301.47729134933326,307.8354976400369,Up,224
2026-05-28 22:40:00,316.7388923856954,317.7,316.7388923856954,317.15,313.8367003578266,308.90387813377185,301.6332386990911,309.0041549862667,Up,193
2026-05-28 22:50:00,316.9444461928477,318.1,316.6,317.40000000000003,314.16063668893327,309.23705938342783,301.79012189611507,309.33609890310817,Up,258
2026-05-28 23:00:00,317.17222309642386,317.9,317.17222309642386,317.65000000000003,314.4778515353939,309.5669786232934,301.94793162849203,309.9861007679189,Up,267
2026-05-28 23:10:00,317.4111115482119,317.7,316.5,317.225,314.7275923049035,309.8672931870858,302.0999422590543,309.9861007679189,Up,158
2026-05-28 23:20:00,317.318055774106,318.0,316.9,317.425,314.9728111862759,310.16367384641575,302.2524303957801,310.4136274543033,Up,336
2026-05-28 23:30:00,317.371527887053,318.0,316.9,317.67499999999995,315.21846471479626,310.4582356563602,302.4058887998022,310.65329768573025,Up,388
2026-05-29 09:00:00,317.52326394352644,321.2,317.52326394352644,320.40000000000003,315.6895133770875,310.8481087678755,302.58493468239124,311.84581675643676,Up,181
2026-05-29 09:10:00,318.96163197176327,321.0,318.96163197176327,320.6,316.1359212518977,311.2305358750176,302.76418906366104,312.40703196168056,Up,414
2026-05-29 09:20:00,319.78081598588165,321.5,319.78081598588165,320.675,316.5485647744524,311.60090701717377,302.94240608790324,313.1299919658059,Up,359
2026-05-29 09:30:00,320.2279079929408,320.5,319.7,320.20000000000005,316.88051343132037,311.9381263498336,303.11412344026246,313.1299919658059,Up,327
2026-05-29 09:40:00,320.2139539964704,320.8,320.2,320.55,317.2141031193821,312.2758468851343,303.28761474931457,313.752548737905,Up,193
2026-05-29 09:50:00,320.38197699823525,321.3,320.38197699823525,320.925,317.55145738125645,312.615029360227,303.4631111199682,314.37311535111684,Up,212
2026-05-29 10:00:00,320.65348849911766,321.2,320.5,320.92499999999995,317.8581430738695,312.9409105617867,303.636861258078,314.7155698654538,Up,63
2026-05-29 10:10:00,320.7892442495588,320.9,320.1,320.5,318.0983118853359,313.2373454417167,303.80465368337076,314.7155698654538,Up,53
2026-05-29 10:20:00,320.6446221247794,320.6446221247794,319.8,320.07500000000005,318.2780108048508,313.5054887577278,303.96654767657105,314.7155698654538,Up,99
2026-05-29 10:30:00,320.3598110623897,320.3598110623897,319.8,320.025,318.4368280044098,313.7611558652679,304.1263332718291,314.74030190711846,Up,71
2026-05-29 10:40:00,320.1924055311948,320.1924055311948,319.6,319.925,318.5721163676452,314.00287524310056,304.283533935791,314.82659745963895,Up,55
2026-05-29 10:50:00,320.05870276559745,320.3,319.9,320.025,318.7041966978593,314.2390369982731,304.4401654389175,315.3458133582196,Up,69
2026-05-29 11:00:00,320.0418513827987,320.0418513827987,319.0,319.45,318.7719969980539,314.44338848853687,304.58951702659,315.3458133582196,Up,144
2026-05-29 11:10:00,319.7459256913993,319.7459256913993,319.2,319.4,318.82908818004904,314.637765410555,304.73688501637514,315.3458133582196,Up,145
2026-05-29 11:20:00,319.57296284569964,319.57296284569964,319.0,319.25,318.86735289095367,314.8186373552391,304.8812941206898,315.3458133582196,Up,150
2026-05-29 11:30:00,319.4114814228498,319.4114814228498,318.4,318.79999999999995,318.861229900867,314.9747692236611,305.0197887065536,315.3458133582196,Up,271
2026-05-29 11:40:00,319.1057407114249,319.1057407114249,318.1,318.40000000000003,318.8192999098791,315.1090919992038,305.1529251373342,315.3458133582196,Up,171
2026-05-29 11:50:00,318.7528703557125,319.0,318.0,318.575,318.7970908271628,315.2450099600194,305.28647812104236,315.3458133582196,Up,83
2026-05-29 12:00:00,318.6639351778563,319.0,318.4,318.7,318.7882643883298,315.38049976550883,305.419946000435,315.3458133582196,Up,39
2026-05-29 12:10:00,318.68196758892816,321.4,318.2,319.7,318.8711494439362,315.54989193156734,305.56203608998294,315.3458133582196,Up,447
2026-05-29 12:20:00,319.19098379446405,320.9,319.19098379446405,320.7,319.0374085853965,315.7518569538588,305.7126625965503,315.3458133582196,Up,46
2026-05-29 12:30:00,319.94549189723205,320.9,318.9,319.95,319.1203714412695,315.91649001449184,305.85432764534085,315.3458133582196,Up,297
2026-05-29 12:40:00,319.947745948616,320.7,319.2,319.875,319.1889740375177,316.07172570019804,305.9938368229992,315.3458133582196,Up,168
2026-05-29 12:50:00,319.911372974308,321.0,319.911372974308,320.6,319.3172491250161,316.249305084504,306.1391717799843,315.3458133582196,Up,138
2026-05-29 13:00:00,320.255686487154,321.0,320.255686487154,320.75,319.4474992045601,316.42580292432734,306.28455315530783,315.5569881834363,Up,146
2026-05-29 13:10:00,320.502843243577,322.5,320.5,321.5,319.6340901859637,316.62479104494196,306.43595063634956,316.1628590362358,Up,253
2026-05-29 13:20:00,321.0014216217885,323.0,321.0014216217885,322.125,319.8605365326943,316.84048551376776,306.5920605802665,316.4220087063044,Up,379
2026-05-29 13:30:00,321.56321081089425,321.6,320.2,320.925,319.957305938813,317.00066255244354,306.7346768929007,316.4220087063044,Up,133
2026-05-29 13:40:00,321.2441054054472,321.5,320.6,320.95000000000005,320.04755085346636,317.1555385307791,306.8761228939664,316.4220087063044,Up,71
2026-05-29 13:50:00,321.0970527027236,321.1,320.5,320.875,320.1227735031512,317.3013997648662,307.01541520347917,316.4220087063044,Up,43
2026-05-29 14:00:00,320.98602635136183,320.98602635136183,320.5,320.675,320.17297591195563,317.4336978133028,307.15133147011124,316.4220087063044,Up,38
2026-05-29 14:10:00,320.8305131756809,321.0,320.5,320.75,320.2254326472324,317.56374887944776,307.28664160473704,316.4220087063044,Up,40
2026-05-29 14:20:00,320.7902565878405,321.8,320.7902565878405,321.275,320.32084786112034,317.7092881390773,307.42582925046105,316.63082560603374,Up,73
2026-05-29 14:30:00,321.0326282939202,322.2,321.0326282939202,321.70000000000005,320.44622532829123,317.8657866434272,307.5678608002077,316.9515401739434,Up,94
2026-05-29 14:40:00,321.3663141469601,322.0,320.9,321.325,320.52611393481016,318.0014420691752,307.7047477574196,316.9515401739434,Up,56
2026-05-29 14:50:00,321.3456570734801,322.4,320.6,321.15,320.5828308498274,318.12491492920753,307.8385313618234,316.9515401739434,Up,179
2026-05-29 15:00:00,321.24782853674003,321.24782853674003,319.6,320.35,320.561664408934,318.21217316727785,307.9630235870789,316.9515401739434,Up,208
2026-05-29 15:10:00,320.79891426837,321.4,320.1,320.75,320.57878582630366,318.3116957881689,308.0902571832274,316.9515401739434,Up,112
2026-05-29 15:20:00,320.774457134185,321.3,320.1,320.8,320.5988962057306,318.4092763454956,308.2167222858818,316.9515401739434,Up,153
2026-05-29 15:30:00,320.7872285670925,321.0,320.3,320.54999999999995,320.59445109611875,318.49322629273104,308.33944146711684,316.9515401739434,Up,119
2026-05-29 15:40:00,320.6686142835462,321.3,320.4,320.7,320.604046451017,318.5797664381141,308.46243209928485,316.9515401739434,Up,74
2026-05-29 15:50:00,320.6843071417731,320.7,319.2,320.1,320.5582240463791,318.63938344054105,308.5782287948144,316.9515401739434,Up,247
2026-05-29 16:00:00,320.39215357088653,321.8,319.9,320.825,320.5824764057992,318.72509389385317,308.7000872147665,316.9515401739434,Up,128
2026-05-29 16:10:00,320.60857678544323,321.7,320.6,321.225,320.6408876416356,318.8231294274276,308.82471321262955,316.9515401739434,Up,106
2026-05-29 16:20:00,320.9167883927216,322.2,320.9167883927216,321.6,320.72807967421414,318.93202631262653,308.95183049409593,316.9515401739434,Up,176
2026-05-29 16:30:00,321.2583941963608,322.2,321.2583941963608,321.875,320.8323451583765,319.04743704546473,309.0804192453985,316.9515401739434,Up,196
2026-05-29 16:40:00,321.5666970981804,323.8,321.5666970981804,322.65000000000003,320.997586507615,319.18871402407393,309.21543994942436,317.40469965243744,Up,737
2026-05-29 16:50:00,322.10834854909024,323.7,321.6,322.7,321.152351370559,319.3264115133259,309.3496146762958,317.40469965243744,Up,448
2026-05-29 17:00:00,322.4041742745451,322.4041742745451,320.6,321.40000000000003,321.1748648823264,319.4077287088818,309.46951900787496,317.40469965243744,Up,414
2026-05-29 17:10:00,321.9020871372726,321.9020871372726,320.2,321.225,321.1794226202967,319.47899424971,309.58648896799565,317.40469965243744,Up,233
2026-05-29 17:20:00,321.5635435686363,322.5,321.0,321.925,321.2472023820879,319.57491604383904,309.70926022204543,317.40469965243744,Up,200
2026-05-29 17:30:00,321.74427178431813,322.9,321.74427178431813,322.45,321.3565476200799,319.6876644342767,309.8360337521744,317.40469965243744,Up,432
2026-05-29 17:40:00,322.09713589215903,323.0,320.3,321.95,321.4104978364362,319.7763834760698,309.95657072976474,317.40469965243744,Up,516
2026-05-29 17:50:00,322.02356794607954,322.02356794607954,320.8,321.45,321.41408894221473,319.8420154966161,310.0709332100656,317.40469965243744,Up,193
2026-05-29 18:00:00,321.7367839730398,322.7,321.0,321.875,321.4559899474679,319.9217403791018,310.1883866109605,317.40469965243744,Up,348
2026-05-29 18:10:00,321.8058919865199,326.0,321.8,323.8,321.66908177042535,320.073828991686,310.32382555015494,317.40469965243744,Up,1445
2026-05-29 18:20:00,322.80294599326,326.3,322.80294599326,325.45000000000005,322.0128016094776,320.2846592273062,310.4743347486609,317.40469965243744,Up,796
2026-05-29 18:30:00,324.12647299663,326.2,324.12647299663,325.7,322.34800146316144,320.4970255321177,310.62583390539066,317.40469965243744,Up,530
2026-05-29 18:40:00,324.913236498315,325.6,323.0,324.8,322.5709104210558,320.6657696288974,310.766870383944,317.40469965243744,Up,864
2026-05-29 18:50:00,324.85661824915746,325.7,324.0,325.04999999999995,322.79628220095987,320.83770023168574,310.9089910766411,317.40469965243744,Up,360
2026-05-29 19:00:00,324.9533091245787,325.5,322.2,323.85,322.8920747281453,320.9558296343647,311.03775733458497,317.40469965243744,Up,501
2026-05-29 19:10:00,324.4016545622893,324.4016545622893,322.3,322.90000000000003,322.89279520740484,321.0320716094877,311.1557895999125,317.40469965243744,Up,387
2026-05-29 19:20:00,323.65082728114464,323.65082728114464,322.3,322.9,322.8934501885499,321.1053237032333,311.2726474148388,317.40469965243744,Up,377
2026-05-29 19:30:00,323.2754136405723,324.4,323.1,323.525,322.95086380777263,321.2002129697732,311.39456137091,317.40469965243744,Up,281
2026-05-29 19:40:00,323.40020682028614,324.4,322.3,323.65,323.01442164342967,321.29628304938996,311.51650603388606,317.40469965243744,Up,206
2026-05-29 19:50:00,323.52510341014306,324.4,323.4,323.975,323.1017469485724,321.4013307729433,311.64047114797677,317.40469965243744,Up,109
2026-05-29 20:00:00,323.75005170507154,324.4,322.9,323.55,323.1424972259749,321.48559231125927,311.7589739226238,317.40469965243744,Up,245
2026-05-29 20:10:00,323.6500258525358,323.6500258525358,321.1,322.4,323.074997478159,321.5214514363079,311.8648547791151,317.40469965243744,Up,435
2026-05-29 20:20:00,323.0250129262679,323.0250129262679,320.6,321.57500000000005,322.9386340710536,321.52355137998217,311.96147313952196,317.40469965243744,Up,424
2026-05-29 20:30:00,322.300006463134,322.300006463134,318.4,320.125,322.68284915550333,321.46870622782603,312.0427022625118,317.40469965243744,Up,791
2026-05-29 20:40:00,321.212503231567,321.212503231567,317.2,318.3,322.28440832318483,321.34444323849954,312.10496393154153,317.40469965243744,Up,668
2026-05-29 20:50:00,319.7562516157835,320.4,317.6,319.05,321.9903712028953,321.2544650722839,312.17406876804364,317.40469965243744,Up,470
2026-05-29 21:00:00,319.4031258078918,320.4,319.4031258078918,320.025,321.81170109354116,321.2062507557238,312.2521874867696,317.40469965243744,Up,241
2026-05-29 21:10:00,319.7140629039459,321.3,319.6,320.375,321.6810919032192,321.1736526868719,312.3330114918764,317.40469965243744,Up,212
2026-05-29 21:20:00,320.04453145197294,321.9,320.04453145197294,320.975,321.6169017301993,321.1658623854259,312.41900142728065,317.40469965243744,Up,191
2026-05-29 21:30:00,320.5097657259865,322.5,320.5097657259865,321.3,321.5880924819993,321.1711226840367,312.50736957228287,317.40469965243744,Up,396
2026-05-29 21:40:00,320.90488286299325,322.3,320.90488286299325,321.6,321.5891749836357,321.1879414023098,312.59784350688705,317.40469965243744,Up,138
2026-05-29 21:50:00,321.25244143149666,321.7,320.7,321.225,321.55606816694154,321.1893946806506,312.6836858600524,317.40469965243744,Up,131
2026-05-29 22:00:00,321.23872071574834,321.9,320.4,321.075,321.51233469721956,321.1849086147427,312.76718152313646,317.40469965243744,Up,93
2026-05-29 22:10:00,321.15686035787417,321.3,320.4,320.95,321.46121336110866,321.1756965122038,312.8486026025082,317.40469965243744,Up,154
2026-05-29 22:20:00,321.0534301789371,321.4,320.7,321.125,321.43064851009876,321.173708413686,312.9309548154186,317.40469965243744,Up,47
2026-05-29 22:30:00,321.0892150894685,321.7,320.5,321.025,321.39377137281707,321.16787671118846,313.01149257844924,317.40469965243744,Up,189
2026-05-29 22:40:00,321.05710754473427,321.05710754473427,320.4,320.725,321.33297397528827,321.1505089970242,313.0882438960766,317.40469965243744,Up,40
2026-05-29 22:50:00,320.8910537723672,321.3,320.7,320.92499999999995,321.29588543208024,321.1416655069448,313.1662215687525,317.40469965243744,Up,107
2026-05-29 23:00:00,320.9080268861836,321.5,320.7,321.0,321.26898675643656,321.13610999686847,313.2441696128446,317.40469965243744,Up,59
2026-05-29 23:10:00,320.9540134430917,320.9540134430917,320.2,320.55,321.2036243240332,321.11312529110893,313.3168644425675,317.40469965243744,Up,100
2026-05-29 23:20:00,320.75200672154585,320.75200672154585,319.6,320.05,321.0987493854848,321.0714341032223,313.3838608162733,317.40469965243744,Up,123
2026-05-29 23:30:00,320.40100336077296,320.6,319.6,320.1,321.00795398680435,321.033338648194,313.45068807183276,317.40469965243744,Up,248
2026-06-01 09:00:00,320.2505016803865,324.8,320.2505016803865,323.95000000000005,321.2754127152767,321.1477175247354,313.55515883728714,317.40469965243744,Up,108
2026-06-01 09:10:00,322.10025084019327,323.8,322.10025084019327,323.575,321.484466104797,321.242905072785,313.65485874935393,317.40469965243744,Up,342
2026-06-01 09:20:00,322.83762542009663,324.7,322.83762542009663,324.17499999999995,321.7290600952699,321.3578891875777,313.7595367717484,317.40469965243744,Up,332
2026-06-01 09:30:00,323.5063127100483,324.5,323.5063127100483,324.15,321.9491455411545,321.4673837292413,313.8629244655619,317.53433022390607,Up,180
2026-06-01 09:40:00,323.82815635502413,324.5,323.8,324.15,322.1492232192313,321.57258436731024,313.9652834261036,318.01470351716534,Up,124
2026-06-01 09:50:00,323.98907817751206,325.2,323.98907817751206,324.625,322.3742938356648,321.6922869411412,314.0713502576847,318.57666162345623,Up,262
2026-06-01 10:00:00,324.307039088756,325.1,324.1,324.475,322.56526712333164,321.80141294344946,314.17486916059335,318.7655659406366,Up,116
2026-06-01 10:10:00,324.391019544378,324.5,324.1,324.275,322.72069738484697,321.8984163574318,314.2753679749158,318.8505144914878,Up,59
2026-06-01 10:20:00,324.33300977218903,324.33300977218903,323.5,323.95,322.83245216804266,321.97887061792466,314.37163297019026,318.8505144914878,Up,95
2026-06-01 10:30:00,324.1415048860945,324.1415048860945,323.2,323.625,322.9045019709479,322.04342471133936,314.4637062739695,318.8505144914878,Up,89
2026-06-01 10:40:00,323.88325244304724,323.88325244304724,322.4,323.125,322.92454724631625,322.08583942854176,314.54988830109414,318.8505144914878,Up,150
2026-06-01 10:50:00,323.5041262215236,323.8,323.0,323.375,322.9654974966511,322.13639474506954,314.6377003577997,318.8505144914878,Up,53
2026-06-01 11:00:00,323.4395631107618,324.6,323.4395631107618,324.04999999999995,323.06408863331916,322.21143808840014,314.73135508060767,319.0162890283526,Up,113
2026-06-01 11:10:00,323.7447815553809,324.6,323.7447815553809,324.2,323.1673533030174,322.2894209084629,314.8255704529399,319.3127726823487,Up,76
2026-06-01 11:20:00,323.9723907776904,324.5,323.9,324.2,323.2612302754704,322.3643455787192,314.91884835888084,319.5639835496893,Up,58
2026-06-01 11:30:00,324.0861953888452,324.7,323.9,324.4,323.36475479588216,322.4441751638675,315.01318817620546,319.7945304997175,Up,66
2026-06-01 11:40:00,324.2430976944226,324.8,324.0,324.525,323.47023163262014,322.52577613783353,315.10783306997456,320.01320954519775,Up,57
2026-06-01 11:50:00,324.38404884721126,325.3,324.38404884721126,324.925,323.602483302382,322.61986334811456,315.20551632300965,320.5209599545895,Up,203
2026-06-01 12:00:00,324.6545244236056,325.2,324.6,324.95,323.7249848203473,322.71124125603166,315.30247635959665,320.7535777554399,Up,48
2026-06-01 12:10:00,324.8022622118028,325.2,324.7,324.92499999999995,323.8340771094066,322.7980553244226,315.3982228634813,320.9987070503999,Up,154
2026-06-01 12:20:00,324.8636311059014,325.3,324.8,324.95,323.9355246449151,322.88244531170017,315.49326542205364,321.2760973185454,Up,85
2026-06-01 12:30:00,324.90681555295066,325.0,324.8,324.85,324.0186587681047,322.9596043190845,315.5863672586501,321.3964521077685,Up,52
2026-06-01 12:40:00,324.87840777647534,325.0,324.5,324.70000000000005,324.0805988800951,323.0278551301008,315.6770501714994,321.3964521077685,Up,48
2026-06-01 12:50:00,324.7892038882377,326.5,324.6,325.525,324.2119080728137,323.1257823799008,315.77503972203175,321.7983075270814,Up,302
2026-06-01 13:00:00,325.15710194411884,326.7,325.15710194411884,326.45,324.41537097528516,323.2561438551988,315.8812582322603,321.9568676127221,Up,215
2026-06-01 13:10:00,325.8035509720594,326.7,325.8035509720594,326.5,324.6048827048047,323.38335390009297,315.9869173543274,322.3151727855629,Up,142
2026-06-01 13:20:00,326.1517754860297,326.4,325.8,326.15,324.7453479134588,323.49184982557955,316.08804255478185,322.3151727855629,Up,117
2026-06-01 13:30:00,326.15088774301483,326.2,325.3,325.725,324.8344071940534,323.5794243422235,316.1839326786149,322.3151727855629,Up,71
2026-06-01 13:40:00,325.9379438715074,325.9379438715074,325.0,325.4,324.8858247218667,323.65081946605784,316.27563484101677,322.3151727855629,Up,77
2026-06-01 13:50:00,325.6689719357537,325.6689719357537,325.1,325.3,324.9234770198788,323.71549321248693,316.3654295192156,322.3151727855629,Up,67
2026-06-01 14:00:00,325.4844859678768,325.4844859678768,324.7,325.0,324.9304336544353,323.76586602768356,316.4513456434025,322.3151727855629,Up,75
2026-06-01 14:10:00,325.2422429839384,325.2422429839384,324.3,324.65,324.90493968585025,323.8005379481666,316.53292429371686,322.3151727855629,Up,85
2026-06-01 14:20:00,324.9461214919692,324.9461214919692,324.0,324.425,324.8613088053184,323.82502665608166,316.6114524101973,322.3151727855629,Up,61
2026-06-01 14:30:00,324.6855607459846,324.6855607459846,323.1,323.725,324.7580080048349,323.82110404211767,316.68223397825506,322.3151727855629,Up,171
2026-06-01 14:40:00,324.2052803729923,324.2052803729923,323.3,323.54999999999995,324.6481890953045,323.81047251105423,316.75056995857096,322.3151727855629,Up,118
2026-06-01 14:50:00,323.87764018649614,323.9,323.4,323.625,324.55517190482226,323.8031990792482,316.8189722475404,322.3151727855629,Up,58
2026-06-01 15:00:00,323.75132009324807,324.3,322.5,323.3,324.4410653680202,323.7834657820228,316.8834600858733,322.3151727855629,Up,463
2026-06-01 15:10:00,323.525660046624,323.525660046624,322.6,322.775,324.2896048800184,323.7439181042964,316.9420823735761,322.3151727855629,Up,158
2026-06-01 15:20:00,323.150330023312,323.150330023312,322.0,322.675,324.14282261819847,323.7019997472652,316.99912633005795,322.3151727855629,Up,263
2026-06-01 15:30:00,322.91266501165603,323.9,322.7,323.35,324.07074783472586,323.68819583560776,317.06231910289324,322.3151727855629,Up,130
2026-06-01 15:40:00,323.131332505828,324.4,323.131332505828,323.975,324.0620434861144,323.6994430577408,317.13110199739185,322.3151727855629,Up,282
2026-06-01 15:50:00,323.553166252914,324.0,322.6,323.525,324.0132213510131,323.6926021535157,317.19472287303967,322.3151727855629,Up,121
2026-06-01 16:00:00,323.539083126457,323.7,323.2,323.425,323.95974668273914,323.68210795141704,317.25671568027315,322.3151727855629,Up,60
2026-06-01 16:10:00,323.4820415632285,323.4820415632285,322.7,323.025,323.87476971158105,323.6563390121458,317.31411154415105,322.3151727855629,Up,113
2026-06-01 16:20:00,323.25352078161427,323.4,322.8,323.025,323.7975179196191,323.63158061951265,317.3709363049058,322.3151727855629,Up,77
2026-06-01 16:30:00,323.1392603908071,323.3,321.4,322.375,323.66819810874466,323.5823029481592,317.42072798346396,322.3151727855629,Up,443
2026-06-01 16:40:00,322.75713019540353,322.75713019540353,320.5,321.325,323.45518009885876,323.4937812639177,317.4595764612405,326.2868649821425,Down,426
2026-06-01 16:50:00,322.0410650977018,322.0410650977018,321.0,321.325,323.2615273625988,323.4087310182739,317.4980383869993,326.13391975205224,Down,189
2026-06-01 17:00:00,321.68303254885086,322.5,320.9,321.325,323.08547942054435,323.32701607638086,317.5361176070292,326.13391975205224,Down,259
2026-06-01 17:10:00,321.50401627442545,321.50401627442545,320.0,320.75,322.8731631095858,323.22595662240514,317.5680965363125,325.64056546279,Down,351
2026-06-01 17:20:00,321.1270081372127,321.1270081372127,319.7,320.35,322.643784645078,323.1131740097618,317.595777167792,325.376559141754,Down,613
2026-06-01 17:30:00,320.7385040686064,321.0,319.2,319.9,322.3943496773436,322.9871671858496,317.6187047581622,325.2664137028615,Down,672
2026-06-01 17:40:00,320.3192520343032,320.3192520343032,318.1,318.95000000000005,322.08122697940325,322.8288469040516,317.6319514769865,324.7133664867723,Down,612
2026-06-01 17:50:00,319.6346260171516,319.6346260171516,314.8,316.725,321.594297254003,322.5894803587947,317.62292708418073,323.9787592599225,Down,1784
2026-06-01 18:00:00,318.1798130085758,318.1798130085758,310.0,312.95,320.8084520490936,322.21146152119485,317.5764302972735,323.2111532813579,Down,2723
2026-06-01 18:10:00,315.56490650428793,315.56490650428793,311.1,312.5,320.05313822644877,321.8306198929127,317.525918553022,323.2111532813579,Down,1015
2026-06-01 18:20:00,314.032453252144,314.032453252144,311.4,312.6,319.37558020586255,321.46863479907296,317.4769044380666,322.68770498121955,Down,613
2026-06-01 18:30:00,313.316226626072,313.316226626072,310.7,311.525,318.66189109623866,321.0786883363642,317.4176815083346,322.0244487726509,Down,792
2026-06-01 18:40:00,312.420613313036,312.420613313036,308.8,310.04999999999995,317.8789919056715,320.64619075454607,317.3443712445701,321.0326528245446,Down,898
2026-06-01 18:50:00,311.235306656518,311.235306656518,308.3,309.4,317.1081744597014,320.2051636661325,317.26532277447484,320.3098977197443,Down,790
2026-06-01 19:00:00,310.317653328259,312.0,309.5,310.475,316.50515859972853,319.82358862040184,317.1977573737338,320.3098977197443,Down,704
2026-06-01 19:10:00,310.3963266641295,310.7,310.0,310.45,315.9546896361169,319.4559969097979,317.13061550931855,320.1766482574259,Down,230
2026-06-01 19:20:00,310.42316333206475,310.8,309.3,310.125,315.4247178510153,319.09007546235483,317.0609078923104,319.5287711431144,Down,333
2026-06-01 19:30:00,310.2740816660324,310.3,308.3,309.375,314.874743500923,318.7090921108899,316.9844311968646,318.6443374028313,Down,690
2026-06-01 19:40:00,309.82454083301616,309.82454083301616,308.5,309.05,314.34522136447544,318.33030418497265,316.9054816327167,318.13877381290604,Down,514
2026-06-01 19:50:00,309.4372704165081,310.4,308.9,309.7,313.92292851315943,317.99186088360113,316.8337852980628,318.13877381290604,Down,196
2026-06-01 20:00:00,309.568635208254,311.7,309.568635208254,310.65,313.6253895574177,317.7039447705188,316.77225509609207,318.13877381290604,Down,242
2026-06-01 20:10:00,310.109317604127,311.3,310.109317604127,310.9,313.3776268703797,317.437123406969,316.71382469712603,318.13877381290604,Down,173
2026-06-01 20:20:00,310.5046588020635,311.8,310.4,310.975,313.1592062457997,317.18370680277417,316.6567219638213,318.13877381290604,Down,197
2026-06-01 20:30:00,310.7398294010318,311.0,309.4,310.125,312.88336931436334,316.90689477129285,316.59172970547485,318.13101451364395,Down,140
2026-06-01 20:40:00,310.4324147005159,310.4324147005159,307.8,308.95,312.5257902857848,316.5948596822226,316.51569259397763,317.2834622537582,Down,585
2026-06-01 20:50:00,309.691207350258,309.691207350258,307.6,308.225,312.13480935071345,316.2666298907629,316.4331981403062,316.8308198965867,Down,390
2026-06-01 21:00:00,308.958103675129,309.1,307.8,308.275,311.78391759155767,315.95323264014473,316.35202203940764,316.36383292859796,Down,291
2026-06-01 21:10:00,308.6165518375645,308.7,307.9,308.325,311.46947053777967,315.65408626209984,316.2721511733439,315.7853026623617,Down,157
2026-06-01 21:20:00,308.47077591878224,309.0,308.1,308.57500000000005,311.206336852527,315.37647503613516,316.1955626044549,315.6820933294198,Down,173
2026-06-01 21:30:00,308.52288795939114,308.9,308.2,308.54999999999995,310.96485168411544,315.10877013275734,316.1194873546593,315.28826666310886,Down,99
2026-06-01 21:40:00,308.53644397969555,309.5,308.3,308.875,310.77486516737764,314.86430855892377,316.04740290336923,315.28826666310886,Down,189
2026-06-01 21:50:00,308.7057219898478,309.9,308.7057219898478,309.45,310.6544228794342,314.6519827330836,315.9817571033357,315.28826666310886,Down,126
2026-06-01 22:00:00,309.07786099492387,310.0,309.07786099492387,309.65,310.5631117085765,314.4558265474725,315.9187545450936,315.28826666310886,Down,146
2026-06-01 22:10:00,309.3639304974619,311.0,309.3639304974619,310.3,310.53919246234227,314.29285295737554,315.86284653966976,315.28826666310886,Down,200
2026-06-01 22:20:00,309.83196524873097,311.0,309.83196524873097,310.7,310.55381132940204,314.15195676296867,315.81147493230986,315.28826666310886,Down,188
2026-06-01 22:30:00,310.2659826243655,310.5,308.6,309.575,310.46482848127454,313.9724682624601,315.7494204553715,315.28826666310886,Down,189
2026-06-01 22:40:00,309.9204913121828,309.9204913121828,308.6,309.225,310.3521168011587,313.78629303648125,315.68450084885035,315.28826666310886,Down,127
2026-06-01 22:50:00,309.5727456560914,309.8,308.8,309.45000000000005,310.27010618287153,313.61624232916824,315.6224660145335,315.27745383113745,Down,203
2026-06-01 23:00:00,309.5113728280457,309.5113728280457,308.3,308.85,310.14100562079227,313.4293308652793,315.55507829299586,314.78023456161895,Down,162
2026-06-01 23:10:00,309.18068641402283,309.18068641402283,307.0,307.775,309.92591420072023,313.20759239997426,315.4776645786377,314.2238184008344,Down,557
2026-06-01 23:20:00,308.4778432070114,308.4778432070114,306.8,307.1,309.6690129097457,312.9680789725243,315.39430473208415,313.8249329458943,Down,393
2026-06-01 23:30:00,307.78892160350574,307.78892160350574,306.8,307.07500000000005,309.43319355431424,312.7369778363469,315.31152558052116,313.27771533247187,Down,403
2026-06-02 09:00:00,307.4319608017529,310.1,307.4319608017529,309.1,309.4029032311948,312.5943512545294,315.2497193558394,313.27771533247187,Down,82
2026-06-02 09:10:00,308.26598040087646,309.8,308.26598040087646,309.275,309.3912756647225,312.4641806170969,315.1902694120002,313.27771533247187,Down,254
2026-06-02 09:20:00,308.7704902004382,309.4,308.7,309.15,309.3693415133841,312.33421274975973,315.1301672287962,313.27771533247187,Down,106
2026-06-02 09:30:00,308.9602451002191,309.2,308.5,309.0,309.3357650121673,312.2034593085927,315.0691705399525,313.27771533247187,Down,170
2026-06-02 09:40:00,308.9801225501095,309.2,308.5,308.825,309.289331829243,312.07097070825574,315.00703948980373,313.27771533247187,Down,98
2026-06-02 09:50:00,308.9025612750547,308.9025612750547,308.2,308.45000000000005,309.2130289356755,311.92897185695165,314.94179531577583,313.27771533247187,Down,96
2026-06-02 10:00:00,308.6762806375274,308.9,308.4,308.65,309.1618444869777,311.8003847253065,314.8791903872606,313.27771533247187,Down,59
2026-06-02 10:10:00,308.6631403187637,309.0,308.6631403187637,308.875,309.13576771543427,311.6856637556867,314.8194471993277,313.27771533247187,Down,53
2026-06-02 10:20:00,308.76907015938184,309.0,308.3,308.725,309.0984251958493,311.5695592946794,314.7588059336628,313.1749440602492,Down,148
2026-06-02 10:30:00,308.74703507969093,308.74703507969093,308.5,308.6,309.05311381440845,311.45310598900573,314.6975242825816,312.82693398723234,Down,14
2026-06-02 10:40:00,308.6735175398455,308.6735175398455,307.7,308.15,308.9710125585531,311.3235724208094,314.63237478723255,312.36205282749097,Down,103
2026-06-02 10:50:00,308.4117587699227,308.4117587699227,307.0,307.4,308.8281932350483,311.1697068356796,314.5604108590014,312.01496808090434,Down,173
2026-06-02 11:00:00,307.90587938496134,307.90587938496134,306.8,307.075,308.6688120318621,311.00913009702555,314.48592915891186,311.67243101059665,Down,111
2026-06-02 11:10:00,307.49043969248066,307.6,306.9,307.225,308.5375563926019,310.8607328383187,314.4136811075794,311.4313557437418,Down,83
2026-06-02 11:20:00,307.35771984624034,307.5,307.0,307.35,308.4295967205472,310.7230570407376,314.3433957234244,311.2330506761289,Down,48
2026-06-02 11:30:00,307.3538599231202,308.0,307.3538599231202,307.75,308.36781520049743,310.6064665685518,314.2777897958282,311.2330506761289,Down,61
2026-06-02 11:40:00,307.55192996156006,308.0,307.3,307.79999999999995,308.31619563681585,310.4964090560596,314.21333417596924,311.2330506761289,Down,74
2026-06-02 11:50:00,307.67596498078,308.1,307.5,307.8,308.2692687607417,310.3906675244494,314.1495199055616,311.2330506761289,Down,17
2026-06-02 12:00:00,307.73798249039,307.73798249039,306.8,307.32500000000005,308.1834261461288,310.2704452685886,314.0816142348595,310.9394035641137,Down,62
2026-06-02 12:10:00,307.531491245195,307.531491245195,306.9,307.25,308.09856922375343,310.1519964345263,314.0136379738162,310.7821172744127,Down,71
2026-06-02 12:20:00,307.3907456225975,309.0,307.3907456225975,308.25,308.11233565795766,310.07740833905467,313.9562883422359,310.7821172744127,Down,116
2026-06-02 12:30:00,307.82037281129874,309.1,307.82037281129874,308.475,308.14530514359785,310.0145687963467,313.90174815972614,310.7821172744127,Down,139
2026-06-02 12:40:00,308.1476864056494,308.5,307.7,308.1,308.14118649417986,309.9394876670782,313.84401932231594,310.7821172744127,Down,82
2026-06-02 12:50:00,308.1238432028247,308.5,308.1,308.325,308.1578968128907,309.87617442523197,313.7891037071686,310.7821172744127,Down,23
2026-06-02 13:00:00,308.2244216014124,310.0,308.2244216014124,309.17499999999995,308.25036073899156,309.8486773889484,313.7431922274953,310.7821172744127,Down,132
2026-06-02 13:10:00,308.69971080070616,310.3,308.69971080070616,309.90000000000003,308.40032794453776,309.85069004036217,313.70495150881374,310.7821172744127,Down,259
2026-06-02 13:20:00,309.29985540035307,310.9,309.29985540035307,310.17499999999995,308.56166176776156,309.8634080779951,313.66982761320367,310.7821172744127,Down,266
2026-06-02 13:30:00,309.7374277001765,310.8,309.7374277001765,310.45000000000005,308.73332887978324,309.8864116827796,313.63778952750016,310.7821172744127,Down,143
2026-06-02 13:40:00,310.0937138500883,310.7,310.0,310.475,308.89166261798476,309.9094935775726,313.606318984938,310.7821172744127,Down,139
2026-06-02 13:50:00,310.28435692504416,310.7,310.0,310.35,309.0242387436225,309.92676833923645,313.5739178010083,310.7821172744127,Down,125
2026-06-02 14:00:00,310.31717846252207,310.7,309.7,310.17499999999995,309.1288534032932,309.9365029141684,313.54009772338634,310.7821172744127,Down,124
2026-06-02 14:10:00,310.246089231261,310.6,309.8,310.2,309.22623036663015,309.94683613322064,313.50686292016854,310.7821172744127,Down,25
2026-06-02 14:20:00,310.2230446156305,310.6,309.8,310.125,309.3079366969365,309.95382295152575,313.47321254285345,310.7821172744127,Down,66
2026-06-02 14:30:00,310.1740223078152,311.7,310.1740223078152,311.0,309.4617606335786,309.9948495024463,313.448603462825,306.7625142149769,Up,204
2026-06-02 14:40:00,310.5870111539076,312.1,310.5870111539076,311.325,309.631146030526,310.04701226705623,313.42747308011036,306.9983305975286,Up,256
2026-06-02 14:50:00,310.95600557695377,311.0,310.2,310.6,309.71922366411457,310.068698060505,313.3993390196117,306.9983305975286,Up,115
2026-06-02 15:00:00,310.7780027884769,310.7780027884769,310.0,310.29999999999995,309.7720215128314,310.077768724799,313.3684998253867,306.9983305975286,Up,82
2026-06-02 15:10:00,310.5390013942384,311.0,310.4,310.65,309.8518377389376,310.10020916696374,313.3414500758804,306.9983305975286,Up,50
2026-06-02 15:20:00,310.5945006971192,310.8,310.2,310.54999999999995,309.9153070353978,310.11784802316123,313.31367445323485,306.9983305975286,Up,47
2026-06-02 15:30:00,310.5722503485596,310.5722503485596,309.3,309.9,309.9139154867253,310.1093049634294,313.2797075432524,306.9983305975286,Up,207
2026-06-02 15:40:00,310.2361251742798,310.2361251742798,308.5,309.1,309.83992316975025,310.06972437662824,313.23811841346884,306.9983305975286,Up,271
2026-06-02 15:50:00,309.6680625871399,309.6680625871399,308.4,309.0,309.76356651795476,310.0277744010742,313.1959480809965,306.9983305975286,Up,157
2026-06-02 16:00:00,309.33403129357,309.5,308.4,309.05,309.69869683450435,309.98943030691447,313.1546948662603,306.9983305975286,Up,147
2026-06-02 16:10:00,309.19201564678497,309.19201564678497,308.0,308.45,309.5851789404585,309.92906049095706,313.1078819820189,306.9983305975286,Up,120
2026-06-02 16:20:00,308.8210078233925,309.3,308.1,308.65,309.5001626731441,309.87890125601757,313.06352494737195,306.9983305975286,Up,155
2026-06-02 16:30:00,308.73550391169624,309.6,308.7,309.15,309.4683297028583,309.8503168930365,313.0245844006319,306.9983305975286,Up,135
2026-06-02 16:40:00,308.9427519558481,310.8,308.9427519558481,309.75,309.49393609350756,309.84638289723114,312.99200147127243,306.9983305975286,Up,442
2026-06-02 16:50:00,309.346375977924,310.2,308.5,309.3,309.4763055395523,309.8249561169476,312.95526513822495,306.9983305975286,Up,190
2026-06-02 17:00:00,309.323187988962,309.9,308.7,309.225,309.4534595814112,309.8014284260869,312.9181480721729,306.9983305975286,Up,203
2026-06-02 17:10:00,309.2740939944809,310.0,308.5,309.25,309.4349632558284,309.7798037819266,312.88164908638015,306.9983305975286,Up,232
2026-06-02 17:20:00,309.2620469972405,311.1,308.0,309.475,309.438602959844,309.7678506924393,312.84775208054555,306.9983305975286,Up,670
2026-06-02 17:30:00,309.3685234986202,310.8,309.1,309.95000000000005,309.48509359985815,309.7749938025397,312.8189187265103,306.9983305975286,Up,263
2026-06-02 17:40:00,309.65926174931013,310.7,307.3,308.775,309.42053963623465,309.73577835930286,312.7786807292316,306.9983305975286,Up,716
2026-06-02 17:50:00,309.217130874655,309.217130874655,306.8,307.25,309.2232178511224,309.6382968550165,312.7236689806821,306.9983305975286,Up,573
2026-06-02 18:00:00,308.2335654373275,308.2335654373275,305.1,306.4,308.9665616828386,309.5113048214864,312.6607469012723,313.02245370969734,Down,1055
2026-06-02 18:10:00,307.3167827186637,307.3167827186637,303.7,304.57500000000005,308.5673288025805,309.31772424025166,312.5802917082249,313.02245370969734,Down,946
2026-06-02 18:20:00,305.9458913593319,305.9458913593319,303.5,304.125,308.1634807296186,309.11408799553595,312.4961594524217,312.8230181905686,Down,640
2026-06-02 18:30:00,305.03544567966594,305.3,303.0,303.95,307.780437026926,308.9115747408091,312.4111230399598,312.35006591900236,Down,668
2026-06-02 18:40:00,304.49272283983294,304.49272283983294,302.5,303.15,307.35948820629636,308.6856306333264,312.3189725619503,311.6755932880397,Down,514
2026-06-02 18:50:00,303.82136141991646,303.82136141991646,301.3,302.375,306.9063529148149,308.4381549222156,312.2200275613339,310.9132047427671,Down,680
2026-06-02 19:00:00,303.0981807099582,304.6,301.2,303.0,306.551229922559,308.22489394487377,312.1282859935594,310.9132047427671,Down,679
2026-06-02 19:10:00,303.0490903549791,305.2,303.0490903549791,304.525,306.36702720232637,308.0798000646827,312.0526314065589,310.9132047427671,Down,351
2026-06-02 19:20:00,303.7870451774895,305.5,303.7870451774895,304.975,306.2404792748422,307.958043199401,311.9822072134588,310.9132047427671,Down,190
2026-06-02 19:30:00,304.3810225887448,306.7,304.3810225887448,305.775,306.19816297712924,307.8724336621696,311.92044395760354,310.9132047427671,Down,307
2026-06-02 19:40:00,305.07801129437235,306.9,305.07801129437235,306.32500000000005,306.20969361557206,307.8117499891433,311.8647678983239,310.9132047427671,Down,336
2026-06-02 19:50:00,305.7015056471862,308.0,305.7015056471862,307.3,306.3088123777928,307.79168136211814,311.8193473222212,310.9132047427671,Down,418
2026-06-02 20:00:00,306.5007528235931,307.8,306.5,307.2,306.38982943435707,307.7684781714469,311.77338366727366,310.9132047427671,Down,452
2026-06-02 20:10:00,306.85037641179656,307.5,306.6,306.95000000000005,306.4407540312337,307.7363809882529,311.72538979993766,310.9132047427671,Down,190
2026-06-02 20:20:00,306.9001882058983,307.5,305.5,306.375,306.43477639203064,307.6829934985175,311.67215209048555,310.9132047427671,Down,281
2026-06-02 20:30:00,306.63759410294915,306.63759410294915,305.2,305.625,306.3611603563915,307.60228787112464,311.6119814229186,310.9132047427671,Down,188
2026-06-02 20:40:00,306.1312970514746,306.1312970514746,304.5,305.15,306.2510548694468,307.5061197193158,311.5476831003025,310.9132047427671,Down,272
2026-06-02 20:50:00,305.6406485257373,305.6406485257373,304.3,304.7,306.11004988131526,307.3960758087544,311.47954695005075,310.9132047427671,Down,137
2026-06-02 21:00:00,305.17032426286863,305.4,304.6,304.92499999999995,306.00231807392294,307.2991708750778,311.4143275774135,310.9132047427671,Down,171
2026-06-02 21:10:00,305.0476621314343,305.3,304.6,305.025,305.9134709762936,307.2099877035061,311.35075217863323,310.9132047427671,Down,53
2026-06-02 21:20:00,305.03633106571715,305.7,304.2,305.17499999999995,305.84633725117595,307.1301842641529,311.28930190819904,310.9132047427671,Down,324
2026-06-02 21:30:00,305.1056655328585,306.5,305.1056655328585,305.75,305.8375793192509,307.0760593910489,311.23418447627665,310.9132047427671,Down,305
2026-06-02 21:40:00,305.4278327664293,306.0,305.0,305.45,305.8023448356826,307.01229235610583,311.17663040188586,310.9132047427671,Down,88
2026-06-02 21:50:00,305.43891638321463,305.43891638321463,304.8,305.2,305.7475862142569,306.9412220676311,311.11716144266313,310.9132047427671,Down,66
2026-06-02 22:00:00,305.3194581916073,305.8,305.0,305.4,305.71598746750624,306.88078198654756,311.0602742641292,310.9132047427671,Down,87
2026-06-02 22:10:00,305.35972909580363,305.5,304.5,305.225,305.67135224318747,306.81584935962417,311.0022118336404,310.52432045885126,Down,79
2026-06-02 22:20:00,305.2923645479018,306.0,305.2923645479018,305.525,305.65804749380675,306.76522781610953,310.94771221340517,310.52432045885126,Down,75
2026-06-02 22:30:00,305.4086822739509,306.6,305.3,305.8,305.67095226709705,306.72737574488957,310.8964911963564,310.52432045885126,Down,73
2026-06-02 22:40:00,305.60434113697545,306.0,305.6,305.9,305.69177478827004,306.69492963724684,310.8467748660444,310.52432045885126,Down,55
2026-06-02 22:50:00,305.7521705684877,306.8,305.7521705684877,306.425,305.75843162570004,306.6843441612764,310.8027771061833,310.52432045885126,Down,91
2026-06-02 23:00:00,306.0885852842439,306.7,306.0,306.275,305.805392387,306.66829144906944,310.7577245976641,310.52432045885126,Down,106
2026-06-02 23:10:00,306.18179264212193,306.7,305.6,306.225,305.8435385336363,306.65090747067455,310.7126228603739,310.52432045885126,Down,103
2026-06-02 23:20:00,306.2033963210609,306.9,306.2,306.5,305.9032168487603,306.6449895306481,310.6707062149971,310.52432045885126,Down,126
2026-06-02 23:30:00,306.3516981605305,306.8,306.0,306.35,305.943833498873,306.6334213137599,310.62771411335535,310.52432045885126,Down,216
2026-06-03 09:00:00,306.3508490802652,306.7,306.1,306.475,305.99212136261184,306.6272087132203,310.586393574914,310.52432045885126,Down,18
2026-06-03 09:10:00,306.4129245401326,307.1,306.4129245401326,306.775,306.0632921478289,306.63300444995673,310.54846926073577,310.52432045885126,Down,155
2026-06-03 09:20:00,306.5939622700663,307.0,306.4,306.75,306.1257201343899,306.6375925107427,310.5106735466986,310.52432045885126,Down,58
2026-06-03 09:30:00,306.67198113503315,307.8,306.67198113503315,307.3,306.23247284944534,306.6635692750273,310.478726546234,310.52432045885126,Down,218
2026-06-03 09:40:00,306.9859905675166,308.1,306.9859905675166,307.825,306.3772480449503,306.70911557796745,310.45232130696803,310.52432045885126,Down,114
2026-06-03 09:50:00,307.4054952837583,308.2,307.4054952837583,308.02500000000003,306.52704367722754,306.7607188886354,310.4281688561524,310.52432045885126,Down,55
2026-06-03 10:00:00,307.7152476418792,308.2,307.7,308.025,306.6632215247523,306.8102985400614,310.4042567282305,310.52432045885126,Down,48
2026-06-03 10:10:00,307.8701238209396,308.1,307.6,307.82500000000005,306.76883774977483,306.8500907541767,310.3785924821785,310.52432045885126,Down,74
2026-06-03 10:20:00,307.84756191046984,308.0,307.5,307.725,306.8557615907044,306.8844009206796,310.3521885768832,310.52432045885126,Down,39
2026-06-03 10:30:00,307.78628095523493,307.9,307.0,307.5,306.91432871882216,306.9085420610451,310.3238085910436,310.52432045885126,Down,40
2026-06-03 10:40:00,307.64314047761746,307.64314047761746,307.2,307.32500000000005,306.9516624716565,306.9248737449257,310.29396969959043,310.52432045885126,Down,37
2026-06-03 10:50:00,307.4840702388087,307.4840702388087,306.8,307.04999999999995,306.9606022469605,306.9297806568894,310.2616913941219,310.4057330453469,Down,116
2026-06-03 11:00:00,307.26703511940434,307.26703511940434,306.7,306.875,306.9528202245095,306.92763239583496,310.2279929722898,310.15671026306967,Down,55
2026-06-03 11:10:00,307.07101755970217,307.3,306.8,306.975,306.9548365677359,306.9294899489395,310.1956248830133,310.11653882124324,Down,74
2026-06-03 11:20:00,307.02300877985107,307.02300877985107,306.7,306.85,306.945305970669,306.92637269603995,310.16233508318237,309.76672469281976,Down,36
2026-06-03 11:30:00,306.9365043899255,307.2,306.8,307.025,306.95255088242635,306.9302404334502,310.13111781867315,309.76672469281976,Down,16
2026-06-03 11:40:00,306.98075219496275,307.5,306.98075219496275,307.25,306.9795917112967,306.9427800242953,310.1024499796814,309.76672469281976,Down,13
2026-06-03 11:50:00,307.1153760974814,307.6,306.8,307.1,306.99053791936063,306.94894551353866,310.0725748555055,309.76672469281976,Down,85
2026-06-03 12:00:00,307.10768804874067,307.10768804874067,306.8,306.9,306.9823071994187,306.9470260816352,310.0410069464955,309.5798275325052,Down,51
2026-06-03 12:10:00,307.0038440243703,307.1,306.9,307.0,306.9839156358352,306.9491034901986,310.01074817090847,309.4599850073953,Down,30
2026-06-03 12:20:00,307.0019220121852,307.5,307.0,307.125,306.9967414871229,306.9560013925438,309.9820342587601,309.4599850073953,Down,63
2026-06-03 12:30:00,307.0634610060925,307.3,306.8,307.0,306.9970377155663,306.9577268281303,309.9523622760859,309.4301528986738,Down,23
2026-06-03 12:40:00,307.0317305030463,308.9,306.9,307.9,307.07912519596937,306.9946787172232,309.931940760901,309.4301528986738,Down,184
2026-06-03 12:50:00,307.4658652515232,309.9,307.4658652515232,309.2,307.2719319963358,307.08116190478313,309.92465776825526,309.4301528986738,Down,422
2026-06-03 13:00:00,308.3329326257616,310.0,308.3329326257616,309.525,307.4767563603053,307.17699869283086,309.9206810740438,305.3662914089477,Up,237
2026-06-03 13:10:00,308.9289663128808,310.0,308.9289663128808,309.825,307.690233054823,307.28084188134727,309.9197290235558,305.6203119030033,Up,273
2026-06-03 13:20:00,309.3769831564404,310.5,309.3769831564404,310.075,307.9070300498391,307.39041670952975,309.9212740083961,306.03542067743757,Up,212
2026-06-03 13:30:00,309.72599157822015,311.3,309.72599157822015,310.725,308.16320913621735,307.52118468170505,309.9292712819444,306.39238281684226,Up,366
2026-06-03 13:40:00,310.2254957891101,311.4,310.2254957891101,310.95,308.4165537601976,307.65564802752056,309.9394277866017,306.6396436612607,Up,253
2026-06-03 13:50:00,310.58774789455504,311.3,310.58774789455504,311.075,308.6582306910887,307.78974026173546,309.9507270126056,306.8911420604845,Up,104
2026-06-03 14:00:00,310.8313739472775,312.5,310.8313739472775,311.625,308.9279369918988,307.94014260441253,309.96738644531604,307.3746121482914,Up,350
2026-06-03 14:10:00,311.22818697363874,312.9,311.22818697363874,312.375,309.2413063562716,308.1140585807101,309.99134279909396,307.5551843632814,Up,307
2026-06-03 14:20:00,311.80159348681934,313.0,311.80159348681934,312.675,309.55346032388326,308.2929190285254,310.0180458558194,307.8660042626731,Up,232
2026-06-03 14:30:00,312.2382967434097,313.6,312.2,312.90000000000003,309.85769120353024,308.473588870544,310.04672201645803,308.2683704720576,Up,535
2026-06-03 14:40:00,312.56914837170484,313.5,312.56914837170484,313.1,310.1524465486638,308.6550167579736,310.0771028919161,308.48551038652477,Up,200
2026-06-03 14:50:00,312.83457418585243,313.4,312.8,313.1,310.4204059533307,308.82932982628836,310.107181470106,308.7463056369749,Up,172
2026-06-03 15:00:00,312.9672870929262,313.5,312.9672870929262,313.25,310.6776417757552,309.00268944094375,310.1384532962742,309.08202579568615,Up,250
2026-06-03 15:10:00,313.1086435464631,313.7,313.1086435464631,313.4,310.92512888705016,309.1751329922793,310.1709064973063,309.41508510760275,Up,103
2026-06-03 15:20:00,313.25432177323154,315.2,313.2,314.1,311.21375353368194,309.36826503179776,310.21000195504456,309.84614848579196,Up,725
2026-06-03 15:30:00,313.6771608866157,315.1,313.6771608866157,314.85,311.5443213942563,309.58323503055084,310.25617108982027,309.913137570979,Up,193
2026-06-03 15:40:00,314.2635804433079,315.5,313.0,314.15,311.7812012675057,309.76232385288216,310.2949156560907,309.913137570979,Up,606
2026-06-03 15:50:00,314.20679022165393,314.8,313.1,313.75,311.9601829704597,309.9187033096319,310.32929460478636,309.913137570979,Up,297
2026-06-03 16:00:00,313.97839511082697,314.7,313.6,313.975,312.14334815496335,310.0777737680777,310.36557028036066,309.913137570979,Up,217
2026-06-03 16:10:00,313.97669755541347,314.0,313.6,313.8,312.29395286814844,310.22374342423154,310.3997437104068,309.913137570979,Up,130
2026-06-03 16:20:00,313.8883487777067,314.2,313.1,313.625,312.4149571528622,310.357126035046,310.43183581279084,309.913137570979,Up,184
2026-06-03 16:30:00,313.75667438885336,313.9,312.9,313.5,312.5135974116929,310.480375994456,310.4623648096785,309.913137570979,Up,244
2026-06-03 16:40:00,313.62833719442665,314.0,313.3,313.625,312.6146340106299,310.6036945829087,310.4938338165474,309.913137570979,Up,87
2026-06-03 16:50:00,313.6266685972133,314.1,313.1,313.6,312.70421273693626,310.721196756128,310.5247409427509,309.913137570979,Up,211
2026-06-03 17:00:00,313.6133342986067,313.8,312.5,313.125,312.74246612448746,310.8154635500053,310.55061416720116,309.913137570979,Up,346
2026-06-03 17:10:00,313.36916714930334,313.36916714930334,312.0,312.525,312.7226964768068,310.88250419510314,310.5702597973783,309.913137570979,Up,227
2026-06-03 17:20:00,312.94708357465163,312.94708357465163,310.7,311.8,312.63881497891526,310.9184844227462,310.58249601829993,309.913137570979,Up,275
2026-06-03 17:30:00,312.37354178732585,312.37354178732585,310.0,310.75,312.4671045262866,310.9118771904816,310.58416272458555,309.913137570979,Up,471
2026-06-03 17:40:00,311.5617708936629,311.5617708936629,309.2,310.2,312.261004114806,310.88396043791374,310.58034020991306,309.913137570979,Up,457
2026-06-03 17:50:00,310.8808854468315,310.8808854468315,308.7,309.3,311.9918219225509,310.8218443423093,310.5676005063318,315.8353203269281,Down,539
2026-06-03 18:00:00,310.0904427234158,310.0904427234158,308.7,309.175,311.73574720231903,310.75726221123836,310.5537437848758,315.39618017341576,Down,342
2026-06-03 18:10:00,309.6327213617079,310.1,307.3,308.57500000000005,311.44840654756274,310.6716833009937,310.5340547919914,315.1735989197345,Down,592
2026-06-03 18:20:00,309.103860680854,309.103860680854,307.3,307.82500000000005,311.11900595232976,310.5600486617391,310.5070990229169,314.7429696059507,Down,617
2026-06-03 18:30:00,308.46443034042704,311.9,307.9,309.275,310.9513690475725,310.50965459657283,310.49483933114664,314.7429696059507,Down,1022
2026-06-03 18:40:00,308.8697151702135,309.7,307.3,308.42499999999995,310.72169913415684,310.4279034359229,310.4742439149163,314.7429696059507,Down,845
2026-06-03 18:50:00,308.6473575851068,308.6473575851068,306.2,307.0,310.3833628492335,310.2934758502004,310.4396743237231,314.7429696059507,Down,645
2026-06-03 19:00:00,307.8236787925534,308.9,307.0,307.95,310.1621480447577,310.20157483646705,310.4149014448801,314.7429696059507,Down,393
2026-06-03 19:10:00,307.8868393962767,309.0,307.5,308.575,310.0178618588707,310.13778758797815,310.3965939678166,314.7429696059507,Down,344
2026-06-03 19:20:00,308.23091969813834,309.5,308.2,309.075,309.9321471444279,310.09610964335155,310.38344377908214,314.7429696059507,Down,251
2026-06-03 19:30:00,308.65295984906913,309.9,308.5,309.2,309.8655883131163,310.0609680887103,310.3716682190913,314.7429696059507,Down,272
2026-06-03 19:40:00,308.92647992453453,309.7,308.3,308.875,309.7755348301057,310.01445953621186,310.35677599800584,314.7429696059507,Down,228
2026-06-03 19:50:00,308.90073996226727,309.7,308.4,309.025,309.70730439100515,309.9756572014585,310.34352449553813,314.7429696059507,Down,157
2026-06-03 20:00:00,308.9628699811336,309.6,308.9,309.3,309.67027671909557,309.94916084061697,310.3331411672243,314.7429696059507,Down,82
2026-06-03 20:10:00,309.13143499056685,310.3,308.8,309.475,309.6525242900869,309.9305662978477,310.3246024491425,314.7429696059507,Down,333
2026-06-03 20:20:00,309.30321749528343,310.6,309.30321749528343,310.04999999999995,309.6886584455335,309.93524997244185,310.32187008646446,314.7429696059507,Down,219
2026-06-03 20:30:00,309.6766087476417,311.0,309.6766087476417,310.375,309.7510531323032,309.9524950715618,310.32239874232056,314.7429696059507,Down,188
2026-06-03 20:40:00,310.02580437382085,310.5,309.6,309.95,309.7691392111847,309.9523972256182,310.31869328219796,314.7429696059507,Down,129
2026-06-03 20:50:00,309.98790218691045,310.7,309.7,309.975,309.78785382834974,309.95328360892734,310.31527344854425,314.7429696059507,Down,126
2026-06-03 21:00:00,309.98145109345523,311.6,309.8,310.625,309.8639580257725,309.9796254281851,310.31835530477764,314.7429696059507,Down,232
2026-06-03 21:10:00,310.3032255467276,312.6,310.3032255467276,311.8,310.0399618416114,310.0510126662955,310.3330980380635,314.7429696059507,Down,672
2026-06-03 21:20:00,311.0516127733638,312.6,311.0516127733638,312.15,310.23178349237395,310.13332589506825,310.35117666455045,314.7429696059507,Down,327
2026-06-03 21:30:00,311.6008063866819,312.4,311.3,311.75,310.36980317488536,310.1967248795754,310.3650953047042,314.7429696059507,Down,285
2026-06-03 21:40:00,311.6754031933409,312.1,311.3,311.75,310.4952756135321,310.257637629396,310.37887545092605,314.7429696059507,Down,231
2026-06-03 21:50:00,311.71270159667046,313.1,311.71270159667046,312.5,310.6775232850292,310.3455734086354,310.39998116783227,314.7429696059507,Down,214
2026-06-03 22:00:00,312.10635079833526,314.2,312.10635079833526,313.625,310.9454757136629,310.47417837300264,310.43207090745585,314.7429696059507,Down,474
2026-06-03 22:10:00,312.8656753991676,314.8,312.8656753991676,313.95,311.21861428514813,310.61048510347314,310.46707517703345,314.7429696059507,Down,395
2026-06-03 22:20:00,313.4078376995838,314.5,313.4078376995838,314.025,311.47374025922556,310.744387648435,310.50247741407793,314.7429696059507,Down,232
2026-06-03 22:30:00,313.7164188497919,314.6,313.6,314.175,311.7193093265687,310.8789214661434,310.5390199273707,314.7429696059507,Down,299
2026-06-03 22:40:00,313.945709424896,314.7,313.945709424896,314.5,311.9720993877897,311.0209245459025,310.5784326644118,314.7429696059507,Down,222
2026-06-03 22:50:00,314.222854712448,315.5,314.222854712448,314.825,312.2314539888997,311.170103975475,310.620687065761,309.31925066420047,Up,578
2026-06-03 23:00:00,314.523927356224,315.1,314.523927356224,314.925,312.47632180809063,311.3173547999662,310.66351605018133,309.5641402694448,Up,201
2026-06-03 23:10:00,314.724463678112,315.1,313.9,314.55,312.6648380073551,311.4441251999675,310.7021875322691,309.5641402694448,Up,233
2026-06-03 23:20:00,314.637231839056,314.7,314.0,314.275,312.8112163703228,311.555139898008,310.7377379050823,309.5641402694448,Up,183
2026-06-03 23:30:00,314.456115919528,314.456115919528,312.6,313.775,312.8988330639298,311.64219323534104,310.7679594184646,309.5641402694448,Up,546
2026-06-04 09:00:00,314.115557959764,315.0,314.0,314.3,313.02621187629984,311.74642095160215,310.803104100868,309.5641402694448,Up,21
2026-06-04 09:10:00,314.207778979882,314.207778979882,313.5,313.975,313.1124653420908,311.8338162084021,310.83466525409324,309.5641402694448,Up,210
2026-06-04 09:20:00,314.091389489941,315.4,314.091389489941,314.7,313.256786674628,311.94621557277844,310.8731262963411,309.6807400447266,Up,258
2026-06-04 09:30:00,314.39569474497046,315.1,314.39569474497046,314.85,313.40162424966184,312.0600894718852,310.9126971789646,309.88723209770734,Up,100
2026-06-04 09:40:00,314.62284737248524,314.9,314.5,314.65,313.515112954238,312.1616545906348,310.94988427171126,310.13580429565644,Up,69
2026-06-04 09:50:00,314.6364236862426,314.6364236862426,314.2,314.375,313.5932845038527,312.24845244982555,310.9839650252266,310.13580429565644,Up,80
2026-06-04 10:00:00,314.5057118431213,315.3,313.9,314.625,313.6870768216843,312.34165039296965,311.02019422895575,310.1700861947574,Up,171
2026-06-04 10:10:00,314.56535592156064,315.3,314.56535592156064,315.07500000000005,313.8132516560766,312.44884057363754,311.0605405550358,310.6383402911273,Up,67
2026-06-04 10:20:00,314.8201779607804,315.1,314.0,314.55,313.8802287782515,312.5312389825145,311.0952615445379,310.6383402911273,Up,114
2026-06-04 10:30:00,314.6850889803902,314.6850889803902,313.9,314.025,313.89338979841045,312.5898178459453,311.1244131709604,310.6383402911273,Up,42
2026-06-04 10:40:00,314.3550444901951,314.5,313.9,314.25,313.92580890764583,312.65492302845723,311.1555135374185,310.6383402911273,Up,37
2026-06-04 10:50:00,314.3025222450975,314.6,314.3,314.425,313.9711899160416,312.724337811655,311.1880457410263,310.65482424627777,Up,13
2026-06-04 11:00:00,314.3637611225488,314.3637611225488,313.5,313.9,313.9647181054924,312.770442211198,311.21503036051865,310.65482424627777,Up,50
2026-06-04 11:10:00,314.1318805612744,314.1318805612744,312.9,313.35,313.90883464135675,312.7931699676216,311.23627383951845,310.65482424627777,Up,191
2026-06-04 11:20:00,313.74094028063723,313.74094028063723,312.6,312.875,313.8148496739607,312.7963789884992,311.25257957245856,310.65482424627777,Up,123
2026-06-04 11:30:00,313.3079701403186,313.5,312.7,313.02500000000003,313.74304515814606,312.80534451836195,311.2702155966132,310.65482424627777,Up,162
2026-06-04 11:40:00,313.1664850701593,314.1,313.0,313.45,313.7164046892237,312.830625125485,311.29190499366183,310.65482424627777,Up,224
2026-06-04 11:50:00,313.30824253507967,314.4,313.30824253507967,313.9,313.73309517202154,312.8725613950739,311.3178561877548,310.65482424627777,Up,52
2026-06-04 12:00:00,313.6041212675398,314.2,313.6041212675398,314.0,313.7573592472923,312.91677467369846,311.3445441858866,310.65482424627777,Up,24
2026-06-04 12:10:00,313.8020606337699,313.9,313.1,313.55,313.73850840662936,312.9416070394358,311.3664890198579,310.65482424627777,Up,51
2026-06-04 12:20:00,313.676030316885,313.7,313.5,313.6,313.7259167332994,312.96742637122264,311.38871300971005,310.65482424627777,Up,42
2026-06-04 12:30:00,313.6380151584425,313.9,313.1,313.575,313.7121970302722,312.99125278803746,311.410467109116,310.65482424627777,Up,42
2026-06-04 12:40:00,313.6065075792212,313.6065075792212,313.1,313.325,313.6769973002475,313.0043409139968,311.42951718763226,310.65482424627777,Up,26
2026-06-04 12:50:00,313.46575378961063,313.5,313.2,313.35,313.64727027295226,313.0178961722715,311.44862646934735,310.65482424627777,Up,28
2026-06-04 13:00:00,313.4078768948053,313.5,313.2,313.35,313.62024570268386,313.0309198517903,311.46754560895585,310.65482424627777,Up,11
2026-06-04 13:10:00,313.3789384474027,313.4,313.0,313.225,313.5843142751672,313.03853083799464,311.4850327173245,310.65482424627777,Up,50
2026-06-04 13:20:00,313.3019692237013,314.2,313.2,313.675,313.59255843197013,313.0634904129753,311.50682343655507,310.7318910260554,Up,44
2026-06-04 13:30:00,313.4884846118507,314.1,313.4884846118507,313.92499999999995,313.6227803927001,313.09727510266254,311.5308848948978,310.8735921884669,Up,36
2026-06-04 13:40:00,313.70674230592533,314.8,313.70674230592533,314.275,313.6820730842728,313.1434603927542,311.55818952280924,311.2006864301551,Up,121
2026-06-04 13:50:00,313.99087115296265,315.4,313.99087115296265,314.775,313.7814300766116,313.2074423381364,311.59019758725896,311.4078571568245,Up,175
2026-06-04 14:00:00,314.3829355764813,315.0,314.3829355764813,314.725,313.867209160556,313.2669544033075,311.6213896510673,311.47837307090947,Up,50
2026-06-04 14:10:00,314.5539677882407,314.8,314.3,314.54999999999995,313.92928105505086,313.3172699169033,311.65053005254924,311.47837307090947,Up,149
2026-06-04 14:20:00,314.5519838941203,314.7,314.1,314.475,313.978891868228,313.36267109663254,311.67863423113084,311.47837307090947,Up,77
2026-06-04 14:30:00,314.5134919470602,314.6,314.2,314.475,314.02399260747995,313.40629183794107,311.70645876614446,311.4918897690975,Up,43
2026-06-04 14:40:00,314.4942459735301,315.3,314.0,314.77500000000003,314.09226600679995,313.45996666782577,311.73699151474005,311.533536153725,Up,102
2026-06-04 14:50:00,314.63462298676507,315.8,314.63462298676507,315.375,314.20887818799997,313.53506601418553,311.7731906041456,311.96038908286533,Up,229
2026-06-04 15:00:00,315.00481149338253,315.9,315.00481149338253,315.5,314.3262528981818,313.61212224892336,311.8102732847014,312.1660440983602,Up,108
2026-06-04 15:10:00,315.25240574669124,315.9,315.1,315.5,314.43295718016526,313.6861566705342,311.8469869833611,312.2214894106081,Up,100
2026-06-04 15:20:00,315.3762028733456,315.4,314.6,314.975,314.4822338001502,313.7366995461996,311.87811149098934,312.2214894106081,Up,110
2026-06-04 15:30:00,315.1756014366728,315.5,314.5,315.0,314.52930345468195,313.7862407404663,311.9091750582432,312.2214894106081,Up,183
2026-06-04 15:40:00,315.08780071833644,316.1,315.08780071833644,315.575,314.6243667769836,313.85638816240885,311.94565092831044,312.2214894106081,Up,296
2026-06-04 15:50:00,315.33140035916824,316.9,315.33140035916824,316.3,314.77669706998506,313.9522160776085,311.9889777847452,312.3959863361508,Up,279
2026-06-04 16:00:00,315.81570017958416,316.8,315.81570017958416,316.45,314.9288155181682,314.05016838829056,312.033366065494,312.5683648428833,Up,138
2026-06-04 16:10:00,316.1328500897921,316.4,315.9,316.175,315.0421050165166,314.1334951181615,312.07457635339955,312.5683648428833,Up,168
2026-06-04 16:20:00,316.153925044896,316.5,316.0,316.225,315.149640924106,314.21551491744924,312.11587410112696,312.7958799612324,Up,80
2026-06-04 16:30:00,316.189462522448,318.4,316.189462522448,317.2,315.3360372037327,314.3325535481375,312.16646241852874,313.35079032505274,Up,815
2026-06-04 16:40:00,316.694731261224,318.6,316.694731261224,317.57500000000005,315.5395792761206,314.45970831095565,312.22027871287173,313.36913978362867,Up,594
2026-06-04 16:50:00,317.134865630612,318.3,317.1,317.6,315.72689025101874,314.58285700464364,312.2738082779178,313.3743401391061,Up,399
2026-06-04 17:00:00,317.367432815306,318.0,315.6,317.05,315.8471729554716,314.67960771034393,312.32133257365996,313.3743401391061,Up,491
2026-06-04 17:10:00,317.208716407653,318.0,316.8,317.15,315.96561177770144,314.7764858393501,312.3693790157131,313.3743401391061,Up,430
2026-06-04 17:20:00,317.1793582038265,317.2,316.2,316.725,316.0346470706377,314.85289815937557,312.41271852799457,313.3743401391061,Up,227
2026-06-04 17:30:00,316.95217910191326,317.0,315.6,316.32500000000005,316.0610427914888,314.9106276433216,312.45164670184533,313.3743401391061,Up,381
2026-06-04 17:40:00,316.6385895509567,317.9,316.0,316.9,316.13731162862615,314.9886422455443,312.49590892371754,313.3743401391061,Up,441
2026-06-04 17:50:00,316.7692947754784,320.5,316.7692947754784,318.775,316.37710148056925,315.1371268633661,312.5583874418895,313.3743401391061,Up,1197
2026-06-04 18:00:00,317.77214738773915,319.5,317.77214738773915,318.95,316.61100134597206,315.2866513000969,312.62198557679613,313.3743401391061,Up,356
2026-06-04 18:10:00,318.3610736938696,319.7,318.2,318.875,316.81681940542916,315.4273708569558,312.68420462578325,313.3743401391061,Up,345
2026-06-04 18:20:00,318.6180368469348,321.5,318.6180368469348,320.15,317.1198358231174,315.6125719998203,312.75849114691977,313.5178226559907,Up,1126
2026-06-04 18:30:00,319.3840184234674,321.5,319.3840184234674,320.825,317.45666893010673,315.8169809410038,312.83875491660217,313.7260197589249,Up,648
2026-06-04 18:40:00,320.10450921173367,321.0,319.8,320.3,317.7151535728243,315.9927856099841,312.9129961612131,313.8581914065374,Up,391
2026-06-04 18:50:00,320.20225460586687,321.5,320.2,320.775,317.9933214298403,316.18032342920037,312.99122505513134,314.4301740059432,Up,276
2026-06-04 19:00:00,320.4886273029334,321.8,320.4886273029334,321.27500000000003,318.2916558453093,316.38011466727096,313.07365067647333,314.8312454033908,Up,310
2026-06-04 19:10:00,320.8818136514667,322.7,320.8818136514667,321.79999999999995,318.6105962230085,316.5926591901231,313.1604800229761,315.3905952007432,Up,725
2026-06-04 19:20:00,321.3409068257333,324.8,321.3409068257333,323.42499999999995,319.04826929364407,316.8605941238437,313.2626145501107,315.99413623586946,Up,1032
2026-06-04 19:30:00,322.38295341286664,324.3,322.38295341286664,323.85,319.4847902669491,317.13468847192826,313.3679616690151,316.2113532411147,Up,525
2026-06-04 19:40:00,323.11647670643333,324.7,323.11647670643333,324.025,319.8975366063174,317.40489676714674,313.47400185141294,316.8504812779937,Up,572
2026-06-04 19:50:00,323.57073835321665,324.6,323.57073835321665,324.125,320.2818514602885,317.6684302272586,313.5799819324934,317.29494941848435,Up,422
2026-06-04 20:00:00,323.8478691766084,325.9,323.1,324.1,320.62895587298954,317.92064864971906,313.684658729185,317.3087093107964,Up,974
2026-06-04 20:10:00,323.9739345883042,323.9739345883042,321.0,322.725,320.8195053390814,318.1090545850242,313.7746123736707,317.3087093107964,Up,1669
2026-06-04 20:20:00,323.3494672941521,324.7,322.7,323.7,321.081368490074,318.3283073463958,313.8733724495546,317.3087093107964,Up,539
2026-06-04 20:30:00,323.524733647076,327.5,323.524733647076,325.475,321.48078953643085,318.60856980339986,313.98881152965856,317.3087093107964,Up,1301
2026-06-04 20:40:00,324.499866823538,326.5,324.499866823538,325.82500000000005,321.8757177603917,318.8915670660116,314.10658454926397,317.3087093107964,Up,405
2026-06-04 20:50:00,325.16243341176903,326.4,325.16243341176903,326.1,322.2597434185379,319.1742507104818,314.22592201643545,317.69374192839246,Up,301
2026-06-04 21:00:00,325.6312167058845,326.6,324.8,325.65,322.56794856230715,319.42820166301186,314.33959443418235,317.69374192839246,Up,410
2026-06-04 21:10:00,325.64060835294225,326.3,324.9,325.55,322.839044147552,319.668272186031,314.45114075822033,317.8120043161223,Up,192
2026-06-04 21:20:00,325.5953041764712,326.7,325.5953041764712,326.325,323.15594922504727,319.92932033559845,314.56928861137243,318.64947419380127,Up,303
2026-06-04 21:30:00,325.96015208823553,327.0,325.96015208823553,326.475,323.4576811136793,320.1860136557711,314.68775340130907,319.2854241721722,Up,351
2026-06-04 21:40:00,326.2175760441178,326.5,324.3,325.525,323.64561919425387,320.39538566927024,314.79558670079854,319.2854241721722,Up,535
2026-06-04 21:50:00,325.8712880220589,325.8712880220589,323.5,324.4,323.7141992675035,320.5524293685146,314.89115300228315,319.2854241721722,Up,327
2026-06-04 22:00:00,325.1356440110294,325.7,324.3,324.94999999999993,323.8265447886395,320.72488311876896,314.9912410321112,319.2854241721722,Up,245
2026-06-04 22:10:00,325.04282200551467,326.5,324.9,325.75,324.00140435330866,320.921946525876,315.0982933601499,319.2854241721722,Up,283
2026-06-04 22:20:00,325.3964110027573,326.3,325.1,325.775,324.1626403211897,321.1122623483907,315.2045292471136,319.2854241721722,Up,119
2026-06-04 22:30:00,325.58570550137864,326.5,325.3,325.92499999999995,324.32285483744516,321.3009971582577,315.3112005978886,319.2854241721722,Up,203
2026-06-04 22:40:00,325.7553527506893,326.6,325.7553527506893,326.275,324.5003225794956,321.496056093228,315.4202931292529,319.6493767817783,Up,218
2026-06-04 22:50:00,326.01517637534465,326.3,325.8,326.125,324.64802052681415,321.6775833052583,315.52680762547925,319.9333640058488,Up,127
2026-06-04 23:00:00,326.07008818767235,326.3,325.3,325.92499999999995,324.764109569831,321.84414866583637,315.63027222622077,319.9333640058488,Up,161
2026-06-04 23:10:00,325.9975440938361,326.0,325.3,325.75,324.85373597257365,321.9973193063918,315.7309660349151,320.00980496351133,Up,147
2026-06-04 23:20:00,325.8737720469181,326.5,325.5,326.04999999999995,324.9624872477942,322.1562479610431,315.8336429897916,320.5089136031921,Up,422
2026-06-04 23:30:00,325.961886023459,326.6,325.6,326.275,325.0818065889038,322.31776764884535,315.9375370893957,320.7444669119929,Up,347
2026-06-05 09:00:00,326.1184430117295,326.1184430117295,325.5,325.8,325.1470968990035,322.45432578026316,316.0356710487052,320.7444669119929,Up,17
2026-06-05 09:10:00,325.9592215058648,327.2,325.8,326.275,325.24963354454866,322.6041561418215,316.1375549188673,321.30865034049,Up,354
2026-06-05 09:20:00,326.1171107529324,326.3,325.7,325.95,325.31330322231696,322.7353657048873,316.23519118833127,321.30865034049,Up,181
2026-06-05 09:30:00,326.0335553764662,326.3,325.7,325.95,325.37118474756085,322.8614297948917,316.3318559526265,321.30865034049,Up,110
2026-06-05 09:40:00,325.9917776882331,326.5,325.8,326.125,325.43971340687347,322.9894129401901,316.42930017200337,321.6164540499549,Up,149
2026-06-05 09:50:00,326.05838884411656,326.5,326.0,326.275,325.5156485517032,323.11825949155525,316.527267334471,321.9467764090499,Up,128
2026-06-05 10:00:00,326.1666944220583,326.9,326.1,326.5,325.6051350470029,323.25087676639623,316.6264985052723,322.29706946277264,Up,185
2026-06-05 10:10:00,326.33334721102915,327.3,326.33334721102915,326.9,325.7228500427299,323.39397963830226,316.7287224007423,322.6443175575003,Up,142
2026-06-05 10:20:00,326.61667360551456,327.5,326.61667360551456,327.075,325.84577276611805,323.5383333779767,316.8316704365558,322.94407625202234,Up,153
2026-06-05 10:30:00,326.8458368027573,327.0,326.0,326.5,325.90524796919823,323.65447716707564,316.9278727207692,322.94407625202234,Up,167
2026-06-05 10:40:00,326.67291840137864,326.67291840137864,325.0,325.7,325.8865890629075,323.73469374875896,317.0151575693187,322.94407625202234,Up,200
2026-06-05 10:50:00,326.18645920068934,326.18645920068934,325.0,325.29999999999995,325.83326278446134,323.79607830763115,317.0975938124101,322.94407625202234,Up,190
2026-06-05 11:00:00,325.74322960034465,325.74322960034465,325.1,325.3,325.7847843495103,323.8550556289005,317.17920979437616,322.94407625202234,Up,108
2026-06-05 11:10:00,325.5216148001723,325.6,325.0,325.25,325.7361675904639,323.90975932972793,317.2595161645814,322.94407625202234,Up,39
2026-06-05 11:20:00,325.3858074000861,325.4,325.1,325.25,325.69197053678533,323.96231778738564,317.33902346642634,322.94407625202234,Up,37
2026-06-05 11:30:00,325.3179037000431,325.4,324.2,324.775,325.6086095788957,323.9941876780764,317.4130132826808,322.94407625202234,Up,217
2026-06-05 11:40:00,325.0464518500215,325.3,324.4,324.825,325.53737234445066,324.02676855344595,317.48676439429596,322.94407625202234,Up,94
2026-06-05 11:50:00,324.9357259250108,325.3,324.6,325.025,325.4907930404097,324.06591488468337,317.5617717137557,322.94407625202234,Up,107
2026-06-05 12:00:00,324.9803629625053,325.0,324.6,324.775,325.425720945827,324.0937221441076,317.63354512953924,322.94407625202234,Up,59
2026-06-05 12:10:00,324.8776814812527,325.4,324.6,324.975,325.38474631438817,324.12828206002496,317.70659443173287,322.94407625202234,Up,56
2026-06-05 12:20:00,324.9263407406264,325.4,324.9263407406264,325.175,325.36567846762557,324.16932982237694,317.7809069249495,322.94407625202234,Up,54
2026-06-05 12:30:00,325.0506703703132,325.1,324.5,324.825,325.3165258796596,324.1950423783622,317.8509974033082,322.94407625202234,Up,62
2026-06-05 12:40:00,324.9378351851566,324.9378351851566,324.0,324.45,325.23775079969056,324.20504071646565,317.9166591206882,322.94407625202234,Up,189
2026-06-05 12:50:00,324.69391759257826,324.69391759257826,323.8,324.1,325.13431890880963,324.2009214726827,317.9781849005819,322.94407625202234,Up,177
2026-06-05 13:00:00,324.39695879628914,324.39695879628914,323.0,323.475,324.9834717352815,324.17245396395003,318.03287957818804,322.94407625202234,Up,333
2026-06-05 13:10:00,323.9359793981446,323.9359793981446,322.5,322.95000000000005,324.79861066843773,324.12451459281476,318.0818061495494,322.94407625202234,Up,145
2026-06-05 13:20:00,323.4429896990723,323.5,322.6,323.0,324.63510060767067,324.08041598133184,318.1307434017927,322.94407625202234,Up,192
2026-06-05 13:30:00,323.22149484953616,323.7,322.7,323.35,324.51827327970057,324.05177221735806,318.18267630326744,322.94407625202234,Up,88
2026-06-05 13:40:00,323.2857474247681,323.7,322.8,323.3,324.40752116336415,324.02229095393227,318.23359494701606,322.94407625202234,Up,84
2026-06-05 13:50:00,323.29287371238405,323.29287371238405,322.7,322.875,324.2682010576038,323.9772991518173,318.2797780818716,326.6448123534146,Down,66
2026-06-05 14:00:00,323.08393685619205,323.08393685619205,321.0,322.05,324.06654641600346,323.9017187929225,318.31729272782314,326.11646864600453,Down,320
2026-06-05 14:10:00,322.56696842809606,322.56696842809606,321.7,322.07500000000005,323.8854967418213,323.8300827618275,318.35468284993436,326.11646864600453,Down,106
2026-06-05 14:20:00,322.32098421404805,322.6,321.8,322.2,323.73226976529213,323.7661579476382,318.3929447121241,326.11646864600453,Down,110
2026-06-05 14:30:00,322.260492107024,322.260492107024,321.7,321.9,323.5656997866292,323.69297528302496,318.4278407846403,325.77030297984305,Down,86
2026-06-05 14:40:00,322.080246053512,322.080246053512,321.2,321.625,323.3892725332993,323.61187821310244,318.4596533141464,325.4057187974249,Down,151
2026-06-05 14:50:00,321.852623026756,321.852623026756,320.3,321.2,323.1902477575448,323.5172947537651,318.4869204453489,325.06417058735195,Down,321
2026-06-05 15:00:00,321.526311513378,321.526311513378,320.8,321.125,323.00249796140434,323.4234792732253,318.5131699931564,325.05259546516635,Down,101
2026-06-05 15:10:00,321.325655756689,321.8,321.0,321.375,322.85454360127665,323.34314675270673,318.5416459136225,325.05259546516635,Down,129
2026-06-05 15:20:00,321.3503278783445,322.5,321.3503278783445,321.775,322.7564032738878,323.28165080162023,318.5738185910989,325.05259546516635,Down,324
2026-06-05 15:30:00,321.56266393917224,321.8,321.0,321.325,322.62627570353436,323.20491939763514,318.601193530491,325.05259546516635,Down,174
2026-06-05 15:40:00,321.4438319695861,321.7,320.8,321.075,322.4852506395767,323.1213931467475,318.6258085202374,325.05259546516635,Down,139
2026-06-05 15:50:00,321.259415984793,321.4,320.3,320.875,322.338864217797,323.0332992978554,318.64818853496143,324.7157688819106,Down,450
2026-06-05 16:00:00,321.0672079923965,321.0672079923965,319.7,320.375,322.16033110708815,322.929052266567,318.66537073859365,324.3951058860793,Down,385
2026-06-05 16:10:00,320.7211039961983,320.7211039961983,319.1,319.6,321.9275737337165,322.7985011972899,318.6746705322395,324.1468642602449,Down,316
2026-06-05 16:20:00,320.16055199809915,320.2,319.5,319.82500000000005,321.736430667015,322.68189330720014,318.6861165965953,323.95573842013255,Down,203
2026-06-05 16:30:00,319.9927759990496,320.9,319.9,320.45,321.61948242455907,322.5943680794668,318.70366767523615,323.95573842013255,Down,225
2026-06-05 16:40:00,320.22138799952484,320.9,319.3,320.225,321.4927112950537,322.50145168419357,318.7188053103084,323.95573842013255,Down,239
2026-06-05 16:50:00,320.22319399976243,320.6,319.8,320.20000000000005,321.3751920864125,322.4111986769703,318.7335435659273,323.95573842013255,Down,136
2026-06-05 17:00:00,320.21159699988124,320.6,319.2,320.0,321.2501746240114,322.31664186610874,318.74614512248525,323.95573842013255,Down,291
2026-06-05 17:10:00,320.10579849994065,320.3,319.2,319.725,321.11152238546487,322.2150088517516,318.7558849720127,323.95573842013255,Down,354
2026-06-05 17:20:00,319.91539924997033,320.0,318.3,319.25,320.9422930776953,322.0987339948201,318.7608015394554,323.7288145145058,Down,454
2026-06-05 17:30:00,319.58269962498514,319.58269962498514,317.7,318.42499999999995,320.71344825245023,321.9546659950233,318.75746023060503,323.48852650749245,Down,560
2026-06-05 17:40:00,319.00384981249255,319.00384981249255,317.4,317.825,320.450862047682,321.7927183089439,318.7481820193552,323.1916672880617,Down,224
2026-06-05 17:50:00,318.41442490624627,318.41442490624627,317.2,317.725,320.2030564069836,321.6331999438873,318.73800110373975,322.784950947954,Down,303
2026-06-05 18:00:00,318.06971245312315,320.1,318.06971245312315,318.925,320.08686946089415,321.5269960245192,318.7398617892747,322.784950947954,Down,490
2026-06-05 18:10:00,318.4973562265616,319.6,318.4973562265616,319.275,320.01306314626737,321.4386824549302,318.7451865475904,322.784950947954,Down,398
2026-06-05 18:20:00,318.8861781132808,319.7,316.7,318.275,319.8550574056976,321.3146164763055,318.74050807448003,322.784950947954,Down,806
2026-06-05 18:30:00,318.5805890566404,319.8,316.4,318.15,319.7000521869978,321.19051386939157,318.73463237224644,322.784950947954,Down,744
2026-06-05 18:40:00,318.3652945283202,320.5,317.1,318.675,319.6068656245435,321.09186626667037,318.73403901530867,322.784950947954,Down,528
2026-06-05 18:50:00,318.5201472641601,319.2,317.5,318.225,319.48124147685775,320.9794401385657,318.72897395047977,322.784950947954,Down,213
2026-06-05 19:00:00,318.37257363208005,318.6,317.3,318.1,319.3556740698707,320.8665209174455,318.72271550321136,322.784950947954,Down,176
2026-06-05 19:10:00,318.23628681604004,318.23628681604004,316.8,317.57500000000005,319.19379460897335,320.737441665781,318.71129544845303,322.784950947954,Down,303
2026-06-05 19:20:00,317.90564340802007,317.90564340802007,316.9,317.325,319.0239041899758,320.60362042398566,318.69750146389134,322.784950947954,Down,205
2026-06-05 19:30:00,317.61532170401006,317.9,317.2,317.65,318.89900380906886,320.48779217206464,318.6870785637531,322.784950947954,Down,126
2026-06-05 19:40:00,317.632660852005,318.3,316.4,317.65,318.7854580082444,320.3765062045327,318.67675937406403,322.784950947954,Down,364
2026-06-05 19:50:00,317.64133042600247,318.9,317.64133042600247,318.25,318.73678000749493,320.29311380435496,318.6725130121331,322.784950947954,Down,205
2026-06-05 20:00:00,317.94566521300123,318.5,316.5,317.575,318.6311636431772,320.18652110614494,318.6615924846492,322.784950947954,Down,186
2026-06-05 20:10:00,317.7603326065006,317.7603326065006,315.1,316.15,318.4056033119793,320.0282261608059,318.63660151465274,322.784950947954,Down,729
2026-06-05 20:20:00,316.9551663032503,316.9551663032503,315.2,315.575,318.14827573816297,319.8535898407743,318.6061378179896,322.784950947954,Down,194
2026-06-05 20:30:00,316.2650831516252,316.2650831516252,315.2,315.375,317.8961597619663,319.6779588666263,318.57398719293496,322.34031080431936,Down,245
2026-06-05 20:40:00,315.8200415758126,316.0,315.4,315.7,317.6965088745148,319.52196047969977,318.54539030544305,321.93433566227884,Down,429
2026-06-05 20:50:00,315.7600207879063,316.4,315.1,315.8,317.5240989768316,319.37600124520173,318.51807298897097,321.8903051475262,Down,182
2026-06-05 21:00:00,315.78001039395315,315.9,314.9,315.375,317.3287263425742,319.219099235586,318.48679863087176,321.34573195229655,Down,345
2026-06-05 21:10:00,315.5775051969766,315.5775051969766,313.9,314.45,317.0670239477947,319.0320757361512,318.44663148031583,320.7539653540221,Down,551
2026-06-05 21:20:00,315.0137525984883,315.0137525984883,313.5,313.75,316.765476316177,318.82493551120416,318.3998988287704,320.275707021907,Down,352
2026-06-05 21:30:00,314.38187629924414,314.38187629924414,313.5,313.875,316.5027057419791,318.63082039311774,318.35487495982744,319.7332847335862,Down,271
2026-06-05 21:40:00,314.12843814962207,314.4,313.6,313.925,316.2683688563447,318.44627841691704,318.31079660201823,319.55667871269463,Down,215
2026-06-05 21:50:00,314.026719074811,314.026719074811,313.1,313.35,316.003062596677,318.24642436135167,318.26143544179916,318.95187439433187,Down,348
2026-06-05 22:00:00,313.6883595374055,313.7,312.9,313.325,315.7596023606155,318.0534273275732,318.2123166811843,318.4895589608421,Down,225
2026-06-05 22:10:00,313.5066797687027,313.6,312.8,313.2,315.5269112369232,317.863096844139,318.16244288336156,318.208689964402,Down,196
2026-06-05 22:20:00,313.3533398843514,313.3533398843514,312.8,312.95,315.29264657902104,317.67042637966296,318.11057778004454,317.8312389586689,Down,137
2026-06-05 22:30:00,313.15166994217566,313.3,312.4,312.92499999999995,315.0774059809282,317.4843312275193,318.05897999118844,317.499608196812,Down,272
2026-06-05 22:40:00,313.0383349710878,313.9,312.8,313.15,314.9021872553892,317.3143574538911,318.0101344191368,317.499608196812,Down,181
2026-06-05 22:50:00,313.0941674855439,313.0941674855439,311.7,312.375,314.6724429594447,317.1206571615816,317.9540634298917,317.13064423600497,Down,374
2026-06-05 23:00:00,312.734583742772,313.4,311.9,312.475,314.472675417677,316.9384745277941,317.89954538581316,317.13064423600497,Down,185
2026-06-05 23:10:00,312.604791871386,313.1,312.4,312.775,314.3183412887973,316.7752010169002,317.84855488446175,317.13064423600497,Down,145
2026-06-05 23:20:00,312.689895935693,313.5,312.689895935693,313.225,314.2189466261794,316.63597744761006,317.80254936322336,317.13064423600497,Down,193
2026-06-05 23:30:00,312.9574479678465,313.5,312.9574479678465,313.25,314.130860569254,316.50319401829205,317.75725036458437,317.13064423600497,Down,389
2026-06-08 09:00:00,313.10372398392326,313.2,307.8,310.525,313.8030550629582,316.2687550371826,317.6852876743895,316.40759670059555,Down,151
2026-06-08 09:10:00,311.8143619919616,311.8143619919616,308.4,308.75,313.3436864208711,315.9739018984696,317.59637933932095,316.40759670059555,Down,1021
2026-06-08 09:20:00,310.2821809959808,310.2821809959808,308.5,308.675,312.9192603826101,315.6876704514708,317.5076093956461,316.0501823456034,Down,233
2026-06-08 09:30:00,309.4785904979904,309.4785904979904,308.6,308.775,312.54250943873643,315.4165853357269,317.4207177598686,315.41250256427634,Down,298
2026-06-08 09:40:00,309.1267952489952,309.1267952489952,308.5,308.7,312.1931903988513,315.15318983236506,317.33394444882515,314.8351480016605,Down,125
2026-06-08 09:50:00,308.91339762449763,308.91339762449763,308.2,308.54999999999995,311.861991271683,314.894241211488,317.24654201649855,314.29043465494146,Down,137
2026-06-08 10:00:00,308.7316988122488,308.7316988122488,308.1,308.375,311.54499206516635,314.6385846933905,317.15826796658314,313.8580451948445,Down,128
2026-06-08 10:10:00,308.5533494061244,308.8,308.5,308.65,311.28181096833305,314.4037382348262,317.07360858383106,313.75199617156375,Down,83
2026-06-08 10:20:00,308.6016747030622,308.8,308.2,308.575,311.03573724393914,314.17516026483304,316.9890453143402,313.3563601559671,Down,125
2026-06-08 10:30:00,308.5883373515311,308.5883373515311,307.2,307.975,310.757488403581,313.9320167250357,316.8993533211627,312.8138914908378,Down,316
2026-06-08 10:40:00,308.2816686757656,308.2816686757656,307.5,307.725,310.48180763961915,313.6886043044461,316.8080662234397,312.647552779136,Down,96
2026-06-08 10:50:00,308.00333433788273,308.00333433788273,307.5,307.7,310.22891603601744,313.45375707682075,316.71743869882835,312.25898732931074,Down,79
2026-06-08 11:00:00,307.8516671689414,308.7,307.5,308.1,310.03537821456126,313.2438058189062,316.63169304013354,312.25898732931074,Down,78
2026-06-08 11:10:00,307.9758335844707,310.3,307.9758335844707,309.5,309.98670746778294,313.0969899044393,316.56073092033125,312.25898732931074,Down,334
2026-06-08 11:20:00,308.7379167922353,310.5,308.7379167922353,310.04999999999995,309.9924613343481,312.97750010426523,316.4959475280892,312.25898732931074,Down,157
2026-06-08 11:30:00,309.3939583961177,310.0,309.1,309.65,309.96132848577093,312.84700990409794,316.42782864721266,312.25898732931074,Down,153
2026-06-08 11:40:00,309.52197919805883,310.2,309.4,309.85,309.9512077143372,312.72948010393725,316.3623776158972,312.25898732931074,Down,72
2026-06-08 11:50:00,309.6859895990294,310.3,309.6859895990294,310.0,309.9556433766702,312.6224416684887,316.299070375938,312.25898732931074,Down,63
2026-06-08 12:00:00,309.8429947995147,310.2,309.3,309.65,309.92785761515466,312.505875328548,316.2329104716998,312.25898732931074,Down,63
2026-06-08 12:10:00,309.74649739975735,309.74649739975735,308.2,308.75,309.8207796501406,312.3585860999775,316.1584536510859,312.25898732931074,Down,126
2026-06-08 12:20:00,309.2482486998787,309.2482486998787,307.5,307.95,309.65070877285507,312.1857003705666,316.0767774953537,312.25898732931074,Down,197
2026-06-08 12:30:00,308.5991243499393,308.5991243499393,307.7,307.92499999999995,309.493826157141,312.0186140815248,315.9956652814696,312.25898732931074,Down,99
2026-06-08 12:40:00,308.2620621749696,308.6,307.7,308.25,309.38075105194633,311.870825294014,315.91859398513657,312.25898732931074,Down,111
2026-06-08 12:50:00,308.2560310874848,308.6,307.9,308.25,309.2779555017694,311.72883214522915,315.842289567374,312.25898732931074,Down,94
2026-06-08 13:00:00,308.25301554374244,308.25301554374244,306.7,307.375,309.10495954706306,311.55809362972997,315.7580379298877,312.1415974885509,Down,303
2026-06-08 13:10:00,307.8140077718712,307.8140077718712,306.5,306.95000000000005,308.9090541336937,311.37738407562296,315.6703957614311,311.8758155454158,Down,263
2026-06-08 13:20:00,307.38200388593566,307.38200388593566,305.8,306.55,308.69459466699425,311.1880748961868,315.5796455548497,311.4561048646537,Down,221
2026-06-08 13:30:00,306.96600194296786,306.96600194296786,305.9,306.17499999999995,308.4655406063584,310.9914837237873,315.4860669921149,311.24345887955025,Down,93
2026-06-08 13:40:00,306.5705009714839,306.5705009714839,305.3,305.775,308.2209460057804,310.7869157346192,315.38943945985505,310.7703943917964,Down,176
2026-06-08 13:50:00,306.172750485742,306.172750485742,305.5,305.675,307.98949636889125,310.5864484509087,315.29277837070225,310.4765971522812,Down,94
2026-06-08 14:00:00,305.92387524287096,305.92387524287096,304.5,305.15,307.7313603353557,310.3732543940103,315.1918552028346,309.9480939910342,Down,385
2026-06-08 14:10:00,305.53693762143547,305.53693762143547,304.4,304.65000000000003,307.45123666850515,310.1488130452256,315.08696112121436,309.6874973726931,Down,216
2026-06-08 14:20:00,305.0934688107177,305.0934688107177,304.4,304.7,307.2011242440956,309.9351341022756,314.9836082742371,309.28893084741566,Down,217
2026-06-08 14:30:00,304.89673440535887,304.89673440535887,304.1,304.42499999999995,306.9487493128142,309.7190504119903,314.878547495389,308.917358297407,Down,219
2026-06-08 14:40:00,304.6608672026794,305.1,304.6,304.85,306.75795392074014,309.52810725857887,314.7787609531464,308.917358297407,Down,211
2026-06-08 14:50:00,304.75543360133975,305.0,304.7,304.85,306.58450356430916,309.3446520719679,314.6799673118216,308.8342901609319,Down,81
2026-06-08 15:00:00,304.8027168006699,305.0,304.6,304.77500000000003,306.420003240281,309.16545002992996,314.58141042314674,308.5675365099381,Down,64
2026-06-08 15:10:00,304.78885840033496,305.2,304.3,304.65,306.2590938548009,308.988373558168,314.48259041893635,308.50230591812556,Down,151
2026-06-08 15:20:00,304.7194292001675,304.7194292001675,304.1,304.35,306.0855398680008,308.80647655588695,314.3817686237231,308.04614878025876,Down,192
2026-06-08 15:30:00,304.53471460008376,305.9,304.1,305.075,305.9936726072735,308.6601441419306,314.28916396080047,308.04614878025876,Down,214
2026-06-08 15:40:00,304.8048573000419,306.2,304.8048573000419,305.75,305.9715205520668,308.54602084224706,314.20419715522036,308.04614878025876,Down,231
2026-06-08 15:50:00,305.27742865002097,306.3,305.27742865002097,305.875,305.9627459564244,308.4412749268648,314.12131957158635,308.04614878025876,Down,144
2026-06-08 16:00:00,305.5762143250105,306.7,305.5762143250105,306.325,305.995678142204,308.3582837532623,314.04374425246607,308.04614878025876,Down,165
2026-06-08 16:10:00,305.9506071625052,306.4,305.2,305.85,305.9824346747309,308.25991968450694,313.9622144589092,308.04614878025876,Down,216
2026-06-08 16:20:00,305.9003035812526,306.6,305.4,305.8,305.9658497043008,308.16345224589884,313.8809983946415,308.04614878025876,Down,190
2026-06-08 16:30:00,305.85015179062634,306.0,305.4,305.775,305.94849973118255,308.06978745194203,313.8003416941973,308.04614878025876,Down,121
2026-06-08 16:40:00,305.8125758953132,306.2,305.0,305.525,305.90999975562045,307.9699918655914,313.71799998579735,308.04614878025876,Down,307
2026-06-08 16:50:00,305.6687879476566,305.6687879476566,304.4,304.875,305.81590886874585,307.8486196355682,313.63000993618743,308.04614878025876,Down,319
2026-06-08 17:00:00,305.2718939738283,305.6,304.5,305.025,305.7440080624962,307.7378894537812,313.54438794677264,308.04614878025876,Down,370
2026-06-08 17:10:00,305.1484469869141,306.3,305.1484469869141,305.65000000000003,305.7354618749966,307.6560114359859,313.4658368229242,308.04614878025876,Down,117
2026-06-08 17:20:00,305.39922349345704,305.8,305.0,305.525,305.7163289772696,307.5724423600649,313.38682352120355,308.04614878025876,Down,225
2026-06-08 17:30:00,305.4621117467285,306.5,305.4621117467285,305.8,305.7239354338815,307.50293481653296,313.3113327398981,308.04614878025876,Down,194
2026-06-08 17:40:00,305.6310558733643,306.6,304.7,305.57500000000005,305.7103958489832,307.4273295296101,313.23435430467526,308.04614878025876,Down,260
2026-06-08 17:50:00,305.60302793668217,306.4,304.9,305.65,305.70490531725744,307.35763033237055,313.15888809268847,308.04614878025876,Down,187
2026-06-08 18:00:00,305.6265139683411,307.4,305.6265139683411,306.4,305.7680957429613,307.32007620168935,313.09163547485076,308.04614878025876,Down,468
2026-06-08 18:10:00,306.01325698417054,307.4,306.0,306.575,305.84145067541937,307.2908575271133,313.0267933308224,308.04614878025876,Down,174
2026-06-08 18:20:00,306.2941284920853,306.5,305.3,306.075,305.8626824321994,307.2431768397755,312.9576212578789,308.04614878025876,Down,241
2026-06-08 18:30:00,306.18456424604267,307.8,305.0,306.025,305.8774385747267,307.195405199,312.8886399518303,308.04614878025876,Down,380
2026-06-08 18:40:00,306.1047821230213,306.6,305.1,305.82500000000005,305.8726714315697,307.1416638186471,312.81835497718527,308.04614878025876,Down,183
2026-06-08 18:50:00,305.9648910615107,306.4,305.3,305.85,305.87061039233606,307.0910103355629,312.74901811174067,308.04614878025876,Down,134
2026-06-08 19:00:00,305.9074455307553,306.9,305.0,305.95,305.8778276293964,307.0462648322075,312.68136619023085,308.04614878025876,Down,371
2026-06-08 19:10:00,305.92872276537764,306.9,305.6,306.3,305.9162069358149,307.01699954466994,312.61787000923357,308.04614878025876,Down,162
2026-06-08 19:20:00,306.1143613826888,306.5,306.0,306.225,305.94427903255894,306.9859407389966,312.55425936237555,308.04614878025876,Down,75
2026-06-08 19:30:00,306.1696806913444,306.3,305.5,305.95,305.9447991205081,306.94531561197715,312.48854533886936,308.04614878025876,Down,126
2026-06-08 19:40:00,306.0598403456722,306.4,305.4,305.92499999999995,305.9429992004619,306.90530323503685,312.4232364300249,308.04614878025876,Down,98
2026-06-08 19:50:00,305.9924201728361,306.4,304.7,305.5,305.90272654587443,306.85019330425115,312.354348505348,308.04614878025876,Down,263
2026-06-08 20:00:00,305.74621008641805,305.74621008641805,304.7,304.95000000000005,305.81611504170405,306.7756759197707,312.2806733958421,308.04614878025876,Down,141
2026-06-08 20:10:00,305.34810504320905,305.4,304.7,304.90000000000003,305.7328318560946,306.7021200013483,312.20723385956506,308.04614878025876,Down,138
2026-06-08 20:20:00,305.12405252160454,305.12405252160454,304.1,304.7,305.6389380509951,306.6236054914915,312.13253501519125,308.04614878025876,Down,292
2026-06-08 20:30:00,304.91202626080224,305.3,303.4,304.25,305.51267095545006,306.53052292319774,312.0541018309605,308.04614878025876,Down,279
2026-06-08 20:40:00,304.5810131304011,304.5810131304011,302.4,303.25,305.30697359586367,306.4018749654253,311.96649882766735,308.04614878025876,Down,660
2026-06-08 20:50:00,303.91550656520053,303.91550656520053,303.2,303.57500000000005,305.1495214507852,306.2910171236439,311.88300132689454,308.04614878025876,Down,178
2026-06-08 21:00:00,303.7452532826003,304.7,303.3,304.07500000000005,305.051837682532,306.20411449134417,311.8053097714031,308.04614878025876,Down,242
2026-06-08 21:10:00,303.91012664130017,304.6,303.91012664130017,304.40000000000003,304.9925797113927,306.13336490344835,311.73162509706077,308.04614878025876,Down,61
2026-06-08 21:20:00,304.15506332065013,305.2,304.0,304.525,304.95007246490246,306.0702917699798,311.65991738465226,308.04614878025876,Down,171
2026-06-08 21:30:00,304.34003166032505,304.7,304.1,304.525,304.91142951354766,306.0096920927257,311.58892318181995,308.04614878025876,Down,42
2026-06-08 21:40:00,304.4325158301625,305.4,304.4325158301625,304.9,304.9103904668615,305.966174755756,311.5223667322496,308.04614878025876,Down,121
2026-06-08 21:50:00,304.66625791508125,304.8,304.3,304.55,304.8776276971468,305.9106384908244,311.45298994884416,308.04614878025876,Down,50
2026-06-08 22:00:00,304.60812895754066,305.2,304.3,304.7,304.8614797246789,305.8631624715764,311.3857960190049,308.04614878025876,Down,76
2026-06-08 22:10:00,304.65406447877035,305.6,304.65406447877035,305.175,304.8899815678899,305.83617570798515,311.3239970536417,308.04614878025876,Down,152
2026-06-08 22:20:00,304.91453223938515,305.8,304.91453223938515,305.45000000000005,304.9408923344453,305.821031562574,311.26554932176464,308.04614878025876,Down,97
2026-06-08 22:30:00,305.1822661196926,306.3,305.1822661196926,305.825,305.02126575858665,305.82118718757107,311.2114145026426,308.04614878025876,Down,162
2026-06-08 22:40:00,305.50363305984627,305.8,305.4,305.6,305.0738779623515,305.8125131802154,311.155579532467,308.04614878025876,Down,81
2026-06-08 22:50:00,305.55181652992314,306.7,305.5,305.9,305.14897996577406,305.8159440358932,311.1032852087609,308.04614878025876,Down,215
2026-06-08 23:00:00,305.7259082649616,306.2,305.6,305.9,305.21725451434,305.8192403482111,311.0515112265842,308.04614878025876,Down,72
2026-06-08 23:10:00,305.81295413248074,306.5,305.4,306.075,305.29523137667275,305.82927013847734,311.00199370194156,308.04614878025876,Down,279
2026-06-08 23:20:00,305.94397706624034,306.9,305.94397706624034,306.6,305.4138467060661,305.8594948389292,310.95819276958395,308.04614878025876,Down,178
2026-06-08 23:30:00,306.2719885331202,307.0,306.2719885331202,306.75,305.5353151873328,305.8944166099516,310.91632020471246,308.04614878025876,Down,295
2026-06-09 09:00:00,306.5109942665601,308.2,306.5109942665601,307.6,305.72301380666613,305.96130223309075,310.8833219937203,308.04614878025876,Down,67
2026-06-09 09:10:00,307.05549713328,308.0,307.05549713328,307.57500000000005,305.8913761878783,306.0245844984598,310.85040336691713,308.04614878025876,Down,209
2026-06-09 09:20:00,307.31524856664004,307.8,307.3,307.525,306.0398874435257,306.0834243220496,310.81731477620156,308.04614878025876,Down,169
2026-06-09 09:30:00,307.42012428332,308.4,307.42012428332,308.025,306.220352221387,306.1595645447143,310.7895305495727,308.04614878025876,Down,219
2026-06-09 09:40:00,307.72256214166,309.0,307.72256214166,308.6,306.4366838376245,306.255267895902,310.7677441759451,304.3379933447873,Up,276
2026-06-09 09:50:00,308.16128107083,309.0,308.16128107083,308.775,306.6492580342041,306.35408091959215,310.74791587568694,304.61811753749623,Up,177
2026-06-09 10:00:00,308.468140535415,309.1,308.468140535415,308.8,306.8447800310946,306.4499993149023,310.7285336281677,304.952009555205,Up,138
2026-06-09 10:10:00,308.6340702677075,308.9,308.2,308.525,306.9975273009951,306.53137189078853,310.7066079204248,304.952009555205,Up,125
2026-06-09 10:20:00,308.5795351338537,308.5795351338537,308.0,308.275,307.1136611827228,306.5997494636988,310.682412816739,304.952009555205,Up,65
2026-06-09 10:30:00,308.42726756692684,308.7,308.2,308.35,307.2260556206571,306.6683867396322,310.65920472901024,304.98714788024176,Up,33
2026-06-09 10:40:00,308.38863378346343,308.38863378346343,308.0,308.15,307.31005056423373,306.7264892204309,310.63423751777634,304.98714788024176,Up,24
2026-06-09 10:50:00,308.2693168917317,308.2693168917317,307.8,307.95,307.36822778566705,306.77447003531597,310.6075286867537,304.98714788024176,Up,46
2026-06-09 11:00:00,308.1096584458659,308.1096584458659,307.6,307.75,307.4029343506064,306.8127261123624,310.57909556549254,304.98714788024176,Up,37
2026-06-09 11:10:00,307.92982922293294,307.92982922293294,307.4,307.525,307.414031227824,306.8406584216815,310.5487065548906,304.98714788024176,Up,98
2026-06-09 11:20:00,307.72741461146643,307.72741461146643,306.6,307.15,307.39002838893094,306.8527894639685,310.51488857922004,304.98714788024176,Up,227
2026-06-09 11:30:00,307.4387073057332,308.4,307.0,307.525,307.40229853539176,306.87915066145996,310.4851384441034,304.98714788024176,Up,202
2026-06-09 11:40:00,307.48185365286656,308.0,307.48185365286656,307.70000000000005,307.42936230490164,306.9113408315988,310.4574256237641,304.98714788024176,Up,40
2026-06-09 11:50:00,307.5909268264333,307.7,307.3,307.475,307.4335111862742,306.9334451127126,310.4277497469107,304.98714788024176,Up,24
2026-06-09 12:00:00,307.53296341321663,307.53296341321663,306.8,307.15000000000003,307.40773744206746,306.9419374612337,310.3951353215683,304.98714788024176,Up,67
2026-06-09 12:10:00,307.3414817066083,307.5,307.1,307.3,307.3979431291522,306.9559791294206,310.36433795518457,304.98714788024176,Up,31
2026-06-09 12:20:00,307.3207408533042,307.4,307.0,307.275,307.38676648104746,306.96848975179626,310.3335982740385,304.98714788024176,Up,38
2026-06-09 12:30:00,307.2978704266521,308.3,307.2978704266521,307.75,307.4197877100432,306.9991372125101,310.3078908285257,304.98714788024176,Up,81
2026-06-09 12:40:00,307.523935213326,309.3,307.523935213326,308.675,307.53389791822104,307.06485732182347,310.2916431585901,305.10550392283216,Up,309
2026-06-09 12:50:00,308.099467606663,309.4,308.099467606663,309.1,307.6762708347464,307.14466683861474,310.2797860127335,305.2709368568173,Up,153
2026-06-09 13:00:00,308.59973380333145,309.2,308.59973380333145,308.95000000000005,307.792064395224,307.21546421749264,310.2665543111143,305.5190456060461,Up,141
2026-06-09 13:10:00,308.77486690166575,310.0,308.77486690166575,309.375,307.9359676320218,307.300151895238,310.2576831239391,305.8684566008753,Up,249
2026-06-09 13:20:00,309.0749334508329,310.0,309.0749334508329,309.675,308.09406148365616,307.39328319346396,310.2518852819099,306.00200902575784,Up,161
2026-06-09 13:30:00,309.37496672541647,311.3,309.37496672541647,310.475,308.31051043968745,307.51413483293595,310.2541053288561,306.4234188086246,Up,337
2026-06-09 13:40:00,309.92498336270825,312.0,309.92498336270825,311.3,308.58228221789767,307.6626001336051,310.2645122410068,306.649699673172,Up,513
2026-06-09 13:50:00,310.61249168135413,311.0,309.7,310.4,308.74752928899784,307.76994914797353,310.26586037791225,306.649699673172,Up,339
2026-06-09 14:00:00,310.506245840677,310.506245840677,309.6,309.9,308.8522993536344,307.85348055393536,310.262219976142,306.649699673172,Up,152
2026-06-09 14:10:00,310.2031229203385,310.2031229203385,309.1,309.52500000000003,308.9134539578494,307.91903033613397,310.25488445399134,306.649699673172,Up,202
2026-06-09 14:20:00,309.8640614601693,309.8640614601693,309.3,309.475,308.9645035980449,307.9800487543248,310.247124409673,306.649699673172,Up,81
2026-06-09 14:30:00,309.66953073008466,309.66953073008466,308.6,309.075,308.9745487254954,308.0229880188611,310.23546148022353,306.649699673172,Up,115
2026-06-09 14:40:00,309.3722653650423,309.3722653650423,308.0,308.5,308.9314079322686,308.04169437106265,310.21819320678844,306.649699673172,Up,207
2026-06-09 14:50:00,308.93613268252113,309.0,308.2,308.475,308.8899163020624,308.0586867486681,310.2008480007508,306.649699673172,Up,170
2026-06-09 15:00:00,308.7055663412606,308.7055663412606,308.0,308.3,308.8362875473294,308.0681500134262,310.1819340902956,306.649699673172,Up,59
2026-06-09 15:10:00,308.5027831706303,309.2,308.0,308.54999999999995,308.8102614066631,308.0870460913311,310.16569594014345,306.649699673172,Up,232
2026-06-09 15:20:00,308.52639158531514,309.6,308.52639158531514,309.225,308.8479649151482,308.1316717348083,310.15633578153506,306.649699673172,Up,126
2026-06-09 15:30:00,308.87569579265755,310.1,308.87569579265755,309.725,308.9276953774075,308.1941551961884,310.1520438832113,306.649699673172,Up,136
2026-06-09 15:40:00,309.3003478963288,310.0,309.3003478963288,309.7,308.9979048885522,308.25320793359276,310.14754593412465,306.649699673172,Up,70
2026-06-09 15:50:00,309.5001739481644,309.7,308.8,309.425,309.03673171686563,308.29916056364794,310.14035642234234,306.649699673172,Up,80
2026-06-09 16:00:00,309.4625869740822,309.7,309.2,309.475,309.07657428805965,308.34527191409313,310.13373596042845,306.649699673172,Up,40
2026-06-09 16:10:00,309.4687934870411,309.8,308.9,309.225,309.09006753459965,308.3797710547169,310.1246938115685,306.649699673172,Up,69
2026-06-09 16:20:00,309.3468967435206,309.3468967435206,308.5,308.9,309.07278866781786,308.4001721898261,310.11250780349314,306.649699673172,Up,88
2026-06-09 16:30:00,309.1234483717603,309.1234483717603,308.1,308.625,309.03208060710716,308.4089889666957,310.0977067308216,306.649699673172,Up,188
2026-06-09 16:40:00,308.87422418588017,308.9,308.1,308.5,308.9837096428247,308.4125580268253,310.0818091514104,306.649699673172,Up,119
2026-06-09 16:50:00,308.6871120929401,309.3,308.6871120929401,308.92499999999995,308.97837240256786,308.43265379047926,310.0702986125904,306.649699673172,Up,78
2026-06-09 17:00:00,308.80605604647,309.4,308.4,308.92499999999995,308.9735203659707,308.4519614849703,310.058902606495,306.649699673172,Up,135
2026-06-09 17:10:00,308.865528023235,309.4,308.8,309.0,308.9759276054279,308.47345319144205,310.0483662621518,306.649699673172,Up,36
2026-06-09 17:20:00,308.9327640116175,310.1,308.3,308.95000000000005,308.97357055038896,308.49214130158157,310.03743724461793,306.649699673172,Up,352
2026-06-09 17:30:00,308.9413820058088,309.3,307.8,308.375,308.91915504580817,308.48754752504897,310.0208955804924,306.649699673172,Up,355
2026-06-09 17:40:00,308.6581910029044,309.3,307.9,308.5,308.8810500416438,308.4880358574,310.00576229113426,306.649699673172,Up,138
2026-06-09 17:50:00,308.57909550145223,309.7,308.57909550145223,309.15,308.905500037858,308.5139952355412,309.9972472434613,306.649699673172,Up,257
2026-06-09 18:00:00,308.8645477507261,311.2,308.8645477507261,310.15,309.0186363980527,308.5781522851278,309.99876717138704,306.649699673172,Up,503
2026-06-09 18:10:00,309.507273875363,311.0,308.7,309.975,309.10557854368426,308.6329306268875,309.9985306821195,306.649699673172,Up,400
2026-06-09 18:20:00,309.7411369376815,310.0,309.1,309.425,309.13461685789474,308.6639921709311,309.9928239091631,306.649699673172,Up,151
2026-06-09 18:30:00,309.5830684688408,310.8,308.2,309.225,309.14283350717704,308.68599247795345,309.985183870266,306.649699673172,Up,341
2026-06-09 18:40:00,309.4040342344204,309.4040342344204,306.2,307.45000000000005,308.9889395519791,308.6375221847004,309.95995816011407,306.649699673172,Up,959
2026-06-09 18:50:00,308.4270171172102,308.4270171172102,306.0,306.65,308.77630868361734,308.55958013824153,309.9270232530483,306.649699673172,Up,331
2026-06-09 19:00:00,307.5385085586051,307.5385085586051,304.2,305.575,308.4852806214703,308.44253777987916,309.8837195390876,312.2813900016022,Down,730
2026-06-09 19:10:00,306.55675427930254,306.55675427930254,304.1,304.975,308.16616420133664,308.3065559061584,309.8348765585992,312.2813900016022,Down,632
2026-06-09 19:20:00,305.76587713965125,308.0,305.7,306.625,308.0260583648515,308.24061253728945,309.8029374883644,312.2813900016022,Down,717
2026-06-09 19:30:00,306.1954385698256,307.8,306.1,306.75,307.9100530589559,308.1821571436702,309.772560000918,312.2813900016022,Down,297
2026-06-09 19:40:00,306.47271928491284,307.9,306.0,306.9,307.8182300535962,308.1318764713695,309.74397731434175,312.2813900016022,Down,247
2026-06-09 19:50:00,306.6863596424564,308.4,306.6863596424564,307.875,307.82339095781475,308.12180288425697,309.7253805251443,312.2813900016022,Down,254
2026-06-09 20:00:00,307.2806798212282,308.5,307.2806798212282,308.175,307.8553554161952,308.12388904565864,309.70995385325233,312.2813900016022,Down,199
2026-06-09 20:10:00,307.7278399106141,308.7,307.7278399106141,308.35,307.900323105632,308.1327561419073,309.6964219741155,312.2813900016022,Down,328
2026-06-09 20:20:00,308.03891995530705,309.5,308.03891995530705,308.7,307.97302100512,308.1550009990874,309.6865073276069,312.2813900016022,Down,365
2026-06-09 20:30:00,308.3694599776535,309.2,308.2,308.6,308.03001909556366,308.1724519402997,309.67569630942177,312.2813900016022,Down,134
2026-06-09 20:40:00,308.4847299888268,308.7,307.5,308.0,308.02729008687606,308.1656891191115,309.6590227143032,312.2813900016022,Down,154
2026-06-09 20:50:00,308.2423649944134,308.2423649944134,306.9,307.45,307.9748091698873,308.13762287914636,309.63704238878773,312.2813900016022,Down,125
2026-06-09 21:00:00,307.84618249720666,307.84618249720666,306.6,307.2,307.9043719726248,308.100853354474,309.61279321078985,312.2813900016022,Down,187
2026-06-09 21:10:00,307.5230912486033,307.8,306.6,307.32500000000005,307.85170179329526,308.0704277327299,309.5900290992397,312.2813900016022,Down,84
2026-06-09 21:20:00,307.4240456243017,307.7,307.1,307.5,307.8197289029957,308.0480580177209,309.56923278979457,312.2813900016022,Down,51
2026-06-09 21:30:00,307.46202281215085,307.6,306.9,307.35,307.7770262754506,308.02068319349655,309.5471508714882,312.2813900016022,Down,63
2026-06-09 21:40:00,307.40601140607544,307.40601140607544,306.7,307.0,307.7063875231369,307.98065640159473,309.5218060866973,312.2813900016022,Down,132
2026-06-09 21:50:00,307.2030057030377,307.2030057030377,306.1,306.45,307.59217047557905,307.9206306603557,309.49124085200384,311.8555278906442,Down,176
2026-06-09 22:00:00,306.82650285151885,306.82650285151885,305.9,306.175,307.4633367959809,307.85217455602805,309.45824343059087,311.43109340733474,Down,121
2026-06-09 22:10:00,306.5007514257594,309.0,305.5,307.275,307.44621526907355,307.82954025971327,309.43651961536114,311.43109340733474,Down,462
2026-06-09 22:20:00,306.8878757128797,308.8,306.8878757128797,307.875,307.48519569915777,307.8313229946265,309.42098210675056,311.43109340733474,Down,130
2026-06-09 22:30:00,307.38143785643985,307.38143785643985,306.6,306.85,307.42745063559795,307.7928397399353,309.39540019524065,311.43109340733474,Down,64
2026-06-09 22:40:00,307.11571892822,307.5,306.6,307.05,307.39313694145267,307.76370876974175,309.3720628798651,311.43109340733474,Down,37
2026-06-09 22:50:00,307.08285946411,307.5,306.6,307.1,307.36648812859335,307.7376809748499,309.3494552890207,311.43109340733474,Down,77
2026-06-09 23:00:00,307.091429732055,307.091429732055,305.8,306.42499999999995,307.28089829872124,307.68620328956166,309.3203562314185,311.43109340733474,Down,201
2026-06-09 23:10:00,306.7582148660275,307.9,306.4,307.125,307.2667257261102,307.664195317422,309.29851189080733,311.43109340733474,Down,126
2026-06-09 23:20:00,306.94160743301376,307.8,306.3,307.1,307.2515688419184,307.64207001085646,309.2766361506003,311.43109340733474,Down,155
2026-06-09 23:30:00,307.02080371650686,307.1,306.3,306.675,307.19915349265307,307.6041456967052,309.2507492237287,311.43109340733474,Down,148
2026-06-10 09:00:00,306.8479018582534,306.8479018582534,305.0,305.425,307.03786681150274,307.51868900271677,309.21268206727365,311.43109340733474,Down,52
2026-06-10 09:10:00,306.1364509291267,306.1364509291267,305.0,305.4,306.88896982863884,307.43560315947303,309.1747449322759,311.03945623935175,Down,318
2026-06-10 09:20:00,305.76822546456333,305.76822546456333,304.3,304.675,306.6876998442171,307.3273442120427,309.1299713508603,310.5418590601123,Down,200
2026-06-10 09:30:00,305.22161273228164,305.22161273228164,304.3,304.575,306.49563622201555,307.21940914490375,309.08464825284176,310.10298038499843,Down,147
2026-06-10 09:40:00,304.8983063661408,304.8983063661408,303.1,304.1,306.2778511109232,307.0970793745154,309.0350497627638,309.50960460608303,Down,419
2026-06-10 09:50:00,304.4991531830704,304.4991531830704,303.4,303.625,306.036682828112,306.9609193990442,308.98121842184077,309.3587699517541,Down,169
2026-06-10 10:00:00,304.0620765915352,304.0620765915352,303.2,303.40000000000003,305.79698438919274,306.82127550104246,308.9256839101806,308.8619692019793,Down,182
2026-06-10 10:10:00,303.7310382957676,303.7310382957676,303.0,303.3,305.56998580835705,306.68318626570743,308.8697069558505,308.3867429883554,Down,245
2026-06-10 10:20:00,303.51551914788377,303.51551914788377,303.1,303.3,305.36362346214275,306.5505122945032,308.8142869861406,308.02360639178295,Down,85
2026-06-10 10:30:00,303.4077595739419,303.4077595739419,301.0,302.05,305.0623849655843,306.37402161628745,308.74698064797,307.3665621937144,Down,467
2026-06-10 10:40:00,302.728879786971,302.728879786971,300.2,300.79999999999995,304.67489542325836,306.1554325332958,308.66790621366187,307.0773801857872,Down,594
2026-06-10 10:50:00,301.7644398934855,301.7644398934855,299.8,300.1,304.2589958393258,305.91796459081365,308.58265341551595,306.5992347191936,Down,535
2026-06-10 11:00:00,300.93221994674275,300.93221994674275,298.6,299.275,303.805905308478,305.65745617548765,308.4900399486949,305.90238520168765,Down,493
2026-06-10 11:10:00,300.10360997337136,300.10360997337136,298.7,299.3,303.3962775531618,305.4081441686058,308.39859676512583,305.4906406391082,Down,336
2026-06-10 11:20:00,299.7018049866857,300.4,299.5,299.925,303.0807068665107,305.19311890709184,308.31428236945294,305.4906406391082,Down,227
2026-06-10 11:30:00,299.8134024933429,300.7,299.8,300.125,302.81200624228245,304.9943691460294,308.232796972742,305.4906406391082,Down,186
2026-06-10 11:40:00,299.96920124667145,300.2,299.5,299.925,302.54955112934766,304.795570355989,308.1501323262471,305.3072769740215,Down,161
2026-06-10 11:50:00,299.9471006233357,300.0,299.6,299.8,302.2995919357706,304.5996656361463,308.0670464324536,304.9066154309286,Down,75
2026-06-10 12:00:00,299.8735503116678,299.8735503116678,299.2,299.45000000000005,302.04053812342784,304.3977179641406,307.9813046769068,304.42408020637544,Down,148
2026-06-10 12:10:00,299.66177515583394,299.66177515583394,298.9,299.275,301.78912556675255,304.1968270635861,307.8946747796242,304.0009013168943,Down,250
2026-06-10 12:20:00,299.4683875779169,299.8,299.1,299.52500000000003,301.58329596977507,304.0136181591318,307.8113944335583,303.99546703543405,Down,171
2026-06-10 12:30:00,299.4966937889585,303.2,299.4966937889585,301.35,301.56208724525004,303.9091625450482,307.7471019516324,303.99546703543405,Down,751
2026-06-10 12:40:00,300.42334689447927,303.5,300.42334689447927,302.75,301.67007931386365,303.86370519034045,307.6973795441535,303.99546703543405,Down,261
2026-06-10 12:50:00,301.5866734472396,303.5,301.5866734472396,303.1,301.80007210351243,303.83375596718986,307.6516344740624,303.99546703543405,Down,285
2026-06-10 13:00:00,302.3433367236198,304.7,302.3433367236198,304.025,302.00233827592035,303.84125573318244,307.6155485588976,296.9912029112529,Up,353
2026-06-10 13:10:00,303.1841683618099,305.1,303.1841683618099,304.55,302.2339438872003,303.8690496259988,307.5850455881623,297.5086313574203,Up,334
2026-06-10 13:20:00,303.8670841809049,307.2,303.8670841809049,305.75,302.5535853520003,303.94281238576355,307.56678642808106,298.2911610439773,Up,754
2026-06-10 13:30:00,304.8085420904525,307.0,304.8085420904525,306.67499999999995,302.92825941090933,304.04995699808654,307.55791293128425,298.52339449041335,Up,349
2026-06-10 13:40:00,305.7417710452262,306.8,305.7417710452262,306.35,303.2393267371903,304.14015476286744,307.54589389714215,299.17618721650183,Up,345
2026-06-10 13:50:00,306.0458855226131,306.3,305.8,306.1,303.4993879429003,304.2170114388334,307.5315068931905,299.4002742671716,Up,141
2026-06-10 14:00:00,306.07294276130654,306.4,305.8,306.125,303.7380799480911,304.2918345196635,307.517511799726,299.836612970156,Up,183
2026-06-10 14:10:00,306.09897138065327,306.5,304.8,305.7,303.9164363164465,304.347056695363,307.49942710520133,299.836612970156,Up,269
2026-06-10 14:20:00,305.8994856903266,305.8994856903266,305.1,305.25,304.03766937858774,304.38246623672137,307.47704474594565,299.836612970156,Up,45
2026-06-10 14:30:00,305.5747428451633,306.0,305.1,305.525,304.17288125326155,304.4272714823402,307.45762141514024,299.836612970156,Up,75
2026-06-10 14:40:00,305.54987142258165,305.9,304.6,305.25,304.2708011393287,304.45953534577785,307.43565503290006,299.836612970156,Up,119
2026-06-10 14:50:00,305.3999357112908,305.3999357112908,303.9,304.52500000000003,304.2939101266624,304.4621025871199,307.4066932912792,299.836612970156,Up,165
2026-06-10 15:00:00,304.9624678556454,305.0,304.5,304.725,304.3331001151476,304.47241228958575,307.3800097759431,299.836612970156,Up,57
2026-06-10 15:10:00,304.8437339278227,305.5,304.4,305.075,304.4005455592251,304.4960431801902,307.357074355287,299.836612970156,Up,143
2026-06-10 15:20:00,304.9593669639113,305.7,304.2,305.0,304.4550414174774,304.51580619273176,307.333620879115,299.836612970156,Up,136
2026-06-10 15:30:00,304.9796834819557,304.9796834819557,304.0,304.475,304.4568558340703,304.51420594987957,307.3051768902681,299.836612970156,Up,127
2026-06-10 15:40:00,304.72734174097786,305.0,304.5,304.725,304.48123257642754,304.52247238321763,307.2795034883749,299.836612970156,Up,54
2026-06-10 15:50:00,304.72617087048894,306.2,304.72617087048894,305.475,304.57157506947954,304.5598264074052,307.2615482297842,300.39668393012505,Up,155
2026-06-10 16:00:00,305.10058543524445,306.9,305.10058543524445,306.325,304.7309773358905,304.6290489012324,307.2522293419256,300.74014059851163,Up,287
2026-06-10 16:10:00,305.7127927176222,307.9,305.7127927176222,307.225,304.95770666899136,304.7308509051057,307.2519584032,301.2290917842096,Up,459
2026-06-10 16:20:00,306.4688963588111,308.8,306.4688963588111,308.175,305.2501878809012,304.86591557549366,307.26114289670045,301.7164972420628,Up,547
2026-06-10 16:30:00,307.3219481794056,308.7,307.3219481794056,308.275,305.52517080081924,304.9996051607684,307.27123102708157,302.12990893917504,Up,389
2026-06-10 16:40:00,307.7984740897028,311.7,307.7984740897028,309.775,305.9115189098357,305.1868755466206,307.2961441511903,302.9840774860817,Up,1572
2026-06-10 16:50:00,308.7867370448514,311.9,308.7867370448514,311.2,306.3922899180325,305.4226843487139,307.3349884879944,303.0611278489447,Up,936
2026-06-10 17:00:00,309.9933685224257,314.0,309.9933685224257,312.375,306.93617265275674,305.6953241781761,307.38513785627305,303.9195085662031,Up,1438
2026-06-10 17:10:00,311.18418426121286,314.0,311.18418426121286,313.325,307.5169751388698,305.994527151581,307.4442409621808,304.2252721392204,Up,471
2026-06-10 17:20:00,312.2545921306064,313.9,312.2545921306064,313.275,308.0404319444271,306.2800358907347,307.5022584650447,304.87276593880915,Up,481
2026-06-10 17:30:00,312.7647960653032,313.5,312.2,312.85,308.4776654040246,306.5376815420785,307.5554698236015,304.91860897591454,Up,442
2026-06-10 17:40:00,312.8073980326516,313.6,311.9,312.825,308.87287764002235,306.78424305023225,307.60790295968513,304.9214627053768,Up,375
2026-06-10 17:50:00,312.8161990163257,313.3,311.8,312.625,309.2139796727476,307.01329234238,307.65782432327035,304.9214627053768,Up,341
2026-06-10 18:00:00,312.7205995081629,313.2,311.8,312.575,309.5195269752251,307.23139852503175,307.70675144443186,305.02517578956764,Up,347
2026-06-10 18:10:00,312.64779975408146,314.5,312.64779975408146,313.625,309.8927517956592,307.48212799463835,307.76563948976093,306.078605140284,Up,689
2026-06-10 18:20:00,313.1363998770408,314.1,312.2,313.225,310.1956834505993,307.70733866151534,307.8199614848877,306.078605140284,Up,500
2026-06-10 18:30:00,313.1806999385204,313.1806999385204,311.4,312.1,310.3688031369084,307.87959989047556,307.8625489327993,306.078605140284,Up,546
2026-06-10 18:40:00,312.6403499692602,313.0,311.2,312.2,310.53527557900765,308.049027345751,307.9057076498859,306.078605140284,Up,439
2026-06-10 18:50:00,312.4201749846301,313.3,309.3,311.575,310.629795980916,308.18730078317253,307.94221802152884,306.078605140284,Up,889
2026-06-10 19:00:00,311.997587492315,311.997587492315,310.1,310.95,310.6589054371963,308.2956419289305,307.9721462004191,306.078605140284,Up,328
2026-06-10 19:10:00,311.4737937461575,311.6,310.3,310.92499999999995,310.68309585199665,308.3987540101489,308.0015278302657,306.078605140284,Up,101
2026-06-10 19:20:00,311.19939687307874,311.6,310.3,311.0,310.7119053199969,308.5007636568097,308.03136337424314,306.078605140284,Up,204
2026-06-10 19:30:00,311.09969843653937,312.8,311.09969843653937,312.1,310.8380957454517,308.64191018007205,308.0718473207681,306.078605140284,Up,264
2026-06-10 19:40:00,311.5998492182697,312.8,311.5998492182697,312.25,310.9664506776833,308.7834038985006,308.1134209792679,306.078605140284,Up,124
2026-06-10 19:50:00,311.92492460913485,312.4,311.4,312.0,311.06040970698484,308.9095449220888,308.1520934073349,306.078605140284,Up,98
2026-06-10 20:00:00,311.96246230456745,312.5,311.0,311.75,311.12309973362255,309.02093531730105,308.1878934729336,306.078605140284,Up,122
2026-06-10 20:10:00,311.8562311522837,312.6,311.1,311.625,311.16872703056595,309.12305550093635,308.2220935378796,306.078605140284,Up,146
2026-06-10 20:20:00,311.74061557614186,312.1,311.4,311.7,311.21702457324176,309.22411214795846,308.25669957232856,306.078605140284,Up,101
2026-06-10 20:30:00,311.7203077880709,311.7203077880709,309.3,310.45,311.1472950665834,309.27218618137186,308.278523457181,306.078605140284,Up,568
2026-06-10 20:40:00,311.08515389403544,311.08515389403544,308.1,309.175,310.9679955150758,309.26837495857296,308.28744362178617,306.078605140284,Up,660
2026-06-10 20:50:00,310.13007694701776,310.2,308.9,309.5,310.8345413773416,309.27745829353086,308.29950885938035,306.078605140284,Up,275
2026-06-10 21:00:00,309.8150384735089,309.9,309.0,309.525,310.71549216121963,309.2871658114316,308.31170280107807,306.078605140284,Up,176
2026-06-10 21:10:00,309.67001923675446,310.6,309.5,310.0,310.6504474192906,309.3151200933362,308.3285017781818,306.078605140284,Up,225
2026-06-10 21:20:00,309.8350096183772,311.3,309.8350096183772,310.675,310.65267947208235,309.36844871712697,308.3518500191949,306.078605140284,Up,169
2026-06-10 21:30:00,310.2550048091886,312.3,310.2550048091886,311.725,310.7501631564385,309.46086249292597,308.38541370059596,306.078605140284,Up,386
2026-06-10 21:40:00,310.9900024045943,312.2,310.9900024045943,311.75,310.84105741494403,309.5506325912426,308.4188921712368,306.078605140284,Up,238
2026-06-10 21:50:00,311.37000120229715,312.0,311.0,311.55,310.9055067408582,309.6290391562919,308.45004747301556,306.078605140284,Up,96
2026-06-10 22:00:00,311.4600006011486,312.3,311.4600006011486,311.725,310.9800061280529,309.71123369918246,308.48263406532385,306.078605140284,Up,188
2026-06-10 22:10:00,311.5925003005744,312.0,310.6,311.25,311.0045510255026,309.7715774756851,308.51017004477336,306.078605140284,Up,224
2026-06-10 22:20:00,311.4212501502872,311.4212501502872,309.3,310.275,310.93822820500236,309.79131953546215,308.5277305418403,306.078605140284,Up,403
2026-06-10 22:30:00,310.8481250751436,311.1,310.0,310.5,310.8983892772749,309.81911092622835,308.5473551135633,306.078605140284,Up,113
2026-06-10 22:40:00,310.6740625375718,310.8,310.1,310.45000000000005,310.8576266157044,309.8438516742194,308.5662869034781,306.078605140284,Up,72
2026-06-10 22:50:00,310.5620312687859,311.2,310.3,310.625,310.83647874154946,309.8744849418971,308.58677161090617,306.078605140284,Up,124
2026-06-10 23:00:00,310.59351563439293,311.3,310.1,310.725,310.8263443104995,309.9078384735874,308.6080475152753,306.078605140284,Up,94
2026-06-10 23:10:00,310.6592578171965,311.5,310.6,311.15,310.85576755499955,309.9565506903094,308.63334057482484,306.078605140284,Up,123
2026-06-10 23:20:00,310.9046289085982,311.7,310.9,311.4,310.90524323181774,310.0131565455914,308.6608695243291,306.1941754446294,Up,142
2026-06-10 23:30:00,311.1523144542992,311.7,310.4,310.95,310.90931202892517,310.0498955045878,308.6836469419975,306.1941754446294,Up,402
2026-06-11 09:00:00,311.0511572271496,311.3,310.2,310.875,310.9061927535683,310.0822525436236,308.70545145003734,306.1941754446294,Up,15
2026-06-11 09:10:00,310.9630786135748,311.9,310.7,311.325,310.9442661396075,310.1309877379913,308.73151660973843,306.27323474427453,Up,165
2026-06-11 09:20:00,311.14403930678736,311.9,311.14403930678736,311.625,311.0061510360068,310.18957645414855,308.76030748924353,306.6773382597478,Up,141
2026-06-11 09:30:00,311.3845196533937,311.9,311.3,311.6,311.0601373054607,310.24488718143687,308.78856313611675,306.97756236941285,Up,144
2026-06-11 09:40:00,311.4922598266968,311.9,311.4922598266968,311.70000000000005,311.1183066413279,310.30195042922367,308.8175326571504,307.34564473161345,Up,72
2026-06-11 09:50:00,311.5961299133484,311.9,311.5,311.65,311.1666424012071,310.35481511827373,308.84571641180565,307.59955892569553,Up,43
2026-06-11 10:00:00,311.62306495667417,311.9,311.4,311.7,311.2151294556428,310.4075674665768,308.874117243529,307.7405081142686,Up,49
2026-06-11 10:10:00,311.6615324783371,311.9,311.5,311.75,311.26375405058434,310.4602118796522,308.9027329923496,308.0004619220624,Up,23
2026-06-11 10:20:00,311.7057662391685,311.8,309.6,310.82500000000005,311.223867318713,310.47451729613647,308.9218600272517,308.0004619220624,Up,267
2026-06-11 10:30:00,311.26538311958427,311.26538311958427,309.4,310.375,311.14669756246633,310.4706146570723,308.93631913145816,308.0004619220624,Up,337
2026-06-11 10:40:00,310.82019155979214,311.0,310.5,310.825,311.11745232951483,310.48451212150087,308.9551119759213,308.0004619220624,Up,70
2026-06-11 10:50:00,310.82259577989606,311.3,310.6,310.875,311.0954112086498,310.4998253716381,308.974215339345,308.0004619220624,Up,118
2026-06-11 11:00:00,310.84879788994806,311.4,310.7,310.9,311.077646553318,310.515518494319,308.99337737576946,308.0004619220624,Up,59
2026-06-11 11:10:00,310.874398944974,310.874398944974,310.1,310.55,311.02967868483455,310.5168707102281,309.00886615810015,308.0004619220624,Up,60
2026-06-11 11:20:00,310.712199472487,310.9,310.5,310.725,311.00198062257687,310.52503264316033,309.025942116726,308.0004619220624,Up,22
2026-06-11 11:30:00,310.7185997362435,310.8,310.0,310.4,310.9472551114335,310.5201294022521,309.03961433447006,308.0004619220624,Up,56
2026-06-11 11:40:00,310.55929986812174,310.6,310.0,310.225,310.8815955558486,310.50855570020303,309.05140921671415,308.0004619220624,Up,109
2026-06-11 11:50:00,310.39214993406085,310.6,310.2,310.3,310.8287232325896,310.50037704529313,309.0638330056026,308.0004619220624,Up,53
2026-06-11 12:00:00,310.3460749670304,310.7,310.2,310.375,310.7874756659905,310.4954602984189,309.07687944335777,308.0004619220624,Up,94
2026-06-11 12:10:00,310.3605374835152,310.9,309.9,310.375,310.7499778781731,310.4907363651476,309.0897960658119,308.0004619220624,Up,147
2026-06-11 12:20:00,310.3677687417576,310.3677687417576,309.4,309.775,310.6613435256119,310.4626682723967,309.09661401540586,308.0004619220624,Up,156
2026-06-11 12:30:00,310.0713843708788,310.0713843708788,308.7,309.125,310.5216759323745,310.41021069308704,309.0968964630138,308.0004619220624,Up,180
2026-06-11 12:40:00,309.5981921854394,309.5981921854394,308.3,308.85,310.3697053930677,310.34902596002485,309.0944397817898,308.0004619220624,Up,299
2026-06-11 12:50:00,309.2240960927197,309.2240960927197,308.6,308.9,310.2360958118797,310.2922014125729,309.09250505759286,308.0004619220624,Up,77
2026-06-11 13:00:00,309.06204804635985,309.06204804635985,308.1,308.425,310.0714507380725,310.2189778277662,309.0858632162238,308.0004619220624,Up,208
2026-06-11 13:10:00,308.74352402318,308.74352402318,307.5,307.95,309.8785915800659,310.1299983051087,309.0745610946693,311.87621341439433,Down,267
2026-06-11 13:20:00,308.34676201159,308.34676201159,307.4,307.675,309.6782650727872,310.03372386177114,309.0606351136279,311.63079573983157,Down,125
2026-06-11 13:30:00,308.010881005795,308.010881005795,306.8,307.425,309.4734227934429,309.9314209652311,309.0443601373729,311.26159244503805,Down,309
2026-06-11 13:40:00,307.7179405028975,307.7179405028975,306.8,307.1,309.2576570849481,309.8203848489475,309.0250132703344,311.0983594726302,Down,154
2026-06-11 13:50:00,307.40897025144875,307.40897025144875,305.8,306.425,309.0001428044983,309.68723250193,308.9991424915251,310.679919054598,Down,351
2026-06-11 14:00:00,306.9169851257244,306.9169851257244,305.4,305.65,308.69558436772576,309.52890965871705,308.9658176906144,310.41506345301065,Down,189
2026-06-11 14:10:00,306.2834925628622,306.2834925628622,304.8,305.17499999999995,308.37553124338706,309.35816810347325,308.9280981116034,309.95080802260685,Down,253
2026-06-11 14:20:00,305.7292462814311,306.3,305.1,305.5,308.11411931217003,309.2068673935332,308.8939876826322,309.95080802260685,Down,384
2026-06-11 14:30:00,305.61462314071554,305.7,305.0,305.375,307.8651084656091,309.05659808398286,308.85897287981993,309.6450923480792,Down,316
2026-06-11 14:40:00,305.4948115703578,305.7,305.1,305.375,307.63873496873555,308.9122216885326,308.82430648300584,309.5228112255265,Down,231
2026-06-11 14:50:00,305.4349057851789,305.4349057851789,305.0,305.275,307.42384997157774,308.7695855438843,308.7889900005879,309.1236106558604,Down,67
2026-06-11 15:00:00,305.35495289258944,305.7,305.2,305.45,307.24440906507067,308.639405718634,308.7557662194875,309.1236106558604,Down,152
2026-06-11 15:10:00,305.4024764462947,305.5,305.0,305.25,307.06309915006426,308.50648784731504,308.72088297352246,308.82533699443877,Down,127
2026-06-11 15:20:00,305.32623822314736,305.7,305.0,305.225,306.8959992273311,308.37780204938116,308.6860980683133,308.82533699443877,Down,163
2026-06-11 15:30:00,305.2756191115737,305.5,305.0,305.25,306.74636293393735,308.2551431454839,308.65190803778285,308.61804710284196,Down,343
2026-06-11 15:40:00,305.2628095557868,305.4,305.0,305.20000000000005,306.6057844853976,308.1353336103669,308.6175606941233,308.4073155480381,Down,197
2026-06-11 15:50:00,305.23140477789343,305.4,305.0,305.175,306.4757131685432,308.01924209623485,308.58330635885847,308.26119595276197,Down,123
2026-06-11 16:00:00,305.2032023889467,305.6,305.1,305.325,306.3711028804938,307.91358554344134,308.55088540006386,308.26119595276197,Down,154
2026-06-11 16:10:00,305.26410119447337,305.5,305.0,305.325,306.27600261863074,307.812072384875,308.51878703787423,308.1270214485636,Down,119
2026-06-11 16:20:00,305.2945505972367,306.0,305.2945505972367,305.675,306.22136601693705,307.72826562468384,308.4904906494377,308.1270214485636,Down,163
2026-06-11 16:30:00,305.4847752986184,306.1,305.4,305.875,306.1898781972155,307.65558854136293,308.46446586685624,308.1270214485636,Down,247
2026-06-11 16:40:00,305.6798876493092,306.1,305.4,305.775,306.1521619974686,307.5818399711134,308.4377050124597,308.1270214485636,Down,200
2026-06-11 16:50:00,305.7274438246546,305.8,304.7,305.27500000000003,306.0724199976987,307.4913756585208,308.40623531084316,308.1270214485636,Down,299
2026-06-11 17:00:00,305.5012219123273,305.5012219123273,303.6,304.3,305.91129090699883,307.3662236719121,308.3653772480487,307.9688280491369,Down,642
2026-06-11 17:10:00,304.90061095616363,304.90061095616363,303.6,304.0,305.73753718818074,307.2342149004646,308.32194065851587,307.8307250012079,Down,241
2026-06-11 17:20:00,304.4503054780818,306.5,304.0,305.3,305.6977610801643,307.15836333574055,308.2918715972371,307.8307250012079,Down,473
2026-06-11 17:30:00,304.8751527390409,307.5,304.8751527390409,306.75,305.7934191637857,307.14234908728014,308.27652959129443,307.8307250012079,Down,580
2026-06-11 17:40:00,305.81257636952046,307.5,305.2,306.425,305.85083560344157,307.11421775052406,308.2581064112816,307.8307250012079,Down,726
2026-06-11 17:50:00,306.1187881847602,306.6,304.9,305.82500000000005,305.8484869122196,307.06366019168,308.23389639723894,307.8307250012079,Down,573
2026-06-11 18:00:00,305.9718940923801,307.5,305.2,306.3,305.88953355656326,307.03371273318277,308.2146536470177,307.8307250012079,Down,567
2026-06-11 18:10:00,306.13594704619004,307.3,305.9,306.525,305.9473032332393,307.0137632142344,308.19784117291806,307.8307250012079,Down,334
2026-06-11 18:20:00,306.330473523095,306.5,305.7,306.025,305.9543665756721,306.97498818622523,308.1762208627398,307.8307250012079,Down,133
2026-06-11 18:30:00,306.1777367615475,306.8,306.0,306.375,305.9926059778837,306.9514592377458,308.1582982670907,307.8307250012079,Down,137
2026-06-11 18:40:00,306.27636838077376,307.6,306.2,306.925,306.07736907080334,306.95042162057933,308.14602664254255,307.8307250012079,Down,248
2026-06-11 18:50:00,306.6006841903869,307.9,306.5,307.125,306.17260824618484,306.957267831537,308.13586717346254,307.8307250012079,Down,174
2026-06-11 19:00:00,306.86284209519346,306.86284209519346,305.5,306.175,306.1728256783498,306.92659066167283,308.1163560573087,307.8307250012079,Down,290
2026-06-11 19:10:00,306.51892104759673,306.51892104759673,304.8,305.275,306.0912051621362,306.8618224004308,308.08808385773347,307.8307250012079,Down,365
2026-06-11 19:20:00,305.8969605237984,305.8969605237984,303.9,304.65,305.9601865110329,306.77508426708056,308.0538740681043,307.8307250012079,Down,520
2026-06-11 19:30:00,305.2734802618992,305.2734802618992,303.9,304.375,305.8160786463935,306.68096331543035,308.01726835598384,307.8307250012079,Down,252
2026-06-11 19:40:00,304.8242401309496,304.8242401309496,303.9,304.375,305.6850714967214,306.5905333814919,307.9810268798049,307.8307250012079,Down,168
2026-06-11 19:50:00,304.5996200654748,304.5996200654748,304.0,304.25,305.5546104515649,306.49874775868835,307.9439022342347,307.8307250012079,Down,127
2026-06-11 20:00:00,304.4248100327374,304.4248100327374,301.1,303.0,305.32237313778626,306.36154196423,307.8947091771776,307.8307250012079,Down,1166
2026-06-11 20:10:00,303.71240501636873,303.71240501636873,301.6,302.3,305.04761194344206,306.20226580877005,307.839040429146,307.8307250012079,Down,900
2026-06-11 20:20:00,303.0062025081844,303.0062025081844,300.9,301.75,304.7478290394928,306.02766714960256,307.77845296218936,307.8307250012079,Down,636
2026-06-11 20:30:00,302.3781012540922,302.3781012540922,300.5,301.175,304.42302639953886,305.83736647706917,307.7127469625656,307.8307250012079,Down,416
2026-06-11 20:40:00,301.7765506270461,301.7765506270461,300.5,300.925,304.1050239995808,305.644724654439,307.64520719179376,307.5278222321063,Down,466
2026-06-11 20:50:00,301.35077531352306,301.35077531352306,300.1,300.57500000000005,303.78411272689164,305.44591192289244,307.5748568714774,306.98889406039103,Down,682
2026-06-11 21:00:00,300.96288765676155,301.2,300.3,300.75,303.50828429717416,305.2617585141516,307.5069478478806,306.77136945784497,Down,516
2026-06-11 21:10:00,300.85644382838075,301.9,300.8,301.225,303.30071299743105,305.1034542586947,307.4444409041206,306.77136945784497,Down,455
2026-06-11 21:20:00,301.0407219141904,302.8,301.0407219141904,301.9,303.17337545221005,304.97782860149096,307.3892723379104,306.77136945784497,Down,426
2026-06-11 21:30:00,301.4703609570952,302.5,301.4703609570952,302.025,303.0689776838273,304.86203140143255,307.3358964937521,306.77136945784497,Down,201
2026-06-11 21:40:00,301.7476804785476,302.6,301.7476804785476,302.04999999999995,302.9763433489339,304.75175566019993,307.28330050873967,306.77136945784497,Down,118
2026-06-11 21:50:00,301.8988402392738,303.7,301.7,302.42499999999995,302.92622122630354,304.6605103401921,307.2349592101453,306.77136945784497,Down,363
2026-06-11 22:00:00,302.1619201196369,302.8,301.8,302.3,302.8692920239123,304.5679413072434,307.1858551384026,306.77136945784497,Down,138
2026-06-11 22:10:00,302.23096005981847,303.2,302.1,302.65,302.8493563853748,304.49272792264566,307.1407222514533,306.77136945784497,Down,116
2026-06-11 22:20:00,302.4404800299092,303.3,302.2,302.77500000000003,302.84259671397706,304.4253660433262,307.0972822290508,306.77136945784497,Down,115
2026-06-11 22:30:00,302.60774001495463,303.0,302.2,302.6,302.82054246725187,304.353783061235,307.0525331521448,306.77136945784497,Down,49
2026-06-11 22:40:00,302.6038700074773,303.0,302.1,302.5,302.7914022429562,304.2810856862846,307.0072343148101,306.77136945784497,Down,67
2026-06-11 22:50:00,302.55193500373866,302.55193500373866,302.0,302.225,302.7399111299602,304.2004548750578,306.9596498937672,306.77136945784497,Down,84
2026-06-11 23:00:00,302.38846750186934,302.5,301.0,301.675,302.6431010272365,304.1014174289771,306.90706631273474,306.6821784807312,Down,189
2026-06-11 23:10:00,302.0317337509347,302.0317337509347,299.3,300.35,302.43463729748777,303.95430301999755,306.841821871812,306.1430232219265,Down,1060
2026-06-11 23:20:00,301.1908668754673,301.1908668754673,299.4,300.0,302.21330663407974,303.799232313331,306.77374404224173,305.925890798321,Down,481
2026-06-11 23:30:00,300.5954334377337,300.5954334377337,299.9,300.2,302.0302787582543,303.6580859481023,306.7083336537617,305.6191992058494,Down,374
2026-06-12 09:00:00,300.39771671886683,300.5,299.0,299.875,301.8343443256857,303.50972963641203,306.6403402840725,305.1786204427114,Down,61
2026-06-12 09:10:00,300.1363583594334,300.1363583594334,299.1,299.325,301.6062221142597,303.34562259184685,306.56755082850964,304.9301462583392,Down,319
2026-06-12 09:20:00,299.7306791797168,299.7306791797168,298.0,298.775,301.34883828569065,303.16638249020576,306.49001300932053,304.32373845395773,Down,667
2026-06-12 09:30:00,299.25283958985835,299.25283958985835,298.2,298.45,301.08530753244605,302.98142631411923,306.4100128798746,304.07145134042247,Down,137
2026-06-12 09:40:00,298.85141979492914,298.85141979492914,298.1,298.425,300.84346139313277,302.8027429292518,306.33056001539825,303.6080730460691,Down,148
2026-06-12 09:50:00,298.6382098974645,299.5,298.5,299.0,300.6758739937571,302.6536157555557,306.2576191197227,303.6080730460691,Down,204
2026-06-12 10:00:00,298.8191049487323,299.8,298.8191049487323,299.3,300.55079453977913,302.5221014122006,306.18838907873044,303.6080730460691,Down,183
2026-06-12 10:10:00,299.0595524743661,299.5,298.8,299.2,300.4279950361628,302.3918229254476,306.11885286899184,303.6080730460691,Down,86
2026-06-12 10:20:00,299.129776237183,299.8,299.129776237183,299.575,300.3504500328753,302.28135928131246,306.0537399051213,303.6080730460691,Down,101
2026-06-12 10:30:00,299.35238811859153,300.0,299.35238811859153,299.725,300.29359093897756,302.1811098977316,305.99076736875196,303.6080730460691,Down,153
2026-06-12 10:40:00,299.5386940592958,300.6,299.4,300.05,300.2714463081614,302.0975369605656,305.93165525563006,303.6080730460691,Down,187
2026-06-12 10:50:00,299.7943470296479,300.7,299.7943470296479,300.475,300.2899511892376,302.0339080601513,305.87736017845964,303.6080730460691,Down,112
2026-06-12 11:00:00,300.134673514824,300.6,299.9,300.225,300.2840465356706,301.96297048916495,305.82111778862424,303.6080730460691,Down,89
2026-06-12 11:10:00,300.179836757412,300.179836757412,299.7,299.925,300.2514059415187,301.88305007782515,305.76244994993147,303.6080730460691,Down,39
2026-06-12 11:20:00,300.052418378706,300.5,300.0,300.225,300.24900540138066,301.8180285061457,305.70735094545455,303.6080730460691,Down,86
2026-06-12 11:30:00,300.138709189353,301.0,300.138709189353,300.65,300.28545945580055,301.77222346668907,305.6570290454998,303.6080730460691,Down,112
2026-06-12 11:40:00,300.3943545946765,300.8,300.0,300.375,300.2935995052732,301.717430389564,305.60447154255957,303.6080730460691,Down,75
2026-06-12 11:50:00,300.38467729733827,300.7,300.0,300.3,300.2941813684302,301.6618448840909,305.55169073119083,303.6080730460691,Down,57
2026-06-12 12:00:00,300.3423386486692,300.7,300.2,300.475,300.31061942584563,301.6153019474599,305.50117639555714,303.6080730460691,Down,19
2026-06-12 12:10:00,300.4086693243346,300.7,300.0,300.325,300.31192675076875,301.5647018710889,305.4496721528153,303.6080730460691,Down,40
2026-06-12 12:20:00,300.3668346621673,300.3668346621673,299.9,300.05,300.28811522797156,301.5053017977129,305.3959440716928,303.45028512370817,Down,55
2026-06-12 12:30:00,300.20841733108364,300.20841733108364,299.3,299.825,300.2460138436105,301.4394076095673,305.34051179237247,303.0998765974127,Down,58
2026-06-12 12:40:00,300.01670866554184,300.01670866554184,299.3,299.54999999999995,300.18273985782776,301.36531319350587,305.28289475961253,302.960491967396,Down,87
2026-06-12 12:50:00,299.7833543327709,299.7833543327709,299.0,299.20000000000005,300.0933998707525,301.2803989506233,305.22236844359645,302.67847659159764,Down,121
2026-06-12 13:00:00,299.49167716638544,299.5,299.1,299.35,300.0258180643204,301.20469703099104,305.1639369167945,302.4334540229202,Down,51
2026-06-12 13:10:00,299.42083858319273,299.7,299.1,299.475,299.97574369483675,301.13686577487374,305.10733057931395,302.4334540229202,Down,60
2026-06-12 13:20:00,299.44791929159635,299.9,299.44791929159635,299.725,299.9529488134879,301.0814984895846,305.0537750511616,302.4334540229202,Down,127
2026-06-12 13:30:00,299.5864596457982,299.8,298.3,299.175,299.8822261940799,301.00673384293424,304.9952797770207,302.27942865110276,Down,338
2026-06-12 13:40:00,299.38072982289907,299.38072982289907,296.6,297.725,299.6861147218908,300.8780383981133,304.92293868471205,301.937383620779,Down,529
2026-06-12 13:50:00,298.55286491144955,298.55286491144955,295.8,296.475,299.3941952017189,300.70537022563826,304.8388795933219,301.7656730683696,Down,440
2026-06-12 14:00:00,297.5139324557248,297.5139324557248,295.3,295.82500000000005,299.0697229106535,300.5139831579662,304.74918924910975,301.3840694959849,Down,416
2026-06-12 14:10:00,296.6694662278624,296.6694662278624,295.6,295.825,298.7747481005941,300.33010146549697,304.6603913461335,301.0482692587198,Down,180
2026-06-12 14:20:00,296.2472331139312,296.2472331139312,295.5,295.725,298.49749827326735,300.1495092511638,304.5714819795053,300.6121887300211,Down,138
2026-06-12 14:30:00,295.9861165569656,296.1,295.7,295.825,298.25454388478846,299.979920653079,304.48445230806743,300.35324743005043,Down,249
2026-06-12 14:40:00,295.9055582784828,296.0,295.7,295.8,298.03140353162587,299.8160021960955,304.3980398472907,300.0074976636823,Down,82
2026-06-12 14:50:00,295.8527791392414,295.8527791392414,295.3,295.525,297.8035486651144,299.6477276001702,304.30975089358634,299.5569434963287,Down,115
2026-06-12 15:00:00,295.6888895696207,296.9,295.5,296.2,297.6577715137404,299.512522596242,304.2290568548442,299.5569434963287,Down,199
2026-06-12 15:10:00,295.94444478481034,297.4,295.94444478481034,296.875,297.58661046703673,299.40909033756583,304.1558821597711,299.5569434963287,Down,206
2026-06-12 15:20:00,296.4097223924052,296.9,296.3,296.54999999999995,297.49237315185155,299.2969691478574,304.0802017402709,299.5569434963287,Down,173
2026-06-12 15:30:00,296.4798611962026,296.4798611962026,295.7,296.125,297.36806650168324,299.17257820088264,304.0010455040494,299.5569434963287,Down,205
2026-06-12 15:40:00,296.3024305981013,296.3024305981013,295.6,295.975,297.24142409243933,299.04718297731864,303.9211843547554,299.5569434963287,Down,174
2026-06-12 15:50:00,296.13871529905066,296.3,295.8,296.075,297.1353855385812,298.9306267821297,303.8431128686384,299.5569434963287,Down,232
2026-06-12 16:00:00,296.1068576495253,296.6,295.8,296.275,297.05716867143747,298.8264845553795,303.76780826298034,299.5569434963287,Down,176
2026-06-12 16:10:00,296.19092882476264,296.6,295.6,296.225,296.98151697403404,298.7244655532078,303.6927554444432,299.5569434963287,Down,64
2026-06-12 16:20:00,296.20796441238133,296.3,295.9,296.1,296.90137906730365,298.621545335435,303.6172056390259,299.5569434963287,Down,32
2026-06-12 16:30:00,296.1539822061907,296.1539822061907,295.3,295.75,296.7967082430033,298.50893571443754,303.53892498590125,299.2555721151853,Down,205
2026-06-12 16:40:00,295.95199110309534,295.95199110309534,294.0,295.0,296.633371130003,298.37133039230275,303.4539605581808,298.89361141820956,Down,522
2026-06-12 16:50:00,295.47599555154767,295.47599555154767,294.4,294.79999999999995,296.46670102727546,298.2312782200556,303.36785149790046,298.8907378551202,Down,249
2026-06-12 17:00:00,295.1379977757738,295.4,294.2,294.825,296.31745547934133,298.0976986820142,303.28284800040893,298.8297637084966,Down,427
2026-06-12 17:10:00,294.9814988878869,296.6,294.6,295.275,296.2226867994012,297.98700461605284,303.2031679208029,298.8297637084966,Down,456
2026-06-12 17:20:00,295.12824944394345,296.1,294.9,295.5,296.1569879994556,297.88947502326647,303.12651948378,298.8297637084966,Down,137
2026-06-12 17:30:00,295.3141247219717,296.8,295.3141247219717,296.225,296.16317090859604,297.82420149294234,303.05784764812046,298.8297637084966,Down,194
2026-06-12 17:40:00,295.7695623609859,296.8,295.4,296.125,296.1597008259964,297.75756614027796,302.98886408943275,298.8297637084966,Down,286
2026-06-12 17:50:00,295.9472811804929,298.0,295.9472811804929,296.9,296.22700075090586,297.72393609556116,302.9282783771001,298.8297637084966,Down,391
2026-06-12 18:00:00,296.42364059024646,300.3,296.42364059024646,298.775,296.45863704627806,297.7651542878921,302.88695222409416,298.8297637084966,Down,970
2026-06-12 18:10:00,297.5993202951232,300.2,297.5993202951232,299.32499999999993,296.71921549661636,297.8263247079748,302.8515099134067,292.5601537691773,Up,891
2026-06-12 18:20:00,298.4621601475616,301.6,298.4621601475616,299.95,297.01292317874214,297.9096060919758,302.8226391679997,293.12191086787175,Up,1334
2026-06-12 18:30:00,299.20608007378075,300.6,298.7,299.79999999999995,297.26629379885645,297.9837391864081,302.7925631563778,293.12191086787175,Up,421
2026-06-12 18:40:00,299.50304003689035,300.5,298.7,299.475,297.4670852716877,298.0422200026274,302.7595525777074,293.12191086787175,Up,232
2026-06-12 18:50:00,299.4890200184452,299.4890200184452,298.3,298.90000000000003,297.59735024698887,298.07585843389694,302.7211490694715,293.12191086787175,Up,276
2026-06-12 19:00:00,299.1945100092226,299.1945100092226,297.2,298.15,297.64759113362624,298.0787659462931,302.67566499912846,293.12191086787175,Up,317
2026-06-12 19:10:00,298.6722550046113,299.3,297.6,298.45000000000005,297.7205373942057,298.0933241444777,302.6336185812267,293.12191086787175,Up,314
2026-06-12 19:20:00,298.5611275023057,299.2,298.3,298.825,297.82094308564155,298.1220173152825,302.59572187892593,293.12191086787175,Up,254
2026-06-12 19:30:00,298.69306375115286,299.8,298.6,299.2,297.94631189603774,298.16429114605575,302.56193360152366,293.12191086787175,Up,201
2026-06-12 19:40:00,298.9465318755764,300.2,298.9465318755764,299.6,298.09664717821613,298.2205934540536,302.53246162538915,293.2748029358777,Up,384
2026-06-12 19:50:00,299.2732659377882,300.5,299.2732659377882,299.8,298.2514974347419,298.2825309656593,302.5052729524997,293.7146723990803,Up,216
2026-06-12 20:00:00,299.5366329688941,300.7,299.5366329688941,300.15,298.4240885770381,298.35576504543735,302.4818374007336,294.084400682396,Up,183
2026-06-12 20:10:00,299.84331648444703,301.5,299.84331648444703,300.725,298.6332623427619,298.4486762201261,302.46435643157207,294.58384987106695,Up,524
2026-06-12 20:20:00,300.2841582422235,301.8,300.2841582422235,301.27500000000003,298.8734203116017,298.55951244678783,302.45252203921814,294.95649268995976,Up,438
2026-06-12 20:30:00,300.77957912111174,302.8,300.5,301.4,299.10310937418336,298.67090411554125,302.4420491831065,295.28128506258906,Up,871
2026-06-12 20:40:00,301.08978956055586,301.08978956055586,300.1,300.475,299.22782670380303,298.7416529737554,302.42247655441895,295.28128506258906,Up,231
2026-06-12 20:50:00,300.782394780278,300.782394780278,299.6,300.275,299.3230242761846,298.8017842296865,302.40110862850435,295.28128506258906,Up,227
2026-06-12 21:00:00,300.528697390139,301.3,300.1,300.65,299.44365843289506,298.87426327950277,302.3836846620516,295.28128506258906,Up,144
2026-06-12 21:10:00,300.5893486950695,300.8,300.3,300.54999999999995,299.5442349389955,298.9399784450125,302.3654390435238,295.28128506258906,Up,82
2026-06-12 21:20:00,300.5696743475347,300.8,300.3,300.55,299.6356681263595,299.0031165452081,302.347374973439,295.28128506258906,Up,66
2026-06-12 21:30:00,300.5598371737674,301.0,300.1,300.5,299.7142437512359,299.06181785716075,302.32899313290727,295.3971589514935,Up,269
2026-06-12 21:40:00,300.5299185868837,300.8,300.4,300.7,299.803857955669,299.12606029413485,302.3127842460127,295.7701445013578,Up,58
2026-06-12 21:50:00,300.61495929344187,301.3,300.5,300.925,299.9057799596991,299.1966069492668,302.29897544754493,296.21831318305243,Up,90
2026-06-12 22:00:00,300.7699796467209,301.6,300.7,301.225,300.0257090542719,299.2761517747858,302.2882891246838,296.5666483482295,Up,139
2026-06-12 22:10:00,300.99748982336047,302.7,300.99748982336047,302.05,300.2097355038835,299.3849301365589,302.2859180886173,297.0629669822018,Up,441
2026-06-12 22:20:00,301.52374491168024,302.3,301.4,301.975,300.3702140944395,299.4865015037527,302.28282437629275,297.1720200641105,Up,169
2026-06-12 22:30:00,301.7493724558401,302.2,300.8,301.625,300.4842855403996,299.5703641898801,302.2762788601107,297.1720200641105,Up,249
2026-06-12 22:40:00,301.68718622792005,301.7,301.1,301.42499999999995,300.56980503672685,299.64309500596323,302.26780842369175,297.1720200641105,Up,87
2026-06-12 22:50:00,301.55609311396,301.9,301.4,301.575,300.66118639702444,299.7188559861215,302.26091480753564,297.3344628580845,Up,135
2026-06-12 23:00:00,301.56554655698,301.8,300.9,301.275,300.71698763365856,299.77988124156775,302.25110470994827,297.3344628580845,Up,126
2026-06-12 23:10:00,301.42027327849,301.42027327849,300.8,300.92499999999995,300.7358978487805,299.8247878595455,302.2379096382075,297.3344628580845,Up,82
2026-06-12 23:20:00,301.17263663924496,301.7,300.9,301.2,300.7780889534368,299.8787177474065,302.2275821791209,297.3344628580845,Up,232
2026-06-12 23:30:00,301.1863183196225,302.1,301.1863183196225,301.55,300.84826268494254,299.9442582279003,302.22084006788583,297.66658548923954,Up,507
2026-06-15 09:00:00,301.3681591598113,301.3681591598113,295.0,296.725,300.47342062267506,299.81801280719833,302.166155092086,304.18096473497087,Down,164
2026-06-15 09:10:00,299.04657957990565,299.04657957990565,294.7,295.32500000000005,300.0053823842501,299.6418162265239,302.0980838971399,303.9055779599778,Down,948
2026-06-15 09:20:00,297.1857897899529,297.1857897899529,294.5,294.875,299.5389839856819,299.45488225685625,302.0262124155763,303.2125349731638,Down,453
2026-06-15 09:30:00,296.03039489497644,296.03039489497644,294.3,294.54999999999995,299.08543998698354,299.26253393305797,301.951822242287,302.4941047531046,Down,200
2026-06-15 09:40:00,295.2901974474882,295.2901974474882,294.6,294.775,298.6935818063487,299.08655221019296,301.88041107569705,301.8769044370274,Down,206
2026-06-15 09:50:00,295.03259872374406,295.03259872374406,294.8,294.9,298.34871073304424,298.9223736921462,301.81095424907323,301.31161318258194,Down,221
2026-06-15 10:00:00,294.966299361872,295.1,294.7,294.9,298.03519157549476,298.76463354735614,301.74218853515214,300.8593762006454,Down,148
2026-06-15 10:10:00,294.933149680936,295.0,294.3,294.675,297.72971961408615,298.6042557611853,301.67186825122025,300.3221601824049,Down,235
2026-06-15 10:20:00,294.80407484046805,294.80407484046805,294.5,294.6,297.44519964916924,298.44722612349176,301.6015014029494,299.91911934622686,Down,57
2026-06-15 10:30:00,294.70203742023403,294.9,294.5,294.7,297.1956360446993,298.3002760794333,301.53282974719866,299.63371084181165,Down,68
2026-06-15 10:40:00,294.701018710117,294.8,294.5,294.65,296.9642145860903,298.1571279978869,301.46434387906737,299.2442825834651,Down,116
2026-06-15 10:50:00,294.67550935505847,294.9,294.5,294.65,296.7538314419003,298.0195935665972,301.39653946236024,299.0220750758774,Down,156
2026-06-15 11:00:00,294.6627546775292,295.1,294.6,294.75,296.57166494718206,297.8913742110444,301.3304047413418,298.9609773417068,Down,142
2026-06-15 11:10:00,294.7063773387646,294.8,294.5,294.625,296.39469540652914,297.76328110472895,301.26368429615434,298.4963430379152,Down,100
2026-06-15 11:20:00,294.6656886693823,294.8,294.6,294.70000000000005,296.24063218775376,297.64315243395527,301.1983740046503,298.26940276174116,Down,75
2026-06-15 11:30:00,294.68284433469114,295.3,294.68284433469114,295.05,296.13239289795797,297.5414601816433,301.1371961538578,298.26940276174116,Down,78
2026-06-15 11:40:00,294.8664221673456,295.9,294.8664221673456,295.52500000000003,296.07717536177995,297.4623833117749,301.08135340605827,298.26940276174116,Down,111
2026-06-15 11:50:00,295.1957110836728,295.9,295.1,295.475,296.02243214707266,297.3844467113131,301.0255687950528,298.26940276174116,Down,168
2026-06-15 12:00:00,295.3353555418364,295.7,295.1,295.3,295.9567564973388,297.3027037030263,300.9685979612712,298.26940276174116,Down,62
2026-06-15 12:10:00,295.3176777709182,295.7,295.2,295.35,295.90159681576256,297.2261270872213,300.91269151389537,298.26940276174116,Down,38
2026-06-15 12:20:00,295.3338388854591,295.6,295.2,295.4,295.8559971052387,297.1545142602714,300.8578388620158,298.26940276174116,Down,23
2026-06-15 12:30:00,295.3669194427296,295.6,295.3,295.525,295.82590645930793,297.0906117402607,300.8047757887619,298.26940276174116,Down,53
2026-06-15 12:40:00,295.4459597213648,295.6,294.6,295.1,295.7599149630072,297.0125485347603,300.74801185056526,298.14174709431916,Down,135
2026-06-15 12:50:00,295.2729798606824,295.2729798606824,294.3,294.54999999999995,295.64992269364285,296.9159780039854,300.68634009085815,297.9055254199704,Down,160
2026-06-15 13:00:00,294.9114899303412,294.9114899303412,294.3,294.525,295.54765699422074,296.8222141606919,300.62503322428245,297.66359174859394,Down,102
2026-06-15 13:10:00,294.7182449651706,294.7182449651706,294.3,294.525,295.4546881765643,296.73212733086086,300.56433637627964,297.4410722730322,Down,80
2026-06-15 13:20:00,294.6216224825853,294.7,294.4,294.575,295.3747165241493,296.64753410219964,300.504740989451,297.3244998094971,Down,54
2026-06-15 13:30:00,294.59831124129266,294.6,294.4,294.525,295.2974695674084,296.5642974707408,300.4452410791082,297.09499982681564,Down,47
2026-06-15 13:40:00,294.5616556206463,294.6,294.3,294.45000000000005,295.2204268794622,296.4813838444373,300.38558693901757,296.91818166074154,Down,92
2026-06-15 13:50:00,294.5058278103232,294.7,294.3,294.44999999999993,295.15038807223834,296.40172173289073,300.3265263724602,296.8892560552195,Down,49
2026-06-15 14:00:00,294.4779139051616,294.5,293.7,294.15,295.05944370203486,296.31341891983624,300.2650683986049,296.5629600501996,Down,372
2026-06-15 14:10:00,294.3139569525808,294.3139569525808,293.8,293.975,294.9608579109408,296.22171621709754,300.20248065334516,296.482926504683,Down,136
2026-06-15 14:20:00,294.1444784762904,294.1444784762904,293.3,293.7,294.8462344644916,296.1228253850545,300.13777935331194,296.23472961897136,Down,174
2026-06-15 14:30:00,293.92223923814515,293.92223923814515,293.5,293.675,294.73975860408325,296.0268322326994,300.07347309108997,296.1487433246037,Down,104
2026-06-15 14:40:00,293.7986196190726,293.8,293.0,293.425,294.62023509462114,295.92479959612297,300.00731912998464,295.9069306413919,Down,286
2026-06-15 14:50:00,293.61180980953634,293.7,293.0,293.35,294.5047591769283,295.8238270629417,299.9410771485918,295.8835733103563,Down,117
2026-06-15 15:00:00,293.4809049047682,293.8,293.4809049047682,293.65000000000003,294.4270537972075,295.73857894282634,299.8784793660187,295.8835733103563,Down,66
2026-06-15 15:10:00,293.5654524523841,293.7,292.7,293.25,294.3200489065523,295.6409876117351,299.81252434745136,295.80625893417874,Down,204
2026-06-15 15:20:00,293.40772622619204,293.40772622619204,292.8,292.975,294.19777173322933,295.5364390779416,299.7444892793176,295.69418077187385,Down,203
2026-06-15 15:30:00,293.19136311309603,293.3,292.6,293.0,294.0888833938448,295.4369708788067,299.6773799332547,295.559379689798,Down,191
2026-06-15 15:40:00,293.095681556548,293.2,292.6,292.95,293.9853485398589,295.33944260904957,299.61044082944125,295.4903451725436,Down,197
2026-06-15 15:50:00,293.02284077827403,293.02284077827403,292.3,292.625,293.8616804907808,295.23299387928296,299.5409339555165,295.2791308290035,Down,170
2026-06-15 16:00:00,292.823920389137,292.9,292.2,292.6,293.74698226434623,295.12973921735033,299.4718699360586,295.18428221806045,Down,164
2026-06-15 16:10:00,292.7119601945685,292.9,292.4,292.67499999999995,293.64952933122385,295.03347493431704,299.40423938943115,295.18428221806045,Down,131
2026-06-15 16:20:00,292.69348009728424,292.8,292.1,292.6,293.55411757383985,294.938044544736,299.33653551490943,295.0469274529426,Down,198
2026-06-15 16:30:00,292.64674004864213,293.1,291.9,292.425,293.45147052167255,294.8394937782757,299.2677640172486,295.0469274529426,Down,314
2026-06-15 16:40:00,292.53587002432107,292.53587002432107,291.6,291.925,293.3127004742478,294.72519990461785,299.19470168871885,294.9511666350067,Down,288
2026-06-15 16:50:00,292.23043501216057,293.6,292.0,292.7,293.2570004311344,294.64578030051524,299.1300777913187,294.9511666350067,Down,311
2026-06-15 17:00:00,292.4652175060803,294.2,292.4652175060803,293.575,293.28590948284943,294.6037889161813,299.0748033854349,294.9511666350067,Down,499
2026-06-15 17:10:00,293.0201087530402,295.0,293.0201087530402,294.2,293.3690086207722,294.5879540567233,299.0262978791122,294.9511666350067,Down,466
2026-06-15 17:20:00,293.6100543765201,294.6,293.6100543765201,294.32500000000005,293.4559169279747,294.57764213293024,298.97951879573793,294.9511666350067,Down,101
2026-06-15 17:30:00,293.9675271882601,296.8,293.9675271882601,295.55,293.64628811634066,294.6157738139918,298.94539423060627,290.7512808954151,Up,809
2026-06-15 17:40:00,294.7587635941301,297.4,294.7587635941301,296.525,293.90798919667327,294.69064542912935,298.92131070592364,290.9075842870078,Up,786
2026-06-15 17:50:00,295.641881797065,296.9,295.641881797065,296.425,294.13680836061206,294.7586593338694,298.89647179342694,291.1118092701405,Up,343
2026-06-15 18:00:00,296.0334408985325,297.5,296.0334408985325,296.725,294.37209850964734,294.83577073254116,298.87486510891523,291.54330656837624,Up,525
2026-06-15 18:10:00,296.37922044926626,297.5,295.9,296.7,294.5837259178612,294.9088777626376,298.8532246600703,291.54330656837624,Up,570
2026-06-15 18:20:00,296.5396102246331,296.9,295.3,296.025,294.7147508344193,294.952647262142,298.82508312116414,291.54330656837624,Up,355
2026-06-15 18:30:00,296.2823051123165,297.3,294.5,295.90000000000003,294.82250075856297,294.9897983499012,298.79597781647595,291.54330656837624,Up,730
2026-06-15 18:40:00,296.09115255615825,298.1,296.09115255615825,297.225,295.04090978051175,295.0774533165718,298.78034619641153,291.54330656837624,Up,726
2026-06-15 18:50:00,296.65807627807914,298.0,296.65807627807914,297.375,295.25309980046524,295.1675531865102,298.76636265216865,291.54330656837624,Up,398
2026-06-15 19:00:00,297.01653813903954,297.1,296.5,296.95000000000005,295.4073634549684,295.237453061549,298.74828939194805,291.54330656837624,Up,327
2026-06-15 19:10:00,296.9832690695198,297.9,296.9,297.275,295.5771485954258,295.31735686305683,298.73362979600824,291.67721910512523,Up,193
2026-06-15 19:20:00,297.1291345347599,298.5,296.9,297.775,295.7769532685689,295.4137350252899,298.72409119107283,291.915653731932,Up,521
2026-06-15 19:30:00,297.4520672673799,298.5,297.4520672673799,298.25,296.00177569869896,295.5249611027295,298.7193738657885,292.33647057812993,Up,280
2026-06-15 19:40:00,297.85103363368995,298.9,297.85103363368995,298.42499999999995,296.22206881699907,295.6386881183087,298.71644477259656,292.8671989967686,Up,344
2026-06-15 19:50:00,298.1380168168449,299.0,298.1,298.55,296.43369892454456,295.7528572117084,298.7147886057051,293.2151656181124,Up,318
2026-06-15 20:00:00,298.3440084084225,300.2,298.0,299.15,296.6806353859496,295.8860784975238,298.7191190673399,293.4501505619204,Up,896
2026-06-15 20:10:00,298.74700420421124,299.9,298.74700420421124,299.45,296.9323958054087,296.0258401250719,298.726391514431,293.7680041417464,Up,278
2026-06-15 20:20:00,299.0985021021056,299.0985021021056,297.5,298.35,297.0612689140079,296.1169836495789,298.7226463252327,293.7680041417464,Up,538
2026-06-15 20:30:00,298.7242510510528,298.7242510510528,297.6,298.075,297.1534262854617,296.1937686044974,298.7162020831906,293.7680041417464,Up,290
2026-06-15 20:40:00,298.3996255255264,299.1,298.2,298.65,297.2894784413288,296.290091404321,298.71554335599467,293.7680041417464,Up,116
2026-06-15 20:50:00,298.5248127627632,299.3,298.3,298.8,297.4267985830262,296.38851919238687,298.71638372061165,293.7680041417464,Up,184
2026-06-15 21:00:00,298.66240638138163,299.2,298.5,298.75,297.5470896209329,296.48112628288146,298.71671821095384,293.7680041417464,Up,184
2026-06-15 21:10:00,298.7062031906908,299.1,298.1,298.57500000000005,297.6405360190299,296.56323897767044,298.71530807950154,293.7680041417464,Up,208
2026-06-15 21:20:00,298.6406015953454,298.6406015953454,297.6,298.02500000000003,297.6754872900272,296.62056293933045,298.70843934239207,293.7680041417464,Up,405
2026-06-15 21:30:00,298.3328007976727,298.3328007976727,297.3,297.67499999999995,297.6754429909338,296.6619134122979,298.6981563638608,293.7680041417464,Up,201
2026-06-15 21:40:00,298.0039003988363,298.0039003988363,297.4,297.775,297.68449362812163,296.7055638667176,298.6889707283995,293.7680041417464,Up,81
2026-06-15 21:50:00,297.8894501994181,297.8894501994181,297.3,297.6,297.6768123892015,296.740639793513,298.6781351987637,293.7680041417464,Up,81
2026-06-15 22:00:00,297.74472509970906,299.5,297.5,298.4,297.7425567174559,296.805712742787,298.67536768434815,293.7680041417464,Up,402
2026-06-15 22:10:00,298.0723625498545,299.4,298.0723625498545,299.075,297.8636879249599,296.89470439993266,298.6793441252999,293.91874162922005,Up,199
2026-06-15 22:20:00,298.57368127492725,299.8,298.57368127492725,299.4,298.0033526590544,296.99295128620986,298.6865148305208,294.36141596861245,Up,359
2026-06-15 22:30:00,298.9868406374636,299.9,298.9868406374636,299.6,298.1485024173222,297.09518849067223,298.6956042351923,294.7246126697629,Up,326
2026-06-15 22:40:00,299.2934203187318,299.8,299.0,299.375,298.2600021975656,297.18459286358706,298.7023643920561,294.81926577366465,Up,206
2026-06-15 22:50:00,299.3342101593659,300.8,299.0,299.875,298.40682017960506,297.29009902579935,298.7140324080556,295.08115070333145,Up,437
2026-06-15 23:00:00,299.604605079683,300.7,299.604605079683,300.3,298.5789274360046,297.40813435812095,298.7298131801147,295.3732050263912,Up,144
2026-06-15 23:10:00,299.9523025398415,300.6,299.9,300.225,298.72857039636784,297.5185996774103,298.7446906609096,295.6508204423179,Up,401
2026-06-15 23:20:00,300.0886512699208,301.2,300.0886512699208,300.775,298.91460945124345,297.6463016508452,298.76489274388564,296.059126498857,Up,516
2026-06-15 23:30:00,300.4318256349604,301.2,300.4318256349604,300.975,299.10191768294857,297.77683884100816,298.78688386086196,296.3682138337354,Up,328
2026-06-16 09:00:00,300.70341281748017,301.9,300.7,301.25,299.2971978935896,297.9130412394,298.81139247916184,296.82027365114106,Up,63
2026-06-16 09:10:00,300.9767064087401,301.5,300.5,301.0,299.45199808508147,298.0340984456981,298.8331696684239,296.82027365114106,Up,425
2026-06-16 09:20:00,300.98835320437,301.0,300.6,300.825,299.5768164409832,298.14354556547465,298.85298887570326,296.82027365114106,Up,192
2026-06-16 09:30:00,300.90667660218503,301.0,300.5,300.825,299.69028767362107,298.2487006413384,298.87261087694003,296.82027365114106,Up,102
2026-06-16 09:40:00,300.8658383010925,301.1,300.7,300.95000000000005,299.80480697601917,298.35463394952126,298.893281415478,297.13612707543274,Up,94
2026-06-16 09:50:00,300.90791915054626,301.1,300.7,300.85,299.8998245236538,298.4524914416969,298.9127512521399,297.3328427958479,Up,61
2026-06-16 10:00:00,300.87895957527314,300.87895957527314,300.3,300.525,299.9566586578671,298.5337662871206,298.92879352823803,297.3328427958479,Up,142
2026-06-16 10:10:00,300.70197978763656,300.70197978763656,300.0,300.175,299.9765078707883,298.59812839350803,298.9411935926337,297.3328427958479,Up,110
2026-06-16 10:20:00,300.4384898938183,300.4384898938183,299.8,300.0,299.9786435188984,298.65310375062535,298.9517289797717,297.3328427958479,Up,149
2026-06-16 10:30:00,300.2192449469092,300.2192449469092,299.8,299.92499999999995,299.9737668353622,298.70298203491456,298.9614132685302,297.3328427958479,Up,96
2026-06-16 10:40:00,300.07212247345456,300.07212247345456,299.8,299.9,299.9670607594202,298.7499239158983,298.9707524399876,297.3328427958479,Up,47
2026-06-16 10:50:00,299.98606123672727,300.0,299.8,299.9,299.96096432674557,298.79502493880426,298.97999868436585,297.3328427958479,Up,55
2026-06-16 11:00:00,299.94303061836365,300.2,299.9,299.975,299.9622402970414,298.84129847061587,298.9898991949692,297.4120382432535,Up,70
2026-06-16 11:10:00,299.95901530918184,299.95901530918184,299.6,299.8,299.9474911791285,298.87889460902306,298.9979598994969,297.4120382432535,Up,87
2026-06-16 11:20:00,299.8795076545909,300.0,299.7,299.8,299.9340828901168,298.91501638906135,299.0059403980094,297.4368084654988,Up,53
2026-06-16 11:30:00,299.83975382729545,300.8,299.7,300.275,299.9650753546517,298.9683490796864,299.0185678567357,297.6561895140898,Up,167
2026-06-16 11:40:00,300.0573769136477,302.4,300.0573769136477,301.55,300.10915941331973,299.0695902922477,299.0437562362706,298.0188159836865,Up,519
2026-06-16 11:50:00,300.80368845682386,304.2,300.80368845682386,302.9,300.36287219392705,299.2198024376498,299.08212682098434,298.3487559644048,Up,1122
2026-06-16 12:00:00,301.8518442284119,303.6,301.8518442284119,303.20000000000005,300.62079290357,299.3758886165655,299.1231006834621,298.3487559644048,Up,516
2026-06-16 12:10:00,302.525922114206,303.6,302.525922114206,303.25,300.8598117305182,299.52781455317074,299.1641643582535,298.6621801956223,Up,187
2026-06-16 12:20:00,302.887961057103,303.9,302.887961057103,303.55,301.1043743004711,299.6855473157915,299.2078045138928,299.0252564934246,Up,258
2026-06-16 12:30:00,303.21898052855147,303.7,303.2,303.475,301.3198857277009,299.8341533034075,299.25026417047104,299.29661451352104,Up,173
2026-06-16 12:40:00,303.34699026427575,304.2,303.34699026427575,303.725,301.53853247972813,299.98673552680333,299.2947889050932,299.6875047859846,Up,336
2026-06-16 12:50:00,303.5359951321379,303.8,302.4,303.2,301.689574981571,300.1127458983012,299.33364672693307,299.6875047859846,Up,288
2026-06-16 13:00:00,303.36799756606894,303.36799756606894,301.8,302.4,301.75415907415544,300.20244213758355,299.3641577047745,299.6875047859846,Up,202
2026-06-16 13:10:00,302.8839987830345,303.0,302.0,302.525,301.82423552195945,300.2935228380705,299.39560887189117,299.6875047859846,Up,188
2026-06-16 13:20:00,302.70449939151723,303.3,302.70449939151723,303.04999999999995,301.93566865632675,300.4016199816756,299.4319709726684,299.6875047859846,Up,91
2026-06-16 13:30:00,302.87724969575856,303.2,302.5,303.0,302.03242605120613,300.50351723729614,299.46747374905976,299.6875047859846,Up,106
2026-06-16 13:40:00,302.9386248478793,303.9,302.9386248478793,303.325,302.1499327738237,300.6141636201473,299.5058570948403,299.6875047859846,Up,307
2026-06-16 13:50:00,303.13181242393966,303.13181242393966,302.7,302.925,302.22039343074886,300.7047846546513,299.5398784172797,299.6875047859846,Up,105
2026-06-16 14:00:00,303.0284062119698,303.1,302.4,302.725,302.2662667552262,300.7840087858414,299.57157116934656,299.6875047859846,Up,84
2026-06-16 14:10:00,302.8767031059849,302.8767031059849,302.4,302.575,302.29433341384197,300.8542437354163,299.6014560333332,299.6875047859846,Up,307
2026-06-16 14:20:00,302.7258515529925,302.8,302.4,302.55,302.3175758307654,300.9207439810862,299.63079477927016,299.6875047859846,Up,152
2026-06-16 14:30:00,302.6379257764962,302.7,302.3,302.525,302.3364325734231,300.98365598182795,299.659592841168,299.6875047859846,Up,81
2026-06-16 14:40:00,302.5814628882481,302.9,302.5,302.65,302.3649387031119,301.04900280607,299.6893481362808,299.6875047859846,Up,75
2026-06-16 14:50:00,302.61573144412404,302.7,302.1,302.425,302.3703988210108,301.10296348034177,299.71656855283527,299.6875047859846,Up,52
2026-06-16 15:00:00,302.520365722062,302.9,302.3,302.55,302.3867262009189,301.15971001052446,299.7447619005683,299.6875047859846,Up,25
2026-06-16 15:10:00,302.535182861031,302.9,302.3,302.625,302.40838745538076,301.21717236305295,299.7734209861348,299.6875047859846,Up,93
2026-06-16 15:20:00,302.5800914305155,304.3,302.3,303.25,302.48489768670976,301.2968910939136,299.8080138121434,299.8739086190305,Up,433
2026-06-16 15:30:00,302.91504571525775,304.0,302.91504571525775,303.825,302.60672516973614,301.3960326196425,299.84798382396286,299.9483654986594,Up,211
2026-06-16 15:40:00,303.3700228576289,305.0,303.3700228576289,304.375,302.7674774270329,301.5128548698526,299.89302876103784,300.4021494143436,Up,774
2026-06-16 15:50:00,303.87251142881445,305.2,303.87251142881445,304.625,302.9363431154844,301.6348997769172,299.9401130519728,300.61456712991173,Up,452
2026-06-16 16:00:00,304.24875571440725,304.6,304.2,304.40000000000003,303.06940283225856,301.7433350797832,299.9844900365303,300.6802831050041,Up,147
2026-06-16 16:10:00,304.3243778572037,304.5,303.6,304.1,303.16309348387136,301.83575331194857,300.02544038442556,300.6802831050041,Up,236
2026-06-16 16:20:00,304.21218892860185,304.21218892860185,303.2,303.52500000000003,303.19599407624673,301.9019982801074,300.0602618731378,300.6802831050041,Up,181
2026-06-16 16:30:00,303.86859446430094,303.9,302.8,303.19999999999993,303.1963582511334,301.9529003083385,300.0915030485295,300.6802831050041,Up,209
2026-06-16 16:40:00,303.53429723215044,303.8,302.5,303.125,303.189871137394,301.99886500212915,300.12168709779786,300.6802831050041,Up,318
2026-06-16 16:50:00,303.32964861607525,303.7,302.7,303.275,303.19761012490363,302.04890951184956,300.15306334558096,300.6802831050041,Up,209
2026-06-16 17:00:00,303.3023243080376,303.8,303.3,303.575,303.23191829536694,302.1087561976594,300.18711246652043,300.6802831050041,Up,159
2026-06-16 17:10:00,303.4386621540188,304.2,302.9,303.575,303.2631075412427,302.1662559546139,300.22082279023664,300.6802831050041,Up,283
2026-06-16 17:20:00,303.5068310770094,304.0,303.0,303.5,303.2846432193115,302.21855964266825,300.2534514191895,300.6802831050041,Up,194
2026-06-16 17:30:00,303.50341553850467,303.6,302.1,302.825,303.2428574721013,302.24234161746557,300.2790389672573,300.6802831050041,Up,328
2026-06-16 17:40:00,303.1642077692524,303.1642077692524,301.2,301.8,303.11168861100117,302.2249948873689,300.2941729078816,300.6802831050041,Up,768
2026-06-16 17:50:00,302.4821038846262,302.6,300.6,301.625,302.97653510091016,302.20146567609953,300.3074149684997,300.6802831050041,Up,749
2026-06-16 18:00:00,302.0535519423131,303.6,302.0,302.475,302.93094100082743,302.21219251233094,300.3289829787634,300.6802831050041,Up,611
2026-06-16 18:10:00,302.26427597115656,302.7,300.9,301.9,302.83721909166127,302.19994966871013,300.344614988925,300.6802831050041,Up,412
2026-06-16 18:20:00,302.08213798557824,302.6,301.4,302.0,302.76110826514656,302.1921085052313,300.36108648157256,300.6802831050041,Up,386
2026-06-16 18:30:00,302.0410689927891,304.0,301.0,302.15,302.70555296831503,302.1904571913007,300.3788866160843,300.6802831050041,Up,1000
2026-06-16 18:40:00,302.0955344963945,302.4,299.2,301.02500000000003,302.55277542574095,302.1447529877203,300.385315604979,300.6802831050041,Up,1237
2026-06-16 18:50:00,301.5602672481973,301.9,300.2,301.04999999999995,302.41615947794634,302.1018214980058,300.39192938005385,300.6802831050041,Up,368
2026-06-16 19:00:00,301.30513362409863,302.2,300.8,301.44999999999993,302.328326798133,302.076259870633,300.402457445924,300.6802831050041,Up,303
2026-06-16 19:10:00,301.3775668120493,304.0,301.3775668120493,302.65,302.3575698164845,302.0987594835494,300.42482105342725,300.6802831050041,Up,827
2026-06-16 19:20:00,302.01378340602463,304.4,302.01378340602463,303.5,302.461427105895,302.1537100920376,300.45541984891554,300.6802831050041,Up,700
2026-06-16 19:30:00,302.75689170301234,303.7,302.7,303.375,302.5444791871772,302.2016038139185,300.48447039768257,300.6802831050041,Up,294
2026-06-16 19:40:00,303.06594585150617,304.1,303.06594585150617,303.75,302.65407198834293,302.2623252329806,300.51696322954643,300.6802831050041,Up,348
2026-06-16 19:50:00,303.4079729257531,305.5,303.4079729257531,304.4,302.8127927166754,302.34615561600094,300.555600411342,300.6802831050041,Up,1024
2026-06-16 20:00:00,303.90398646287656,304.8,303.7,304.15,302.93435701515943,302.4168946114519,300.59136558137845,300.6802831050041,Up,214
2026-06-16 20:10:00,304.02699323143827,304.8,303.7,304.225,303.0516881955995,302.48780070512043,300.6275211477329,300.6802831050041,Up,240
2026-06-16 20:20:00,304.12599661571915,305.5,304.1,304.8,303.2106256323632,302.57847518727255,300.66903835024306,300.6802831050041,Up,728
2026-06-16 20:30:00,304.4629983078596,305.2,304.4629983078596,304.82500000000005,303.357386938512,302.66657419953634,300.71039120247946,300.6802831050041,Up,251
2026-06-16 20:40:00,304.6439991539298,306.5,304.6,305.32500000000005,303.5362608531927,302.7708261917114,300.7563077079275,300.6802831050041,Up,992
2026-06-16 20:50:00,304.98449957696494,307.1,304.98449957696494,306.27500000000003,303.7852371392661,302.90824477242865,300.81122006904263,300.6802831050041,Up,877
2026-06-16 21:00:00,305.6297497884825,307.8,305.6297497884825,307.25,304.10021558115096,303.0785096833138,300.87528753104226,300.6802831050041,Up,876
2026-06-16 21:10:00,306.43987489424126,308.0,306.43987489424126,307.3,304.3911050737736,303.2440583231839,300.93921501829556,300.731958044948,Up,1031
2026-06-16 21:20:00,306.8699374471206,307.2,306.6,306.875,304.6169137034305,303.386448192863,300.9982775554269,300.74729145257027,Up,278
2026-06-16 21:30:00,306.8724687235603,306.8724687235603,305.3,306.1,304.75173973039136,303.4928619892213,301.0490409628356,300.74729145257027,Up,560
2026-06-16 21:40:00,306.48623436178013,307.3,305.8,306.55,304.91521793671944,303.61274975434986,301.10377687365315,300.74729145257027,Up,266
2026-06-16 21:50:00,306.51811718089004,307.4,306.51811718089004,307.2,305.1229253970177,303.75342623457146,301.1644358102337,301.0465568384699,Up,204
2026-06-16 22:00:00,306.859058590445,307.3,306.4,306.85,305.279932179107,303.8748604998824,301.2210085882414,301.14772568002263,Up,211
2026-06-16 22:10:00,306.8545292952225,307.4,306.5,306.975,305.4340292537336,303.9964345979263,301.2782622341295,301.4388415272933,Up,274
2026-06-16 22:20:00,306.91476464761126,308.3,306.91476464761126,307.725,305.64229932157605,304.142652848988,301.34240887856606,302.09351631138543,Up,875
2026-06-16 22:30:00,307.31988232380564,308.9,307.31988232380564,308.29999999999995,305.88390847416,304.3056860705963,301.4116386409684,302.52274745017746,Up,587
2026-06-16 22:40:00,307.8099411619028,309.3,307.8099411619028,308.675,306.1376440674182,304.47703171488666,301.4839108932971,302.93386399280206,Up,646
2026-06-16 22:50:00,308.24247058095136,308.9,308.2,308.575,306.3592218794711,304.63773635351856,301.5544689938613,303.1853576471369,Up,205
2026-06-16 23:00:00,308.40873529047565,309.5,308.40873529047565,308.975,306.5970198904282,304.8078251239688,301.6283051232756,303.68059652098987,Up,574
2026-06-16 23:10:00,308.69186764523783,310.2,308.69186764523783,309.65,306.8745635367529,304.99771433479356,301.7081229827455,304.1031846715709,Up,705
2026-06-16 23:20:00,309.1709338226189,309.9,308.0,308.95,307.0632395788662,305.15270592950753,301.78018146052915,304.1031846715709,Up,562
2026-06-16 23:30:00,309.06046691130945,309.06046691130945,308.0,308.225,307.1688541626056,305.273188049919,301.8443090081856,304.1031846715709,Up,430
2026-06-17 09:00:00,308.6427334556547,310.1,308.6427334556547,309.25,307.35804923873235,305.4291414597261,301.91799747576584,304.1031846715709,Up,52
2026-06-17 09:10:00,308.9463667278273,310.0,308.0,308.875,307.495953853393,305.5642731671879,301.9872213814796,304.1031846715709,Up,281
2026-06-17 09:20:00,308.9106833639137,309.2,308.5,308.725,307.6076853212664,305.6882232390629,302.0542639547983,304.1031846715709,Up,205
2026-06-17 09:30:00,308.81784168195685,308.81784168195685,307.2,308.225,307.6638048375149,305.78770468066824,302.11566431345705,304.1031846715709,Up,325
2026-06-17 09:40:00,308.5214208409784,308.5214208409784,308.1,308.25,307.71709530683165,305.88426528142634,302.1767024794923,304.1031846715709,Up,105
2026-06-17 09:50:00,308.3857104204892,308.8,308.3,308.55,307.7928139153015,305.988803897841,302.24011837521874,304.1031846715709,Up,116
2026-06-17 10:00:00,308.4678552102446,309.2,308.4678552102446,308.85,307.88892174118314,306.1010076665532,302.3058883416345,304.1031846715709,Up,168
2026-06-17 10:10:00,308.6589276051223,308.9,308.2,308.54999999999995,307.9490197647119,306.19704658159037,302.3680188058969,304.1031846715709,Up,199
2026-06-17 10:20:00,308.6044638025611,308.7,308.2,308.5,307.9991088770108,306.28735848035154,302.42903354414665,304.1031846715709,Up,54
2026-06-17 10:30:00,308.5522319012805,309.0,308.4,308.75,308.0673717063735,306.3839326575927,302.4919287327621,304.4900398709395,Up,90
2026-06-17 10:40:00,308.65111595064025,309.0,308.3,308.725,308.1271560967032,306.47573922004005,302.55394934238643,304.5682180644904,Up,149
2026-06-17 10:50:00,308.68805797532013,308.7,307.9,308.29999999999995,308.14286917882106,306.54727885846984,302.6111239757955,304.5682180644904,Up,136
2026-06-17 11:00:00,308.49402898766004,308.49402898766004,307.6,307.75,308.10715379892827,306.5944443934318,302.6622570705638,304.5682180644904,Up,121
2026-06-17 11:10:00,308.12201449383,308.7,307.5,308.125,308.10877618084385,306.65446618192465,302.716612721603,304.5682180644904,Up,167
2026-06-17 11:20:00,308.123507246915,308.7,308.123507246915,308.475,308.1420692553126,306.72585966498644,302.7739101074577,304.5682180644904,Up,84
2026-06-17 11:30:00,308.2992536234575,309.4,308.2992536234575,308.75,308.1973356866478,306.80523771733993,302.83337368847805,304.9145251732535,Up,325
2026-06-17 11:40:00,308.52462681172875,309.7,308.52462681172875,309.225,308.29075971513436,306.9001303558756,302.89697196023445,305.10753984787914,Up,377
2026-06-17 11:50:00,308.8748134058644,309.9,308.8748134058644,309.475,308.3984179228494,307.0011056360373,302.9624249755555,305.37390834326,Up,214
2026-06-17 12:00:00,309.1749067029322,309.7,309.1,309.475,308.49628902077217,307.09812110129076,303.0272267170923,305.5331833093889,Up,146
2026-06-17 12:10:00,309.3249533514661,309.5,308.6,309.125,308.55344456433835,307.17760654829897,303.08790107811626,305.5331833093889,Up,170
2026-06-17 12:20:00,309.22497667573305,309.22497667573305,307.3,308.175,308.51904051303484,307.2167200169931,303.1385189778365,305.5331833093889,Up,408
2026-06-17 12:30:00,308.69998833786656,308.69998833786656,307.1,307.475,308.4241277391226,307.2268486437777,303.18166804273363,305.5331833093889,Up,248
2026-06-17 12:40:00,308.0874941689333,308.4,307.7,307.9,308.3764797628387,307.2532467361786,303.2286166194229,305.5331833093889,Up,357
2026-06-17 12:50:00,307.99374708446663,307.99374708446663,307.4,307.65,308.31043614803514,307.268805687701,303.27261048390625,305.5331833093889,Up,170
2026-06-17 13:00:00,307.82187354223333,308.3,307.3,307.75,308.2594874073047,307.2876760528892,303.3171616233699,305.5331833093889,Up,100
2026-06-17 13:10:00,307.78593677111667,308.4,307.5,307.875,308.2245340066406,307.3107083645406,303.36251324900803,305.5331833093889,Up,132
2026-06-17 13:20:00,307.83046838555833,308.3,307.7,307.925,308.1973036424006,307.3347982325978,303.40791112712736,305.5331833093889,Up,91
2026-06-17 13:30:00,307.87773419277914,308.0,307.7,307.925,308.1725487658187,307.3579433999469,303.4528572850664,305.5331833093889,Up,75
2026-06-17 13:40:00,307.90136709638955,308.4,307.9,308.1,308.16595342347154,307.38704365877254,303.4990975110856,305.5331833093889,Up,59
2026-06-17 13:50:00,308.0006835481948,309.5,308.0006835481948,308.75,308.2190485667923,307.44049292705597,303.551345297045,305.5331833093889,Up,350
2026-06-17 14:00:00,308.37534177409736,309.9,308.37534177409736,309.55,308.34004415162934,307.5232186946224,303.611033403542,305.5331833093889,Up,884
2026-06-17 14:10:00,308.9626708870487,310.0,308.9626708870487,309.7,308.4636765014812,307.60858266738234,303.67162013584505,305.5331833093889,Up,275
2026-06-17 14:20:00,309.3313354435244,309.9,309.0,309.45,308.55334227407377,307.6807951117987,303.72911645290134,305.5331833093889,Up,117
2026-06-17 14:30:00,309.39066772176216,309.8,309.0,309.375,308.6280384309761,307.7472345191792,303.78529439864366,305.5331833093889,Up,118
2026-06-17 14:40:00,309.3828338608811,309.7,309.2,309.5,308.70730766452374,307.8159704203878,303.84215714094574,305.73765640989365,Up,72
2026-06-17 14:50:00,309.44141693044054,309.9,309.2,309.6,308.78846151320334,307.8859323646863,303.89944910969257,305.92059673626693,Up,180
2026-06-17 15:00:00,309.5207084652203,309.9,309.5,309.79999999999995,308.88041955745757,307.96099384058095,303.95816105884984,306.25508794206087,Up,69
2026-06-17 15:10:00,309.66035423261013,310.0,309.5,309.825,308.9662905067796,308.0340921213425,304.016537565727,306.43644358369176,Up,210
2026-06-17 15:20:00,309.74267711630506,310.9,309.74267711630506,310.275,309.08526409707235,308.12197086168203,304.07881082377946,306.8881698583469,Up,506
2026-06-17 15:30:00,310.00883855815255,311.4,310.00883855815255,310.9,309.25024008824755,308.23091318083175,304.1466833528961,307.0774799367629,Up,413
2026-06-17 15:40:00,310.45441927907626,311.6,310.4,310.975,309.4070364438614,308.33852442864224,304.2146268021211,307.26641877971514,Up,406
2026-06-17 15:50:00,310.7147096395381,311.0,310.2,310.55,309.5109422216922,308.42524896085234,304.27766534140346,307.26641877971514,Up,196
2026-06-17 16:00:00,310.63235481976903,310.63235481976903,310.3,310.475,309.59858383790197,308.50563135454445,304.33933036288204,307.26641877971514,Up,62
2026-06-17 16:10:00,310.55367740988453,310.8,310.0,310.375,309.6691671253654,308.5789399288761,304.39938677718175,307.26641877971514,Up,189
2026-06-17 16:20:00,310.4643387049423,312.4,309.7,311.075,309.7969701139685,308.6768246375476,304.46581078934906,307.26641877971514,Up,860
2026-06-17 16:30:00,310.7696693524712,313.3,310.7696693524712,312.575,310.0495182854259,308.8296942596046,304.5464992392063,307.37397558104095,Up,847
2026-06-17 16:40:00,311.67233467623555,314.2,311.67233467623555,313.275,310.34274389584175,309.00401997491423,304.63334999304504,307.7798716792992,Up,993
2026-06-17 16:50:00,312.47366733811776,313.4,312.47366733811776,312.875,310.57294899621974,309.1558231131529,304.7153564607759,307.9124439203575,Up,413
2026-06-17 17:00:00,312.6743336690589,313.7,312.1,312.7,310.76631726929065,309.29481044204886,304.79480565022095,307.9124439203575,Up,446
2026-06-17 17:10:00,312.6871668345294,313.7,312.2,312.9,310.96028842662787,309.4361904247136,304.8754543502188,307.9124439203575,Up,412
2026-06-17 17:20:00,312.7935834172647,314.3,311.6,312.825,311.1298076605708,309.569084917862,304.95455430693306,307.9124439203575,Up,1161
2026-06-17 17:30:00,312.8092917086324,312.8092917086324,308.7,310.4,311.0634615096098,309.60166982304395,305.0087378461676,307.9124439203575,Up,1790
2026-06-17 17:40:00,311.6046458543162,311.6046458543162,306.6,307.9,310.77587409964525,309.5349376731207,305.0375066238177,317.0241989458248,Down,2399
2026-06-17 17:50:00,309.75232292715805,309.75232292715805,306.5,307.125,310.44397645422293,309.4404303133905,305.0582777021877,316.5105298176972,Down,1042
2026-06-17 18:00:00,308.438661463579,308.438661463579,306.3,307.20000000000005,310.14906950383903,309.3525703011007,305.07958837181764,315.769178858653,Down,809
2026-06-17 18:10:00,307.81933073178953,307.81933073178953,305.2,306.42499999999995,309.81051773076274,309.2377636226261,305.0929755521976,315.0983748382395,Down,1372
2026-06-17 18:20:00,307.1221653658947,308.2,305.4,306.5,309.5095615734207,309.13040034330743,305.1069757954593,315.0983748382395,Down,1247
2026-06-17 18:30:00,306.81108268294736,307.9,305.3,306.35,309.2223287031097,309.0213650357267,305.1193441955045,315.0983748382395,Down,1193
2026-06-17 18:40:00,306.5805413414737,306.5805413414737,303.5,304.525,308.7952988210088,308.84503699511,305.11343032291245,314.3142687786392,Down,2093
2026-06-17 18:50:00,305.55277067073683,305.55277067073683,302.3,303.0,308.2684534736444,308.61581985804685,305.0924011654705,313.5401184046385,Down,1945
2026-06-17 19:00:00,304.27638533536845,304.27638533536845,300.7,302.0,307.69859406694945,308.356375942045,305.0616310046201,312.52845376170006,Down,1704
2026-06-17 19:10:00,303.1381926676842,303.1381926676842,300.2,300.975,307.0873582426813,308.06691021882756,305.0209680095493,311.8650401166508,Down,1647
2026-06-17 19:20:00,302.0565963338421,302.0565963338421,299.7,300.29999999999995,306.4703256751648,307.76232550436373,304.97399320348416,311.0042820908715,Down,1521
2026-06-17 19:30:00,301.178298166921,301.178298166921,299.5,299.875,305.8707506137862,307.45301862183965,304.92325695270324,310.1548792568413,Down,991
2026-06-17 19:40:00,300.5266490834605,301.0,299.5,300.25,305.3597732852602,307.1705473033361,304.8767568835221,309.7188456121644,Down,761
2026-06-17 19:50:00,300.38832454173024,301.7,300.38832454173024,300.95,304.958884804782,306.92660427183273,304.8376846757259,309.7188456121644,Down,747
2026-06-17 20:00:00,300.6691622708651,301.9,300.6691622708651,301.225,304.61944073161993,306.7030119474471,304.8017375645246,309.7188456121644,Down,422
2026-06-17 20:10:00,300.94708113543254,302.3,300.94708113543254,301.85,304.36767339238173,306.51269775342956,304.77236704149453,309.7188456121644,Down,388
2026-06-17 20:20:00,301.3985405677163,304.2,301.3985405677163,302.85,304.2297030839834,306.36906254741274,304.7532390112309,309.7188456121644,Down,1086
2026-06-17 20:30:00,302.1242702838581,303.0,301.7,302.45,304.06791189453037,306.21537382006323,304.73032121012415,309.7188456121644,Down,401
2026-06-17 20:40:00,302.28713514192907,303.2,302.1,302.75,303.9481017223003,306.07947680751175,304.71061652146625,309.7188456121644,Down,243
2026-06-17 20:50:00,302.51856757096454,304.0,302.1,302.925,303.85509247481843,305.95577183466816,304.6928491928944,309.7188456121644,Down,419
2026-06-17 21:00:00,302.7217837854823,302.7217837854823,301.0,301.925,303.6796295225622,305.79770235095566,304.66530840490543,309.7188456121644,Down,422
2026-06-17 21:10:00,302.32339189274114,302.32339189274114,300.9,301.5,303.48148138414746,305.6291650038594,304.6338127988865,309.3616751826962,Down,324
2026-06-17 21:20:00,301.91169594637057,302.1,301.3,301.675,303.3172558037704,305.4740997095904,304.6043718755145,309.0363447602961,Down,202
2026-06-17 21:30:00,301.7933479731853,303.3,301.7933479731853,302.65,303.2565961852458,305.3633507013712,304.584925389191,309.0363447602961,Down,307
2026-06-17 21:40:00,302.22167398659263,303.3,301.9,302.625,303.19917835022346,305.2559643993566,304.565423644025,309.0363447602961,Down,244
2026-06-17 21:50:00,302.4233369932963,302.4233369932963,301.7,302.04999999999995,303.0947075911122,305.13024030526424,304.5403945530397,308.8611010738804,Down,151
2026-06-17 22:00:00,302.2366684966481,303.5,302.1,302.70000000000005,303.05882508282923,305.0349367638813,304.52208216942734,308.8611010738804,Down,337
2026-06-17 22:10:00,302.4683342483241,303.9,302.4683342483241,303.4,303.0898409843902,304.97082159667025,304.5109171727166,308.8611010738804,Down,379
2026-06-17 22:20:00,302.93416712416206,303.7,302.93416712416206,303.4,303.1180372585365,304.909220749742,304.4998632705005,308.8611010738804,Down,196
2026-06-17 22:30:00,303.167083562081,303.5,302.7,303.05,303.111852053215,304.8363101321051,304.48543677029653,308.8611010738804,Down,211
2026-06-17 22:40:00,303.1085417810405,303.1085417810405,302.1,302.5,303.05622913928636,304.7446901269245,304.4656811805424,308.43881462419705,Down,362
2026-06-17 22:50:00,302.80427089052023,302.80427089052023,301.9,302.15,302.9738446720785,304.6429375729275,304.44263957675594,307.98509189060997,Down,316
2026-06-17 23:00:00,302.4771354452601,302.5,301.7,302.075,302.8921315200713,304.5422341386951,304.41908097400216,307.5117785866817,Down,215
2026-06-17 23:10:00,302.27606772263005,302.27606772263005,301.8,301.95,302.8064832000648,304.44057789796193,304.39451300411156,307.1309481119821,Down,144
2026-06-17 23:20:00,302.113033861315,302.2,301.5,301.85,302.7195301818771,304.33898660784575,304.3691944667572,306.7344675006064,Down,280
2026-06-17 23:30:00,301.9815169306575,301.9815169306575,301.3,301.525,302.61093652897915,304.2286341918518,304.340894024302,306.3290078043009,Down,457
2026-06-18 09:00:00,301.7532584653287,305.0,301.7532584653287,304.05,302.7417604808901,304.2216289294263,304.3379995563985,306.3290078043009,Down,180
2026-06-18 09:10:00,302.9016292326644,304.2,302.9016292326644,303.75,302.833418618991,304.20313367729193,304.33214881454376,306.3290078043009,Down,580
2026-06-18 09:20:00,303.3258146163322,304.0,303.2,303.575,302.9008351081737,304.1785009840648,304.32461499549356,306.3290078043009,Down,292
2026-06-18 09:30:00,303.45040730816606,303.9,303.1,303.45,302.95075918924874,304.149932318023,304.3159123587225,306.3290078043009,Down,230
2026-06-18 09:40:00,303.450203654083,303.450203654083,302.6,302.90000000000003,302.9461447174989,304.10091536437506,304.30182367853627,306.3290078043009,Down,197
2026-06-18 09:50:00,303.17510182704154,303.17510182704154,302.3,302.54999999999995,302.9101315613626,304.0400951540074,304.2843925971578,306.3290078043009,Down,228
2026-06-18 10:00:00,302.86255091352075,302.86255091352075,302.3,302.42499999999995,302.86602869214784,303.9767580891444,304.26589117828064,306.3290078043009,Down,113
2026-06-18 10:10:00,302.64377545676035,302.7,301.3,302.125,302.7986624474071,303.9041401248643,304.24458877849673,306.3290078043009,Down,270
2026-06-18 10:20:00,302.38438772838015,302.5,301.7,302.15,302.7396931340064,303.8353503160461,304.2237470991087,306.3290078043009,Down,146
2026-06-18 10:30:00,302.26719386419006,303.1,302.26719386419006,302.625,302.72926648546036,303.7878855977698,304.2078391677743,306.3290078043009,Down,93
2026-06-18 10:40:00,302.44609693209503,303.1,302.3,302.625,302.71978771405486,303.74228224099454,304.1920895243139,306.3290078043009,Down,124
2026-06-18 10:50:00,302.53554846604754,302.53554846604754,301.4,301.92499999999995,302.6475342855044,303.6710162707594,304.16953141959436,306.3290078043009,Down,197
2026-06-18 11:00:00,302.2302742330237,302.2302742330237,301.1,301.35,302.5295766231858,303.5799960248473,304.1414763805935,306.0805306300752,Down,283
2026-06-18 11:10:00,301.79013711651186,301.79013711651186,301.0,301.225,302.4109787483507,303.48764323955913,304.11245671511494,305.6963852493178,Down,185
2026-06-18 11:20:00,301.5075685582559,301.7,301.2,301.4,302.3190715894097,303.4057748772235,304.08546709605906,305.5421060827835,Down,135
2026-06-18 11:30:00,301.45378427912794,301.5,300.4,301.05,302.2037014449179,303.31339154870494,304.055263443362,305.0700964388941,Down,372
2026-06-18 11:40:00,301.251892139564,301.6,300.7,301.125,302.1056376771981,303.22757227228516,304.0261065931793,305.0700964388941,Down,199
2026-06-18 11:50:00,301.188446069782,301.4,300.7,301.125,302.01648879745284,303.1451184576857,303.9972398609089,305.0071044949538,Down,135
2026-06-18 12:00:00,301.156723034891,301.8,300.7,301.20000000000005,301.94226254313895,303.0688393024824,303.9694066284621,305.0071044949538,Down,116
2026-06-18 12:10:00,301.1783615174455,301.6,301.0,301.325,301.88614776648996,303.0004534474831,303.9430941246963,305.0071044949538,Down,128
2026-06-18 12:20:00,301.2516807587227,302.2,301.2516807587227,301.7,301.8692252422636,302.949455273072,303.920774780172,305.0071044949538,Down,163
2026-06-18 12:30:00,301.47584037936133,302.7,301.47584037936133,302.2,301.8992956747851,302.92006487020643,303.90365264305586,305.0071044949538,Down,211
2026-06-18 12:40:00,301.83792018968063,302.6,301.83792018968063,302.35,301.94026879525916,302.8977093851003,303.8881934127767,305.0071044949538,Down,62
2026-06-18 12:50:00,302.0939600948403,303.0,301.7,302.27500000000003,301.97069890478105,302.87328940921407,303.8721417370276,305.0071044949538,Down,245
2026-06-18 13:00:00,302.1844800474201,303.3,301.9,302.475,302.0165444588919,302.8576702166959,303.8582398291965,305.0071044949538,Down,272
2026-06-18 13:10:00,302.3297400237101,302.9,302.0,302.55,302.06504041717443,302.845604718002,303.84522251746324,305.0071044949538,Down,193
2026-06-18 13:20:00,302.4398700118551,303.3,302.4398700118551,302.925,302.14321856106767,302.8487182584725,303.8360660745034,305.0071044949538,Down,257
2026-06-18 13:30:00,302.6824350059276,303.0,302.0,302.6,302.18474414642515,302.8389646012775,303.82376690958296,305.0071044949538,Down,212
2026-06-18 13:40:00,302.6412175029638,302.9,302.2,302.475,302.21113104220467,302.8246914796588,303.8103463433185,305.0071044949538,Down,123
2026-06-18 13:50:00,302.5581087514819,302.5581087514819,301.8,302.125,302.20330094745873,302.79725259810357,303.7935767279621,305.0071044949538,Down,109
2026-06-18 14:00:00,302.34155437574094,303.0,301.8,302.375,302.2189099522352,302.7806936726878,303.7794615366391,305.0071044949538,Down,142
2026-06-18 14:10:00,302.3582771878705,303.2,302.3582771878705,302.7,302.2626454111229,302.7775292149353,303.76872062582675,305.0071044949538,Down,199
2026-06-18 14:20:00,302.5291385939353,302.7,301.8,302.25,302.26149582829356,302.75684179474183,303.7536089778086,305.0071044949538,Down,91
2026-06-18 14:30:00,302.38956929696764,303.0,301.9,302.35,302.26954166208503,302.7408872145559,303.73964271932294,305.0071044949538,Down,216
2026-06-18 14:40:00,302.3697846484838,303.2,302.3,302.7,302.3086742382591,302.7392837943773,303.7292980156481,305.0071044949538,Down,130
2026-06-18 14:50:00,302.5348923242419,303.0,302.5,302.775,302.3510674893264,302.7406844298919,303.7198025130048,305.0071044949538,Down,66
2026-06-18 15:00:00,302.6549461621209,303.6,302.6549461621209,303.175,302.42597044484216,302.7577164130334,303.7143815924774,305.0071044949538,Down,237
2026-06-18 15:10:00,302.91497308106045,303.3,302.8,303.05,302.48270040440195,302.7691785144831,303.70777083036324,305.0071044949538,Down,74
2026-06-18 15:20:00,302.9824865405302,303.7,302.7,303.07500000000005,302.5365458221836,302.7811715139151,303.7014746031955,305.0071044949538,Down,300
2026-06-18 15:30:00,303.0287432702651,303.4,302.9,303.17499999999995,302.594587111076,302.7966157682714,303.69623604992984,305.0071044949538,Down,97
2026-06-18 15:40:00,303.1018716351325,303.4,302.6,303.125,302.6428064646145,302.8094935812804,303.69055210913456,305.0071044949538,Down,216
2026-06-18 15:50:00,303.11343581756626,303.6,303.1,303.375,302.7093695132859,302.8316703035831,303.68741228715317,305.0071044949538,Down,149
2026-06-18 16:00:00,303.2442179087831,304.5,303.2442179087831,303.9,302.8176086484417,302.8735655857956,303.6895275877785,305.0071044949538,Down,348
2026-06-18 16:10:00,303.5721089543915,304.5,303.0,303.775,302.9046442258561,302.9089159549801,303.69037805954196,305.0071044949538,Down,476
2026-06-18 16:20:00,303.6735544771957,303.9,303.0,303.45,302.9542220235055,302.9301349371377,303.687986238054,305.0071044949538,Down,273
2026-06-18 16:30:00,303.56177723859787,303.9,302.9,303.45,302.9992927486413,302.950521802348,303.6856182157848,305.0071044949538,Down,240
2026-06-18 16:40:00,303.50588861929896,303.50588861929896,301.9,303.025,303.0016297714921,302.9534425159814,303.6790449002049,305.0071044949538,Down,579
2026-06-18 16:50:00,303.26544430964947,304.8,303.26544430964947,304.15,303.1060270649928,303.00036633888413,303.6837310206009,305.0071044949538,Down,804
2026-06-18 17:00:00,303.70772215482475,304.9,303.3,304.04999999999995,303.1918427863571,303.04152844324165,303.68737548805757,305.0071044949538,Down,419
2026-06-18 17:10:00,303.87886107741235,304.5,302.6,303.6,303.22894798759734,303.06342928860477,303.6865060802162,305.0071044949538,Down,543
2026-06-18 17:20:00,303.7394305387062,304.3,301.7,303.15,303.22177089781576,303.0668242184634,303.68116771125887,305.0071044949538,Down,756
2026-06-18 17:30:00,303.4447152693531,303.8,302.2,302.9,303.19251899801435,303.06028209224917,303.67339489821154,305.0071044949538,Down,370
2026-06-18 17:40:00,303.17235763467653,304.8,302.4,303.475,303.2181990891039,303.0765455396119,303.6714208196224,305.0071044949538,Down,872
2026-06-18 17:50:00,303.3236788173383,304.4,302.7,303.625,303.25518099009446,303.0980535576664,303.67095892091976,305.0071044949538,Down,274
2026-06-18 18:00:00,303.47433940866915,304.0,302.2,303.4,303.2683463546313,303.10989459462064,303.6682628122539,305.0071044949538,Down,404
2026-06-18 18:10:00,303.43716970433456,303.9,302.3,303.17499999999995,303.2598603223921,303.11244774777276,303.6633547245698,305.0071044949538,Down,356
2026-06-18 18:20:00,303.30608485216726,304.8,302.7,303.77500000000003,303.30669120217465,303.1384301890366,303.6644656228328,305.0071044949538,Down,690
2026-06-18 18:30:00,303.5405424260837,304.5,300.9,302.725,303.2538101837951,303.12221724044696,303.6551177061877,305.0071044949538,Down,1255
2026-06-18 18:40:00,303.13277121304185,303.13277121304185,300.9,301.6,303.1034638034501,303.06252244670395,303.63466877378784,305.0071044949538,Down,473
2026-06-18 18:50:00,302.3663856065209,303.5,302.0,302.6,303.0576943667728,303.0443843115391,303.62437356210836,305.0071044949538,Down,354
2026-06-18 19:00:00,302.48319280326047,302.9,300.6,301.8,302.943358515248,302.99558492677284,303.6062205913411,305.0071044949538,Down,536
2026-06-18 19:10:00,302.14159640163024,303.0,300.6,301.8,302.83941683204364,302.94869924336996,303.58824824714867,305.0071044949538,Down,634
2026-06-18 19:20:00,301.9707982008151,303.4,301.9707982008151,302.65,302.8221971200397,302.93698554755156,303.5789124436945,305.0071044949538,Down,444
2026-06-18 19:30:00,302.31039910040755,302.8,301.6,302.125,302.7588155636724,302.90514297705937,303.56444565321,305.0071044949538,Down,213
2026-06-18 19:40:00,302.21769955020375,303.1,302.2,302.625,302.7466505124294,302.894156977959,303.5550979352676,305.0071044949538,Down,251
2026-06-18 19:50:00,302.4213497751019,303.0,302.4213497751019,302.725,302.74468228402674,302.88752337098026,303.5468382543197,305.0071044949538,Down,53
2026-06-18 20:00:00,302.573174887551,304.4,302.2,303.45,302.8088020763879,302.90958127800064,303.5458746896001,305.0071044949538,Down,770
2026-06-18 20:10:00,303.0115874437755,304.9,303.0115874437755,304.15,302.9307291603526,302.9582251494516,303.55188588671854,305.0071044949538,Down,1405
2026-06-18 20:20:00,303.58079372188774,304.0,302.3,303.325,302.9665719639569,302.9726084769241,303.5496283157064,305.0071044949538,Down,562
2026-06-18 20:30:00,303.45289686094384,303.5,302.6,303.075,302.9764290581426,302.9766238307702,303.54490564589844,305.0071044949538,Down,227
2026-06-18 20:40:00,303.26394843047194,306.8,303.26394843047194,304.95000000000005,303.1558445983115,303.0540111315243,303.5588866842477,305.0071044949538,Down,2064
2026-06-18 20:50:00,304.106974215236,308.2,304.106974215236,306.775,303.4848587257377,303.19993226362135,303.59088781176763,300.4202668467169,Up,2218
2026-06-18 21:00:00,305.440987107618,307.6,305.440987107618,306.975,303.8021442961252,303.3479741356362,303.6245605698595,300.4202668467169,Up,1004
2026-06-18 21:10:00,306.20799355380893,308.5,306.20799355380893,307.70000000000005,304.1564948146593,303.51864181659164,303.66511220598034,300.4202668467169,Up,1303
2026-06-18 21:20:00,306.9539967769045,308.5,306.9539967769045,307.975,304.50363164969025,303.693400961039,303.70799666164226,300.4202668467169,Up,620
2026-06-18 21:30:00,307.4644983884523,309.4,307.4644983884523,308.55,304.87148331790024,303.883855825312,303.75617579933737,300.4202668467169,Up,1303
2026-06-18 21:40:00,308.0072491942261,309.4,308.0072491942261,308.85,305.23316665263656,304.0786065772606,303.8068606172544,300.8826022274694,Up,440
2026-06-18 21:50:00,308.42862459711307,309.0,308.4,308.65,305.5437878660332,304.25787690756414,303.85505105887376,301.3717978457785,Up,308
2026-06-18 22:00:00,308.5393122985565,308.8,307.1,307.975,305.76480715093925,304.4036464406008,303.8960455757009,301.3717978457785,Up,710
2026-06-18 22:10:00,308.2571561492783,308.2571561492783,306.0,306.775,305.8566428644902,304.49664069783216,303.9246918883805,301.3717978457785,Up,1108
2026-06-18 22:20:00,307.51607807463915,308.3,305.5,306.95,305.9560389677183,304.59285086654467,303.95479445665535,301.3717978457785,Up,794
2026-06-18 22:30:00,307.2330390373196,308.8,307.2330390373196,308.2,306.16003542519843,304.7343076953076,303.9970353078329,301.3717978457785,Up,493
2026-06-18 22:40:00,307.71651951865977,308.8,307.71651951865977,308.575,306.3795776592713,304.8849230798054,304.04258719531714,301.3717978457785,Up,386
2026-06-18 22:50:00,308.14575975932985,309.2,308.1,308.625,306.5837069629739,305.0315927629503,304.0881833426274,301.4898487159087,Up,858
2026-06-18 23:00:00,308.3853798796649,309.0,308.3853798796649,308.7,306.77609723906716,305.1754518702856,304.1340720655864,301.9599632741731,Up,245
2026-06-18 23:10:00,308.5426899398325,308.8,308.1,308.475,306.9305429446065,305.30484591458816,304.17726537836666,302.0747939403097,Up,322
2026-06-18 23:20:00,308.50884496991625,308.6,307.5,308.05,307.03231176782407,305.41249901597683,304.21580005121876,302.0747939403097,Up,582
2026-06-18 23:30:00,308.2794224849581,308.2794224849581,307.0,307.55,307.0793743343855,305.49632258397776,304.24897617011214,302.0747939403097,Up,509
2026-06-19 09:00:00,307.91471124247903,308.6,307.4,307.85,307.1494312130777,305.5886236591159,304.2848072529966,302.0747939403097,Up,57
2026-06-19 09:10:00,307.8823556212395,308.2,306.9,307.7,307.19948292097973,305.6714227313075,304.3187892703797,302.0747939403097,Up,567
2026-06-19 09:20:00,307.79117781061973,308.3,307.7,307.9,307.26316629179973,305.758817918315,304.35442320798785,302.4101831388368,Up,223
2026-06-19 09:30:00,307.84558890530985,308.7,307.8,308.275,307.35515117436336,305.8574917254399,304.3934339223362,302.84107558076073,Up,330
2026-06-19 09:40:00,308.06029445265494,308.8,308.0,308.45,307.4546828857849,305.9591587165992,304.43379776390503,303.19188689160063,Up,324
2026-06-19 09:50:00,308.2551472263275,308.5,307.7,308.15,307.51789353253173,306.04507406104625,304.4707749005826,303.19188689160063,Up,179
2026-06-19 10:00:00,308.20257361316374,308.20257361316374,307.8,308.025,307.56399412048336,306.122718215515,304.5061403244574,303.2862078824568,Up,98
2026-06-19 10:10:00,308.11378680658186,308.11378680658186,307.8,307.975,307.6013582913485,306.19535671686737,304.54065634112953,303.55635372442015,Up,95
2026-06-19 10:20:00,308.04439340329094,308.04439340329094,307.7,307.875,307.6262348103168,306.2612250809118,304.573833889974,303.74647211965714,Up,176
2026-06-19 10:30:00,307.9596967016455,308.0,307.6,307.775,307.63975891846985,306.320588803229,304.60568628907873,303.903886743647,Up,48
2026-06-19 10:40:00,307.86734835082274,308.3,307.6,307.975,307.67023538042713,306.3854676736906,304.63921179864013,304.1535334033155,Up,138
2026-06-19 10:50:00,307.9211741754113,308.6,307.9211741754113,308.375,307.7343048912974,306.4634885492321,304.67638382054423,304.5624080635965,Up,175
2026-06-19 11:00:00,308.1480870877057,308.5,308.1480870877057,308.35,307.79027717390676,306.5374693904387,304.71293721536466,304.83409428110116,Up,130
2026-06-19 11:10:00,308.24904354385285,308.5,308.2,308.325,307.8388883399152,306.6075686300293,304.74887813859493,305.06822794295306,Up,66
2026-06-19 11:20:00,308.28702177192645,308.5,308.2,308.35,307.8853530362865,306.6758992719889,304.7847101969174,305.2574799481391,Up,71
2026-06-19 11:30:00,308.31851088596324,308.4,308.1,308.275,307.92077548753315,306.7386091044599,304.81943944868937,305.329527225581,Up,45
2026-06-19 11:40:00,308.29675544298163,308.9,308.2,308.625,307.9847958977574,306.8125852180105,304.85730572283177,305.6404792959827,Up,267
2026-06-19 11:50:00,308.4608777214908,309.3,308.4608777214908,308.875,308.0657235434158,306.8934642290689,304.89728278031606,305.9302846649082,Up,209
2026-06-19 12:00:00,308.6679388607454,309.0,308.5,308.725,308.1256577667416,306.9652891612623,304.93536951882044,305.9302846649082,Up,239
2026-06-19 12:10:00,308.6964694303727,309.0,308.2,308.575,308.1665070606742,307.028415076507,304.97158474748886,305.9302846649082,Up,227
2026-06-19 12:20:00,308.63573471518635,308.63573471518635,308.0,308.275,308.1763700551583,307.07730075978117,305.00445455099646,305.9302846649082,Up,225
2026-06-19 12:30:00,308.4553673575932,308.4553673575932,307.4,307.825,308.1444273228712,307.1066222986133,305.03251967984227,305.9302846649082,Up,361
2026-06-19 12:40:00,308.1401836787966,308.1401836787966,307.5,307.775,308.110843020792,307.13283318886374,305.05980804123686,305.9302846649082,Up,157
2026-06-19 12:50:00,307.9575918393983,308.2,307.9,308.025,308.1030391098109,307.16782012263377,305.0893124388365,305.9302846649082,Up,91
2026-06-19 13:00:00,307.9912959196992,308.4,307.9912959196992,308.25,308.1163991907371,307.21025854919714,305.12076206631076,305.9302846649082,Up,85
2026-06-19 13:10:00,308.1206479598496,308.5,308.1,308.325,308.1353629006701,307.253973900209,305.1526450308251,305.9302846649082,Up,120
2026-06-19 13:20:00,308.2228239799248,308.8,308.2228239799248,308.425,308.1616935460637,307.29989649235773,305.18520577678703,305.9302846649082,Up,98
2026-06-19 13:30:00,308.3239119899624,308.4,308.0,308.275,308.17199413278513,307.3381358455986,305.2159499979135,305.9302846649082,Up,29
2026-06-19 13:40:00,308.2994559949812,308.6,308.0,308.25,308.1790855752592,307.37389522420256,305.2461395501731,305.9302846649082,Up,74
2026-06-19 13:50:00,308.2747279974906,308.3,307.9,308.075,308.1696232502356,307.40138952913577,305.27428741534555,305.9302846649082,Up,51
2026-06-19 14:00:00,308.1748639987453,308.6,308.1,308.32500000000005,308.1837484093051,307.437609547601,305.3046427644466,305.95863144608154,Up,132
2026-06-19 14:10:00,308.2499319993727,308.5,308.2,308.4,308.20340764482285,307.47535034965586,305.3354423389298,306.0669376782559,Up,76
2026-06-19 14:20:00,308.3249659996864,308.4,308.0,308.225,308.20537058620255,307.5047483751595,305.3641941564529,306.0669376782559,Up,28
2026-06-19 14:30:00,308.2749829998432,308.5,308.1,308.225,308.20715507836593,307.53299353691796,305.39265988623947,306.13548568450904,Up,50
2026-06-19 14:40:00,308.24999149992163,308.5,308.2,308.35,308.2201409803327,307.56503300605846,305.4220861560281,306.27316880409916,Up,32
2026-06-19 14:50:00,308.29999574996083,308.5,308.29999574996083,308.45,308.2410372548479,307.5997375940562,305.4522146519881,306.43924069687444,Up,37
2026-06-19 15:00:00,308.3749978749804,308.5,308.2,308.4,308.25548841349814,307.631120433505,305.48154584948077,306.45840256535826,Up,69
2026-06-19 15:10:00,308.3874989374902,308.4,308.1,308.275,308.2572621940892,307.6563706125832,305.50934141316753,306.45840256535826,Up,67
2026-06-19 15:20:00,308.3312494687451,308.5,308.1,308.275,308.25887472189925,307.6806305885603,305.53686040408127,306.49206823583324,Up,139
2026-06-19 15:30:00,308.30312473437255,308.9,308.0,308.45,308.27624974718117,307.71080193802857,305.56584686772226,306.49206823583324,Up,298
2026-06-19 15:40:00,308.37656236718624,309.0,308.37656236718624,308.7,308.3147724974374,307.7495940188902,305.5970324710285,306.6698974459032,Up,242
2026-06-19 15:50:00,308.5382811835931,309.0,308.5382811835931,308.775,308.3566113613067,307.7898060181494,305.628654038481,306.76634853338504,Up,251
2026-06-19 16:00:00,308.65664059179653,309.0,308.65664059179653,308.9,308.40601032846064,307.83334303704555,305.66120474456574,306.88274227617745,Up,151
2026-06-19 16:10:00,308.77832029589825,309.3,308.5,309.0,308.46000938950965,307.8790942904948,305.6944265879034,306.88274227617745,Up,228
2026-06-19 16:20:00,308.8891601479492,309.4,308.8,309.07499999999993,308.51591762682693,307.9259925536126,305.7280641342924,307.0094396531233,Up,184
2026-06-19 16:30:00,308.98208007397454,309.2,308.5,308.95,308.5553796607517,307.96614970837294,305.7601231976328,307.0094396531233,Up,190
2026-06-19 16:40:00,308.96604003698724,309.8,308.8,309.29999999999995,308.6230724188652,308.01845756294654,305.79534585238275,307.0094396531233,Up,372
2026-06-19 16:50:00,309.1330200184936,309.4,309.0,309.2,308.67552038078657,308.06479256047805,305.8292230080805,307.0094396531233,Up,301
2026-06-19 17:00:00,309.1665100092468,309.9,309.0,309.45,308.74592761889687,308.1191144208515,305.8652506398409,307.0708453337363,Up,452
2026-06-19 17:10:00,309.3082550046234,310.5,309.0,309.625,308.82584328990623,308.1781687572887,305.9026610812355,307.0708453337363,Up,991
2026-06-19 17:20:00,309.46662750231167,309.46662750231167,308.3,308.75,308.8189484453693,308.20059351190486,305.93099281177047,307.0708453337363,Up,734
2026-06-19 17:30:00,309.10831375115583,309.10831375115583,308.3,308.6,308.7990440412448,308.216256511438,305.9575500972255,307.0708453337363,Up,375
2026-06-19 17:40:00,308.8541568755779,308.8541568755779,307.6,308.1,308.7354945829498,308.2116974325581,305.97886800670585,307.0708453337363,Up,705
2026-06-19 17:50:00,308.477078437789,308.477078437789,306.5,307.15,308.59135871177256,308.17006223912443,305.9905210613655,307.0708453337363,Up,1062
2026-06-19 18:00:00,307.81353921889445,307.81353921889445,306.4,306.95,308.44214428342957,308.1222166611196,306.00006811548127,310.0787249405834,Down,619
2026-06-19 18:10:00,307.38176960944725,309.4,307.38176960944725,308.325,308.43149480311774,308.1301689489188,306.02320176607356,310.0787249405834,Down,1087
2026-06-19 18:20:00,307.85338480472365,309.8,307.85338480472365,309.05,308.4877225482889,308.1662407548436,306.05331916143604,310.0787249405834,Down,961
2026-06-19 18:30:00,308.4516924023618,308.7,307.6,308.425,308.48202049844446,308.1763881762223,306.0769179757501,310.0787249405834,Down,762
2026-06-19 18:40:00,308.43834620118093,309.3,308.3,308.79999999999995,308.51092772585855,308.20084354186065,306.10401331927505,310.0787249405834,Down,341
2026-06-19 18:50:00,308.61917310059044,309.9,308.61917310059044,309.275,308.58038884168957,308.2429673245328,306.13556542555096,310.0787249405834,Down,866
2026-06-19 19:00:00,308.94708655029524,310.9,308.94708655029524,310.2,308.72762621971776,308.3197137039629,306.1760075606201,304.92514441785124,Up,1741
2026-06-19 19:10:00,309.5735432751476,311.8,309.5735432751476,311.27500000000003,308.9592056542889,308.43560728419965,306.22674380379806,305.3331520491762,Up,1303
2026-06-19 19:20:00,310.42427163757384,311.8,310.0,310.875,309.13336877662624,308.5312697436428,306.2729951092329,305.37852764691127,Up,1130
2026-06-19 19:30:00,310.6496358187869,310.6496358187869,308.8,309.6,309.1757897969329,308.57318073408817,306.3060996355092,305.37852764691127,Up,1454
2026-06-19 19:40:00,310.1248179093934,310.1248179093934,308.1,308.8,309.1416270881208,308.58207560726123,306.33091456450916,305.37852764691127,Up,983
2026-06-19 19:50:00,309.4624089546967,309.4624089546967,307.8,308.15,309.0514791710189,308.5651314658,306.34901491710116,305.37852764691127,Up,970
2026-06-19 20:00:00,308.8062044773484,308.8062044773484,307.6,307.975,308.953617428199,308.54198905537646,306.3651938731499,305.37852764691127,Up,699
2026-06-19 20:10:00,308.39060223867415,308.5,307.4,308.0,308.86692493472634,308.52073458261657,306.3814606007803,305.37852764691127,Up,633
2026-06-19 20:20:00,308.19530111933705,308.9,307.5,308.2,308.8062953952057,308.50815675584727,306.39955552017557,305.37852764691127,Up,495
2026-06-19 20:30:00,308.19765055966855,309.4,308.19765055966855,308.85,308.8102685410961,308.52156237326506,306.42393805231313,305.37852764691127,Up,321
2026-06-19 20:40:00,308.5238252798342,309.6,308.5238252798342,309.225,308.84797140099647,308.54914816254876,306.4518093154742,305.37852764691127,Up,646
2026-06-19 20:50:00,308.8744126399171,309.4,308.8,309.05,308.8663376372695,308.5687894110763,306.47766195910134,305.37852764691127,Up,423
2026-06-19 21:00:00,308.96220631995857,309.1,308.7,308.92499999999995,308.8716705793359,308.5827584537792,306.50201358139884,305.37852764691127,Up,282
2026-06-19 21:10:00,308.94360315997926,309.2,308.6,308.875,308.8719732539417,308.5942189065722,306.52562538655906,305.37852764691127,Up,240
2026-06-19 21:20:00,308.90930157998963,309.0,308.0,308.5,308.8381575035834,308.590524047491,306.5452709051008,305.37852764691127,Up,419
2026-06-19 21:30:00,308.70465078999484,308.70465078999484,307.9,308.175,308.77787045780303,308.57422898680505,306.56148711500026,305.37852764691127,Up,391
2026-06-19 21:40:00,308.43982539499746,308.7,308.3,308.475,308.75033677982094,308.5703376539892,306.58052704420425,305.37852764691127,Up,171
2026-06-19 21:50:00,308.45741269749874,308.5,307.7,308.275,308.70712434529173,308.55875578520534,306.5973874716251,305.37852764691127,Up,231
2026-06-19 22:00:00,308.36620634874936,308.4,307.5,308.025,308.6451130411743,308.5378241857855,306.6115925714099,305.37852764691127,Up,291
2026-06-19 22:10:00,308.1956031743747,308.4,307.8,308.075,308.5932845828857,308.5196742177155,306.6261538393561,305.37852764691127,Up,89
2026-06-19 22:20:00,308.1353015871873,308.4,308.0,308.20000000000005,308.557531438987,308.50713797388346,306.64181400015855,305.37852764691127,Up,159
2026-06-19 22:30:00,308.1676507935937,308.5,307.7,308.1,308.51593767180634,308.4911717788292,306.6563233135898,305.37852764691127,Up,191
2026-06-19 22:40:00,308.13382539679685,308.2,307.8,308.04999999999995,308.4735797016421,308.4738709247575,306.67019074330534,305.37852764691127,Up,127
2026-06-19 22:50:00,308.0919126983984,308.3,307.8,308.1,308.4396179105837,308.459209319865,306.6844177010834,305.37852764691127,Up,155
2026-06-19 23:00:00,308.09595634919924,308.4,308.0,308.225,308.4201071914397,308.4500246406546,306.6997468781871,305.37852764691127,Up,151
2026-06-19 23:10:00,308.1604781745996,308.4,308.1,308.25,308.40464290130876,308.4421805370995,306.71517228238423,305.37852764691127,Up,149
2026-06-19 23:20:00,308.2052390872998,308.4,308.1,308.225,308.3883117284625,308.43366365329166,306.7301954437536,305.37852764691127,Up,302
2026-06-19 23:30:00,308.21511954364985,308.3,307.8,308.025,308.3552833895113,308.4176376276724,306.7430790711789,305.37852764691127,Up,438
2026-06-22 09:00:00,308.1200597718249,317.3,308.1200597718249,313.6,308.83207580864666,308.6208675246264,306.8113071401224,306.7986750136726,Up,748
2026-06-22 09:10:00,310.86002988591247,315.8,310.86002988591247,315.075,309.39961437149697,308.87397075895484,306.8935329397232,306.7986750136726,Up,2661
2026-06-22 09:20:00,312.9675149429562,315.1,312.9675149429562,314.475,309.8610130649972,309.09361896448604,306.96897042291,306.7986750136726,Up,1316
2026-06-22 09:30:00,313.7212574714781,314.9,313.7212574714781,314.45,310.278193695452,309.3036731227415,307.0434085281547,307.25116387715246,Up,466
2026-06-22 09:40:00,314.0856287357391,315.4,314.0856287357391,315.02500000000003,310.70972154132,309.528038882634,307.1228273487701,307.84716585487774,Up,744
2026-06-22 09:50:00,314.5553143678695,315.3,314.5553143678695,315.075,311.1065650375636,309.7455667695896,307.20195344480226,308.38809103316754,Up,451
2026-06-22 10:00:00,314.8151571839348,315.0,314.5,314.8,311.44233185233054,309.94377983744886,307.2775558980878,308.59584895384796,Up,344
2026-06-22 10:10:00,314.8075785919674,314.9,314.6,314.75,311.74302895666415,310.1322590595097,307.3519085757188,309.04622632167997,Up,158
2026-06-22 10:20:00,314.7787892959837,315.0,314.7,314.85,312.02548086969466,310.3172685081564,307.4265164505873,309.55566029243636,Up,181
2026-06-22 10:30:00,314.8143946479919,315.2,314.8,315.0,312.2958916997224,310.50090503724834,307.50187449585513,310.04150935676034,Up,360
2026-06-22 10:40:00,314.90719732399594,315.2,314.7,314.975,312.5394469997476,310.67635974167,307.5762339536078,310.26046305160025,Up,289
2026-06-22 10:50:00,314.941098661998,315.2,314.8,315.0,312.76313363613417,310.84591426160455,307.6501022724774,310.5913300469094,Up,180
2026-06-22 11:00:00,314.970549330999,315.4,314.970549330999,315.175,312.9823942146674,311.01568232977695,307.7249768767314,311.02122901032584,Up,249
2026-06-22 11:10:00,315.07277466549954,315.7,315.07277466549954,315.375,313.1999038315158,311.18663596390337,307.8010965097987,311.37280934277356,Up,367
2026-06-22 11:20:00,315.22388733274977,315.5,315.2,315.35,313.39536711955986,311.3499051417895,307.8762099773629,311.5922018272944,Up,183
2026-06-22 11:30:00,315.2869436663749,315.7,315.2869436663749,315.5,313.58669738141805,311.51265395975855,307.9520685845534,311.9270893730459,Up,178
2026-06-22 11:40:00,315.39347183318745,315.7,315.3,315.525,313.76290671038004,311.67000086329745,308.0274211359509,312.11237958168954,Up,140
2026-06-22 11:50:00,315.4592359165937,315.7,315.3,315.475,313.91855155489094,311.8192165157172,308.10152639827976,312.27489052880867,Up,209
2026-06-22 12:00:00,315.46711795829685,315.7,315.2,315.45,314.05777414080995,311.9616001817675,308.17464553859537,312.3362641170988,Up,197
2026-06-22 12:10:00,315.4585589791484,315.9,315.2,315.625,314.20024921891815,312.1052629197374,308.24877841880834,312.46478556099885,Up,452
2026-06-22 12:20:00,315.5417794895742,316.9,315.5417794895742,316.4,314.40022656265285,312.2736839817085,308.3298851012083,312.92225097826764,Up,774
2026-06-22 12:30:00,315.9708897447871,317.3,315.9708897447871,316.95000000000005,314.6320241478662,312.45706892360226,308.41565738875846,313.15336953729843,Up,926
2026-06-22 12:40:00,316.4604448723936,317.4,316.4604448723936,317.125,314.858658316242,312.64012504424534,308.5023175142435,313.4230429942535,Up,506
2026-06-22 12:50:00,316.79272243619675,317.8,316.79272243619675,317.35,315.0851439238564,312.82482602290236,308.59035415589284,313.7417335204032,Up,582
2026-06-22 13:00:00,317.0713612180984,317.3,316.7,317.07500000000005,315.2660399307785,312.99149951220033,308.67477849265015,313.7417335204032,Up,380
2026-06-22 13:10:00,317.07318060904925,318.4,317.0,317.675,315.4850363007077,313.1751661979964,308.7643329355094,314.0383242167809,Up,1217
2026-06-22 13:20:00,317.37409030452466,319.2,317.37409030452466,318.67499999999995,315.7750330006433,313.39084595493773,308.86294653814116,314.29428182370845,Up,1092
2026-06-22 13:30:00,318.0245451522623,319.2,318.0245451522623,319.0,316.06821181876666,313.6108127802343,308.9638127417417,314.5550496055412,Up,544
2026-06-22 13:40:00,318.5122725761312,320.7,318.5122725761312,319.8,316.40746528978787,313.8535260045389,309.07163550053036,315.1222145243043,Up,1850
2026-06-22 13:50:00,319.1561362880656,320.5,319.1561362880656,320.15,316.74769571798896,314.1004465533805,309.18186798311217,315.2630979180919,Up,668
2026-06-22 14:00:00,319.6530681440328,320.5,319.6530681440328,320.175,317.05926883453543,314.33866433560087,309.2912523812902,315.6185859189911,Up,625
2026-06-22 14:10:00,319.9140340720164,320.5,319.9140340720164,320.3,317.3538807586686,314.572442204793,309.4007921585908,315.9412583776275,Up,461
2026-06-22 14:20:00,320.1070170360082,320.5,319.7,320.05,317.5989825078806,314.78724839284035,309.50675442566944,315.9412583776275,Up,863
2026-06-22 14:30:00,320.0785085180041,320.0785085180041,319.2,319.67499999999995,317.78771137080054,314.9789249264545,309.60793099854834,315.9412583776275,Up,745
2026-06-22 14:40:00,319.87675425900204,319.87675425900204,318.5,319.2,317.9161012461823,315.1444572822798,309.7033744711996,315.9412583776275,Up,686
2026-06-22 14:50:00,319.538377129501,319.538377129501,318.3,318.69999999999993,317.9873647692566,315.28389033003356,309.7928931331777,315.9412583776275,Up,611
2026-06-22 15:00:00,319.11918856475046,319.11918856475046,318.2,318.5,318.0339679720514,315.4100122778754,309.8795310124496,315.9412583776275,Up,717
2026-06-22 15:10:00,318.8095942823752,319.3,318.5,318.875,318.11042542913765,315.5458941493313,309.9690381665546,315.9412583776275,Up,342
2026-06-22 15:20:00,318.8422971411876,319.6,318.8422971411876,319.325,318.22084129921603,315.69409437876925,310.06213231415103,315.9412583776275,Up,482
2026-06-22 15:30:00,319.0836485705938,319.7,319.0836485705938,319.475,318.33485572656,315.84236518744495,310.15579268913467,315.9412583776275,Up,535
2026-06-22 15:40:00,319.2793242852969,319.4,318.8,319.2,318.41350520596365,315.97403714087847,310.2457848016806,315.9412583776275,Up,609
2026-06-22 15:50:00,319.23966214264846,319.5,319.0,319.3,318.4940956417851,316.10446705692243,310.33587649519626,315.9412583776275,Up,259
2026-06-22 16:00:00,319.26983107132423,319.7,319.0,319.35,318.5719051288956,316.2317428586117,310.4255692663883,315.9412583776275,Up,392
2026-06-22 16:10:00,319.3099155356621,319.5,319.0,319.25,318.6335501171778,316.3501058837642,310.51337454731976,315.9412583776275,Up,235
2026-06-22 16:20:00,319.2799577678311,319.4,318.6,319.125,318.6782273792525,316.45892526087147,310.59906236276936,315.9412583776275,Up,363
2026-06-22 16:30:00,319.20247888391555,319.20247888391555,318.2,318.7,318.6802067084114,316.5468105447589,310.67966870741844,315.9412583776275,Up,458
2026-06-22 16:40:00,318.9512394419578,318.9512394419578,317.0,317.75,318.59564246219213,316.59399444496444,310.7500202625685,315.9412583776275,Up,1759
2026-06-22 16:50:00,318.3506197209789,318.3506197209789,316.6,317.025,318.452856783811,316.6108966235933,310.8124578718962,315.9412583776275,Up,1105
2026-06-22 17:00:00,317.68780986048944,317.68780986048944,316.3,316.525,318.2775970761918,316.6075281285505,310.86929908710124,315.9412583776275,Up,799
2026-06-22 17:10:00,317.1064049302447,317.1064049302447,315.7,316.075,318.0773609783562,316.5866446725289,310.9210971061351,315.9412583776275,Up,1218
2026-06-22 17:20:00,316.5907024651224,317.5,315.8,316.625,317.945328162142,316.588148803018,310.9778523588104,315.9412583776275,Up,1000
2026-06-22 17:30:00,316.6078512325612,317.5,316.6078512325612,317.3,317.88666196558364,316.61606453623295,311.0407593005138,315.9412583776275,Up,657
2026-06-22 17:40:00,316.95392561628057,317.6,314.9,316.35,317.74696542325785,316.60563063285133,311.0935875661803,315.9412583776275,Up,1891
2026-06-22 17:50:00,316.6519628081403,316.7,315.1,315.775,317.56769583932527,316.5730568825434,311.14016878442726,320.78962312152163,Down,938
2026-06-22 18:00:00,316.21348140407014,316.3,314.6,315.45000000000005,317.37517803575025,316.5290154361692,311.1830526771195,320.78962312152163,Down,1391
2026-06-22 18:10:00,315.83174070203506,315.83174070203506,313.5,314.4,317.10470730522746,316.44552463475077,311.2150621032178,320.3756995927349,Down,2344
2026-06-22 18:20:00,315.1158703510175,315.1158703510175,313.4,313.8,316.80427936838856,316.34177857064293,311.2407828783102,320.07264188653096,Down,1580
2026-06-22 18:30:00,314.45793517550874,315.3,313.6,314.3,316.57661760762596,316.26170882277455,311.2712228496703,320.07264188653096,Down,954
2026-06-22 18:40:00,314.37896758775435,316.0,313.6,314.475,316.3855614614781,316.1916418101167,311.30310122927557,320.07264188653096,Down,2110
2026-06-22 18:50:00,314.4269837938772,314.4269837938772,312.6,313.375,316.1118740558892,316.08118526854355,311.323717137442,319.86826778801463,Down,2232
2026-06-22 19:00:00,313.9009918969386,314.2,312.8,313.625,315.8857945962629,315.9848642776203,311.3466154743829,319.7861599009782,Down,825
2026-06-22 19:10:00,313.7629959484693,314.7,313.1,313.825,315.69844963296623,315.90016371771367,311.3712760169263,319.7861599009782,Down,589
2026-06-22 19:20:00,313.7939979742347,314.3,313.1,313.70000000000005,315.51677239360566,315.81388278760727,311.3944473998425,319.7861599009782,Down,560
2026-06-22 19:30:00,313.74699898711737,314.3,313.5,314.0,315.378883994187,315.7427501292697,311.42037329636145,319.7861599009782,Down,398
2026-06-22 19:40:00,313.8734994935587,314.2,313.7,313.92499999999995,315.24671272198816,315.67146581047484,311.44529495510415,319.4875725025464,Down,298
2026-06-22 19:50:00,313.89924974677933,315.0,313.89924974677933,314.375,315.1674661108983,315.6206240139856,311.47444624908326,319.4875725025464,Down,758
2026-06-22 20:00:00,314.13712487338967,315.0,314.13712487338967,314.725,315.1272419189985,315.5855015036333,311.50679006750033,319.4875725025464,Down,726
2026-06-22 20:10:00,314.43106243669484,315.0,314.3,314.75,315.09294719908956,315.5527367387849,311.53906081309736,319.4875725025464,Down,494
2026-06-22 20:20:00,314.59053121834745,315.4,314.59053121834745,314.925,315.07767927189957,315.5281196117738,311.5727517502805,319.4875725025464,Down,446
2026-06-22 20:30:00,314.7577656091737,315.7,314.6,315.15,315.08425388354505,315.51329139170423,311.60834626022796,319.4875725025464,Down,566
2026-06-22 20:40:00,314.95388280458684,315.6,314.95388280458684,315.4,315.11295807595,315.50884859202955,311.6460741581362,319.4875725025464,Down,428
2026-06-22 20:50:00,315.17694140229344,315.5,315.1,315.325,315.1322346145,315.50163884332255,311.6826803854184,319.4875725025464,Down,234
2026-06-22 21:00:00,315.2509707011467,315.5,313.6,314.525,315.07703146772724,315.4633392808393,311.7109621726282,319.19277889034555,Down,868
2026-06-22 21:10:00,314.88798535057333,314.88798535057333,313.3,313.70000000000005,314.95184678884294,315.3941887208064,311.73075359379607,318.89214997580933,Down,537
2026-06-22 21:20:00,314.2939926752867,314.2939926752867,313.1,313.525,314.82213344440265,315.32088720234344,311.74860679186776,318.4931366745863,Down,745
2026-06-22 21:30:00,313.9094963376433,314.3,313.4,313.825,314.7314849494569,315.2622249591143,311.7692674208044,318.4931366745863,Down,392
2026-06-22 21:40:00,313.8672481688217,314.3,313.7,313.975,314.66271359041536,315.21174554895293,311.7912150086571,318.4794548239198,Down,208
2026-06-22 21:50:00,313.92112408441085,314.6,313.6,314.1,314.61155780946854,315.1681476842881,311.8141879936456,318.4794548239198,Down,376
2026-06-22 22:00:00,314.01056204220544,314.6,314.01056204220544,314.4,314.592325281335,315.13802424568854,311.83991746634564,318.4794548239198,Down,244
2026-06-22 22:10:00,314.2052810211027,314.6,314.1,314.425,314.57711389212267,315.11006251056347,311.86563968061085,318.3926803345977,Down,223
2026-06-22 22:20:00,314.3151405105514,315.4,314.3151405105514,314.9,314.606467174657,315.1018247650512,311.89583232060477,318.3926803345977,Down,527
2026-06-22 22:30:00,314.6075702552757,315.6,314.6,314.975,314.6399701587791,315.09685124485316,311.9264708049769,318.3926803345977,Down,573
2026-06-22 22:40:00,314.7912851276378,315.0,314.5,314.8,314.6545183261628,315.08521001956484,311.9550631352756,318.3926803345977,Down,278
2026-06-22 22:50:00,314.7956425638189,315.4,314.6,314.95,314.68138029651163,315.07990766585647,311.98486350208884,318.3926803345977,Down,418
2026-06-22 23:00:00,314.8728212819094,315.2,313.8,314.525,314.6671639059196,315.0581465809209,312.01013849211785,318.3926803345977,Down,787
2026-06-22 23:10:00,314.6989106409547,314.6989106409547,314.0,314.15,314.62014900538145,315.02253298951223,312.0314306464251,318.2187441346489,Down,338
2026-06-22 23:20:00,314.42445532047736,314.42445532047736,313.5,313.9,314.55468091398313,314.9785120879627,312.05002337631146,317.8159285169319,Down,807
2026-06-22 23:30:00,314.16222766023867,314.16222766023867,313.3,313.725,314.47925537634825,314.92935475117986,312.066689810378,317.5480155762909,Down,853
2026-06-23 09:00:00,313.9436138301194,320.7,309.7,313.5,314.3902321603166,314.8733016236826,312.0809516033096,317.5480155762909,Down,580
2026-06-23 09:10:00,313.7218069150597,313.7218069150597,310.8,311.1,314.09112014574237,314.7253290109892,312.07119089083886,317.5480155762909,Down,2110
2026-06-23 09:20:00,312.41090345752986,312.41090345752986,310.3,310.575,313.77147285976577,314.56257101055826,312.05630341928827,317.5480155762909,Down,908
2026-06-23 09:30:00,311.4929517287649,311.4929517287649,310.3,310.5,313.4740662361507,314.4032545003403,312.04081781312624,317.5480155762909,Down,406
2026-06-23 09:40:00,310.99647586438243,310.99647586438243,310.4,310.625,313.21506021468247,314.25508765718973,312.02673007369214,317.5480155762909,Down,546
2026-06-23 09:50:00,310.8107379321912,311.2,310.5,310.825,312.99778201334766,314.1205744157313,312.0147725605211,317.5480155762909,Down,442
2026-06-23 10:00:00,310.8178689660956,311.4,310.8178689660956,311.17499999999995,312.8320745575888,314.00506169354577,312.0064166146453,317.4577661028224,Down,365
2026-06-23 10:10:00,310.9964344830478,311.7,310.9964344830478,311.475,312.70870414326254,313.90584358791654,312.0011288871364,317.3757243565743,Down,468
2026-06-23 10:20:00,311.23571724152384,312.0,311.23571724152384,311.75,312.62154922114775,313.82130070211593,311.9986300922395,317.3753315466173,Down,383
2026-06-23 10:30:00,311.4928586207619,313.6,311.4928586207619,312.625,312.62186292831615,313.77438694909176,312.0048626286351,317.3753315466173,Down,1138
2026-06-23 10:40:00,312.05892931038096,314.4,312.05892931038096,313.77500000000003,312.72669357119645,313.77441099030386,312.0224759358129,317.3753315466173,Down,1590
2026-06-23 10:50:00,312.9169646551905,313.8,312.7,313.25,312.77426688290586,313.75384585342925,312.0346901056059,317.3753315466173,Down,833
2026-06-23 11:00:00,313.0834823275952,313.8,312.5,313.07500000000005,312.80160625718713,313.7272244474124,312.0450414478387,317.3753315466173,Down,630
2026-06-23 11:10:00,313.07924116379763,313.7,312.8,313.25,312.8423693247156,313.7085097632002,312.05703108517366,317.3753315466173,Down,290
2026-06-23 11:20:00,313.1646205818988,313.5,312.9,313.15,312.8703357497414,313.6866074195453,312.06790639775903,317.3753315466173,Down,376
2026-06-23 11:30:00,313.1573102909494,313.3,312.9,313.15,312.89575977249217,313.6655639913278,312.0786734982789,317.3753315466173,Down,207
2026-06-23 11:40:00,313.15365514547466,313.7,313.0,313.3,312.9325088840838,313.65122814853066,312.0908260007836,317.3753315466173,Down,200
2026-06-23 11:50:00,313.2268275727373,313.9,313.2268275727373,313.575,312.99091716734887,313.64823880937263,312.1055939012733,317.3753315466173,Down,418
2026-06-23 12:00:00,313.4009137863686,314.2,313.4009137863686,313.775,313.0621974248626,313.6532098364561,312.1222049072308,317.3753315466173,Down,461
2026-06-23 12:10:00,313.5879568931843,313.9,313.4,313.625,313.1133612953296,313.6521035683598,312.1371580922335,317.3753315466173,Down,200
2026-06-23 12:20:00,313.6064784465922,313.9,313.3,313.65,313.16214663211775,313.65202107548293,312.15221124554466,317.3753315466173,Down,283
2026-06-23 12:30:00,313.6282392232961,313.8,312.9,313.35,313.17922421101616,313.6401771117385,312.1641295416089,317.3753315466173,Down,318
2026-06-23 12:40:00,313.48911961164805,313.48911961164805,312.7,313.05,313.1674765554692,313.61703291127816,312.17294417303566,317.1370962880883,Down,406
2026-06-23 12:50:00,313.26955980582403,313.4,312.8,313.04999999999995,313.15679686860835,313.59479632652216,312.18167109668707,316.9932149838766,Down,188
2026-06-23 13:00:00,313.159779902912,313.159779902912,312.2,312.6,313.10617897146216,313.5557847058742,312.185833573337,316.5681871742209,Down,498
2026-06-23 13:10:00,312.879889951456,312.9,312.3,312.55,313.0556172467838,313.5163421683889,312.18945711987095,316.35299747524084,Down,216
2026-06-23 13:20:00,312.71494497572803,313.0,312.5,312.65,313.0187429516217,313.482367965707,312.19403963609113,316.3436340684007,Down,195
2026-06-23 13:30:00,312.682472487864,312.7,312.1,312.375,312.96022086511056,313.4389417709734,312.195840236727,315.8851218803643,Down,222
2026-06-23 13:40:00,312.52873624393203,312.6,312.1,312.35,312.90474624100955,313.3962381721117,312.1973741647198,315.70011080033123,Down,385
2026-06-23 13:50:00,312.439368121966,312.8,312.4,312.575,312.8747693100087,313.3640327535975,312.2011316357176,315.70011080033123,Down,115
2026-06-23 14:00:00,312.50718406098304,313.0,312.50718406098304,312.775,312.86569937273515,313.34093342992696,312.20684176869554,315.70011080033123,Down,118
2026-06-23 14:10:00,312.6410920304915,313.3,312.6410920304915,313.075,312.8847267024865,313.330504667969,312.2154801590568,315.70011080033123,Down,286
2026-06-23 14:20:00,312.85804601524575,313.2,312.8,313.05,312.89975154771497,313.3195044849114,312.22378383906624,315.70011080033123,Down,92
2026-06-23 14:30:00,312.9540230076229,313.3,312.3,312.75,312.88613777064995,313.2971709756992,312.2290198207671,315.70011080033123,Down,292
2026-06-23 14:40:00,312.85201150381147,312.85201150381147,310.5,311.6,312.7692161551363,313.230615251162,312.2227609170779,315.27714423347203,Down,1970
2026-06-23 14:50:00,312.22600575190575,312.22600575190575,310.6,310.95,312.6038328683057,313.1411793589596,312.2100966293458,315.27714423347203,Down,803
2026-06-23 15:00:00,311.58800287595284,311.58800287595284,309.9,310.375,312.4012116984597,313.03270173703964,312.19183696139214,314.8714907336358,Down,1333
2026-06-23 15:10:00,310.9815014379764,310.9815014379764,309.8,310.07500000000005,312.18973790769064,312.91671343362634,312.17077390705,314.5726506015791,Down,771
2026-06-23 15:20:00,310.52825071898826,310.52825071898826,309.5,309.875,311.9793071888097,312.79743055387627,312.1479303855868,314.18976187784517,Down,777
2026-06-23 15:30:00,310.20162535949413,310.20162535949413,309.6,309.77500000000003,311.7789156261906,312.67890386548896,312.12431913796905,313.9156187362459,Down,580
2026-06-23 15:40:00,309.9883126797471,309.9883126797471,309.1,309.5,311.5717414783551,312.55424096880313,312.0982065097306,313.51700282023506,Down,748
2026-06-23 15:50:00,309.74415633987354,310.0,309.0,309.525,311.38567407123185,312.43544720532066,312.07260246485765,313.4753149821468,Down,941
2026-06-23 16:00:00,309.6345781699368,310.5,309.6345781699368,309.95,311.2551582465744,312.33797868746495,312.05148204232177,313.4753149821468,Down,891
2026-06-23 16:10:00,309.7922890849684,310.1,309.5,309.875,311.12968931506765,312.2413912879565,312.0298255045872,313.4753149821468,Down,471
2026-06-23 16:20:00,309.8336445424842,310.1,309.6,309.95000000000005,311.0224448318797,312.1515328060759,312.009130723447,313.4753149821468,Down,306
2026-06-23 16:30:00,309.8918222712421,310.2,309.1,309.65,310.8976771198906,312.05343348034745,311.9856567859003,313.3771736781277,Down,549
2026-06-23 16:40:00,309.7709111356211,309.7709111356211,308.5,308.95,310.72061556353685,311.93173020660834,311.9554512457421,312.9859447790616,Down,1363
2026-06-23 16:50:00,309.3604555678105,309.3604555678105,308.2,308.55,310.5232868759426,311.799113335761,311.9215661587198,312.7026563642464,Down,1046
2026-06-23 17:00:00,308.95522778390523,309.2,308.5,308.82500000000005,310.3688971599478,311.68248144024096,311.89075455515047,312.670389618492,Down,678
2026-06-23 17:10:00,308.89011389195264,309.5,307.8,308.54999999999995,310.2035428726798,311.55963903081977,311.8575132162933,312.670389618492,Down,1492
2026-06-23 17:20:00,308.7200569459763,308.7200569459763,307.6,308.125,310.0145844297089,311.42494730412096,311.8203737813053,312.2866521711051,Down,1229
2026-06-23 17:30:00,308.4225284729881,308.4225284729881,307.3,307.925,309.82462220882627,311.2876944686652,311.78161384318287,312.020932497687,Down,1652
2026-06-23 17:40:00,308.1737642364941,309.1,307.4,307.95,309.6542020080239,311.1568044895019,311.74348833230545,312.020932497687,Down,1231
2026-06-23 17:50:00,308.061882118247,309.1,307.3,308.25,309.5265472800217,311.0428121565802,311.70872725437204,312.020932497687,Down,1365
2026-06-23 18:00:00,308.1559410591235,310.7,308.1559410591235,309.775,309.54913389092883,310.9930940327927,311.6894861871644,312.020932497687,Down,2986
2026-06-23 18:10:00,308.96547052956174,310.7,308.6,309.825,309.57421262811715,310.94728642366357,311.6709340857996,312.020932497687,Down,1537
2026-06-23 18:20:00,309.39523526478087,310.3,308.8,309.45,309.5629205710156,310.8885693090101,311.6488352391748,312.020932497687,Down,1026
2026-06-23 18:30:00,309.4226176323904,309.4226176323904,306.6,308.125,309.43220051910504,310.7801940419901,311.6137722019691,312.020932497687,Down,2755
2026-06-23 18:40:00,308.77380881619524,308.77380881619524,306.2,307.27500000000003,309.2360913810046,310.6427354521082,311.57060033926297,312.020932497687,Down,2851
2026-06-23 18:50:00,308.02440440809767,308.3,307.1,307.8,309.1055376190951,310.5312556304569,311.533081927927,312.020932497687,Down,911
2026-06-23 19:00:00,307.91220220404887,308.2,306.0,307.275,308.9391251082683,310.4035593312233,311.49071295351985,312.020932497687,Down,3191
2026-06-23 19:10:00,307.5936011020244,307.5936011020244,306.0,306.625,308.7287500984257,310.2553805339204,311.442297899256,312.020932497687,Down,1103
2026-06-23 19:20:00,307.1093005510122,307.6,306.6,307.15,308.58522736220516,310.13360090513925,311.39958846742263,312.020932497687,Down,1026
2026-06-23 19:30:00,307.1296502755061,307.7,306.4,307.075,308.4479339656411,310.0136557716044,311.3565577364035,312.020932497687,Down,659
2026-06-23 19:40:00,307.10232513775304,307.10232513775304,305.4,306.075,308.2322126960373,309.8591986825219,311.30400492310594,312.020932497687,Down,2227
2026-06-23 19:50:00,306.58866256887654,306.58866256887654,305.0,305.5,307.9838297236703,309.68824971457985,311.2462536303387,312.020932497687,Down,1593
2026-06-23 20:00:00,306.0443312844383,306.2,305.5,305.79999999999995,307.78529974879115,309.535769333616,311.1920620519274,311.7772026760138,Down,956
2026-06-23 20:10:00,305.9221656422191,306.2,305.3,305.67499999999995,307.5934543170829,309.3843666146507,311.1371659121072,311.4656387963762,Down,827
2026-06-23 20:20:00,305.7985828211096,306.1,305.2,305.57500000000005,307.40995847007537,309.23497968858595,311.0818209776584,311.1733079967056,Down,1085
2026-06-23 20:30:00,305.6867914105548,306.2,305.2,305.75,307.259053154614,309.0983138184453,311.0287680326071,311.08482545155056,Down,926
2026-06-23 20:40:00,305.71839570527743,307.5,305.71839570527743,306.65,307.2036846860127,309.0023015118396,310.9851982014369,311.08482545155056,Down,2498
2026-06-23 20:50:00,306.1841978526387,307.8,306.1841978526387,307.25,307.20789516910247,308.933583805493,310.9480320501788,311.08482545155056,Down,1413
2026-06-23 21:00:00,306.7170989263193,307.4,306.4,307.0,307.188995608275,308.85775698959134,310.90874814918203,311.08482545155056,Down,627
2026-06-23 21:10:00,306.85854946315965,307.4,306.6,307.05,307.17635964388637,308.786864558627,310.87035264521006,311.08482545155056,Down,405
2026-06-23 21:20:00,306.95427473157986,308.2,306.95427473157986,307.725,307.2262360398967,308.74522281122984,310.8390556039642,311.08482545155056,Down,1467
2026-06-23 21:30:00,307.33963736578994,308.4,307.3,307.9,307.287487308997,308.71207681863257,310.8098112695964,311.08482545155056,Down,865
2026-06-23 21:40:00,307.61981868289496,307.9,306.0,306.975,307.25907937181546,308.64395615907836,310.7716539435308,311.08482545155056,Down,1615
2026-06-23 21:50:00,307.2974093414475,307.2974093414475,304.8,305.65000000000003,307.11279942892315,308.5265461136243,310.72069221274944,311.08482545155056,Down,2926
2026-06-23 22:00:00,306.4737046707238,306.4737046707238,304.2,304.8,306.90254493538464,308.3804070503449,310.6617798524236,311.08482545155056,Down,2467
2026-06-23 22:10:00,305.63685233536194,305.63685233536194,303.0,303.75,306.61594994125875,308.1988224601353,310.5930059235438,310.8287773309224,Down,3409
2026-06-23 22:20:00,304.69342616768097,304.69342616768097,302.4,302.975,306.28495449205343,307.9939666773849,310.5172048695782,310.2991872932167,Down,2234
2026-06-23 22:30:00,303.8342130838405,303.8342130838405,302.4,302.95,305.9817768109577,307.7961640625855,310.4419092987367,309.7772514900224,Down,1245
2026-06-23 22:40:00,303.39210654192027,303.5,302.5,303.05,305.71525164632516,307.6100399816998,310.3683579624309,309.4183135891838,Down,1420
2026-06-23 22:50:00,303.22105327096017,303.4,302.5,302.925,305.46159240575014,307.4263129235939,310.2942946991231,309.1121032628943,Down,876
2026-06-23 23:00:00,303.0730266354801,303.8,302.7,303.225,305.2582658234092,307.2615555540412,310.2239534583358,309.1121032628943,Down,780
2026-06-23 23:10:00,303.14901331774007,303.6,303.1,303.425,305.09160529400833,307.11110239505916,310.1563021801434,308.9881018701607,Down,476
2026-06-23 23:20:00,303.28700665887004,303.6,302.8,303.25,304.92418663091667,306.95968661486074,310.0875827554654,308.6164562456006,Down,1264
2026-06-23 23:30:00,303.268503329435,303.6,303.1,303.32500000000005,304.77880602810603,306.8171498848662,310.020293374814,308.45586931418234,Down,1017
2026-06-24 09:00:00,303.29675166471753,303.8,303.0,303.3,304.64436911646,306.6792224384008,309.9534247840199,308.3326084674385,Down,151
2026-06-24 09:10:00,303.2983758323588,303.5,302.8,303.125,304.5062446513273,306.53984116630664,309.8854802588058,307.8887349703986,Down,987
2026-06-24 09:20:00,303.21168791617936,303.3,302.7,303.0,304.3693133193884,306.4010238656672,309.81696801742464,307.5261227003624,Down,750
2026-06-24 09:30:00,303.1058439580897,303.7,303.1058439580897,303.42499999999995,304.2834666539894,306.2843170474057,309.7533663456095,307.5261227003624,Down,468
2026-06-24 09:40:00,303.26542197904485,303.8,303.26542197904485,303.5,304.2122424127176,306.1751281435858,309.6911437949069,307.5261227003624,Down,425
2026-06-24 09:50:00,303.3827109895224,303.4,303.0,303.175,304.1179476479251,306.05747605952365,309.6263065432163,307.1694493084768,Down,300
2026-06-24 10:00:00,303.2788554947612,303.6,303.0,303.2,304.0344978617501,305.94541817483645,309.56236319452756,307.12677209861533,Down,281
2026-06-24 10:10:00,303.2394277473806,303.4,303.0,303.225,303.96090714704553,305.8387351091566,309.49930485428354,306.82433827146843,Down,191
2026-06-24 10:20:00,303.2322138736903,303.3,302.8,303.1,303.88264286095045,305.7313337323269,309.4356301791165,306.5266711558804,Down,250
2026-06-24 10:30:00,303.16610693684515,303.5,302.9,303.2,303.8205844190459,305.6320657428239,309.3735841076825,306.5266711558804,Down,206
2026-06-24 10:40:00,303.1830534684226,303.4,303.0,303.275,303.7709858354962,305.5396317921249,309.3129016787504,306.41708359990116,Down,109
2026-06-24 10:50:00,303.2290267342113,303.3,302.9,303.125,303.7122598504511,305.4449403492965,309.2513305177678,306.1700759999102,Down,283
2026-06-24 11:00:00,303.17701336710564,303.17701336710564,303.0,303.025,303.6497816822283,305.3500407277554,309.1893769802776,305.9438533624187,Down,86
2026-06-24 11:10:00,303.1010066835528,303.2,302.9,303.05,303.595256074753,305.2598430521572,309.12828865211566,305.7548606171507,Down,72
2026-06-24 11:20:00,303.0755033417764,303.1,302.5,302.8,303.5229600679573,305.1633786187393,309.06532060582595,305.47714601559164,Down,315
2026-06-24 11:30:00,302.93775167088825,303.9,302.2,303.125,303.48678187996114,305.0834422023181,309.00621293810633,305.47714601559164,Down,1004
2026-06-24 11:40:00,303.0313758354441,304.2,303.0313758354441,303.725,303.50843807269194,305.03016995908996,308.9536635556376,305.47714601559164,Down,682
2026-06-24 11:50:00,303.3781879177221,303.8,303.0,303.5,303.50767097517445,304.9701632940276,308.8993982466263,305.47714601559164,Down,315
2026-06-24 12:00:00,303.439093958861,303.8,303.3,303.575,303.51379179561314,304.91545100798726,308.84641915959514,305.47714601559164,Down,202
2026-06-24 12:10:00,303.50704697943047,304.0,303.5,303.75,303.53526526873924,304.86974704688976,308.7957085211912,305.47714601559164,Down,341
2026-06-24 12:20:00,303.62852348971523,304.5,303.62852348971523,304.075,303.5843320624902,304.83858049603134,308.74873629709975,305.47714601559164,Down,514
2026-06-24 12:30:00,303.85176174485764,304.5,303.85176174485764,304.175,303.6380291477183,304.8125577314811,308.7032264831983,305.47714601559164,Down,467
2026-06-24 12:40:00,304.0133808724288,304.4,303.7,304.025,303.67320831610755,304.7816731145603,308.65667696595256,305.47714601559164,Down,292
2026-06-24 12:50:00,304.0191904362144,304.3,303.6,303.85,303.6892802873705,304.74513691398937,308.60884933445055,305.47714601559164,Down,273
2026-06-24 13:00:00,303.93459521810723,303.93459521810723,303.5,303.675,303.68798207942774,304.70317076049963,308.5597563062471,305.47714601559164,Down,289
2026-06-24 13:10:00,303.8047976090536,304.4,303.7,304.025,303.718620072207,304.67657582871533,308.51463435295113,305.47714601559164,Down,221
2026-06-24 13:20:00,303.9148988045268,305.0,303.9148988045268,304.575,303.79647279291544,304.67259246288336,308.47543401113074,305.47714601559164,Down,858
2026-06-24 13:30:00,304.2449494022634,304.9,304.2449494022634,304.725,303.88088435719584,304.67464766041735,308.4381162597762,305.47714601559164,Down,268
2026-06-24 13:40:00,304.4849747011317,304.7,304.0,304.4,303.92807668835985,304.6638771639304,308.3979359984849,305.47714601559164,Down,280
2026-06-24 13:50:00,304.44248735056584,304.6,304.2,304.375,303.96870608032714,304.65254864769787,308.35790678456965,305.47714601559164,Down,184
2026-06-24 14:00:00,304.4087436752829,304.7,304.2,304.52500000000003,304.01927825484285,304.647546739945,308.3197684086038,305.47714601559164,Down,301
2026-06-24 14:10:00,304.4668718376415,304.9,304.4668718376415,304.75,304.08570750440254,304.65156451484916,308.28424832493613,305.47714601559164,Down,263
2026-06-24 14:20:00,304.6084359188208,304.9,304.5,304.67499999999995,304.13927954945683,304.6524835534825,308.2483354062801,305.47714601559164,Down,354
2026-06-24 14:30:00,304.6417179594104,304.8,304.4,304.6,304.18116322677895,304.65042537491456,308.2120335614415,305.47714601559164,Down,214
2026-06-24 14:40:00,304.6208589797052,305.2,304.5,304.825,304.23969384252626,304.6572714386434,308.1783317349595,305.47714601559164,Down,446
2026-06-24 14:50:00,304.7229294898526,305.4,304.7229294898526,305.1,304.3179034932057,304.6746333430103,308.14770156844247,305.47714601559164,Down,519
2026-06-24 15:00:00,304.9114647449263,305.4,304.9114647449263,305.175,304.3958213574597,304.69425556485305,308.1181224483585,305.47714601559164,Down,330
2026-06-24 15:10:00,305.0432323724632,305.3,305.0432323724632,305.2,304.46892850678154,304.71408867995683,308.08908640409624,305.47714601559164,Down,281
2026-06-24 15:20:00,305.1216161862316,305.3,304.9,305.125,304.5285713698014,304.73020284937024,308.0595930070406,305.47714601559164,Down,635
2026-06-24 15:30:00,305.1233080931158,305.4,304.9,305.15,304.5850648816376,304.74666548272825,308.0306418328412,305.47714601559164,Down,686
2026-06-24 15:40:00,305.13665404655785,305.9,305.13665404655785,305.475,304.665968074216,304.7752276206605,308.0052125608726,305.47714601559164,Down,1100
2026-06-24 15:50:00,305.30582702327894,305.9,305.3,305.625,304.7531527947418,304.8085520276934,307.98152885379926,303.270980615433,Up,489
2026-06-24 16:00:00,305.46541351163944,306.0,305.46541351163944,305.775,304.84604799521986,304.846451948176,307.9595733428162,303.4210213195368,Up,599
2026-06-24 16:10:00,305.6202067558197,306.4,305.6,305.85,304.9373163592908,304.8858067737378,307.9385825632857,303.6075586942883,Up,1387
2026-06-24 16:20:00,305.73510337790987,305.9,305.2,305.54999999999995,304.9930148720825,304.91185356692455,307.91481557260624,303.6075586942883,Up,1195
2026-06-24 16:30:00,305.6425516889549,306.4,305.2,305.825,305.0686498837114,304.9476632309667,307.8940213878042,303.6075586942883,Up,1413
2026-06-24 16:40:00,305.73377584447746,306.9,305.7,306.15000000000003,305.1669544397376,304.9948136924975,307.8766679411593,303.6075586942883,Up,1513
2026-06-24 16:50:00,305.9418879222387,306.2,305.6,305.9,305.233594945216,305.03031119475247,307.8569996034364,303.6075586942883,Up,690
2026-06-24 17:00:00,305.9209439611193,307.3,305.8,306.4,305.3396317683782,305.08402448123275,307.8425020949445,303.6075586942883,Up,1939
2026-06-24 17:10:00,306.1604719805597,307.0,305.9,306.525,305.44739251670745,305.14053332510593,307.829392621363,303.6075586942883,Up,1612
2026-06-24 17:20:00,306.34273599027983,307.8,306.34273599027983,307.075,305.59535683337043,305.2163947633371,307.8218862271206,303.6227306633069,Up,3024
2026-06-24 17:30:00,306.70886799513994,308.5,306.70886799513994,307.8,305.7957789394277,305.3177126157553,307.8216684537164,303.8179884214091,Up,3192
2026-06-24 17:40:00,307.25443399757,308.0,306.9,307.475,305.9484353994797,305.4023121210198,307.818219016366,303.8179884214091,Up,1829
2026-06-24 17:50:00,307.36471699878496,307.4,305.7,306.7,306.0167594540724,305.4532018417641,307.80709245898925,303.8179884214091,Up,2982
2026-06-24 18:00:00,307.03235849939244,307.3,305.7,306.425,306.05387223097495,305.4913115734596,307.79334029521823,303.8179884214091,Up,2087
2026-06-24 18:10:00,306.72867924969626,307.5,305.9,306.7,306.1126111190681,305.5387111195984,307.78246128730564,303.8179884214091,Up,2173
2026-06-24 18:20:00,306.7143396248481,307.4,305.6,306.525,306.15010101733463,305.57738911490827,307.7699492346957,303.8179884214091,Up,2507
2026-06-24 18:30:00,306.61966981242404,306.61966981242404,304.7,305.475,306.0887281975769,305.5733738555001,307.7471139189276,303.8179884214091,Up,3044
2026-06-24 18:40:00,306.047334906212,306.047334906212,303.5,304.375,305.9329347250699,305.52637880234323,307.7135605465999,303.8179884214091,Up,4873
2026-06-24 18:50:00,305.211167453106,305.211167453106,303.9,304.225,305.77766793188175,305.47534433950625,307.6788485013601,303.8179884214091,Up,1574
2026-06-24 19:00:00,304.718083726553,304.718083726553,303.5,303.95000000000005,305.61151630171065,305.4155269144276,307.64174553119733,303.8179884214091,Up,2169
2026-06-24 19:10:00,304.3340418632765,304.4,302.7,303.75,305.4422875470097,305.35021213346965,307.603021695066,307.9794920961015,Down,3643
2026-06-24 19:20:00,304.04202093163826,306.1,304.0,305.175,305.4179886790997,305.3433410694121,307.57886227521465,307.9794920961015,Down,4251
2026-06-24 19:30:00,304.6085104658191,306.6,304.6085104658191,306.075,305.47771698099973,305.37203357649395,307.56389847148114,307.9794920961015,Down,2586
2026-06-24 19:40:00,305.3417552329096,306.6,305.3,305.95,305.5206518009088,305.39469892643535,307.54783978022266,307.9794920961015,Down,2344
2026-06-24 19:50:00,305.64587761645475,307.9,305.64587761645475,306.725,305.63013800082615,305.4468675959869,307.5396523197229,307.9794920961015,Down,4809
2026-06-24 20:00:00,306.1854388082274,308.0,306.1854388082274,307.15,305.76830727347834,305.5136571020266,307.53577518221323,307.9794920961015,Down,2524
2026-06-24 20:10:00,306.66771940411365,306.9,305.6,306.2,305.80755206679845,305.5405725097903,307.52248388686786,307.9794920961015,Down,2993
2026-06-24 20:20:00,306.4338597020568,306.4338597020568,305.3,305.7,305.79777460618044,305.5468245682299,307.50434971883936,307.9794920961015,Down,1252
2026-06-24 20:30:00,306.0669298510284,306.6,305.3,306.0,305.81615873289127,305.5645961537895,307.48938106492056,307.9794920961015,Down,1101
2026-06-24 20:40:00,306.0334649255142,307.0,306.0334649255142,306.575,305.8851443026284,305.6042198340331,307.48028274586665,307.9794920961015,Down,1057
2026-06-24 20:50:00,306.3042324627571,307.8,306.3042324627571,307.05,305.99104027511675,305.66091709544355,307.47600132550974,307.9794920961015,Down,1982
2026-06-24 21:00:00,306.6771162313786,309.0,306.6771162313786,307.85,306.1600366137425,305.74676348385753,307.4797227053554,307.9794920961015,Down,3971
2026-06-24 21:10:00,307.2635581156893,308.2,307.2635581156893,307.775,306.3068514670386,305.8263021707651,307.4826607878892,307.9794920961015,Down,1243
2026-06-24 21:20:00,307.51927905784464,307.9,306.8,307.275,306.3948649700351,305.8831138503429,307.48059451139284,307.9794920961015,Down,1487
2026-06-24 21:30:00,307.3971395289223,307.3971395289223,306.0,306.5,306.4044227000319,305.90730546405496,307.4708373520755,307.9794920961015,Down,1667
2026-06-24 21:40:00,306.9485697644611,306.9485697644611,305.8,306.225,306.3881115454835,305.9197640733077,307.4584409605126,307.9794920961015,Down,1079
2026-06-24 21:50:00,306.5867848822306,307.3,306.0,306.57500000000005,306.40510140498503,305.94545959984464,307.44965050319405,307.9794920961015,Down,915
2026-06-24 22:00:00,306.58089244111534,307.2,306.58089244111534,306.9,306.45009218635,305.9828925567135,307.4441813439583,307.9794920961015,Down,526
2026-06-24 22:10:00,306.74044622055766,307.5,306.7,307.025,306.5023565330455,306.0237595152738,307.44001038531195,307.9794920961015,Down,783
2026-06-24 22:20:00,306.8827231102788,307.3,306.4,306.95,306.5430513936777,306.0600826715376,307.435134660085,307.9794920961015,Down,652
2026-06-24 22:30:00,306.91636155513936,307.8,306.91636155513936,307.375,306.6186830851615,306.1116480569675,307.4345363052583,307.9794920961015,Down,1647
2026-06-24 22:40:00,307.1456807775697,307.6,307.0,307.425,306.69198462287403,306.16315205473353,307.4344414166488,307.9794920961015,Down,641
2026-06-24 22:50:00,307.28534038878485,307.6,306.9,307.4,306.7563496571582,306.2116558957244,307.4340987159856,307.9794920961015,Down,699
2026-06-24 23:00:00,307.34267019439244,307.9,307.34267019439244,307.7,306.842136051962,306.27002233118617,307.4367444999061,307.9794920961015,Down,1101
2026-06-24 23:10:00,307.52133509719624,307.8,307.3,307.57500000000005,306.9087600472381,306.32119792604163,307.438120176524,307.9794920961015,Down,680
2026-06-24 23:20:00,307.54816754859814,308.2,307.4,307.775,306.9875091338528,306.37820977207923,307.44147221456853,307.9794920961015,Down,1715
2026-06-24 23:30:00,307.66158377429906,308.7,307.66158377429906,308.275,307.104553758048,306.4525937025859,307.4497660233788,304.15977795602095,Up,2400
2026-06-25 09:00:00,307.9682918871495,311.5,302.2,308.125,307.1973215982254,306.5181782632688,307.4564847694148,304.15977795602095,Up,743
2026-06-25 09:10:00,308.0466459435748,310.6,308.0466459435748,310.20000000000005,307.4702923620231,306.6625634294152,307.4837834284256,304.15977795602095,Up,2544
2026-06-25 09:20:00,309.1233229717874,311.1,309.1233229717874,310.75,307.76844760183917,306.8228550596342,307.5162830958045,304.15977795602095,Up,1789
2026-06-25 09:30:00,309.9366614858937,311.0,309.9366614858937,310.775,308.04177054712653,306.977841135727,307.54870813962737,304.15977795602095,Up,994
2026-06-25 09:40:00,310.35583074294686,310.8,310.35583074294686,310.7,308.283427770115,307.1238081500122,307.5800642775415,304.15977795602095,Up,404
2026-06-25 09:50:00,310.52791537147345,310.8,309.9,310.425,308.47811615465,307.25326665393334,307.60837209567546,304.15977795602095,Up,1156
2026-06-25 10:00:00,310.4764576857367,310.6,310.0,310.3,308.6437419587727,307.3727463929948,307.63515446288267,304.3204741128297,Up,321
2026-06-25 10:10:00,310.3882288428684,311.2,310.3882288428684,310.82500000000005,308.8420381443388,307.5081288873872,307.6668942194709,305.0309090694612,Up,891
2026-06-25 10:20:00,310.6066144214342,311.1,310.6066144214342,310.90000000000003,309.02912558576253,307.64114344082304,307.6990644262424,305.43461668035405,Up,411
2026-06-25 10:30:00,310.75330721071714,310.9,310.3,310.625,309.17420507796595,307.75815742353586,307.72817821304596,305.4557358814882,Up,561
2026-06-25 10:40:00,310.68915360535857,310.68915360535857,310.1,310.375,309.2833682526963,307.8607787010443,307.75451474823956,305.50373538390176,Up,398
2026-06-25 10:50:00,310.5320768026793,310.5320768026793,310.2,310.32500000000005,309.3780620479057,307.95741483041513,307.7800917159188,305.79906372874945,Up,781
2026-06-25 11:00:00,310.42853840133967,310.9,310.3,310.625,309.49142004355065,308.0620260135361,307.808399261034,306.230023024918,Up,336
2026-06-25 11:10:00,310.52676920066983,310.9,310.4,310.7,309.6012909486824,308.1654759737896,307.8371714076904,306.49547547719817,Up,222
2026-06-25 11:20:00,310.61338460033494,311.0,310.5,310.775,309.7079917715294,308.2678102493273,307.866403532987,306.7913413429074,Up,227
2026-06-25 11:30:00,310.69419230016746,311.0,310.6,310.85,309.81181070139036,308.3690725924909,307.896091060022,307.0557648571886,Up,250
2026-06-25 11:40:00,310.7720961500837,311.4,310.7,311.05,309.9243733649003,308.4742070006285,307.9274732385293,307.3916044156259,Up,812
2026-06-25 11:50:00,310.9110480750419,311.5,310.9110480750419,311.35,310.053975786273,308.5869831966823,307.96152823118075,307.6655455335598,Up,801
2026-06-25 12:00:00,311.13052403752096,311.4,310.9,311.225,310.16043253297545,308.6904348360281,307.99400058708943,307.7500195418535,Up,685
2026-06-25 12:10:00,311.17776201876046,311.3,310.9,311.1,310.24584775725043,308.7849275875564,308.0249060538846,307.86365412895776,Up,408
