date,open,high,low,close,EMA_21,EMA_50,EMA_200,ST_11_4,ST_DIR_11_4,volume
2026-05-01 17:00:00,289.8,299.3,289.8,294.425,294.425,294.425,294.425,,Up,3
2026-05-01 17:30:00,292.1125,301.9,292.1125,300.05,294.93636363636364,294.6455882352941,294.4809701492538,258.90170454545455,Up,263
2026-05-01 18:00:00,296.08125,302.8,296.08125,300.975,295.4853305785124,294.893800461361,294.54558736169906,262.3569473140496,Up,300
2026-05-01 18:30:00,298.52812500000005,302.6,298.52812500000005,301.775,296.05711870773854,295.16365142366055,294.61752181581153,265.3709464218633,Up,135
2026-05-01 19:00:00,300.1515625,303.0,300.1515625,301.8,296.57919882521685,295.42390038743855,294.68898926043033,268.54624390623934,Up,207
2026-05-01 19:30:00,300.97578125,301.7,299.6,300.55,296.9401807501971,295.6249239016567,294.74730777525195,269.82314786930846,Up,64
2026-05-01 20:00:00,300.762890625,300.762890625,298.0,299.575,297.17970977290645,295.7798288466898,294.7953445138067,270.35234678459864,Up,136
2026-05-01 20:30:00,300.1689453125,301.5,299.2,300.29999999999995,297.46337252082407,295.9570904605451,294.85011720521163,273.12354679281697,Up,87
2026-05-01 21:00:00,300.23447265625,300.8,300.0,300.45000000000005,297.73488410984004,296.13328299150413,294.90583743202546,275.35776981165174,Up,13
2026-05-01 21:30:00,300.342236328125,300.4,299.2,299.8,297.9226219180364,296.27707581536674,294.9545355670302,276.57979073786515,Up,25
2026-05-01 22:00:00,300.0711181640625,300.3,298.6,299.45,298.0614744709422,296.40150421476415,294.999266556413,277.722537034423,Up,35
2026-05-01 22:30:00,299.76055908203125,300.1,299.3,299.825,298.22179497358377,296.5357589514401,295.0472838046079,279.6568518494754,Up,17
2026-05-01 23:00:00,299.79277954101565,300.5,299.79277954101565,300.17499999999995,298.39935906689436,296.6784742866777,295.09830585630334,281.66817492130934,Up,58
2026-05-01 23:30:00,299.9838897705078,300.7,299.7,300.35,298.57669006081306,296.82245568720015,295.1505615194247,283.0379865007286,Up,86
2026-05-04 09:00:00,300.1669448852539,306.7,300.1669448852539,305.2,299.1788091461937,297.1509868367217,295.2505559321667,285.4559855833816,Up,16
2026-05-04 09:30:00,302.6834724426269,306.6,302.6834724426269,305.9,299.7898264965397,297.49408539214437,295.35652054975714,286.87437451022754,Up,283
2026-05-04 10:00:00,304.29173622131344,306.6,304.29173622131344,306.225,300.3748422695815,297.8364742002956,295.46466462388895,288.45435245378354,Up,129
2026-05-04 10:30:00,305.2583681106568,307.0,305.2583681106568,306.575,300.9384929723468,298.1791614865585,295.5752152246463,290.04903095295526,Up,65
2026-05-04 11:00:00,305.91668405532835,307.2,305.8,306.6,301.4531754294062,298.5093904478699,295.6849145756448,291.3725880887516,Up,73
2026-05-04 11:30:00,306.2583420276642,306.7,306.1,306.475,301.9097049358238,298.8217672930515,295.792278609718,292.42962553522875,Up,19
2026-05-04 12:00:00,306.3666710138321,306.7,306.3,306.575,302.33382266893074,299.12581563450044,295.8995693698203,293.6542050320262,Up,21
2026-05-04 12:30:00,306.47083550691605,307.4,306.47083550691605,307.025,302.76029333539157,299.4355875704024,296.01027017211067,294.9195443305422,Up,39
2026-05-04 13:00:00,306.747917753458,307.8,306.747917753458,307.45000000000005,303.1866303049014,299.74987825391605,296.1240983296021,295.96786222079027,Up,42
2026-05-04 13:30:00,307.09895887672906,307.5,306.9,307.225,303.55375482263764,300.04302028317426,296.2345550626409,296.70354849460114,Up,37
2026-05-04 14:00:00,307.16197943836454,307.9,307.16197943836454,307.575,303.91932256603417,300.3383920367753,296.34739531077383,297.72038996458855,Up,64
2026-05-04 14:30:00,307.36848971918226,307.5,306.6,307.125,304.2107477873038,300.60453352552923,296.45463515842783,297.77672749582393,Up,23
2026-05-04 15:00:00,307.2467448595911,307.2467448595911,306.8,307.0,304.46431617027616,300.85533613237124,296.5595641618266,298.4306720225115,Up,12
2026-05-04 15:30:00,307.12337242979555,307.12337242979555,305.6,306.45000000000005,304.64483288206924,301.0747347154155,296.65797645872385,298.4306720225115,Up,39
2026-05-04 16:00:00,306.7866862148978,307.5,306.0,306.4,304.80439352915386,301.2835686481443,296.7549120163485,298.5995459676014,Up,87
2026-05-04 16:30:00,306.5933431074489,306.5933431074489,305.0,305.65,304.88126684468534,301.45480125017787,296.8434203544943,298.5995459676014,Up,134
2026-05-04 17:00:00,306.12167155372447,306.12167155372447,304.8,305.4,304.9284244042594,301.6095149266415,296.9285604504695,298.5995459676014,Up,64
2026-05-04 17:30:00,305.7608357768622,306.8,305.0,305.775,305.005385822054,301.7728672824595,297.01658472459417,298.5995459676014,Up,75
2026-05-04 18:00:00,305.7679178884311,305.8,304.1,305.025,305.00716892914,301.90040189883365,297.0962704487276,298.5995459676014,Up,65
2026-05-04 18:30:00,305.3964589442155,306.2,302.0,304.7,304.97924448103635,302.0101900596637,297.1719294492377,298.5995459676014,Up,171
2026-05-04 19:00:00,305.0482294721078,307.8,305.0482294721078,306.77500000000003,305.1424949827603,302.1970453514416,297.2674823900414,298.5995459676014,Up,167
2026-05-04 19:30:00,305.91161473605393,311.4,305.91161473605393,308.7,305.46590452978205,302.45206318079687,297.38123878417036,298.65357006346926,Up,301
2026-05-04 20:00:00,307.305807368027,310.0,307.305807368027,309.27500000000003,305.8121859361655,302.71962933056955,297.499584666915,298.65357006346926,Up,103
2026-05-04 20:30:00,308.29040368401354,311.3,308.29040368401354,310.475,306.23607812378685,303.02376151368446,297.62869327719443,299.5438491673118,Up,150
2026-05-04 21:00:00,309.3827018420068,311.7,309.3827018420068,311.075,306.67598011253347,303.33949635628505,297.76248737393877,300.37928552291953,Up,64
2026-05-04 21:30:00,310.2288509210034,311.8,310.2288509210034,311.175,307.084981920485,303.6467710089797,297.895945211014,301.20485725169937,Up,96
2026-05-04 22:00:00,310.7019254605017,311.8,310.6,311.25,307.46361992771364,303.94493685176485,298.0288213780686,301.845847082907,Up,46
2026-05-04 22:30:00,310.97596273025084,313.7,310.97596273025084,312.35,307.90783629792145,304.2745471713035,298.1713206678391,302.84364697876845,Up,164
2026-05-04 23:00:00,311.66298136512546,313.0,311.6,312.3,308.3071239072013,304.58927081164455,298.31190454179097,303.1596960124028,Up,59
2026-05-04 23:30:00,311.9814906825627,312.6,311.5,312.0,308.6428399156375,304.87988764256045,298.448104496599,303.340632738548,Up,94
2026-05-05 09:00:00,311.9907453412813,311.9907453412813,308.1,309.07500000000005,308.6821271960341,305.0444018526561,298.5538447503642,303.340632738548,Up,23
2026-05-05 09:30:00,310.5328726706407,310.5328726706407,308.9,309.575,308.76329745094006,305.22207236823823,298.663507986679,303.340632738548,Up,156
2026-05-05 10:00:00,310.0539363353204,310.0539363353204,309.1,309.575,308.8370885917637,305.39277541262106,298.77208004651305,303.340632738548,Up,54
2026-05-05 10:30:00,309.8144681676601,309.8144681676601,308.8,309.1,308.8609896288761,305.53815676898887,298.87484541918457,303.340632738548,Up,36
2026-05-05 11:00:00,309.45723408383003,309.45723408383003,308.6,308.825,308.8577178444328,305.6670525819697,298.9738519324265,303.340632738548,Up,11
2026-05-05 11:30:00,309.141117041915,309.141117041915,308.2,308.55,308.8297434949389,305.7801093434611,299.0691369878253,303.340632738548,Up,27
2026-05-05 12:00:00,308.8455585209575,309.7,308.2,308.85,308.831584995399,305.900497212345,299.1664590078469,303.340632738548,Up,32
2026-05-05 12:30:00,308.8477792604788,309.3,308.8,309.1,308.85598635945365,306.0259679099001,299.265300211749,303.340632738548,Up,7
2026-05-05 13:00:00,308.9738896302394,309.1,308.3,308.675,308.8395330540488,306.1298515212766,299.35892906536344,303.340632738548,Up,18
2026-05-05 13:30:00,308.8244448151197,308.8244448151197,307.0,307.92499999999995,308.7563936854989,306.20024950083433,299.4441636020265,303.340632738548,Up,94
2026-05-05 14:00:00,308.37472240755983,308.37472240755983,307.6,307.875,308.67626698681715,306.2659259909977,299.52805252140934,303.340632738548,Up,25
2026-05-05 14:30:00,308.1248612037799,308.2,307.5,307.875,308.60342453347016,306.3290269325272,299.6111067251764,303.340632738548,Up,34
2026-05-05 15:00:00,307.99993060189,309.0,307.99993060189,308.475,308.591749575882,306.4131827390948,299.6993046682095,303.340632738548,Up,25
2026-05-05 15:30:00,308.237465300945,308.9,308.1,308.425,308.5765905235291,306.49207753364016,299.7861275073318,303.340632738548,Up,30
2026-05-05 16:00:00,308.33123265047254,308.9,308.0,308.45,308.56508229411736,306.56885880683075,299.872335193826,303.340632738548,Up,20
2026-05-05 16:30:00,308.39061632523624,309.2,307.3,308.475,308.5568929946522,306.64360944185705,299.95793384861383,303.340632738548,Up,27
2026-05-05 17:00:00,308.43280816261813,310.4,308.43280816261813,309.375,308.63126635877467,306.75072279707837,300.05163599937396,303.632514589231,Up,68
2026-05-05 17:30:00,308.90390408130907,309.9,306.9,308.5,308.61933305343155,306.8193219030753,300.1356993227633,303.632514589231,Up,145
2026-05-05 18:00:00,308.70195204065453,310.0,306.6,307.8,308.54484823039235,306.8577798676606,300.21196102104426,303.632514589231,Up,195
2026-05-05 18:30:00,308.25097602032724,308.3,306.4,307.225,308.4248620276294,306.87218065716417,300.2817425034219,303.632514589231,Up,69
2026-05-05 19:00:00,307.73798801016363,307.8,306.0,307.125,308.30669275239035,306.88209514119694,300.3498346178157,303.632514589231,Up,156
2026-05-05 19:30:00,307.43149400508184,307.9,304.3,306.25,308.1197206839912,306.8573070964441,300.4085427310713,303.632514589231,Up,162
2026-05-05 20:00:00,306.8407470025409,306.8407470025409,303.6,304.85,307.8224733490829,306.77858917109336,300.4527363357373,303.632514589231,Up,172
2026-05-05 20:30:00,305.8453735012705,305.8453735012705,302.2,304.0,307.4749757718935,306.66962488987406,300.4880324916006,303.632514589231,Up,223
2026-05-05 21:00:00,304.92268675063525,304.92268675063525,301.8,302.875,307.05679615626684,306.52081607066333,300.5117834120822,312.49141040145554,Down,148
2026-05-05 21:30:00,303.8988433753176,303.8988433753176,301.2,302.075,306.6039055966062,306.3464703424021,300.52733780599186,311.83088021153594,Down,163
2026-05-05 22:00:00,302.9869216876588,303.3,301.6,302.425,306.2240050878238,306.1926871917197,300.54622001687756,311.50587138534297,Down,41
2026-05-05 22:30:00,302.7059608438294,303.3,301.6,302.75,305.90818644347615,306.05767985086794,300.5681481759136,311.3007921684936,Down,90
2026-05-05 23:00:00,302.7279804219147,303.9,302.7279804219147,303.35,305.67562403952377,305.9514963273045,300.5958282935662,311.3007921684936,Down,50
2026-05-05 23:30:00,303.03899021095737,303.6,302.7,303.17500000000007,305.44829458138526,305.8426141183906,300.6214916936302,311.1794214873782,Down,60
2026-05-06 09:00:00,303.10699510547875,303.10699510547875,300.1,300.77500000000003,305.0234496194412,305.64388415296355,300.62301913946476,310.021153450356,Down,18
2026-05-06 09:30:00,301.9409975527394,301.9409975527394,300.3,300.775,304.6372269267647,305.452947519514,300.62453138683327,309.3696396115627,Down,97
2026-05-06 10:00:00,301.3579987763697,301.3579987763697,300.6,300.925,304.2997517516043,305.2753809501213,300.62752112427773,308.7538542479494,Down,46
2026-05-06 10:30:00,301.14149938818485,301.14149938818485,300.5,300.8,303.98159250145846,305.09987581482244,300.6292373319964,308.1220720714001,Down,28
2026-05-06 11:00:00,300.97074969409243,301.1,300.7,300.9,303.7014477285986,304.93517480247647,300.63193148789696,307.68302034300694,Down,10
2026-05-06 11:30:00,300.9353748470462,301.2,300.7,300.925,303.4490433896351,304.77791304551664,300.634847592495,307.29820031182453,Down,13
2026-05-06 12:00:00,300.9301874235231,301.3,300.6,300.925,303.2195848996683,304.62681841628074,300.6377346811269,306.9756366471132,Down,15
2026-05-06 12:30:00,300.9275937117616,301.8,300.9275937117616,301.425,303.05644081788023,304.50125690975995,300.64556816688685,306.9756366471132,Down,19
2026-05-06 13:00:00,301.1762968558808,301.8,300.9,301.35,302.9013098344365,304.3776782074164,300.65257743885815,306.9463939232341,Down,15
2026-05-06 13:30:00,301.2631484279404,301.2631484279404,298.5,299.825,302.62164530403317,304.19914180712556,300.64434283747653,306.0055686896376,Down,111
2026-05-06 14:00:00,300.5440742139702,300.5440742139702,298.9,299.45,302.33331391275743,304.0129009519442,300.63245882914345,305.8871499808537,Down,55
2026-05-06 14:30:00,299.9970371069851,300.0,295.7,297.875,301.9280126479613,303.7721989538287,300.60502142785845,305.0182844307896,Down,244
2026-05-06 15:00:00,298.93601855349254,298.93601855349254,295.0,295.85,301.37546604360114,303.46152448505114,300.5577077818101,304.9159109605523,Down,318
2026-05-06 15:30:00,297.3930092767463,297.7,295.6,296.52500000000003,300.9345145850919,303.1895039170099,300.51758133622,304.6390015307327,Down,89
2026-05-06 16:00:00,296.9590046383732,297.5,296.6,297.05,300.5813768955381,302.94873905751933,300.4830780393422,304.6390015307327,Down,51
2026-05-06 16:30:00,297.0045023191866,297.3,292.2,294.92499999999995,300.06716081412554,302.6340826238911,300.42777378024425,303.5293401080436,Down,310
2026-05-06 17:00:00,295.9647511595933,295.9647511595933,292.0,292.725,299.39969164920507,302.24549114844444,300.35112926501796,303.40532155423386,Down,202
2026-05-06 17:30:00,294.3448755797966,294.7,292.1,293.5,298.86335604473186,301.90253071125056,300.28295882457,302.9117690676701,Down,205
2026-05-06 18:00:00,293.9224377898983,295.1,293.9224377898983,294.475,298.46441458611986,301.6112549970839,300.2251681894997,302.9117690676701,Down,93
2026-05-06 18:30:00,294.19871889494914,296.5,294.1,294.85,298.13583144192717,301.3461077422963,300.17168392890767,302.9117690676701,Down,87
2026-05-06 19:00:00,294.5243594474746,294.8,292.0,293.85,297.7462104017519,301.05214273279444,300.10878160125685,302.8569264219911,Down,273
2026-05-06 19:30:00,294.1871797237373,294.1871797237373,291.7,292.8,297.29655491068354,300.7285292922927,300.0360574062195,302.4452246904923,Down,191
2026-05-06 20:00:00,293.49358986186866,293.49358986186866,291.5,292.05,296.81959537334865,300.388194810242,299.9565941484462,301.8595865430899,Down,109
2026-05-06 20:30:00,292.77179493093433,293.5,291.8,292.525,296.4291776121351,300.07983422944824,299.8826479380139,301.779810556505,Down,35
2026-05-06 21:00:00,292.6483974654672,293.0,291.6,292.25,296.04925237466824,299.7727819067248,299.8067011923621,301.1089186877319,Down,85
2026-05-06 21:30:00,292.4491987327336,292.5,291.6,291.95000000000005,295.6765930678802,299.4660061456768,299.7285250610948,300.38538062521076,Down,67
2026-05-06 22:00:00,292.1995993663668,293.1,292.1,292.375,295.3764482435274,299.1879274732973,299.65535565750184,300.38538062521076,Down,40
2026-05-06 22:30:00,292.2872996831834,294.2,292.2,293.075,295.167225675934,298.9482048272856,299.5898794818053,300.38538062521076,Down,88
2026-05-06 23:00:00,292.6811498415917,294.0,292.6811498415917,293.675,295.0315687963036,298.74141248111755,299.5310249595983,300.38538062521076,Down,34
2026-05-06 23:30:00,293.1780749207959,294.0,292.9,293.67499999999995,294.90824436027594,298.5427296387208,299.4727560545277,300.38538062521076,Down,81
2026-05-07 09:00:00,293.4265374603979,294.9,292.4,294.025,294.8279494184327,298.36556377053563,299.418549526622,300.38538062521076,Down,11
2026-05-07 09:30:00,293.725768730199,294.3,293.5,293.95,294.7481358349388,298.1924044069852,299.3641360984964,300.38538062521076,Down,117
2026-05-07 10:00:00,293.8378843650995,294.1,293.8,293.925,294.6733053044898,298.02505521455436,299.31001534129746,300.38538062521076,Down,61
2026-05-07 10:30:00,293.8814421825498,294.5,293.8,294.025,294.6143684586271,297.8681903041797,299.2574281239712,300.38538062521076,Down,29
2026-05-07 11:00:00,293.9532210912749,294.3,293.9532210912749,294.075,294.56533496238825,297.7194377432314,299.20586167497646,300.0361462059835,Down,14
2026-05-07 11:30:00,294.01411054563744,294.2,293.8,293.975,294.5116681476257,297.5725970474184,299.1538133001011,299.5177596912237,Down,31
2026-05-07 12:00:00,293.9945552728188,293.9945552728188,293.2,293.6,294.42878922511426,297.4168089279118,299.09855147621954,298.90235200036506,Down,30
2026-05-07 12:30:00,293.7972776364094,293.7972776364094,292.2,292.8,294.2807174773766,297.2357575974055,299.03587932222734,298.4022619259496,Down,62
2026-05-07 13:00:00,293.2986388182047,293.2986388182047,290.5,291.575,294.0347431612514,297.0137671033896,298.96164171703106,297.8293908954904,Down,243
2026-05-07 13:30:00,292.4368194091023,292.4368194091023,291.0,291.45,293.79976651022855,296.79558015815866,298.886899013379,297.6318635682139,Down,39
2026-05-07 14:00:00,291.9434097045512,292.3,291.3,291.75,293.61342410020774,296.59771426960344,298.81588509284785,297.53950351242065,Down,66
2026-05-07 14:30:00,291.8467048522756,292.0,291.2,291.75,293.44402190927974,296.40760782765824,298.74557777849117,297.108639556746,Down,41
2026-05-07 15:00:00,291.7983524261378,292.2,291.7983524261378,291.92499999999995,293.3059290084361,296.23181928539714,298.6777113329341,297.108639556746,Down,27
2026-05-07 15:30:00,291.8616762130689,292.8,291.8,292.27500000000003,293.21220818948734,296.0766499016561,298.6140027624572,297.108639556746,Down,132
2026-05-07 16:00:00,292.0683381065345,292.8,292.0683381065345,292.625,293.1588256268067,295.9412910819833,298.55441069516905,297.108639556746,Down,35
2026-05-07 16:30:00,292.34666905326725,293.1,292.3,292.65000000000003,293.1125687516424,295.81222084347417,298.49566033999326,297.108639556746,Down,43
2026-05-07 17:00:00,292.49833452663364,292.7,291.7,292.25,293.034153410584,295.67252590843594,298.4335144659635,296.8533855196076,Down,28
2026-05-07 17:30:00,292.37416726331685,292.37416726331685,290.4,291.29999999999995,292.8765031005309,295.5010543041836,298.3625342225211,296.3353131088715,Down,205
2026-05-07 18:00:00,291.8370836316584,292.0,290.1,290.8,292.6877300913917,295.3166992334313,298.2872851257796,296.2392995247392,Down,105
2026-05-07 18:30:00,291.31854181582924,291.31854181582924,288.8,289.75,292.42066371944696,295.0983973027085,298.20233701507533,295.6926493179791,Down,357
2026-05-07 19:00:00,290.5342709079146,291.1,289.0,289.675,292.17105792676995,294.8857150555435,298.1174878905472,295.6926493179791,Down,258
2026-05-07 19:30:00,290.1046354539573,290.1046354539573,288.0,288.75,291.8600526606999,294.6450987788555,298.0242790558154,295.16753922268583,Down,314
2026-05-07 20:00:00,289.4273177269787,293.2,288.5,290.7,291.754593327909,294.49038902282194,297.9514006572501,295.16753922268583,Down,237
2026-05-07 20:30:00,290.0636588634893,296.0,290.0636588634893,294.175,291.9746302980991,294.47802082584855,297.91382453130734,295.16753922268583,Down,715
2026-05-07 21:00:00,292.11932943174463,297.1,292.11932943174463,296.15,292.35420936190826,294.5435886365996,297.8962740384585,288.4822403087763,Up,219
2026-05-07 21:30:00,294.1346647158723,296.7,294.1346647158723,296.1,292.69473578355297,294.60462437634084,297.8784006649415,288.4822403087763,Up,131
2026-05-07 22:00:00,295.11733235793616,297.9,295.11733235793616,296.7,293.0588507123209,294.68679596942553,297.86667528519087,288.4822403087763,Up,200
2026-05-07 22:30:00,295.9086661789681,296.8,295.8,296.3,293.3535006475645,294.7500588725853,297.851086476383,288.4822403087763,Up,57
2026-05-07 23:00:00,296.10433308948404,296.3,294.7,295.75,293.57136422505863,294.78927225013103,297.8301801432847,288.4822403087763,Up,101
2026-05-07 23:30:00,295.927166544742,296.8,295.1,296.15,293.8057856591442,294.84263412267495,297.81346193290375,288.4822403087763,Up,121
2026-05-08 09:00:00,296.038583272371,296.6,295.4,296.0,294.0052596901311,294.888021019825,297.79541753556146,288.4822403087763,Up,1
2026-05-08 09:30:00,296.01929163618547,296.2,295.5,295.925,294.1797815364828,294.9286868621848,297.77680641580463,288.4822403087763,Up,94
2026-05-08 10:00:00,295.9721458180927,296.5,295.7,296.1,294.354346851348,294.9746207107266,297.76012177485137,288.5168687789201,Up,33
2026-05-08 10:30:00,296.0360729090464,296.5,295.4,295.92499999999995,294.4971335012254,295.01189048677657,297.7418618566937,288.65624434447284,Up,81
2026-05-08 11:00:00,295.9805364545232,296.2,295.4,295.775,294.61330318293216,295.0418163500403,297.72229109195047,288.8784039495207,Up,29
2026-05-08 11:30:00,295.8777682272616,296.6,295.8777682272616,296.15,294.7530028935747,295.0852745323917,297.70664640446836,289.64652406774053,Up,35
2026-05-08 12:00:00,296.01388411363075,296.5,295.6,296.05,294.8709117214316,295.1231069036705,297.6901623606428,289.72967268555436,Up,29
2026-05-08 12:30:00,296.0319420568154,296.3,295.8,296.0,294.97355611039234,295.15749486823245,297.67334482471597,290.1224297141403,Up,13
2026-05-08 13:00:00,296.0159710284077,297.2,295.6,296.375,295.10096010035664,295.20524016751745,297.6604259707387,290.42948155830936,Up,82
2026-05-08 13:30:00,296.1954855142038,297.6,296.1954855142038,297.17500000000007,295.28950918214235,295.28248565114427,297.6555958615771,290.95926617891183,Up,36
2026-05-08 14:00:00,296.68524275710195,300.0,296.68524275710195,298.275,295.5609174383112,295.39983915502097,297.6617590868351,291.73864003732433,Up,200
2026-05-08 14:30:00,297.48012137855096,299.2,297.48012137855096,298.35,295.8144703984647,295.515531737177,297.6686072551253,291.73864003732433,Up,72
2026-05-08 15:00:00,297.9150606892755,298.7,297.8,298.2,296.031336725877,295.62080500238574,297.6738947451241,291.8963365373502,Up,59
2026-05-08 15:30:00,298.0575303446377,299.3,298.0575303446377,298.8,296.2830333871609,295.7454793160176,297.68509977253575,292.4509003315964,Up,37
2026-05-08 16:00:00,298.4287651723189,300.0,298.4287651723189,299.325,296.5595758065099,295.88585267617384,297.7014171877344,292.981329157255,Up,142
2026-05-08 16:30:00,298.87688258615947,299.8,298.1,298.975,296.7791598240999,296.00699570848076,297.7140896535281,292.981329157255,Up,52
2026-05-08 17:00:00,298.92594129307975,299.2,298.0,298.55,296.94014529463624,296.1067213669717,297.72240716941343,292.981329157255,Up,69
2026-05-08 17:30:00,298.7379706465399,298.7379706465399,296.1,297.25,296.9683139042147,296.1515558231689,297.7177066005636,292.981329157255,Up,314
2026-05-08 18:00:00,297.99398532326995,298.0,296.3,297.325,297.0007399129224,296.1975732418682,297.7137990721998,292.981329157255,Up,63
2026-05-08 18:30:00,297.659492661635,298.4,296.8,297.85,297.077945375384,296.26237429120675,297.71515430531224,292.981329157255,Up,101
2026-05-08 19:00:00,297.7547463308175,300.9,297.5,299.0,297.25267761398544,296.3697321621398,297.72793883958775,292.981329157255,Up,329
2026-05-08 19:30:00,298.3773731654088,300.2,298.0,298.9,297.40243419453225,296.46895835185984,297.73960113969133,292.981329157255,Up,181
2026-05-08 20:00:00,298.6386865827044,299.9,298.2,298.85,297.5340310859384,296.5623325341399,297.75064988457007,292.981329157255,Up,107
2026-05-08 20:30:00,298.7443432913521,298.9,298.1,298.55,297.6263918963076,296.6402802778991,297.75860361706196,292.981329157255,Up,9
2026-05-08 21:00:00,298.64717164567605,298.8,297.0,297.925,297.65353808755236,296.6906614434717,297.7602593024643,292.981329157255,Up,87
2026-05-08 21:30:00,298.286085822838,298.286085822838,297.4,297.575,297.64639826141126,296.725341386865,297.7584159263204,292.981329157255,Up,25
2026-05-08 22:00:00,297.930542911419,297.930542911419,296.2,296.9,297.5785438740102,296.73219074424287,297.74987447431727,292.981329157255,Up,90
2026-05-08 22:30:00,297.4152714557095,297.4152714557095,295.5,296.0,297.4350398854639,296.7034773817236,297.73246278800565,292.981329157255,Up,123
2026-05-08 23:00:00,296.7076357278547,296.7076357278547,293.9,295.0,297.21367262314897,296.6366743471462,297.7052741035479,292.981329157255,Up,388
2026-05-08 23:30:00,295.85381786392736,295.85381786392736,293.5,294.32500000000005,296.9510660210445,296.5460204511797,297.6716395353534,292.981329157255,Up,264
2026-05-11 09:00:00,295.0894089319637,301.7,295.0894089319637,300.25,297.25096911004044,296.6912745511334,297.6972948633598,292.981329157255,Up,55
2026-05-11 09:30:00,297.66970446598185,300.0,297.66970446598185,299.3,297.43724464549126,296.7935775099125,297.7132421781522,292.981329157255,Up,346
2026-05-11 10:00:00,298.48485223299093,299.7,298.48485223299093,299.29999999999995,297.6065860413557,296.8918685879552,297.72903081319544,292.981329157255,Up,134
2026-05-11 10:30:00,298.89242611649547,300.2,298.89242611649547,299.75,297.8014418557779,297.00395217274126,297.7491399593328,292.981329157255,Up,124
2026-05-11 11:00:00,299.32121305824774,300.0,299.3,299.70000000000005,297.9740380507072,297.1096795385161,297.768551502026,292.981329157255,Up,27
2026-05-11 11:30:00,299.5106065291239,300.0,299.5,299.65,298.1263982279156,297.20929994877037,297.7872723826029,292.981329157255,Up,66
2026-05-11 12:00:00,299.580303264562,299.580303264562,299.1,299.375,298.23990747992326,297.2942293625441,297.8030706673531,292.981329157255,Up,35
2026-05-11 12:30:00,299.477651632281,299.477651632281,299.0,299.275,298.3340067999302,297.37190664244434,297.81771673036457,292.981329157255,Up,28
2026-05-11 13:00:00,299.3763258161405,300.1,299.0,299.625,298.45136981811834,297.4602632447014,297.8356996484704,293.11524669258864,Up,67
2026-05-11 13:30:00,299.50066290807024,300.3,299.50066290807024,300.07500000000005,298.5989725619258,297.56280194098764,297.85798124400804,293.75988768659585,Up,39
2026-05-11 14:00:00,299.78783145403514,300.3,299.0,299.7,298.6990659653871,297.6466136295764,297.8763097888438,293.75988768659585,Up,68
2026-05-11 14:30:00,299.7439157270176,299.7439157270176,299.0,299.20000000000005,298.7446054230792,297.70753074214207,297.889480835721,293.75988768659585,Up,15
2026-05-11 15:00:00,299.4719578635088,299.4719578635088,298.8,299.125,298.7791867482538,297.763117771862,297.9017745587486,293.75988768659585,Up,64
2026-05-11 15:30:00,299.2984789317544,299.5,299.1,299.25,298.82198795295795,297.82142687884783,297.9151897372686,294.15967195323725,Up,16
2026-05-11 16:00:00,299.2742394658772,299.4,298.7,299.125,298.84953450268904,297.87254739340284,297.92722765033056,294.15967195323725,Up,49
2026-05-11 16:30:00,299.1996197329386,300.5,299.1996197329386,299.65,298.92230409335366,297.94225141719096,297.94436966376014,294.870199910467,Up,128
2026-05-11 17:00:00,299.4248098664693,301.3,299.4248098664693,300.35,299.0520946303215,298.0366729302423,297.96830628402125,295.15359947013053,Up,143
2026-05-11 17:30:00,299.8874049332346,302.0,299.8874049332346,301.25,299.25190420938316,298.1626857565073,298.000959952837,295.4402083849716,Up,255
2026-05-11 18:00:00,300.5687024666173,302.0,300.4,301.35,299.4426401903483,298.28767847193836,298.0342837344008,295.61500538032203,Up,212
2026-05-11 18:30:00,300.95935123330867,301.7,300.2,301.075,299.5910365366803,298.396985198529,298.0645396176406,295.61500538032203,Up,103
2026-05-11 19:00:00,301.0171756166543,302.4,300.6,301.45000000000005,299.7600332151639,298.51671126917495,298.09822579059943,295.7338887440678,Up,111
2026-05-11 19:30:00,301.2335878083272,302.6,300.9,301.65,299.9318483774217,298.63958533705045,298.1335668275089,295.8898988582435,Up,103
2026-05-11 20:00:00,301.44179390416355,302.8,301.44179390416355,302.375,300.15395307038335,298.7860721865779,298.17577014265805,296.299639151999,Up,269
2026-05-11 20:30:00,301.9083969520818,303.9,301.9083969520818,303.27500000000003,300.4376846094394,298.96210857141796,298.22650874820374,296.88792664035896,Up,232
2026-05-11 21:00:00,302.5916984760409,305.4,302.5916984760409,304.45,300.8024405540358,299.17731999998983,298.28843403429124,297.5053106514154,Up,327
2026-05-11 21:30:00,303.52084923802045,305.6,303.5,304.5,301.1385823218507,299.38605254900983,298.35024066081576,297.8858740121772,Up,267
2026-05-11 22:00:00,304.0104246190102,304.5,303.5,304.0,301.39871120168243,299.566991664735,298.4064571716534,297.8858740121772,Up,53
2026-05-11 22:30:00,304.0052123095051,305.0,303.7,304.45,301.67610109243856,299.7584821876866,298.4665919261643,298.03915207617956,Up,79
2026-05-11 23:00:00,304.2276061547525,306.5,304.2276061547525,305.525,302.02600099312593,299.98462014111067,298.5368248423219,298.80034356654033,Up,164
2026-05-11 23:30:00,304.8763030773763,306.4,304.8763030773763,306.04999999999995,302.3918190846599,300.2224781747926,298.6115828040899,299.11729855697416,Up,123
2026-05-12 09:00:00,305.4631515386881,306.9,305.4631515386881,306.6,302.77438098605444,300.47257706989876,298.6910695423577,299.73103725458157,Up,6
2026-05-12 09:30:00,306.03157576934404,308.0,306.03157576934404,307.45,303.1994372600495,300.7462014985302,298.77822307924964,300.43587133283125,Up,243
2026-05-12 10:00:00,306.74078788467205,308.5,306.74078788467205,307.875,303.6244884182268,301.025762224078,298.86873827249093,300.9989381259979,Up,163
2026-05-12 10:30:00,307.307893942336,308.3,307.2,307.8,304.0040803802062,301.2914186074475,298.95760654838654,301.33049471241986,Up,71
2026-05-12 11:00:00,307.553946971168,308.5,307.553946971168,307.975,304.3650730729147,301.55351983852796,299.0473318563628,301.84704030457226,Up,62
2026-05-12 11:30:00,307.764473485584,308.0,307.5,307.75,304.67279370264976,301.7965190605465,299.13392556923486,301.95006074453477,Up,45
2026-05-12 12:00:00,307.757236742792,308.8,307.757236742792,308.175,304.99117609331796,302.046655567976,299.22388650884443,302.62412813915483,Up,84
2026-05-12 12:30:00,307.966118371396,308.2,307.5,307.9,305.2556146302891,302.2761984868789,299.3102159963186,302.62412813915483,Up,30
2026-05-12 13:00:00,307.933059185698,307.933059185698,307.3,307.65,305.4732860275355,302.486935801119,299.3931989217284,302.62412813915483,Up,107
2026-05-12 13:30:00,307.791529592849,308.4,307.6,307.875,305.6916236613959,302.6982324363692,299.477594952358,303.0411447979352,Up,23
2026-05-12 14:00:00,307.8332647964245,308.4,307.7,307.90000000000003,305.89238514672354,302.9022233212175,299.5613999777077,303.28740436175923,Up,27
2026-05-12 14:30:00,307.86663239821223,308.1,307.6,307.8,306.0658046788396,303.0942929948952,299.6433760973325,303.3385494197812,Up,28
2026-05-12 15:00:00,307.8333161991061,307.8333161991061,306.5,307.15,306.1643678898542,303.25334032842875,299.71806887248346,303.3385494197812,Up,83
2026-05-12 15:30:00,307.49165809955304,307.6,306.5,306.95,306.2357889907765,303.39830737437273,299.7900283861901,303.3385494197812,Up,49
2026-05-12 16:00:00,307.2208290497765,307.5,307.0,307.225,306.32571726434225,303.5483737518483,299.8640082032429,303.3385494197812,Up,19
2026-05-12 16:30:00,307.22291452488827,307.8,306.7,307.1,306.3961066039475,303.6876532125602,299.93600812161867,303.3385494197812,Up,41
2026-05-12 17:00:00,307.1614572624442,307.2,305.5,306.275,306.3850969126795,303.78911779245976,299.9990826676722,303.3385494197812,Up,89
2026-05-12 17:30:00,306.7182286312221,306.7182286312221,304.8,305.525,306.30690628425407,303.8571916045202,300.0540669197352,303.3385494197812,Up,131
2026-05-12 18:00:00,306.12161431561105,306.12161431561105,304.0,304.8,306.1699148038673,303.89416448277433,300.1012901344642,303.3385494197812,Up,94
2026-05-12 18:30:00,305.4608071578056,306.0,302.9,304.175,305.9885589126066,303.9051776403126,300.14182456098695,303.3385494197812,Up,181
2026-05-12 19:00:00,304.8179035789028,304.9,302.7,303.675,305.7782353750969,303.89615106618277,300.1769805355045,303.3385494197812,Up,168
2026-05-12 19:30:00,304.2464517894514,304.2464517894514,300.5,302.025,305.437032159179,303.8227725929992,300.19536878888266,308.92047031172274,Down,303
2026-05-12 20:00:00,303.1357258947257,303.1357258947257,300.0,300.875,305.02230196289,303.70717366778354,300.2021312884958,308.92047031172274,Down,252
2026-05-12 20:30:00,302.00536294736287,302.00536294736287,300.9,301.375,304.69072905717275,303.6157158768901,300.2138016239337,308.6202927764713,Down,75
2026-05-12 21:00:00,301.69018147368143,301.8,300.0,301.025,304.35748096106613,303.51411917583556,300.2218732495662,308.0705557298089,Down,194
2026-05-12 21:30:00,301.35759073684073,301.35759073684073,298.6,299.75,303.93861905551466,303.3665066591361,300.21717799335164,307.5002426634615,Down,272
2026-05-12 22:00:00,300.5537953684204,300.5537953684204,298.5,299.025,303.4919264141042,303.1962514960328,300.20531552575613,307.1114117227641,Down,206
2026-05-12 22:30:00,299.78939768421014,299.78939768421014,297.9,298.42499999999995,303.0312967400947,303.00914359422757,300.1876009434103,306.42676530777595,Down,186
2026-05-12 23:00:00,299.10719884210505,299.10719884210505,297.8,298.35,302.605724309177,302.82643208072847,300.1693163569087,305.8217321506097,Down,155
2026-05-12 23:30:00,298.72859942105254,299.9,298.2,299.05,302.2824766447063,302.67833670501363,300.1581788807206,305.8217321506097,Down,217
2026-05-13 09:00:00,298.8892997105263,299.5,297.8,298.67499999999995,301.95452422246024,302.52134310873856,300.14342088190745,305.8217321506097,Down,33
2026-05-13 09:30:00,298.7821498552631,298.7821498552631,297.4,297.92499999999995,301.5882038386002,302.34109435937626,300.12134704228646,305.20233958541104,Down,225
2026-05-13 10:00:00,298.35357492763154,299.1,298.1,298.575,301.3142762169092,302.19340438449876,300.1059605045523,305.20233958541104,Down,106
2026-05-13 10:30:00,298.46428746381577,299.0,298.3,298.65,301.07206928809927,302.0544473498125,300.09147333535276,305.1700534361814,Down,64
2026-05-13 11:00:00,298.5571437319079,298.5571437319079,297.7,298.075,300.79960844372664,301.8983905909963,300.07140892405573,304.401347717028,Down,122
2026-05-13 11:30:00,298.316071865954,298.7,297.8,298.17499999999995,300.56100767611514,301.75237527370234,300.05253918351787,304.2797962282491,Down,105
2026-05-13 12:00:00,298.24553593297696,299.0,297.9,298.475,300.3713706146501,301.623850753165,300.03684227621915,304.2797962282491,Down,72
2026-05-13 12:30:00,298.36026796648844,299.4,298.36026796648844,298.9,300.23760964968193,301.5170330765703,300.0255304127742,304.2797962282491,Down,40
2026-05-13 13:00:00,298.6301339832442,299.3,298.4,298.9,300.11600877243814,301.4144043284696,300.0143311051844,304.2797962282491,Down,77
2026-05-13 13:30:00,298.7650669916221,299.1,298.1,298.65,299.982735247671,301.3059963155884,300.000755671302,303.9925813284572,Down,78
2026-05-13 14:00:00,298.70753349581105,298.70753349581105,298.1,298.3,299.8297593160645,301.18811410713397,299.983832729299,303.52703468134337,Down,47
2026-05-13 14:30:00,298.5037667479055,298.6,298.0,298.20000000000005,299.68159937824043,301.07093316175616,299.96608314990306,303.17569812130716,Down,60
2026-05-13 15:00:00,298.3518833739528,299.1,298.1,298.55,299.5787267074913,300.9720730377657,299.95199277030207,303.17569812130716,Down,29
2026-05-13 15:30:00,298.4509416869764,298.9,297.4,298.15,299.4488424613557,300.86140350687293,299.93406249398066,303.0555356374439,Down,100
2026-05-13 16:00:00,298.3004708434882,298.7,297.3,297.67499999999995,299.28758405577787,300.73644650660344,299.9115842602097,302.96866876131264,Down,168
2026-05-13 16:30:00,297.9877354217441,297.9877354217441,296.3,296.9,299.0705309597981,300.58599762399155,299.8816182476703,302.2745612836087,Down,211
2026-05-13 17:00:00,297.44386771087204,297.7,296.6,297.02500000000003,298.8845735998164,300.4463506583448,299.85319418550444,302.21426688430597,Down,232
2026-05-13 17:30:00,297.234433855436,298.1,296.8,297.32500000000005,298.7427941816513,300.32394475017446,299.82803802445466,302.21426688430597,Down,152
2026-05-13 18:00:00,297.279716927718,299.8,296.8,298.5,298.7207219833193,300.25241750506956,299.8148237157536,302.21426688430597,Down,182
2026-05-13 18:30:00,297.889858463859,304.3,297.889858463859,301.625,298.984747257563,300.3062442695766,299.83283542007445,302.21426688430597,Down,645
2026-05-13 19:00:00,299.7574292319295,304.4,299.7574292319295,303.54999999999995,299.39977023414815,300.43345037665205,299.86982213231255,294.2850701708916,Up,401
2026-05-13 19:30:00,301.6537146159648,303.5,300.8,302.35,299.6679729401347,300.5086091854108,299.89450051905567,294.2850701708916,Up,355
2026-05-13 20:00:00,302.0018573079824,302.0018573079824,300.1,301.05,299.7936117637588,300.52984019774766,299.9059980263288,294.2850701708916,Up,132
2026-05-13 20:30:00,301.5259286539912,301.9,300.0,300.675,299.87373796705344,300.53553273901247,299.91364978726085,294.2850701708916,Up,147
2026-05-13 21:00:00,301.1004643269956,302.0,300.0,300.975,299.9738526973213,300.55276674924727,299.92421048589506,294.2850701708916,Up,246
2026-05-13 21:30:00,301.0377321634978,301.9,300.7,301.15,300.080775179383,300.5761876610415,299.93640739648316,294.2850701708916,Up,66
2026-05-13 22:00:00,301.0938660817489,301.0938660817489,298.5,299.775,300.05297743580275,300.5447685370791,299.93480135273705,294.2850701708916,Up,176
2026-05-13 22:30:00,300.4344330408744,300.4344330408744,298.5,299.175,299.9731613052752,300.49105212386036,299.92724114027203,294.2850701708916,Up,90
2026-05-13 23:00:00,299.8047165204372,300.2,298.8,299.6,299.9392375502502,300.4561089033168,299.9239850095231,294.2850701708916,Up,114
2026-05-13 23:30:00,299.7023582602186,301.0,299.4,300.225,299.96521595477293,300.4470458090691,299.9269801835577,294.2850701708916,Up,132
2026-05-14 09:00:00,299.9636791301093,300.3,299.9636791301093,300.15,299.982014504339,300.43539695381145,299.9291992862089,294.2850701708916,Up,1
2026-05-14 09:30:00,300.05683956505464,300.8,300.05683956505464,300.45,300.0245586403082,300.43596962228946,299.9343813828636,294.2850701708916,Up,106
2026-05-14 10:00:00,300.2534197825273,301.0,300.2534197825273,300.7,300.08596240028015,300.44632375474873,299.9419994785565,294.2850701708916,Up,45
2026-05-14 10:30:00,300.4767098912637,301.8,300.4767098912637,301.275,300.19405672752737,300.47882086240566,299.95526316533704,294.63749447865945,Up,97
2026-05-14 11:00:00,300.87585494563183,303.0,300.87585494563183,302.25,300.38096066138854,300.5482788678015,299.97809636767204,295.2556379376162,Up,179
2026-05-14 11:30:00,301.5629274728159,303.1,301.5629274728159,302.6,300.5826915103532,300.62873852004464,300.0041849610285,295.697719603614,Up,119
2026-05-14 12:00:00,302.08146373640795,302.6,301.6,302.07500000000005,300.7183559185029,300.6854546565135,300.0247900857944,295.70568715200557,Up,118
2026-05-14 12:30:00,302.078231868204,302.1,301.2,301.6,300.7985053804572,300.7213191797875,300.04046381628405,295.70568715200557,Up,48
2026-05-14 13:00:00,301.839115934102,302.3,301.5,301.875,300.8963685276883,300.76656156489383,300.0587179076643,296.02701417521115,Up,115
2026-05-14 13:30:00,301.857057967051,302.5,301.6,302.20000000000005,301.0148804797167,300.8227748368588,300.08002419714023,296.383649250192,Up,23
2026-05-14 14:00:00,302.0285289835255,302.5,301.6,302.05,301.10898225428787,300.87090131384474,300.0996259464224,296.57149931835636,Up,79
2026-05-14 14:30:00,302.0392644917628,302.0392644917628,300.8,301.25,301.1218020493526,300.8857679289881,300.1110724544182,296.57149931835636,Up,181
2026-05-14 15:00:00,301.6446322458814,301.7,300.8,301.15,301.12436549941145,300.89612997098857,300.12141004193643,296.57149931835636,Up,38
2026-05-14 15:30:00,301.39731612294065,301.6,300.4,300.95000000000005,301.10851409037406,300.8982425211459,300.12965471813607,296.57149931835636,Up,71
2026-05-14 16:00:00,301.17365806147035,301.17365806147035,298.4,299.675,300.97819462761277,300.850272226199,300.12513079059244,296.57149931835636,Up,197
2026-05-14 16:30:00,300.4243290307352,300.4243290307352,298.5,299.175,300.8142678432843,300.78457527615205,300.1156767528751,296.57149931835636,Up,156
2026-05-14 17:00:00,299.7996645153676,299.9,298.5,299.0,300.64933440298574,300.7145919319893,300.1045754916525,296.57149931835636,Up,53
2026-05-14 17:30:00,299.3998322576838,300.0,298.0,298.825,300.48348582089614,300.6404902875976,300.0918433972082,296.57149931835636,Up,174
2026-05-14 18:00:00,299.1124161288419,299.3,297.4,298.65,300.3168052917237,300.5624318449467,300.0774966967385,296.57149931835636,Up,299
2026-05-14 18:30:00,298.88120806442095,299.1,297.1,298.175,300.1220957197488,300.46880706671345,300.05856638134804,296.57149931835636,Up,250
2026-05-14 19:00:00,298.5281040322105,298.5281040322105,295.9,296.79999999999995,299.8200870179535,300.3249322797835,300.026142835265,296.57149931835636,Up,370
2026-05-14 19:30:00,297.6640520161052,297.6640520161052,295.4,295.975,299.470533652685,300.1543467001842,299.9858329563071,303.50745416376475,Down,244
2026-05-14 20:00:00,296.8195260080526,299.3,295.5,297.1,299.25503059335,300.03456839821615,299.9571182005229,303.50745416376475,Down,394
2026-05-14 20:30:00,296.9597630040263,300.3,296.9597630040263,298.525,299.1886641757727,299.9753696375018,299.94286826817944,303.50745416376475,Down,632
2026-05-14 21:00:00,297.7423815020132,302.0,297.7423815020132,300.5,299.30787652342974,299.99594337720765,299.948411867501,303.50745416376475,Down,554
2026-05-14 21:30:00,299.12119075100657,302.5,299.12119075100657,302.025,299.55488774857247,300.0755142251603,299.96907443598366,303.50745416376475,Down,262
2026-05-14 22:00:00,300.57309537550327,302.5,300.57309537550327,302.075,299.78398886233856,300.1539254320168,299.9900289192077,303.50745416376475,Down,121
2026-05-14 22:30:00,301.32404768775166,304.0,301.32404768775166,302.925,300.0695353293987,300.2625950229181,300.0192326115539,303.50745416376475,Down,350
2026-05-14 23:00:00,302.12452384387586,303.5,302.12452384387586,302.875,300.32457757218066,300.3650422769213,300.04764820745885,303.50745416376475,Down,141
2026-05-14 23:30:00,302.49976192193793,304.0,301.7,302.8,300.54961597470964,300.46053081508126,300.0750347924593,303.50745416376475,Down,240
2026-05-15 09:00:00,302.64988096096897,305.2,302.64988096096897,304.79999999999995,300.93601452246327,300.63070607723495,300.1220493716388,294.75123918351113,Up,37
2026-05-15 09:30:00,303.72494048048446,305.5,303.72494048048446,305.07500000000005,301.3122859295121,300.8049921134218,300.1713324624683,295.6272655995336,Up,392
2026-05-15 10:00:00,304.3999702402423,305.3,304.3999702402423,305.15000000000003,301.66116902682916,300.97538457956216,300.22087144294125,296.3543337159286,Up,197
2026-05-15 10:30:00,304.7749851201212,305.2,304.5,304.9,301.9556082062083,301.12929106663813,300.2674299360463,296.8721350870977,Up,88
2026-05-15 11:00:00,304.8374925600606,305.1,304.6,304.75,302.2096438238257,301.27127965226015,300.3120326232499,297.415577351907,Up,58
2026-05-15 11:30:00,304.7937462800303,305.2,304.6,304.875,302.4519489307506,301.4126020188382,300.35743528371506,297.92325213809727,Up,54
2026-05-15 12:00:00,304.83437314001515,305.3,304.7,305.02500000000003,302.68586266431873,301.5542646847661,300.40387871372786,298.439320125543,Up,104
2026-05-15 12:30:00,304.9296865700076,305.4,304.9296865700076,305.2,302.9144206039261,301.69723469712824,300.45160131359125,299.0295657882275,Up,136
2026-05-15 13:00:00,305.0648432850038,306.4,305.0648432850038,305.775,303.17447327629645,301.85714706194676,300.50457045474957,299.6693851127066,Up,172
2026-05-15 13:30:00,305.4199216425019,306.2,305.4199216425019,305.9,303.42224843299675,302.01569031441943,300.5582563208715,300.0144445732559,Up,35
2026-05-15 14:00:00,305.65996082125093,307.0,305.65996082125093,306.275,303.6815894845425,302.1827220667951,300.6151393425544,300.574042301994,Up,69
2026-05-15 14:30:00,305.96748041062546,306.4,305.1,305.8,303.874172258675,302.3245761033914,300.66672999586234,300.574042301994,Up,107
2026-05-15 15:00:00,305.88374020531273,305.88374020531273,304.8,305.15000000000003,303.99015659879547,302.43537704051334,300.7113396476448,300.574042301994,Up,305
2026-05-15 15:30:00,305.5168701026564,305.5168701026564,303.9,304.54999999999995,304.0410514534504,302.51830343108145,300.7495352730414,300.574042301994,Up,184
2026-05-15 16:00:00,305.0334350513282,305.0334350513282,303.1,303.725,304.0123195031367,302.56562486515674,300.77914188724,300.574042301994,Up,226
2026-05-15 16:30:00,304.3792175256641,304.3792175256641,302.7,303.5,303.9657450028515,302.60226702730745,300.8062151022923,300.574042301994,Up,646
2026-05-15 17:00:00,303.93960876283205,305.0,303.4,304.15,303.9824954571377,302.6629624380013,300.8394865938118,300.574042301994,Up,338
2026-05-15 17:30:00,304.04480438141604,306.0,303.0,304.25,304.00681405194337,302.7251992051385,300.8734220505898,300.574042301994,Up,183
2026-05-15 18:00:00,304.147402190708,308.0,304.147402190708,305.85,304.1743764108576,302.8477404127801,300.92294023914116,300.574042301994,Up,498
2026-05-15 18:30:00,304.998701095354,307.3,304.998701095354,306.45000000000005,304.3812512825978,302.9890054946319,300.97793585865224,300.574042301994,Up,243
2026-05-15 19:00:00,305.72435054767703,307.5,305.72435054767703,306.625,304.58522843872527,303.13159351445023,301.034125551601,300.574042301994,Up,119
2026-05-15 19:30:00,306.1746752738385,306.6,305.6,306.1,304.7229349442957,303.2480016119228,301.08453226253033,300.574042301994,Up,268
2026-05-15 20:00:00,306.13733763691926,306.13733763691926,303.5,305.275,304.7731226766324,303.32749174478863,301.12622845892304,300.574042301994,Up,410
2026-05-15 20:30:00,305.7061688184596,306.7,305.7061688184596,306.275,304.9096569787567,303.44308030381654,301.1774600165457,300.574042301994,Up,98
2026-05-15 21:00:00,305.99058440922977,306.8,305.6,306.275,305.03377907159694,303.5541359781767,301.22818180742587,300.574042301994,Up,66
2026-05-15 21:30:00,306.1327922046149,306.5,305.9,306.15,305.13525370145175,303.6559345672678,301.27715512277484,300.574042301994,Up,48
2026-05-15 22:00:00,306.14139610230745,306.8,305.3,306.1,305.2229579104106,303.7517802705122,301.3251436290159,300.574042301994,Up,96
2026-05-15 22:30:00,306.12069805115374,307.0,306.12069805115374,306.475,305.3367799185551,303.85857320108033,301.37638598096595,300.574042301994,Up,174
2026-05-15 23:00:00,306.29784902557685,306.7,305.9,306.25,305.4197999259592,303.9523546441752,301.42487965279713,300.574042301994,Up,45
2026-05-15 23:30:00,306.2739245127884,306.6,305.1,305.9,305.4634544781447,304.02873289342324,301.46940821346584,300.574042301994,Up,189
2026-05-18 09:00:00,306.0869622563942,312.9,306.0869622563942,310.3,305.90314043467697,304.27466493681845,301.55727479840647,301.4630250270406,Up,124
2026-05-18 09:30:00,308.1934811281971,313.1,308.1934811281971,312.225,306.47785494061543,304.58644278243344,301.6634213178253,301.5621372460279,Up,665
2026-05-18 10:00:00,310.20924056409854,314.0,310.20924056409854,313.125,307.0821408551049,304.9212881635145,301.7774668768519,302.4674320162027,Up,402
2026-05-18 10:30:00,311.66712028204927,313.9,311.66712028204927,313.65,307.67921895918624,305.2635905884747,301.89560153479374,303.21052363827295,Up,184
2026-05-18 11:00:00,312.6585601410246,314.0,312.6585601410246,313.85,308.24019905380567,305.6003125261816,302.0145507732535,304.13872330111064,Up,80
2026-05-18 11:30:00,313.2542800705123,313.9,313.2,313.575,308.7251809580051,305.91304536829216,302.12958011879334,304.94040293690756,Up,101
2026-05-18 12:00:00,313.4146400352562,314.6,313.3,313.95000000000005,309.2001645072774,306.2282200597317,302.24719623701435,305.6503663062797,Up,140
2026-05-18 12:30:00,313.6823200176281,314.7,313.6823200176281,314.375,309.6706040975249,306.54770162601676,302.3678709013227,306.275973020933,Up,92
2026-05-18 13:00:00,314.0286600088141,314.5,313.9,314.17499999999995,310.08009463411355,306.846811366173,302.4853547729513,306.78619364738086,Up,63
2026-05-18 13:30:00,314.101830004407,314.3,313.5,313.95,310.4319042128305,307.1253677831858,302.5994308448623,306.8692669521644,Up,47
2026-05-18 14:00:00,314.02591500220353,314.3,313.9,314.04999999999995,310.76082201166406,307.3969219877668,302.71336685635623,307.56296995651314,Up,64
2026-05-18 14:30:00,314.03795750110174,315.0,313.8,314.375,311.0893836469673,307.6705721058936,302.8294030070393,308.02088177864823,Up,162
2026-05-18 15:00:00,314.2064787505509,315.3,314.2064787505509,314.925,311.4380760426975,307.95505947428995,302.9497572059742,308.5563969015197,Up,195
2026-05-18 15:30:00,314.5657393752755,315.7,314.5657393752755,315.35,311.79370549336136,308.2450571419649,303.07314270641234,309.0869181206872,Up,113
2026-05-18 16:00:00,314.9578696876377,316.5,314.9578696876377,315.95000000000005,312.17155044851035,308.5472117638486,303.20127063968187,309.6718405784593,Up,170
2026-05-18 16:30:00,315.4539348438189,316.6,315.4539348438189,316.1,312.5286822259185,308.84339953781534,303.32961620545615,310.10376712388046,Up,143
2026-05-18 17:00:00,315.7769674219095,316.3,314.4,315.325,312.78289293265317,309.0975799480971,303.4489732581382,310.10376712388046,Up,141
2026-05-18 17:30:00,315.5509837109547,315.5509837109547,313.3,313.975,312.89126630241196,309.2888513226816,303.55370984263436,310.10376712388046,Up,271
2026-05-18 18:00:00,314.76299185547737,316.3,312.8,314.725,313.0579693658291,309.50203362375294,303.66486695862807,310.10376712388046,Up,405
2026-05-18 18:30:00,314.74399592773864,317.0,312.0,314.7,313.2072448780264,309.70587544242926,303.77466927744774,310.10376712388046,Up,843
2026-05-18 19:00:00,314.7219979638693,314.7219979638693,310.3,312.225,313.1179498891149,309.8046646407654,303.85875217020947,310.10376712388046,Up,485
2026-05-18 19:30:00,313.47349898193465,313.47349898193465,308.7,310.04999999999995,312.83904535374086,309.81428563524514,303.9203566262273,319.7313438821692,Down,349
2026-05-18 20:00:00,311.7617494909673,311.7617494909673,310.0,310.82500000000005,312.65595032158257,309.85392149268654,303.98905954536934,319.7313438821692,Down,168
2026-05-18 20:30:00,311.2933747454837,312.0,310.9,311.425,312.54404574689323,309.91553241454193,304.0630490026293,319.7313438821692,Down,153
2026-05-18 21:00:00,311.35918737274187,312.3,311.0,311.5,312.44913249717564,309.97766839828535,304.137048515041,319.7313438821692,Down,87
2026-05-18 21:30:00,311.42959368637094,312.2,310.2,311.475,312.36057499743237,310.0363872846271,304.21006295767745,319.7313438821692,Down,115
2026-05-18 22:00:00,311.4522968431855,313.2,311.4,312.2,312.34597727039306,310.1212348420927,304.2895648187951,319.7313438821692,Down,205
2026-05-18 22:30:00,311.82614842159273,313.7,311.82614842159273,312.85,312.39179751853914,310.228245240442,304.3747432783096,319.7313438821692,Down,153
2026-05-18 23:00:00,312.3380742107964,314.7,312.3380742107964,313.775,312.5175431986719,310.3673336623855,304.46827817106276,319.7313438821692,Down,208
2026-05-18 23:30:00,313.0565371053982,314.8,313.0565371053982,314.3,312.67958472606534,310.5215558717037,304.5661062489627,319.7313438821692,Down,162
2026-05-19 09:00:00,313.67826855269914,314.7,313.67826855269914,314.525,312.8473497509685,310.6785536806565,304.6651997191223,319.7313438821692,Down,10
2026-05-19 09:30:00,314.1016342763496,314.9,313.5,314.375,312.98622704633493,310.8235123598464,304.7618146472903,319.7313438821692,Down,156
2026-05-19 10:00:00,314.2383171381748,314.4,313.4,314.075,313.08520640575904,310.9510216790681,304.8544831582625,319.7313438821692,Down,87
2026-05-19 10:30:00,314.1566585690874,314.5,313.8,314.15000000000003,313.1820058234173,311.07647180930076,304.9469758631554,319.7313438821692,Down,78
2026-05-19 11:00:00,314.1533292845437,314.4,313.8,314.04999999999995,313.26091438492483,311.1930807579556,305.0375532177509,319.7313438821692,Down,62
2026-05-19 11:30:00,314.1016646422718,314.5,313.7,314.025,313.33037671356806,311.3041364145064,305.1269805489176,319.7313438821692,Down,110
2026-05-19 12:00:00,314.063332321136,314.2,313.8,314.04999999999995,313.3957970123346,311.4118173394277,305.21576681211246,319.7313438821692,Down,7
2026-05-19 12:30:00,314.05666616056794,314.1,313.2,313.82500000000005,313.43481546575873,311.5064519535678,305.3014308239322,319.3518869699873,Down,73
2026-05-19 13:00:00,313.940833080284,314.1,313.8,313.975,313.48392315068975,311.6032577593103,305.3877349948384,319.2426245181703,Down,25
2026-05-19 13:30:00,313.95791654014204,314.2,313.5,313.825,313.51493013699064,311.690384906004,305.4716878804619,318.91602228924575,Down,105
2026-05-19 14:00:00,313.891458270071,315.0,313.5,314.225,313.57948194271876,311.7897815763568,305.5587855134921,318.91602228924575,Down,81
2026-05-19 14:30:00,314.0582291350355,316.2,314.0582291350355,315.54999999999995,313.75861994792615,311.93724112238203,305.6582005830096,318.91602228924575,Down,186
2026-05-19 15:00:00,314.80411456751773,317.7,314.80411456751773,316.775,314.0328363162965,312.1269571567984,305.7688155025817,318.91602228924575,Down,464
2026-05-19 15:30:00,315.7895572837589,318.0,315.7895572837589,317.07500000000005,314.3093966511786,312.32099805261026,305.8813148508147,318.91602228924575,Down,174
2026-05-19 16:00:00,316.43227864187946,316.9,316.0,316.425,314.50172422834413,312.4819393054491,305.98622714085633,318.91602228924575,Down,110
2026-05-19 16:30:00,316.42863932093974,317.1,316.1,316.625,314.6947492984947,312.6444122738629,306.0920855772657,318.91602228924575,Down,124
2026-05-19 17:00:00,316.52681966046987,318.6,316.5,317.675,314.9656811804497,312.84169022390745,306.20733845709395,318.91602228924575,Down,180
2026-05-19 17:30:00,317.10090983023497,320.6,317.10090983023497,319.3,315.3597101640451,313.0949572739503,306.33761369632686,312.00388871169366,Up,583
2026-05-19 18:00:00,318.20045491511746,319.7,317.2,318.67499999999995,315.66110014913187,313.3137824788934,306.46037375904996,312.00388871169366,Up,318
2026-05-19 18:30:00,318.4377274575587,319.9,317.9,318.525,315.92145468102893,313.51814395030937,306.5804197912982,312.00388871169366,Up,177
2026-05-19 19:00:00,318.48136372877934,319.8,317.0,318.475,316.15359516457175,313.712530462062,306.6987738232256,312.00388871169366,Up,379
2026-05-19 19:30:00,318.4781818643897,321.0,318.4781818643897,320.07500000000005,316.5100865132471,313.9620390713929,306.83187060110396,312.00388871169366,Up,568
2026-05-19 20:00:00,319.27659093219484,320.6,319.27659093219484,320.225,316.8478059211337,314.2076453823187,306.9651355702472,312.3623614514727,Up,161
2026-05-19 20:30:00,319.75079546609743,321.1,319.3,320.35,317.16618720103065,314.44852203399245,307.09831830089155,312.65824180488664,Up,273
2026-05-19 21:00:00,320.0503977330487,322.2,320.0503977330487,321.125,317.5260792736642,314.71034469932613,307.237887273022,313.4873815011662,Up,490
2026-05-19 21:30:00,320.5876988665244,321.0,319.8,320.45000000000005,317.79189024878565,314.9354292209212,307.3693510812506,313.4873815011662,Up,140
2026-05-19 22:00:00,320.5188494332622,320.8,320.1,320.3,318.0199002261688,315.145804545591,307.4980142545715,313.4873815011662,Up,53
2026-05-19 22:30:00,320.40942471663107,321.2,320.1,320.675,318.26127293288073,315.3626357398815,307.6291285405957,313.88199296366787,Up,112
2026-05-19 23:00:00,320.5422123583155,322.7,320.5422123583155,321.8,318.58297539352793,315.61508139714107,307.7701322367092,314.6837224582433,Up,288
2026-05-19 23:30:00,321.17110617915773,323.0,321.17110617915773,322.225,318.91406853957085,315.8742938913708,307.9139617666922,315.11378831753217,Up,221
2026-05-20 09:00:00,321.6980530895789,324.1,321.6980530895789,323.35,319.3173350359735,316.16745883680727,308.06755418692416,315.6876233300484,Up,14
2026-05-20 09:30:00,322.5240265447894,324.1,322.5240265447894,323.575,319.70439548724863,316.45795064712854,308.22185713033787,316.18311091164446,Up,354
2026-05-20 10:00:00,323.04951327239473,324.1,323.04951327239473,323.75,320.0721777156806,316.743913366849,308.37636601461315,316.71194113456795,Up,447
2026-05-20 10:30:00,323.39975663619737,324.7,323.39975663619737,324.225,320.4497070142551,317.037289313247,308.534063865214,317.33813936614365,Up,219
2026-05-20 11:00:00,323.8123783180987,324.5,323.8,324.175,320.7883700129592,317.3171995362569,308.68969507053527,317.7938736800409,Up,147
2026-05-20 11:30:00,323.9936891590494,324.3,323.9936891590494,324.125,321.0917000117811,317.5841721034625,308.84328019421156,318.2571621646707,Up,30
2026-05-20 12:00:00,324.0593445795247,324.4,323.6,324.0,321.356090919801,317.8357731974443,308.99409332660747,318.3548341683146,Up,53
2026-05-20 12:30:00,324.02967228976235,324.02967228976235,323.5,323.775,321.5759917452736,318.0686840524465,309.1411670248502,318.4402591016173,Up,61
2026-05-20 13:00:00,323.90233614488113,323.90233614488113,322.6,323.15000000000003,321.71908340479416,318.2679513445074,309.28055839773725,318.4402591016173,Up,156
2026-05-20 13:30:00,323.52616807244056,323.8,322.8,323.1,321.8446212770856,318.4574434486444,309.4180652793518,318.4402591016173,Up,88
2026-05-20 14:00:00,323.3130840362203,323.3130840362203,322.6,322.8,321.93147388825963,318.62773978399173,309.55121885866174,318.4402591016173,Up,45
2026-05-20 14:30:00,323.0565420181101,323.0565420181101,321.5,322.2,321.9558853529633,318.7678284199136,309.67707737748106,318.4402591016173,Up,199
2026-05-20 15:00:00,322.6282710090551,322.6282710090551,321.4,322.1,321.9689866845121,318.8985018152111,309.8006885478544,318.4402591016173,Up,63
2026-05-20 15:30:00,322.36413550452755,322.5,321.3,321.975,321.96953334955646,319.0191488028499,309.92182597523896,318.4402591016173,Up,56
2026-05-20 16:00:00,322.1695677522638,322.9,321.4,322.2,321.9904848632332,319.1438880654832,310.0439968610575,318.4402591016173,Up,124
2026-05-20 16:30:00,322.18478387613186,322.9,321.6,322.4,322.0277135120302,319.2715787295819,310.1669421659226,318.4402591016173,Up,88
2026-05-20 17:00:00,322.2923919380659,324.4,322.1,323.25,322.13883046548193,319.4275952499905,310.29712184586367,318.4402591016173,Up,242
2026-05-20 17:30:00,322.771195969033,326.4,322.771195969033,324.925,322.3921186049836,319.64317974999085,310.442672872273,318.4402591016173,Up,423
2026-05-20 18:00:00,323.84809798451647,325.4,320.3,322.92499999999995,322.4405623681669,319.77187858332456,310.5668751322504,318.4402591016173,Up,499
2026-05-20 18:30:00,323.3865489922582,323.3865489922582,319.6,320.625,322.27551124378806,319.80533432515494,310.6669559767056,318.4402591016173,Up,563
2026-05-20 19:00:00,322.0057744961291,322.0057744961291,318.5,319.375,322.0118284034437,319.7884584692665,310.7536031809175,318.4402591016173,Up,500
2026-05-20 19:30:00,320.6903872480645,321.3,319.4,320.375,321.8630258213124,319.81146009792275,310.84933847264966,318.4402591016173,Up,160
2026-05-20 20:00:00,320.5326936240323,321.3,317.5,319.4,321.6391143830113,319.7953244078081,310.93441968187705,318.4402591016173,Up,478
2026-05-20 20:30:00,319.9663468120161,319.9663468120161,313.7,315.65,321.09464943910115,319.63276266632545,310.9813408790723,325.58324200311256,Down,810
2026-05-20 21:00:00,317.80817340600805,317.80817340600805,312.4,313.875,320.43831767191017,319.4069680519598,311.0101335071413,325.58324200311256,Down,421
2026-05-20 21:30:00,315.84158670300405,315.84158670300405,313.1,313.775,319.83256151991833,319.18610655972606,311.037644616523,325.58324200311256,Down,156
2026-05-20 22:00:00,314.808293351502,314.808293351502,313.2,313.82500000000005,319.28641956356216,318.97586708679563,311.06537949596054,325.18762124753295,Down,133
2026-05-20 22:30:00,314.31664667575103,314.5,312.3,313.375,318.74901778505654,318.75622524025465,311.0883607945082,324.36679506525627,Down,163
2026-05-20 23:00:00,313.8458233378755,313.8458233378755,312.2,312.65000000000003,318.1945616227787,318.5167654269113,311.10389949307034,323.5912065783982,Down,169
2026-05-20 23:30:00,313.2479116689378,313.2479116689378,312.3,312.475,317.6746014752534,318.27983344938536,311.1175422841841,322.7261918135921,Down,188
2026-05-21 09:00:00,312.86145583446887,312.86145583446887,311.6,312.27500000000003,317.18372861386666,318.04434978470357,311.12905927638127,321.73692638351696,Down,37
2026-05-21 09:30:00,312.5682279172345,312.8,311.2,311.975,316.71020783078785,317.8063360676564,311.1374765970143,321.2238167875296,Down,244
2026-05-21 10:00:00,312.27161395861725,312.27161395861725,310.9,311.35,316.2229162098071,317.5531464179444,311.13959125774056,320.4698636801963,Down,133
2026-05-21 10:30:00,311.8108069793086,311.8108069793086,310.8,310.975,315.74583291800644,317.2951798917505,311.137953533783,319.7493848465735,Down,81
2026-05-21 11:00:00,311.3929034896543,312.1,310.9,311.45,315.35530265273314,317.06595715089753,311.1410584737454,319.612710324472,Down,72
2026-05-21 11:30:00,311.42145174482715,312.8,311.42145174482715,312.125,315.0616387752119,316.8721941253722,311.1508489366932,319.612710324472,Down,120
2026-05-21 12:00:00,311.7732258724136,312.5,311.7,312.1,314.79239888655627,316.68504925771055,311.16029322588037,319.5513467987944,Down,42
2026-05-21 12:30:00,311.9366129362068,312.3,311.8,312.1,314.5476353514148,316.505243404467,311.1696435420408,319.0057698170858,Down,14
2026-05-21 13:00:00,312.0183064681034,313.0,312.0183064681034,312.65,314.3751230467407,316.35405738860555,311.18437345704535,319.0057698170858,Down,84
2026-05-21 13:30:00,312.33415323405166,313.2,312.33415323405166,312.975,314.24783913340065,316.22154533415045,311.20219063657726,319.0057698170858,Down,69
2026-05-21 14:00:00,312.65457661702584,313.3,310.5,311.925,314.0366719394551,316.0530533602622,311.20938276954666,318.7254093214588,Down,206
2026-05-21 14:30:00,312.2897883085129,312.2897883085129,310.7,310.975,313.75833812677735,315.85391401280094,311.2070506026855,318.2779165586783,Down,96
2026-05-21 15:00:00,311.6323941542565,311.6323941542565,310.0,310.525,313.4643982970703,315.6449369926911,311.2002640295245,317.57617895542313,Down,193
2026-05-21 15:30:00,311.07869707712825,311.07869707712825,309.1,309.775,313.1289984518821,315.41474338513456,311.1860822978875,316.9543128196062,Down,257
2026-05-21 16:00:00,310.4268485385641,312.4,309.0,310.79999999999995,312.91727131989285,315.2337730563058,311.18224068298315,316.9543128196062,Down,286
2026-05-21 16:30:00,310.61342426928206,312.4,310.61342426928206,311.825,312.81797392717533,315.10009568154874,311.1886362980778,316.9543128196062,Down,198
2026-05-21 17:00:00,311.219212134641,311.7,309.9,310.75,312.6299762974321,314.929503694037,311.18427175779846,316.9543128196062,Down,211
2026-05-21 17:30:00,310.9846060673205,311.1,309.9,310.35,312.4227057249382,314.7499153138787,311.17597054627805,316.9543128196062,Down,95
2026-05-21 18:00:00,310.66730303366023,311.6,308.7,310.15,312.2160961135802,314.56952647804036,311.165761884126,316.9543128196062,Down,373
2026-05-21 18:30:00,310.4086515168301,310.4086515168301,307.6,309.25,311.9464510123456,314.3609175965486,311.1466995768213,316.9543128196062,Down,462
2026-05-21 19:00:00,309.82932575841505,313.3,309.6,311.05,311.86495546576873,314.23107769080156,311.1457373919773,316.9543128196062,Down,572
2026-05-21 19:30:00,310.4396628792075,312.7,308.0,310.275,311.72041405978973,314.0759373892015,311.1370733383258,316.9543128196062,Down,495
2026-05-21 20:00:00,310.35733143960374,311.0,307.0,308.625,311.439012781627,313.8621751386446,311.11207758371563,316.9543128196062,Down,444
2026-05-21 20:30:00,309.49116571980187,311.2,307.0,309.17499999999995,311.2331934378428,313.67836434889387,311.0928031798976,316.9543128196062,Down,487
2026-05-21 21:00:00,309.3330828599009,313.0,309.3330828599009,311.85,311.28926676167526,313.6066637861922,311.10033747661504,316.9543128196062,Down,315
2026-05-21 21:30:00,310.59154142995044,314.3,310.59154142995044,312.525,311.40160614697754,313.5642455984984,311.11451322311643,316.9543128196062,Down,337
2026-05-21 22:00:00,311.5582707149752,312.7,311.5582707149752,312.175,311.4719146790705,313.50976537894945,311.1250653303491,316.9543128196062,Down,95
2026-05-21 22:30:00,311.8666353574876,312.0,309.5,310.675,311.3994678900641,313.39859810918676,311.1205870683556,316.9543128196062,Down,236
2026-05-21 23:00:00,311.2708176787438,311.2708176787438,307.0,308.775,311.16087990005826,313.2172805362775,311.09724789354607,316.9543128196062,Down,677
2026-05-21 23:30:00,310.0229088393719,310.0229088393719,307.9,308.425,310.9121635455075,313.0293479662274,311.070658362267,316.9543128196062,Down,354
2026-05-22 09:00:00,309.2239544196859,309.2239544196859,307.2,307.575,310.6087850413704,312.81545196755184,311.0358756919957,316.9543128196062,Down,27
2026-05-22 09:30:00,308.399477209843,308.399477209843,307.4,307.7,310.3443500376095,312.61484600804,311.00268289904056,316.9543128196062,Down,255
2026-05-22 10:00:00,308.04973860492146,308.04973860492146,306.9,307.375,310.0744091250995,312.40936185086196,310.9665865517864,316.9543128196062,Down,231
2026-05-22 10:30:00,307.7123693024608,307.7123693024608,307.0,307.325,309.82446284099956,312.2099751116125,310.93035185972883,316.485405719555,Down,83
2026-05-22 11:00:00,307.5186846512304,307.6,307.2,307.32500000000005,309.59723894636323,312.0184074601767,310.8944777118709,315.84474642574963,Down,27
2026-05-22 11:30:00,307.4218423256152,307.4218423256152,307.0,307.25,309.3838535876029,311.83141108918943,310.8582142520513,315.0413605773492,Down,82
2026-05-22 12:00:00,307.3359211628076,307.4,307.1,307.275,309.19213962509355,311.6527283013781,310.82256037889664,314.4776721950378,Down,21
2026-05-22 12:30:00,307.3054605814038,307.5,307.0,307.175,309.0087632955396,311.4771311130888,310.78626624577333,314.0024292682162,Down,61
2026-05-22 13:00:00,307.2402302907019,307.2402302907019,306.2,306.70000000000005,308.7988757232178,311.28979263806565,310.7456068801438,313.23695276762095,Down,207
2026-05-22 13:30:00,306.970115145351,307.2,306.6,306.825,308.6194324756525,311.1147027306905,310.706595866411,313.042579656609,Down,49
2026-05-22 14:00:00,306.8975575726755,307.2,306.6,306.875,308.46084770513863,310.9484398785066,310.66847053440694,312.7023451423718,Down,89
2026-05-22 14:30:00,306.8862787863377,307.2,306.6,306.90000000000003,308.3189524592169,310.78967753032987,310.6309733151591,312.3930410385198,Down,59
2026-05-22 15:00:00,306.8931393931689,306.9,306.5,306.775,308.17859314474265,310.63223919580713,310.592605421476,311.83912821683623,Down,61
2026-05-22 15:30:00,306.83406969658444,307.0,306.6,306.825,308.0555392224933,310.48293569793236,310.55511681031703,311.61738928803294,Down,49
2026-05-22 16:00:00,306.8295348482922,306.9,305.8,306.4,307.90503565681206,310.32282057252326,310.51377236444324,311.12944480730266,Down,232
2026-05-22 16:30:00,306.61476742414607,306.61476742414607,305.2,305.875,307.72048696073824,310.1483962363459,310.4676154254936,310.76679441840133,Down,151
2026-05-22 17:00:00,306.24488371207303,306.8,305.7,306.325,307.59362450976204,309.9984591290382,310.4263953715086,310.76679441840133,Down,118
2026-05-22 17:30:00,306.28494185603654,307.0,304.3,305.65,307.41693137251093,309.82793132005634,310.37886904940405,310.76679441840133,Down,433
2026-05-22 18:00:00,305.96747092801826,305.96747092801826,302.3,303.625,307.0722103386463,309.5846791114267,310.3116663722956,310.34144893920757,Down,589
2026-05-22 18:30:00,304.7962354640091,304.7962354640091,299.7,301.525,306.56791848967845,309.26861326391975,310.22423685615337,309.74467015091545,Down,901
2026-05-22 19:00:00,303.16061773200454,303.16061773200454,299.1,299.925,305.9640168087986,308.9021970574915,310.1217568874355,309.4219447857412,Down,801
2026-05-22 19:30:00,301.54280886600225,301.54280886600225,299.6,300.225,305.44228800799874,308.5619148199428,310.0232816945257,308.81573122040095,Down,387
2026-05-22 20:00:00,300.88390443300113,301.2,299.5,300.125,304.9588981890898,308.23105541523915,309.92479132940605,308.46302435218166,Down,510
2026-05-22 20:30:00,300.50445221650057,300.50445221650057,298.5,299.17499999999995,304.4330892628089,307.8759159871906,309.817828231601,307.60659450714286,Down,456
2026-05-22 21:00:00,299.83972610825026,299.83972610825026,296.4,297.725,303.8232629661899,307.47784085043804,309.6975015825304,306.7382801833912,Down,851
2026-05-22 21:30:00,298.78236305412514,298.78236305412514,295.8,296.625,303.1688754238089,307.05223924846007,309.5674269399181,306.2106018460773,Down,735
2026-05-22 22:00:00,297.7036815270626,297.7036815270626,294.7,295.70000000000005,302.4898867489172,306.6070533955793,309.42944259225726,305.4026525179311,Down,482
2026-05-22 22:30:00,296.7018407635313,296.7018407635313,294.8,295.17499999999995,301.8248970444701,306.15873757614486,309.28760734258304,304.80687316341323,Down,356
2026-05-22 23:00:00,295.93842038176564,295.93842038176564,294.4,294.875,301.19308822224554,305.71623806335487,309.14419831429865,303.96132013120445,Down,345
2026-05-22 23:30:00,295.4067101908828,296.1,294.7,295.3,300.65735292931413,305.3077581393017,309.006445097241,303.9019181275651,Down,416
2026-05-25 09:00:00,295.35335509544143,295.35335509544143,291.5,292.625,299.92713902664923,304.8103950750154,308.8434456435371,302.55691406203135,Down,132
2026-05-25 09:30:00,293.9891775477207,293.9891775477207,291.0,291.925,299.1996718424084,304.30508546423044,308.6751029008154,301.88177744058663,Down,662
2026-05-25 10:00:00,292.9570887738604,292.9570887738604,291.5,292.0,298.54515622037127,303.82253309308413,308.50918147891673,301.29220272899425,Down,160
2026-05-25 10:30:00,292.4785443869302,292.6,291.8,292.2,297.96832383670113,303.3667474815906,308.3469010661912,300.73059849278553,Down,98
2026-05-25 11:00:00,292.3392721934651,292.3392721934651,291.7,292.04999999999995,297.43029439700103,302.9229534627047,308.18474284662716,300.00718825143394,Down,94
2026-05-25 11:30:00,292.1946360967325,292.1946360967325,291.7,291.975,296.9343585427282,302.49362195436333,308.0234518730289,299.38859676963386,Down,42
2026-05-25 12:00:00,292.0848180483663,292.8,292.0,292.4,296.52214412975286,302.0977936424275,307.86799464046146,299.38859676963386,Down,106
2026-05-25 12:30:00,292.24240902418313,293.6,292.24240902418313,293.175,296.2178582997753,301.7478801662539,307.72179568881506,299.38859676963386,Down,158
2026-05-25 13:00:00,292.7087045120916,294.3,292.7087045120916,293.75,295.9935075452502,301.4342378067929,307.5827728461403,299.38859676963386,Down,161
2026-05-25 13:30:00,293.2293522560458,294.0,292.6,293.325,295.75091595022747,301.11622848103633,307.44090445961155,299.38859676963386,Down,101
2026-05-25 14:00:00,293.2771761280229,293.2771761280229,292.2,292.67499999999995,295.47128722747954,300.7851999131526,307.2939800371278,299.2849682583441,Down,76
2026-05-25 14:30:00,292.97608806401144,293.2,292.5,292.775,295.22617020679957,300.47107442636235,307.1495125740718,299.0558001766661,Down,89
2026-05-25 15:00:00,292.8755440320057,292.8755440320057,292.0,292.25,294.9556092789087,300.1486793508187,307.0012587176134,298.3977881882468,Down,64
2026-05-25 15:30:00,292.56277201600284,293.0,292.0,292.45000000000005,294.7278266171897,299.846770356669,306.856470073657,298.28183288385816,Down,97
2026-05-25 16:00:00,292.5063860080014,293.0,292.0,292.625,294.53666056108153,299.56356367601535,306.71486340625745,298.1198480762347,Down,111
2026-05-25 16:30:00,292.5656930040007,293.6,292.5656930040007,293.20000000000005,294.41514596461957,299.3140121593089,306.5803871534589,298.1198480762347,Down,162
2026-05-25 17:00:00,292.88284650200035,293.6,292.6,293.20000000000005,294.3046781496542,299.0742469765909,306.4472489728275,298.1198480762347,Down,112
2026-05-25 17:30:00,293.0414232510002,293.8,293.0,293.4,294.22243468150384,298.85172748731287,306.31742559996354,298.1198480762347,Down,152
2026-05-25 18:00:00,293.2207116255001,296.8,293.2207116255001,295.25,294.315849710458,298.7104832721241,306.20730196215294,298.1198480762347,Down,492
2026-05-25 18:30:00,294.2353558127501,299.3,294.2353558127501,297.925,294.6439542822345,298.67968000655065,306.1248909973554,298.1198480762347,Down,598
2026-05-25 19:00:00,296.08017790637507,300.0,296.08017790637507,299.2,295.0581402565768,298.70008471217614,306.055986609322,289.99204132793454,Up,538
2026-05-25 19:30:00,297.6400889531875,299.8,297.4,298.6,295.38012750597886,298.69615982150253,305.98179768783626,290.4108657952246,Up,406
2026-05-25 20:00:00,298.12004447659376,298.7,297.2,298.0,295.618297732708,298.6688594363456,305.90237681532045,290.4108657952246,Up,151
2026-05-25 20:30:00,298.0600222382969,298.5,296.4,297.45,295.78481612064365,298.6210610270772,305.8182735634267,290.4108657952246,Up,201
2026-05-25 21:00:00,297.75501111914843,297.75501111914843,295.6,296.2,295.82256010967603,298.5261174573879,305.7225693488653,290.4108657952246,Up,224
2026-05-25 21:30:00,296.9775055595742,296.9775055595742,295.6,296.025,295.8409637360691,298.4280344198433,305.62607612151345,290.4108657952246,Up,107
2026-05-25 22:00:00,296.5012527797871,296.7,295.8,296.3,295.88269430551736,298.3445820896534,305.53327934418496,290.4108657952246,Up,160
2026-05-25 22:30:00,296.40062638989355,297.1,295.1,295.95000000000005,295.8888130050158,298.250676909667,305.43792333081,290.4108657952246,Up,243
2026-05-25 23:00:00,296.1753131949468,296.1753131949468,294.4,295.1,295.8171027318325,298.1271209524252,305.33505842204573,290.4108657952246,Up,294
2026-05-25 23:30:00,295.63765659747344,296.2,295.1,295.575,295.795093392575,298.0270377778202,305.2379434128711,290.4108657952246,Up,257
2026-05-26 09:00:00,295.6063282987367,297.9,295.6063282987367,297.325,295.93417581143177,297.9995068845724,305.1592076575192,290.4108657952246,Up,13
2026-05-26 09:30:00,296.4656641493683,297.8,296.4656641493683,297.175,296.0469780103925,297.9671732812558,305.0797628052056,290.4108657952246,Up,271
2026-05-26 10:00:00,296.8203320746842,297.8,296.8203320746842,297.4,296.1699800094477,297.9449311917948,305.00334725490507,290.4108657952246,Up,78
2026-05-26 10:30:00,297.1101660373421,297.8,296.8,297.25,296.26816364495244,297.917678988195,304.92619952102547,290.6628570525063,Up,102
2026-05-26 11:00:00,297.18008301867104,297.6,297.0,297.2,296.35287604086585,297.8895347141481,304.8493219138511,291.04805186591483,Up,68
2026-05-26 11:30:00,297.1900415093355,297.5,297.0,297.225,296.43216003715077,297.86347452927953,304.7734580142108,291.3845926053771,Up,68
2026-05-26 12:00:00,297.20752075466777,298.6,297.1,297.7,296.5474182155916,297.85706376342546,304.7030753474028,291.9723569139792,Up,151
2026-05-26 12:30:00,297.4537603773339,298.9,297.3,298.25,296.7021983778106,297.8724730276048,304.6388656424535,292.1748699217993,Up,128
2026-05-26 13:00:00,297.85188018866694,300.4,297.85188018866694,299.65,296.97018034346416,297.94217996769873,304.58922518829974,292.8128691827572,Up,483
2026-05-26 13:30:00,298.7509400943335,301.2,298.7509400943335,300.6,297.30016394860377,298.0464082042596,304.5495314053316,293.3457474345822,Up,264
2026-05-26 14:00:00,299.67547004716675,301.3,299.67547004716675,300.8,297.6183308623671,298.15439219624943,304.5122226351293,293.86997630202177,Up,214
2026-05-26 14:30:00,300.2377350235833,302.4,300.2377350235833,301.575,297.9780280566974,298.28853367874945,304.4829965392574,294.51644504622044,Up,324
2026-05-26 15:00:00,300.9063675117917,301.9,300.9063675117917,301.35,298.28457096063397,298.4085911815436,304.4518224443394,294.8578424278463,Up,129
2026-05-26 15:30:00,301.12818375589586,301.9,301.0,301.325,298.5609736005763,298.5229601548164,304.42070978320174,295.17241697450044,Up,154
2026-05-26 16:00:00,301.22659187794795,301.7,299.6,300.65,298.75088509143296,298.60637348207854,304.3831902828714,295.17241697450044,Up,292
2026-05-26 16:30:00,300.938295938974,300.938295938974,298.7,299.725,298.8394409922118,298.6502411886637,304.336840130803,295.17241697450044,Up,330
2026-05-26 17:00:00,300.331647969487,300.331647969487,298.3,299.225,298.8744918111016,298.6727807498926,304.2859760498995,295.17241697450044,Up,234
2026-05-26 17:30:00,299.7783239847435,300.2,298.4,299.15,298.8995380100924,298.691495230289,304.23487181059704,295.17241697450044,Up,259
2026-05-26 18:00:00,299.4641619923717,300.8,298.3,299.75,298.9768527364476,298.73300522125805,304.1902462204419,295.17241697450044,Up,497
2026-05-26 18:30:00,299.60708099618586,300.6,298.0,299.475,299.022138851316,298.7621030557185,304.1433283476017,295.17241697450044,Up,366
2026-05-26 19:00:00,299.5410404980929,300.2,298.7,299.25,299.04285350119636,298.7812362692198,304.09463851329724,295.17241697450044,Up,299
2026-05-26 19:30:00,299.39552024904646,300.9,299.3,299.975,299.1275940919967,298.82805053317196,304.05364708530425,295.17241697450044,Up,226
2026-05-26 20:00:00,299.6852601245232,300.3,298.5,299.525,299.16372190181517,298.8553818848123,304.00858592027635,295.17241697450044,Up,188
2026-05-26 20:30:00,299.6051300622616,299.9,298.5,299.0,299.14883809255923,298.86105318344715,303.9587492444527,295.17241697450044,Up,209
2026-05-26 21:00:00,299.3025650311308,299.3025650311308,298.0,298.525,299.0921255386902,298.8478746272335,303.9046820877915,295.17241697450044,Up,157
2026-05-26 21:30:00,298.9137825155654,298.9137825155654,297.8,298.4,299.0292050351729,298.8303109163616,303.84990913169406,295.17241697450044,Up,118
2026-05-26 22:00:00,298.6568912577827,298.6568912577827,297.6,298.1,298.94473185015715,298.8016712725827,303.79269610550807,295.17241697450044,Up,153
2026-05-26 22:30:00,298.37844562889137,298.37844562889137,297.4,297.85,298.84521077287013,298.7643508305207,303.73356480097567,295.17241697450044,Up,121
2026-05-26 23:00:00,298.1142228144457,298.1142228144457,296.5,297.325,298.70700979351824,298.7079056999121,303.6697979870356,295.17241697450044,Up,322
2026-05-26 23:30:00,297.7196114072228,297.7196114072228,296.0,296.5,298.506372539562,298.62132116266065,303.5984567135328,295.17241697450044,Up,367
2026-05-27 09:00:00,297.1098057036114,297.1098057036114,292.3,293.65,298.0648841268745,298.4263673915759,303.4994670944927,302.1957254622565,Down,143
2026-05-27 09:30:00,295.3799028518057,295.3799028518057,292.7,293.175,297.6203492062495,298.2204314154357,303.3967360786271,301.82430029060555,Down,745
2026-05-27 10:00:00,294.2774514259029,294.2774514259029,292.5,292.85,297.18668109659046,298.00982626188926,303.2917934310786,301.1117524721004,Down,396
2026-05-27 10:30:00,293.56372571295145,293.56372571295145,291.5,292.32500000000005,296.7447100878095,297.7868918986779,303.1826711083813,300.3032419876845,Down,574
2026-05-27 11:00:00,292.9443628564758,292.9443628564758,292.0,292.575,296.3656455343723,297.5825039810827,303.07712214212876,299.88047622260063,Down,124
2026-05-27 11:30:00,292.75968142823785,292.8,292.5,292.7,296.03240503124755,297.39103323672657,302.9738671954409,299.4939043585116,Down,81
2026-05-27 12:00:00,292.7298407141189,292.7298407141189,292.2,292.575,295.7180954829523,297.2021691882275,302.87039588006337,298.8793209426587,Down,131
2026-05-27 12:30:00,292.65242035705944,292.8,292.4,292.6,295.4346322572294,297.0216919651598,302.7682028862319,298.57672780509023,Down,108
2026-05-27 13:00:00,292.62621017852973,292.62621017852973,292.0,292.325,295.15193841566304,296.83750796652606,302.6642904197023,297.97420679517586,Down,108
2026-05-27 13:30:00,292.47560508926483,292.47560508926483,291.8,292.07500000000005,294.87221674151186,296.6507429482309,302.55892434587446,297.5299332188297,Down,171
2026-05-27 14:00:00,292.27530254463244,292.27530254463244,291.1,291.55,294.57019703773807,296.4507138130062,302.4493828100946,297.01697099236185,Down,308
2026-05-27 14:30:00,291.9126512723162,291.9126512723162,290.8,291.3,294.2729063979437,296.2487250360256,302.33844367765585,296.60576220795093,Down,313
2026-05-27 15:00:00,291.6063256361581,292.0,291.2,291.5,294.02082399813065,296.0625005248089,302.2305984669329,296.60576220795093,Down,244
2026-05-27 15:30:00,291.55316281807904,292.2,291.3,291.75,293.814385452846,295.89338285716934,302.12631390507295,296.60576220795093,Down,218
2026-05-27 16:00:00,291.6515814090395,293.3,291.6515814090395,292.575,293.7017140480418,295.7632501961039,302.0312759557687,296.60576220795093,Down,371
2026-05-27 16:30:00,292.1132907045197,295.4,292.1132907045197,294.175,293.74474004367437,295.7009658746881,301.9531040557113,296.60576220795093,Down,689
2026-05-27 17:00:00,293.1441453522599,298.0,293.1441453522599,296.325,293.97930913061305,295.7254378011709,301.89710302033114,296.60576220795093,Down,1216
2026-05-27 17:30:00,294.7345726761299,299.4,294.7345726761299,297.85,294.33119011873913,295.80875396583093,301.85683333853683,288.9600945121102,Up,1101
2026-05-27 18:00:00,296.29228633806497,299.5,296.29228633806497,297.925,294.6579001079446,295.8917440063866,301.81771061875037,289.3595274501881,Up,1167
2026-05-27 18:30:00,297.10864316903246,297.4,295.0,296.3,294.80718191631325,295.90775404535185,301.76280802552895,289.3595274501881,Up,1030
2026-05-27 19:00:00,296.70432158451626,298.7,295.7,297.175,295.0224381057393,295.95744996514196,301.7171581944292,289.3595274501881,Up,734
2026-05-27 19:30:00,296.9396607922581,299.8,296.9396607922581,298.975,295.38176191430847,296.0757852606266,301.6898730382657,289.3595274501881,Up,1019
2026-05-27 20:00:00,297.95733039612907,300.0,297.95733039612907,299.32500000000005,295.74023810391674,296.2032054464844,301.6663419632581,289.7589826678464,Up,892
2026-05-27 20:30:00,298.6411651980645,300.5,298.6411651980645,299.85,296.11385282174246,296.34621699760265,301.6482689088973,290.5131130981302,Up,924
2026-05-27 21:00:00,299.2455825990322,302.9,299.2455825990322,301.35,296.589866201584,296.5424437820104,301.64530105905754,291.50984906198045,Up,1492
2026-05-27 21:30:00,300.2977912995161,303.6,300.2977912995161,302.975,297.17033291053093,296.79470088859824,301.65853189429083,292.05450863364064,Up,706
2026-05-27 22:00:00,301.6363956497581,304.6,301.6363956497581,303.8,297.77302991866446,297.0694185008101,301.6798400346462,293.0456262283207,Up,809
2026-05-27 22:30:00,302.71819782487904,304.4,302.71819782487904,304.125,298.35048174424037,297.3461079713666,301.7041699845503,293.79065121552424,Up,533
2026-05-27 23:00:00,303.42159891243955,304.5,303.0,303.875,298.85271067658215,297.6021429528817,301.7257702832115,294.32413845734976,Up,577
2026-05-27 23:30:00,303.6482994562198,306.0,303.4,304.75,299.38882788780194,297.8824510723765,301.7558621211895,295.1855804157725,Up,713
2026-05-28 17:00:00,304.1991497281099,304.1991497281099,301.5,302.275,299.65120717072904,298.05470789306764,301.76102767222244,295.1855804157725,Up,74
2026-05-28 17:30:00,303.23707486405493,304.7,302.5,303.425,299.9942792461173,298.26530758353556,301.7775846108073,295.1855804157725,Up,1122
2026-05-28 18:00:00,303.3310374320275,304.3,302.1,303.175,300.2834356782884,298.457844541044,301.79148924154555,295.1855804157725,Up,1169
2026-05-28 18:30:00,303.25301871601374,303.25301871601374,299.6,301.375,300.382668798444,298.5722427943364,301.7873450699879,295.1855804157725,Up,1357
2026-05-28 19:00:00,302.31400935800684,305.2,301.0,303.05,300.6251534531309,298.7478411161271,301.7999088006348,295.1855804157725,Up,1155
2026-05-28 19:30:00,302.6820046790034,308.5,302.6820046790034,306.625,301.1705940483008,299.05674930765156,301.84791965833995,295.1855804157725,Up,2310
2026-05-28 20:00:00,304.6535023395017,311.0,304.6535023395017,309.3,301.9096309530007,299.45844541323385,301.9220697114908,295.1855804157725,Up,2771
2026-05-28 20:30:00,306.97675116975086,314.6,306.97675116975086,312.57500000000005,302.87920995727336,299.97282010291093,302.02806901784413,296.07554647452145,Up,2819
2026-05-28 21:00:00,309.77587558487545,316.0,309.77587558487545,314.975,303.97882723388483,300.56114088318895,302.1568942017462,297.2493206320706,Up,1727
2026-05-28 21:30:00,312.37543779243776,318.7,312.37543779243776,316.975,305.1602974853498,301.20482163286783,302.3043380405348,299.0209534022261,Up,2177
2026-05-28 22:00:00,314.6752188962189,319.2,314.6752188962189,317.6,306.2911795321362,301.8477698041279,302.4565336819225,300.2769931431048,Up,1572
2026-05-28 22:30:00,316.13760944810946,317.8,315.7,316.975,307.2624359383056,302.44099451769154,302.6009960333462,300.8403488136321,Up,802
2026-05-28 23:00:00,316.5563047240547,318.1,316.5563047240547,317.35,308.17948721664146,303.02566139935067,302.7477522917209,302.3034893649855,Up,718
2026-05-28 23:30:00,316.95315236202737,318.0,316.5,317.55,309.0313520151286,303.59524330525846,302.8950383385694,303.0457609117801,Up,882
2026-05-29 09:00:00,317.25157618101366,321.2,317.25157618101366,320.40000000000003,310.0648654682987,304.2542533717189,303.06921706156874,304.87705298522104,Up,181
2026-05-29 09:30:00,318.8257880905069,321.5,318.8257880905069,320.525,311.01578678936244,304.8923218669456,303.2429064440407,306.1461487097234,Up,1100
2026-05-29 10:00:00,319.6753940452534,321.3,319.6753940452534,320.70000000000005,311.89616980851133,305.5122308133399,303.4166088674831,307.1544354613279,Up,468
2026-05-29 10:30:00,320.1876970226267,320.9,319.8,320.4,312.66924528046485,306.0960648990913,303.5855978339758,307.82885312609204,Up,223
2026-05-29 11:00:00,320.29384851131334,320.3,319.0,319.625,313.3015866186044,306.62661137363676,303.7451938754288,307.82885312609204,Up,268
2026-05-29 11:30:00,319.9594242556567,319.9594242556567,318.4,318.95,313.8150787441858,307.10988151584706,303.8964854786584,307.82885312609204,Up,566
2026-05-29 12:00:00,319.4547121278283,319.4547121278283,318.0,318.475,314.23870794925983,307.55557243679425,304.0415453246419,307.8547984258482,Up,293
2026-05-29 12:30:00,318.96485606391417,321.4,318.2,319.3,314.698825408418,308.0161382235866,304.1933707442972,308.7522203290309,Up,790
2026-05-29 13:00:00,319.1324280319571,321.0,319.1324280319571,319.975,315.1784776440163,308.48511319521066,304.3504018811699,309.34366087217285,Up,452
2026-05-29 13:30:00,319.5537140159786,323.0,319.5537140159786,321.0,315.7077069491057,308.97589306990824,304.51606952414335,310.27588651943086,Up,765
2026-05-29 14:00:00,320.2768570079893,321.5,320.2768570079893,320.775,316.1683699537325,309.4386031455981,304.6778499268882,310.44276697184677,Up,152
2026-05-29 14:30:00,320.52592850399463,322.2,320.5,321.20000000000005,316.62579086702954,309.8998343947904,304.84224943010327,311.23576224350194,Up,207
2026-05-29 15:00:00,320.86296425199737,322.4,319.6,320.925,317.01662806093594,310.3321938302888,305.002276798958,311.23576224350194,Up,443
2026-05-29 15:30:00,320.8939821259987,321.4,320.1,320.525,317.3355709644872,310.7319117192971,305.15673175618235,311.23576224350194,Up,384
2026-05-29 16:00:00,320.70949106299935,321.8,319.2,320.75,317.6459736040793,311.1247779263835,305.3118886541308,311.23576224350194,Up,449
2026-05-29 16:30:00,320.7297455314997,322.2,320.6,321.5,317.9963396400721,311.5316493802508,305.47296438891556,311.8948584410231,Up,478
2026-05-29 17:00:00,321.11487276574985,323.8,320.6,321.77500000000003,318.33985421824735,311.93334940455475,305.6351736984786,312.3953258554756,Up,1599
2026-05-29 17:30:00,321.44493638287497,322.9,320.2,321.65,318.6407765620431,312.31439452594475,305.7945252039664,312.3953258554756,Up,865
2026-05-29 18:00:00,321.5474681914375,323.0,320.3,322.1,318.9552514200392,312.69814376022146,305.95676873427516,312.3953258554756,Up,1057
2026-05-29 18:30:00,321.8237340957187,326.3,321.8,323.925,319.40704674549016,313.13841263236964,306.13555710507836,313.3432575923934,Up,2771
2026-05-29 19:00:00,322.8743670478593,325.7,322.2,323.925,319.8177697686274,313.56141605855123,306.31256648711735,313.3432575923934,Up,1725
2026-05-29 19:30:00,323.39968352392964,324.4,322.3,323.125,320.11842706238855,313.93645856605906,306.47985438276794,313.3432575923934,Up,1045
2026-05-29 20:00:00,323.2623417619648,324.4,322.3,323.32500000000005,320.40993369308046,314.30463666150774,306.6474677719942,313.3432575923934,Up,560
2026-05-29 20:30:00,323.2936708809824,323.4,318.4,321.0,320.4635760846186,314.5671999296839,306.7902790379445,313.3432575923934,Up,1650
2026-05-29 21:00:00,322.1468354404912,322.1468354404912,317.2,319.1,320.3396146223805,314.7449567951865,306.9127638236366,313.3432575923934,Up,1379
2026-05-29 21:30:00,320.6234177202456,322.5,319.6,320.82500000000005,320.38374056580045,314.9833898620419,307.05119403434674,313.3432575923934,Up,799
2026-05-29 22:00:00,320.7242088601228,322.3,320.4,321.275,320.46476415072766,315.23011967137364,307.1927244419652,313.3432575923934,Up,362
2026-05-29 22:30:00,320.99960443006137,321.7,320.4,320.92499999999995,320.5066037733888,315.4534483117119,307.32936399975665,313.3432575923934,Up,390
2026-05-29 23:00:00,320.96230221503066,321.5,320.4,320.875,320.54009433944435,315.6660581818408,307.46414644752025,313.3432575923934,Up,206
2026-05-29 23:30:00,320.9186511075153,320.9186511075153,319.6,320.425,320.5296312176767,315.8526833511804,307.59311016446037,313.3432575923934,Up,471
2026-06-01 09:00:00,320.6718255537577,324.8,320.6718255537577,323.95000000000005,320.84057383425153,316.1702251805459,307.7558652872021,313.3432575923934,Up,108
2026-06-01 09:30:00,322.31091277687887,324.7,322.31091277687887,323.85,321.1141580311377,316.4713928205245,307.91600593111053,313.3432575923934,Up,854
2026-06-01 10:00:00,323.0804563884394,325.2,323.0804563884394,324.325,321.40605275557976,316.7793774157981,308.0792795039353,313.634238825551,Up,502
2026-06-01 10:30:00,323.70272819421973,324.5,323.2,323.875,321.6305025050725,317.0576371249825,308.23645085215486,313.82637330121025,Up,243
2026-06-01 11:00:00,323.78886409710987,324.6,322.4,323.725,321.8209113682477,317.31910233576747,308.39056576904886,313.82637330121025,Up,316
2026-06-01 11:30:00,323.756932048555,324.7,323.756932048555,324.375,322.0531012438616,317.5958042049531,308.5496148658743,314.862658835195,Up,200
2026-06-01 12:00:00,324.0659660242775,325.3,324.0,324.67499999999995,322.2914556762378,317.8734197263275,308.71006645924865,315.66290255537956,Up,308
2026-06-01 12:30:00,324.3704830121387,325.3,324.3704830121387,324.925,322.5308687965798,318.1499522860794,308.8714090815447,316.3271467426467,Up,291
2026-06-01 13:00:00,324.64774150606934,326.7,324.5,325.625,322.8121534514362,318.44309141211545,309.03811147874325,317.0653683968885,Up,565
2026-06-01 13:30:00,325.13637075303467,326.7,325.13637075303467,326.0,323.10195768312377,318.73944076850313,309.206886488905,317.5908369202467,Up,330
2026-06-01 14:00:00,325.56818537651736,325.8,324.7,325.15000000000003,323.28814334829434,318.9908352481697,309.36552443428906,317.5908369202467,Up,219
2026-06-01 14:30:00,325.35909268825867,325.35909268825867,323.1,324.1,323.36194849844935,319.19119465020225,309.5121361314603,317.5908369202467,Up,317
2026-06-01 15:00:00,324.72954634412935,324.72954634412935,322.5,323.3,323.3563168167721,319.35232427176294,309.6493288067692,317.5908369202467,Up,639
2026-06-01 15:30:00,324.0147731720647,324.0147731720647,322.0,323.075,323.33074256070194,319.49831155522327,309.782917574861,317.5908369202467,Up,551
2026-06-01 16:00:00,323.5448865860324,324.4,322.6,323.52500000000003,323.3484023279109,319.65622090599885,309.9196547134196,317.5908369202467,Up,463
2026-06-01 16:30:00,323.5349432930162,323.5349432930162,321.4,322.45,323.26672938900987,319.7657808704695,310.0443347660224,317.5908369202467,Up,633
2026-06-01 17:00:00,322.9924716465081,322.9924716465081,320.5,321.4,323.09702671728166,319.829867895157,310.1573264598929,317.5908369202467,Up,874
2026-06-01 17:30:00,322.196235823254,322.196235823254,319.2,320.225,322.83593337934695,319.8453632718175,310.25750231601336,317.5908369202467,Up,1636
2026-06-01 18:00:00,321.210617911627,321.210617911627,310.0,315.225,322.1440303448609,319.6641725552757,310.30693015366495,327.5380336236276,Down,5119
2026-06-01 18:30:00,318.21780895581355,318.21780895581355,310.7,311.75,321.19911849532804,319.3538128472257,310.32128905760857,327.5380336236276,Down,2420
2026-06-01 19:00:00,314.9839044779068,314.9839044779068,308.3,310.42499999999995,320.2196531775709,319.0036633238051,310.32232100728413,326.41944498310096,Down,2392
2026-06-01 19:30:00,312.70445223895337,312.70445223895337,308.3,309.675,319.2610483432462,318.63783338953823,310.31588000223655,325.53792942832115,Down,1253
2026-06-01 20:00:00,311.1897261194767,311.7,308.5,310.025,318.42140758476927,318.30007521739947,310.3129856738561,324.93245755349494,Down,952
2026-06-01 20:30:00,310.6073630597383,311.8,309.4,310.4,317.69218871342656,317.9902683461289,310.31385148804657,324.93245755349494,Down,510
2026-06-01 21:00:00,310.50368152986914,310.50368152986914,307.6,308.75,316.8792624667514,317.62790488157486,310.2982907767227,323.15934277042,Down,1266
2026-06-01 21:30:00,309.62684076493457,309.62684076493457,307.9,308.375,316.10614769704677,317.2650458666111,310.2791535550638,322.2163643019757,Down,429
2026-06-01 22:00:00,309.00092038246726,310.0,308.3,309.125,315.47149790640617,316.945828381646,310.26766944008807,321.9981308359167,Down,461
2026-06-01 22:30:00,309.0629601912336,311.0,308.6,309.475,314.9263617330965,316.6528547196206,310.25978218197776,321.9981308359167,Down,577
2026-06-01 23:00:00,309.2689800956168,309.8,308.3,308.775,314.3671470300877,316.34391924041984,310.2450082299183,321.00713292224526,Down,492
2026-06-01 23:30:00,309.0219900478084,309.0219900478084,306.8,307.725,313.76331548189796,316.0059224074622,310.21993352116294,319.5891122433302,Down,1353
2026-06-02 09:00:00,308.3734950239042,310.1,308.2,309.1,313.33937771081634,315.7351019208951,310.20878990403696,319.5891122433302,Down,82
2026-06-02 09:30:00,308.7367475119521,309.8,308.5,309.175,312.96079791892396,315.4778430220365,310.19850343733015,319.5891122433302,Down,530
2026-06-02 10:00:00,308.9558737559761,309.2,308.2,308.85,312.5870890172036,315.21792760940764,310.1850854926801,318.98107980422685,Down,253
2026-06-02 10:30:00,308.90293687798805,309.0,308.3,308.675,312.2314445610942,314.9613422129603,310.1700597663848,318.25098164020625,Down,215
2026-06-02 11:00:00,308.78896843899406,308.78896843899406,306.8,307.75,311.82404051008564,314.6785444791187,310.14597956970437,317.24591059750054,Down,387
2026-06-02 11:30:00,308.26948421949703,308.26948421949703,306.9,307.475,311.4286731909869,314.3960525387611,310.11940265856305,316.6749421695688,Down,192
2026-06-02 12:00:00,307.8722421097485,308.1,306.8,307.5,311.0715210827153,314.12561910586857,310.09333895051765,316.1865455089276,Down,153
2026-06-02 12:30:00,307.68612105487426,309.1,306.9,307.75,310.7695646206503,313.87559482720707,310.0700221450399,316.1865455089276,Down,326
2026-06-02 13:00:00,307.7180605274372,310.0,307.7,308.875,310.59733147331843,313.6794930692774,310.05813137742757,316.1865455089276,Down,237
2026-06-02 13:30:00,308.2965302637186,310.9,308.2965302637186,310.25,310.5657558848349,313.54500314499205,310.0600405179507,316.1865455089276,Down,668
2026-06-02 14:00:00,309.27326513185926,310.7,309.27326513185926,310.375,310.54841444075896,313.42068929616886,310.0631744431452,316.1865455089276,Down,388
2026-06-02 14:30:00,309.82413256592963,311.7,309.8,310.95,310.5849222188718,313.32379951984854,310.0719985780393,316.1865455089276,Down,295
2026-06-02 15:00:00,310.38706628296484,312.1,310.0,311.025,310.6249292898834,313.2336505190702,310.0814811792529,316.1865455089276,Down,453
2026-06-02 15:30:00,310.7060331414824,311.0,309.3,310.05,310.5726629908031,313.10880147910666,310.08116793368816,316.1865455089276,Down,304
2026-06-02 16:00:00,310.37801657074124,310.37801657074124,308.4,309.125,310.44105726436646,312.9525739701221,310.0716538248953,316.1865455089276,Down,575
2026-06-02 16:30:00,309.7515082853706,309.7515082853706,308.0,308.95000000000005,310.3055066039695,312.7956102850193,310.06049309031926,316.1865455089276,Down,410
2026-06-02 17:00:00,309.35075414268533,310.8,308.5,309.5,310.2322787308813,312.6663706659989,310.0549160446445,316.1865455089276,Down,835
2026-06-02 17:30:00,309.42537707134267,311.1,308.0,309.7,310.1838897553466,312.55004240458715,310.05138454171265,316.1865455089276,Down,1165
2026-06-02 18:00:00,309.5626885356713,310.7,305.1,307.675,309.95580886849694,312.3588642710739,310.0277389243822,316.1865455089276,Down,2344
2026-06-02 18:30:00,308.6188442678357,308.6188442678357,303.0,304.25,309.43709897136085,312.0408695937769,309.97024898483613,316.1865455089276,Down,2254
2026-06-02 19:00:00,306.43442213391785,306.43442213391785,301.2,303.475,308.8950899739644,311.70495313911897,309.9056196417035,315.7825385788909,Down,1873
2026-06-02 19:30:00,304.9547110669589,306.7,303.8,305.275,308.56599088542214,311.4527981140555,309.8595438243731,315.7825385788909,Down,848
2026-06-02 20:00:00,305.11485553347944,308.0,305.11485553347944,306.55,308.3827189867474,311.26053152134745,309.8266130400509,315.7825385788909,Down,1206
2026-06-02 20:30:00,305.8324277667397,307.5,305.2,306.25,308.18883544249763,311.06404008913773,309.7910248505977,315.7825385788909,Down,659
2026-06-02 21:00:00,306.0412138833699,306.0412138833699,304.3,305.125,307.91030494772514,310.8311365562304,309.74459674263153,315.7825385788909,Down,580
2026-06-02 21:30:00,305.58310694168495,306.5,304.2,305.3,307.6730044979319,310.61422924029984,309.70037189942127,315.7825385788909,Down,682
2026-06-02 22:00:00,305.44155347084245,306.0,304.8,305.45,307.47091317993807,310.4117104465626,309.6580796417156,315.7825385788909,Down,241
2026-06-02 22:30:00,305.4457767354212,306.6,304.5,305.625,307.3031028908528,310.2239963114033,309.6179494960269,315.7825385788909,Down,227
2026-06-02 23:00:00,305.5353883677106,306.8,305.5353883677106,306.125,307.196002628048,310.06325135801495,309.5831937796485,315.7825385788909,Down,252
2026-06-02 23:30:00,305.83019418385527,306.9,305.6,306.2,307.1054569345891,309.9117513047595,309.54953015995056,315.7433036508491,Down,445
2026-06-03 09:00:00,306.0150970919276,306.7,306.0150970919276,306.475,307.04814266780824,309.7769767437885,309.51893782005055,315.2368801951257,Down,18
2026-06-03 09:30:00,306.2450485459637,307.8,306.2450485459637,307.175,307.0596751525529,309.67493844011057,309.495615055672,315.2368801951257,Down,431
2026-06-03 10:00:00,306.71002427298185,308.2,306.71002427298185,307.85,307.1315228659572,309.6033722267729,309.47924077651106,315.2368801951257,Down,217
2026-06-03 10:30:00,307.28001213649094,308.1,307.0,307.6,307.1741116963247,309.5248086100367,309.46054186331196,315.2368801951257,Down,153
2026-06-03 11:00:00,307.44000606824545,307.6,306.7,307.15000000000003,307.1719197239315,309.43167886062355,309.43755139701034,314.7782095148312,Down,208
2026-06-03 11:30:00,307.2950030341227,307.3,306.7,307.05,307.16083611266504,309.33827968961873,309.41379466669184,314.1529177407557,Down,126
2026-06-03 12:00:00,307.1725015170614,307.6,306.8,307.15,307.1598510115137,309.2524647998298,309.3912693466253,313.9935615825052,Down,149
2026-06-03 12:30:00,307.1612507585307,307.5,306.8,307.04999999999995,307.14986455592157,309.16609363120904,309.367973134221,313.5805105295501,Down,116
2026-06-03 13:00:00,307.10562537926535,310.0,306.9,308.45,307.26805868720146,309.1380115280244,309.358839073184,313.5805105295501,Down,843
2026-06-03 13:30:00,307.7778126896327,311.3,307.7778126896327,310.375,307.5505078974558,309.1865208798666,309.3689501271822,313.5805105295501,Down,851
2026-06-03 14:00:00,309.07640634481635,312.5,309.07640634481635,311.45000000000005,307.9050071795053,309.2752847669306,309.38965709109084,313.5805105295501,Down,707
2026-06-03 14:30:00,310.2632031724082,313.6,310.2632031724082,312.65,308.33637016318664,309.40762654077645,309.42209831406507,313.5805105295501,Down,1074
2026-06-03 15:00:00,311.4566015862041,313.5,311.4566015862041,313.125,308.77170014835144,309.5534058921185,309.45894310695996,313.5805105295501,Down,622
2026-06-03 15:30:00,312.29080079310205,315.2,312.29080079310205,314.225,309.2674546803195,309.736605661055,309.506366558632,304.8692643113886,Up,1021
2026-06-03 16:00:00,313.257900396551,315.5,313.0,314.275,309.7226860730177,309.9145819096411,309.55381564760086,305.2716944680342,Up,1120
2026-06-03 16:30:00,313.7664501982755,314.2,312.9,313.625,310.07744188456155,310.0600885014199,309.59432494463965,305.2716944680342,Up,558
2026-06-03 17:00:00,313.69572509913775,314.1,312.5,313.2,310.36131080414685,310.18322228567797,309.6302023083746,305.2716944680342,Up,644
2026-06-03 17:30:00,313.44786254956887,313.44786254956887,310.0,311.5,310.46482800376987,310.2348606274161,309.6488072605301,305.2716944680342,Up,973
2026-06-03 18:00:00,312.47393127478443,312.47393127478443,308.7,309.95,310.4180254579726,310.22368962241933,309.6518042032114,305.2716944680342,Up,1338
2026-06-03 18:30:00,311.2119656373922,311.9,307.3,309.475,310.33229587088414,310.1943292450695,309.6500449574083,305.2716944680342,Up,2231
2026-06-03 19:00:00,310.3434828186961,310.3434828186961,306.2,308.54999999999995,310.17026897353105,310.1298457452629,309.63909923643905,305.2716944680342,Up,1883
2026-06-03 19:30:00,309.446741409348,309.9,307.5,308.79999999999995,310.0456990668464,310.0776949317232,309.6307499903054,305.2716944680342,Up,867
2026-06-03 20:00:00,309.123370704674,309.7,308.3,309.04999999999995,309.9551809698603,310.0373931696949,309.62497138343673,305.2716944680342,Up,467
2026-06-03 20:30:00,309.086685352337,311.0,308.8,309.725,309.93425542714573,310.0251424571578,309.6259666930543,305.2716944680342,Up,740
2026-06-03 21:00:00,309.4058426761685,311.6,309.4058426761685,310.625,309.9970503883143,310.0486662823673,309.63590732297416,305.2716944680342,Up,487
2026-06-03 21:30:00,310.01542133808425,312.6,310.01542133808425,311.65000000000003,310.14731853483113,310.11146368305884,309.65594804612863,305.2716944680342,Up,1284
2026-06-03 22:00:00,310.83271066904217,314.2,310.83271066904217,312.675,310.37710775893737,310.2119945190173,309.6859883640776,305.2716944680342,Up,919
2026-06-03 22:30:00,311.75385533452106,314.8,311.75385533452106,314.04999999999995,310.7110070535794,310.3625045378794,309.7294113654301,305.2716944680342,Up,926
2026-06-03 23:00:00,312.9019276672605,315.5,312.9019276672605,314.825,311.0850064123449,310.53750435992333,309.78011373990347,305.2716944680342,Up,1001
2026-06-03 23:30:00,313.86346383363025,315.1,312.6,314.175,311.36591492031357,310.68015124776946,309.82384395144675,305.2716944680342,Up,962
2026-06-04 09:00:00,314.0192319168151,315.0,314.0,314.3,311.6326499275578,310.8221061007981,309.86838281760157,305.2716944680342,Up,21
2026-06-04 09:30:00,314.1596159584076,315.4,313.5,314.425,311.88649993414344,310.96339605762955,309.9137222920533,305.2716944680342,Up,568
2026-06-04 10:00:00,314.29230797920377,315.3,313.9,314.775,312.1490908492213,311.1128707220363,309.96209321452045,305.2925685180379,Up,320
2026-06-04 10:30:00,314.5336539896019,315.3,313.9,314.625,312.3741734992921,311.25060128195645,310.0084902969631,305.6296077436708,Up,223
2026-06-04 11:00:00,314.5793269948009,314.6,313.5,313.975,312.51970318117463,311.3574404473699,310.0479580552023,305.6296077436708,Up,100
2026-06-04 11:30:00,314.27716349740047,314.27716349740047,312.6,313.3,312.5906392556133,311.43361925335546,310.0803166815187,305.6296077436708,Up,476
2026-06-04 12:00:00,313.78858174870027,314.4,313.0,313.6,312.6823993232848,311.518575361067,310.1153384060807,305.6296077436708,Up,300
2026-06-04 12:30:00,313.69429087435014,313.9,313.1,313.6,312.76581756662256,311.60019985671147,310.15001165577144,305.8079952221943,Up,135
2026-06-04 13:00:00,313.6471454371751,313.6471454371751,313.1,313.325,312.81665233329323,311.6678390780169,310.18160357959465,306.1818791252459,Up,65
2026-06-04 13:30:00,313.48607271858754,314.2,313.0,313.575,312.88559303026653,311.74262970240846,310.21536871810616,306.6257330969622,Up,130
2026-06-04 14:00:00,313.53053635929376,315.4,313.53053635929376,314.42499999999995,313.0255391184241,311.8478206944709,310.25725559653296,307.4452205802648,Up,346
2026-06-04 14:30:00,313.9777681796469,314.8,313.9777681796469,314.5,313.15958101674914,311.9518277260603,310.2994719587565,307.70802924662047,Up,269
2026-06-04 15:00:00,314.23888408982344,315.9,314.0,315.05,313.33143728795375,312.07332467797954,310.34674089449027,308.18558650617905,Up,439
2026-06-04 15:30:00,314.6444420449117,315.9,314.5,315.375,313.5172157163216,312.2028021415882,310.3967733234008,308.5414422783446,Up,393
2026-06-04 16:00:00,315.0097210224559,316.9,315.0097210224559,315.9,313.73383246938323,312.3477902928985,310.45153179779487,309.2142520451616,Up,713
2026-06-04 16:30:00,315.45486051122793,318.4,315.45486051122793,317.1,314.0398476994393,312.53415145788284,310.5176857102546,309.7286445632729,Up,1063
2026-06-04 17:00:00,316.277430255614,318.6,315.6,317.20000000000005,314.3271342722175,312.7171259105149,310.58417639970486,309.7286445632729,Up,1484
2026-06-04 17:30:00,316.73871512780704,318.0,315.6,316.6,314.53375842928864,312.86939548265156,310.6440353410013,309.7286445632729,Up,1038
2026-06-04 18:00:00,316.66935756390353,320.5,316.0,317.8,314.8306894811715,313.06275252254756,310.71523896944905,309.7286445632729,Up,1994
2026-06-04 18:30:00,317.23467878195174,321.5,317.23467878195174,319.65000000000003,315.2688086192468,313.3210759530359,310.80414206428037,309.87096434225657,Up,2119
2026-06-04 19:00:00,318.4423393909759,321.8,318.4423393909759,320.70000000000005,315.7625532902244,313.61044552350506,310.902608312397,310.2671339751889,Up,977
2026-06-04 19:30:00,319.571169695488,324.8,319.571169695488,322.65000000000003,316.3886848092949,313.9649378559166,311.0194977819254,311.32597771855865,Up,2282
2026-06-04 20:00:00,321.110584847744,325.9,321.110584847744,324.05,317.08516800844984,314.3604304890179,311.14915452041373,311.8913167965195,Up,1968
2026-06-04 20:30:00,322.58029242387204,327.5,321.0,324.45,317.75469818949983,314.7560998816055,311.2815012416037,311.8913167965195,Up,3509
2026-06-04 21:00:00,323.515146211936,326.6,323.515146211936,325.575,318.46563471772714,315.1803704744837,311.42372510984643,312.1887207967939,Up,1116
2026-06-04 21:30:00,324.545073105968,327.0,324.545073105968,325.825,319.1346679252065,315.5978069264647,311.5670213774102,313.18087921954134,Up,846
2026-06-04 22:00:00,325.185036552984,326.5,323.5,325.475,319.7110617501877,315.98514783130923,311.70540922440114,313.18087921954134,Up,1107
2026-06-04 22:30:00,325.330018276492,326.5,324.9,325.79999999999995,320.2646015910797,316.3700439947873,311.84565390873547,313.7201179062458,Up,605
2026-06-04 23:00:00,325.565009138246,326.6,325.3,326.04999999999995,320.79054690098155,316.7496501126388,311.986990685763,314.5864708238598,Up,506
2026-06-04 23:30:00,325.8075045691229,326.6,325.3,326.075,321.270951728165,317.1153501082216,312.1271698829196,315.1467916580544,Up,916
2026-06-05 09:00:00,325.9412522845615,326.1,325.5,325.8,321.68268338924094,317.4559246137815,312.26321794378606,315.76071968914033,Up,17
2026-06-05 09:30:00,325.87062614228074,327.2,325.7,326.25,322.09789399021906,317.8007903152019,312.40238990454446,316.7779269901275,Up,645
2026-06-05 10:00:00,326.0603130711404,326.9,325.8,326.35,322.48444908201736,318.13605344009596,312.541172094549,317.15720635466147,Up,462
2026-06-05 10:30:00,326.2051565355702,327.5,326.0,326.6,322.8585900745612,318.4679729130334,312.68106092942907,317.84746032241947,Up,462
2026-06-05 11:00:00,326.4025782677851,326.4025782677851,325.0,325.67499999999995,323.1146273405102,318.7506014262478,312.81035385550445,317.84746032241947,Up,498
2026-06-05 11:30:00,326.0387891338925,326.0387891338925,324.2,324.8,323.26784303682746,318.9878327428655,312.92965381714123,317.84746032241947,Up,293
2026-06-05 12:00:00,325.41939456694627,325.41939456694627,324.4,324.675,323.39576639711584,319.210858909812,313.0465229333886,317.84746032241947,Up,260
2026-06-05 12:30:00,325.0471972834731,325.4,324.5,324.8,323.523423997378,319.43004091334876,313.1634729539519,317.84746032241947,Up,172
2026-06-05 13:00:00,324.9235986417366,324.9235986417366,323.0,323.925,323.5599309067073,319.60631381870763,313.2705528250568,317.84746032241947,Up,699
2026-06-05 13:30:00,324.4242993208683,324.4242993208683,322.5,323.3,323.5363008242793,319.7511642571897,313.3703483193349,317.84746032241947,Up,425
2026-06-05 14:00:00,323.86214966043417,323.86214966043417,321.0,322.55,323.44663711298114,319.86092252161365,313.46168813705293,317.84746032241947,Up,470
2026-06-05 14:30:00,323.20607483021706,323.20607483021706,321.7,321.975,323.3128519208919,319.94382752076604,313.5463977078286,317.84746032241947,Up,302
2026-06-05 15:00:00,322.59053741510854,322.59053741510854,320.3,321.275,323.12759265535624,319.99603036308895,313.6232992231736,317.84746032241947,Up,573
2026-06-05 15:30:00,321.93276870755426,322.5,321.0,321.4,322.9705387775965,320.05108799590903,313.70067933040576,317.84746032241947,Up,627
2026-06-05 16:00:00,321.6663843537771,321.7,319.7,320.55,322.75048979781496,320.07065317254006,313.76883177487935,317.84746032241947,Up,974
2026-06-05 16:30:00,321.10819217688856,321.10819217688856,319.1,320.175,322.51635436165,320.0747452049895,313.8325747422935,317.84746032241947,Up,744
2026-06-05 17:00:00,320.6415960884443,320.9,319.2,320.15,322.30123123786365,320.0776963734213,313.89543469510653,317.84746032241947,Up,666
2026-06-05 17:30:00,320.39579804422215,320.39579804422215,317.7,318.92500000000007,321.9943011253306,320.03249259407147,313.94548012102587,317.84746032241947,Up,1368
2026-06-05 18:00:00,319.6603990221111,320.1,317.2,318.70000000000005,321.694819204846,319.9802379825393,313.9927887765381,317.84746032241947,Up,1017
2026-06-05 18:30:00,319.18019951105555,319.8,316.4,318.7,321.4225629134964,319.9300325714593,314.0396266991596,317.84746032241947,Up,1948
2026-06-05 19:00:00,318.94009975552774,320.5,317.1,318.75,321.1796026486331,319.8837567843433,314.0864960852376,317.84746032241947,Up,917
2026-06-05 19:30:00,318.84504987776387,318.84504987776387,316.8,317.75,320.8678205896664,319.80008004770235,314.1229488605089,326.93161160555235,Down,634
2026-06-05 20:00:00,318.2975249388819,318.9,316.4,317.475,320.5593823542422,319.7089004379885,314.15630260319045,326.89224909975087,Down,755
2026-06-05 20:30:00,317.88626246944096,317.88626246944096,315.1,316.05,320.1494385038565,319.56541414630266,314.17514536335773,325.9083622233817,Down,1168
2026-06-05 21:00:00,316.9681312347205,316.9681312347205,314.9,315.42499999999995,319.71994409441504,319.4030449640947,314.1875817279015,325.2454142378597,Down,956
2026-06-05 21:30:00,316.1965656173602,316.1965656173602,313.5,314.4,319.2363128131046,319.2068471223655,314.1896953425492,324.29371450635597,Down,1174
2026-06-05 22:00:00,315.2982828086801,315.2982828086801,312.9,313.75,318.73755710282234,318.9928531175669,314.1853202645139,323.5580003326563,Down,788
2026-06-05 22:30:00,314.52414140434007,314.52414140434007,312.4,313.15,318.2295973662021,318.76372162276033,314.17501857033966,322.8334484203994,Down,605
2026-06-05 23:00:00,313.83707070217,313.9,311.7,312.79999999999995,317.73599760563826,318.52985018657364,314.1613367935204,322.1194342892994,Down,740
2026-06-05 23:30:00,313.31853535108496,313.5,312.4,312.9,317.2963614596711,318.30907174788445,314.1487861786595,321.82221299027225,Down,727
2026-06-08 09:00:00,313.10926767554247,313.2,307.8,310.525,316.68078314515554,318.0038140322811,314.11272860474253,320.5292845366111,Down,151
2026-06-08 09:30:00,311.8171338377712,311.8171338377712,308.4,308.775,315.962075586505,317.64189975650544,314.0596168773322,320.4686924386307,Down,1552
2026-06-08 10:00:00,310.2960669188856,310.2960669188856,308.1,308.525,315.28597780591366,317.2843742758582,314.00454606263236,319.41489917516947,Down,390
2026-06-08 10:30:00,309.4105334594428,309.4105334594428,307.2,308.05,314.62816164173967,316.92224195131473,313.94529684807884,318.39715682017936,Down,524
2026-06-08 11:00:00,308.7302667297214,308.7302667297214,307.5,308.15,314.03923785612693,316.57823246302786,313.88763220282436,317.73694862153934,Down,253
2026-06-08 11:30:00,308.4401333648607,310.5,308.4401333648607,309.375,313.61521623284267,316.29575275859537,313.842730389861,317.73694862153934,Down,644
2026-06-08 12:00:00,308.90756668243034,310.3,308.90756668243034,309.625,313.2524693025842,316.0341546111995,313.8007629232952,317.73694862153934,Down,198
2026-06-08 12:30:00,309.2662833412152,309.3,307.5,308.55,312.82497209325834,315.7406583519368,313.74851652604855,317.5682839341918,Down,422
2026-06-08 13:00:00,308.9081416706076,308.9081416706076,306.7,307.57500000000005,312.3477019029621,315.42043645578246,313.6870885009138,316.94183501933554,Down,508
2026-06-08 13:30:00,308.24157083530383,308.24157083530383,305.8,306.475,311.81381991178375,315.06963502614394,313.6153264262778,316.2156877068822,Down,577
2026-06-08 14:00:00,307.3582854176519,307.3582854176519,304.5,305.32500000000005,311.22392719253065,314.6874924760991,313.5328356160661,315.3275213054541,Down,655
2026-06-08 14:30:00,306.341642708826,306.341642708826,304.1,304.55,310.6172065386642,314.2899437515462,313.44345416715004,314.5799447000117,Down,652
2026-06-08 15:00:00,305.445821354413,305.445821354413,304.6,304.8,310.0883695806038,313.91778909462283,313.3574496480739,313.8569578475373,Down,356
2026-06-08 15:30:00,305.1229106772065,305.9,304.1,305.175,309.64169961873074,313.5749346203239,313.27603223864037,313.68549742757347,Down,557
2026-06-08 16:00:00,305.1489553386033,306.7,305.1489553386033,306.1,309.31972692611885,313.2817999293308,313.20462893278324,313.68549742757347,Down,540
2026-06-08 16:30:00,305.62447766930165,306.6,305.2,306.025,309.02020629647166,312.9972195399453,313.1331898389247,313.68549742757347,Down,527
2026-06-08 17:00:00,305.8247388346508,306.2,304.4,305.475,308.6979148149742,312.70223053837884,313.05698894500506,313.409027266816,Down,996
2026-06-08 17:30:00,305.64986941732536,306.5,305.0,305.625,308.4185589227038,312.4246920858934,312.9830388062488,313.409027266816,Down,536
2026-06-08 18:00:00,305.6374347086627,307.4,304.7,306.025,308.20096265700346,312.17372376879956,312.91380458927125,313.409027266816,Down,915
2026-06-08 18:30:00,305.83121735433133,307.8,305.0,306.125,308.01223877909405,311.93651891512116,312.84625429485067,313.409027266816,Down,795
2026-06-08 19:00:00,305.97810867716566,306.9,305.0,305.925,307.8224897991764,311.7007730753125,312.77738609291185,313.409027266816,Down,688
2026-06-08 19:30:00,305.9515543385828,306.9,305.5,306.15,307.67044527197856,311.48309569981006,312.71144195268386,313.409027266816,Down,363
2026-06-08 20:00:00,306.0507771692914,306.4,304.7,305.42499999999995,307.46631388361686,311.2455233194254,312.6389400427069,313.409027266816,Down,502
2026-06-08 20:30:00,305.7378885846457,305.7378885846457,303.4,304.25,307.17392171237896,310.9711890716048,312.555468002481,312.69506735163066,Down,709
2026-06-08 21:00:00,304.99394429232285,304.99394429232285,302.4,303.775,306.8649288294354,310.6889855786007,312.46810016166035,312.02760921546775,Down,1080
2026-06-08 21:30:00,304.38447214616144,305.2,304.0,304.625,306.66129893585037,310.45118222257713,312.39005936403186,312.02760921546775,Down,274
2026-06-08 22:00:00,304.5047360730807,305.4,304.3,304.85,306.4966353962276,310.2315280177702,312.31503389772314,312.02760921546775,Down,247
2026-06-08 22:30:00,304.6773680365403,306.3,304.6773680365403,305.5,306.40603217838867,310.0459778994263,312.2472226151587,312.02760921546775,Down,411
2026-06-08 23:00:00,305.08868401827016,306.7,305.08868401827016,305.92499999999995,306.3623019803533,309.88437092297823,312.1843149274457,312.02760921546775,Down,368
2026-06-08 23:30:00,305.5068420091351,307.0,305.4,306.29999999999995,306.35663816395754,309.7438073573712,312.1257645301577,312.02760921546775,Down,752
2026-06-09 09:00:00,305.9034210045675,308.2,305.9034210045675,307.6,306.4696710581432,309.65973648061157,312.08073204727054,312.02760921546775,Down,67
2026-06-09 09:30:00,306.7517105022838,308.4,306.7517105022838,307.92499999999995,306.6019736892211,309.59170759901895,312.039381479636,312.02760921546775,Down,597
2026-06-09 10:00:00,307.3383552511419,309.1,307.3383552511419,308.6,306.78361244474644,309.5528171049398,312.00515877834613,312.02760921546775,Down,591
2026-06-09 10:30:00,307.969177625571,308.9,307.969177625571,308.45,306.93510222249677,309.5095693753343,311.96978406413376,312.02760921546775,Down,223
2026-06-09 11:00:00,308.20958881278546,308.3,307.6,307.925,307.0250929295425,309.447429399831,311.92953745653045,312.02760921546775,Down,107
2026-06-09 11:30:00,308.0672944063928,308.4,306.6,307.575,307.07508448140226,309.37400079591606,311.8862087256197,312.02760921546775,Down,527
2026-06-09 12:00:00,307.82114720319635,308.0,306.8,307.425,307.10689498309296,309.2975693921547,311.84181858904645,312.02760921546775,Down,131
2026-06-09 12:30:00,307.6230736015982,308.3,307.0,307.65,307.1562681664481,309.2329588277565,311.8001089513445,312.02760921546775,Down,150
2026-06-09 13:00:00,307.6365368007991,309.4,307.6365368007991,308.65,307.29206196949826,309.21009769725623,311.7687645836694,312.02760921546775,Down,603
2026-06-09 13:30:00,308.1432684003995,311.3,308.1432684003995,310.075,307.5450563359075,309.24401543461875,311.75191120472743,312.02760921546775,Down,747
2026-06-09 14:00:00,309.1091342001997,312.0,309.1091342001997,310.675,307.8295966690068,309.3001324763984,311.741195670352,312.02760921546775,Down,1004
2026-06-09 14:30:00,309.8920671000999,310.0,308.6,309.25,307.9587242445516,309.2981664969318,311.7164076537316,312.02760921546775,Down,398
2026-06-09 15:00:00,309.57103355004995,309.57103355004995,308.0,308.5,308.00793113141054,309.26686584999334,311.6844035974756,312.02760921546775,Down,436
2026-06-09 15:30:00,309.035516775025,310.1,308.0,309.025,308.1003919376459,309.25738091469947,311.65794187013756,312.02760921546775,Down,494
2026-06-09 16:00:00,309.0302583875125,310.0,308.8,309.475,308.2253563069508,309.26591499647594,311.63622105550934,312.02760921546775,Down,190
2026-06-09 16:30:00,309.2526291937562,309.8,308.1,308.85,308.28214209722796,309.2496046044573,311.6084974629172,312.02760921546775,Down,345
2026-06-09 17:00:00,309.0513145968781,309.4,308.1,308.67499999999995,308.3178564520254,309.22707109055705,311.5793084334355,312.02760921546775,Down,332
2026-06-09 17:30:00,308.86315729843903,310.1,307.8,308.70000000000005,308.35259677456855,309.2064016360254,311.5506585982769,312.02760921546775,Down,743
2026-06-09 18:00:00,308.7815786492196,311.2,307.9,309.525,308.45917888597137,309.2188956895146,311.53050279132896,312.02760921546775,Down,898
2026-06-09 18:30:00,309.1532893246098,311.0,308.2,309.675,308.56970807815577,309.23678213306306,311.5120400769874,312.02760921546775,Down,892
2026-06-09 19:00:00,309.4141446623049,309.4141446623049,304.2,306.425,308.37473461650524,309.1265161670606,311.4614227627885,312.02760921546775,Down,2020
2026-06-09 19:30:00,307.9195723311525,308.0,304.1,305.6,308.12248601500477,308.98822141541115,311.4031001482334,312.02760921546775,Down,1646
2026-06-09 20:00:00,306.75978616557626,308.5,306.0,307.25,308.0431691045498,308.9200558697088,311.361775768649,312.02760921546775,Down,700
2026-06-09 20:30:00,307.00489308278816,309.5,307.00489308278816,308.525,308.0869719132271,308.90456348266144,311.33354914408534,312.02760921546775,Down,827
2026-06-09 21:00:00,307.76494654139407,308.7,306.6,307.725,308.054065375661,308.85830609118455,311.29764318245265,312.02760921546775,Down,466
2026-06-09 21:30:00,307.7449732706971,307.8,306.6,307.25,307.9809685233282,308.7952352640793,311.25736812591083,312.02760921546775,Down,198
2026-06-09 22:00:00,307.49748663534854,307.49748663534854,305.9,306.6,307.8554259302984,308.7091476066644,311.2110261545088,312.02760921546775,Down,429
2026-06-09 22:30:00,307.0487433176743,309.0,305.5,306.725,307.75265993663487,308.63133789659906,311.1663890783445,312.02760921546775,Down,656
2026-06-09 23:00:00,306.88687165883715,307.5,305.8,306.57500000000005,307.64559994239534,308.55069719477166,311.1207036148784,312.02760921546775,Down,315
2026-06-09 23:30:00,306.7309358294186,307.9,306.3,306.85,307.57327267490484,308.48400318713357,311.0782090515463,312.02760921546775,Down,429
2026-06-10 09:00:00,306.7904679147093,306.7904679147093,305.0,305.425,307.3779751590044,308.36404227783424,311.0219582152125,312.02760921546775,Down,52
2026-06-10 09:30:00,306.10773395735464,306.10773395735464,304.3,305.175,307.17770469000396,308.2389817963506,310.96377952650397,312.02760921546775,Down,665
2026-06-10 10:00:00,305.6413669786773,305.6413669786773,303.1,303.975,306.8865497181854,308.0717668239447,310.8942394317129,312.02760921546775,Down,770
2026-06-10 10:30:00,304.80818348933866,304.80818348933866,301.0,302.175,306.4582270165322,307.84052106614297,310.80748083040237,312.02760921546775,Down,797
2026-06-10 11:00:00,303.49159174466934,303.49159174466934,298.6,299.975,305.868842742302,307.5320692596276,310.6996949514929,311.44502352274174,Down,1622
2026-06-10 11:30:00,301.7332958723347,301.7332958723347,298.7,299.525,305.2921297657291,307.21806654356374,310.58850395695066,310.77350793556815,Down,749
2026-06-10 12:00:00,300.6291479361673,300.6291479361673,299.2,299.70000000000005,304.783754332481,306.92324040460045,310.4801606339959,310.03140958069076,Down,384
2026-06-10 12:30:00,300.1645739680837,303.2,298.9,301.025,304.44204939316455,306.691936859322,310.3860794336577,310.03140958069076,Down,1172
2026-06-10 13:00:00,300.59478698404183,304.7,300.59478698404183,303.475,304.35413581196775,306.5657824726819,310.31731247411886,310.03140958069076,Down,899
2026-06-10 13:30:00,302.03489349202096,307.2,302.03489349202096,305.525,304.4605780108797,306.52496747375324,310.26962777288384,310.03140958069076,Down,1437
2026-06-10 14:00:00,303.77994674601047,306.8,303.77994674601047,306.325,304.6300709189816,306.51712561203743,310.23037774529297,310.03140958069076,Down,669
2026-06-10 14:30:00,305.0524733730052,306.5,304.8,305.875,304.74324628998323,306.49194421548697,310.1870406533,310.03140958069076,Down,389
2026-06-10 15:00:00,305.4637366865026,305.9,303.9,305.15,304.7802238999848,306.4393189521345,310.1369208458045,310.03140958069076,Down,341
2026-06-10 15:30:00,305.30686834325127,305.7,304.0,304.775,304.7797489999861,306.3740515422469,310.0835683995776,310.03140958069076,Down,406
2026-06-10 16:00:00,305.0409341716256,306.9,304.5,305.65,304.8588627272601,306.3456573641196,310.0394532911241,310.03140958069076,Down,496
2026-06-10 16:30:00,305.3454670858128,308.8,305.3454670858128,307.55,305.10351157023644,306.39288648709527,310.01468261161045,310.03140958069076,Down,1395
2026-06-10 17:00:00,306.4477335429064,314.0,306.4477335429064,311.0,305.63955597294216,306.57355760524837,310.02448676472875,297.4255559947486,Up,3946
2026-06-10 17:30:00,308.72386677145323,314.0,308.72386677145323,313.075,306.3155054299474,306.8285161305327,310.05484013025387,297.80851150561455,Up,1394
2026-06-10 18:00:00,310.89943338572664,313.6,310.89943338572664,312.77500000000003,306.90273220904305,307.06171157639415,310.0819063976145,298.94639985120745,Up,1063
2026-06-10 18:30:00,311.8372166928633,314.5,311.4,312.625,307.4229383718573,307.2798797498689,310.10721081156856,299.72880287122194,Up,1735
2026-06-10 19:00:00,312.23110834643165,313.3,309.3,311.35,307.77994397441574,307.43949230869754,310.119576873145,299.72880287122194,Up,1656
2026-06-10 19:30:00,311.7905541732158,312.8,310.3,311.725,308.138585431287,307.6075514338467,310.13555123261614,299.72880287122194,Up,569
2026-06-10 20:00:00,311.7577770866079,312.8,311.0,311.875,308.4782594829882,307.7749023580096,310.15285918055037,299.72880287122194,Up,344
2026-06-10 20:30:00,311.816388543304,312.6,309.3,310.675,308.6779631663529,307.88863167730335,310.15805461158965,299.72880287122194,Up,815
2026-06-10 21:00:00,311.245694271652,311.245694271652,308.1,309.375,308.74133015122993,307.9469206311346,310.15026302341465,299.72880287122194,Up,1111
2026-06-10 21:30:00,310.310347135826,312.3,309.5,310.875,308.93530013748176,308.0617472730509,310.15747433661454,299.72880287122194,Up,780
2026-06-10 22:00:00,310.592673567913,312.3,310.592673567913,311.7,309.18663648861974,308.20442385057834,310.17282285067813,299.72880287122194,Up,522
2026-06-10 22:30:00,311.1463367839565,312.0,309.3,310.9,309.3423968078361,308.3101327191831,310.1800584442038,299.72880287122194,Up,740
2026-06-10 23:00:00,311.02316839197823,311.3,310.1,310.70000000000005,309.46581527985103,308.40385300470535,310.18523199202264,299.72880287122194,Up,290
2026-06-10 23:30:00,310.8615841959892,311.7,310.4,310.9,309.59619570895546,308.5017411221679,310.192344111505,300.31440010330994,Up,667
2026-06-11 09:00:00,310.8807920979946,311.3,310.2,310.875,309.71245064450494,308.5948100977692,310.19913670741045,300.59036373028175,Up,15
2026-06-11 09:30:00,310.8778960489973,311.9,310.7,311.325,309.859046040459,308.7018763684449,310.2103393272372,301.6276033911652,Up,450
2026-06-11 10:00:00,311.1014480244986,311.9,311.1014480244986,311.725,310.02867821859905,308.82043023634907,310.2254105777124,302.4172536494899,Up,164
2026-06-11 10:30:00,311.4132240122493,311.9,309.4,311.0,310.11698019872637,308.90590356041383,310.2331179351481,302.4172536494899,Up,627
2026-06-11 11:00:00,311.20661200612466,311.4,310.5,310.9,310.18816381702396,308.9841034207898,310.23975357758445,302.4172536494899,Up,247
2026-06-11 11:30:00,311.0533060030623,311.0533060030623,310.0,310.4,310.2074216518399,309.0396287768373,310.2413480693498,302.4172536494899,Up,138
2026-06-11 12:00:00,310.72665300153113,310.72665300153113,310.0,310.29999999999995,310.21583786530897,309.0890550993143,310.2419316706498,302.59326945120836,Up,256
2026-06-11 12:30:00,310.5133265007655,310.9,308.7,309.77500000000003,310.17576169573545,309.11595489934115,310.2372855843747,302.59326945120836,Up,483
2026-06-11 13:00:00,310.1441632503828,310.1441632503828,308.1,308.55,310.0279651779413,309.0937605895631,310.22049667308744,302.59326945120836,Up,584
2026-06-11 13:30:00,309.34708162519144,309.34708162519144,306.8,307.67499999999995,309.81405925267387,309.03812291938414,310.19516834798213,302.59326945120836,Up,701
2026-06-11 14:00:00,308.5110408125957,308.5110408125957,305.4,306.35,309.4991447751581,308.93270633431024,310.1569079664102,302.59326945120836,Up,694
2026-06-11 14:30:00,307.4305204062979,307.4305204062979,304.8,305.475,309.1333134319619,308.79711000747454,310.1103218174907,302.59326945120836,Up,953
2026-06-11 15:00:00,306.45276020314896,306.45276020314896,305.0,305.4,308.7939213017835,308.66389000718146,310.06345294368487,302.59326945120836,Up,450
2026-06-11 15:30:00,305.92638010157447,305.92638010157447,305.0,305.375,308.4831102743486,308.5349139284685,310.0168016706134,302.59326945120836,Up,633
2026-06-11 16:00:00,305.65069005078726,305.65069005078726,305.0,305.32500000000005,308.1960093403169,308.4090349508815,309.97011707687597,302.59326945120836,Up,474
2026-06-11 16:30:00,305.48784502539365,306.1,305.0,305.625,307.9622812184699,308.2998571096705,309.92688208108615,302.59326945120836,Up,529
2026-06-11 17:00:00,305.5564225126968,306.1,303.6,304.82500000000005,307.6770738349726,308.1635882034089,309.87611708525446,302.59326945120836,Up,1141
2026-06-11 17:30:00,305.19071125634844,307.5,303.6,305.35,307.4655216681569,308.05325141111837,309.8310810943564,302.59326945120836,Up,1294
2026-06-11 18:00:00,305.27035562817423,307.5,304.9,306.525,307.3800196983245,307.99331998323134,309.7981847650594,302.59326945120836,Up,1866
2026-06-11 18:30:00,305.8976778140871,307.3,305.7,306.65,307.31365427120403,307.9406407682026,309.7668595435165,302.59326945120836,Up,604
2026-06-11 19:00:00,306.2738389070436,307.9,305.5,306.4,307.23059479200367,307.8802234831751,309.73335845353125,302.59326945120836,Up,712
2026-06-11 19:30:00,306.3369194535218,306.3369194535218,303.9,304.975,307.02554072000333,307.76629315050155,309.6860116032474,302.59326945120836,Up,1137
2026-06-11 20:00:00,305.6559597267609,305.6559597267609,301.1,303.2,306.67776429091214,307.58722283087405,309.6214741743594,302.59326945120836,Up,1461
2026-06-11 20:30:00,304.4279798633804,304.4279798633804,300.5,301.725,306.2275129917383,307.3573317394672,309.54290229202746,312.32174916564713,Down,1952
2026-06-11 21:00:00,303.0764899316902,303.0764899316902,300.1,300.825,305.73637544703485,307.10116186733126,309.45615699558937,311.7257179966501,Down,1664
2026-06-11 21:30:00,301.9507449658451,302.8,300.8,301.57500000000005,305.3580685882135,306.8844496372398,309.3777375229964,311.7257179966501,Down,1082
2026-06-11 22:00:00,301.7628724829226,303.7,301.7,302.375,305.0868805347395,306.70760847499514,309.3080585426681,311.7257179966501,Down,619
2026-06-11 22:30:00,302.0689362414613,303.3,302.0689362414613,302.575,304.8585277588541,306.54554539754434,309.2410629352784,311.7257179966501,Down,280
2026-06-11 23:00:00,302.3219681207306,303.0,301.0,301.925,304.59184341714007,306.36434753881707,309.1682662891563,311.2432947817347,Down,340
2026-06-11 23:30:00,302.1234840603653,302.1234840603653,299.3,300.52500000000003,304.22213037921824,306.135353517687,309.082263639513,310.14145876280156,Down,1915
2026-06-12 09:00:00,301.32424203018263,301.32424203018263,299.0,299.875,303.8269367083802,305.88984945816986,308.9906490759357,309.57976969208397,Down,61
2026-06-12 09:30:00,300.5996210150913,300.5996210150913,298.0,298.8,303.3699424621638,305.61181614608483,308.88924958264283,308.8066260375722,Down,1123
2026-06-12 10:00:00,299.69981050754564,299.8,298.1,298.775,302.95222042014893,305.34370570898346,308.78861028331306,308.21074139093326,Down,535
2026-06-12 10:30:00,299.2374052537728,300.0,298.8,299.35,302.624745836499,305.1086584262782,308.69469376308115,308.21074139093326,Down,340
2026-06-12 11:00:00,299.29370262688644,300.7,299.29370262688644,299.92499999999995,302.3793143968173,304.90537770367905,308.60743312862263,308.21074139093326,Down,388
2026-06-12 11:30:00,299.6093513134432,301.0,299.6093513134432,300.35,302.1948312698339,304.72673544078964,308.52526961490497,308.21074139093326,Down,237
2026-06-12 12:00:00,299.9796756567216,300.8,299.9796756567216,300.5,302.040755699849,304.5609811097783,308.4454161859009,308.21074139093326,Down,151
2026-06-12 12:30:00,300.2398378283608,300.7,299.3,300.1,301.8643233634991,304.38604067410074,308.36237721887704,307.6368497430988,Down,153
2026-06-12 13:00:00,300.1699189141804,300.1699189141804,299.0,299.525,301.65165760318104,304.19541162805757,308.27444311719665,306.95297519233657,Down,259
2026-06-12 13:30:00,299.84745945709017,299.9,298.3,299.125,301.4219614574373,303.99657195636905,308.1834038821997,306.3800143047694,Down,525
2026-06-12 14:00:00,299.4862297285451,299.4862297285451,295.3,297.20000000000005,301.03814677948844,303.73003972278593,308.0741162813818,305.53357504262476,Down,1385
2026-06-12 14:30:00,298.3431148642726,298.3431148642726,295.5,295.825,300.56422434498944,303.42003816502967,307.9522345273382,305.35583572673744,Down,567
2026-06-12 15:00:00,297.0840574321363,297.0840574321363,295.3,296.2,300.16747667726315,303.1368994134599,307.8352968703498,304.50830259557335,Down,396
2026-06-12 15:30:00,296.6420287160681,297.4,295.7,296.52500000000003,299.8363424338756,302.87760924038304,307.72275660298317,304.50830259557335,Down,584
2026-06-12 16:00:00,296.5835143580341,296.6,295.6,296.2,299.50576584897783,302.61574221134845,307.60810230842617,303.8985734541365,Down,582
2026-06-12 16:30:00,296.3917571790171,296.6,295.3,296.0,299.18705986270714,302.3563013403152,307.4925988028697,303.5123395037605,Down,301
2026-06-12 17:00:00,296.19587858950854,296.19587858950854,294.0,295.025,298.8086907842792,302.0687993269695,307.3685430933884,302.7712946943578,Down,1198
2026-06-12 17:30:00,295.61043929475426,296.8,294.6,295.675,298.5238098038902,301.8180620984609,307.2521894307676,302.7712946943578,Down,787
2026-06-12 18:00:00,295.64271964737713,300.3,295.4,297.975,298.4739180035365,301.66735378087424,307.15987908817294,302.7712946943578,Down,1647
2026-06-12 18:30:00,296.8088598236886,301.6,296.8088598236886,299.79999999999995,298.5944709123059,301.59412422083994,307.08664646042996,302.7712946943578,Down,2646
2026-06-12 19:00:00,298.3044299118443,300.5,297.2,298.725,298.6063371930054,301.48160954551287,307.0034459981371,302.7712946943578,Down,825
2026-06-12 19:30:00,298.51471495592216,299.8,297.6,298.725,298.61712472091403,301.3735072103947,306.92107340114075,302.7712946943578,Down,769
2026-06-12 20:00:00,298.6198574779611,300.7,298.6198574779611,299.9,298.73374974628547,301.31572261390863,306.8512119742637,302.7712946943578,Down,783
2026-06-12 20:30:00,299.25992873898053,302.8,299.25992873898053,301.0,298.93977249662316,301.3033413349318,306.7929909595944,302.7712946943578,Down,1833
2026-06-12 21:00:00,300.12996436949027,301.3,299.6,300.55,299.08615681511196,301.2737985374835,306.7308716465637,302.7712946943578,Down,602
2026-06-12 21:30:00,300.3399821847452,301.0,300.1,300.65000000000003,299.22832437737446,301.2493358497391,306.67036546102577,302.7712946943578,Down,417
2026-06-12 22:00:00,300.49499109237263,301.6,300.4,301.07500000000005,299.39620397943133,301.24249914974934,306.6146901828066,302.7712946943578,Down,287
2026-06-12 22:30:00,300.78499554618634,302.7,300.78499554618634,301.67499999999995,299.6033672540285,301.2594599674062,306.5655390367091,302.7712946943578,Down,859
2026-06-12 23:00:00,301.22999777309315,301.9,300.9,301.275,299.75533386729865,301.2600693804491,306.51289685723935,302.7712946943578,Down,348
2026-06-12 23:30:00,301.25249888654656,302.1,300.8,301.325,299.8980307884533,301.262615679255,306.46127599298825,302.7712946943578,Down,821
2026-06-15 09:00:00,301.2887494432733,301.2887494432733,295.0,296.725,299.60957344404846,301.0846699663431,306.3643976248988,302.7712946943578,Down,164
2026-06-15 09:30:00,299.0068747216367,299.0068747216367,294.3,295.07500000000005,299.19733949458947,300.84899663432964,306.25206531022326,302.7712946943578,Down,1601
2026-06-15 10:00:00,297.0409373608184,297.0409373608184,294.6,294.8,298.7975813587177,300.6117810800422,306.1381144116141,302.7712946943578,Down,575
2026-06-15 10:30:00,295.9204686804092,295.9204686804092,294.3,294.75,298.4296194170161,300.3819073121974,306.02479984035426,302.7712946943578,Down,360
2026-06-15 11:00:00,295.3352343402046,295.3352343402046,294.5,294.75,298.09510856092373,300.1610482019152,305.9126127772662,302.7712946943578,Down,414
2026-06-15 11:30:00,295.0426171701023,295.3,294.5,294.925,297.80691687356705,299.9557129783107,305.80328329689536,302.7712946943578,Down,253
2026-06-15 12:00:00,294.9838085850512,295.9,294.9838085850512,295.40000000000003,297.58810624869733,299.7770575673966,305.69976804020985,302.7712946943578,Down,341
2026-06-15 12:30:00,295.1919042925256,295.7,295.1919042925256,295.45000000000005,297.3937329533612,299.6073690353418,305.5977802985162,302.7712946943578,Down,114
2026-06-15 13:00:00,295.3209521462628,295.6,294.3,295.0,297.17612086669203,299.4266878967009,305.4923297482822,302.55665930161587,Down,397
2026-06-15 13:30:00,295.1604760731314,295.1604760731314,294.3,294.5,296.9328371515382,299.2334844497715,305.38295333287647,301.95828324644606,Down,181
2026-06-15 14:00:00,294.8302380365657,294.8302380365657,293.7,294.225,296.686670137762,299.0370732948785,305.27192892160406,301.24706485874333,Down,513
2026-06-15 14:30:00,294.52761901828285,294.52761901828285,293.3,293.8,296.4242455797836,298.8316978715499,305.1577803751204,300.7074399162084,Down,414
2026-06-15 15:00:00,294.1638095091414,294.1638095091414,293.0,293.575,296.1652232543487,298.6255528569793,305.0425288290993,300.1811358552285,Down,469
2026-06-15 15:30:00,293.8694047545707,293.8694047545707,292.6,293.3,295.9047484130443,298.41670764690167,304.9256877462227,299.69560510681816,Down,598
2026-06-15 16:00:00,293.58470237728534,293.58470237728534,292.2,292.825,295.6247712845857,298.19742499408204,304.80528289302646,299.26942726177623,Down,531
2026-06-15 16:30:00,293.2048511886427,293.2048511886427,291.9,292.4,295.33161025871425,297.9700749943141,304.6818472423496,298.8242588203128,Down,643
2026-06-15 17:00:00,292.80242559432133,294.2,291.6,292.90000000000003,295.1105547806493,297.7712485239488,304.56461493148043,298.8242588203128,Down,1098
2026-06-15 17:30:00,292.85121279716066,296.8,292.85121279716066,295.27500000000003,295.1255043460448,297.67335642497045,304.47218095206273,298.8242588203128,Down,1376
2026-06-15 18:00:00,294.0631063985803,297.5,294.0631063985803,296.675,295.2663675873135,297.63420519261865,304.3945970619925,298.8242588203128,Down,1654
2026-06-15 18:30:00,295.3690531992902,297.5,294.5,296.375,295.3671523521032,297.5848245968297,304.314800076301,298.8242588203128,Down,1655
2026-06-15 19:00:00,295.8720265996451,298.1,295.8720265996451,297.1,295.5246839564574,297.56581186754227,304.24301102081546,298.8242588203128,Down,1451
2026-06-15 19:30:00,296.48601329982256,298.5,296.48601329982256,297.675,295.7201672331431,297.57009375508966,304.17765767732476,298.8242588203128,Down,994
2026-06-15 20:00:00,297.0805066499113,300.2,297.0805066499113,299.075,296.0251520301301,297.62910968626267,304.12688496411755,289.853593715809,Up,1558
2026-06-15 20:30:00,298.07775332495567,299.9,297.5,298.92499999999995,296.2887745728455,297.6799289142524,304.07512491472335,289.853593715809,Up,1106
2026-06-15 21:00:00,298.5013766624778,299.3,298.2,298.675,296.50570415713224,297.7189513097719,304.0213923285072,290.29490941392834,Up,484
2026-06-15 21:30:00,298.58818833123894,299.1,297.3,298.275,296.6665492337566,297.7407571407613,303.96421429538776,290.29490941392834,Up,814
2026-06-15 22:00:00,298.43159416561946,299.5,297.3,298.45000000000005,296.8286811215969,297.7685705862216,303.90934649145356,290.29490941392834,Up,564
2026-06-15 22:30:00,298.4407970828097,299.9,298.4407970828097,299.25,297.0488010196335,297.8266658573502,303.8629848348222,291.0191252145891,Up,884
2026-06-15 23:00:00,298.84539854140485,300.8,298.84539854140485,299.875,297.3057281996668,297.9069926864737,303.82330339367974,291.70168662501715,Up,787
2026-06-15 23:30:00,299.3601992707024,301.2,299.3601992707024,300.525,297.59838927242436,298.00965963994537,303.79048445443914,292.22834241952916,Up,1245
2026-06-16 09:00:00,299.9425996353512,301.9,299.9425996353512,301.25,297.9303538840221,298.1367318109279,303.76520600215616,292.8897385797832,Up,63
2026-06-16 09:30:00,300.5962998176756,301.5,300.5,301.025,298.211685349111,298.2499972301072,303.73794027079146,293.3349443291888,Up,719
2026-06-16 10:00:00,300.8106499088378,301.1,300.3,300.7,298.43789577191905,298.346075770103,303.70771200939055,293.44085848108074,Up,297
2026-06-16 10:30:00,300.7553249544189,300.7553249544189,299.8,300.07500000000005,298.58672342901735,298.41387672029504,303.67156562123745,293.44085848108074,Up,355
2026-06-16 11:00:00,300.4151624772095,300.4151624772095,299.8,299.94999999999993,298.710657662743,298.4741168489109,303.6345351175435,293.568785378556,Up,172
2026-06-16 11:30:00,300.1825812386047,300.8,299.6,300.27500000000003,298.8528706024937,298.5447397175811,303.60110690741874,293.8192764908648,Up,307
2026-06-16 12:00:00,300.22879061930234,304.2,300.22879061930234,302.225,299.1594278204488,298.68906365022497,303.5874143013748,294.96966143563816,Up,2157
2026-06-16 12:30:00,301.2268953096512,303.9,301.2268953096512,303.3,299.53584347313523,298.86988468354946,303.58455445758005,295.00528788195965,Up,618
2026-06-16 13:00:00,302.2634476548256,304.2,301.8,302.9,299.8416758846684,299.0279284214495,303.57774297044,295.2562183883037,Up,826
2026-06-16 13:30:00,302.5817238274128,303.3,302.0,302.65000000000003,300.09697807697125,299.16997044413773,303.56851169710234,295.2562183883037,Up,385
2026-06-16 14:00:00,302.61586191370645,303.9,302.4,303.025,300.3631618881557,299.3211480737794,303.56310362051425,295.77497387463114,Up,496
2026-06-16 14:30:00,302.8204309568532,302.8204309568532,302.3,302.6,300.5665108074142,299.44973050225866,303.5535204999121,295.77497387463114,Up,540
2026-06-16 15:00:00,302.7102154784266,302.9,302.1,302.6,300.7513734612856,299.57327048256224,303.54403273374385,295.87435857407536,Up,152
2026-06-16 15:30:00,302.6551077392133,304.3,302.3,303.325,300.9853395102596,299.7203971303049,303.54185330355733,296.54941688552304,Up,737
2026-06-16 16:00:00,302.99005386960664,305.2,302.99005386960664,304.3,301.2866722820542,299.89998939970474,303.54939705178066,297.1545164196812,Up,1373
2026-06-16 16:30:00,303.6450269348033,304.5,302.8,303.67499999999995,301.5037929836856,300.04802903108884,303.55064683236,297.1545164196812,Up,626
2026-06-16 17:00:00,303.66001346740165,303.8,302.5,303.25,301.66253907607785,300.17359652006576,303.54765532159024,297.1545164196812,Up,686
2026-06-16 17:30:00,303.4550067337008,304.2,302.1,303.075,301.79094461461625,300.28737704869064,303.54295228356443,297.1545164196812,Up,805
2026-06-16 18:00:00,303.2650033668504,303.6,300.6,302.175,301.82585874056025,300.36140147815377,303.52934081805637,297.1545164196812,Up,2128
2026-06-16 18:30:00,302.7200016834252,304.0,300.9,302.125,301.8530534005093,300.4305622045007,303.5153672775782,297.1545164196812,Up,1798
2026-06-16 19:00:00,302.4225008417126,302.4225008417126,299.2,301.20000000000005,301.79368490955386,300.46073623569674,303.4923287972043,297.1545164196812,Up,1908
2026-06-16 19:30:00,301.8112504208563,304.4,301.6,302.85,301.8897135541399,300.5544328539047,303.48593746588887,297.1545164196812,Up,1821
2026-06-16 20:00:00,302.33062521042814,305.5,302.33062521042814,304.075,302.088375958309,300.69249431061434,303.4917987846363,297.1545164196812,Up,1586
2026-06-16 20:30:00,303.20281260521404,305.5,303.20281260521404,304.4,302.2985235984627,300.83788669059027,303.50083561264984,297.1545164196812,Up,1219
2026-06-16 21:00:00,303.801406302607,307.8,303.801406302607,306.175,302.65093054405696,301.0471852517436,303.527444213519,297.1545164196812,Up,2745
2026-06-16 21:30:00,304.98820315130354,308.0,304.98820315130354,306.65,303.014482312779,301.2669034771654,303.55851442034964,297.1545164196812,Up,1869
2026-06-16 22:00:00,305.81910157565176,307.4,305.8,306.425,303.3245293752537,301.4691817721785,303.5870366649233,297.1545164196812,Up,681
2026-06-16 22:30:00,306.12205078782586,308.9,306.12205078782586,307.625,303.7154812502306,301.71058640856364,303.6272154045758,297.77401834525017,Up,1736
2026-06-16 23:00:00,306.8735253939129,309.5,306.8735253939129,308.875,304.1845284093005,301.9915438043063,303.6794321667193,298.3798564323223,Up,1425
2026-06-16 23:30:00,307.87426269695646,310.2,307.87426269695646,308.95,304.6177530993641,302.26442443943154,303.731875627747,299.27603936134045,Up,1697
2026-06-17 09:00:00,308.4121313484782,310.1,308.4121313484782,309.25,305.0388664539674,302.5383685790617,303.7867823379187,299.76857526719687,Up,52
2026-06-17 09:30:00,308.8310656742391,310.0,307.2,308.6,305.3626058672431,302.77607961517697,303.8346750509742,299.76857526719687,Up,811
2026-06-17 10:00:00,308.71553283711955,309.2,308.1,308.575,305.65464169749373,303.0034882577191,303.88184246340234,299.76857526719687,Up,389
2026-06-17 10:30:00,308.6452664185598,309.0,308.2,308.70000000000005,305.93149245226704,303.22688087506344,303.9297843294382,299.97589000222223,Up,343
2026-06-17 11:00:00,308.6726332092799,309.0,307.6,308.275,306.14453859297,303.4248463309433,303.9730203062597,299.97589000222223,Up,406
2026-06-17 11:30:00,308.47381660464,309.4,307.5,308.375,306.3473078117909,303.6189700042396,304.01682109923223,300.16891735720844,Up,576
2026-06-17 12:00:00,308.42440830232,309.9,308.42440830232,309.35,306.62027982890083,303.84371627858314,304.0698875559563,301.0794017486222,Up,737
2026-06-17 12:30:00,308.88720415116,309.5,307.1,308.45,306.7866180262735,304.02435485589365,304.11347076435476,301.0794017486222,Up,826
2026-06-17 13:00:00,308.66860207558,308.66860207558,307.3,307.82499999999993,306.88101638752136,304.17339976350564,304.15040140351545,301.0794017486222,Up,627
2026-06-17 13:30:00,308.24680103779,308.4,307.5,307.95,306.9781967159285,304.3215017335642,304.1882083547242,301.0794017486222,Up,298
2026-06-17 14:00:00,308.098400518895,309.9,307.9,308.875,307.1506333781168,304.5000702930323,304.23484309746334,301.2875504980582,Up,1293
2026-06-17 14:30:00,308.4867002594475,310.0,308.4867002594475,309.6,307.37330307101524,304.7000675364428,304.28822774325977,301.7726506768485,Up,510
2026-06-17 15:00:00,309.04335012972376,309.9,309.04335012972376,309.67499999999995,307.5825482463775,304.89516292717053,304.34182746720745,302.36862106396575,Up,321
2026-06-17 15:30:00,309.35917506486186,311.4,309.35917506486186,310.54999999999995,307.8523165876159,305.1169212437521,304.40360032823025,303.18014755520244,Up,1129
2026-06-17 16:00:00,309.9545875324309,311.6,309.9545875324309,310.925,308.1316514432872,305.3446890381147,304.46848987720307,303.6340165259826,Up,664
2026-06-17 16:30:00,310.4397937662154,313.3,309.7,311.7,308.4560467666247,305.593916918973,304.54044520180804,303.6970206906974,Up,1896
2026-06-17 17:00:00,311.06989688310773,314.2,311.06989688310773,312.95,308.86458796965877,305.88239076528777,304.6241223639791,304.4031115724089,Up,1852
2026-06-17 17:30:00,312.0099484415539,314.3,308.7,311.05,309.06326179059886,306.0850421078255,304.68806144493453,304.4031115724089,Up,3363
2026-06-17 18:00:00,311.5299742207769,311.5299742207769,306.3,307.94999999999993,308.96205617327166,306.15817771144015,304.72051854498494,304.4031115724089,Up,4250
2026-06-17 18:30:00,309.7399871103884,309.7399871103884,305.2,306.54999999999995,308.74277833933786,306.1735432913837,304.7387223405572,304.4031115724089,Up,3812
2026-06-17 19:00:00,308.1449935551942,308.1449935551942,300.7,303.375,308.2547984903071,306.06379649564315,304.7251529640343,315.52369445213594,Down,5742
2026-06-17 19:30:00,305.7599967775971,305.7599967775971,299.5,300.6,307.558907718461,305.84952996640226,304.6841066658847,315.52369445213594,Down,4159
2026-06-17 20:00:00,303.1799983887986,303.1799983887986,299.5,300.65,306.93082519860087,305.64562683046495,304.64396630105006,315.43540322022164,Down,1930
2026-06-17 20:30:00,301.9149991943993,304.2,301.1,302.375,306.51665927145535,305.51736695476046,304.62138952193516,315.43540322022164,Down,1875
2026-06-17 21:00:00,302.14499959719967,304.0,301.0,302.325,306.1355993376867,305.3921760937895,304.59853987495075,315.43540322022164,Down,1084
2026-06-17 21:30:00,302.2349997985998,303.3,300.9,302.325,305.7891812160788,305.27189467834677,304.57591758763783,315.43540322022164,Down,833
2026-06-17 22:00:00,302.2799998992999,303.5,301.7,302.9,305.5265283782535,305.1788792007645,304.55924179074594,315.43540322022164,Down,732
2026-06-17 22:30:00,302.58999994964995,303.9,302.58999994964995,303.1,305.30593488932135,305.09735452622476,304.5447219719326,315.43540322022164,Down,786
2026-06-17 23:00:00,302.844999974825,302.9,301.7,302.275,305.0303953539285,304.9866739565689,304.5221376737044,313.94193502527395,Down,893
2026-06-17 23:30:00,302.5599999874125,302.5599999874125,301.3,301.67499999999995,304.72535941266227,304.8568043896446,304.49380794560784,312.9717591030144,Down,881
2026-06-18 09:00:00,302.11749999370625,305.0,302.11749999370625,304.05,304.6639631024202,304.82516500181544,304.48939194614906,312.9717591030144,Down,180
2026-06-18 09:30:00,303.0837499968532,304.2,303.0837499968532,303.6,304.5672391840184,304.7771193154697,304.4805422750431,312.9717591030144,Down,1102
2026-06-18 10:00:00,303.3418749984266,303.3418749984266,302.3,302.775,304.40430834910757,304.6986048325101,304.46357170514216,312.9577587694558,Down,538
2026-06-18 10:30:00,303.05843749921326,303.1,301.3,302.40000000000003,304.2220984991887,304.6084634665294,304.44303865334973,312.0698375184023,Down,509
2026-06-18 11:00:00,302.7292187496066,303.1,301.1,302.025,304.02236227198966,304.5071511737243,304.41897856724677,311.7998522894566,Down,604
2026-06-18 11:30:00,302.3771093748033,302.3771093748033,300.4,301.025,303.7498747927179,304.37059622573514,304.3852076362294,310.92555108683615,Down,692
2026-06-18 12:00:00,301.70105468740167,301.8,300.7,301.17499999999995,303.51579526610715,304.2452787266867,304.3532652716898,310.31999672675863,Down,450
2026-06-18 12:30:00,301.4380273437008,302.7,301.0,301.9,303.3689047873701,304.15330701191465,304.3288546719715,310.31999672675863,Down,502
2026-06-18 13:00:00,301.6690136718504,303.3,301.6690136718504,302.5,303.28991344306377,304.08847144282,304.31065711304643,310.31999672675863,Down,579
2026-06-18 13:30:00,302.0845068359252,303.3,302.0,302.54999999999995,303.2226485846034,304.02813922937605,304.2931381367972,310.31999672675863,Down,662
2026-06-18 14:00:00,302.31725341796255,303.0,301.8,302.5,303.15695325873037,303.9682122007731,304.2752959662819,310.31999672675863,Down,374
2026-06-18 14:30:00,302.4086267089813,303.2,301.8,302.54999999999995,303.10177568975485,303.9125960360369,304.2581288422393,310.2960439308942,Down,506
2026-06-18 15:00:00,302.4793133544906,303.6,302.3,302.95,303.0879778997771,303.8748471718786,304.2451126348538,310.2960439308942,Down,433
2026-06-18 15:30:00,302.71465667724533,303.7,302.7,303.225,303.1004344543428,303.8493629690598,304.2349622603777,310.2960439308942,Down,471
2026-06-18 16:00:00,302.9698283386227,304.5,302.6,303.65,303.15039495849345,303.84154481341045,304.2291417403739,310.2960439308942,Down,713
2026-06-18 16:30:00,303.30991416931136,304.5,302.9,303.775,303.20717723499405,303.83893521288456,304.2246229170866,310.2960439308942,Down,989
2026-06-18 17:00:00,303.54245708465567,304.9,301.9,303.325,303.2178883954491,303.8187808908107,304.2156714452748,310.2960439308942,Down,1802
2026-06-18 17:30:00,303.4337285423278,304.5,301.7,303.175,303.2139894504083,303.7935345813671,304.2053165055208,310.2960439308942,Down,1669
2026-06-18 18:00:00,303.3043642711639,304.8,302.2,303.42499999999995,303.2331722276439,303.7790822448429,304.19755216218226,310.2960439308942,Down,1550
2026-06-18 18:30:00,303.3646821355819,304.8,300.9,302.525,303.1687929342217,303.7299025489668,304.1809098521108,310.2960439308942,Down,2301
2026-06-18 19:00:00,302.94484106779095,303.5,300.6,301.475,303.01481175838336,303.6414749980269,304.15398537597036,310.2960439308942,Down,1363
2026-06-18 19:30:00,302.20992053389546,303.4,300.6,301.625,302.88846523489394,303.5623975471239,304.1288213423786,310.2960439308942,Down,1291
2026-06-18 20:00:00,301.9174602669477,304.4,301.9174602669477,303.3,302.9258774862672,303.55210744723666,304.12057436384754,310.2960439308942,Down,1074
2026-06-18 20:30:00,302.60873013347384,304.9,302.3,303.67499999999995,302.9939795329702,303.55692676303136,304.1161407880879,310.2960439308942,Down,2194
2026-06-18 21:00:00,303.1418650667369,308.2,303.1418650667369,305.5,303.2217995754274,303.63312571350076,304.12991053149,310.2960439308942,Down,5286
2026-06-18 21:30:00,304.3209325333685,309.4,304.3209325333685,308.225,303.67663597766125,303.81319921493207,304.17065769038066,310.2960439308942,Down,3226
2026-06-18 22:00:00,306.2729662666842,309.4,306.2729662666842,308.275,304.0946690706011,303.98817179473866,304.21149691734206,310.2960439308942,Down,1458
2026-06-18 22:30:00,307.2739831333421,308.8,305.5,307.6,304.4133355187283,304.1298121165136,304.2452133659258,310.2960439308942,Down,2395
2026-06-18 23:00:00,307.43699156667105,309.2,307.43699156667105,308.65,304.79848683520754,304.3070743864543,304.2890420886529,310.2960439308942,Down,1489
2026-06-18 23:30:00,308.0434957833355,308.8,307.0,308.02500000000003,305.091806213825,304.4528753909071,304.32621579921357,310.2960439308942,Down,1413
2026-06-19 09:00:00,308.03424789166775,308.6,307.4,307.85,305.34255110347726,304.5860959638127,304.3612783285746,310.2960439308942,Down,57
2026-06-19 09:30:00,307.9421239458339,308.7,306.9,308.075,305.5909555486157,304.72291572993765,304.3982307830167,310.2960439308942,Down,1120
2026-06-19 10:00:00,308.00856197291694,308.8,307.7,308.3,305.8372323169233,304.86319354444987,304.43705435731505,310.2960439308942,Down,601
2026-06-19 10:30:00,308.1542809864585,308.1542809864585,307.6,307.85,306.02021119720297,304.9803232093734,304.4710140154512,310.2960439308942,Down,319
2026-06-19 11:00:00,308.00214049322926,308.6,307.6,308.05,306.2047374520027,305.1007026913588,304.5066258162925,310.2960439308942,Down,443
2026-06-19 11:30:00,308.0260702466146,308.5,308.0260702466146,308.275,306.39294313818425,305.22518493875646,304.5441220768269,310.2960439308942,Down,182
2026-06-19 12:00:00,308.1505351233073,309.3,308.1505351233073,308.67500000000007,306.6004028528948,305.3604718039033,304.58522533974406,310.2960439308942,Down,715
2026-06-19 12:30:00,308.4127675616537,309.0,307.4,308.15,306.74127532081343,305.4698650664953,304.6206957343735,310.2960439308942,Down,813
2026-06-19 13:00:00,308.28138378082684,308.4,307.5,307.975,306.8534321098304,305.56810565212294,304.65407189622056,310.2960439308942,Down,333
2026-06-19 13:30:00,308.1281918904134,308.8,308.0,308.4,306.99402919075493,305.6791603324318,304.6913448126761,310.2960439308942,Down,247
2026-06-19 14:00:00,308.2640959452067,308.6,307.9,308.35,307.1172992643227,305.7838991429247,304.72774934190323,310.2960439308942,Down,257
2026-06-19 14:30:00,308.30704797260336,308.5,308.0,308.3,307.2248175130206,305.8825697647708,304.7632941245709,310.2960439308942,Down,154
2026-06-19 15:00:00,308.3035239863017,308.5,308.2,308.32500000000005,307.324834102746,305.9783513426229,304.79873398402793,310.2960439308942,Down,138
2026-06-19 15:30:00,308.31426199315086,308.9,308.0,308.54999999999995,307.4362128206782,306.0792003095789,304.8360600140376,310.2960439308942,Down,504
2026-06-19 16:00:00,308.43213099657544,309.0,308.4,308.79999999999995,307.56019347334376,306.18589833665425,304.8755022029527,310.2960439308942,Down,644
2026-06-19 16:30:00,308.6160654982877,309.4,308.5,309.025,307.69335770303974,306.29723565678546,304.91679073824673,310.2960439308942,Down,602
2026-06-19 17:00:00,308.8205327491438,309.9,308.8,309.44999999999993,307.8530524573088,306.4208734741664,304.9618972980652,310.2960439308942,Down,1125
2026-06-19 17:30:00,309.13526637457187,310.5,308.3,309.3,307.984593143008,306.5337803967481,305.0050624990795,310.2960439308942,Down,2100
2026-06-19 18:00:00,309.217633187286,309.217633187286,306.4,307.7,307.9587210390982,306.57951449883643,305.0318777975961,310.2960439308942,Down,2386
2026-06-19 18:30:00,308.4588165936429,309.8,307.4,308.35,307.99429185372566,306.64894530280367,305.06489393891354,310.2960439308942,Down,2810
2026-06-19 19:00:00,308.40440829682143,310.9,308.3,309.69999999999993,308.14935623065963,306.7685945066153,305.1110143972328,310.2960439308942,Down,2948
2026-06-19 19:30:00,309.0522041484107,311.8,308.8,310.2,308.3357783915087,306.9031594279245,305.1616510698971,310.2960439308942,Down,3887
2026-06-19 20:00:00,309.62610207420533,309.62610207420533,307.6,308.625,308.3620712650079,306.97068258761374,305.1961122532812,310.2960439308942,Down,2652
2026-06-19 20:30:00,309.1255510371027,309.4,307.4,308.575,308.3814284227345,307.0335969959426,305.2297330268804,310.2960439308942,Down,1449
2026-06-19 21:00:00,308.85027551855137,309.6,308.7,309.125,308.44902583884954,307.1156128000233,305.26849190223487,310.2960439308942,Down,1351
2026-06-19 21:30:00,308.9876377592757,309.2,307.9,308.575,308.46047803531775,307.1728436706107,305.3013924803221,310.2960439308942,Down,1050
2026-06-19 22:00:00,308.78131887963787,308.78131887963787,307.5,308.1,308.4277073048343,307.20920274235147,305.3292393213139,310.2960439308942,Down,693
2026-06-19 22:30:00,308.4406594398189,308.5,307.7,308.025,308.39109754984935,307.24119479167103,305.35606281065407,310.2960439308942,Down,439
2026-06-19 23:00:00,308.23282971990943,308.4,307.8,308.15,308.3691795907721,307.2768342116055,305.38386318069735,310.2960439308942,Down,433
2026-06-19 23:30:00,308.1914148599547,308.4,307.8,308.075,308.34243599161096,307.3081348307582,305.41064066148647,310.2960439308942,Down,889
2026-06-22 09:00:00,308.13320742997735,317.3,308.13320742997735,313.6,308.82039635600995,307.55487464131676,305.49212682405874,304.4225629970773,Up,748
2026-06-22 09:30:00,310.8666037149887,315.8,310.8666037149887,314.975,309.37990577819085,307.84585994950044,305.586483771083,304.4225629970773,Up,4443
2026-06-22 10:00:00,312.9208018574943,315.4,312.9208018574943,314.85,309.8771870710826,308.1205321083436,305.67865806191804,304.53168387076425,Up,1539
2026-06-22 10:30:00,313.8854009287472,315.2,313.8854009287472,314.9,310.3338064282569,308.38639359429095,305.77041270806814,305.3112852948426,Up,699
2026-06-22 11:00:00,314.39270046437355,315.4,314.39270046437355,315.1,310.76709675296075,308.6496722768678,305.86324442241573,306.1378638832945,Up,718
2026-06-22 11:30:00,314.7463502321868,315.7,314.7463502321868,315.42499999999995,311.1905425026916,308.91537140326517,305.9583862689589,306.9141330651683,Up,728
2026-06-22 12:00:00,315.0856751160934,315.7,315.0856751160934,315.5,311.5823113660833,309.1735921325489,306.05332769911854,307.6157720994215,Up,546
2026-06-22 12:30:00,315.2928375580467,317.3,315.2,316.25,312.0066466964393,309.45109832342933,306.15478712499794,308.41630412852254,Up,2152
2026-06-22 13:00:00,315.7714187790233,317.8,315.7714187790233,317.15,312.47422426949026,309.75301603623603,306.26419222823176,308.9265017896316,Up,1468
2026-06-22 13:30:00,316.46070938951163,319.2,316.46070938951163,318.125,312.98793115408205,310.08132913285425,306.38221021601055,309.68951483650534,Up,2853
2026-06-22 14:00:00,317.2928546947558,320.7,317.2928546947558,319.85,313.61175559462004,310.46441426489923,306.51621807455774,310.35670191069784,Up,3143
2026-06-22 14:30:00,318.57142734737795,320.5,318.57142734737795,320.025,314.1947778132909,310.8393391956875,306.6506338151094,310.9801186757536,Up,2069
2026-06-22 15:00:00,319.29821367368896,319.8,318.2,319.075,314.638434375719,311.1623062860527,306.77425934928743,310.9801186757536,Up,2014
2026-06-22 15:30:00,319.1866068368445,319.7,318.5,319.025,315.03721306883546,311.4706472160114,306.89615726620997,310.98959091079723,Up,1359
2026-06-22 16:00:00,319.1058034184222,319.7,318.8,319.275,315.42246642621404,311.7767002663639,307.0193298307253,311.54962810072476,Up,1260
2026-06-22 16:30:00,319.1904017092111,319.5,318.2,318.77500000000003,315.72724220564913,312.05114339317316,307.13630167320565,311.54962810072476,Up,1056
2026-06-22 17:00:00,318.9827008546056,318.9827008546056,316.3,317.4,315.87931109604466,312.26090247579384,307.23842802471603,311.54962810072476,Up,3663
2026-06-22 17:30:00,318.1913504273028,318.1913504273028,315.7,316.75,315.95846463276786,312.4369455159588,307.3330705319328,311.54962810072476,Up,2875
2026-06-22 18:00:00,317.47067521365136,317.6,314.6,316.175,315.9781496661526,312.583535887882,307.421049929625,311.54962810072476,Up,4220
2026-06-22 18:30:00,316.8228376068257,316.8228376068257,313.4,314.6,315.85286333286604,312.66261291188664,307.4924822686337,311.54962810072476,Up,4878
2026-06-22 19:00:00,315.7114188034128,316.0,312.6,314.375,315.7185121207873,312.7297653467146,307.5609650321299,311.54962810072476,Up,5167
2026-06-22 19:30:00,315.0432094017064,315.0432094017064,313.1,314.025,315.564556473443,312.78055886252974,307.6252837880291,311.54962810072476,Up,1547
2026-06-22 20:00:00,314.5341047008532,315.0,313.7,314.375,315.4564149758573,312.84308596596,307.69244514337214,311.54962810072476,Up,1782
2026-06-22 20:30:00,314.4545523504266,315.7,314.3,315.1,315.4240136144157,312.9315923986675,307.76615215687093,311.54962810072476,Up,1506
2026-06-22 21:00:00,314.7772761752133,315.6,313.6,314.57500000000005,315.3468305585597,312.99603975558244,307.83390188665334,311.54962810072476,Up,1530
2026-06-22 21:30:00,314.67613808760666,314.67613808760666,313.1,313.77500000000003,315.20393687141785,313.02658721614785,307.89301729076624,311.54962810072476,Up,1674
2026-06-22 22:00:00,314.2255690438034,314.6,313.6,314.20000000000005,315.1126698831071,313.0726034037499,307.9557733376243,311.54962810072476,Up,828
2026-06-22 22:30:00,314.2127845219017,315.6,314.1,314.725,315.077427166461,313.1374032702695,308.0231288268022,311.54962810072476,Up,1323
2026-06-22 23:00:00,314.46889226095084,315.4,313.8,314.475,315.02266106041907,313.1898580439844,308.08732654991854,311.54962810072476,Up,1483
2026-06-22 23:30:00,314.47194613047543,314.47194613047543,313.3,313.925,314.9228736912901,313.2186871402987,308.1454128529044,311.54962810072476,Up,1998
2026-06-23 09:00:00,314.1984730652377,320.7,309.7,313.5,314.79352153753644,313.22971901714976,308.1986923270049,311.54962810072476,Up,580
2026-06-23 09:30:00,313.8492365326189,313.8492365326189,310.3,310.9,314.43956503412403,313.13835748706543,308.22557101031833,321.19450328671576,Down,3424
2026-06-23 10:00:00,312.3746182663094,312.3746182663094,310.4,310.95,314.12233184920365,313.0525395463962,308.2526797564843,321.19450328671576,Down,1353
2026-06-23 10:30:00,311.66230913315474,313.6,311.1,312.4,313.96575622654876,313.026949760263,308.293946624579,321.19450328671576,Down,1989
2026-06-23 11:00:00,312.03115456657736,314.4,312.03115456657736,313.525,313.9256874786807,313.0464811422135,308.3459969069215,321.19450328671576,Down,3053
2026-06-23 11:30:00,312.77807728328867,313.7,312.77807728328867,313.275,313.8665340715279,313.0554426660483,308.3950417138178,321.19450328671576,Down,873
2026-06-23 12:00:00,313.0265386416443,314.2,313.0,313.5,313.83321279229807,313.0728762869876,308.44583731865544,321.19450328671576,Down,1079
2026-06-23 12:30:00,313.26326932082213,313.9,312.9,313.325,313.78701162936187,313.0827634914195,308.4943862010569,321.19450328671576,Down,801
2026-06-23 13:00:00,313.29413466041103,313.4,312.2,312.7,313.688192390329,313.06775315842265,308.53623310452895,321.19450328671576,Down,1092
2026-06-23 13:30:00,312.9970673302055,313.0,312.1,312.4,313.5710839912081,313.0415667600531,308.5746785462749,320.6948280701298,Down,633
2026-06-23 14:00:00,312.6985336651028,313.0,312.1,312.55,313.47825817382557,313.0222896322079,308.6142339836254,320.2816618819362,Down,618
2026-06-23 14:30:00,312.62426683255137,313.3,312.3,312.725,313.40978015802324,313.01063121525857,308.65513712806694,320.19241989266925,Down,670
2026-06-23 15:00:00,312.6746334162757,312.6746334162757,309.9,311.2,313.2088910527484,312.93962606956217,308.6804591466932,319.03497115601897,Down,4106
2026-06-23 15:30:00,311.9373167081378,311.9373167081378,309.5,309.925,312.91035550249853,312.8214054393832,308.69284263777087,318.64827756419277,Down,2128
2026-06-23 16:00:00,310.9311583540689,310.9311583540689,309.0,309.775,312.6253231840896,312.7019385594074,308.70361037271846,317.8765633149903,Down,2580
2026-06-23 16:30:00,310.35307917703443,310.35307917703443,309.1,309.6,312.3502938037178,312.58029391001884,308.71252967249245,317.3740085055805,Down,1326
2026-06-23 17:00:00,309.9765395885172,309.9765395885172,308.2,309.025,312.04799436701614,312.44087061942986,308.7156388299801,316.6865286601406,Down,3087
2026-06-23 17:30:00,309.5007697942586,309.5007697942586,307.3,308.4,311.7163585154692,312.2824051049424,308.7124981451047,316.10817288220693,Down,4373
2026-06-23 18:00:00,308.9503848971293,310.7,307.3,309.07500000000005,311.4762350140629,312.15662451259175,308.7161051287355,316.10817288220693,Down,5582
2026-06-23 18:30:00,309.0126924485647,310.7,306.6,308.775,311.23066819460263,312.0240117866078,308.71669114735505,316.10817288220693,Down,5318
2026-06-23 19:00:00,308.8938462242824,308.8938462242824,306.0,307.02500000000003,310.848334722366,311.8279721087016,308.6998583996202,316.10817288220693,Down,6953
2026-06-23 19:30:00,307.9594231121412,307.9594231121412,306.0,306.775,310.47803156578726,311.6298163397329,308.6807055797235,316.07444990900706,Down,2788
2026-06-23 20:00:00,307.3672115560706,307.3672115560706,305.0,306.075,310.07775596889746,311.4119804048414,308.6547781610198,315.3123539374577,Down,4776
2026-06-23 20:30:00,306.7211057780353,306.7211057780353,305.2,305.825,309.6911417899068,311.1928831340633,308.6266211643927,314.81254422596,Down,2838
2026-06-23 21:00:00,306.27305288901766,307.8,306.0,306.65,309.4146743544607,311.01473085429615,308.6069532921102,314.81254422596,Down,4538
2026-06-23 21:30:00,306.4615264445088,308.4,306.4615264445088,307.40000000000003,309.2315221404188,310.8729767031473,308.5949438066166,314.81254422596,Down,2737
2026-06-23 22:00:00,306.9307632222544,307.9,304.2,306.02500000000003,308.94002012765344,310.6828599696905,308.56937222645126,314.81254422596,Down,7008
2026-06-23 22:30:00,306.47788161112726,306.47788161112726,302.4,303.6,308.45456375241224,310.40510075519285,308.51992573663586,314.3131187108451,Down,6888
2026-06-23 23:00:00,305.0389408055636,305.0389408055636,302.5,303.275,307.98369432037475,310.12548896087156,308.46773742084844,313.6692469732426,Down,3076
2026-06-23 23:30:00,304.1569704027818,304.1569704027818,302.8,303.325,307.5601766548861,309.85880311926877,308.4165659042231,312.97172586645775,Down,2757
2026-06-24 09:00:00,303.7409852013909,303.8,303.0,303.3,307.17288786807825,309.60159515380724,308.3656548006985,312.3211278773335,Down,151
2026-06-24 09:30:00,303.52049260069543,303.7,302.7,303.29999999999995,306.8208071527984,309.35447377522655,308.3152502753185,311.67375261575773,Down,2205
2026-06-24 10:00:00,303.4102463003477,303.8,303.0,303.40000000000003,306.5098246843622,309.12096499972745,308.26634231237995,311.3943205597797,Down,1006
2026-06-24 10:30:00,303.40512315017384,303.5,302.8,303.225,306.21120425851103,308.88975068601263,308.21617970230653,310.67210959979974,Down,647
2026-06-24 11:00:00,303.31506157508693,303.4,302.9,303.17499999999995,305.93518568955545,308.66564281597294,308.1660187102438,310.1700996361816,Down,478
2026-06-24 11:30:00,303.24503078754344,303.9,302.2,303.25,305.6910778995958,308.45326466632696,308.1171031011867,310.0500905783469,Down,1391
2026-06-24 12:00:00,303.2475153937717,304.2,303.0,303.675,305.50779809054166,308.26588173823575,308.0729030703291,310.0500905783469,Down,1199
2026-06-24 12:30:00,303.46125769688587,304.5,303.46125769688587,303.95000000000005,305.36618008231056,308.09663147399124,308.0318791591816,310.0500905783469,Down,1322
2026-06-24 13:00:00,303.705628848443,304.4,303.5,303.925,305.23516371119143,307.93303808285435,307.99101468993604,310.0500905783469,Down,854
2026-06-24 13:30:00,303.81531442422147,305.0,303.7,304.27500000000003,305.1478761010831,307.78958560901697,307.95403941938946,310.0500905783469,Down,1347
2026-06-24 14:00:00,304.0451572121108,304.7,304.0,304.5,305.0889782737119,307.66058225180063,307.9196708679528,310.0500905783469,Down,765
2026-06-24 14:30:00,304.2725786060554,304.9,304.2725786060554,304.65,305.0490711579199,307.5425202027104,307.8871368294657,310.0500905783469,Down,831
2026-06-24 15:00:00,304.4612893030277,305.4,304.4612893030277,304.925,305.03779196174537,307.4398723516237,307.8576628311626,310.0500905783469,Down,1295
2026-06-24 15:30:00,304.6931446515139,305.4,304.6931446515139,305.2,305.0525381470412,307.35203422018753,307.83121842488237,310.0500905783469,Down,1602
2026-06-24 16:00:00,304.94657232575696,306.0,304.94657232575696,305.575,305.1000346791283,307.28234660370964,307.8087684903065,310.0500905783469,Down,2188
2026-06-24 16:30:00,305.2607861628785,306.4,305.2,305.875,305.1704860719348,307.22715654081907,307.789527012791,310.0500905783469,Down,3995
2026-06-24 17:00:00,305.56789308143925,307.3,305.56789308143925,306.45000000000005,305.28680551994074,307.1966798137281,307.77619838579807,310.0500905783469,Down,4142
2026-06-24 17:30:00,306.00894654071965,308.5,305.9,307.2,305.4607322908552,307.1968100171113,307.77046506852645,310.0500905783469,Down,7828
2026-06-24 18:00:00,306.6044732703598,308.0,305.7,306.95,305.5961202644138,307.1871311929109,307.76230123699884,310.0500905783469,Down,6898
2026-06-24 18:30:00,306.77723663517986,307.5,304.7,305.825,305.61692751310346,307.133714283385,307.74302460777494,310.0500905783469,Down,7724
2026-06-24 19:00:00,306.30111831758995,306.30111831758995,303.5,304.25,305.4926613755486,307.02062744874246,307.708268144016,310.0500905783469,Down,8616
2026-06-24 19:30:00,305.275559158795,306.6,302.7,304.75,305.42514670504414,306.9315832350663,307.6788326400955,310.0500905783469,Down,10480
2026-06-24 20:00:00,305.0127795793975,308.0,305.0127795793975,306.6,305.5319515500401,306.91857997094604,307.6680979869602,310.0500905783469,Down,9677
2026-06-24 20:30:00,305.8063897896988,306.9,305.3,306.32499999999993,305.6040468636728,306.8953023250266,307.654733827886,310.0500905783469,Down,5346
2026-06-24 21:00:00,306.06569489484934,309.0,306.06569489484934,307.35,305.76276987606616,306.9131336063981,307.65170165049415,310.0500905783469,Down,7010
2026-06-24 21:30:00,306.7078474474247,308.2,306.0,307.05,305.8797907964238,306.91850091595114,307.6457145693947,310.0500905783469,Down,4397
2026-06-24 22:00:00,306.8789237237123,307.3,305.8,306.54999999999995,305.9407189058398,306.90404989963935,307.6348119368634,310.0500905783469,Down,2520
2026-06-24 22:30:00,306.71446186185614,307.8,306.4,307.15,306.05065355076346,306.9136950016143,307.62998793749165,310.0500905783469,Down,3082
2026-06-24 23:00:00,306.9322309309281,307.9,306.9,307.525,306.18468504614856,306.9376677466491,307.6289432813972,310.0500905783469,Down,2441
2026-06-24 23:30:00,307.22861546546403,308.7,307.22861546546403,308.075,306.356531860135,306.9822690114864,307.6333816567067,310.0500905783469,Down,4795
2026-06-25 09:00:00,307.651807732732,311.5,302.2,308.125,306.51730169103183,307.0270819914281,307.6382733815156,310.0500905783469,Down,743
2026-06-25 09:30:00,307.888403866366,311.1,307.888403866366,310.35,306.8657288100289,307.15739250156815,307.6652557359284,301.4982517229344,Up,5327
2026-06-25 10:00:00,309.11920193318304,310.8,309.11920193318304,310.475,307.1938443727535,307.28749475640865,307.6932133902973,301.4982517229344,Up,1881
2026-06-25 10:30:00,309.7971009665916,311.2,309.7971009665916,310.65,307.5080403388668,307.41935770713775,307.7226341525829,301.4982517229344,Up,1863
2026-06-25 11:00:00,310.2235504832957,310.9,310.1,310.625,307.79140030806076,307.5450691696029,307.7515134147462,301.4982517229344,Up,1515
2026-06-25 11:30:00,310.4242752416479,311.0,310.4,310.775,308.0626366436916,307.67173312373615,307.7815978583806,302.2416038619208,Up,699
2026-06-25 12:00:00,310.599637620824,311.5,310.599637620824,311.05,308.33421513062865,307.80421417770725,307.8141192727251,303.032963274276,Up,2298
2026-06-25 12:30:00,310.824818810412,311.8,310.824818810412,311.35,308.6083773914806,307.9432646021109,307.84930216553386,303.66974757614133,Up,1472
2026-06-25 13:00:00,311.087409405206,314.0,311.087409405206,312.675,308.9780703558914,308.1288228530085,307.8973190594092,304.53670645989183,Up,5517
2026-06-25 13:30:00,311.881204702603,315.4,311.881204702603,314.45,309.4755185053558,308.3767121528905,307.96251986478825,305.0819511134197,Up,6342
2026-06-25 14:00:00,313.16560235130146,315.6,313.16560235130146,315.25,310.0004713685053,308.64625285277714,308.03503210493966,305.71697363259506,Up,3890
2026-06-25 14:30:00,314.2078011756508,316.3,314.2078011756508,315.775,310.525428516823,308.92581156443293,308.1120467108607,306.6150759761933,Up,3730
2026-06-25 15:00:00,314.9914005878253,316.4,314.9914005878253,315.675,310.99357137892997,309.1904856207297,308.18729997741934,307.33000540618355,Up,3989
2026-06-25 15:30:00,315.3332002939127,315.4,314.3,314.9,311.3487012535727,309.414388145407,308.2540930124699,307.33000540618355,Up,3491
2026-06-25 16:00:00,315.1166001469564,315.7,314.7,315.15,311.69427386688426,309.63931410048906,308.3227090023956,307.4680207539429,Up,3152
2026-06-25 16:30:00,315.1333000734781,315.6,313.6,314.775,311.9743398789857,309.8407135475287,308.3869109028693,307.4680207539429,Up,5145
2026-06-25 17:00:00,314.95415003673907,314.95415003673907,312.5,313.475,312.11076352635064,309.98323458488056,308.4375386550796,307.4680207539429,Up,6089
2026-06-25 17:30:00,314.21457501836954,314.21457501836954,312.1,313.0,312.1916032057733,310.10153911096364,308.4829362804022,307.4680207539429,Up,5369
2026-06-25 18:00:00,313.60728750918474,315.4,312.8,313.92499999999995,312.34918473252117,310.25147875367094,308.5370861681594,307.4680207539429,Up,10251
2026-06-25 18:30:00,313.76614375459235,317.0,313.5,315.2,312.6083497568374,310.44553841038976,308.6033838182275,307.4680207539429,Up,10064
2026-06-25 19:00:00,314.4830718772962,317.3,314.1,315.6,312.88031796076126,310.64767415900195,308.6730018896879,307.4680207539429,Up,9246
2026-06-25 19:30:00,315.0415359386481,315.5,313.1,314.32500000000005,313.0116526916011,310.7918830155117,308.72924067685517,307.4680207539429,Up,7988
2026-06-25 20:00:00,314.6832679693241,314.6832679693241,312.6,313.625,313.06741153781917,310.9029856423544,308.7779546999711,307.4680207539429,Up,4155
