date,open,high,low,close,EMA_21,EMA_50,EMA_200,ST_11_4,ST_DIR_11_4,volume
2025-09-01 09:00:00,347.6,348.0,346.0,347.9,347.9,347.9,347.9,,Up,79
2025-09-01 09:10:00,347.9,348.1,347.6,347.9,347.9,347.9,347.9,340.3954545454546,Up,21
2025-09-01 09:20:00,347.9,348.0,347.9,347.9,347.9,347.9,347.9,341.1367768595041,Up,6
2025-09-01 09:30:00,347.9,348.2,347.6,348.0,347.9090909090909,347.9039215686274,347.9009950248756,341.4879789631856,Up,39
2025-09-01 09:40:00,347.8,347.8,347.3,347.6,347.8809917355372,347.8920030757401,347.8980000495037,341.4879789631856,Up,8
2025-09-01 09:50:00,347.6,347.8,347.5,347.8,347.87362885048833,347.8883951119856,347.89702492463306,342.01031319271533,Up,4
2025-09-01 10:00:00,347.6,347.7,347.6,347.7,347.85784440953483,347.8810070683783,347.8950644776218,342.4502847206503,Up,12
2025-09-01 10:10:00,347.7,347.8,347.7,347.8,347.85258582684986,347.8778303205988,347.8941185624216,342.98662247331845,Up,14
2025-09-01 10:20:00,347.8,347.8,347.8,347.8,347.84780529713623,347.8747781511635,347.89318205931295,343.4696567939259,Up,2
2025-09-01 10:30:00,347.8,348.5,347.6,348.5,347.9070957246693,347.8992966550395,347.8992200487725,343.7860516308417,Up,21
2025-09-01 10:40:00,348.5,348.8,348.5,348.8,347.98826884060844,347.9346183548419,347.90818303336187,344.66459239167426,Up,12
2025-09-01 10:50:00,349.0,349.3,348.8,349.3,348.1075171278258,347.9881627330834,347.922031958403,345.2450839924312,Up,14
2025-09-01 11:00:00,349.3,349.8,349.3,349.7,348.2522882980235,348.05529360629583,347.9397231826975,345.9091672658465,Up,14
2025-09-01 11:10:00,349.7,350.8,349.6,350.8,348.4838984527486,348.16292915114695,347.96818364854136,346.45378842349686,Up,50
2025-09-01 11:20:00,351.0,351.5,350.8,350.9,348.70354404795324,348.2702652628667,347.99735595054597,347.4898076577244,Up,45
2025-09-01 11:30:00,350.9,350.9,350.0,350.1,348.8304945890484,348.34201956628374,348.0182777818838,347.4898076577244,Up,34
2025-09-01 11:40:00,350.1,350.6,350.0,350.0,348.93681326277124,348.40703840682164,348.0379964109198,347.4898076577244,Up,34
2025-09-01 11:50:00,350.0,350.1,349.6,349.6,348.9971029661557,348.45382121439724,348.0535387351893,347.4898076577244,Up,22
2025-09-01 12:00:00,349.6,350.7,349.6,350.4,349.12463906014153,348.53014195108756,348.07688660847106,347.4898076577244,Up,10
2025-09-01 12:10:00,350.4,350.4,349.3,349.3,349.140580963765,348.56033246280964,348.08905689097384,347.4898076577244,Up,25
2025-09-01 12:20:00,349.3,349.5,349.3,349.5,349.1732554216045,348.5971821701504,348.1030961258895,347.4898076577244,Up,6
2025-09-01 12:30:00,349.5,349.5,349.2,349.3,349.1847776560041,348.62474365367393,348.1150056171742,347.4898076577244,Up,5
2025-09-01 12:40:00,349.3,349.3,349.3,349.3,349.19525241454915,348.6512242947063,348.126796606058,347.4898076577244,Up,0
2025-09-01 12:50:00,349.3,349.4,349.3,349.4,349.21386583140827,348.68058804785505,348.139465296545,347.4898076577244,Up,4
2025-09-01 13:00:00,349.4,349.4,349.0,349.0,349.19442348309843,348.6931140067627,348.1480278309077,347.4898076577244,Up,2
2025-09-01 13:10:00,349.0,349.0,349.0,349.0,349.1767486209986,348.7051487515956,348.1565051659236,347.4898076577244,Up,2
2025-09-01 13:20:00,349.0,349.4,349.0,349.4,349.1970442009078,348.73239782016043,348.16887824884975,347.4898076577244,Up,12
2025-09-01 13:30:00,349.4,349.7,349.4,349.7,349.2427674553707,348.77034300368354,348.18411329114974,347.4898076577244,Up,20
2025-09-01 13:40:00,349.7,349.7,349.7,349.7,349.284334050337,348.806800140794,348.19919674098907,347.75303674430734,Up,1
2025-09-01 13:50:00,349.7,349.7,349.1,349.5,349.3039400457609,348.83398444899814,348.21214005699915,347.75303674430734,Up,3
2025-09-01 14:00:00,349.5,349.5,349.0,349.0,349.27630913250994,348.8404948627629,348.21997945941706,347.75303674430734,Up,6
2025-09-01 14:10:00,349.0,349.0,349.0,349.0,349.2511901204636,348.846749966184,348.22774085783084,347.75303674430734,Up,2
2025-09-01 14:20:00,349.0,349.0,348.4,348.6,349.1919910186033,348.8370734969219,348.2314449288972,347.75303674430734,Up,8
2025-09-01 14:30:00,348.6,348.7,348.1,348.3,349.110900926003,348.8160117911603,348.2321270689082,347.75303674430734,Up,6
2025-09-01 14:40:00,348.3,348.6,348.3,348.6,349.0644553872755,348.8075407405266,348.2357874960833,347.75303674430734,Up,5
2025-09-01 14:50:00,348.6,348.7,348.4,348.4,349.0040503520686,348.79155875070205,348.2374214513461,347.75303674430734,Up,3
2025-09-01 15:00:00,348.4,349.0,348.4,348.9,348.99459122915323,348.79581134871376,348.24401427272574,347.75303674430734,Up,12
2025-09-01 15:10:00,348.9,349.3,348.9,349.3,349.0223556628666,348.81558345268576,348.2545215933951,347.75303674430734,Up,1
2025-09-01 15:20:00,349.3,349.3,349.3,349.3,349.0475960571514,348.8345801800314,348.2649243636101,347.75303674430734,Up,0
2025-09-01 15:30:00,349.3,349.3,349.0,349.0,349.0432691428649,348.8410672317949,348.2722385490468,347.75303674430734,Up,1
2025-09-01 15:40:00,349.0,349.0,349.0,349.0,349.03933558442264,348.8472998893716,348.27947995651897,347.75303674430734,Up,0
2025-09-01 15:50:00,349.0,349.3,349.0,349.2,349.0539414403842,348.86113126625895,348.2886393599367,347.75303674430734,Up,4
2025-09-01 16:00:00,349.2,349.2,349.0,349.0,349.04903767307655,348.8665770989547,348.29571757526077,347.75303674430734,Up,1
2025-09-01 16:10:00,349.0,350.0,349.0,349.5,349.09003424825136,348.89141721272114,348.3077004849597,347.87755782124293,Up,14
2025-09-01 16:20:00,349.5,349.9,349.5,349.9,349.1636674984103,348.930969478889,348.3235442612288,348.0795980193118,Up,4
2025-09-01 16:30:00,349.9,350.0,349.1,349.4,349.18515227128205,348.94936283265804,348.33425526360463,348.0795980193118,Up,6
2025-09-01 16:40:00,349.9,349.9,349.8,349.8,349.2410475193473,348.98272115294594,348.3488397883449,348.0795980193118,Up,2
2025-09-01 16:50:00,349.8,349.8,349.6,349.6,349.27367956304306,349.0069281665559,348.36128914368476,348.0795980193118,Up,1
2025-09-01 17:00:00,349.6,349.9,349.6,349.9,349.3306177845846,349.04195059139687,348.376599699469,348.0795980193118,Up,2
2025-09-01 17:10:00,349.9,349.9,349.3,349.6,349.35510707689514,349.0638348819303,348.3887728367878,348.0795980193118,Up,4
2025-09-01 17:20:00,349.6,349.6,349.6,349.6,349.3773700699047,349.08486096499183,348.40082484836205,348.0795980193118,Up,0
2025-09-01 17:30:00,349.6,349.6,348.7,348.7,349.3157909726406,349.0697683781294,348.40380171554256,348.0795980193118,Up,4
2025-09-01 17:40:00,348.7,349.1,347.5,347.7,349.1689008842188,349.01605197114395,348.39679871339786,350.2964215771812,Down,29
2025-09-01 17:50:00,347.7,347.7,346.5,347.0,348.9717280765625,348.9369911095305,348.38290021873723,349.526758462594,Down,23
2025-09-01 18:00:00,347.0,347.0,346.0,346.0,348.70157097869316,348.82181498758814,348.3591897687996,349.06978042054,Down,13
2025-09-01 18:10:00,346.0,346.2,346.0,346.1,348.4650645260847,348.71507714493765,348.33671026861253,348.5088912914,Down,23
2025-09-01 18:20:00,346.1,346.6,345.4,345.5,348.19551320553154,348.5889956882734,348.3084842957905,348.5088912914,Down,23
2025-09-01 18:30:00,345.5,345.5,342.9,343.6,347.7777392777559,348.39334879853726,348.26163370578263,347.5329680094215,Down,33
2025-09-01 18:40:00,343.6,343.6,342.0,342.3,347.2797629797781,348.1543939436927,348.20231396741667,346.4117890994741,Down,28
2025-09-01 18:50:00,342.3,343.3,342.2,342.7,346.8634208907074,347.9404961419793,348.14756457470605,346.4117890994741,Down,63
2025-09-01 19:00:00,342.7,343.1,342.0,342.0,346.42129171882493,347.7075355089605,348.0863947779428,346.29858603262323,Down,29
2025-09-01 19:10:00,342.0,343.4,342.0,343.2,346.12844701711356,347.5307694105699,348.0377739343812,346.29858603262323,Down,34
2025-09-01 19:20:00,343.2,343.5,342.8,343.4,345.88040637919414,347.36877845329263,347.991626930059,346.29858603262323,Down,23
2025-09-01 19:30:00,343.4,343.7,343.2,343.7,345.6821876174492,347.22490478845765,347.94892417453605,346.29858603262323,Down,14
2025-09-01 19:40:00,343.7,343.7,343.2,343.2,345.45653419768104,347.0670653849887,347.901671197675,346.29858603262323,Down,12
2025-09-01 19:50:00,343.2,343.2,342.0,342.6,345.1968492706191,346.8918863502833,347.84891825043445,346.2184525601351,Down,17
2025-09-01 20:00:00,342.6,343.4,342.6,343.4,345.0334993369264,346.7549496306643,347.80465040714654,346.2184525601351,Down,4
2025-09-01 20:10:00,343.4,343.4,342.3,342.7,344.82136303356947,346.59593199808927,347.7538578657819,346.2184525601351,Down,12
2025-09-01 20:20:00,342.7,342.9,342.3,342.7,344.62851184869953,346.4431503511054,347.70357072283883,346.1408358828964,Down,6
2025-09-01 20:30:00,342.7,342.7,341.2,341.3,344.32591986245416,346.2414581804738,347.63985360121853,345.7143962571785,Down,36
2025-09-01 20:40:00,341.4,341.8,341.1,341.7,344.0871998749583,346.0633617812395,347.5807505803109,345.1267238701623,Down,57
2025-09-01 20:50:00,341.7,342.0,341.4,342.0,343.89745443178026,345.9040142604066,347.5252207237904,345.1267238701623,Down,15
2025-09-01 21:00:00,342.0,342.0,340.5,340.9,343.62495857434567,345.70777840705733,347.45929812952386,345.03241642162175,Down,47
2025-09-01 21:10:00,340.9,341.1,340.0,340.0,343.2954168857688,345.4839439597217,347.3850762575883,344.3885603832925,Down,73
2025-09-01 21:20:00,340.0,340.0,339.5,339.6,342.95946989615345,345.2532010593405,347.30761281223914,343.4214185302659,Down,34
2025-09-01 21:30:00,339.5,340.4,339.5,340.0,342.69042717832133,345.04719317466044,347.2349002469432,343.4214185302659,Down,13
2025-09-01 21:40:00,340.0,340.5,340.0,340.3,342.4731156166557,344.86102873643847,347.16589626438656,343.4214185302659,Down,11
2025-09-01 21:50:00,340.3,340.6,340.1,340.1,342.2573778333234,344.6743217271664,347.0955888388703,343.4214185302659,Down,9
2025-09-01 22:00:00,340.1,340.5,340.1,340.4,342.08852530302124,344.50670126727755,347.02896606435417,343.4214185302659,Down,4
2025-09-01 22:10:00,340.4,340.4,340.0,340.0,341.89865936638296,344.329967884247,346.9590261035148,343.2677453292844,Down,12
2025-09-01 22:20:00,340.0,340.8,340.0,340.5,341.7715085148936,344.179773065257,346.89475718706194,343.2677453292844,Down,6
2025-09-01 22:30:00,340.5,340.9,340.5,340.9,341.6922804680851,344.0511545136783,346.83510786181756,343.2677453292844,Down,7
2025-09-01 22:40:00,340.9,341.0,340.5,340.8,341.6111640618955,343.9236582582399,346.7750570373219,343.2677453292844,Down,14
2025-09-01 22:50:00,340.8,341.3,340.8,341.3,341.582876419905,343.82076969909326,346.7205788578461,343.2677453292844,Down,3
2025-09-01 23:00:00,341.0,341.4,340.7,341.1,341.53897856354996,343.7140728481484,346.6646527000566,343.2677453292844,Down,12
2025-09-01 23:10:00,341.3,341.9,341.1,341.9,341.5717986941363,343.6429327364564,346.61724322045404,343.2677453292844,Down,16
2025-09-01 23:20:00,341.9,342.3,341.3,341.3,341.54708972194214,343.55105302130124,346.5643353277132,343.2677453292844,Down,17
2025-09-02 09:00:00,342.8,342.8,341.9,341.9,341.57917247449285,343.4863058439953,346.51792403092,343.2677453292844,Down,20
2025-09-02 09:10:00,341.9,343.2,341.9,343.2,341.72652043135713,343.4750781638386,346.48490986145816,343.2677453292844,Down,38
2025-09-02 09:20:00,343.2,343.2,342.4,342.4,341.78774584668827,343.43291823584497,346.44426399219,343.2677453292844,Down,14
2025-09-02 09:30:00,342.4,342.7,342.4,342.7,341.87067804244384,343.4041763442432,346.40700763405874,343.2677453292844,Down,6
2025-09-02 09:40:00,342.7,342.7,342.2,342.3,341.90970731131256,343.36087531113566,346.3661418864562,343.2677453292844,Down,8
2025-09-02 09:50:00,342.3,342.5,342.0,342.0,341.9179157375569,343.3075076518755,346.32269768858106,343.2677453292844,Down,7
2025-09-02 10:00:00,342.0,342.0,342.0,342.0,341.92537794323357,343.25623284199804,346.2796857712818,343.2677453292844,Down,0
2025-09-02 10:10:00,342.0,342.2,342.0,342.1,341.9412526756669,343.210890377606,346.23809685813467,343.2677453292844,Down,3
2025-09-02 10:20:00,342.1,342.1,341.8,341.8,341.9284115233335,343.1555613431901,346.19393669039204,343.2677453292844,Down,4
2025-09-02 10:30:00,341.8,342.0,341.8,341.8,341.916737748485,343.1024020748297,346.1502159273036,343.2677453292844,Down,8
2025-09-02 10:40:00,341.8,342.0,341.8,342.0,341.9243070440773,343.0591706209148,346.10892024643493,343.2677453292844,Down,1
2025-09-02 10:50:00,342.0,342.0,342.0,342.0,341.9311882218884,343.0176345181339,346.06803546786347,343.2677453292844,Down,0
2025-09-02 11:00:00,342.0,342.3,342.0,342.3,341.9647165653531,342.989491988011,346.03054257763597,343.2677453292844,Down,1
2025-09-02 11:10:00,342.3,342.6,342.3,342.6,342.02246960486644,342.9742177924028,345.9964078256197,343.2677453292844,Down,2
2025-09-02 11:20:00,342.6,342.6,342.2,342.3,342.0476996407877,342.9477778789753,345.9596276482504,343.2677453292844,Down,4
2025-09-02 11:30:00,342.3,342.6,342.3,342.6,342.09790876435244,342.93413953078016,345.926198517422,343.2677453292844,Down,2
2025-09-02 11:40:00,342.6,343.3,342.1,343.3,342.2071897857749,342.9484870001613,345.9000671888905,340.71530474793417,Up,17
2025-09-02 11:50:00,343.3,343.4,342.7,343.1,342.2883543507045,342.9544286864295,345.8722058238269,340.9651278908546,Up,58
2025-09-02 12:00:00,343.1,343.2,342.4,342.5,342.3075948642768,342.93660795362837,345.83865153702266,340.9651278908546,Up,26
2025-09-02 12:10:00,342.5,342.9,342.5,342.9,342.36144987661527,342.9351723476037,345.8094112232215,340.9651278908546,Up,8
2025-09-02 12:20:00,342.9,342.9,342.2,342.2,342.3467726151048,342.9063420594624,345.773496683687,340.9651278908546,Up,1
2025-09-02 12:30:00,342.2,342.4,342.0,342.4,342.35161146827704,342.886485508111,345.73992955250606,340.9651278908546,Up,7
2025-09-02 12:40:00,342.4,342.9,342.4,342.9,342.401464971161,342.88701548818506,345.7116715470085,340.9651278908546,Up,9
2025-09-02 12:50:00,342.9,342.9,342.9,342.9,342.4467863374191,342.8875246847268,345.683694715695,340.9664215857397,Up,0
2025-09-02 13:00:00,342.9,343.1,342.9,343.0,342.4970784885628,342.89193548140423,345.6569912856881,341.16947416885426,Up,3
2025-09-02 13:10:00,343.0,343.2,343.0,343.2,342.56098044414796,342.9040164429178,345.6325436112037,341.3631583353221,Up,1
2025-09-02 13:20:00,343.2,343.2,343.1,343.1,342.6099822219527,342.9117020726073,345.6073441722863,341.53468939574736,Up,1
2025-09-02 13:30:00,343.1,343.5,343.0,343.0,342.64543838359333,342.9151647364266,345.58140044917894,341.5997176324976,Up,6
2025-09-02 13:40:00,343.0,343.2,342.9,343.2,342.6958530759939,342.92633474676285,345.5577049223215,341.5997176324976,Up,8
2025-09-02 13:50:00,343.2,343.4,343.2,343.4,342.75986643272176,342.94490985473294,345.5362352216018,341.7642294483451,Up,1
2025-09-02 14:00:00,343.4,343.8,343.3,343.8,342.85442402974707,342.9784428016062,345.5189592492476,341.97202677122283,Up,2
2025-09-02 14:10:00,343.8,343.8,343.8,343.8,342.94038548158824,343.010660730955,345.5018551771158,342.3654788829299,Up,0
2025-09-02 14:20:00,343.8,344.0,343.7,344.0,343.0367140741711,343.0494583493489,345.4869113445077,342.4367989844817,Up,12
2025-09-02 14:30:00,344.0,344.4,343.4,343.8,343.10610370379186,343.0788913552568,345.47012615700015,342.4367989844817,Up,4
2025-09-02 14:40:00,343.8,343.8,343.8,343.8,343.1691851852653,343.1071701256389,345.45350798628374,342.4367989844817,Up,0
2025-09-02 14:50:00,343.8,344.2,343.8,344.2,343.2628956229685,343.15002619914327,345.4410352700023,342.49226069457677,Up,1
2025-09-02 15:00:00,344.2,344.2,344.0,344.0,343.3299051117895,343.18335850505923,345.4266966105993,342.65660063143343,Up,4
2025-09-02 15:10:00,344.0,344.0,343.5,343.6,343.3544591925359,343.1996973872138,345.40852052492176,342.65660063143343,Up,6
2025-09-02 15:20:00,343.6,343.6,343.6,343.6,343.37678108412354,343.21539552889175,345.39052529581807,342.65660063143343,Up,0
2025-09-02 15:30:00,343.6,343.6,343.2,343.3,343.3698009855668,343.21871335128816,345.3697240490935,342.65660063143343,Up,17
2025-09-02 15:40:00,343.3,343.3,342.8,343.3,343.3634554414244,343.22190106300235,345.3491297799483,342.65660063143343,Up,26
2025-09-02 15:50:00,343.4,343.5,342.9,342.9,343.3213231285676,343.20927749190423,345.3247603294016,342.65660063143343,Up,14
2025-09-02 16:00:00,342.9,343.3,342.9,343.3,343.31938466233413,343.2128352373197,345.3046134604524,342.65660063143343,Up,3
2025-09-02 16:10:00,343.3,343.3,343.3,343.3,343.31762242030373,343.21625346330717,345.2846670578609,342.65660063143343,Up,0
2025-09-02 16:20:00,343.3,343.3,342.2,342.2,343.2160203820943,343.17640038631475,345.25397385330507,344.3396298812549,Down,3
2025-09-02 16:30:00,342.2,342.9,341.9,342.0,343.10547307463116,343.13026703783186,345.22159600401847,344.27753784083694,Down,3
2025-09-02 16:40:00,342.0,342.1,340.7,340.7,342.88679370421016,343.034962448113,345.17660499900336,343.61594349166995,Down,28
2025-09-02 16:50:00,340.7,340.7,340.3,340.5,342.66981245837286,342.93555215603016,345.1300716159287,342.65994862879086,Down,12
2025-09-02 17:00:00,340.5,341.2,340.5,341.1,342.5271022348844,342.86356971853877,345.0899714008449,342.65994862879086,Down,11
2025-09-02 17:10:00,341.7,342.0,341.7,341.8,342.46100203171306,342.82186110212547,345.05723536700566,342.65994862879086,Down,12
2025-09-02 17:20:00,341.8,341.8,340.7,340.7,342.300910937921,342.73865086282643,345.0138797912146,342.65994862879086,Down,18
2025-09-02 17:30:00,340.7,340.8,339.0,339.0,342.0008281253827,342.59203710349993,344.95404019130206,342.65994862879086,Down,97
2025-09-02 17:40:00,339.0,339.1,337.6,338.5,341.6825710230752,342.4315650602254,344.889820885916,341.58197535488193,Down,41
2025-09-02 17:50:00,338.0,339.0,337.5,339.0,341.4387009300683,342.29699388139306,344.8312157029716,341.58197535488193,Down,44
2025-09-02 18:00:00,339.0,339.2,337.9,338.0,341.12609175460756,342.12848431741685,344.7632434074196,341.58197535488193,Down,32
2025-09-02 18:10:00,338.0,338.5,337.6,338.5,340.8873561405523,341.986190814773,344.7009225774951,341.58197535488193,Down,36
2025-09-02 18:20:00,338.5,338.5,336.9,337.7,340.59759649141114,341.8181049004682,344.631261656326,341.58197535488193,Down,85
2025-09-02 18:30:00,337.7,339.2,337.7,339.2,340.4705422649192,341.7154341200577,344.57721925178544,341.58197535488193,Down,39
2025-09-02 18:40:00,339.2,339.8,338.4,339.5,340.3823111499265,341.6285543506437,344.52669965724033,341.58197535488193,Down,23
2025-09-02 18:50:00,339.5,341.5,339.5,341.5,340.48391922720594,341.62351300355965,344.4965832427404,341.58197535488193,Down,27
2025-09-02 19:00:00,341.5,342.4,341.5,342.0,340.6217447520054,341.63827719949853,344.4717416184346,337.4759386193185,Up,41
2025-09-02 19:10:00,342.0,342.3,341.1,341.1,340.66522250182305,341.6171682897143,344.4381919505895,337.4759386193185,Up,23
2025-09-02 19:20:00,341.1,341.3,339.6,341.1,340.70474772893004,341.59688718031373,344.40497611028513,337.4759386193185,Up,33
2025-09-02 19:30:00,341.1,341.1,340.0,340.0,340.6406797535728,341.53426415363475,344.3611455022226,337.4759386193185,Up,12
2025-09-02 19:40:00,340.0,340.1,339.4,339.4,340.52789068506615,341.45056752015887,344.3117808703597,337.4759386193185,Up,15
2025-09-02 19:50:00,339.4,340.1,339.4,339.7,340.4526278955147,341.381917813486,344.2658925034905,337.4759386193185,Up,15
2025-09-02 20:00:00,339.7,339.7,339.0,339.0,340.32057081410426,341.2885092717807,344.21349556315727,337.4759386193185,Up,3
2025-09-02 20:10:00,339.0,339.3,339.0,339.0,340.20051892191293,341.1987638101423,344.16161998541446,337.4759386193185,Up,16
2025-09-02 20:20:00,339.0,339.7,339.0,339.0,340.0913808381026,341.11253777837203,344.11026058257454,337.4759386193185,Up,5
2025-09-02 20:30:00,339.0,339.6,338.9,339.6,340.0467098528206,341.05322257137703,344.06538236782256,337.4759386193185,Up,11
2025-09-02 20:40:00,339.6,339.9,339.5,339.9,340.03337259347325,341.00799815681324,344.023935777098,337.4759386193185,Up,5
2025-09-02 20:50:00,339.9,340.3,339.9,340.0,340.0303387213393,340.96846881733035,343.9838966151368,337.4759386193185,Up,7
2025-09-02 21:00:00,340.0,341.0,340.0,340.5,340.0730352012175,340.95009749116053,343.94923097717526,337.4759386193185,Up,17
2025-09-02 21:10:00,340.5,341.8,340.5,341.8,340.2300320011068,340.9834270013111,343.92784559431783,337.5604891393433,Up,20
2025-09-02 21:20:00,341.8,343.5,341.8,343.4,340.5182109100971,341.0781945698871,343.92259339934947,338.7686264903121,Up,24
2025-09-02 21:30:00,343.4,343.6,342.3,342.6,340.7074644637246,341.1378732142053,343.90943326602263,338.94875135482926,Up,17
2025-09-02 21:40:00,342.6,342.6,341.7,341.7,340.7976949670223,341.1599174018835,343.8874488554154,338.94875135482926,Up,26
2025-09-02 21:50:00,341.7,341.7,340.5,340.8,340.79790451547484,341.1458029939665,343.85672797128194,338.94875135482926,Up,15
2025-09-02 22:00:00,340.8,341.4,340.8,341.4,340.8526404686135,341.1557715040071,343.83228291684134,338.94875135482926,Up,10
2025-09-02 22:10:00,341.4,341.4,339.6,339.8,340.75694588055774,341.10260399404604,343.7921606987633,338.94875135482926,Up,16
2025-09-02 22:20:00,339.8,339.8,338.5,338.5,340.5517689823252,341.0005410923187,343.7395023833528,343.4339228847823,Down,35
2025-09-02 22:30:00,338.5,339.8,338.5,339.4,340.44706271120475,340.93777477497287,343.6963232551602,343.4339228847823,Down,21
2025-09-02 22:40:00,339.4,339.8,338.7,338.8,340.2973297374589,340.853940470072,343.6476036207805,343.4339228847823,Down,32
2025-09-02 22:50:00,338.8,339.7,338.6,339.0,340.17939067041715,340.78123692222607,343.60135880863345,343.4339228847823,Down,26
2025-09-02 23:00:00,339.0,339.8,339.0,339.5,340.1176278821974,340.73099233704073,343.5605492682491,343.4339228847823,Down,13
2025-09-02 23:10:00,339.5,340.5,339.5,340.5,340.1523889838158,340.72193381401956,343.5300960416993,343.4339228847823,Down,13
2025-09-02 23:20:00,340.5,340.5,339.8,339.8,340.1203536216507,340.68577954680313,343.4929806581998,343.4339228847823,Down,17
2025-09-03 09:00:00,342.8,343.0,342.6,342.9,340.3730487469552,340.7726117214383,343.48708035314314,343.4339228847823,Down,24
2025-09-03 09:10:00,342.9,343.1,342.8,342.8,340.5936806790502,340.852117144127,343.48024373271386,343.4339228847823,Down,32
2025-09-03 09:20:00,342.8,343.0,342.8,342.8,340.7942551627729,340.92850470710243,343.47347513835854,343.4339228847823,Down,16
2025-09-03 09:30:00,342.8,342.8,342.8,342.8,340.97659560252083,341.0018966793729,343.46677389320075,343.4339228847823,Down,2
2025-09-03 09:40:00,342.8,342.9,342.8,342.9,341.1514505477462,341.07633210371125,343.4611343519749,343.4339228847823,Down,8
2025-09-03 09:50:00,342.9,343.3,342.9,343.3,341.3467732252238,341.1635347663108,343.45953102508963,343.4339228847823,Down,4
2025-09-03 10:00:00,343.3,343.6,343.1,343.5,341.5425211138398,341.2551608539065,343.4599337014569,340.1220696676877,Up,13
2025-09-03 10:10:00,343.5,343.6,343.4,343.5,341.7204737398544,341.34319376159647,343.4603323710942,340.4927906069888,Up,14
2025-09-03 10:20:00,343.5,343.5,343.1,343.2,341.85497612714033,341.41600969251425,343.4577419992425,340.4927906069888,Up,6
2025-09-03 10:30:00,343.2,343.5,343.0,343.1,341.9681601155821,341.4820485281019,343.45418237735953,340.4927906069888,Up,5
2025-09-03 10:40:00,343.1,343.4,342.7,342.7,342.03469101416556,341.52981133092146,343.4466780750973,340.4927906069888,Up,10
2025-09-03 10:50:00,342.7,343.1,342.6,342.6,342.08608274015046,341.5717795140226,343.43825341763363,340.4927906069888,Up,5
2025-09-03 11:00:00,342.6,342.7,342.3,342.7,342.1418934001367,341.61602345464917,343.43090761248305,340.4927906069888,Up,3
2025-09-03 11:10:00,342.7,342.7,341.4,341.4,342.07444854557883,341.6075519466237,343.410699576538,340.4927906069888,Up,25
2025-09-03 11:20:00,341.4,342.0,341.4,342.0,342.06768049598077,341.622942066364,343.39666276483115,340.4927906069888,Up,3
2025-09-03 11:30:00,342.0,342.5,342.0,342.5,342.1069822690734,341.657336495134,343.38774074727064,340.4927906069888,Up,2
2025-09-03 11:40:00,342.5,342.5,342.5,342.5,342.1427111537031,341.6903821227758,343.37890750600434,340.4927906069888,Up,1
2025-09-03 11:50:00,342.5,343.3,342.5,343.3,342.2479192306391,341.75350439247086,343.3781223566909,340.4927906069888,Up,4
2025-09-03 12:00:00,343.3,343.4,343.3,343.4,342.35265384603554,341.8180728476681,343.378340044684,340.98867296486424,Up,5
2025-09-03 12:10:00,343.4,343.4,342.5,342.7,342.3842307691232,341.8526582261909,343.37159039249815,340.98867296486424,Up,9
2025-09-03 12:20:00,342.7,342.7,342.7,342.7,342.4129370628392,341.88588731535987,343.3649079010305,340.98867296486424,Up,1
2025-09-03 12:30:00,342.7,343.8,342.7,343.3,342.4935791480356,341.9413427147575,343.36426205126907,340.98867296486424,Up,21
2025-09-03 12:40:00,343.3,343.5,343.3,343.3,342.5668901345778,341.99462339261015,343.3636226278734,341.10493338218987,Up,14
2025-09-03 12:50:00,343.3,344.0,343.3,343.6,342.66080921325255,342.05757933799805,343.3659746415264,341.30903034744534,Up,8
2025-09-03 13:00:00,343.6,343.6,342.7,342.7,342.6643720120478,342.0827723051354,343.3593480281779,341.30903034744534,Up,1
2025-09-03 13:10:00,342.7,343.1,342.6,342.8,342.6767018291344,342.1108988814046,343.3537823761563,341.30903034744534,Up,9
2025-09-03 13:20:00,342.8,342.8,342.8,342.8,342.68791075375856,342.13792245468284,343.34827210375676,341.30903034744534,Up,0
2025-09-03 13:30:00,342.8,342.8,342.3,342.3,342.65264613978053,342.1442784368522,343.3378415355602,341.30903034744534,Up,7
2025-09-03 13:40:00,342.3,342.4,342.1,342.1,342.60240558161865,342.1425420275639,343.3255247043606,341.30903034744534,Up,3
2025-09-03 13:50:00,342.1,342.1,342.0,342.1,342.5567323469261,342.14087371275747,343.3133304286953,341.30903034744534,Up,6
2025-09-03 14:00:00,342.1,342.4,342.1,342.4,342.54248395175097,342.15103552794346,343.30424256373317,341.30903034744534,Up,4
2025-09-03 14:10:00,342.4,342.4,342.0,342.0,342.49316722886454,342.14511256606335,343.2912650257856,341.30903034744534,Up,3
2025-09-03 14:20:00,342.0,342.0,341.7,341.7,342.4210611171496,342.1276571713158,343.275431542942,341.30903034744534,Up,5
2025-09-03 14:30:00,341.7,342.0,341.7,342.0,342.38278283377235,342.1226510077348,343.26274068181823,341.30903034744534,Up,2
2025-09-03 14:40:00,342.0,343.0,342.0,342.2,342.36616621252034,342.12568430154914,343.2521661476708,341.30903034744534,Up,6
2025-09-03 14:50:00,342.2,342.2,341.9,341.9,342.3237874659276,342.11683393678254,343.23871175814173,341.30903034744534,Up,4
2025-09-03 15:00:00,341.9,342.2,341.9,342.2,342.3125340599342,342.1200953510264,343.22837631776224,341.30903034744534,Up,1
2025-09-03 15:10:00,342.2,342.5,342.2,342.2,342.30230369084927,342.12322886667243,343.2181437175855,341.30903034744534,Up,8
2025-09-03 15:20:00,342.2,342.9,342.2,342.8,342.347548809863,342.14976891111667,343.2139830835797,341.30903034744534,Up,4
2025-09-03 15:30:00,342.8,342.8,341.1,341.9,342.3068625544209,342.13997405185717,343.2009086250366,341.30903034744534,Up,36
2025-09-03 15:40:00,341.9,342.1,341.7,341.7,342.2516932312917,342.1227201674706,343.1859742108571,341.30903034744534,Up,10
2025-09-03 15:50:00,341.7,341.7,341.0,341.2,342.1560847557197,342.08653506286396,343.1662132734357,343.5818020419427,Down,13
2025-09-03 16:00:00,341.2,342.6,341.2,342.5,342.18734977792695,342.1027493741242,343.15958428564034,343.5818020419427,Down,12
2025-09-03 16:10:00,342.5,343.1,342.5,343.0,342.26122707084266,342.13793567317816,343.1579963823006,343.5818020419427,Down,10
2025-09-03 16:20:00,343.0,343.1,342.3,342.3,342.2647518825842,342.14429113697514,343.1494591048648,343.5818020419427,Down,6
2025-09-03 16:30:00,342.3,344.0,342.0,344.0,342.4225017114402,342.2170640335644,343.15792219834873,340.2287252215759,Up,27
2025-09-03 16:40:00,344.0,345.5,344.0,345.3,342.6840924649456,342.3379634832286,343.17923640533036,341.3711308952486,Up,64
2025-09-03 16:50:00,345.3,347.0,345.3,347.0,343.0764476954051,342.52078844467064,343.21725395353604,342.46011899568055,Up,43
2025-09-03 17:00:00,347.0,347.7,346.7,346.7,343.4058615412773,342.68467909389926,343.25190814305313,343.4819263597096,Up,42
2025-09-03 17:10:00,346.7,346.8,345.8,345.9,343.6326014011612,342.8107701098248,343.27825731575905,343.4819263597096,Up,26
2025-09-03 17:20:00,345.9,346.9,345.9,346.9,343.92963763741926,342.9711320663023,343.3142945563983,343.4819263597096,Up,18
2025-09-03 17:30:00,346.9,349.7,346.9,349.4,344.42694330674476,343.2232445342904,343.3748488394192,343.85726999226864,Up,204
2025-09-03 17:40:00,349.7,350.5,349.6,350.2,344.9517666424952,343.4968427878477,343.44276079126575,345.6111545384261,Up,112
2025-09-03 17:50:00,350.2,350.4,349.6,349.9,345.401606038632,343.7479469922459,343.5070119276711,345.6737768531146,Up,31
2025-09-03 18:00:00,349.9,351.0,349.8,349.8,345.80146003512,343.9852824043147,343.5696287244107,346.03070623010416,Up,44
2025-09-03 18:10:00,349.8,350.6,349.5,349.5,346.13769094101815,344.20154583943963,343.62863739381953,346.03070623010416,Up,11
2025-09-03 18:20:00,349.5,350.1,349.0,349.9,346.4797190372892,344.4250146300499,343.6910390117915,346.03070623010416,Up,40
2025-09-03 18:30:00,350.2,352.0,350.0,350.0,346.79974457935384,344.64364150730285,343.7538147430175,346.2594336815208,Up,84
2025-09-03 18:40:00,350.5,351.3,350.1,350.4,347.12704052668533,344.8693810560361,343.8199459396044,346.2594336815208,Up,29
2025-09-03 18:50:00,350.4,350.4,348.7,348.7,347.2700368424412,345.0196014067798,343.8685036914492,346.2594336815208,Up,31
2025-09-03 19:00:00,348.7,349.0,348.6,349.0,347.4273062204011,345.17569546925904,343.9195633562109,346.2594336815208,Up,12
2025-09-03 19:10:00,349.0,349.0,348.0,348.2,347.49755110945557,345.29429564693515,343.9621547656019,346.2594336815208,Up,18
2025-09-03 19:20:00,348.2,348.8,347.5,347.6,347.50686464495965,345.3847154254867,343.99835223062075,346.2594336815208,Up,28
2025-09-03 19:30:00,347.6,349.9,347.6,348.6,347.6062405863269,345.5108050166441,344.0441397706146,346.2594336815208,Up,59
2025-09-03 19:40:00,348.6,350.2,348.6,349.3,347.76021871484267,345.65940089834436,344.0964368873249,346.2594336815208,Up,31
2025-09-03 19:50:00,349.3,349.3,348.5,348.8,347.8547442862206,345.7825616474289,344.14323851033663,346.2594336815208,Up,21
2025-09-03 20:00:00,348.8,349.5,348.2,348.3,347.89522207838235,345.8812847200788,344.18459932117906,346.2594336815208,Up,16
2025-09-03 20:10:00,348.3,349.5,348.3,349.5,348.0411109803476,346.02319512321293,344.23748888017235,346.2594336815208,Up,6
2025-09-03 20:20:00,349.5,349.5,347.7,347.7,348.0101008912251,346.0889521772046,344.2719417271358,346.2594336815208,Up,18
2025-09-03 20:30:00,347.7,348.2,347.1,347.5,347.9637280829319,346.14428738594165,344.3040617099504,346.2594336815208,Up,46
2025-09-03 20:40:00,347.5,348.0,346.8,346.8,347.8579346208471,346.1700016061008,344.3288969168166,346.2594336815208,Up,12
2025-09-03 20:50:00,346.8,348.5,346.8,347.6,347.83448601895196,346.22607997448904,344.3614452062015,346.2594336815208,Up,14
2025-09-03 21:00:00,347.6,348.1,346.8,346.8,347.7404418354108,346.24858664215617,344.38570943300545,346.2594336815208,Up,10
2025-09-03 21:10:00,346.8,346.8,346.8,346.8,347.6549471231008,346.27021069540496,344.40973222471683,346.2594336815208,Up,0
2025-09-03 21:20:00,346.8,348.0,346.8,347.4,347.63177011190976,346.31451615833026,344.4394861329286,346.2594336815208,Up,4
2025-09-03 21:30:00,347.4,347.7,347.0,347.3,347.60160919264524,346.35316258349377,344.4679489574766,346.2594336815208,Up,4
2025-09-03 21:40:00,347.3,347.4,346.1,346.1,347.4650992660411,346.34323463904303,344.4841882713326,351.4009828243478,Down,33
2025-09-03 21:50:00,346.1,346.2,345.6,346.2,347.3500902418555,346.33761759437465,344.5012610248517,350.34634802213435,Down,20
2025-09-03 22:00:00,346.2,347.0,346.2,346.9,347.3091729471414,346.35967180636,344.5251290743557,350.34634802213435,Down,13
2025-09-03 22:10:00,346.9,347.0,346.2,346.6,347.2447026792194,346.36909644140474,344.5457745562029,350.34634802213435,Down,26
2025-09-03 22:20:00,346.6,346.8,345.8,346.1,347.1406387992904,346.35854363978103,344.56123948599196,350.34634802213435,Down,17
2025-09-03 22:30:00,346.1,346.7,345.7,346.7,347.1005807266276,346.37193408527986,344.5825206851364,350.34634802213435,Down,44
2025-09-03 22:40:00,346.7,346.8,346.3,346.8,347.0732552060251,346.38872098389635,344.60458515593103,350.34634802213435,Down,8
2025-09-03 22:50:00,346.8,346.8,345.6,345.6,346.9393229145683,346.35779074923374,344.61448978124514,350.26455821850584,Down,46
2025-09-03 23:00:00,345.6,346.3,345.0,345.8,346.835748104153,346.335916602205,344.6262859028248,349.81778019864163,Down,24
2025-09-03 23:10:00,345.8,345.8,344.9,345.4,346.70522554922997,346.29921399035385,344.63398455055795,349.46616381694696,Down,34
2025-09-03 23:20:00,345.4,345.9,344.8,345.5,346.5956595902091,346.267872265242,344.6426016197066,349.46616381694696,Down,26
2025-09-04 09:00:00,347.8,347.8,347.0,347.0,346.632417809281,346.29658315680115,344.66605832000806,349.46616381694696,Down,22
2025-09-04 09:10:00,347.0,347.0,346.5,347.0,346.6658343720736,346.32416813104425,344.68928162030653,349.46616381694696,Down,24
2025-09-04 09:20:00,347.0,347.3,347.0,347.0,346.6962130655215,346.3506713415916,344.7122738429901,349.46616381694696,Down,14
2025-09-04 09:30:00,347.0,347.1,346.9,347.1,346.7329209686559,346.38005677917624,344.7360323122141,349.46616381694696,Down,8
2025-09-04 09:40:00,347.1,347.1,347.1,347.1,346.76629178968716,346.40828984665956,344.7595543787593,349.46616381694696,Down,3
2025-09-04 09:50:00,347.1,347.1,347.1,347.1,346.7966288997156,346.43541573502586,344.7828423948911,349.46616381694696,Down,4
2025-09-04 10:00:00,347.1,347.5,347.1,347.5,346.8605717270142,346.4771641375739,344.8098787889718,349.46616381694696,Down,3
2025-09-04 10:10:00,347.5,347.5,347.3,347.3,346.90051975183104,346.5094322106102,344.8346561144547,349.46616381694696,Down,2
2025-09-04 10:20:00,347.3,347.6,347.2,347.2,346.9277452289373,346.5365133003902,344.8581918745098,349.46616381694696,Down,3
2025-09-04 10:30:00,347.2,347.3,347.2,347.3,346.96158657176113,346.56645395527687,344.88248847277345,349.46616381694696,Down,2
2025-09-04 10:40:00,347.3,347.3,347.2,347.2,346.98326051978285,346.5912988982072,344.9055482889647,349.46616381694696,Down,10
2025-09-04 10:50:00,347.2,347.2,347.2,347.2,347.0029641088935,346.6151695296501,344.92837865424866,349.27557263319335,Down,1
2025-09-04 11:00:00,347.2,347.7,347.2,347.7,347.066331008085,346.65771190103635,344.95595697609696,349.27557263319335,Down,5
2025-09-04 11:10:00,347.7,347.7,346.9,347.0,347.0603009164409,346.6711349637408,344.9762957126532,349.27557263319335,Down,31
2025-09-04 11:20:00,347.0,347.0,347.0,347.0,347.05481901494625,346.68403163182944,344.9964320737214,348.9741342097621,Down,0
2025-09-04 11:30:00,347.0,348.1,346.8,348.1,347.14983546813295,346.73955980313025,345.0273133466197,348.9741342097621,Down,56
2025-09-04 11:40:00,348.1,348.3,348.1,348.1,347.236214061939,346.7929103990859,345.0578873431707,348.9741342097621,Down,6
2025-09-04 11:50:00,348.1,348.2,347.8,348.2,347.3238309653991,346.8480903834354,345.08915214572625,348.9741342097621,Down,6
2025-09-04 12:00:00,348.2,348.2,347.8,347.8,347.3671190594537,346.8854201723203,345.11612575621655,348.9741342097621,Down,3
2025-09-04 12:10:00,347.8,348.1,347.8,348.1,347.43374459950337,346.93305075379794,345.14581604719945,348.9741342097621,Down,3
2025-09-04 12:20:00,348.1,348.9,348.1,348.7,347.5488587268212,347.0023428811,345.1811810616552,348.9741342097621,Down,5
2025-09-04 12:30:00,348.7,348.7,348.0,348.1,347.59896247892834,347.04538825831173,345.2102240361661,348.9741342097621,Down,6
2025-09-04 12:40:00,348.1,348.1,348.1,348.1,347.6445113444803,347.0867455815152,345.238978025856,348.9741342097621,Down,3
2025-09-04 12:50:00,348.1,348.5,348.1,348.5,347.72228304043665,347.1421673234166,345.27142600569823,348.9741342097621,Down,9
2025-09-04 13:00:00,348.5,349.0,348.5,349.0,347.8384391276697,347.21502350681203,345.30852624444753,346.8260039540049,Up,21
2025-09-04 13:10:00,349.0,349.0,348.9,349.0,347.94403557060883,347.2850225849763,345.34525732659233,347.16454904909534,Up,7
2025-09-04 13:20:00,349.0,349.0,347.8,348.3,347.9763959732808,347.3248256208596,345.37465775120336,347.16454904909534,Up,21
2025-09-04 13:30:00,348.3,348.8,348.3,348.8,348.05126906661883,347.3826755965122,345.4087407586541,347.16454904909534,Up,8
2025-09-04 13:40:00,348.8,348.8,348.4,348.5,348.0920627878353,347.4264922397862,345.43949955707546,347.16454904909534,Up,3
2025-09-04 13:50:00,348.5,348.5,347.9,347.9,348.0746025343957,347.4450611715593,345.46398214854736,347.16454904909534,Up,6
2025-09-04 14:00:00,347.9,347.9,347.9,347.9,348.05872957672335,347.46290190992954,345.48822113214396,347.16454904909534,Up,0
2025-09-04 14:10:00,347.9,348.1,347.9,347.9,348.04429961520304,347.4800430115009,345.5122189318242,347.16454904909534,Up,8
2025-09-04 14:20:00,347.9,348.0,347.9,348.0,348.0402723774573,347.50043348163814,345.53697297230354,347.16454904909534,Up,1
2025-09-04 14:30:00,348.0,348.6,347.9,348.6,348.0911567067794,347.5435537372602,345.5674508531762,347.16454904909534,Up,2
2025-09-04 14:40:00,348.6,348.6,348.4,348.4,348.1192333697994,347.5771398652108,345.59563542180126,347.16454904909534,Up,11
2025-09-04 14:50:00,348.4,348.4,348.4,348.4,348.14475760890855,347.60940889010453,345.62353954695743,347.16454904909534,Up,12
2025-09-04 15:00:00,348.4,348.4,347.7,347.7,348.1043250990078,347.61296148264944,345.64420084499767,347.16454904909534,Up,7
2025-09-04 15:10:00,347.7,347.7,346.9,346.9,347.994840999098,347.5850022088201,345.6566963589778,349.069856326717,Down,14
2025-09-04 15:20:00,346.9,347.7,346.9,347.7,347.9680372719073,347.58951192612125,345.67702773849044,349.069856326717,Down,16
2025-09-04 15:30:00,347.7,348.0,347.0,347.2,347.8982157017339,347.5742369486263,345.69218169134126,349.069856326717,Down,16
2025-09-04 15:40:00,347.2,347.2,346.8,347.1,347.8256506379399,347.5556394212292,345.706189833716,349.04617304787155,Down,5
2025-09-04 15:50:00,347.1,347.9,347.0,347.9,347.8324096708544,347.5691437576516,345.7280187905945,349.04617304787155,Down,6
2025-09-04 16:00:00,347.9,347.9,347.3,347.7,347.8203724280495,347.5742753749986,345.7476404941707,349.04617304787155,Down,9
2025-09-04 16:10:00,347.7,347.7,347.0,347.3,347.77306584368137,347.56351947793985,345.7630868574128,349.04617304787155,Down,18
2025-09-04 16:20:00,347.3,348.8,347.3,348.8,347.86642349425574,347.6120089101775,345.79330489863264,349.04617304787155,Down,18
2025-09-04 16:30:00,349.0,349.4,348.7,348.8,347.951294085687,347.6585967960529,345.82322226282537,349.04617304787155,Down,43
2025-09-04 16:40:00,348.8,349.5,348.6,348.7,348.01935825971543,347.69943613738417,345.85184691692666,349.04617304787155,Down,32
2025-09-04 16:50:00,348.7,349.2,347.3,347.6,347.9812347815595,347.69553668101616,345.86924147496717,349.04617304787155,Down,41
2025-09-04 17:00:00,347.6,348.9,347.5,348.9,348.06475889232684,347.7427705366626,345.8993982762113,349.04617304787155,Down,28
2025-09-04 17:10:00,348.9,348.9,347.9,347.9,348.0497808112062,347.74893639796994,345.91930476102516,349.04617304787155,Down,11
2025-09-04 17:20:00,347.9,348.8,347.4,347.4,347.99070982836923,347.7352526176574,345.9340380469851,349.04617304787155,Down,19
2025-09-04 17:30:00,347.4,348.4,347.4,348.4,348.0279180257902,347.7613211424552,345.95857498184097,349.04617304787155,Down,1
2025-09-04 17:40:00,348.4,348.8,348.4,348.4,348.0617436598093,347.7863673721629,345.9828677680913,349.04617304787155,Down,12
2025-09-04 17:50:00,348.4,349.0,348.4,349.0,348.1470396907357,347.8339608085487,346.0128889843292,349.04617304787155,Down,6
2025-09-04 18:00:00,349.0,349.1,348.0,348.7,348.1973088097597,347.86792312978207,346.03962640737075,349.04617304787155,Down,16
2025-09-04 18:10:00,348.7,349.0,348.0,348.2,348.1975534634179,347.88094575214353,346.0611226620238,349.04617304787155,Down,8
2025-09-04 18:20:00,348.2,348.2,345.7,346.0,347.9977758758344,347.8071831736281,346.06051447633206,349.04617304787155,Down,57
2025-09-04 18:30:00,346.0,347.4,346.0,347.1,347.9161598871222,347.7794505001525,346.0708576158711,349.04617304787155,Down,4
2025-09-04 18:40:00,347.1,348.2,347.0,348.2,347.9419635337474,347.7959426374014,346.0920431122306,349.04617304787155,Down,14
2025-09-04 18:50:00,348.2,348.5,347.4,347.4,347.89269412158853,347.7804154751504,346.10505760862634,349.04617304787155,Down,11
2025-09-04 19:00:00,347.4,347.4,346.5,346.5,347.76608556508046,347.73020310357583,346.1089873836649,349.04617304787155,Down,12
2025-09-04 19:10:00,346.5,346.5,345.1,345.3,347.54189596825495,347.63490102108267,346.1009377579568,349.04617304787155,Down,66
2025-09-04 19:20:00,345.3,346.3,345.3,346.0,347.4017236075045,347.57078725555004,346.09993340215624,349.04617304787155,Down,66
2025-09-04 19:30:00,346.0,346.7,345.5,346.5,347.31974873409496,347.5287955984696,346.10391416432384,349.04617304787155,Down,14
2025-09-04 19:40:00,346.5,346.5,345.8,346.3,347.2270443037227,347.48060753578454,346.1058652671664,349.04617304787155,Down,9
2025-09-04 19:50:00,346.3,346.4,345.5,346.4,347.15185845792973,347.43823076967533,346.10879198092596,349.04617304787155,Down,20
2025-09-04 20:00:00,346.4,346.9,342.0,342.4,346.71987132539067,347.2406530924332,346.0718885781307,349.04617304787155,Down,162
2025-09-04 20:10:00,342.4,344.0,342.1,343.5,346.42715575035515,347.0939608142986,346.046297647005,348.809310239401,Down,30
2025-09-04 20:20:00,343.5,345.3,343.5,345.3,346.3246870457774,347.02360940981634,346.0388717997712,348.809310239401,Down,10
2025-09-04 20:30:00,345.3,346.5,344.6,346.5,346.34062458707035,347.0030757074706,346.043460140072,348.809310239401,Down,44
2025-09-04 20:40:00,346.5,349.1,346.5,349.1,346.5914768973367,347.08530803266785,346.0738734720116,341.35844459849665,Up,129
2025-09-04 20:50:00,349.1,349.4,348.6,349.4,346.84679717939696,347.17608026668086,346.10696925835975,342.8531314531788,Up,78
2025-09-04 21:00:00,349.4,349.4,348.6,349.4,347.0789065267245,347.2632928052424,346.139735733401,343.12102859379894,Up,31
2025-09-04 21:10:00,349.4,350.5,349.0,349.9,347.33536956974956,347.36669308738976,346.1771512982428,343.8600259943627,Up,110
2025-09-04 21:20:00,349.9,350.0,349.0,349.5,347.53215415431777,347.45035218200195,346.2102144694046,343.8600259943627,Up,17
2025-09-04 21:30:00,349.5,349.5,348.8,348.8,347.64741286756157,347.5032795474137,346.23598347965935,343.8600259943627,Up,5
2025-09-04 21:40:00,348.8,348.8,347.1,348.0,347.67946624323775,347.52275878084845,346.2535358828468,343.8600259943627,Up,34
2025-09-04 21:50:00,348.0,348.6,348.0,348.5,347.7540602211252,347.5610819659132,346.27588875963437,343.8600259943627,Up,9
2025-09-04 22:00:00,348.6,348.6,348.6,348.6,347.83096383738655,347.6018238496029,346.29901424461315,343.8600259943627,Up,1
2025-09-04 22:10:00,348.6,348.6,347.8,348.3,347.87360348853326,347.62920330648126,346.31892455063695,343.8600259943627,Up,16
2025-09-04 22:20:00,348.3,348.3,346.5,346.5,347.7487304441211,347.58492082387414,346.3207262964018,343.8600259943627,Up,28
2025-09-04 22:30:00,346.5,347.1,346.5,347.1,347.689754949201,347.56590432097715,346.3284802636018,343.8600259943627,Up,14
2025-09-04 22:40:00,347.1,347.8,346.8,347.2,347.6452317720009,347.55155513191926,346.3371521017749,343.8600259943627,Up,16
2025-09-04 22:50:00,347.2,347.3,346.2,346.3,347.52293797454627,347.5024745385106,346.33678242912043,343.8600259943627,Up,29
2025-09-04 23:00:00,346.3,347.2,346.3,347.2,347.49357997686025,347.4906127919024,346.3453716586814,343.8600259943627,Up,13
2025-09-04 23:10:00,347.2,347.2,346.6,346.6,347.4123454335093,347.45568680006306,346.34790527401793,343.8600259943627,Up,13
2025-09-04 23:20:00,346.6,347.6,346.6,347.6,347.42940493955393,347.4613461412371,346.3603639280078,343.8600259943627,Up,12
2025-09-05 09:00:00,347.3,347.4,347.3,347.4,347.4267317632308,347.4589404102082,346.3707085655401,343.8600259943627,Up,8
2025-09-05 09:10:00,347.4,347.5,347.3,347.3,347.4152106938462,347.45270745294516,346.37995524648,343.8600259943627,Up,17
2025-09-05 09:20:00,347.3,347.8,347.1,347.5,347.42291881258745,347.4545620626336,346.39109997039566,343.8600259943627,Up,14
2025-09-05 09:30:00,347.5,347.7,347.4,347.5,347.4299261932613,347.45634394253034,346.402133801536,344.13416133276655,Up,9
2025-09-05 09:40:00,347.5,347.7,347.5,347.7,347.45447835751025,347.46589908203896,346.41504789306305,344.42196484796966,Up,1
2025-09-05 09:50:00,347.7,348.0,347.7,348.0,347.5040712341002,347.48684421607663,346.43081856079374,344.85178622542696,Up,1
2025-09-05 10:00:00,348.0,348.0,347.3,347.3,347.4855193037274,347.4795169919168,346.43946713232816,344.85178622542696,Up,13
2025-09-05 10:10:00,347.3,347.8,347.3,347.8,347.514108457934,347.4920849530181,346.45300477280256,344.85178622542696,Up,5
2025-09-05 10:20:00,347.8,348.0,347.8,348.0,347.5582804163036,347.51200319015464,346.46839776013786,345.1990129417182,Up,5
2025-09-05 10:30:00,348.0,348.0,348.0,348.0,347.5984367420942,347.5311403199525,346.4836375834201,345.5445572197438,Up,4
2025-09-05 10:40:00,348.0,348.0,348.0,348.0,347.63494249281285,347.549526974072,346.4987257666696,345.76777929067623,Up,0
2025-09-05 10:50:00,348.0,348.3,348.0,348.0,347.66812953892077,347.5671925829319,346.51366381874254,346.01161753697835,Up,9
2025-09-05 11:00:00,348.0,348.0,348.0,348.0,347.69829958083704,347.5841654228169,346.5284532334814,346.05601594270763,Up,1
2025-09-05 11:10:00,348.0,348.0,347.9,347.9,347.71663598257913,347.59655109251037,346.54210046498906,346.14637812973416,Up,5
2025-09-05 11:20:00,347.9,347.9,347.9,347.9,347.73330543870827,347.6084510496668,346.5556119031484,346.2603437543038,Up,11
2025-09-05 11:30:00,347.9,347.9,347.3,347.4,347.7030049442802,347.6002764986995,346.5640137747589,346.2603437543038,Up,29
2025-09-05 11:40:00,347.4,347.8,347.4,347.8,347.7118226766184,347.6081087928681,346.57631214515936,346.2603437543038,Up,17
2025-09-05 11:50:00,347.8,347.8,347.8,347.8,347.7198387969258,347.6156339382458,346.58848814371504,346.2603437543038,Up,0
2025-09-05 12:00:00,347.8,347.8,347.6,347.6,347.70894436084166,347.6150208426283,346.5985529383049,346.2603437543038,Up,1
2025-09-05 12:10:00,347.6,347.6,347.6,347.6,347.6990403280379,347.61443178997627,346.608517585685,346.2603437543038,Up,0
2025-09-05 12:20:00,347.6,348.7,347.6,348.7,347.7900366618526,347.65700309233017,346.6293283559767,346.5295304560801,Up,10
2025-09-05 12:30:00,348.7,349.0,348.5,348.9,347.89094241986595,347.70574806910156,346.65192210367843,347.0950276873456,Up,18
2025-09-05 12:40:00,348.9,348.9,348.5,348.5,347.9463112907872,347.7368952036466,346.6703109384677,347.0950276873456,Up,2
2025-09-05 12:50:00,348.5,348.5,348.4,348.4,347.98755571889745,347.76289931330757,346.68752177490086,347.0950276873456,Up,3
2025-09-05 13:00:00,348.4,348.6,348.4,348.4,348.02505065354313,347.7878836539622,346.7045613592302,347.0950276873456,Up,5
2025-09-05 13:10:00,348.4,348.4,348.4,348.4,348.0591369577665,347.81188821655195,346.72143139545676,347.0950276873456,Up,0
2025-09-05 13:20:00,348.4,348.4,348.4,348.4,348.09012450706047,347.834951423746,346.73813357062636,347.18561926802414,Up,0
2025-09-05 13:30:00,348.4,348.4,347.9,348.0,348.081931370055,347.84142391693246,346.7506894554957,347.18561926802414,Up,5
2025-09-05 13:40:00,348.0,348.2,348.0,348.1,348.08357397277723,347.8515641554841,346.7641154310629,347.18561926802414,Up,3
2025-09-05 13:50:00,348.4,348.4,348.2,348.2,348.0941581570702,347.8652283062494,346.7784028397091,347.18561926802414,Up,2
2025-09-05 14:00:00,348.2,348.4,348.2,348.4,348.1219619609729,347.88619974522004,346.79453813483633,347.18561926802414,Up,1
2025-09-05 14:10:00,348.4,348.4,348.4,348.4,348.147238146339,347.90634877481926,346.81051287976334,347.3108662895755,Up,0
2025-09-05 14:20:00,348.4,348.7,348.3,348.7,348.19748922394456,347.9374723522774,346.8293137466314,347.36442389961405,Up,20
2025-09-05 14:30:00,348.7,348.7,348.5,348.5,348.22499020358595,347.95953226003127,346.845937490446,347.494930817831,Up,2
2025-09-05 14:40:00,348.5,348.5,348.5,348.5,348.24999109416905,347.9807270733634,346.86239582387435,347.49539165257363,Up,1
2025-09-05 14:50:00,348.5,348.5,348.2,348.2,348.2454464492446,347.98932601166285,346.8757053181642,347.49539165257363,Up,1
2025-09-05 15:00:00,348.2,348.2,348.2,348.2,348.2413149538587,347.99758773669566,346.888882379675,347.49539165257363,Up,0
2025-09-05 15:10:00,348.2,348.2,347.7,347.8,348.2011954125988,347.98983919800173,346.89794822664345,347.49539165257363,Up,7
2025-09-05 15:20:00,347.8,347.8,347.5,347.6,348.1465412841807,347.9745513863154,346.90493381642807,347.49539165257363,Up,11
2025-09-05 15:30:00,347.6,347.7,347.6,347.7,348.10594662198247,347.9637846652834,346.9128449227323,347.49539165257363,Up,2
2025-09-05 15:40:00,347.7,347.8,347.5,347.8,348.07813329271136,347.9573617372331,346.9216723364365,347.49539165257363,Up,5
2025-09-05 15:50:00,347.8,347.9,347.7,347.9,348.0619393570103,347.9551122573416,346.93140694005405,347.49539165257363,Up,3
2025-09-05 16:00:00,347.9,347.9,347.0,347.0,347.96539941546393,347.9176568747008,346.9320894580635,348.6340934532703,Down,11
2025-09-05 16:10:00,347.0,347.0,346.5,346.5,347.8321812867854,347.86206248745765,346.92779006047084,348.0435547116114,Down,18
2025-09-05 16:20:00,346.5,347.6,346.5,347.6,347.8110738970776,347.8517855271652,346.93447871658555,348.0435547116114,Down,9
2025-09-05 16:30:00,347.6,347.6,347.0,347.0,347.7373399064342,347.81838217315874,346.93513066965437,348.0435547116114,Down,1
2025-09-05 16:40:00,347.0,347.0,347.0,347.0,347.6703090058493,347.7862887546035,346.935776135628,348.0435547116114,Down,1
2025-09-05 16:50:00,347.0,347.5,347.0,347.5,347.6548263689539,347.77506174461905,346.9413903034327,348.0435547116114,Down,2
2025-09-05 17:00:00,347.5,348.6,347.5,348.6,347.7407512445035,347.8074122644379,346.957893882503,346.2443864293848,Up,9
2025-09-05 17:10:00,348.6,348.8,347.9,348.1,347.77341022227586,347.81888629328347,346.9692581224781,346.38126039034984,Up,13
2025-09-05 17:20:00,348.1,348.1,345.8,345.8,347.59400929297806,347.73971428178214,346.95762371329926,349.57612691786386,Down,23
2025-09-05 17:30:00,345.8,345.8,345.2,345.2,347.3763720845255,347.6401176432809,346.9401349201321,348.10556992533077,Down,19
2025-09-05 17:40:00,345.2,346.6,344.7,345.6,347.214883713205,347.5601130298189,346.9268002443099,348.10556992533077,Down,51
2025-09-05 17:50:00,345.6,346.9,345.3,346.9,347.18625792109543,347.53422624433585,346.9265335752123,348.10556992533077,Down,11
2025-09-05 18:00:00,346.9,347.2,345.7,347.0,347.169325382814,347.5132761955384,346.9272645844142,348.10556992533077,Down,25
2025-09-05 18:10:00,347.0,347.2,344.8,346.6,347.1175685298309,347.4774614427722,346.92400822039025,348.10556992533077,Down,26
2025-09-05 18:20:00,346.6,347.5,346.4,347.4,347.14324411802806,347.47442373913407,346.9287444570033,348.10556992533077,Down,17
2025-09-05 18:30:00,347.4,347.7,345.1,347.7,347.1938582891164,347.4832698670112,346.9364186415107,348.10556992533077,Down,34
2025-09-05 18:40:00,347.7,348.0,346.2,348.0,347.2671438991967,347.50353379379504,346.9470015406002,348.10556992533077,Down,27
2025-09-05 18:50:00,348.0,348.3,346.9,347.6,347.29740354472426,347.5073167822737,346.95349903770864,348.10556992533077,Down,25
2025-09-05 19:00:00,347.6,347.6,346.0,346.2,347.197639586113,347.4560494574786,346.9460015348459,348.10556992533077,Down,25
2025-09-05 19:10:00,346.2,347.0,346.2,347.0,347.1796723510118,347.4381651650285,346.9465388330066,348.10556992533077,Down,2
2025-09-05 19:20:00,347.0,347.0,345.9,345.9,347.06333850091977,347.3778449624784,346.9361255112852,348.10556992533077,Down,9
2025-09-05 19:30:00,345.9,346.3,344.9,345.4,346.91212590992706,347.3002824149302,346.92084068032716,348.10556992533077,Down,35
2025-09-05 19:40:00,345.4,345.7,344.6,345.5,346.7837508272064,347.2296831045408,346.90670296211493,348.10556992533077,Down,28
2025-09-05 19:50:00,345.5,345.5,344.5,344.5,346.57613711564215,347.1226367082843,346.8827556689596,348.10556992533077,Down,15
2025-09-05 20:00:00,344.5,344.5,342.8,342.8,346.23285192331105,346.95312154325353,346.8421312344426,348.10556992533077,Down,77
2025-09-05 20:10:00,342.8,344.0,342.8,343.9,346.0207744757373,346.8333912866554,346.8128562967865,348.10556992533077,Down,27
2025-09-05 20:20:00,343.9,344.2,343.5,344.1,345.84615861430666,346.72619947149246,346.78586270179363,348.10556992533077,Down,15
2025-09-05 20:30:00,344.1,344.1,343.6,343.6,345.6419623766424,346.6036034137869,346.75416257540763,348.10556992533077,Down,9
2025-09-05 20:40:00,343.6,344.3,343.6,344.3,345.51996579694764,346.513266025011,346.7297430472941,348.10556992533077,Down,26
2025-09-05 20:50:00,344.3,345.0,343.9,344.0,345.3817870881342,346.4147065730498,346.702581424933,348.10556992533077,Down,11
2025-09-05 21:00:00,344.0,344.1,343.2,343.8,345.2379882619402,346.31216906038117,346.67370001771974,347.96621370399026,Down,23
2025-09-05 21:10:00,343.8,344.3,343.8,343.8,345.10726205630925,346.21365262664074,346.64510598769266,347.96621370399026,Down,4
2025-09-05 21:20:00,343.8,343.8,343.0,343.3,344.94296550573563,346.0993917393215,346.61182135099926,347.42331711073575,Down,26
2025-09-05 21:30:00,343.3,343.3,342.2,342.3,344.70269591430514,345.95039598483834,346.56891765596447,346.8075610097598,Down,39
2025-09-05 21:40:00,342.3,343.2,342.3,343.2,344.56608719482284,345.84253731876623,346.53539608724844,346.76596455432707,Down,16
2025-09-05 21:50:00,343.2,343.7,343.2,343.7,344.48735199529347,345.7585162474421,346.507183190858,346.76596455432707,Down,9
2025-09-05 22:00:00,343.5,344.0,343.4,343.4,344.3885018139032,345.66602541420906,346.4762659451778,346.76596455432707,Down,25
2025-09-05 22:10:00,343.4,343.4,343.0,343.0,344.2622743762756,345.5614753979656,346.44167623428046,346.71131822263493,Down,6
2025-09-05 22:20:00,342.8,344.0,342.8,344.0,344.2384312511596,345.5002410686336,346.4173809483672,346.71131822263493,Down,13
2025-09-05 22:30:00,344.0,344.0,343.4,343.8,344.19857386469056,345.43356494829504,346.3913373568412,346.71131822263493,Down,14
2025-09-05 22:40:00,343.8,343.8,343.2,343.3,344.1168853315368,345.3498957346364,346.3605777811513,346.71131822263493,Down,15
2025-09-05 22:50:00,343.3,343.6,342.8,343.2,344.0335321195789,345.265586097984,346.3291292460155,346.59569580126697,Down,12
2025-09-05 23:00:00,343.1,343.4,342.5,343.0,343.93957465416264,345.17673958433755,346.29600358187605,346.3642689102427,Down,21
2025-09-05 23:10:00,343.0,343.0,342.5,342.5,343.80870423105694,345.07176940455963,346.2582324019569,346.03569900931154,Down,20
2025-09-05 23:20:00,342.5,342.5,341.5,341.5,343.5988220282336,344.9317000161455,346.21088680591754,345.35063546301046,Down,78
2025-09-08 09:00:00,347.2,347.2,345.2,346.4,343.85347457112147,344.9892804076692,346.21276852924177,341.0812404881723,Up,47
2025-09-08 09:10:00,346.4,346.4,345.8,345.8,344.0304314282922,345.02107333285863,346.2086613796971,341.228400443793,Up,18
2025-09-08 09:20:00,345.8,346.2,345.8,346.2,344.2276649348111,345.0673057511779,346.2085751968146,341.42581858526637,Up,19
2025-09-08 09:30:00,346.2,346.4,346.0,346.0,344.3887863043737,345.10388199622975,346.20649982172193,341.8961987138785,Up,36
2025-09-08 09:40:00,346.0,346.5,345.7,345.9,344.52616936761245,345.1351023101031,346.20345007225205,341.89654428534413,Up,45
2025-09-08 09:50:00,345.9,346.4,345.9,346.4,344.6965176069204,345.18470614107946,346.2054057929262,342.1468584412219,Up,6
2025-09-08 10:00:00,346.4,346.4,346.4,346.4,344.8513796426549,345.2323647237822,346.2073420536931,342.7607804011108,Up,0
2025-09-08 10:10:00,346.4,346.6,346.4,346.5,345.00125422059534,345.28207591108486,346.21025407305933,343.1188912737371,Up,13
2025-09-08 10:20:00,346.5,346.7,346.3,346.4,345.12841292781394,345.32591607143445,346.21214209223285,343.28081024885194,Up,20
2025-09-08 10:30:00,346.4,348.0,346.4,347.9,345.3803753889218,345.4268605392213,346.22893669828034,343.69164568077446,Up,57
2025-09-08 10:40:00,347.9,348.1,347.1,347.2,345.5457958081107,345.49639542003615,346.23859901969047,344.0469506188859,Up,34
2025-09-08 10:50:00,347.2,347.8,347.2,347.8,345.7507234619188,345.58673285454455,346.25413534785275,344.05177328989623,Up,11
2025-09-08 11:00:00,347.8,347.8,347.4,347.4,345.90065769265345,345.6578413700526,346.2655369861826,344.3197938999057,Up,4
2025-09-08 11:10:00,347.4,347.5,347.1,347.1,346.0096888115031,345.71439661044275,346.273840100748,344.3197938999057,Up,13
2025-09-08 11:20:00,347.1,347.4,347.1,347.3,346.1269898286392,345.77657713552344,346.2840506470092,344.3197938999057,Up,19
2025-09-08 11:30:00,347.3,347.3,346.0,346.5,346.16089984421745,345.80494665962055,346.28619939679027,344.3197938999057,Up,32
2025-09-08 11:40:00,346.5,346.7,346.5,346.7,346.20990894928855,345.8400467906159,346.2903168157277,344.3197938999057,Up,8
2025-09-08 11:50:00,346.7,347.1,346.7,347.0,346.28173540844415,345.88553515176824,346.2973783399493,344.3197938999057,Up,14
2025-09-08 12:00:00,347.1,347.1,346.7,346.7,346.31975946222195,345.91747494973816,346.30138452562153,344.3197938999057,Up,5
2025-09-08 12:10:00,346.7,346.9,346.6,346.6,346.34523587474723,345.94424063798374,346.30435582387406,344.3197938999057,Up,3
2025-09-08 12:20:00,346.6,346.6,346.4,346.4,346.35021443158837,345.96211355414124,346.30530750721863,344.3197938999057,Up,10
2025-09-08 12:30:00,346.4,347.6,346.4,347.5,346.4547403923531,346.0224228265279,346.31719499470904,344.371769085231,Up,30
2025-09-08 12:40:00,347.5,347.7,346.9,347.0,346.5043094475937,346.0607591862719,346.3239890743637,344.61979007748266,Up,11
2025-09-08 12:50:00,347.0,347.4,346.9,347.0,346.54937222508516,346.09759215935935,346.3307155512357,344.61979007748266,Up,3
2025-09-08 13:00:00,347.0,347.0,346.6,346.8,346.5721565682593,346.1251375648747,346.3353850482383,344.61979007748266,Up,14
2025-09-08 13:10:00,346.8,346.9,346.7,346.9,346.6019605165994,346.1555243270365,346.34100310745987,344.61979007748266,Up,9
2025-09-08 13:20:00,346.9,346.9,346.3,346.3,346.57450956054487,346.16119003970175,346.34059511634086,344.61979007748266,Up,6
2025-09-08 13:30:00,346.3,347.0,346.3,346.5,346.5677359641317,346.17447670481147,346.34218123458623,344.61979007748266,Up,31
2025-09-08 13:40:00,346.5,347.4,346.5,347.4,346.6433963310288,346.2225364418777,346.35270679444113,344.61979007748266,Up,15
2025-09-08 13:50:00,347.4,347.4,346.8,346.8,346.657633028208,346.24518207160804,346.3571574731034,344.61979007748266,Up,29
2025-09-08 14:00:00,346.8,347.0,346.5,347.0,346.68875729837094,346.27478277468225,346.3635539161572,344.61979007748266,Up,19
2025-09-08 14:10:00,347.0,347.4,346.9,347.4,346.75341572579174,346.318908940381,346.3738668125138,344.7301764533218,Up,19
2025-09-08 14:20:00,347.4,348.0,347.4,347.9,346.85765065981064,346.3809125113464,346.38905221736445,345.28197859392895,Up,36
2025-09-08 14:30:00,347.9,348.1,347.8,348.0,346.96150059982784,346.44440613835246,346.40508154853495,345.6427078126627,Up,71
2025-09-08 14:40:00,348.0,348.1,347.7,347.7,347.0286369089344,346.493645113319,346.4179663092461,345.65700710242055,Up,26
2025-09-08 14:50:00,347.7,347.8,347.4,347.4,347.0623971899403,346.52918844220846,346.4277377887561,345.65700710242055,Up,10
2025-09-08 15:00:00,347.4,347.9,347.4,347.8,347.1294519908548,346.57902418957286,346.4413921391167,345.65700710242055,Up,15
2025-09-08 15:10:00,347.8,347.8,347.5,347.5,347.1631381735044,346.615140888021,346.45192555066785,345.65700710242055,Up,5
2025-09-08 15:20:00,347.5,347.6,347.1,347.1,347.15739833954945,346.6341549708437,346.4583740526513,345.65700710242055,Up,15
2025-09-08 15:30:00,347.1,347.4,347.0,347.0,347.1430893995904,346.64850183473226,346.4637633655603,345.65700710242055,Up,7
2025-09-08 15:40:00,347.0,347.5,347.0,347.3,347.1573539996276,346.6740507823898,346.47208412809204,345.65700710242055,Up,13
2025-09-08 15:50:00,347.3,347.3,347.0,347.3,347.1703218178433,346.6985978105314,346.48032209696674,345.65700710242055,Up,24
2025-09-08 16:00:00,347.3,347.3,347.1,347.1,347.16392892531206,346.71433907286354,346.4864880462507,345.65700710242055,Up,7
2025-09-08 16:10:00,347.1,347.4,347.1,347.1,347.1581172048291,346.7294630307905,346.49259264280545,345.65700710242055,Up,17
2025-09-08 16:20:00,347.1,347.3,346.6,347.3,347.17101564075375,346.75183702958304,346.5006265468571,345.65700710242055,Up,20
2025-09-08 16:30:00,347.3,347.3,347.3,347.3,347.1827414915943,346.77333361665825,346.508580511565,345.65700710242055,Up,0
2025-09-08 16:40:00,347.3,347.3,347.2,347.3,347.1934013559948,346.7939872003187,346.51645533234546,345.659772132599,Up,2
2025-09-08 16:50:00,347.3,347.3,346.5,346.9,347.16672850544984,346.79814456501214,346.52027169719776,345.659772132599,Up,10
2025-09-08 17:00:00,346.9,346.9,346.9,346.9,347.1424804594999,346.802138895796,346.5240500882704,345.659772132599,Up,0
2025-09-08 17:10:00,346.9,346.9,344.5,344.5,346.9022549631817,346.71185893909814,346.5039102863971,348.0079097426003,Down,57
2025-09-08 17:20:00,344.5,344.5,343.7,344.0,346.6384136028924,346.60551152972175,346.47899575618425,346.4890088569094,Down,60
2025-09-08 17:30:00,344.0,346.0,344.0,346.0,346.5803760026294,346.5817659795366,346.474229629257,346.4890088569094,Down,49
2025-09-08 17:40:00,346.0,346.8,345.6,346.8,346.6003418205722,346.59032417641754,346.4774711254833,343.128091853794,Up,33
2025-09-08 17:50:00,346.8,347.3,346.4,346.5,346.59121983688385,346.58678205185214,346.47769529338893,343.730083503449,Up,35
2025-09-08 18:00:00,346.5,346.9,346.0,346.5,346.58292712443983,346.5833788341324,346.4779172307682,343.730083503449,Up,16
2025-09-08 18:10:00,346.5,347.0,346.0,346.7,346.5935701131271,346.5879522131861,346.48012700956656,343.730083503449,Up,24
2025-09-08 18:20:00,346.7,347.1,346.0,346.0,346.53960919375186,346.5648952636494,346.4753496263868,343.730083503449,Up,26
2025-09-08 18:30:00,346.0,348.6,346.0,348.6,346.7269174488653,346.64470329252595,346.49649042612424,343.730083503449,Up,162
2025-09-08 18:40:00,348.6,349.2,347.2,347.2,346.7699249535139,346.66647963399555,346.5034905213867,343.8486848907793,Up,135
2025-09-08 18:50:00,347.2,347.7,347.0,347.0,346.7908408668308,346.67955886403496,346.50843091420876,343.8486848907793,Up,15
2025-09-08 19:00:00,347.0,347.5,346.8,346.8,346.7916735153008,346.68428204583756,346.511332099142,343.8486848907793,Up,21
2025-09-08 19:10:00,346.8,346.8,346.0,346.1,346.7287941048189,346.6613690244322,346.50723924243414,343.8486848907793,Up,33
2025-09-08 19:20:00,346.1,346.2,345.5,345.7,346.6352673680172,346.62366827837604,346.49920701116616,343.8486848907793,Up,92
2025-09-08 19:30:00,345.7,346.0,345.3,345.7,346.55024306183384,346.58744599294954,346.49125470259736,343.8486848907793,Up,40
2025-09-08 19:40:00,345.8,346.5,345.8,346.5,346.54567551075803,346.58401673832407,346.49134172048196,343.8486848907793,Up,41
2025-09-08 19:50:00,346.5,346.6,345.6,345.6,346.45970500978,346.5454278466251,346.48247264863636,343.8486848907793,Up,22
2025-09-08 20:00:00,345.6,346.0,345.3,345.4,346.3633681907091,346.5005091075418,346.47170177651066,343.8486848907793,Up,30
2025-09-08 20:10:00,345.4,345.4,344.2,344.6,346.2030619915537,346.4259793386186,346.45307787823697,343.8486848907793,Up,69
2025-09-08 20:20:00,344.6,344.8,344.2,344.7,346.06641999232147,346.35829387435905,346.4356343172595,343.8486848907793,Up,25
2025-09-08 20:30:00,344.7,345.0,344.4,344.9,345.96038181120133,346.3011058792861,346.4203543738042,343.8486848907793,Up,10
2025-09-08 20:40:00,344.9,344.9,343.8,344.6,345.83671073745575,346.23439584480434,346.4022413949604,343.8486848907793,Up,39
2025-09-08 20:50:00,344.6,345.8,344.2,344.2,345.6879188522325,346.15461561559636,346.3803285452593,343.8486848907793,Up,26
2025-09-08 21:00:00,344.2,345.0,344.0,344.0,345.5344716838477,346.070120885573,346.3566436841125,343.8486848907793,Up,19
2025-09-08 21:10:00,344.0,344.2,343.5,343.6,345.3586106216797,345.9732533998643,346.32921439372336,347.6334173726087,Down,42
2025-09-08 21:20:00,343.6,344.0,342.6,344.0,345.23510056516335,345.8958709135951,346.3060381310993,347.24856124782605,Down,53
2025-09-08 21:30:00,344.0,344.2,343.5,343.7,345.0955459683303,345.8097583287483,346.2801074034267,347.24856124782605,Down,11
2025-09-08 21:40:00,343.7,344.5,343.2,343.5,344.95049633484575,345.7191795707582,346.2524446431936,347.24856124782605,Down,23
2025-09-08 21:50:00,343.5,344.1,343.5,344.1,344.8731784862234,345.65568233268925,346.23102728355985,347.24856124782605,Down,7
2025-09-08 22:00:00,344.1,344.2,344.1,344.2,344.8119804420213,345.5985967510152,346.21081805685776,347.24856124782605,Down,6
2025-09-08 22:10:00,344.2,344.2,343.5,343.7,344.71089131092845,345.5241419764656,346.1858347926105,347.24856124782605,Down,9
2025-09-08 22:20:00,343.7,343.7,343.0,343.7,344.618992100844,345.4526069969964,346.16110011805716,346.73971790857104,Down,36
2025-09-08 22:30:00,343.7,343.8,343.4,343.4,344.5081746371309,345.3721126049573,346.13362648504165,346.73971790857104,Down,12
2025-09-08 22:40:00,343.4,343.5,343.0,343.3,344.39834057920984,345.2908532871158,346.10543119663333,346.3654693459265,Down,12
2025-09-08 22:50:00,343.3,344.2,343.3,344.2,344.3803096174635,345.24807472683676,346.08647168223894,346.3654693459265,Down,14
2025-09-08 23:00:00,344.2,344.2,343.6,343.9,344.336645106785,345.19520905127456,346.06471574510226,346.3654693459265,Down,20
2025-09-08 23:10:00,343.9,344.1,343.7,344.0,344.30604100616813,345.14833810808733,346.0441713098276,346.3654693459265,Down,12
2025-09-08 23:20:00,344.0,345.0,344.0,344.0,344.27821909651647,345.10330524110356,346.0238312967945,346.3654693459265,Down,28
2025-09-09 09:00:00,344.0,344.0,343.1,343.3,344.1892900877422,345.0325873885113,345.9967284978215,346.3654693459265,Down,27
2025-09-09 09:10:00,343.3,343.3,342.9,342.9,344.0720818979475,344.9489565105304,345.96591527893776,346.0636162378414,Down,15
2025-09-09 09:20:00,342.7,343.0,342.3,342.7,343.9473471799523,344.86076213756843,345.9334186094956,345.5987420344012,Down,24
2025-09-09 09:30:00,342.7,342.8,342.5,342.5,343.815770163593,344.7681832302128,345.89925524024693,345.4397654858193,Down,5
2025-09-09 09:40:00,342.5,342.9,342.5,342.9,343.7325183305391,344.69492114275346,345.86941190452313,345.38160498710846,Down,6
2025-09-09 09:50:00,342.9,343.0,342.8,342.8,343.6477439368538,344.6206105097043,345.83887049253786,345.38160498710846,Down,8
2025-09-09 10:00:00,342.8,342.8,342.1,342.8,343.5706763062307,344.54921401912765,345.8086329751992,344.98686362570953,Down,19
2025-09-09 10:10:00,342.8,343.0,342.8,343.0,343.51879664202795,344.48846052818146,345.780686378431,344.98686362570953,Down,7
2025-09-09 10:20:00,343.0,343.3,343.0,343.1,343.4807242200254,344.43401109570374,345.7540128821282,344.98686362570953,Down,3
2025-09-09 10:30:00,343.1,344.0,343.1,343.9,343.5188402000231,344.41306948410755,345.73556499275384,344.98686362570953,Down,15
2025-09-09 10:40:00,343.9,343.9,343.4,343.7,343.53530927274824,344.3851059749269,345.71531061471654,344.98686362570953,Down,6
2025-09-09 10:50:00,343.7,343.7,343.4,343.4,343.52300842977115,344.346474368067,345.6922726981522,344.98686362570953,Down,4
2025-09-09 11:00:00,343.4,343.8,343.4,343.8,343.5481894816101,344.32504400069183,345.67344411409096,344.98686362570953,Down,3
2025-09-09 11:10:00,343.8,343.8,343.4,343.7,343.5619904378274,344.30053247125295,345.6538078542493,344.98686362570953,Down,9
2025-09-09 11:20:00,343.7,344.8,343.7,344.8,343.6745367616613,344.32011943316456,345.6453122537095,344.98686362570953,Down,19
2025-09-09 11:30:00,344.8,345.2,344.5,344.8,343.77685160151026,344.3389382789228,345.63690118650845,344.98686362570953,Down,29
2025-09-09 11:40:00,344.8,344.8,344.3,344.3,343.8244105468275,344.3374112875925,345.6235986871402,344.98686362570953,Down,7
2025-09-09 11:50:00,344.3,345.3,344.2,345.2,343.9494641334795,344.37123829592224,345.61938377483034,342.46439687658045,Up,21
2025-09-09 12:00:00,345.2,347.2,345.2,346.5,344.1813310304359,344.4547191470625,345.6281461253296,343.16648901320843,Up,78
2025-09-09 12:10:00,346.5,346.7,346.2,346.2,344.3648463913054,344.5231615334522,345.63383621363477,343.5104445574622,Up,11
2025-09-09 12:20:00,346.2,346.7,346.2,346.2,344.53167853755036,344.58891990468936,345.6394696841459,343.595858688602,Up,6
2025-09-09 12:30:00,346.2,347.1,346.0,346.6,344.7197077614094,344.66778579077993,345.6490271997266,343.595858688602,Up,61
2025-09-09 12:40:00,346.6,346.6,346.0,346.3,344.86337069219036,344.7317941911415,345.6555045410229,343.595858688602,Up,20
2025-09-09 12:50:00,346.3,346.3,346.0,346.3,344.9939733565367,344.7932924581555,345.66191743116195,343.595858688602,Up,17
2025-09-09 13:00:00,346.0,346.6,346.0,346.6,345.1399757786697,344.86414373430625,345.6712515860758,343.595858688602,Up,7
2025-09-09 13:10:00,346.4,346.6,346.4,346.6,345.272705253336,344.93221652903935,345.6804928638263,343.9294420330218,Up,7
2025-09-09 13:20:00,346.6,346.6,345.0,346.4,345.37518659394186,344.98977666515543,345.6876521388131,343.9294420330218,Up,66
2025-09-09 13:30:00,346.4,346.6,345.9,346.1,345.4410787217653,345.0333148351493,345.69175510260607,343.9294420330218,Up,43
2025-09-09 13:40:00,346.1,346.1,345.4,345.4,345.43734429251384,345.04769464553567,345.6888520667593,343.9294420330218,Up,21
2025-09-09 13:50:00,345.4,345.8,345.4,345.7,345.4612220841035,345.0732752476715,345.6889629914682,343.9294420330218,Up,12
2025-09-09 14:00:00,345.7,345.7,345.6,345.6,345.4738382582759,345.0939311203119,345.688077787573,343.9294420330218,Up,10
2025-09-09 14:10:00,345.6,345.6,345.2,345.5,345.47621659843264,345.1098553901036,345.6862063668011,343.9294420330218,Up,5
2025-09-09 14:20:00,345.5,345.7,345.5,345.7,345.49656054402965,345.13299831598187,345.6863436168827,343.9294420330218,Up,3
2025-09-09 14:30:00,345.7,345.7,345.7,345.7,345.51505504002694,345.15523367613946,345.68647950129184,343.9294420330218,Up,0
2025-09-09 14:40:00,345.7,345.7,345.7,345.7,345.5318682182063,345.1765970613889,345.68661403361733,343.9294420330218,Up,0
2025-09-09 14:50:00,345.7,346.0,345.5,346.0,345.5744256529148,345.208887372707,345.68973230193956,343.9294420330218,Up,12
2025-09-09 15:00:00,346.0,346.4,345.9,346.2,345.6312960481044,345.24775453456164,345.69480959246755,344.2157550862255,Up,11
2025-09-09 15:10:00,346.2,346.5,346.0,346.5,345.7102691346403,345.2968621998729,345.7028214373186,344.3097773511141,Up,7
2025-09-09 15:20:00,346.5,346.5,346.0,346.3,345.7638810314912,345.3362009371328,345.7087635125692,344.3097773511141,Up,21
2025-09-09 15:30:00,346.3,347.1,346.2,347.1,345.88534639226475,345.4053695278335,345.7226066616979,344.55394822406123,Up,67
2025-09-09 15:40:00,347.1,347.4,347.0,347.4,346.0230421747861,345.48359033066356,345.73929714267604,345.1490438400557,Up,16
2025-09-09 15:50:00,347.4,347.5,347.0,347.2,346.13003834071463,345.5509005137748,345.7538314994653,345.20367621823243,Up,62
2025-09-09 16:00:00,347.2,347.2,346.8,347.2,346.22730758246786,345.61557108186213,345.76822123578904,345.20367621823243,Up,5
2025-09-09 16:10:00,347.2,347.2,346.7,346.7,346.2702796204253,345.65809770610286,345.77749266627876,345.20367621823243,Up,7
2025-09-09 16:20:00,346.3,347.2,346.3,347.2,346.3547996549321,345.7185644627263,345.7916469681068,345.20367621823243,Up,7
2025-09-09 16:30:00,347.2,347.6,346.5,346.5,346.3679996863019,345.7492089935998,345.7986952569814,345.20367621823243,Up,28
2025-09-09 16:40:00,346.5,348.0,346.5,347.6,346.47999971481994,345.82178903306647,345.8166186872602,345.20367621823243,Up,26
2025-09-09 16:50:00,347.6,348.0,347.5,347.5,346.5727270134727,345.88760122784817,345.83336875007353,345.20367621823243,Up,85
2025-09-09 17:00:00,347.5,347.5,347.1,347.1,346.6206609213388,345.9351462777365,345.84597204609275,345.20367621823243,Up,10
2025-09-09 17:10:00,347.1,347.1,346.1,346.3,346.5915099284898,345.9494542668449,345.8504897371764,345.20367621823243,Up,33
2025-09-09 17:20:00,346.3,346.5,346.1,346.1,346.546827207718,345.9553580210863,345.85297242635875,345.20367621823243,Up,54
2025-09-09 17:30:00,346.1,347.2,346.1,346.3,346.52438837065273,345.9688733928084,345.85742046191734,345.20367621823243,Up,17
2025-09-09 17:40:00,346.3,346.6,346.3,346.6,346.53126215513885,345.9936234558355,345.8648093130426,345.20367621823243,Up,3
2025-09-09 17:50:00,346.6,346.6,345.3,346.1,346.4920565046717,345.9977950850184,345.86714951888297,345.20367621823243,Up,45
2025-09-09 18:00:00,346.1,347.4,345.7,345.7,346.4200513678834,345.98611684639025,345.86548633959063,345.20367621823243,Up,20
2025-09-09 18:10:00,345.7,347.0,345.7,347.0,346.4727739708031,346.02587697006123,345.8767750327291,345.20367621823243,Up,19
2025-09-09 18:20:00,347.0,347.0,345.4,345.4,346.3752490643664,346.0013327751569,345.8720310025527,345.20367621823243,Up,10
2025-09-09 18:30:00,345.4,346.0,345.0,345.4,346.2865900585149,345.9777510976998,345.8673341766567,345.20367621823243,Up,45
2025-09-09 18:40:00,345.4,346.0,345.4,346.0,346.2605364168317,345.97862360367236,345.8686542346004,345.20367621823243,Up,14
2025-09-09 18:50:00,346.0,346.8,345.9,346.1,346.2459421971197,345.98338346235187,345.8709561825148,345.20367621823243,Up,18
2025-09-09 19:00:00,346.1,346.7,346.0,346.7,346.28722017919966,346.0114860716714,345.87920537472866,345.20367621823243,Up,26
2025-09-09 19:10:00,346.7,346.7,346.2,346.2,346.2792910719997,346.01887877474314,345.8823973610498,345.20367621823243,Up,8
2025-09-09 19:20:00,346.2,346.2,345.6,345.9,346.24481006545426,346.01421686200814,345.88257251168613,345.20367621823243,Up,9
2025-09-09 19:30:00,345.9,346.6,345.1,346.2,346.2407364231403,346.0215024752627,345.885730994157,345.20367621823243,Up,37
2025-09-09 19:40:00,346.2,346.2,345.0,345.6,346.18248765740026,346.0049729664289,345.8828878996878,345.20367621823243,Up,28
2025-09-09 19:50:00,345.6,345.6,344.6,345.1,346.08407968854567,345.96948383049056,345.87509797033766,347.6204363456671,Down,37
2025-09-09 20:00:00,345.1,345.1,345.0,345.1,345.99461789867786,345.93538642537334,345.86738555272234,347.6204363456671,Down,5
2025-09-09 20:10:00,345.1,345.7,344.1,344.1,345.822379907889,345.8634104871234,345.8497996268246,347.6204363456671,Down,31
2025-09-09 20:20:00,344.1,344.3,342.8,342.9,345.55670900717183,345.7471983111578,345.82044838675677,347.41287625729643,Down,117
2025-09-09 20:30:00,342.9,342.9,341.0,341.3,345.16973546106533,345.5727983773869,345.7754688008189,346.15261477936036,Down,160
2025-09-09 20:40:00,341.3,341.8,341.0,341.6,344.8452140555139,345.4170023625874,345.73392184757694,345.5114679812367,Down,48
2025-09-09 20:50:00,341.6,341.8,341.2,341.8,344.5683764141035,345.275159132682,345.69477834660603,345.45587998294246,Down,59
2025-09-09 21:00:00,341.8,341.8,341.2,341.2,344.2621603764577,345.115348970616,345.6500541839533,345.3144363481295,Down,8
2025-09-09 21:10:00,341.2,341.5,341.0,341.4,344.0019639785979,344.969649010984,345.6077650875955,344.89948758920866,Down,61
2025-09-09 21:20:00,341.4,342.3,341.4,342.2,343.8381490714527,344.8610353242788,345.5738569772712,344.89948758920866,Down,49
2025-09-09 21:30:00,342.2,342.4,341.5,341.5,343.625590064957,344.72923001744437,345.5333210869501,344.89948758920866,Down,41
2025-09-09 21:40:00,341.5,341.7,340.9,340.9,343.3778091499609,344.57906413440736,345.4872183895675,344.89948758920866,Down,29
2025-09-09 21:50:00,340.9,341.0,340.7,341.0,343.16164468178266,344.4387086781561,345.44256945036784,344.23256101988164,Down,28
2025-09-09 22:00:00,341.0,341.0,340.4,340.8,342.9469497107115,344.2960142201892,345.3963747294687,343.99323729080146,Down,22
2025-09-09 22:10:00,340.8,341.4,340.7,341.4,342.80631791882865,344.18244503508373,345.3566098067874,343.99323729080146,Down,24
2025-09-09 22:20:00,341.4,344.2,341.4,343.8,342.8966526534806,344.16744719057067,345.3411211519935,343.99323729080146,Down,48
2025-09-09 22:30:00,343.8,344.1,342.9,344.0,342.9969569577096,344.1608806340777,345.32777666291895,339.453390465213,Up,29
2025-09-09 22:40:00,344.0,344.0,343.5,344.0,343.08814268882685,344.15457158960413,345.31456495483025,339.88944587746636,Up,40
2025-09-09 22:50:00,344.0,344.0,342.6,342.6,343.04376608075165,344.093607997855,345.2875543582648,339.88944587746636,Up,16
2025-09-09 23:00:00,342.6,343.1,342.2,343.0,343.03978734613787,344.0507214097038,345.2647926233567,339.88944587746636,Up,13
2025-09-09 23:10:00,343.0,343.3,342.5,342.8,343.017988496489,344.001673511284,345.2402673236218,339.88944587746636,Up,14
2025-09-09 23:20:00,342.8,343.0,342.8,343.0,343.0163531786264,343.962392197116,345.2179761064713,339.88944587746636,Up,17
2025-09-10 09:00:00,343.0,343.0,343.0,343.0,343.014866526024,343.92465132664086,345.19590669247657,339.88944587746636,Up,1
2025-09-10 09:10:00,343.0,343.0,342.3,342.5,342.9680604782036,343.8687826471648,345.1690817502629,339.88944587746636,Up,10
2025-09-10 09:20:00,342.5,342.7,342.4,342.5,342.9255095256396,343.81510489629557,345.14252372289707,339.88944587746636,Up,10
2025-09-10 09:30:00,342.5,342.7,342.5,342.6,342.8959177505814,343.76745372389183,345.11722497938564,339.88944587746636,Up,7
2025-09-10 09:40:00,342.6,342.9,342.6,342.9,342.89628886416494,343.733435930798,345.0951630392923,340.0413342004525,Up,5
2025-09-10 09:50:00,342.9,342.9,342.5,342.5,342.8602626037863,343.68506589429614,345.06934052148836,340.0921220004114,Up,6
2025-09-10 10:00:00,342.5,342.5,342.5,342.5,342.8275114579875,343.63859272197084,345.0437749441601,340.1292018185558,Up,2
2025-09-10 10:10:00,342.5,342.7,342.5,342.7,342.81591950726136,343.6017851642465,345.0204538004371,340.3720016532326,Up,2
2025-09-10 10:20:00,342.7,342.7,342.4,342.4,342.77810864296487,343.5546563342761,344.99437963326864,340.4154560483932,Up,3
2025-09-10 10:30:00,342.4,342.5,342.4,342.5,342.75282603905896,343.5132972623437,344.9695599354252,340.4731418621757,Up,1
2025-09-10 10:40:00,342.5,343.0,342.5,343.0,342.7752963991445,343.49316795793806,344.94996232412745,340.7710380565233,Up,1
2025-09-10 10:50:00,343.0,343.0,342.7,342.9,342.7866330901314,343.46990646939145,344.9295646890616,340.9418527786576,Up,2
2025-09-10 11:00:00,342.9,342.9,342.5,342.6,342.76966644557393,343.4357924901996,344.9063849409117,340.9418527786576,Up,9
2025-09-10 11:10:00,342.6,343.4,342.6,343.1,342.79969676870354,343.4226241572506,344.88841096140015,340.9998783294691,Up,11
2025-09-10 11:20:00,343.1,343.4,343.0,343.0,342.81790615336683,343.40605066088784,344.86962080258024,341.2362530267901,Up,8
2025-09-10 11:30:00,343.0,343.0,341.7,341.7,342.71627832124256,343.33914671340204,344.83808228713167,341.2362530267901,Up,10
2025-09-10 11:40:00,341.7,342.2,341.7,342.0,342.6511621102205,343.28663115601375,344.80984266238414,341.2362530267901,Up,7
2025-09-10 11:50:00,342.0,342.0,342.0,342.0,342.5919655547459,343.2361750322485,344.7818840289276,341.2362530267901,Up,0
2025-09-10 12:00:00,342.0,343.6,342.0,343.6,342.683605049769,343.25044267804276,344.7701239888388,341.2362530267901,Up,7
2025-09-10 12:10:00,343.6,343.8,343.0,343.8,342.78509549979003,343.2719939455705,344.76047101382545,341.2362530267901,Up,8
2025-09-10 12:20:00,343.8,343.8,343.7,343.7,342.86826863617273,343.2887784967246,344.74991906343917,341.44213740130317,Up,3
2025-09-10 12:30:00,343.7,344.2,343.7,343.8,342.95297148742975,343.30882639881384,344.7404671324597,341.6701249102756,Up,21
2025-09-10 12:40:00,343.8,343.9,343.8,343.9,343.0390649885725,343.33200967729175,344.7321042754203,341.74102264570513,Up,1
2025-09-10 12:50:00,343.9,344.0,343.5,343.9,343.11733180779316,343.3542838075941,344.72382463088877,341.74102264570513,Up,13
2025-09-10 13:00:00,343.9,344.0,343.9,344.0,343.19757437072104,343.37960601121785,344.71662239575556,342.0053906162852,Up,4
2025-09-10 13:10:00,344.0,344.1,343.6,343.6,343.2341585188373,343.38824891273873,344.70551172515104,342.0053906162852,Up,8
2025-09-10 13:20:00,343.6,343.7,343.6,343.7,343.2765077443976,343.4004744455725,344.69550663335855,342.0053906162852,Up,3
2025-09-10 13:30:00,343.7,343.9,343.4,343.4,343.28773431308866,343.40045583986375,344.6826160200913,342.0053906162852,Up,2
2025-09-10 13:40:00,343.4,343.4,343.4,343.4,343.29794028462607,343.40043796379064,344.66985367163267,342.0053906162852,Up,0
2025-09-10 13:50:00,343.4,343.4,342.9,342.9,343.2617638951146,343.38081294560277,344.65224318733783,342.0053906162852,Up,2
2025-09-10 14:00:00,342.9,343.1,342.9,343.1,343.2470580864678,343.36980067322617,344.63679798149366,342.0053906162852,Up,11
2025-09-10 14:10:00,343.1,343.1,343.1,343.1,343.2336891695162,343.3592202546683,344.6215064592898,342.0053906162852,Up,1
2025-09-10 14:20:00,343.1,343.4,343.1,343.4,343.24880833592385,343.36081946036757,344.6093521661625,342.0053906162852,Up,6
2025-09-10 14:30:00,343.4,343.4,342.8,342.8,343.2080075781126,343.3388265403532,344.59134866202163,342.0053906162852,Up,10
2025-09-10 14:40:00,342.8,342.8,342.5,342.6,343.1527341619205,343.3098529505354,344.5715342474742,342.0053906162852,Up,9
2025-09-10 14:50:00,342.6,342.6,342.2,342.5,343.09339469265495,343.2780940112987,344.55092196640476,342.0053906162852,Up,4
2025-09-10 15:00:00,342.5,342.5,342.2,342.2,343.01217699332267,343.23581581477725,344.5275297080326,342.0053906162852,Up,4
2025-09-10 15:10:00,342.2,342.3,342.2,342.3,342.94743363029335,343.19911715537427,344.50536523332585,342.0053906162852,Up,1
2025-09-10 15:20:00,342.3,342.4,341.6,341.6,342.824939663903,343.13640667869294,344.4764561265266,343.5460620323805,Down,26
2025-09-10 15:30:00,341.6,342.5,341.6,342.5,342.7953996944573,343.1114495540383,344.4567898964119,343.5460620323805,Down,14
2025-09-10 15:40:00,342.5,343.0,342.4,343.0,342.81399972223386,343.1070789832917,344.44229447455706,343.5460620323805,Down,4
2025-09-10 15:50:00,343.0,343.8,343.0,343.2,342.8490906565762,343.1107229447312,344.42993333550675,343.5460620323805,Down,59
2025-09-10 16:00:00,343.2,344.2,343.2,343.9,342.9446278696147,343.1416749861143,344.42466036699426,341.5897192593535,Up,20
2025-09-10 16:10:00,343.9,344.2,343.4,343.4,342.9860253360133,343.1518053788157,344.41446474145204,341.5906538721395,Up,35
2025-09-10 16:20:00,343.4,343.4,343.1,343.4,343.0236593963757,343.1615385012151,344.40437056492016,341.5906538721395,Up,10
2025-09-10 16:30:00,343.4,343.7,342.9,343.7,343.0851449057961,343.1826546384224,344.3973619025827,341.5906538721395,Up,11
2025-09-10 16:40:00,343.7,343.7,342.4,343.1,343.0864953689055,343.17941328005287,344.3844528289252,341.5906538721395,Up,29
2025-09-10 16:50:00,343.1,343.2,343.0,343.1,343.0877230626414,343.1762990337763,344.37167220376176,341.5906538721395,Up,4
2025-09-10 17:00:00,343.1,343.2,342.5,343.0,343.07974823876486,343.1693853461772,344.35802372412235,341.5906538721395,Up,14
2025-09-10 17:10:00,343.0,343.0,342.5,342.6,343.0361347625135,343.14705650907223,344.340530950748,341.5906538721395,Up,22
2025-09-10 17:20:00,342.6,342.7,341.8,342.7,343.0055770568305,343.12952488126547,344.3242072596958,341.5906538721395,Up,27
2025-09-10 17:30:00,342.7,342.7,341.0,341.0,342.8232518698459,343.046014101608,344.2911305705446,344.70127711403774,Down,43
2025-09-10 17:40:00,341.0,341.3,339.9,340.9,342.648410790769,342.9618566858587,344.25738797780286,343.7011610127616,Down,69
2025-09-10 17:50:00,340.9,340.9,340.0,340.0,342.4076461734264,342.845705443276,344.21502590837196,343.5965100116014,Down,73
2025-09-10 18:00:00,340.0,340.1,339.0,339.0,342.0978601576603,342.69489346510835,344.16313510331355,342.8104636469104,Down,53
2025-09-10 18:10:00,339.0,339.8,338.5,338.6,341.7798728706003,342.5343094076531,344.10778052517117,342.5867851335549,Down,69
2025-09-10 18:20:00,338.6,339.0,338.5,339.0,341.5271571550912,342.39570903872556,344.0569568383536,342.05616830323174,Down,36
2025-09-10 18:30:00,339.0,339.7,338.4,339.2,341.3155974137192,342.2703871156383,344.0086289096137,342.05616830323174,Down,35
2025-09-10 18:40:00,339.1,340.7,339.0,340.7,341.259634012472,342.20880330718194,343.97570722892107,342.05616830323174,Down,64
2025-09-10 18:50:00,340.7,341.8,340.2,341.4,341.27239455679273,342.1770855304297,343.95007830127014,342.05616830323174,Down,56
2025-09-10 19:00:00,341.4,342.9,341.4,342.9,341.42035868799337,342.20543511747167,343.939629760959,337.95140133649903,Up,38
2025-09-10 19:10:00,342.9,343.5,341.8,342.2,341.49123517090305,342.2052219756101,343.92232001209373,338.2149103059082,Up,70
2025-09-10 19:20:00,342.2,343.5,341.8,343.5,341.67385015536644,342.2559975844097,343.9181178229187,338.2149103059082,Up,135
2025-09-10 19:30:00,343.5,344.0,343.3,343.3,341.821681959424,342.2969388556093,343.91196739682005,339.1681076908332,Up,52
2025-09-10 19:40:00,343.3,343.8,342.3,342.3,341.86516541765815,342.2970589004874,343.8959279202348,339.1681076908332,Up,28
2025-09-10 19:50:00,342.3,343.0,342.3,343.0,341.96833219787106,342.32462521811533,343.8870132145608,339.1681076908332,Up,14
2025-09-10 20:00:00,343.0,343.0,341.3,341.9,341.96212017988273,342.30797324877744,343.86724193879405,339.1681076908332,Up,36
2025-09-10 20:10:00,341.9,342.0,341.5,341.7,341.93829107262064,342.2841311605901,343.8456773423881,339.1681076908332,Up,21
2025-09-10 20:20:00,341.7,342.1,341.2,341.7,341.9166282478369,342.26122405625324,343.82432731908074,339.1681076908332,Up,36
2025-09-10 20:30:00,341.7,341.7,341.1,341.1,341.84238931621536,342.2156858579688,343.7972195845625,339.1681076908332,Up,6
2025-09-10 20:40:00,341.1,341.4,341.1,341.4,341.80217210565036,342.18369817726415,343.7733666533729,339.1681076908332,Up,5
2025-09-10 20:50:00,341.4,341.7,341.0,341.4,341.7656110051367,342.1529649154107,343.7497510647821,339.1681076908332,Up,19
2025-09-10 21:00:00,341.4,342.0,341.2,342.0,341.7869190955788,342.14696629127695,343.73234060642613,339.1681076908332,Up,11
2025-09-10 21:10:00,342.0,342.0,341.7,341.7,341.7790173596171,342.12943820142294,343.71211831183484,339.1681076908332,Up,2
2025-09-10 21:20:00,341.7,341.7,341.3,341.3,341.73547032692466,342.0969112131319,343.68811713460263,339.1681076908332,Up,5
2025-09-10 21:30:00,341.3,342.0,341.3,342.0,341.7595184790224,342.09311077340124,343.6713199491837,339.1681076908332,Up,17
2025-09-10 21:40:00,342.0,342.0,341.4,341.4,341.7268349809295,342.06592995875803,343.6487197506844,339.1681076908332,Up,9
2025-09-10 21:50:00,341.4,341.4,341.0,341.4,341.6971227099359,342.0398150584146,343.6263444297821,339.1681076908332,Up,9
2025-09-10 22:00:00,341.4,341.7,341.0,341.7,341.6973842817599,342.02648897769245,343.6071768235156,339.1681076908332,Up,13
2025-09-10 22:10:00,341.7,341.7,341.1,341.2,341.6521675288726,341.9940776452339,343.58322481532144,339.1681076908332,Up,16
2025-09-10 22:20:00,341.4,342.4,341.2,342.4,341.7201522989751,342.00999616895024,343.5714514340745,339.1681076908332,Up,20
2025-09-10 22:30:00,342.4,342.4,341.0,341.0,341.6546839081592,341.97038847605023,343.54586485264093,339.1681076908332,Up,6
2025-09-10 22:40:00,341.0,341.7,341.0,341.4,341.63153082559927,341.94802030051886,343.5245129635599,339.1681076908332,Up,10
2025-09-10 22:50:00,341.4,341.6,341.4,341.6,341.62866438690844,341.9343724455965,343.505363580838,339.1681076908332,Up,2
2025-09-10 23:00:00,341.6,342.0,341.5,341.7,341.63514944264404,341.9251813692986,343.4873997641132,339.1681076908332,Up,26
2025-09-10 23:10:00,341.7,341.9,341.7,341.9,341.65922676604,341.9241938646203,343.4716047415847,339.1681076908332,Up,12
2025-09-10 23:20:00,341.9,341.9,341.4,341.8,341.6720243327636,341.91932351698813,343.45497185858386,339.1681076908332,Up,19
2025-09-11 09:00:00,341.1,341.6,341.0,341.2,341.62911302978506,341.89111475161604,343.4325343276527,339.1681076908332,Up,14
2025-09-11 09:10:00,341.2,341.2,341.0,341.0,341.5719209361682,341.8561690750821,343.40833000598457,339.1681076908332,Up,7
2025-09-11 09:20:00,341.0,341.0,340.9,340.9,341.51083721469837,341.8186722486083,343.38337149846234,339.1681076908332,Up,5
2025-09-11 09:30:00,340.9,341.1,340.7,341.1,341.4734883769985,341.7904890231727,343.3606513840498,339.1681076908332,Up,11
2025-09-11 09:40:00,341.1,341.2,340.8,340.8,341.41226216090774,341.75164631638165,343.33517226580057,339.1681076908332,Up,19
2025-09-11 09:50:00,340.8,341.0,340.8,341.0,341.3747837826434,341.72216999024903,343.31193672086727,339.1681076908332,Up,7
2025-09-11 10:00:00,341.0,341.1,340.8,341.1,341.34980343876674,341.697771167102,343.28992740026166,339.1681076908332,Up,3
2025-09-11 10:10:00,341.1,341.1,341.1,341.1,341.32709403524245,341.674329160549,343.268137077871,339.25043759546634,Up,1
2025-09-11 10:20:00,341.1,341.4,341.1,341.4,341.3337218502204,341.66357115425296,343.2495486492355,339.45948872315125,Up,9
2025-09-11 10:30:00,341.4,341.4,340.6,340.9,341.29429259110947,341.6336271874195,343.2261700557108,339.45948872315125,Up,10
2025-09-11 10:40:00,340.9,340.9,340.7,340.7,341.24026599191774,341.59701435654034,343.201034035256,339.45948872315125,Up,2
2025-09-11 10:50:00,340.7,341.0,340.7,341.0,341.2184236290161,341.5736020288329,343.1791331990843,339.45948872315125,Up,7
2025-09-11 11:00:00,341.0,341.1,341.0,341.1,341.20765784456006,341.5550294002512,343.1584453065561,339.45948872315125,Up,8
2025-09-11 11:10:00,341.1,341.2,341.0,341.2,341.20696167687277,341.54110667867275,343.13895828858045,339.53895456914347,Up,7
2025-09-11 11:20:00,341.2,341.2,340.8,341.2,341.206328797157,341.5277299461758,343.1196651712812,339.53895456914347,Up,8
2025-09-11 11:30:00,341.2,341.5,341.0,341.5,341.23302617923366,341.5266424973061,343.1035490999252,339.6458302224326,Up,7
2025-09-11 11:40:00,341.5,341.7,341.5,341.6,341.26638743566696,341.5295192621176,343.0885884123638,340.0689365658479,Up,10
2025-09-11 11:50:00,341.6,342.0,341.6,341.7,341.30580675969725,341.53620478125026,343.07477161224074,340.26266960531626,Up,9
2025-09-11 12:00:00,341.7,342.4,341.4,342.4,341.405278872452,341.5700791035542,343.06805746684535,340.26266960531626,Up,25
2025-09-11 12:10:00,342.4,342.5,342.2,342.3,341.48661715677457,341.59870345243445,343.0604151039912,340.63980959117043,Up,14
2025-09-11 12:20:00,342.3,342.3,342.0,342.0,341.53328832434056,341.61444057194683,343.0498637099217,340.63980959117043,Up,1
2025-09-11 12:30:00,342.0,342.3,342.0,342.3,341.60298938576415,341.6413252553999,343.0424023794747,340.63980959117043,Up,1
2025-09-11 12:40:00,342.3,342.3,342.3,342.3,341.6663539870583,341.6671556375411,343.03501529112174,340.8257773036592,Up,2
2025-09-11 12:50:00,342.3,342.9,342.3,342.7,341.76032180641664,341.7076593380297,343.03168180563796,341.04161573059935,Up,24
2025-09-11 13:00:00,342.7,342.8,342.4,342.5,341.82756527856054,341.73873152085207,343.0263914394127,341.04161573059935,Up,35
2025-09-11 13:10:00,342.5,342.5,342.3,342.3,341.8705138896005,341.76074204944615,343.01916366389617,341.04161573059935,Up,2
2025-09-11 13:20:00,342.3,342.3,341.8,341.8,341.8641035360004,341.76228157691884,343.00703268216586,341.04161573059935,Up,4
2025-09-11 13:30:00,341.8,341.8,341.6,341.6,341.84009412363673,341.7559175935102,342.9930323569702,341.04161573059935,Up,7
2025-09-11 13:40:00,341.6,341.8,341.6,341.7,341.8273582942152,341.75372474670587,342.98016636336854,341.04161573059935,Up,4
2025-09-11 13:50:00,341.7,341.7,341.7,341.7,341.8157802674683,341.75161789389387,342.9674283896037,341.04161573059935,Up,3
2025-09-11 14:00:00,341.7,341.7,341.7,341.7,341.80525478860756,341.7495936627608,342.95481716184645,341.04161573059935,Up,0
2025-09-11 14:10:00,341.7,342.3,341.6,342.3,341.85023162600686,341.7711782250055,342.94830156819626,341.04161573059935,Up,4
2025-09-11 14:20:00,342.3,342.5,342.1,342.1,341.8729378418244,341.7840731965739,342.9398607565724,341.04161573059935,Up,23
2025-09-11 14:30:00,342.1,342.1,342.1,342.1,341.89357985620404,341.7964624829828,342.9315039331239,341.04161573059935,Up,0
2025-09-11 14:40:00,342.1,342.2,342.1,342.2,341.92143623291275,341.81228748365015,342.92422528702315,341.04161573059935,Up,1
2025-09-11 14:50:00,342.2,342.7,342.2,342.7,341.99221475719344,341.8470997391933,342.92199418963986,341.2280570889964,Up,4
2025-09-11 15:00:00,342.7,342.7,342.1,342.2,342.0111043247213,341.8609389651073,342.9148101678524,341.2280570889964,Up,27
2025-09-11 15:10:00,342.2,342.3,342.2,342.3,342.03736756792847,341.8781570449071,342.9086926537444,341.2280570889964,Up,5
2025-09-11 15:20:00,342.3,342.3,342.3,342.3,342.0612432435713,341.8946999058911,342.9026360104236,341.2280570889964,Up,0
2025-09-11 15:30:00,342.3,343.4,342.3,343.0,342.146584766883,341.9380450076209,342.9036048063398,341.42142072877294,Up,19
2025-09-11 15:40:00,343.0,343.9,343.0,343.8,342.2968952426209,342.01106285045927,342.9125241615006,341.82401884433904,Up,67
2025-09-11 15:50:00,343.8,344.0,343.0,343.0,342.3608138569281,342.0498446994609,342.9133945678538,341.82401884433904,Up,25
2025-09-11 16:00:00,343.0,343.0,342.6,342.8,342.4007398699346,342.079262554384,342.9122662636961,341.82401884433904,Up,29
2025-09-11 16:10:00,342.8,343.4,342.8,343.4,342.4915816999405,342.1310561797023,342.9171193356991,341.82401884433904,Up,6
2025-09-11 16:20:00,343.4,343.8,343.2,343.2,342.5559833635823,342.17297554520417,342.91993406867726,341.82401884433904,Up,13
2025-09-11 16:30:00,343.2,344.0,343.2,344.0,342.6872576032566,342.24462356303934,342.93068099336705,341.82401884433904,Up,17
2025-09-11 16:40:00,344.0,344.1,343.6,344.1,342.8156887302333,342.3173834233123,342.94231600835843,341.82401884433904,Up,93
2025-09-11 16:50:00,344.1,344.1,343.5,343.7,342.89608066384847,342.3716036812217,342.9498551525539,341.82401884433904,Up,11
2025-09-11 17:00:00,343.7,344.1,343.7,344.1,343.00552787622587,342.43938392901697,342.96129937989167,341.8756357602646,Up,10
2025-09-11 17:10:00,344.1,344.1,344.0,344.0,343.09593443293255,342.5005845592516,342.971634709445,342.17330523660416,Up,2
2025-09-11 17:20:00,344.0,344.0,343.0,343.0,343.08721312084776,342.5201694784966,342.9719169511421,342.17330523660416,Up,48
2025-09-11 17:30:00,343.0,343.0,342.0,342.3,343.0156482916798,342.5115353813007,342.9652312103347,342.17330523660416,Up,41
2025-09-11 17:40:00,342.3,343.0,341.9,342.3,342.9505893560725,342.50323987615167,342.95861199431147,342.17330523660416,Up,83
2025-09-11 17:50:00,342.3,343.0,342.3,342.3,342.8914448691568,342.49526968493007,342.9520586411343,342.17330523660416,Up,11
2025-09-11 18:00:00,342.3,342.3,341.2,341.5,342.7649498810517,342.45623950120734,342.9376102964464,344.39883717791,Down,31
2025-09-11 18:10:00,341.5,341.7,340.8,341.0,342.60449989186515,342.39913206978747,342.91833059200417,343.9853065253727,Down,54
2025-09-11 18:20:00,341.0,341.5,340.7,341.5,342.5040908107865,342.36387198861934,342.9042178497952,343.8775513867025,Down,31
2025-09-11 18:30:00,341.5,341.5,340.5,340.9,342.3582643734423,342.30646524396764,342.8842753836281,343.8775513867025,Down,37
2025-09-11 18:40:00,340.9,342.5,340.5,342.4,342.36205852131116,342.310133273616,342.8794567230945,343.8775513867025,Down,23
2025-09-11 18:50:00,342.4,342.4,341.0,341.8,342.310962292101,342.29012804719963,342.86871586017816,343.8775513867025,Down,17
2025-09-11 19:00:00,341.8,341.8,341.7,341.7,342.2554202655464,342.26698577083886,342.85708684664405,343.8775513867025,Down,3
2025-09-11 19:10:00,341.7,343.2,341.7,342.8,342.30492751413306,342.2878882896295,342.8565188183193,343.8775513867025,Down,29
2025-09-11 19:20:00,342.8,343.3,342.8,343.0,342.36811592193914,342.3158142390558,342.8579464917688,343.8775513867025,Down,21
2025-09-11 19:30:00,343.0,343.0,342.7,342.8,342.40737811085376,342.33480191595555,342.8573699097612,343.8775513867025,Down,8
2025-09-11 19:40:00,342.8,343.4,342.8,343.4,342.49761646441254,342.3765743898396,342.8627692141417,343.8775513867025,Down,11
2025-09-11 19:50:00,343.4,343.4,342.6,342.6,342.5069240585568,342.3853361784734,342.8601545950955,343.8775513867025,Down,10
2025-09-11 20:00:00,342.0,342.0,340.0,341.0,342.36993096232436,342.33100926951363,342.84164559414927,343.8775513867025,Down,109
2025-09-11 20:10:00,341.0,341.0,340.0,340.5,342.19993723847665,342.2592049844347,342.81834563798856,343.8775513867025,Down,41
2025-09-11 20:20:00,340.5,340.5,339.8,340.2,342.0181247622515,342.1784518477902,342.79229244756084,343.86007876957143,Down,70
2025-09-11 20:30:00,340.2,341.0,339.6,340.5,341.8801134202286,342.11263020670043,342.7694835674856,343.86007876957143,Down,134
2025-09-11 20:40:00,340.5,340.8,340.0,340.7,341.77283038202603,342.0572329436926,342.7488916911923,343.86007876957143,Down,31
2025-09-11 20:50:00,340.7,340.9,340.7,340.7,341.6753003472964,342.0040081223714,342.7285047091904,343.86007876957143,Down,10
2025-09-11 21:00:00,340.7,341.4,340.5,340.5,341.5684548611785,341.94502741169015,342.70633053297956,343.86007876957143,Down,18
2025-09-11 21:10:00,340.5,341.6,340.5,341.2,341.5349589647077,341.9158106504474,342.69134216946736,343.86007876957143,Down,7
2025-09-11 21:20:00,341.2,341.2,340.8,340.8,341.46814451337065,341.8720533700377,342.6725228443981,343.86007876957143,Down,14
2025-09-11 21:30:00,340.8,340.8,340.1,340.2,341.35285864851875,341.80648264964407,342.6479206270409,343.8347711653844,Down,10
2025-09-11 21:40:00,340.2,340.4,339.9,340.3,341.25714422592614,341.74740489867764,342.624558232742,343.40888287762215,Down,88
2025-09-11 21:50:00,340.3,340.5,339.9,340.2,341.1610402053874,341.68672235363147,342.6004332752023,343.3808026160201,Down,49
2025-09-11 22:00:00,340.2,340.2,340.0,340.0,341.05549109580676,341.62057637897925,342.5745583172401,343.0643660145638,Down,13
2025-09-11 22:10:00,340.0,340.4,339.8,339.8,340.9413555416425,341.5491812268624,342.5469507717949,343.0130600132398,Down,24
2025-09-11 22:20:00,339.8,340.1,339.8,340.1,340.8648686742205,341.49235059051483,342.52260300292136,342.7073272847635,Down,4
2025-09-11 22:30:00,340.2,340.2,339.8,339.8,340.7680624311095,341.4259839006907,342.49551242577786,342.65211571342127,Down,27
2025-09-11 22:40:00,339.8,340.4,339.8,340.0,340.6982385737359,341.3700629634087,342.4706814563671,342.65211571342127,Down,21
2025-09-11 22:50:00,340.0,340.5,339.8,340.0,340.63476233975996,341.31633500405934,342.44609756127886,342.65211571342127,Down,20
2025-09-11 23:00:00,339.8,340.3,339.7,340.1,340.58614758159996,341.2686355921354,342.4227533069378,342.62247611827297,Down,34
2025-09-11 23:10:00,340.1,340.3,339.7,339.9,340.5237705287272,341.2149636081301,342.39765128398324,342.6022510166118,Down,25
2025-09-11 23:20:00,339.9,340.0,339.6,339.8,340.4579732079338,341.1594748391838,342.3718040075257,342.3111372878289,Down,23
2025-09-12 09:00:00,340.0,341.9,338.1,338.8,340.30724837084887,341.0669464141178,342.3362636691424,342.3111372878289,Down,77
2025-09-12 09:10:00,338.8,339.1,338.8,339.1,340.19749851895347,340.989811260623,342.30406204059375,342.3111372878289,Down,24
2025-09-12 09:20:00,339.1,339.1,338.8,338.9,340.0795441081395,340.90785787785353,342.27019077650823,342.186917571622,Down,21
2025-09-12 09:30:00,338.9,339.2,338.9,338.9,339.97231282558135,340.8291183532319,342.23665653992606,342.10174324692906,Down,112
2025-09-12 09:40:00,338.9,338.9,338.6,338.8,339.8657389323467,340.74954508447775,342.2024609524641,341.6334029517537,Down,34
2025-09-12 09:50:00,338.8,338.8,338.7,338.8,339.7688535748606,340.6730923360669,342.16860561960374,341.4076390470488,Down,3
2025-09-12 10:00:00,338.8,338.8,338.4,338.4,339.64441234078237,340.58395146014266,342.1311070562246,341.1614900427717,Down,19
2025-09-12 10:10:00,338.4,338.6,338.4,338.5,339.5403748552567,340.50222787347036,342.0949766377547,340.9013545843379,Down,21
2025-09-12 10:20:00,338.5,338.7,338.5,338.7,339.46397714114244,340.4315522705891,342.06119577568757,340.8557768948527,Down,5
2025-09-12 10:30:00,338.7,338.7,338.5,338.5,339.376342855584,340.35580512272287,342.0257609918499,340.72343354077515,Down,37
2025-09-12 10:40:00,338.5,338.7,338.4,338.4,339.28758441416727,340.2791068826161,341.9896837680504,340.58948503706824,Down,59
2025-09-12 10:50:00,338.4,338.4,338.0,338.0,339.1705312856066,340.18973014212133,341.94998542209964,340.19953185188024,Down,22
2025-09-12 11:00:00,338.0,338.5,338.0,338.1,339.0732102596424,340.1077799404695,341.91167710944194,340.19953185188024,Down,9
2025-09-12 11:10:00,338.1,338.3,338.1,338.3,339.00291841785673,340.03688660947074,341.87574002377585,340.09052219163664,Down,2
2025-09-12 11:20:00,338.3,338.4,338.0,338.4,338.948107652597,339.9726949777268,341.84115554592734,340.06411108330593,Down,16
2025-09-12 11:30:00,338.4,338.8,338.3,338.3,338.88918877508814,339.9070990962473,341.8059201673609,340.06411108330593,Down,8
2025-09-12 11:40:00,338.3,338.8,338.3,338.5,338.8538079773528,339.8519187395317,341.77302543932745,340.06411108330593,Down,8
2025-09-12 11:50:00,338.4,338.6,338.2,338.4,338.81255270668436,339.7949807497461,341.7394629971451,340.06411108330593,Down,7
2025-09-12 12:00:00,338.4,338.7,338.2,338.5,338.7841388242585,339.74419719093254,341.70722953448694,340.06411108330593,Down,6
2025-09-12 12:10:00,338.5,338.5,337.7,337.7,338.6855807493259,339.66403259520973,341.66735660379555,340.06411108330593,Down,14
2025-09-12 12:20:00,337.7,337.8,337.6,337.8,338.60507340847806,339.59093327775054,341.6288754435588,339.58605635555654,Down,26
2025-09-12 12:30:00,337.8,337.8,337.2,337.2,338.47733946225276,339.49717118842705,341.5848070311851,339.4327785050514,Down,32
2025-09-12 12:40:00,337.2,338.2,337.2,338.2,338.45212678386616,339.44630173005737,341.551127359233,339.4327785050514,Down,15
2025-09-12 12:50:00,338.2,338.2,338.2,338.2,338.42920616715105,339.39742715240806,341.51778280839494,339.4327785050514,Down,0
2025-09-12 13:00:00,338.2,338.2,337.2,337.4,338.3356419701373,339.31909667584307,341.4768098451274,339.4327785050514,Down,47
2025-09-12 13:10:00,337.4,337.4,337.3,337.3,338.24149270012487,339.23991641404535,341.435249548161,339.31026125609685,Down,12
2025-09-12 13:20:00,337.3,337.5,337.1,337.1,338.1377206364771,339.1559981232985,341.39211273673646,339.2275102328153,Down,8
2025-09-12 13:30:00,337.1,337.1,336.5,336.5,337.98883694225196,339.0518413341496,341.3434349980625,338.7704638480139,Down,31
2025-09-12 13:40:00,336.5,336.7,336.4,336.7,337.8716699475018,338.95961226222215,341.29723166474844,338.4504216800126,Down,10
2025-09-12 13:50:00,336.7,336.9,336.4,336.4,337.73788177045617,338.8592353107625,341.2485029914674,338.4504216800126,Down,19
2025-09-12 14:00:00,336.4,336.6,336.2,336.2,337.5980743367783,338.7549515730855,341.19826913085575,338.2813402314154,Down,32
2025-09-12 14:10:00,336.2,336.7,336.2,336.6,337.5073403061621,338.67044366825866,341.15251520915575,338.2813402314154,Down,24
2025-09-12 14:20:00,336.6,337.0,336.5,336.6,337.42485482378373,338.5892497989152,341.1072165503582,338.2813402314154,Down,18
2025-09-12 14:30:00,336.6,336.6,336.4,336.6,337.3498680216216,338.51124000287933,341.062368624484,338.2813402314154,Down,15
2025-09-12 14:40:00,336.6,336.6,336.3,336.4,337.2635163832923,338.42844627727624,341.0159768968772,338.197052955,Down,19
2025-09-12 14:50:00,336.4,336.4,336.4,336.4,337.18501489390206,338.3488993644419,340.9700467785003,337.98822995909086,Down,4
2025-09-12 15:00:00,336.4,336.9,336.4,336.9,337.15910444900186,338.2920797815226,340.92954880060483,337.98822995909086,Down,9
2025-09-12 15:10:00,336.9,336.9,336.8,336.8,337.1264585900017,338.2335668489139,340.8884587627879,337.98822995909086,Down,2
2025-09-12 15:20:00,336.8,336.8,336.3,336.4,337.0604169000015,338.1616622666035,340.8437974815661,337.98822995909086,Down,4
2025-09-12 15:30:00,336.4,336.6,336.4,336.6,337.0185608181832,338.10042060908967,340.80157064095357,337.98822995909086,Down,3
2025-09-12 15:40:00,336.6,336.8,336.5,336.8,336.9986916528938,338.0494237224587,340.7617540176605,337.98822995909086,Down,15
2025-09-12 15:50:00,336.8,336.8,336.4,336.4,336.94426513899435,337.98474043922505,340.71835348017134,337.98822995909086,Down,34
2025-09-12 16:00:00,336.4,336.5,336.4,336.5,336.9038773990858,337.9265153239613,340.676379813702,337.82780183644456,Down,1
2025-09-12 16:10:00,336.5,336.8,336.5,336.7,336.885343090078,337.878416683806,340.63681384540644,337.82780183644456,Down,19
2025-09-12 16:20:00,336.7,336.7,336.3,336.6,336.8594028091618,337.82828269620575,340.59664654346216,337.82780183644456,Down,9
2025-09-12 16:30:00,336.6,336.6,336.2,336.2,336.799457099238,337.76442847282516,340.5528988166615,337.80300663895156,Down,12
2025-09-12 16:40:00,336.2,337.3,336.2,337.3,336.84496099930726,337.7462155915379,340.52053166425696,337.80300663895156,Down,41
2025-09-12 16:50:00,337.3,337.6,336.8,337.5,336.90450999937025,337.7365600781443,340.4904766228216,337.80300663895156,Down,21
2025-09-12 17:00:00,337.5,337.5,336.2,336.2,336.84046363579114,337.67630282017785,340.44778531314176,337.80300663895156,Down,19
2025-09-12 17:10:00,336.2,337.1,336.2,337.0,336.8549669416283,337.64978114095516,340.413478991618,337.80300663895156,Down,16
2025-09-12 17:20:00,337.1,337.7,337.1,337.7,336.93178812875294,337.65175050797654,340.38647920065665,337.80300663895156,Down,72
2025-09-12 17:30:00,337.7,338.7,337.4,337.8,337.01071648068444,337.6575642135461,340.36074308920735,337.80300663895156,Down,92
2025-09-12 17:40:00,337.7,338.0,337.5,337.9,337.0915604369858,337.6670714992894,340.3362580833446,335.48120341949743,Up,22
2025-09-12 17:50:00,337.9,338.7,337.2,337.7,337.14687312453253,337.6683628130428,340.3100266596297,335.48120341949743,Up,103
2025-09-12 18:00:00,337.7,338.3,337.0,337.0,337.13352102230226,337.6421525066489,340.2770910709767,335.48120341949743,Up,44
2025-09-12 18:10:00,337.0,337.8,337.0,337.8,337.19411002027476,337.6483426044274,340.2524433986287,335.48120341949743,Up,39
2025-09-12 18:20:00,337.8,337.9,337.2,337.9,337.2582818366134,337.65821152190085,340.22903600162743,335.48120341949743,Up,7
2025-09-12 18:30:00,337.9,339.0,337.7,338.6,337.3802562151031,337.6951444033949,340.21282668817844,335.48120341949743,Up,45
2025-09-12 18:40:00,338.6,340.8,338.6,340.8,337.6911420137301,337.81690344639907,340.2186692086941,335.9589215948778,Up,110
2025-09-12 18:50:00,340.8,341.0,339.8,340.6,337.9555836488455,337.92604448771675,340.22246354492603,336.56265599534333,Up,82
2025-09-12 19:00:00,340.6,341.0,340.0,341.0,338.2323487716777,338.04659176270826,340.2302002260711,336.6478690866758,Up,115
2025-09-12 19:10:00,341.0,341.2,340.6,340.7,338.4566807015252,338.1506469877001,340.23487485068733,337.1798809878871,Up,71
2025-09-12 19:20:00,340.7,340.7,339.7,340.0,338.59698245593205,338.2231706352413,340.2325377874964,337.1798809878871,Up,23
2025-09-12 19:30:00,340.0,340.8,340.0,340.8,338.7972567781201,338.3242227671926,340.23818417767063,337.1798809878871,Up,12
2025-09-12 19:40:00,340.8,340.8,340.0,340.5,338.9520516164728,338.4095473645576,340.24078931023115,337.1798809878871,Up,9
2025-09-12 19:50:00,340.5,340.8,340.0,340.8,339.1200469240662,338.5032906051632,340.2463535957015,337.1798809878871,Up,28
2025-09-12 20:00:00,340.8,341.2,340.7,341.2,339.3091335673329,338.60904391476464,340.2558426146498,337.4864642180968,Up,38
2025-09-12 20:10:00,341.2,341.8,340.8,341.3,339.4901214248481,338.7145716043817,340.2662322403747,337.7876947437244,Up,50
2025-09-12 20:20:00,341.3,341.5,341.3,341.4,339.6637467498619,338.8198825218569,340.27751351161476,338.1342679488403,Up,8
2025-09-12 20:30:00,341.4,341.5,341.1,341.5,339.8306788635108,338.9249851680586,340.2896775562753,338.1856981353094,Up,7
2025-09-12 20:40:00,341.5,341.5,340.5,340.5,339.8915262395552,338.9867504555857,340.2917703169094,338.1856981353094,Up,7
2025-09-12 20:50:00,340.5,341.0,340.4,340.6,339.9559329450502,339.05001514360197,340.2948372789302,338.1856981353094,Up,8
2025-09-12 21:00:00,340.6,340.6,340.0,340.0,339.95993904095474,339.087269451696,340.29190357466223,338.1856981353094,Up,14
2025-09-12 21:10:00,340.0,340.0,339.9,340.0,339.9635809463225,339.12306280653144,340.2889990614815,338.1856981353094,Up,6
2025-09-12 21:20:00,340.0,340.0,339.4,339.5,339.92143722392956,339.1378446572557,340.28114832455134,338.1856981353094,Up,14
2025-09-12 21:30:00,339.5,339.5,338.9,339.1,339.8467611126632,339.1363605530496,340.2693956049041,338.1856981353094,Up,12
2025-09-12 21:40:00,339.1,339.3,338.0,338.0,339.6788737387848,339.0917973941065,340.24681455410905,341.61659786312265,Down,21
2025-09-12 21:50:00,338.0,338.8,338.0,338.7,339.5898852170771,339.0764327904161,340.231423364516,341.38781623920244,Down,14
2025-09-12 22:00:00,338.7,339.3,338.5,338.6,339.49989565188827,339.0577491515762,340.21519029621237,341.38781623920244,Down,13
2025-09-12 22:10:00,338.6,338.6,338.1,338.6,339.4180869562621,339.03979820445556,340.1991187509765,341.26555061091113,Down,16
2025-09-12 22:20:00,338.6,338.8,338.5,338.6,339.34371541478373,339.02255121604554,340.1832071216136,341.26555061091113,Down,15
2025-09-12 22:30:00,338.6,338.7,338.0,338.7,339.2851958316216,339.0099021487497,340.1684488417966,341.11326496769516,Down,91
2025-09-12 22:40:00,338.7,339.2,338.4,338.4,339.20472348329236,338.98598441742615,340.15085233590804,341.11326496769516,Down,24
2025-09-12 22:50:00,338.4,338.6,338.0,338.6,339.14974862117487,338.9708477736055,340.13542096938164,341.0663346840456,Down,14
2025-09-12 23:00:00,338.6,338.9,338.5,338.9,339.12704420106803,338.9680694295426,340.12312822341767,341.0663346840456,Down,12
2025-09-12 23:10:00,338.9,338.9,338.0,338.5,339.0700401827891,338.94971376563893,340.1069776938314,341.0663346840456,Down,28
2025-09-12 23:20:00,338.5,338.6,338.0,338.6,339.027309257081,338.9359995003197,340.09198289090773,341.01430103985393,Down,12
2025-09-15 09:00:00,338.9,339.2,337.5,338.6,338.98846296098276,338.9228230493268,340.0771372900032,341.01430103985393,Down,98
2025-09-15 09:10:00,338.6,338.8,338.2,338.2,338.9167845099843,338.8944770473924,340.0584593070181,341.01430103985393,Down,23
2025-09-15 09:20:00,338.2,338.3,338.0,338.2,338.85162228180394,338.867242653377,340.03996717461,341.0076266264868,Down,17
2025-09-15 09:30:00,338.2,338.2,338.0,338.0,338.7742020743672,338.8332331375583,340.0196689937681,340.77056966044256,Down,9
2025-09-15 09:40:00,338.0,338.1,337.5,337.8,338.6856382494247,338.7927141909874,339.9975827351237,340.4459724185842,Down,33
2025-09-15 09:50:00,337.8,337.9,337.5,337.8,338.60512568129514,338.7537842227134,339.97571624024687,340.25088401689464,Down,26
2025-09-15 10:00:00,337.8,337.8,337.4,337.8,338.531932437541,338.71638091986193,339.9540673224335,340.0644400153588,Down,35
2025-09-15 10:10:00,337.8,337.8,337.1,337.1,338.40175676140086,338.65299343280856,339.9256686426083,339.944945468508,Down,13
2025-09-15 10:20:00,337.1,337.5,337.1,337.5,338.3197788740008,338.607778004071,339.90153263621414,339.7135867895527,Down,4
2025-09-15 10:30:00,337.5,337.5,337.5,337.5,338.2452535218189,338.5643357294016,339.8776367890876,339.6941698086843,Down,0
2025-09-15 10:40:00,337.5,337.7,337.5,337.5,338.1775032016535,338.5225970733467,339.85397871158426,339.6674270988039,Down,12
2025-09-15 10:50:00,337.5,337.8,337.5,337.7,338.134093819685,338.490338364588,339.8325460875884,339.6385700898217,Down,12
2025-09-15 11:00:00,337.7,337.7,337.7,337.7,338.09463074516816,338.45934470323164,339.81132672353283,339.507790990747,Down,2
2025-09-15 11:10:00,337.7,338.0,337.6,338.0,338.08602795015287,338.44133118545784,339.79330357205487,339.507790990747,Down,8
2025-09-15 11:20:00,338.0,338.2,338.0,338.1,338.0872981365026,338.42794564877323,339.77645478029314,339.507790990747,Down,4
2025-09-15 11:30:00,338.1,338.5,338.0,338.5,338.1248164877296,338.43077130960563,339.76375373770315,339.507790990747,Down,12
2025-09-15 11:40:00,338.5,338.5,338.5,338.5,338.1589240797542,338.4334861602093,339.7511790736464,339.507790990747,Down,1
2025-09-15 11:50:00,338.5,338.5,337.8,337.8,338.1262946179583,338.4086435656913,339.7317643564958,339.507790990747,Down,11
2025-09-15 12:00:00,337.8,338.0,337.8,338.0,338.114813289053,338.3926183278211,339.7145328703615,339.50117534239405,Down,1
2025-09-15 12:10:00,338.0,338.0,338.0,338.0,338.1043757173209,338.37722153065164,339.6974728418007,339.455613947631,Down,0
2025-09-15 12:20:00,338.0,338.1,338.0,338.1,338.1039779248372,338.3663500980771,339.6815775896435,339.40964904330093,Down,1
2025-09-15 12:30:00,338.1,338.1,337.5,337.5,338.0490708407611,338.33237558442704,339.65987034994555,339.2542264030008,Down,2
2025-09-15 12:40:00,337.5,338.3,337.5,337.9,338.03551894614645,338.3154196791554,339.6423592021849,339.2542264030008,Down,15
2025-09-15 12:50:00,337.9,338.0,337.9,338.0,338.03228995104223,338.30305027997287,339.6260173195761,339.2542264030008,Down,2
2025-09-15 13:00:00,338.0,338.0,338.0,338.0,338.0293545009475,338.29116595526807,339.60983804276435,339.2542264030008,Down,0
2025-09-15 13:10:00,338.0,338.0,337.8,337.8,338.0085040917704,338.2719045452576,339.59182970403043,339.21460037087684,Down,2
2025-09-15 13:20:00,337.8,337.8,337.0,337.0,337.91682190160947,338.22202593563964,339.5660403537416,338.8860003371608,Down,9
2025-09-15 13:30:00,337.0,337.1,336.9,337.1,337.84256536509946,338.17802491855576,339.541502638779,338.4236366701462,Down,11
2025-09-15 13:40:00,337.1,337.1,336.7,336.8,337.74778669554496,338.1239847256712,339.5142240055573,338.3396697001329,Down,11
2025-09-15 13:50:00,336.8,337.0,336.7,337.0,337.67980608685906,338.07990689329193,339.4892068512732,338.2678815455754,Down,4
2025-09-15 14:00:00,337.0,337.0,336.7,337.0,337.6180055335082,338.0375576033589,339.46443862389737,338.2480741323413,Down,9
2025-09-15 14:10:00,337.0,337.0,337.0,337.0,337.56182321228016,337.9968690698938,339.4399168465452,338.2480741323413,Down,1
2025-09-15 14:20:00,337.0,337.4,337.0,337.0,337.51074837480013,337.95777616519206,339.41563906697763,338.2480741323413,Down,2
2025-09-15 14:30:00,337.0,337.0,336.5,336.5,337.4188621589092,337.90060847243944,339.3866277329779,338.11444337516247,Down,6
2025-09-15 14:40:00,336.5,336.9,336.5,336.6,337.3444201444629,337.8496042186183,339.35890009384383,338.08585761378407,Down,2
2025-09-15 14:50:00,336.6,336.6,336.4,336.4,337.25856376769354,337.7927569943588,339.3294583018653,337.8325978307128,Down,2
2025-09-15 15:00:00,336.4,336.6,336.3,336.4,337.180512516085,337.7381390730114,339.3003094630408,337.7705434824662,Down,15
2025-09-15 15:10:00,336.4,336.5,336.4,336.5,337.1186477418954,337.68958459955996,339.2724456872892,337.6868577113329,Down,7
2025-09-15 15:20:00,336.5,336.8,336.5,336.8,337.08967976535945,337.654698928989,339.2478442376644,337.6868577113329,Down,4
2025-09-15 15:30:00,336.8,336.8,336.1,336.1,336.9997088775995,337.5937303435384,339.2165224044539,337.6868577113329,Down,59
2025-09-15 15:40:00,336.1,336.3,336.1,336.3,336.9360989796359,337.54299582026243,339.18750228102647,337.52355951264684,Down,3
2025-09-15 15:50:00,336.3,336.3,336.1,336.2,336.8691808905781,337.4903293175071,339.15777589017046,337.4759631933153,Down,13
2025-09-15 16:00:00,336.1,336.9,336.0,336.9,336.8719826277983,337.46717914819305,339.1353104584275,337.4759631933153,Down,42
2025-09-15 16:10:00,336.9,336.9,336.0,336.0,336.7927114798166,337.40964271100904,339.1041133394382,337.4759631933153,Down,31
2025-09-15 16:20:00,336.0,336.3,335.6,335.6,336.6842831634696,337.3386763301852,339.0692465400408,337.4759631933153,Down,16
2025-09-15 16:30:00,335.6,335.8,335.4,335.8,336.60389378497234,337.27833608194265,339.036716723722,337.36471770597313,Down,14
2025-09-15 16:40:00,335.8,335.8,335.6,335.6,336.5126307136112,337.21251898069005,339.00252053741633,337.36471770597313,Down,38
2025-09-15 16:50:00,335.6,336.2,335.6,336.2,336.48420973964653,337.17281235399633,338.97463476092463,337.36471770597313,Down,19
2025-09-15 17:00:00,336.2,336.2,335.1,335.1,336.3583724905877,337.0915255950161,338.9360811812139,337.36471770597313,Down,45
2025-09-15 17:10:00,335.1,335.5,334.8,335.0,336.23488408235244,337.00950498344685,338.89691619433614,337.208464384928,Down,93
2025-09-15 17:20:00,335.0,335.0,334.1,334.8,336.10444007486586,336.92285772919405,338.85615085906915,336.7486039862982,Down,90
2025-09-15 17:30:00,334.8,335.4,334.6,335.3,336.03130915896895,336.8592162496178,338.8207662734068,336.7486039862982,Down,24
2025-09-15 17:40:00,335.3,337.1,335.3,336.5,336.0739174172445,336.8451293378681,338.79767407168134,336.7486039862982,Down,94
2025-09-15 17:50:00,336.3,336.5,335.0,335.3,336.0035612884041,336.7845360305007,338.7628713446,336.7486039862982,Down,38
2025-09-15 18:00:00,335.3,335.9,335.0,335.3,335.9396011712765,336.7263189312654,338.7284149133105,336.7486039862982,Down,26
2025-09-15 18:10:00,335.3,335.6,334.9,335.6,335.90872833752405,336.68214956141185,338.69728640671036,336.7486039862982,Down,26
2025-09-15 18:20:00,335.6,335.6,334.7,335.0,335.8261166704764,336.6161829119447,338.6604974872406,336.7486039862982,Down,19
2025-09-15 18:30:00,335.0,335.6,334.4,335.1,335.7601060640694,336.5567247585351,338.62506965154665,336.7486039862982,Down,17
2025-09-15 18:40:00,335.1,335.4,335.0,335.4,335.727369149154,336.5113630032984,338.5929794062576,336.7486039862982,Down,12
2025-09-15 18:50:00,335.4,337.3,335.4,337.3,335.87033559014003,336.54228994434555,338.5801139395287,334.1572580942371,Up,38
2025-09-15 19:00:00,337.3,338.1,337.3,337.6,336.0275778092182,336.58376877005753,338.57036156202093,334.2103280305366,Up,51
2025-09-15 19:10:00,337.6,338.4,337.4,337.8,336.1887070992892,336.63146411240825,338.5626962728466,334.363934573215,Up,48
2025-09-15 19:20:00,337.8,337.8,337.0,337.4,336.2988246357175,336.6616027746668,338.5511271557039,334.363934573215,Up,39
2025-09-15 19:30:00,337.4,337.5,336.9,337.5,336.4080223961068,336.6944810972289,338.5406681790302,334.363934573215,Up,36
2025-09-15 19:40:00,337.5,337.6,336.6,337.2,336.4800203600971,336.7143053679258,338.5273281971493,334.363934573215,Up,32
2025-09-15 19:50:00,337.2,337.9,337.2,337.7,336.59092760008826,336.75296005937975,338.51909607578466,334.363934573215,Up,13
2025-09-15 20:00:00,337.7,338.9,337.7,338.7,336.7826614546257,336.82931456685503,338.5208961148316,334.7734690087084,Up,44
2025-09-15 20:10:00,338.7,338.9,338.1,338.9,336.9751467769325,336.91051791717445,338.5246682927935,335.0031536442804,Up,27
2025-09-15 20:20:00,338.9,338.9,338.8,338.9,337.150133433575,336.9885368223833,338.5284029366463,335.634685131164,Up,14
2025-09-15 20:30:00,338.9,339.4,338.5,338.9,337.30921221234087,337.06349616268204,338.53210041986375,335.6997137556036,Up,47
2025-09-15 20:40:00,338.9,339.5,338.5,338.7,337.4356474657644,337.1276727837534,338.5337710624522,335.6997137556036,Up,61
2025-09-15 20:50:00,338.7,339.6,338.6,339.3,337.6051340597858,337.2128620863513,338.541395230985,335.719598145127,Up,36
2025-09-15 21:00:00,339.3,339.5,338.8,339.2,337.75012187253253,337.2907890633572,338.54794851226876,335.8223619501154,Up,35
2025-09-15 21:10:00,339.2,339.3,338.6,338.6,337.82738352048415,337.3421306687157,338.54846643751983,335.8223619501154,Up,33
2025-09-15 21:20:00,338.6,338.9,338.5,338.5,337.88853047316735,337.38753730915823,338.5479841844102,335.8223619501154,Up,26
2025-09-15 21:30:00,338.5,338.7,338.3,338.6,337.95320952106124,337.4350848656618,338.5485017547146,335.8223619501154,Up,12
2025-09-15 21:40:00,338.6,338.9,338.4,338.4,337.99382683732836,337.4729246748515,338.54702412531446,335.8223619501154,Up,6
2025-09-15 21:50:00,338.4,339.3,338.4,338.9,338.076206215753,337.52888841309266,338.55053632307255,335.8878861044734,Up,7
2025-09-15 22:00:00,338.9,339.3,338.3,338.3,338.09655110523,337.5591280831675,338.5480434243355,335.8878861044734,Up,8
2025-09-15 22:10:00,338.3,339.4,338.3,339.4,338.2150464593,337.63131913872957,338.5565206041929,335.8878861044734,Up,20
2025-09-15 22:20:00,339.4,339.4,338.9,339.2,338.30458769027274,337.69283603524997,338.56292338425067,336.07853952251946,Up,12
2025-09-15 22:30:00,339.2,339.5,339.2,339.5,338.41326153661157,337.76370521033823,338.572247529681,336.44867229319954,Up,90
2025-09-15 22:40:00,339.5,340.0,339.5,339.9,338.54841957873776,337.84748147659946,338.5854589970474,336.93061117563593,Up,42
2025-09-15 22:50:00,339.9,339.9,339.4,339.5,338.63492688976163,337.9122861245759,338.5945589075246,336.93061117563593,Up,13
2025-09-15 23:00:00,339.5,339.5,339.1,339.4,338.7044789906924,337.9706278451808,338.6025732467532,336.93061117563593,Up,10
2025-09-15 23:10:00,339.4,340.0,339.4,340.0,338.82225362790217,338.0502110669384,338.6164779905666,337.0810752634379,Up,38
2025-09-15 23:20:00,340.0,340.7,339.8,340.7,338.99295784354746,338.15412435843103,338.6372095528495,337.5418866031254,Up,24
2025-09-16 09:00:00,340.8,341.7,340.2,340.8,339.15723440322495,338.25788418751216,338.6587298558063,337.94262418465945,Up,24
2025-09-16 09:10:00,340.8,340.9,340.7,340.8,339.3065767302045,338.35757500368817,338.6800360263953,337.99329471332675,Up,30
2025-09-16 09:20:00,340.9,341.0,340.9,341.0,339.4605243001859,338.4611995133475,338.7031202450382,338.32572246666075,Up,13
2025-09-16 09:30:00,340.9,341.3,340.9,341.2,339.6186584547144,338.56860345400054,338.72796481971443,338.56883860605524,Up,35
2025-09-16 09:40:00,341.2,341.3,341.1,341.1,339.7533258679222,338.66787390678485,338.7515671598168,338.8262169145957,Up,5
2025-09-16 09:50:00,340.8,340.8,339.8,340.2,339.79393260720195,338.72795728298934,338.7659794268833,338.8262169145957,Up,37
2025-09-16 10:00:00,340.2,340.6,340.2,340.6,339.86721146109267,338.80137072287215,338.78422838780983,338.8262169145957,Up,8
2025-09-16 10:10:00,340.6,340.7,340.4,340.7,339.94291951008427,338.87582677295563,338.80329079191125,338.8262169145957,Up,5
2025-09-16 10:20:00,340.7,340.7,340.4,340.4,339.9844722818948,338.9355982720555,338.8191784457231,338.8262169145957,Up,6
2025-09-16 10:30:00,340.4,340.9,340.4,340.9,340.0677020744498,339.01263363393565,338.83988313780543,338.8262169145957,Up,9
2025-09-16 10:40:00,340.9,340.9,340.7,340.7,340.1251837040453,339.07880486397744,338.85839176329995,338.8262169145957,Up,2
2025-09-16 10:50:00,340.7,340.7,340.1,340.1,340.12289427640485,339.1188517320567,338.8707460741129,338.8262169145957,Up,1
2025-09-16 11:00:00,340.1,340.1,339.8,340.0,340.11172206945895,339.15340656609374,338.8819824315844,338.8262169145957,Up,13
2025-09-16 11:10:00,340.0,340.1,340.0,340.1,340.11065642678085,339.1905278772273,338.8941020093796,338.8262169145957,Up,3
2025-09-16 11:20:00,340.1,340.1,339.9,339.9,340.091505842528,339.2183503134144,338.90411094460967,338.8262169145957,Up,2
2025-09-16 11:30:00,339.9,341.0,339.9,341.0,340.17409622048,339.2882189285746,338.92496556207624,338.8262169145957,Up,21
2025-09-16 11:40:00,341.0,341.0,340.4,340.4,340.1946329277091,339.3318181862776,338.93964252165756,338.8262169145957,Up,8
2025-09-16 11:50:00,340.4,341.0,340.4,341.0,340.2678481160992,339.3972370809334,338.9601435910938,338.8262169145957,Up,10
2025-09-16 12:00:00,341.0,341.5,340.9,341.1,340.3434982873629,339.4640120973674,338.98143569466504,339.0571349295724,Up,18
2025-09-16 12:10:00,341.1,341.6,341.1,341.6,340.4577257157844,339.54777632884316,339.00749106088733,339.22012266324765,Up,16
2025-09-16 12:20:00,341.6,341.7,341.5,341.7,340.5706597416222,339.63217725712383,339.03428219460983,339.5910206029524,Up,6
2025-09-16 12:30:00,341.7,342.0,341.4,341.9,340.69150885602016,339.72111148233466,339.0627967996386,339.6554732754112,Up,17
2025-09-16 12:40:00,341.9,341.9,341.7,341.7,340.7831898691092,339.7987149536157,339.0890376275029,339.86861206855565,Up,11
2025-09-16 12:50:00,341.7,341.7,341.4,341.4,340.83926351737205,339.86151044563076,339.1120322779755,339.86861206855565,Up,10
2025-09-16 13:00:00,341.4,341.6,341.4,341.6,340.9084213794291,339.9296865065864,339.1367881757071,339.86861206855565,Up,2
2025-09-16 13:10:00,341.6,341.8,341.3,341.5,340.96220125402647,339.99126742789673,339.1603027212225,339.86861206855565,Up,14
2025-09-16 13:20:00,341.5,341.5,341.5,341.5,341.01109204911495,340.05043341111644,339.1835832911606,339.8734800003795,Up,2
2025-09-16 13:30:00,341.5,342.0,341.5,341.8,341.0828109537408,340.11904386558246,339.2096172882635,340.0895272730723,Up,21
2025-09-16 13:40:00,341.8,342.1,341.5,342.1,341.1752826852189,340.19672841987335,339.23837731524594,340.0895272730723,Up,50
2025-09-16 13:50:00,342.1,342.3,342.0,342.2,341.26843880474445,340.27528808968225,339.2678461976813,340.4702704736134,Up,29
2025-09-16 14:00:00,342.2,342.5,342.2,342.4,341.3713080043131,340.358610125381,339.29901190715714,340.71388224873954,Up,35
2025-09-16 14:10:00,342.2,342.2,341.8,341.9,341.4193709130119,340.4190567871308,339.3248923856929,340.71388224873954,Up,9
2025-09-16 14:20:00,341.9,342.1,341.9,342.1,341.4812462845563,340.484976128812,339.35250539678054,340.71388224873954,Up,2
2025-09-16 14:30:00,342.1,342.3,341.8,342.3,341.5556784405057,340.55615353552525,339.3818337012902,340.71388224873954,Up,33
2025-09-16 14:40:00,342.3,342.4,342.0,342.2,341.61425312773247,340.6206181027596,339.40987515699874,340.71388224873954,Up,12
2025-09-16 14:50:00,342.2,342.2,341.7,341.7,341.6220482979386,340.66294680461215,339.4326624688694,340.71388224873954,Up,35
2025-09-16 15:00:00,341.7,341.7,341.2,341.6,341.6200439072169,340.69969398874497,339.45422801644287,340.71388224873954,Up,7
2025-09-16 15:10:00,341.6,341.6,341.3,341.3,341.5909490065608,340.72323540095107,339.4725939068265,340.71388224873954,Up,6
2025-09-16 15:20:00,341.3,342.1,341.3,341.9,341.6190445514189,340.7693830322863,339.4967472012859,340.71388224873954,Up,10
2025-09-16 15:30:00,341.9,342.0,341.8,342.0,341.6536768649263,340.8176425212163,339.5216551893329,340.71388224873954,Up,8
2025-09-16 15:40:00,342.0,342.9,342.0,342.2,341.70334260447845,340.87185261842353,339.54830538645393,340.71388224873954,Up,26
2025-09-16 15:50:00,342.2,342.2,342.0,342.0,341.7303114586167,340.9160936922109,339.572700357733,340.71388224873954,Up,5
2025-09-16 16:00:00,342.0,342.0,341.3,341.9,341.74573768965155,340.9546782533007,339.59585756810384,340.71388224873954,Up,14
2025-09-16 16:10:00,341.9,342.3,341.9,342.3,341.7961251724105,341.0074359688576,339.62276445797346,340.71388224873954,Up,16
2025-09-16 16:20:00,342.3,342.5,342.0,342.5,341.8601137931004,341.0659678916475,339.65139366734684,340.71388224873954,Up,7
2025-09-16 16:30:00,342.5,343.5,342.5,343.2,341.9819216300913,341.14965542530837,339.68670318309466,340.93919378028465,Up,67
2025-09-16 16:40:00,343.2,343.9,343.1,343.4,342.1108378455375,341.237904232159,339.7236514101285,341.33563070934974,Up,89
2025-09-16 16:50:00,343.4,343.9,342.9,343.8,342.2643980413977,341.33837857599593,339.7642120926148,341.33563070934974,Up,35
2025-09-16 17:00:00,343.8,344.4,343.6,344.4,342.45854367399795,341.458442161251,339.8103393354744,341.5897774457436,Up,144
2025-09-16 17:10:00,344.5,345.2,343.7,345.2,342.70776697636177,341.60516991963334,339.86396779979805,341.71343404158506,Up,117
2025-09-16 17:20:00,345.2,345.8,344.8,345.3,342.94342452396523,341.75006521690267,339.9180576724369,342.448576401441,Up,136
2025-09-16 17:30:00,345.3,345.8,345.0,345.6,343.18493138542294,341.901043051534,339.9745944120146,342.5168876376736,Up,85
2025-09-16 17:40:00,345.6,345.8,344.0,344.0,343.25902853220265,341.98335508872873,340.0146481989597,342.5168876376736,Up,105
2025-09-16 17:50:00,344.0,344.5,343.6,343.6,343.29002593836606,342.04675292838647,340.05032334125866,342.5168876376736,Up,139
2025-09-16 18:00:00,343.6,343.9,342.5,343.3,343.2909326712418,342.0958998723713,340.0826584323905,342.5168876376736,Up,107
2025-09-16 18:10:00,343.3,343.3,342.2,342.7,343.2372115193108,342.1195900734548,340.1087016320682,342.5168876376736,Up,77
2025-09-16 18:20:00,342.7,343.4,342.5,343.3,343.24291956300976,342.1658806588095,340.1404558446844,342.5168876376736,Up,71
2025-09-16 18:30:00,343.3,343.7,341.7,343.1,343.22992687546343,342.2025127898366,340.16990404523483,342.5168876376736,Up,162
2025-09-16 18:40:00,343.1,344.1,343.1,343.7,343.2726607958758,342.2612377784705,340.2050293781181,342.5168876376736,Up,25
2025-09-16 18:50:00,343.7,344.0,343.3,343.4,343.2842370871598,342.30589512049124,340.23682013057464,342.5168876376736,Up,14
2025-09-16 19:00:00,343.4,344.6,343.0,344.6,343.40385189741795,342.3958600177269,340.2802348556436,342.5168876376736,Up,62
2025-09-16 19:10:00,344.6,344.7,343.8,344.7,343.5216835431072,342.48621844840426,340.324212618274,342.5168876376736,Up,149
2025-09-16 19:20:00,344.7,344.9,343.7,344.0,343.5651668573702,342.5455824308198,340.3607876170971,342.5168876376736,Up,54
2025-09-16 19:30:00,344.0,345.4,344.0,345.2,343.7137880521547,342.6496772374544,340.4089389840912,342.5168876376736,Up,39
2025-09-16 19:40:00,345.2,345.4,345.2,345.2,343.84889822923157,342.74968989480914,340.45661123300573,342.5168876376736,Up,25
2025-09-16 19:50:00,345.2,345.5,344.8,345.2,343.9717256629378,342.8457804871696,340.50380913118477,342.5168876376736,Up,53
2025-09-16 20:00:00,345.2,345.3,344.7,344.9,344.05611423903434,342.9263381151237,340.5475523239093,342.5168876376736,Up,36
2025-09-16 20:10:00,344.9,344.9,343.0,344.0,344.05101294457666,342.9684425027659,340.58190503710426,342.5168876376736,Up,87
2025-09-16 20:20:00,344.0,344.7,343.9,344.7,344.11001176779695,343.03634671834374,340.6228811063868,342.5168876376736,Up,52
2025-09-16 20:30:00,344.7,345.4,344.7,345.2,344.20910160708814,343.12119586664403,340.668424577965,342.5168876376736,Up,68
2025-09-16 20:40:00,345.2,345.4,344.9,345.3,344.3082741882619,343.20663916599136,340.7145099055475,342.5168876376736,Up,35
2025-09-16 20:50:00,345.3,345.5,344.7,345.2,344.3893401711472,343.2848101790898,340.7591416477809,342.5168876376736,Up,68
2025-09-16 21:00:00,345.2,345.8,344.9,345.8,344.5175819737702,343.38344507402746,340.80929944233037,342.5168876376736,Up,74
2025-09-16 21:10:00,345.8,348.6,345.8,347.9,344.8250745216092,343.560564875046,340.8798536767351,342.8556360452854,Up,291
2025-09-16 21:20:00,347.9,348.1,346.4,346.9,345.0137041105539,343.69152311524033,340.9397556302004,342.8556360452854,Up,25
2025-09-16 21:30:00,346.7,346.9,346.0,346.9,345.185185555049,343.8173457381721,340.9990615443278,342.8556360452854,Up,44
2025-09-16 21:40:00,346.9,346.9,346.0,346.3,345.2865323227718,343.914704728832,341.05180720060315,342.8556360452854,Up,19
2025-09-16 21:50:00,346.3,346.7,345.9,346.3,345.37866574797437,344.0082457198582,341.1040280244777,342.8556360452854,Up,42
2025-09-16 22:00:00,346.3,346.4,345.6,346.3,345.46242340724945,344.0981184367265,341.1557292381645,342.8556360452854,Up,17
2025-09-16 22:10:00,346.3,346.4,345.8,346.4,345.54765764295405,344.1883883019529,341.2079110367897,342.8556360452854,Up,8
2025-09-16 22:20:00,346.4,346.4,346.0,346.0,345.58877967541275,344.25943189795476,341.2555935140356,342.8556360452854,Up,3
2025-09-16 22:30:00,346.0,346.5,345.9,346.5,345.67161788673883,344.34729731372124,341.3077766631497,342.8556360452854,Up,19
2025-09-16 22:40:00,346.5,346.8,346.4,346.7,345.76510716976253,344.4395601641636,341.3614306267005,343.1092379022098,Up,12
2025-09-16 22:50:00,346.7,348.0,346.6,347.4,345.9137337906932,344.55565584400034,341.42151589409656,343.61748900200894,Up,62
2025-09-16 23:00:00,347.4,347.5,347.1,347.4,346.04884890063016,344.6671987520788,341.4810032981354,343.80680818364453,Up,28
2025-09-16 23:10:00,347.4,348.2,347.1,347.9,346.21713536420924,344.79397527160506,341.54487391208437,344.07437107604045,Up,67
2025-09-16 23:20:00,347.9,348.0,347.1,347.3,346.31557760382657,344.89225075114996,341.60213884828255,344.07437107604045,Up,34
2025-09-17 09:00:00,347.6,347.6,346.4,347.0,346.3777978216605,344.9749075844382,341.65584890949367,344.07437107604045,Up,36
2025-09-17 09:10:00,346.7,347.0,346.7,347.0,346.43436165605505,345.0543229732838,341.70902454223506,344.07437107604045,Up,11
2025-09-17 09:20:00,347.0,347.0,346.9,346.9,346.4766924145955,345.12670246452757,341.7606760393273,344.07437107604045,Up,14
2025-09-17 09:30:00,346.9,347.1,346.8,347.0,346.52426583145046,345.2001651129775,341.8128086160504,344.07437107604045,Up,18
2025-09-17 09:40:00,347.0,347.0,347.0,347.0,346.5675143922277,345.27074687325296,341.86442246066684,344.2692100785919,Up,0
2025-09-17 09:50:00,347.0,347.0,346.3,346.4,346.55228581111606,345.31503130959595,341.90955258543636,344.2692100785919,Up,21
2025-09-17 10:00:00,346.4,346.7,346.4,346.7,346.56571437374186,345.3693438072589,341.9572187288649,344.2692100785919,Up,8
2025-09-17 10:10:00,346.7,346.9,346.4,346.4,346.5506494306744,345.40976169717027,342.0014255076822,344.2692100785919,Up,20
2025-09-17 10:20:00,346.4,346.4,346.4,346.4,346.5369540278858,345.44859457179103,342.04519241805355,344.2692100785919,Up,1
2025-09-17 10:30:00,346.4,346.5,346.3,346.3,346.5154127526235,345.4819830199561,342.0875288119037,344.2692100785919,Up,10
2025-09-17 10:40:00,346.3,346.5,346.3,346.3,346.49582977511227,345.5140621172127,342.1294439481037,344.35053135544973,Up,11
2025-09-17 10:50:00,346.4,346.6,346.4,346.6,346.5052997955566,345.5566479165377,342.17392709289874,344.5277557776816,Up,12
2025-09-17 11:00:00,346.6,347.1,346.6,347.1,346.559363450506,345.6171715276539,342.2229427437157,344.87523252516513,Up,19
2025-09-17 11:10:00,347.1,347.5,346.7,347.5,346.6448758640963,345.69100793833417,342.27545077611654,345.0138477501501,Up,22
2025-09-17 11:20:00,347.5,347.5,346.8,346.8,346.6589780582693,345.7344978231054,342.32047116640393,345.0138477501501,Up,14
2025-09-17 11:30:00,346.8,346.8,346.8,346.8,346.67179823479034,345.77628222219937,342.36504359260886,345.0138477501501,Up,0
2025-09-17 11:40:00,346.8,346.8,346.5,346.5,346.65618021344574,345.80466331152485,342.4061874374585,345.0138477501501,Up,10
2025-09-17 11:50:00,346.5,346.5,346.0,346.0,346.5965274667688,345.812323573818,342.44194676643906,345.0138477501501,Up,33
2025-09-17 12:00:00,346.0,346.3,346.0,346.2,346.56047951524437,345.82752657092317,342.47934033095214,345.0138477501501,Up,3
2025-09-17 12:10:00,346.2,346.2,345.8,345.8,346.4913450138585,345.8264470975536,342.51238172069395,345.0138477501501,Up,4
2025-09-17 12:20:00,345.8,346.3,345.8,346.1,346.4557681944168,345.83717466235544,342.5480794150154,345.0138477501501,Up,16
2025-09-17 12:30:00,346.1,346.9,346.1,346.3,346.4416074494698,345.8553246755964,342.58541195814956,345.0138477501501,Up,4
2025-09-17 12:40:00,346.3,346.3,345.6,345.8,346.383279499518,345.853155080475,342.6173979088148,345.0138477501501,Up,8
2025-09-17 12:50:00,345.8,346.4,345.8,345.9,346.3393449995618,345.85499213614264,342.65006061618976,345.0138477501501,Up,15
2025-09-17 13:00:00,345.9,346.7,345.9,346.7,346.3721318177834,345.8881296994312,342.6903585205063,345.0138477501501,Up,3
2025-09-17 13:10:00,346.7,346.7,346.6,346.7,346.4019380161667,345.91996775043395,342.7302554506506,345.0138477501501,Up,3
2025-09-17 13:20:00,346.7,347.2,346.7,346.7,346.42903456015154,345.950557250417,342.7697553964153,345.0138477501501,Up,21
2025-09-17 13:30:00,346.6,347.0,346.6,346.9,346.4718496001378,345.9877902994203,342.810852357645,345.0138477501501,Up,13
2025-09-17 13:40:00,346.9,347.0,346.9,346.9,346.51077236376165,346.0235632288548,342.8515403938873,345.12319661567676,Up,5
2025-09-17 13:50:00,346.9,347.0,346.4,346.8,346.5370657852378,346.0540117296841,342.890828549172,345.12319661567676,Up,10
2025-09-17 14:00:00,346.8,346.9,346.6,346.9,346.5700598047617,346.0871877402847,342.9307208024141,345.12319661567676,Up,15
2025-09-17 14:10:00,346.9,347.0,346.4,346.7,346.5818725497833,346.1112195936069,342.96822606806177,345.12319661567676,Up,11
2025-09-17 14:20:00,346.7,346.7,346.7,346.7,346.5926114088939,346.13430902130864,343.00535814698657,345.12319661567676,Up,0
2025-09-17 14:30:00,346.7,346.7,346.4,346.6,346.59328309899445,346.15257141262987,343.0411257276136,345.12319661567676,Up,14
2025-09-17 14:40:00,346.6,346.9,346.6,346.9,346.6211664536313,346.1818823376248,343.0795224865428,345.136645120138,Up,7
2025-09-17 14:50:00,346.9,347.0,346.5,346.5,346.610151321483,346.1943575400709,343.1135570886668,345.136645120138,Up,6
2025-09-17 15:00:00,346.5,347.3,346.5,346.8,346.6274102922573,346.218108224774,343.1502381126602,345.136645120138,Up,12
2025-09-17 15:10:00,346.8,346.9,346.8,346.9,346.6521911747794,346.2448490787045,343.18754917621584,345.1867731931916,Up,2
2025-09-17 15:20:00,346.9,347.3,346.9,347.3,346.71108288616307,346.28622754620625,343.2284690849102,345.44252108471966,Up,20
2025-09-17 15:30:00,347.3,347.7,347.3,347.7,346.8009844419664,346.3416696032178,343.27296192983647,345.8477464406542,Up,9
2025-09-17 15:40:00,347.7,348.0,347.6,347.6,346.8736222199695,346.39101589328766,343.31601703501224,346.1524967642311,Up,8
2025-09-17 15:50:00,347.6,347.6,346.8,346.8,346.86692929088133,346.40705448570776,343.3506835321763,346.1524967642311,Up,12
2025-09-17 16:00:00,346.8,347.9,346.8,347.7,346.9426629917103,346.45775823136626,343.39396031295064,346.1524967642311,Up,17
2025-09-17 16:10:00,347.7,348.3,347.2,348.3,347.06605726519115,346.5300030066068,343.4427766282447,346.1524967642311,Up,40
2025-09-17 16:20:00,348.3,348.8,348.2,348.2,347.1691429683556,346.5954930847791,343.4901121841826,346.24377212228063,Up,29
2025-09-17 16:30:00,348.2,349.3,348.2,349.3,347.3628572439596,346.70155217949366,343.54792201319566,346.29888374752784,Up,58
2025-09-17 16:40:00,349.3,349.9,348.8,349.4,347.54805203996324,346.8073736626508,343.60615164490514,346.7217124977526,Up,55
2025-09-17 16:50:00,349.4,349.6,349.1,349.4,347.7164109454211,346.9090452837233,343.66380187729413,346.77882954341146,Up,19
2025-09-17 17:00:00,349.3,350.5,349.1,350.2,347.9421917685646,347.0381023314204,343.728838674535,346.95348140310136,Up,138
2025-09-17 17:10:00,350.2,350.8,350.0,350.1,348.1383561532405,347.1581767497961,343.79223331458934,347.5213467300921,Up,65
2025-09-17 17:20:00,350.1,350.2,349.6,350.0,348.3075965029459,347.2696207988237,343.85400213732976,347.5213467300921,Up,18
2025-09-17 17:30:00,349.7,350.3,349.3,350.0,348.46145136631446,347.37669449298755,343.91515634491856,347.5213467300921,Up,29
2025-09-17 17:40:00,350.0,350.9,349.4,350.3,348.628592151195,347.4913339246351,343.9786871275562,347.5213467300921,Up,51
2025-09-17 17:50:00,350.3,351.0,348.8,349.0,348.6623565010864,347.5504973001396,344.02865043971985,347.5213467300921,Up,99
2025-09-17 18:00:00,349.0,350.2,348.7,350.2,348.8021422737149,347.6543993668008,344.09005690300626,347.5213467300921,Up,44
2025-09-17 18:10:00,350.2,351.5,349.6,351.5,349.0474020670135,347.80520723476945,344.16378768009076,347.5213467300921,Up,61
2025-09-17 18:20:00,351.5,351.5,350.6,350.6,349.1885473336486,347.91480695105304,344.2278295937217,347.5213467300921,Up,20
2025-09-17 18:30:00,350.6,351.7,350.2,351.0,349.3532248487715,348.03579491375683,344.29521437388365,347.5213467300921,Up,90
2025-09-17 18:40:00,351.0,351.3,350.7,351.0,349.5029316807014,348.15203825047223,344.3619286587206,347.5213467300921,Up,49
2025-09-17 18:50:00,351.0,351.7,350.6,350.9,349.6299378915467,348.25980145633605,344.4269840949523,347.5213467300921,Up,33
2025-09-17 19:00:00,350.9,351.7,350.0,350.5,349.70903444686064,348.347652379617,344.48741211390796,347.5213467300921,Up,62
2025-09-17 19:10:00,350.5,352.0,350.4,351.6,349.88094040623696,348.4751954235536,344.5581841326751,347.5213467300921,Up,158
2025-09-17 19:20:00,351.6,352.0,351.3,352.0,350.0735821874881,348.6134230540025,344.63223205175296,347.5213467300921,Up,66
2025-09-17 19:30:00,352.0,352.3,351.0,352.0,350.24871107953464,348.74622999306126,344.7055431756161,347.5213467300921,Up,74
2025-09-17 19:40:00,352.0,352.0,351.3,351.3,350.34428279957694,348.8463778364706,344.77115966143094,347.5213467300921,Up,15
2025-09-17 19:50:00,351.3,351.8,350.8,351.2,350.4220752723427,348.93867674484426,344.83512822201374,347.5213467300921,Up,23
2025-09-17 20:00:00,351.2,351.2,350.2,350.3,350.4109775203115,348.99206197053667,344.88950505562553,347.5213467300921,Up,17
2025-09-17 20:10:00,350.3,350.7,350.0,350.7,350.4372522911923,349.0590399324764,344.9473209257188,347.5213467300921,Up,49
2025-09-17 20:20:00,350.7,350.9,350.0,350.0,350.39750208290207,349.0959403272813,344.9975963393933,347.5213467300921,Up,15
2025-09-17 20:30:00,350.0,350.4,349.5,349.5,350.31591098445637,349.1117858046428,345.04239637581725,347.5213467300921,Up,14
2025-09-17 20:40:00,349.5,350.3,349.5,349.6,350.25082816768764,349.13093145936267,345.08774566561016,347.5213467300921,Up,23
2025-09-17 20:50:00,349.6,349.6,349.6,349.6,350.19166197062515,349.14932630409356,345.1326437186887,347.5213467300921,Up,1
2025-09-17 21:00:00,349.6,350.0,348.9,349.1,350.0924199732956,349.14739193922713,345.17211990059235,347.5213467300921,Up,55
2025-09-17 21:10:00,349.1,349.7,349.1,349.7,350.05674543026873,349.16906284357117,345.2171734339198,347.5213467300921,Up,8
2025-09-17 21:20:00,349.7,349.7,348.9,349.0,349.9606776638807,349.16243292813704,345.25481349925394,347.5213467300921,Up,24
2025-09-17 21:30:00,349.0,349.2,348.7,348.7,349.8460706035279,349.14429830350423,345.28909396194797,347.5213467300921,Up,17
2025-09-17 21:40:00,348.7,348.7,348.0,348.2,349.69642782138897,349.10726699748443,345.3180582011326,347.5213467300921,Up,80
2025-09-17 21:50:00,348.2,348.3,347.3,348.0,349.54220711035356,349.06384476228897,345.34474418918103,347.5213467300921,Up,53
2025-09-17 22:00:00,348.0,349.3,347.7,348.3,349.42927919123053,349.03389006572866,345.374149719637,347.5213467300921,Up,145
2025-09-17 22:10:00,348.3,348.3,347.9,348.0,349.29934471930045,348.9933453572687,345.40027758312317,347.5213467300921,Up,23
2025-09-17 22:20:00,347.9,348.3,347.8,348.2,349.19940429027315,348.9622337746307,345.42813551761947,347.5213467300921,Up,14
2025-09-17 22:30:00,348.2,348.9,348.0,348.3,349.1176402638847,348.93626382268445,345.45671128361334,347.5213467300921,Up,40
2025-09-17 22:40:00,348.3,348.4,348.0,348.0,349.0160366035315,348.89954759434386,345.4820176390003,347.5213467300921,Up,26
2025-09-17 22:50:00,348.0,348.0,347.6,347.7,348.8963969123014,348.8525065122127,345.50408711522914,347.5213467300921,Up,26
2025-09-17 23:00:00,347.7,348.6,347.7,348.2,348.8330881020921,348.82691802153767,345.53091211905775,347.5213467300921,Up,20
2025-09-17 23:10:00,348.2,349.0,348.2,348.9,348.83917100190195,348.82978398147736,345.5644353815547,347.5213467300921,Up,27
2025-09-17 23:20:00,348.9,348.9,348.5,348.5,348.80833727445633,348.8168512763214,345.59364497974815,347.5213467300921,Up,16
2025-09-18 09:00:00,348.0,348.0,347.5,347.8,348.71667024950574,348.77697475568135,345.6155987610442,347.5213467300921,Up,25
2025-09-18 09:10:00,347.8,347.9,347.5,347.6,348.61515477227795,348.73081888290955,345.63534404700397,347.5213467300921,Up,11
2025-09-18 09:20:00,347.6,348.0,347.6,347.7,348.53195888388905,348.6903946129915,345.6558878873323,347.5213467300921,Up,19
2025-09-18 09:30:00,347.7,348.0,347.7,348.0,348.48359898535364,348.6633203144428,345.6792123859658,347.5213467300921,Up,9
2025-09-18 09:40:00,348.0,348.6,348.0,348.5,348.4850899866851,348.6569155962294,345.7072799244139,347.5213467300921,Up,46
2025-09-18 09:50:00,348.5,348.8,348.4,348.4,348.47735453335014,348.64684047480864,345.73407315899686,347.5213467300921,Up,11
2025-09-18 10:00:00,348.4,348.7,348.3,348.3,348.4612313939547,348.6332388875613,345.7596047693551,347.5213467300921,Up,18
2025-09-18 10:10:00,348.3,348.4,348.2,348.4,348.45566490359516,348.6240922645197,345.78587735871474,347.5213467300921,Up,2
2025-09-18 10:20:00,348.4,348.6,348.3,348.3,348.44151354872287,348.6113827639503,345.8108935043992,347.5213467300921,Up,7
2025-09-18 10:30:00,348.5,348.5,348.1,348.1,348.4104668624753,348.591328537913,345.8336706834599,347.5213467300921,Up,9
2025-09-18 10:40:00,348.1,348.2,347.9,347.9,348.36406078406844,348.56421761485757,345.8542311741718,347.5213467300921,Up,7
2025-09-18 10:50:00,347.9,348.0,347.5,347.5,348.2855098036986,348.52248359074554,345.87060698338405,349.814921498075,Down,8
2025-09-18 11:00:00,347.5,347.5,346.7,347.1,348.1777361851805,348.4666999205202,345.8828397497186,349.2681104527955,Down,36
2025-09-18 11:10:00,347.1,347.2,347.1,347.2,348.0888510774368,348.4170254138332,345.89594582186066,349.1573731389049,Down,11
2025-09-18 11:20:00,347.2,347.7,347.2,347.7,348.053500979488,348.3889067701535,345.9138966097029,349.1573731389049,Down,8
2025-09-18 11:30:00,347.7,347.9,347.2,347.2,347.9759099813527,348.3422829752455,345.9266936583625,349.1573731389049,Down,6
2025-09-18 11:40:00,347.2,347.2,347.0,347.0,347.8871908921388,348.28964442719666,345.93737332345347,349.06256434177686,Down,1
2025-09-18 11:50:00,347.0,347.1,346.6,346.8,347.7883553564898,348.2312269986792,345.94595667346886,348.81596758343346,Down,18
2025-09-18 12:00:00,346.8,347.0,346.6,346.6,347.6803230513543,348.1672573124565,345.9524645672652,348.7326978031213,Down,17
2025-09-18 12:10:00,346.6,346.8,346.1,346.7,347.59120277395846,348.1097178100073,345.95990273077507,348.4615434573831,Down,53
2025-09-18 12:20:00,346.7,346.7,346.2,346.2,347.4647297945077,348.0348269154972,345.96229175832957,348.4604940521664,Down,18
2025-09-18 12:30:00,346.2,346.5,346.2,346.3,347.3588452677343,347.9667944874385,345.9656520393412,348.2868127746967,Down,3
2025-09-18 12:40:00,346.3,346.6,346.3,346.6,347.2898593343039,347.91319470361736,345.97196395934776,348.2868127746967,Down,7
2025-09-18 12:50:00,346.6,346.6,346.2,346.4,347.20896303118536,347.85385373484803,345.97622302442886,348.2452998137989,Down,11
2025-09-18 13:00:00,346.4,346.8,346.4,346.8,347.17178457380487,347.81252613740304,345.9844198102554,348.2452998137989,Down,16
2025-09-18 13:10:00,346.8,346.8,346.5,346.5,347.1107132489135,347.7610545241715,345.9895499613972,348.2452998137989,Down,6
2025-09-18 13:20:00,346.5,347.3,346.5,347.3,347.1279211353759,347.7429739545962,346.0025892652639,348.2452998137989,Down,13
2025-09-18 13:30:00,347.3,347.3,346.9,347.3,347.14356466852354,347.725602426965,346.0154988248135,348.2452998137989,Down,9
2025-09-18 13:40:00,347.3,347.3,347.1,347.1,347.1396042441123,347.7010689984566,346.02628988128305,348.2452998137989,Down,11
2025-09-18 13:50:00,347.1,347.7,347.1,347.7,347.1905493128294,347.7010270769485,346.0429437133101,348.2452998137989,Down,4
2025-09-18 14:00:00,347.7,347.7,347.1,347.1,347.1823175571176,347.67745738765643,346.053461686312,348.2452998137989,Down,9
2025-09-18 14:10:00,347.1,347.3,347.1,347.1,347.1748341428342,347.65481199990523,346.06387500286615,348.2452998137989,Down,6
2025-09-18 14:20:00,347.1,347.6,347.1,347.3,347.186212857122,347.6408978038305,346.0761747540814,348.2452998137989,Down,8
2025-09-18 14:30:00,347.3,347.3,347.0,347.2,347.1874662337472,347.6236076938764,346.0873570948368,348.2452998137989,Down,10
2025-09-18 14:40:00,347.2,348.6,347.2,348.6,347.31587839431563,347.66189758823424,346.1123585167788,345.80182102556296,Up,43
2025-09-18 14:50:00,348.6,348.7,348.2,348.4,347.4144349039233,347.69084278085256,346.1351211186019,346.36074638687546,Up,19
2025-09-18 15:00:00,348.4,348.4,348.0,348.0,347.4676680944757,347.70296659336816,346.153677127372,346.36074638687546,Up,8
2025-09-18 15:10:00,348.0,348.1,347.7,348.0,347.5160619040688,347.71461496225567,346.17204849923894,346.36074638687546,Up,19
2025-09-18 15:20:00,348.0,348.0,348.0,348.0,347.56005627642617,347.72580653236326,346.1902370713858,346.36074638687546,Up,4
2025-09-18 15:30:00,348.0,348.4,348.0,348.4,347.63641479675107,347.75224549187845,346.2122247622178,346.39806460410864,Up,16
2025-09-18 15:40:00,348.4,348.5,348.3,348.3,347.69674072431917,347.77372606082446,346.2329986451808,346.6891496400987,Up,12
2025-09-18 15:50:00,348.3,348.6,348.2,348.6,347.7788552039265,347.8061289604,346.2565508974676,346.6992269455443,Up,29
2025-09-18 16:00:00,348.6,349.0,348.5,349.0,347.88986836720596,347.85294743254116,346.28384889848786,347.0220244959494,Up,15
2025-09-18 16:10:00,349.0,349.1,348.6,348.6,347.95442578836906,347.8822436116572,346.3068951781049,347.09729499631766,Up,11
2025-09-18 16:20:00,348.6,349.1,347.3,347.3,347.8949325348809,347.85941052884715,346.3167768181238,347.09729499631766,Up,23
2025-09-18 16:30:00,347.3,347.4,347.3,347.3,347.84084775898265,347.83747286104926,346.32656013336634,347.09729499631766,Up,4
2025-09-18 16:40:00,347.3,348.1,347.3,347.7,347.82804341725694,347.8320817684591,346.34022620169105,347.09729499631766,Up,24
2025-09-18 16:50:00,347.7,347.9,346.5,346.5,347.70731219750627,347.7798432677352,346.34181599072895,349.4299214906466,Down,20
2025-09-18 17:00:00,346.5,348.9,346.5,348.7,347.7975565431875,347.8159278454711,346.36528050823415,349.4299214906466,Down,51
2025-09-18 17:10:00,348.7,348.7,347.6,348.4,347.8523241301705,347.8388326358448,346.3855264733263,349.4299214906466,Down,10
2025-09-18 17:20:00,348.4,348.4,348.1,348.2,347.8839310274277,347.8529960618901,346.40358093627833,349.4299214906466,Down,2
2025-09-18 17:30:00,348.2,349.1,347.5,347.5,347.84902820675245,347.8391530790709,346.41449057870346,349.4299214906466,Down,39
2025-09-18 17:40:00,347.5,349.0,347.5,349.0,347.9536620061386,347.8846764877348,346.4402170406069,349.4299214906466,Down,11
2025-09-18 17:50:00,349.0,349.0,347.8,348.0,347.95787455103505,347.88919897841186,346.4557372690586,349.4299214906466,Down,3
2025-09-18 18:00:00,348.0,348.0,347.2,347.2,347.88897686457733,347.86217156749376,346.46314286837145,349.4299214906466,Down,16
2025-09-18 18:10:00,347.2,347.5,346.6,347.0,347.8081607859794,347.82836091778813,346.4684847303777,349.4299214906466,Down,51
2025-09-18 18:20:00,347.0,347.3,346.7,346.8,347.71650980543586,347.7880330386592,346.47178338977693,349.4299214906466,Down,17
2025-09-18 18:30:00,346.8,348.2,346.0,346.5,347.60591800494166,347.73752193910394,346.47206415206773,349.4299214906466,Down,59
2025-09-18 18:40:00,346.5,346.9,346.0,346.5,347.5053800044924,347.6889916669822,346.4723421207039,349.4299214906466,Down,63
2025-09-18 18:50:00,346.5,346.6,346.0,346.4,347.4048909131749,347.6384429741594,346.4716222986074,349.4299214906466,Down,23
2025-09-18 19:00:00,346.4,347.0,346.1,346.1,347.28626446652265,347.5781118771335,346.4679245642929,349.4299214906466,Down,47
2025-09-18 19:10:00,346.1,346.1,345.5,345.9,347.16024042411146,347.5123035682263,346.4622735736034,349.4299214906466,Down,79
2025-09-18 19:20:00,345.9,346.5,345.8,345.8,347.0365822037377,347.44515440868804,346.4556837868014,349.4299214906466,Down,29
2025-09-18 19:30:00,345.8,346.5,345.7,345.8,346.9241656397615,347.38063854952384,346.44915957001734,349.4299214906466,Down,18
2025-09-18 19:40:00,345.8,346.5,345.8,346.5,346.8856051270559,347.34610370444443,346.4496654449426,349.4299214906466,Down,6
2025-09-18 19:50:00,346.5,346.5,346.3,346.3,346.83236829732357,347.30508002976035,346.4481762365352,349.4299214906466,Down,4
2025-09-18 20:00:00,346.0,346.0,341.8,342.7,346.4566984521123,347.12448865604426,346.4108809505995,348.49762063590407,Down,583
2025-09-18 20:10:00,342.6,343.0,342.0,342.4,346.0879076837384,346.93921459110135,346.3709716874095,347.04329148718557,Down,103
2025-09-18 20:20:00,342.4,342.7,342.0,342.4,345.7526433488531,346.7612061757641,346.3314595313159,346.734810442896,Down,118
2025-09-18 20:30:00,342.4,342.7,342.0,342.2,345.42967577168463,346.58233534534196,346.29035048125303,346.59073676626906,Down,72
2025-09-18 20:40:00,342.2,342.9,342.2,342.4,345.15425070153145,346.41832219454426,346.25164052621574,346.59073676626906,Down,39
2025-09-18 20:50:00,342.5,342.7,342.2,342.7,344.93113700139224,346.27250563789545,346.21630081948723,346.36796426964383,Down,27
2025-09-18 21:00:00,342.7,342.7,342.3,342.5,344.7101245467202,346.1245642403309,346.17932270188044,346.2072402451308,Down,36
2025-09-18 21:10:00,342.5,342.5,340.4,340.4,344.31829504247287,345.90007152502386,346.12181700335424,345.5838547683007,Down,180
2025-09-18 21:20:00,340.4,341.0,340.3,341.0,344.0166318567935,345.7079118573759,346.07085365008703,344.6625952439097,Down,55
2025-09-18 21:30:00,341.0,341.0,340.6,340.6,343.70602896072137,345.50760158845924,346.0164172953598,344.5932684035543,Down,45
2025-09-18 21:40:00,340.6,341.5,340.5,341.1,343.4691172370194,345.3347544673432,345.96749772028164,344.5932684035543,Down,47
2025-09-18 21:50:00,341.1,341.5,341.0,341.3,343.2719247609267,345.1765288019572,345.9210549568958,344.5932684035543,Down,16
2025-09-18 22:00:00,341.3,341.7,341.1,341.1,343.0744770553879,345.01666492737064,345.8730842608073,344.5932684035543,Down,34
2025-09-18 22:10:00,341.1,341.5,340.5,341.1,342.8949791412617,344.8630702243365,345.8255908850779,344.57630517283945,Down,40
2025-09-18 22:20:00,341.1,341.8,341.1,341.4,342.7590719466015,344.7272635488724,345.7815551548781,344.57630517283945,Down,41
2025-09-18 22:30:00,341.4,341.4,341.0,341.4,342.63551995145593,344.59678262538716,345.73795759114796,344.5324836139169,Down,26
2025-09-18 22:40:00,341.4,341.5,340.5,340.5,342.4413817740508,344.43612448321517,345.6858386101415,344.39316692174265,Down,57
2025-09-18 22:50:00,340.5,341.0,340.3,340.6,342.27398343095524,344.2856882289715,345.6352332508366,343.98924265612965,Down,44
2025-09-18 23:00:00,340.6,341.0,340.4,340.8,342.13998493723204,344.1489945729334,345.5871214771965,343.9538569601179,Down,85
2025-09-18 23:10:00,340.8,341.3,340.4,340.4,341.98180448839275,344.00197517791645,345.53550832816967,343.9538569601179,Down,44
2025-09-18 23:20:00,341.3,341.3,340.5,340.6,341.8561858985389,343.8685643866256,345.486398792566,343.9538569601179,Down,80
2025-09-19 09:00:00,340.1,341.3,340.1,341.2,341.79653263503536,343.7639148028364,345.44374805831166,343.9538569601179,Down,94
2025-09-19 09:10:00,341.2,341.4,340.7,340.7,341.69684785003216,343.64376128115657,345.39654658509465,343.9538569601179,Down,43
2025-09-19 09:20:00,340.7,341.0,340.4,340.7,341.60622531821105,343.5283196622877,345.34981477827785,343.9538569601179,Down,47
2025-09-19 09:30:00,340.7,340.7,340.1,340.5,341.50565938019184,343.4095620284725,345.3015579148124,343.6182032456787,Down,40
2025-09-19 09:40:00,340.5,340.5,340.2,340.2,341.38696307290166,343.28369685088535,345.2507961445158,343.3847302233443,Down,19
2025-09-19 09:50:00,340.2,340.5,340.1,340.1,341.2699664299106,343.1588459939879,345.19954444158526,343.2043002030403,Down,29
2025-09-19 10:00:00,340.1,340.4,340.0,340.4,341.190878572646,343.050655955008,345.15178778047493,342.98572745730934,Down,35
2025-09-19 10:10:00,340.4,340.4,340.4,340.4,341.11898052058723,342.94670866265477,345.10450631002243,342.9324795066448,Down,3
2025-09-19 10:20:00,340.4,340.9,340.4,340.8,341.08998229144294,342.86252400921734,345.06167540146504,342.9324795066448,Down,17
2025-09-19 10:30:00,340.8,341.0,340.8,341.0,341.08180208312996,342.78948385199317,345.02126072085343,342.9324795066448,Down,36
2025-09-19 10:40:00,341.0,341.0,340.7,340.7,341.04709280284544,342.70754330877776,344.9782631017405,342.9324795066448,Down,21
2025-09-19 10:50:00,340.7,340.7,340.6,340.6,341.0064480025868,342.62489455157083,344.934698294758,342.71196264370246,Down,10
2025-09-19 11:00:00,340.6,340.8,340.6,340.8,340.9876800023516,342.5533300593524,344.8935570181933,342.6472387670023,Down,9
2025-09-19 11:10:00,340.5,340.5,340.4,340.4,340.9342545475924,342.4688857432994,344.848845008062,342.3656716063657,Down,11
2025-09-19 11:20:00,340.4,340.5,340.3,340.5,340.8947768614476,342.3916745376798,344.80557291842956,342.2142469148779,Down,20
2025-09-19 11:30:00,340.5,341.1,340.4,340.4,340.8497971467705,342.3135696538493,344.7617363719775,342.2142469148779,Down,20
2025-09-19 11:40:00,340.4,340.5,340.4,340.5,340.817997406155,342.242449275267,344.7193310349429,342.2142469148779,Down,2
2025-09-19 11:50:00,340.5,340.8,340.4,340.4,340.779997641959,342.1701963625115,344.67635261668477,342.2142469148779,Down,11
2025-09-19 12:00:00,340.4,340.4,340.4,340.4,340.74545240178094,342.100776897315,344.63380184437943,341.99268281871315,Down,0
2025-09-19 12:10:00,340.4,340.7,340.4,340.6,340.73222945616453,342.0419229013419,344.59366451259456,341.99268281871315,Down,7
2025-09-19 12:20:00,340.6,340.6,340.3,340.6,340.7202085965132,341.98537690521084,344.55392655724535,341.97453125513493,Down,11
2025-09-19 12:30:00,340.6,340.6,339.9,339.9,340.64564417864835,341.903597418732,344.5076188303076,341.89048295921356,Down,59
2025-09-19 12:40:00,339.9,340.0,339.6,339.6,340.550585616953,341.8132602650562,344.4587868021453,341.4368026901941,Down,21
2025-09-19 12:50:00,339.6,339.7,339.3,339.3,340.43689601541183,341.7147010389756,344.4074555901837,341.13345699108555,Down,20
2025-09-19 13:00:00,339.3,339.6,339.3,339.6,340.36081455946527,341.63177158646675,344.3596202111769,341.0440518100778,Down,4
2025-09-19 13:10:00,339.6,339.8,339.6,339.6,340.29164959951385,341.5520942693504,344.31226080609053,341.0440518100778,Down,37
2025-09-19 13:20:00,339.6,339.9,339.6,339.8,340.2469541813762,341.48338469016016,344.267362688617,341.0440518100778,Down,2
2025-09-19 13:30:00,339.8,340.0,339.8,340.0,340.2245038012511,341.4252127415264,344.22490136833227,341.0440518100778,Down,8
2025-09-19 13:40:00,340.0,340.2,339.9,340.2,340.22227618295557,341.3771651830352,344.18485259849814,341.0440518100778,Down,11
2025-09-19 13:50:00,340.2,340.2,339.8,339.8,340.18388743905047,341.31531556801417,344.14122222438374,341.0440518100778,Down,7
2025-09-19 14:00:00,339.9,339.9,339.6,339.6,340.13080676277315,341.2480482908372,344.09603593359384,341.0440518100778,Down,13
2025-09-19 14:10:00,339.6,339.6,339.5,339.6,340.08255160252105,341.18341894609847,344.05129925763765,340.8641730270021,Down,21
2025-09-19 14:20:00,339.6,339.6,339.0,339.1,339.9932287295646,341.1017162423299,344.0020325983577,340.7128845700019,Down,29
2025-09-19 14:30:00,339.1,339.1,338.3,338.3,339.8392988450587,340.9918450171405,343.94529595558794,340.2753496090927,Down,47
2025-09-19 14:40:00,338.5,338.7,338.3,338.7,339.7357262227806,340.9019687419585,343.8931039560299,340.0775905537206,Down,41
2025-09-19 14:50:00,338.7,338.8,338.5,338.7,339.64156929343693,340.8156170265876,343.84143127985055,340.0775905537206,Down,15
2025-09-19 15:00:00,338.7,338.7,338.6,338.6,339.54688117585175,340.72873008436846,343.78927773477744,340.0775905537206,Down,23
2025-09-19 15:10:00,338.6,338.8,338.6,338.6,339.46080106895613,340.6452504732167,343.7376431304513,340.0775905537206,Down,10
2025-09-19 15:20:00,338.6,339.5,338.6,338.8,339.40072824450556,340.5728877095612,343.6885123530339,340.0775905537206,Down,15
2025-09-19 15:30:00,338.8,339.2,338.8,339.0,339.36429840409596,340.511205838598,343.64186048882465,340.0775905537206,Down,6
2025-09-19 15:40:00,339.0,339.2,338.8,338.8,339.31299854917813,340.4440997272805,343.5936827725179,340.0775905537206,Down,28
2025-09-19 15:50:00,338.8,338.9,338.5,338.5,339.2390895901619,340.3678605222891,343.5429993618461,340.0775905537206,Down,22
2025-09-19 16:00:00,338.5,338.6,337.8,337.8,339.1082632637835,340.2671601096503,343.485855089589,339.9337874541902,Down,76
2025-09-19 16:10:00,337.8,337.8,337.2,337.5,338.96205751253046,340.158644026919,343.4262943424289,339.29435223108203,Down,36
2025-09-19 16:20:00,337.5,337.5,337.2,337.5,338.8291431932095,340.0543834768437,343.3673262395191,339.0903202100746,Down,37
2025-09-19 16:30:00,337.5,338.4,337.5,338.3,338.7810392665541,339.98558412481066,343.316905082907,339.0903202100746,Down,27
2025-09-19 16:40:00,338.3,339.3,338.3,339.0,338.8009447877764,339.94693376697495,343.2739508034751,339.0903202100746,Down,16
2025-09-19 16:50:00,339.0,339.4,338.5,339.1,338.8281316252513,339.913720678074,343.2324189546843,337.4670817883201,Up,19
2025-09-19 17:00:00,339.1,340.2,339.0,340.0,338.9346651138648,339.9171041808946,343.20025558200086,337.4670817883201,Up,178
2025-09-19 17:10:00,340.0,340.5,339.8,340.4,339.06787737624074,339.93604127183994,343.17239234237894,337.65094801642056,Up,91
2025-09-19 17:20:00,340.4,340.4,339.1,339.1,339.0707976147643,339.90325533961095,343.1318710255394,337.65094801642056,Up,26
2025-09-19 17:30:00,339.1,340.4,339.0,339.3,339.09163419524026,339.87959826746936,343.09374295563356,337.65094801642056,Up,43
2025-09-19 17:40:00,339.3,339.6,339.0,339.0,339.08330381385474,339.8451042177647,343.053009194881,337.65094801642056,Up,12
2025-09-19 17:50:00,339.0,339.4,338.2,339.0,339.07573073986794,339.8119628758916,343.0126807451807,337.65094801642056,Up,30
2025-09-19 18:00:00,339.0,339.0,336.5,337.5,338.932482490789,339.7212976650723,342.9578282004525,341.4931819632163,Down,294
2025-09-19 18:10:00,337.5,339.9,337.2,339.9,339.02043862799,339.72830559977535,342.92740204920426,341.4931819632163,Down,209
2025-09-19 18:20:00,339.9,339.9,338.7,339.2,339.0367623890818,339.7075877331175,342.8903134716002,341.4931819632163,Down,80
2025-09-19 18:30:00,339.2,340.6,338.9,339.2,339.0516021718925,339.6876823318188,342.85359393456935,341.4931819632163,Down,72
2025-09-19 18:40:00,339.2,339.5,339.0,339.3,339.0741837926296,339.67247910312005,342.8182347909418,341.4931819632163,Down,25
2025-09-19 18:50:00,339.3,339.6,339.0,339.5,339.112894356936,339.6657152167232,342.7852175293404,341.4931819632163,Down,62
2025-09-19 19:00:00,339.5,340.3,339.5,339.5,339.1480857790327,339.65921658077326,342.7525287977052,341.4931819632163,Down,17
2025-09-19 19:10:00,339.5,341.6,339.5,341.6,339.37098707184794,339.7353257344684,342.74106084946936,336.0367536169225,Up,144
2025-09-19 19:20:00,341.6,341.9,341.1,341.6,339.5736246107708,339.80845021546963,342.7297070101712,337.10613965174775,Up,78
2025-09-19 19:30:00,341.6,342.6,341.1,342.4,339.8305678279735,339.91007961878455,342.7264263434033,337.3101269561343,Up,111
2025-09-19 19:40:00,342.4,343.5,342.0,342.4,340.06415257088497,340.00772355530285,342.7231783200859,338.0773881419403,Up,76
2025-09-19 19:50:00,342.4,343.0,342.0,342.6,340.29468415534996,340.1093814550949,342.7219526651597,338.0773881419403,Up,51
2025-09-19 20:00:00,342.6,342.6,341.7,341.8,340.43153105031814,340.1756802215617,342.7127790067999,338.0773881419403,Up,15
2025-09-19 20:10:00,341.8,342.0,341.8,341.8,340.555937318471,340.2393790364024,342.7036966286228,338.0773881419403,Up,5
2025-09-19 20:20:00,341.8,342.3,340.8,341.0,340.59630665315547,340.26920730948467,342.6867444233629,338.0773881419403,Up,63
2025-09-19 20:30:00,341.0,341.3,341.0,341.1,340.642096957414,340.3017874149951,342.6709559216379,338.0773881419403,Up,25
2025-09-19 20:40:00,341.1,341.1,340.5,340.8,340.6564517794673,340.32132516342665,342.65233944480576,338.0773881419403,Up,17
2025-09-19 20:50:00,340.8,340.9,340.6,340.6,340.6513197995157,340.33225358839036,342.6319181567978,338.0773881419403,Up,13
2025-09-19 21:00:00,340.6,340.8,340.5,340.8,340.6648361813779,340.35059658492406,342.61369011543667,338.0773881419403,Up,19
2025-09-19 21:10:00,340.8,340.8,339.7,340.3,340.6316692557981,340.34861240512316,342.5906683232433,338.0773881419403,Up,65
2025-09-19 21:20:00,340.3,341.1,340.1,340.8,340.64697205072554,340.3663138794321,342.57285072798715,338.0773881419403,Up,19
2025-09-19 21:30:00,340.8,340.8,340.3,340.3,340.6154291370232,340.3637133351407,342.55023529785797,338.0773881419403,Up,12
2025-09-19 21:40:00,340.3,340.3,339.6,339.8,340.54129921547565,340.3416069298411,342.52286977250617,338.0773881419403,Up,16
2025-09-19 21:50:00,339.8,340.3,339.7,340.3,340.5193629231597,340.3399752855336,342.50075166531707,338.0773881419403,Up,16
2025-09-19 22:00:00,340.3,340.3,339.0,339.0,340.3812390210542,340.28742723512056,342.46591831541343,338.0773881419403,Up,40
2025-09-19 22:10:00,339.0,339.0,338.1,338.2,340.1829445645947,340.2055673435472,342.4234713670014,338.0773881419403,Up,149
2025-09-19 22:20:00,338.2,338.4,338.0,338.4,340.0208586950861,340.13476078105515,342.38343682603625,338.0773881419403,Up,51
2025-09-19 22:30:00,338.4,338.5,338.1,338.2,339.8553260864419,340.0588878092491,342.34181058896127,338.0773881419403,Up,37
2025-09-19 22:40:00,338.2,338.6,338.1,338.6,339.741205533129,340.00167652261183,342.3045786428025,338.0773881419403,Up,12
2025-09-19 22:50:00,338.6,338.6,338.0,338.0,339.58291412102636,339.92317940407804,342.2617470145159,341.28254464852347,Down,8
2025-09-19 23:00:00,338.1,339.3,338.1,338.7,339.5026492009331,339.87521158431025,342.2263067457148,341.28254464852347,Down,40
2025-09-19 23:10:00,338.7,339.0,338.7,338.8,339.43877200084825,339.83304642414123,342.1922141412798,341.28254464852347,Down,45
2025-09-19 23:20:00,338.8,339.5,338.7,338.9,339.38979272804386,339.7964563682926,342.15945579161536,341.28254464852347,Down,43
2025-09-22 09:00:00,343.5,343.5,339.8,340.7,339.50890248003986,339.83188945188897,342.1449338434401,341.28254464852347,Down,77
2025-09-22 09:10:00,340.7,340.9,340.4,340.8,339.6262749818544,339.86985457142276,342.1315514171373,341.28254464852347,Down,41
2025-09-22 09:20:00,340.8,341.2,340.8,341.2,339.76934089259487,339.9220171372493,342.1222822488076,341.28254464852347,Down,31
2025-09-22 09:30:00,341.2,341.2,340.7,340.7,339.8539462659954,339.9525262691219,342.10813018663043,341.28254464852347,Down,40
2025-09-22 09:40:00,340.7,341.0,340.7,340.7,339.930860241814,339.9818389644505,342.09411894099236,341.28254464852347,Down,16
2025-09-22 09:50:00,340.7,340.9,340.5,340.5,339.9826002198309,340.0021590050603,342.0782570609825,341.28254464852347,Down,31
2025-09-22 10:00:00,340.5,340.9,340.5,340.7,340.04781838166446,340.0295253185874,342.06454306037574,341.28254464852347,Down,14
2025-09-22 10:10:00,340.7,340.8,340.5,340.5,340.08892580151314,340.0479753060938,342.0489754677352,341.28254464852347,Down,25
2025-09-22 10:20:00,340.5,340.9,340.5,340.8,340.1535689104665,340.07746647056075,342.0365478511409,341.28254464852347,Down,7
2025-09-22 10:30:00,340.8,340.8,340.0,340.2,340.1577899186059,340.08227170700934,342.01827374316935,341.28254464852347,Down,22
2025-09-22 10:40:00,340.2,340.2,340.0,340.2,340.1616271987326,340.0868885028129,342.00018146711795,341.28254464852347,Down,18
2025-09-22 10:50:00,340.2,340.2,340.1,340.2,340.16511563521146,340.09132424780057,341.98226921371383,341.28254464852347,Down,11
2025-09-22 11:00:00,340.2,340.3,340.1,340.3,340.1773778501922,340.099507610632,341.96553021656246,341.28254464852347,Down,11
2025-09-22 11:10:00,340.3,340.3,340.3,340.3,340.18852531835654,340.1073700572739,341.94895777659667,341.28254464852347,Down,0
2025-09-22 11:20:00,340.3,340.3,340.1,340.2,340.1895684712332,340.1110026040474,341.93155521165545,341.28254464852347,Down,13
2025-09-22 11:30:00,340.2,340.3,340.2,340.2,340.19051679203017,340.11449269800636,341.91432580656436,341.28254464852347,Down,11
2025-09-22 11:40:00,340.2,340.3,340.1,340.3,340.2004698109365,340.121767494163,341.8982628632155,341.28254464852347,Down,5
2025-09-22 11:50:00,340.6,341.2,340.6,341.2,340.2913361917604,340.1640511218429,341.89131497402934,341.28254464852347,Down,28
2025-09-22 12:00:00,341.2,341.9,341.2,341.8,340.4284874470549,340.2282059798098,341.8904063673226,339.5262362079012,Up,26
2025-09-22 12:10:00,341.8,341.8,341.3,341.3,340.507715860959,340.2702371178565,341.8845316771005,339.5283965526375,Up,23
2025-09-22 12:20:00,341.3,341.8,341.3,341.8,340.62519623723546,340.330227819117,341.88369056588556,339.53036050239774,Up,15
2025-09-22 12:30:00,341.9,341.9,341.5,341.6,340.71381476112316,340.3800228066026,341.8808677741852,339.7185095476343,Up,25
2025-09-22 12:40:00,341.6,341.9,341.6,341.6,340.7943770555665,340.42786504948094,341.8780730699645,339.839554134213,Up,12
2025-09-22 12:50:00,341.6,341.7,341.6,341.7,340.87670641415133,340.4777526945993,341.87630119862155,339.8768673947391,Up,12
2025-09-22 13:00:00,341.7,341.7,341.7,341.7,340.95155128559213,340.52568396147774,341.87454695783924,340.0880612679446,Up,4
2025-09-22 13:10:00,341.7,341.7,341.4,341.5,341.0014102596292,340.56389243357665,341.87082012243786,340.0880612679446,Up,8
2025-09-22 13:20:00,341.5,341.6,341.3,341.6,341.05582750875385,340.60452410284813,341.86812539485146,340.0880612679446,Up,17
2025-09-22 13:30:00,341.6,341.8,341.4,341.4,341.08711591704895,340.63571923606975,341.8634674307236,340.0880612679446,Up,13
2025-09-22 13:40:00,341.4,341.6,341.4,341.4,341.11555992458995,340.6656910307337,341.8588558144975,340.0880612679446,Up,7
2025-09-22 13:50:00,341.4,341.8,341.4,341.8,341.17778174962723,340.71017373541076,341.8582701845025,340.1108600803128,Up,11
2025-09-22 14:00:00,341.8,342.0,341.7,342.0,341.25252886329747,340.76075515755156,341.8596804314229,340.3871455275571,Up,14
2025-09-22 14:10:00,342.0,342.5,342.0,342.4,341.3568444211795,340.8250392690201,341.8650567455381,340.738314115961,Up,45
2025-09-22 14:20:00,342.4,342.5,342.2,342.5,341.4607676556177,340.8907240035684,341.87137458886605,340.8666491963282,Up,9
2025-09-22 14:30:00,342.5,342.7,342.1,342.1,341.5188796869252,340.9381465916638,341.87364946857883,340.8666491963282,Up,37
2025-09-22 14:40:00,342.1,342.5,342.1,342.3,341.58989062447745,340.99155260767697,341.8778917624238,340.8666491963282,Up,16
2025-09-22 14:50:00,342.3,342.3,341.4,341.4,341.57262784043405,341.00757015247393,341.8731366205092,340.8666491963282,Up,85
2025-09-22 15:00:00,341.4,341.4,340.3,340.4,341.4660253094855,340.9837438719848,341.8584785446832,342.8448028165233,Down,37
2025-09-22 15:10:00,340.4,340.7,339.4,339.8,341.3145684631686,340.93732254367166,341.83799617110424,342.33618437865755,Down,100
2025-09-22 15:20:00,339.8,339.8,339.1,339.2,341.12233496651686,340.8691922478414,341.8117474529838,341.78289488968875,Down,64
2025-09-22 15:30:00,339.2,339.4,339.0,339.3,340.956668151379,340.80765529694565,341.78675494101384,341.46626808153513,Down,22
2025-09-22 15:40:00,339.3,339.5,339.2,339.5,340.8242437739809,340.75637469706544,341.76400116050627,341.46626808153513,Down,16
2025-09-22 15:50:00,339.5,339.6,339.2,339.2,340.6765852490735,340.6953403952198,341.73848871114797,341.46626808153513,Down,33
2025-09-22 16:00:00,339.2,339.3,338.8,339.1,340.53325931733957,340.6327780267798,341.7122350921316,341.1568881153533,Down,69
2025-09-22 16:10:00,339.1,339.1,337.3,337.3,340.2393266521269,340.5020808492591,341.668332255394,340.76989828668485,Down,122
2025-09-22 16:20:00,337.3,337.5,337.1,337.1,339.95393332011537,340.36866591399405,341.62287621305177,339.78172571516797,Down,71
2025-09-22 16:30:00,337.1,337.6,337.0,337.4,339.7217575637412,340.25224764285707,341.5808575442652,339.7742961046982,Down,109
2025-09-22 16:40:00,337.4,337.4,337.1,337.1,339.48341596703744,340.12863008823524,341.53627189705855,339.60845100427105,Down,72
2025-09-22 16:50:00,337.1,337.4,336.4,336.5,339.21219633367036,339.98633086908876,341.4861597388789,339.4076827311555,Down,100
2025-09-22 17:00:00,336.5,337.4,336.5,337.1,339.0201784851549,339.8731414232422,341.44251635839254,339.4076827311555,Down,34
2025-09-22 17:10:00,337.1,337.4,336.9,337.2,338.8547077137772,339.768312347821,341.4003022652742,339.4076827311555,Down,36
2025-09-22 17:20:00,337.2,337.3,336.6,336.6,338.649734285252,339.6440648047692,341.3525380636297,339.4076827311555,Down,28
2025-09-22 17:30:00,336.6,337.5,336.1,337.3,338.52703116841093,339.55214069477825,341.31221430180256,339.4076827311555,Down,244
2025-09-22 17:40:00,337.3,338.8,337.3,338.5,338.52457378946445,339.51088027537514,341.2842320699438,339.4076827311555,Down,210
2025-09-22 17:50:00,338.5,339.5,338.4,338.8,338.5496125358768,339.48300261751734,341.2595133428797,339.4076827311555,Down,211
2025-09-22 18:00:00,339.5,340.5,339.2,339.2,338.6087386689789,339.47190447565396,341.2390206728013,339.4076827311555,Down,193
2025-09-22 18:10:00,339.2,339.2,337.0,337.0,338.4624896990717,339.37496704523613,341.19684136262424,339.4076827311555,Down,163
2025-09-22 18:20:00,337.0,338.8,337.0,338.5,338.46589972642874,339.3406546120896,341.1700071202101,339.4076827311555,Down,116
2025-09-22 18:30:00,338.8,339.3,337.5,337.6,338.3871815694807,339.2723936469097,341.1344846613025,339.4076827311555,Down,142
2025-09-22 18:40:00,337.6,338.0,337.4,337.5,338.30652869952786,339.20288801369753,341.0983206348219,339.4076827311555,Down,18
2025-09-22 18:50:00,337.5,338.3,337.3,337.3,338.2150260904799,339.1282649543369,341.0605263996496,339.4076827311555,Down,22
2025-09-22 19:00:00,337.3,337.9,336.7,337.2,338.12275099134536,339.05264672083354,341.0221132016431,339.4076827311555,Down,83
2025-09-22 19:10:00,337.2,338.0,337.2,337.2,338.03886453758673,338.97999390825186,340.98408222451235,339.4076827311555,Down,52
2025-09-22 19:20:00,337.2,337.3,336.7,336.7,337.9171495796243,338.890582382438,340.9414545406864,339.4076827311555,Down,25
2025-09-22 19:30:00,336.7,337.4,336.5,337.0,337.833772345113,338.8164418968522,340.90223608754525,339.4076827311555,Down,60
2025-09-22 19:40:00,337.0,337.3,336.1,336.1,337.67615667737545,338.70991476364236,340.8544526438881,339.4076827311555,Down,56
2025-09-22 19:50:00,336.1,336.3,335.7,335.7,337.4965060703413,338.59187889055835,340.8031645578793,339.4076827311555,Down,76
2025-09-22 20:00:00,335.7,336.1,335.4,335.6,337.32409642758296,338.4745503066149,340.7513917762089,339.4076827311555,Down,75
2025-09-22 20:10:00,335.6,336.2,335.4,336.2,337.2219058432572,338.3853522553751,340.7061042958486,339.4076827311555,Down,63
2025-09-22 20:20:00,336.2,336.2,335.5,335.7,337.08355076659745,338.2800443237918,340.65629231280536,339.4076827311555,Down,42
2025-09-22 20:30:00,335.7,335.7,333.0,333.7,336.7759552423613,338.10043474246663,340.58707547387195,338.71326659736803,Down,214
2025-09-22 20:40:00,333.7,333.7,332.0,333.2,336.4508684021466,337.90826083099734,340.513572235326,337.4347878157891,Down,389
2025-09-22 20:50:00,333.1,333.3,332.9,333.0,336.13715309286056,337.7157800140955,340.4388103225367,337.41344346889923,Down,92
2025-09-22 21:00:00,333.0,333.0,332.5,332.7,335.8246846298732,337.5190827586408,340.3618072347503,336.853130426272,Down,66
2025-09-22 21:10:00,332.7,333.2,332.6,332.9,335.55880420897563,337.337942258302,340.28756039659356,336.84830038751994,Down,54
2025-09-22 21:20:00,332.9,333.5,332.8,332.9,335.31709473543236,337.16390530699607,340.21405233294587,336.84830038751994,Down,38
2025-09-22 21:30:00,332.9,333.8,332.8,333.3,335.1337224867567,337.0123796086825,340.1452557923195,336.84830038751994,Down,94
2025-09-22 21:40:00,333.3,333.4,332.9,333.2,334.9579295334152,336.86287452598907,340.0761487695104,336.8391813580165,Down,34
2025-09-22 21:50:00,333.2,333.2,333.0,333.0,334.7799359394683,336.7113892504601,340.00573932901773,336.52652850728776,Down,23
2025-09-22 22:00:00,333.0,333.0,332.7,332.7,334.5908508540621,336.55407986808916,339.9330454053459,336.07411682480705,Down,13
2025-09-22 22:10:00,332.7,333.0,332.4,332.5,334.40077350369285,336.3950963438504,339.8590847545465,335.84919711346095,Down,61
2025-09-22 22:20:00,332.5,332.9,332.4,332.5,334.2279759124481,336.242347467621,339.78586003062065,335.6947246486008,Down,47
2025-09-22 22:30:00,332.5,332.6,332.4,332.4,334.0617962840437,336.0916671747732,339.7123688860374,335.34065877145537,Down,40
2025-09-22 22:40:00,332.4,332.6,332.3,332.5,333.9198148036761,335.9508174816449,339.6406040214997,335.14150797405034,Down,45
2025-09-22 22:50:00,332.5,332.5,332.1,332.1,333.75437709425097,335.79980503138427,339.56557313571363,334.8922799764094,Down,54
2025-09-22 23:00:00,332.1,332.7,332.1,332.5,333.64034281295545,335.67040091250647,339.495268925408,334.8922799764094,Down,59
2025-09-22 23:10:00,332.5,333.2,332.5,333.1,333.5912207390504,335.5696008767219,339.43163440873735,334.8922799764094,Down,53
2025-09-22 23:20:00,333.1,333.1,332.7,332.8,333.5192915809549,335.4609890776348,339.36564799671015,334.8922799764094,Down,38
2025-09-23 09:00:00,332.0,332.0,330.5,331.4,333.32662870995904,335.3017346040021,339.28638781763846,334.3634485188234,Down,114
2025-09-23 09:10:00,331.4,331.7,331.3,331.4,333.1514806454173,335.14872540384516,339.20791629706497,334.3634485188234,Down,71
2025-09-23 09:20:00,331.4,331.7,331.3,331.3,332.9831642231066,334.9977949958513,339.1292305627658,334.35078389985404,Down,37
2025-09-23 09:30:00,331.3,331.4,331.0,331.2,332.82105838464236,334.8488618587591,339.0503327462209,333.9370762725946,Down,43
2025-09-23 09:40:00,331.2,331.4,331.1,331.3,332.6827803496749,334.70969080547445,338.9732150074525,333.84734206599506,Down,16
2025-09-23 09:50:00,331.3,331.5,331.2,331.5,332.5752548633408,334.5838205778088,338.89885465911965,333.82031096908645,Down,16
2025-09-23 10:00:00,331.5,331.5,331.1,331.4,332.46841351212794,334.4589648688751,338.8242391898747,333.69119179007856,Down,31
2025-09-23 10:10:00,331.4,331.4,331.1,331.3,332.3621941019345,334.33508389362515,338.74937113823415,333.53290162734413,Down,15
2025-09-23 10:20:00,331.3,331.5,331.3,331.5,332.28381281994047,334.22390413309085,338.67723809208263,333.53290162734413,Down,76
2025-09-23 10:30:00,331.5,331.5,331.2,331.4,332.20346619994586,334.1131627945383,338.6048277628082,333.4119021713588,Down,33
2025-09-23 10:40:00,331.4,331.5,331.3,331.3,332.1213329090417,334.0028426849486,338.5321429094469,333.34718379214434,Down,20
2025-09-23 10:50:00,331.3,331.3,331.1,331.1,332.0284844627652,333.8890057169114,338.4581912387062,333.0428943564949,Down,28
2025-09-23 11:00:00,331.1,331.2,331.0,331.0,331.93498587524107,333.77571137507175,338.38398038060967,332.8480857786317,Down,15
2025-09-23 11:10:00,331.0,331.2,331.0,331.1,331.859078068401,333.6707815172258,338.3115029638872,332.7618961623925,Down,7
2025-09-23 11:20:00,331.0,331.5,331.0,331.5,331.8264346076373,333.58565283027576,338.24372681499284,332.7618961623925,Down,108
2025-09-23 11:30:00,331.5,332.5,331.5,332.5,331.8876678251248,333.54307820948065,338.1865753043959,332.7618961623925,Down,75
2025-09-23 11:40:00,332.5,332.9,332.4,332.5,331.94333438647715,333.5021731816579,338.1299924655462,332.7618961623925,Down,27
2025-09-23 11:50:00,332.5,332.5,331.5,332.1,331.9575767149792,333.44718599806345,338.0699925405159,332.7618961623925,Down,63
2025-09-23 12:00:00,332.1,332.1,331.7,331.8,331.943251559072,333.38259046872764,338.00760455503814,332.7618961623925,Down,9
2025-09-23 12:10:00,331.8,332.4,331.6,332.4,331.9847741446109,333.3440575091697,337.951807494789,332.7618961623925,Down,24
2025-09-23 12:20:00,332.4,332.8,332.3,332.3,332.01343104055536,333.3031140774376,337.89557060429365,332.7618961623925,Down,19
2025-09-23 12:30:00,332.3,332.3,332.0,332.1,332.0213009459594,333.25593313322435,337.8379032350967,332.7618961623925,Down,9
2025-09-23 12:40:00,332.1,332.3,332.0,332.2,332.0375463145085,333.21452399074496,337.781804695444,332.7618961623925,Down,10
2025-09-23 12:50:00,332.2,332.3,332.0,332.0,332.03413301318955,333.16689559895104,337.72427430046446,332.7618961623925,Down,16
2025-09-23 13:00:00,332.0,332.1,331.9,332.1,332.0401209210814,333.12505655585494,337.66831137210164,332.7618961623925,Down,9
2025-09-23 13:10:00,332.1,332.2,332.1,332.2,332.05465538280123,333.0887798281743,337.6139003136728,332.7618961623925,Down,3
2025-09-23 13:20:00,332.2,332.2,332.0,332.2,332.0678685298193,333.0539257172655,337.5600306588104,332.7618961623925,Down,9
2025-09-23 13:30:00,332.2,332.5,331.8,332.5,332.10715320892666,333.0322031401179,337.5096820950411,332.7618961623925,Down,22
2025-09-23 13:40:00,332.5,332.5,332.3,332.3,332.12468473538786,333.00348929148583,337.4578444622547,332.7618961623925,Down,1
2025-09-23 13:50:00,332.3,332.7,332.3,332.6,332.16789521398897,332.9876661820158,337.40950770143627,332.7618961623925,Down,33
2025-09-23 14:00:00,332.7,332.9,332.3,332.4,332.1889956490809,332.9646204493878,337.35966185366084,332.7618961623925,Down,20
2025-09-23 14:10:00,332.4,332.4,332.0,332.0,332.17181422643716,332.9267921964706,337.3063318849677,332.7618961623925,Down,8
2025-09-23 14:20:00,332.0,332.2,332.0,332.1,332.1652856603974,332.8943689730796,337.2545275876048,332.7618961623925,Down,4
2025-09-23 14:30:00,332.1,332.1,331.5,331.5,332.10480514581576,332.83968783688044,337.19726860663366,332.7618961623925,Down,18
2025-09-23 14:40:00,331.5,331.8,331.4,331.4,332.0407319507416,332.7832294903361,337.13958434189107,332.7618961623925,Down,26
2025-09-23 14:50:00,331.4,331.9,331.4,331.9,332.02793813703784,332.7485930397347,337.0874491743101,332.7618961623925,Down,3
2025-09-23 15:00:00,331.9,332.0,331.9,332.0,332.025398306398,332.7192364499412,337.0368277894911,332.7618961623925,Down,11
2025-09-23 15:10:00,332.0,332.4,332.0,332.4,332.0594530058164,332.70671737347294,336.99069019954595,332.7618961623925,Down,5
2025-09-23 15:20:00,332.4,332.4,332.0,332.2,332.0722300052876,332.68684610392495,336.9430216403465,332.7618961623925,Down,6
2025-09-23 15:30:00,332.2,333.2,332.2,333.0,332.1565727320796,332.6991266488691,336.90378759417393,330.9047589802097,Up,54
2025-09-23 15:40:00,333.0,333.3,332.8,333.3,332.26052066552694,332.7226903096977,336.86792901114734,331.22710854075774,Up,22
2025-09-23 15:50:00,333.3,333.5,332.8,332.8,332.3095642413881,332.7257220622586,336.82745210556385,331.23828049159795,Up,19
2025-09-23 16:00:00,332.8,333.1,332.5,332.9,332.3632402194437,332.73255649118965,336.78837298013536,331.23828049159795,Up,34
2025-09-23 16:10:00,332.9,334.0,332.7,332.7,332.3938547449488,332.73127976604496,336.74769265197483,331.23828049159795,Up,218
2025-09-23 16:20:00,332.7,333.1,332.6,332.6,332.4125952226807,332.7261315399256,336.7064220783233,331.23828049159795,Up,13
2025-09-23 16:30:00,332.6,332.6,331.0,331.0,332.28417747516426,332.65844010698737,336.64964175913605,334.4074445108955,Down,69
2025-09-23 16:40:00,331.0,331.4,331.0,331.3,332.19470679560385,332.60516794592905,336.596411492876,333.7158586462686,Down,63
2025-09-23 16:50:00,331.3,331.5,331.2,331.2,332.1042789050944,332.5500633205985,336.54271585613094,333.7158586462686,Down,29
2025-09-23 17:00:00,331.2,331.3,330.2,330.5,331.95843536826766,332.469668680575,336.4825893301993,333.3283955754286,Down,85
2025-09-23 17:10:00,330.5,331.1,330.5,331.1,331.8803957893343,332.41595618329757,336.42903122741126,333.3283955754286,Down,37
2025-09-23 17:20:00,331.1,331.1,330.5,330.9,331.79126889939477,332.3565069212075,336.3740159913176,333.3283955754286,Down,16
2025-09-23 17:30:00,330.9,331.6,330.5,330.8,331.7011535449043,332.29546743410134,336.31855314563285,333.3283955754286,Down,94
2025-09-23 17:40:00,330.8,331.8,330.8,331.8,331.7101395862766,332.2760373386464,336.2735924178156,333.3283955754286,Down,53
2025-09-23 17:50:00,331.8,332.9,331.7,332.5,331.7819450784333,332.28482018811127,336.2360442345538,333.3283955754286,Down,53
2025-09-23 18:00:00,332.5,332.5,331.5,332.4,331.83813188948477,332.28933704347946,336.19787464018015,333.3283955754286,Down,34
2025-09-23 18:10:00,332.4,333.4,332.3,332.7,331.9164835358952,332.30544147314697,336.1630699173923,333.3283955754286,Down,75
2025-09-23 18:20:00,332.7,332.7,330.9,330.9,331.8240759417229,332.25032612125887,336.11070106249286,333.3283955754286,Down,80
2025-09-23 18:30:00,330.9,330.9,330.0,330.2,331.67643267429355,332.16992117532715,336.05188811659747,333.3283955754286,Down,140
2025-09-23 18:40:00,330.2,331.2,330.2,331.1,331.62402970390326,332.1279634821771,336.0026155980244,333.3283955754286,Down,73
2025-09-23 18:50:00,331.1,331.2,330.5,330.7,331.5400270035484,332.0719649142486,335.9498532537655,333.3283955754286,Down,52
2025-09-23 19:00:00,331.1,331.5,330.5,331.5,331.53638818504396,332.0495349176114,335.9055761069619,333.3283955754286,Down,25
2025-09-23 19:10:00,331.5,331.8,331.1,331.1,331.49671653185817,332.01229825417573,335.85775942928075,333.3283955754286,Down,18
2025-09-23 19:20:00,331.1,332.5,331.1,332.5,331.58792411987105,332.03142381283556,335.82434888769586,333.3283955754286,Down,39
2025-09-23 19:30:00,332.4,332.4,331.9,332.2,331.6435673817009,332.03803464370475,335.788285714684,333.3283955754286,Down,31
2025-09-23 19:40:00,332.2,332.8,332.1,332.8,331.7486976197281,332.0679156380693,335.7585515284683,333.3283955754286,Down,45
2025-09-23 19:50:00,332.8,333.2,332.7,333.1,331.8715432906619,332.1083895346156,335.73209827942884,333.3283955754286,Down,82
2025-09-23 20:00:00,333.1,334.1,333.0,333.5,332.0195848096926,332.1629624940424,335.7098883463002,330.0796032845446,Up,254
2025-09-23 20:10:00,333.5,333.5,332.3,332.7,332.0814407360842,332.1840227883937,335.6799392085261,330.0796032845446,Up,107
2025-09-23 20:20:00,332.7,332.7,332.0,332.1,332.0831279418947,332.18072777708414,335.6443179228691,330.0796032845446,Up,24
2025-09-23 20:30:00,332.1,332.3,332.0,332.0,332.0755708562679,332.1736404132769,335.6080560529898,330.0796032845446,Up,34
2025-09-23 20:40:00,332.0,332.5,332.0,332.4,332.105064414789,332.18251725981514,335.5761350972387,330.0796032845446,Up,14
2025-09-23 20:50:00,332.4,333.0,332.4,332.9,332.1773312861718,332.2106538378616,335.54950688731594,330.0796032845446,Up,28
2025-09-23 21:00:00,332.9,333.0,332.6,332.6,332.21575571470163,332.22592231480826,335.520158560079,330.0796032845446,Up,18
2025-09-23 21:10:00,332.6,332.6,331.8,331.8,332.17795974063785,332.20921947893345,335.48314205699364,330.0796032845446,Up,64
2025-09-23 21:20:00,331.8,332.0,331.7,331.7,332.1345088551253,332.1892500876027,335.44549885244646,330.0796032845446,Up,15
2025-09-23 21:30:00,331.7,332.2,331.7,332.2,332.14046259556847,332.18967165279474,335.4132053315266,330.0796032845446,Up,92
2025-09-23 21:40:00,332.2,332.3,332.0,332.2,332.1458750868804,332.1900766860185,335.38123313917316,330.0796032845446,Up,7
2025-09-23 21:50:00,332.2,332.5,332.1,332.5,332.17806826080033,332.20223054146874,335.35256415271374,330.0796032845446,Up,13
2025-09-23 22:00:00,332.5,333.3,332.5,332.8,332.2346075098185,332.225672481019,335.3271655044281,330.3129486044127,Up,43
2025-09-23 22:10:00,332.8,332.9,332.7,332.7,332.2769159180168,332.24427356019476,335.30102455413527,330.3754078221934,Up,19
2025-09-23 22:20:00,332.7,333.7,332.7,333.7,332.40628719819705,332.30136087155967,335.2850939615568,330.63218892926676,Up,94
2025-09-23 22:30:00,333.7,334.0,332.6,333.0,332.46026108927003,332.3287584844397,335.262356708208,330.63218892926676,Up,147
2025-09-23 22:40:00,333.0,333.7,332.7,333.7,332.57296462660906,332.3825326615205,335.2468108703154,330.63218892926676,Up,29
2025-09-23 22:50:00,333.7,334.5,333.4,334.4,332.7390587514628,332.4616490277354,335.2383848915063,330.8694507357376,Up,109
2025-09-23 23:00:00,334.4,334.7,334.2,334.2,332.87187159223885,332.52981965409873,335.22805270353115,331.46768248703415,Up,99
2025-09-23 23:10:00,334.1,334.2,333.6,333.7,332.9471559929444,332.5757090794282,335.21284819901837,331.46768248703415,Up,53
2025-09-23 23:20:00,333.7,334.0,333.5,333.6,333.00650544813124,332.61587735082315,335.19679995823213,331.46768248703415,Up,303
2025-09-24 09:00:00,334.0,334.1,333.3,333.6,333.0604594983011,332.6544703958889,335.18091140143383,331.46768248703415,Up,117
2025-09-24 09:10:00,333.5,333.7,333.4,333.7,333.1185995439101,332.69547155683443,335.1661759646036,331.46768248703415,Up,46
2025-09-24 09:20:00,333.7,333.8,333.5,333.6,333.1623632217364,332.730943260488,335.1505921241598,331.46768248703415,Up,47
2025-09-24 09:30:00,333.6,333.8,333.6,333.8,333.2203302015786,332.77286705419436,335.13715339655624,331.46768248703415,Up,30
2025-09-24 09:40:00,333.8,333.8,333.6,333.6,333.25484563779867,332.8053036403044,335.1218583378841,331.46768248703415,Up,26
2025-09-24 09:50:00,333.6,333.6,333.3,333.4,333.2680414889079,332.82862506617477,335.10472541909917,331.46768248703415,Up,49
2025-09-24 10:00:00,333.4,333.9,333.4,333.7,333.3073104444617,332.8627966322071,335.0907480517449,331.4879253168234,Up,13
2025-09-24 10:10:00,333.7,333.7,332.8,332.8,333.261191313147,332.8603340191794,335.06795453879226,331.4879253168234,Up,67
2025-09-24 10:20:00,332.8,332.8,332.6,332.8,333.2192648301336,332.8579679792116,335.0453878269635,331.4879253168234,Up,34
2025-09-24 10:30:00,332.8,333.3,332.8,333.2,333.21751348193965,332.87138099963465,335.02702575903356,331.4879253168234,Up,38
2025-09-24 10:40:00,333.2,333.2,332.5,332.7,333.1704668017633,332.86466017611957,335.0038712738691,331.4879253168234,Up,38
2025-09-24 10:50:00,332.7,333.2,332.7,333.2,333.17315163796667,332.87781075744823,334.98592230596995,331.4879253168234,Up,21
2025-09-24 11:00:00,333.2,333.6,333.1,333.6,333.21195603451514,332.90613190421493,334.9721320342688,331.4879253168234,Up,11
2025-09-24 11:10:00,333.6,333.7,333.3,333.3,333.2199600313774,332.9215777118928,334.95549390457455,331.4879253168234,Up,15
2025-09-24 11:20:00,333.3,333.4,332.6,332.6,333.1636000285249,332.90896682123036,334.9320561542803,331.4879253168234,Up,58
2025-09-24 11:30:00,332.6,332.8,332.5,332.5,333.10327275320446,332.89292890667235,334.9078565905561,331.4879253168234,Up,33
2025-09-24 11:40:00,332.5,332.7,332.4,332.6,333.05752068473134,332.8814414985676,334.8848928433864,331.4879253168234,Up,11
2025-09-24 11:50:00,332.6,332.8,332.5,332.5,333.0068369861194,332.86648300842774,334.8611625663378,331.4879253168234,Up,6
2025-09-24 12:00:00,332.5,332.6,332.3,332.6,332.9698518055631,332.8560326943718,334.8386634363245,331.4879253168234,Up,46
2025-09-24 12:10:00,332.6,332.6,332.5,332.6,332.9362289141483,332.8459921965533,334.81638817825166,331.4879253168234,Up,32
2025-09-24 12:20:00,332.6,332.7,332.5,332.6,332.9056626492257,332.83634544374735,334.79433456453773,331.4879253168234,Up,21
2025-09-24 12:30:00,332.6,332.6,332.0,332.0,332.8233296811143,332.8035475832082,334.76653024051245,331.4879253168234,Up,36
2025-09-24 12:40:00,332.0,332.0,331.6,331.6,332.71211789192205,332.7563496387687,334.7350224769253,331.4879253168234,Up,43
2025-09-24 12:50:00,331.6,331.7,331.3,331.3,332.5837435381109,332.69923788822877,334.70084314879665,333.2127803162063,Down,98
2025-09-24 13:00:00,331.3,331.7,331.3,331.4,332.47613048919175,332.64828738280806,334.6679989383609,333.20252756018755,Down,42
2025-09-24 13:10:00,331.4,331.8,331.4,331.8,332.4146640810834,332.61502121093326,334.6394616354916,333.20252756018755,Down,19
2025-09-24 13:20:00,331.8,331.9,331.4,331.4,332.322421891894,332.56737332030843,334.60722818638226,333.20252756018755,Down,27
2025-09-24 13:30:00,331.4,331.4,331.2,331.4,332.23856535626726,332.521593974414,334.5753154681098,332.93736105198155,Down,9
2025-09-24 13:40:00,331.4,331.5,331.3,331.5,332.17142305115203,332.48153146561344,334.5447153141983,332.93736105198155,Down,15
2025-09-24 13:50:00,331.5,331.5,331.0,331.1,332.07402095559274,332.4273537610796,334.5104395399277,332.85112483634845,Down,42
2025-09-24 14:00:00,331.1,331.1,331.0,331.0,331.9763826869025,332.3713791037824,334.4755097932618,332.5419316694077,Down,37
2025-09-24 14:10:00,331.0,331.5,331.0,331.4,331.9239842608205,332.33328580559487,334.44490770576664,332.5419316694077,Down,24
2025-09-24 14:20:00,331.4,331.4,331.0,331.0,331.839985691655,332.28100008772844,334.4106300171521,332.5419316694077,Down,38
2025-09-24 14:30:00,331.0,331.3,331.0,331.3,331.7908960833227,332.24252949605284,334.37967847469287,332.5419316694077,Down,15
2025-09-24 14:40:00,331.3,331.9,331.3,331.5,331.7644509848388,332.21341069228606,334.35102495753176,332.5419316694077,Down,21
2025-09-24 14:50:00,331.5,332.1,331.5,332.1,331.7949554407625,332.20896321415717,334.3286266992479,332.5419316694077,Down,37
2025-09-24 15:00:00,332.1,332.2,331.7,332.2,331.83177767342045,332.20861171556277,334.30744633408125,332.5419316694077,Down,37
2025-09-24 15:10:00,332.2,332.2,331.4,331.4,331.79252515765495,332.1769014522074,334.27851651981183,332.5419316694077,Down,17
2025-09-24 15:20:00,331.4,331.6,331.0,331.0,331.7204774160499,332.13074845408164,334.24589446488835,332.5419316694077,Down,43
2025-09-24 15:30:00,331.0,331.0,330.8,330.8,331.63679765095446,332.0785622401961,334.211606957775,332.5419316694077,Down,64
2025-09-24 15:40:00,330.8,330.9,330.0,330.2,331.50617968268585,332.00489313273744,334.171690470633,332.4012336497636,Down,91
2025-09-24 15:50:00,330.2,330.4,330.2,330.2,331.3874360751689,331.934113009885,334.1321711624675,332.14657604523956,Down,38
2025-09-24 16:00:00,330.2,331.0,330.2,330.3,331.2885782501536,331.87003014675224,334.09404010612457,332.14657604523956,Down,56
2025-09-24 16:10:00,330.3,330.7,330.2,330.7,331.2350711365033,331.82414661158555,334.0602685627801,332.14657604523956,Down,22
2025-09-24 16:20:00,330.7,331.1,330.3,330.4,331.15915557863934,331.76829772485667,334.02384798006585,332.14657604523956,Down,75
2025-09-24 16:30:00,330.4,331.0,330.3,330.7,331.11741416239937,331.7264036964309,333.9907748658364,332.14657604523956,Down,60
2025-09-24 16:40:00,330.6,330.9,330.5,330.5,331.0612856021813,331.67830943382575,333.95604078756935,332.14657604523956,Down,24
2025-09-24 16:50:00,330.5,331.5,330.5,331.4,331.0920778201648,331.6673953383816,333.93060754590203,332.14657604523956,Down,67
2025-09-24 17:00:00,331.5,332.1,331.3,331.3,331.1109798365134,331.6529876780529,333.90443234644033,332.14657604523956,Down,39
2025-09-24 17:10:00,331.3,332.0,331.3,332.0,331.19179985137583,331.66659600440374,333.88548277085386,332.14657604523956,Down,32
2025-09-24 17:20:00,332.0,332.1,331.2,331.8,331.247090773978,331.6718275336428,333.86473169850706,332.14657604523956,Down,39
2025-09-24 17:30:00,331.8,332.0,330.7,331.1,331.2337188854346,331.64940292448034,333.8372219303628,332.14657604523956,Down,55
2025-09-24 17:40:00,331.1,332.4,330.3,331.6,331.2670171685769,331.6474655548929,333.8149610156328,332.14657604523956,Down,179
2025-09-24 17:50:00,331.6,331.7,330.2,330.2,331.17001560779715,331.59070219979907,333.7789912542832,332.14657604523956,Down,131
2025-09-24 18:00:00,330.2,331.6,330.2,331.6,331.2091050979974,331.5910668194148,333.75730974926546,332.14657604523956,Down,93
2025-09-24 18:10:00,331.6,332.3,331.3,331.6,331.2446409981794,331.59141714022206,333.73584398061604,332.14657604523956,Down,120
2025-09-24 18:20:00,331.6,331.7,331.1,331.2,331.2405827256177,331.57606744844867,333.71061170220196,332.14657604523956,Down,35
2025-09-24 18:30:00,330.9,331.1,330.2,330.7,331.1914388414706,331.54171186223505,333.6806553668567,332.14657604523956,Down,67
2025-09-24 18:40:00,330.7,331.2,330.5,331.0,331.1740353104278,331.5204682597945,333.6539821791268,332.14657604523956,Down,32
2025-09-24 18:50:00,331.0,331.0,330.6,331.0,331.1582139185707,331.50005773980257,333.62757439624994,332.14657604523956,Down,15
2025-09-24 19:00:00,331.0,333.0,331.0,332.4,331.271103562337,331.5353495931437,333.61535972564053,329.34367256527923,Up,137
2025-09-24 19:10:00,332.4,333.9,332.0,333.7,331.4919123293972,331.62023784439293,333.6162019174252,329.34367256527923,Up,264
2025-09-24 19:20:00,333.7,333.9,332.9,333.5,331.6744657539975,331.6939540073579,333.61504567944087,329.34367256527923,Up,156
2025-09-24 19:30:00,333.5,333.9,333.1,333.4,331.8313325036341,331.76085777177525,333.6129059214365,329.4464471806555,Up,92
2025-09-24 19:40:00,333.4,333.4,332.8,333.0,331.93757500330366,331.8094515846468,333.60680735505406,329.4464471806555,Up,75
2025-09-24 19:50:00,333.0,333.4,332.8,333.3,332.0614318211851,331.86790446368025,333.60375454555106,329.4464471806555,Up,46
2025-09-24 20:00:00,333.3,333.7,333.3,333.6,332.20130165562284,331.93582977883005,333.6037171868889,329.9303885654813,Up,51
2025-09-24 20:10:00,333.5,333.7,333.3,333.6,332.3284560505662,332.0010913561308,333.60368019995474,330.1094441504375,Up,15
2025-09-24 20:20:00,333.6,334.8,333.5,334.5,332.5258691368784,332.09908777353746,333.61259880493037,330.59494922767044,Up,182
2025-09-24 20:30:00,334.5,336.0,334.0,334.8,332.73260830625304,332.20500590006543,333.62441374219475,331.0408629342459,Up,378
2025-09-24 20:40:00,334.8,334.8,334.1,334.1,332.8569166420482,332.27931939418056,333.6291459437649,331.0408629342459,Up,101
2025-09-24 20:50:00,334.5,334.7,334.0,334.3,332.9881060382256,332.35856177087936,333.6358211085036,331.0408629342459,Up,62
2025-09-24 21:00:00,334.4,334.9,334.0,334.2,333.09827821656876,332.4307750347665,333.641434828817,331.0408629342459,Up,37
2025-09-24 21:10:00,334.2,335.0,334.1,335.0,333.2711620150625,332.53152895497175,333.6549528902218,331.0408629342459,Up,46
2025-09-24 21:20:00,335.0,335.0,334.0,334.3,333.3646927409659,332.60088076065915,333.66137126942357,331.0408629342459,Up,59
2025-09-24 21:30:00,334.3,335.0,334.2,334.2,333.4406297645144,332.6635913190647,333.66673075928003,331.0408629342459,Up,15
2025-09-24 21:40:00,334.2,334.6,334.2,334.6,333.5460270586495,332.7395289143955,333.6760170203817,331.0408629342459,Up,11
2025-09-24 21:50:00,334.6,334.6,333.8,334.1,333.59638823513586,332.7928807216742,333.6802357564973,331.0408629342459,Up,14
2025-09-24 22:00:00,334.1,334.2,333.9,334.0,333.63308021375985,332.84021873258894,333.68341749026354,331.0408629342459,Up,4
2025-09-24 22:10:00,334.0,334.5,334.0,334.2,333.6846183761453,332.8935434881737,333.68855761473856,331.0890232186591,Up,12
2025-09-24 22:20:00,334.1,334.1,333.0,333.0,333.62238034195025,332.8977182533434,333.6817062951889,331.0890232186591,Up,59
2025-09-24 22:30:00,333.0,334.1,332.4,334.1,333.66580031086386,332.9448665571339,333.68586842160494,331.0890232186591,Up,190
2025-09-24 22:40:00,334.1,334.2,333.5,333.9,333.68709119169444,332.9823227705796,333.6879990840765,331.0890232186591,Up,38
2025-09-24 22:50:00,333.9,334.1,333.3,333.7,333.68826471972216,333.0104669756549,333.68811849617526,331.0890232186591,Up,30
2025-09-24 23:00:00,333.7,334.0,333.0,333.0,333.6256951997474,333.0100565060214,333.6812715459646,331.0890232186591,Up,97
2025-09-24 23:10:00,333.0,333.3,332.6,333.3,333.5960865452249,333.0214268391186,333.67747779923855,331.0890232186591,Up,66
2025-09-24 23:20:00,333.5,333.8,333.4,333.5,333.58735140474994,333.0401944140551,333.67571185098745,331.0890232186591,Up,96
2025-09-25 09:00:00,334.2,334.8,333.9,334.4,333.66122854977266,333.0935201233079,333.68291869824134,331.0890232186591,Up,172
2025-09-25 09:10:00,334.4,334.8,334.1,334.8,333.764753227066,333.16044090278604,333.6940339350748,331.0890232186591,Up,68
2025-09-25 09:20:00,334.8,335.0,334.7,334.7,333.8497756609691,333.22081576934346,333.7040435476611,331.59559699241095,Up,65
2025-09-25 09:30:00,334.7,334.7,334.2,334.2,333.8816142372446,333.25921515093785,333.7089784377341,331.59559699241095,Up,24
2025-09-25 09:40:00,334.2,334.2,333.6,333.6,333.85601294294963,333.2725792626658,333.70789407516963,331.59559699241095,Up,89
2025-09-25 09:50:00,333.6,333.9,333.5,333.8,333.850920857227,333.2932624288357,333.70881055203364,331.59559699241095,Up,155
2025-09-25 10:00:00,333.8,333.8,333.3,333.3,333.80083714293363,333.2935266473127,333.70474278534675,331.59559699241095,Up,14
2025-09-25 10:10:00,333.4,333.8,333.3,333.8,333.8007610390306,333.3133883474181,333.7056906183284,331.59559699241095,Up,24
2025-09-25 10:20:00,333.8,333.9,333.7,333.9,333.8097827627551,333.33639272595076,333.7076240450117,331.59559699241095,Up,13
2025-09-25 10:30:00,333.9,333.9,333.8,333.9,333.8179843297774,333.35849497199195,333.70953823361856,331.59559699241095,Up,5
2025-09-25 10:40:00,333.9,334.0,333.7,333.9,333.82544029979766,333.37973046328636,333.7114333755726,331.59559699241095,Up,12
2025-09-25 10:50:00,334.0,334.2,334.0,334.2,333.8594911816342,333.4118978960987,333.71629473501963,331.91089165951774,Up,11
2025-09-25 11:00:00,334.2,334.4,334.2,334.4,333.90862834694013,333.4506469982125,333.72309777248216,332.2371742359252,Up,13
2025-09-25 11:10:00,334.4,334.6,334.4,334.6,333.97148031540013,333.49571966494926,333.7318231677809,332.5519765781138,Up,13
2025-09-25 11:20:00,334.6,334.7,334.4,334.7,334.0377093776365,333.5429463447552,333.7414567681015,332.6699787073761,Up,13
2025-09-25 11:30:00,334.7,334.8,334.0,334.8,334.10700852512406,333.5922425665295,333.75198953657815,332.6699787073761,Up,35
2025-09-25 11:40:00,334.8,335.2,334.8,335.2,334.2063713864764,333.65529187764594,333.76639760089085,333.0363460391539,Up,30
2025-09-25 11:50:00,335.2,335.8,335.2,335.6,334.3330648967967,333.7315549412677,333.78464240088203,333.4966782174126,Up,71
2025-09-25 12:00:00,335.6,335.7,334.9,335.0,334.3936953607243,333.7812978847474,333.796735511321,333.4966782174126,Up,87
2025-09-25 12:10:00,335.0,335.1,334.7,335.0,334.4488139642948,333.8290901245612,333.80870829230287,333.4966782174126,Up,20
2025-09-25 12:20:00,335.0,335.0,334.5,335.0,334.49892178572253,333.8750081588922,333.8205619411357,333.4966782174126,Up,7
2025-09-25 12:30:00,335.2,335.3,334.7,334.8,334.526292532475,333.9112823487395,333.8303075934627,333.4966782174126,Up,85
2025-09-25 12:40:00,334.8,334.8,334.6,334.6,334.5329932113409,333.9382908840831,333.83796622437353,333.4966782174126,Up,13
2025-09-25 12:50:00,334.6,335.8,334.6,335.7,334.6390847375826,334.0073775160798,333.85649392363354,333.4966782174126,Up,87
2025-09-25 13:00:00,335.7,335.9,334.9,334.9,334.66280430689324,334.0423823193708,333.86687706867207,333.4966782174126,Up,22
2025-09-25 13:10:00,334.9,334.9,333.8,333.8,334.58436755172113,334.0328771303759,333.8662116252027,333.4966782174126,Up,49
2025-09-25 13:20:00,333.8,334.3,333.7,334.3,334.5585159561101,334.04335253702783,333.8705279274395,333.4966782174126,Up,49
2025-09-25 13:30:00,334.3,335.1,334.3,335.1,334.60774177828193,334.0847896924385,333.88276148040035,333.4966782174126,Up,41
2025-09-25 13:40:00,334.9,335.0,334.4,334.9,334.63431070752904,334.11675872410757,333.8928832567148,333.4966782174126,Up,32
2025-09-25 13:50:00,334.9,335.0,334.1,335.0,334.66755518866273,334.1513956368877,333.9038993437127,333.4966782174126,Up,20
2025-09-25 14:00:00,335.0,335.3,334.8,335.3,334.72505017151155,334.196438945245,333.9177908925315,333.4966782174126,Up,19
2025-09-25 14:10:00,335.3,335.3,334.7,334.7,334.7227728831923,334.21618643758836,333.9255740677302,333.4966782174126,Up,11
2025-09-25 14:20:00,334.7,334.7,334.6,334.6,334.711611711993,334.2312379498398,333.932284773524,333.4966782174126,Up,5
2025-09-25 14:30:00,334.6,334.6,334.4,334.4,334.68328337453903,334.2378560694539,333.93693865637454,333.4966782174126,Up,7
2025-09-25 14:40:00,334.4,334.8,334.4,334.8,334.69389397685364,334.25990092947535,333.94552633143553,333.4966782174126,Up,13
2025-09-25 14:50:00,334.7,334.7,334.0,334.1,334.6399036153215,334.2536303047901,333.94706338286403,333.4966782174126,Up,50
2025-09-25 15:00:00,334.1,334.1,333.9,334.0,334.5817305593832,334.24368401832777,333.94759011537286,333.4966782174126,Up,15
2025-09-25 15:10:00,334.0,334.4,334.0,334.4,334.56520959943924,334.24981405682473,333.9520917062647,333.4966782174126,Up,39
2025-09-25 15:20:00,334.4,334.8,334.4,334.6,334.56837236312657,334.26354683891003,333.9585385549586,333.4966782174126,Up,16
2025-09-25 15:30:00,334.7,335.3,334.7,335.2,334.6257930573878,334.3002704922861,333.970891405158,333.4966782174126,Up,166
2025-09-25 15:40:00,335.2,335.6,335.2,335.3,334.6870845976253,334.33947557101993,333.9841163663007,333.4966782174126,Up,181
2025-09-25 15:50:00,335.4,336.3,335.3,335.7,334.77916781602295,334.39282947019564,334.0011898352928,333.5369660463545,Up,207
2025-09-25 16:00:00,335.7,336.2,335.7,336.2,334.90833437820265,334.463698902737,334.0230685433993,333.7108782239586,Up,119
2025-09-25 16:10:00,336.2,336.2,335.7,335.7,334.9803039801842,334.51218129870813,334.03975442853965,333.73261656723514,Up,53
2025-09-25 16:20:00,335.7,336.4,335.6,336.4,335.1093672547129,334.58621340464117,334.06323945910145,333.73261656723514,Up,175
2025-09-25 16:30:00,336.4,336.4,335.1,335.3,335.12669750428444,334.6142050358317,334.0755455341353,333.73261656723514,Up,100
2025-09-25 16:40:00,335.4,335.6,335.2,335.5,335.16063409480404,334.64894209325007,334.08971921041257,333.73261656723514,Up,77
2025-09-25 16:50:00,335.5,336.2,335.3,336.2,335.2551219043673,334.70976789351477,334.1107170292144,333.73261656723514,Up,46
2025-09-25 17:00:00,336.2,336.4,335.8,336.0,335.32283809487933,334.760365231024,334.12951586474463,333.73261656723514,Up,56
2025-09-25 17:10:00,336.0,336.0,335.4,336.0,335.3843982680721,334.80897835921917,334.148127647185,333.73261656723514,Up,34
2025-09-25 17:20:00,336.0,336.5,335.5,335.5,335.3949075164292,334.83607724709293,334.1615791133822,333.73261656723514,Up,132
2025-09-25 17:30:00,335.8,337.4,335.8,337.4,335.5771886512993,334.936623237403,334.1938022067814,333.73261656723514,Up,173
2025-09-25 17:40:00,337.4,339.7,337.4,338.2,335.8156260466357,335.06459879672053,334.2336648713906,334.8680689007215,Up,574
2025-09-25 17:50:00,338.3,338.7,337.9,338.0,336.01420549694154,335.1797125693982,334.27114084281953,334.8680689007215,Up,85
2025-09-25 18:00:00,338.0,338.3,336.8,337.3,336.1310959063105,335.2628610960885,334.3012787448811,334.8680689007215,Up,102
2025-09-25 18:10:00,337.3,338.8,337.3,338.4,336.33735991482774,335.38588615114384,334.34206204095193,334.8680689007215,Up,87
2025-09-25 18:20:00,338.4,339.7,338.4,339.4,336.6157817407525,335.54330238051074,334.392389781838,334.8972432898855,Up,270
2025-09-25 18:30:00,339.4,342.1,339.4,341.7,337.07798340068405,335.78474150284364,334.4651023213222,335.9929484453505,Up,536
2025-09-25 18:40:00,341.7,341.8,340.9,341.7,337.49816672789456,336.01671242430075,334.5370913529508,336.69813495031866,Up,145
2025-09-25 18:50:00,341.7,341.9,341.0,341.0,337.81651520717685,336.21213546648505,334.60139890167767,336.8937590457442,Up,143
2025-09-25 19:00:00,341.0,341.1,340.3,340.7,338.0786501883426,336.3881301540739,334.66208149967093,336.8937590457442,Up,159
2025-09-25 19:10:00,340.7,341.0,340.4,340.9,338.3351365348569,336.56506622646316,334.7241503404702,336.8937590457442,Up,60
2025-09-25 19:20:00,340.9,342.2,340.8,341.0,338.5773968498699,336.73898519797444,334.7865966057392,337.12896998177627,Up,173
2025-09-25 19:30:00,341.0,342.1,341.0,341.7,338.8612698635181,336.93353479805387,334.85538668926415,337.17633634706937,Up,113
2025-09-25 19:40:00,341.7,341.7,341.0,341.5,339.1011544213801,337.11261186479686,334.9215022445949,337.17633634706937,Up,61
2025-09-25 19:50:00,341.5,341.7,341.0,341.7,339.33741311034555,337.29250943872637,334.98894998345463,337.2494515265036,Up,73
2025-09-25 20:00:00,340.4,342.0,339.0,340.5,339.4431028275868,337.41829338230576,335.04378630202723,337.2494515265036,Up,411
2025-09-25 20:10:00,340.5,341.2,339.8,340.8,339.56645711598804,337.5509093280977,335.10106206021607,337.2494515265036,Up,90
2025-09-25 20:20:00,340.8,341.3,340.7,341.0,339.69677919635274,337.68616778581935,335.1597579601144,337.2494515265036,Up,42
2025-09-25 20:30:00,341.0,343.0,341.0,342.8,339.9788901785025,337.8867102255912,335.235780268969,337.2494515265036,Up,286
2025-09-25 20:40:00,342.8,343.1,342.1,342.7,340.2262637986387,338.0754666873327,335.31005111206383,337.72117995324686,Up,231
2025-09-25 20:50:00,342.8,343.3,342.2,342.7,340.4511489078534,338.2568209348883,335.38358294179454,337.9147090484062,Up,173
2025-09-25 21:00:00,342.7,343.3,341.9,342.8,340.6646808253213,338.43498481979464,335.4573781364036,337.9147090484062,Up,189
2025-09-25 21:10:00,342.8,343.1,342.1,342.1,340.7951643866557,338.5787109052929,335.52347387633984,337.9147090484062,Up,42
2025-09-25 21:20:00,342.1,342.1,341.1,341.1,340.82287671514155,338.67758498743825,335.57896169846583,337.9147090484062,Up,86
2025-09-25 21:30:00,341.0,341.2,339.2,339.7,340.72079701376504,338.71767969381324,335.6199670547,337.9147090484062,Up,249
2025-09-25 21:40:00,339.7,340.0,338.1,338.4,340.5098154670591,338.70522166660487,335.6476290740562,337.9147090484062,Up,234
2025-09-25 21:50:00,338.4,339.6,338.0,339.3,340.39983224278103,338.72854630713016,335.68397107331936,337.9147090484062,Up,216
2025-09-25 22:00:00,339.3,340.0,339.3,340.0,340.3634838570737,338.7784072362623,335.72691663477883,337.9147090484062,Up,96
2025-09-25 22:10:00,340.0,340.1,339.2,340.0,340.330439870067,338.8263128348402,335.7694348772188,337.9147090484062,Up,63
2025-09-25 22:20:00,340.0,340.4,339.6,339.6,340.26403624551546,338.85665350798376,335.8075499530674,337.9147090484062,Up,63
2025-09-25 22:30:00,339.5,339.5,338.1,338.3,340.08548749592313,338.83482395865104,335.8323504510468,337.9147090484062,Up,134
2025-09-25 22:40:00,338.3,339.2,337.8,338.9,339.9777159053847,338.83737988184123,335.8628743271558,337.9147090484062,Up,143
2025-09-25 22:50:00,338.9,339.3,338.7,339.0,339.8888326412588,338.8437571413769,335.89408950798014,337.9147090484062,Up,51
2025-09-25 23:00:00,339.0,339.2,338.5,339.2,339.8262114920534,338.85772744955824,335.92698413974153,337.9147090484062,Up,53
2025-09-25 23:10:00,339.2,339.3,338.3,338.7,339.72382862913946,338.85154205937954,335.9545763373561,337.9147090484062,Up,92
2025-09-25 23:20:00,338.7,339.3,338.2,339.2,339.6762078446722,338.8652070766588,335.98686911011873,337.9147090484062,Up,92
2025-09-26 09:00:00,341.7,341.7,341.0,341.0,339.7965525860656,338.9489244462016,336.0367510095206,337.9147090484062,Up,152
2025-09-26 09:10:00,341.0,341.3,341.0,341.0,339.9059568964233,339.0293587816447,336.08613657161493,337.9147090484062,Up,55
2025-09-26 09:20:00,341.0,341.4,341.0,341.3,340.03268808765756,339.1184035353057,336.1380158097083,337.9147090484062,Up,51
2025-09-26 09:30:00,341.3,341.4,341.1,341.4,340.1569891705978,339.2078779064702,336.190373861353,337.9147090484062,Up,70
2025-09-26 09:40:00,341.4,341.4,340.6,340.8,340.21544470054346,339.27031406700075,336.23624078810576,337.9147090484062,Up,81
2025-09-26 09:50:00,340.8,340.9,340.6,340.8,340.26858609140317,339.3303017506478,336.28165132752764,337.9147090484062,Up,18
2025-09-26 10:00:00,340.8,340.9,340.6,340.6,340.2987146285483,339.3800938388577,336.32461997103485,337.9147090484062,Up,14
2025-09-26 10:10:00,340.6,341.0,340.6,341.0,340.3624678441348,339.44361957066724,336.3711411653529,337.9147090484062,Up,27
2025-09-26 10:20:00,341.0,341.2,340.9,340.9,340.41133440375893,339.5007325286803,336.41620443733945,337.9147090484062,Up,18
2025-09-26 10:30:00,341.1,341.4,341.1,341.2,340.48303127614446,339.56737046873207,336.4638043931869,338.1952318106011,Up,57
2025-09-26 10:40:00,341.2,341.3,341.0,341.2,340.5482102510404,339.63139515623277,336.5109307176328,338.2638471005464,Up,32
2025-09-26 10:50:00,341.2,341.3,341.1,341.2,340.60746386458214,339.69290907167465,336.55758812342754,338.5034973641332,Up,14
2025-09-26 11:00:00,341.2,341.4,341.1,341.3,340.67042169507465,339.75593224533446,336.6047763013039,338.6895430583029,Up,26
2025-09-26 11:10:00,341.3,341.5,341.3,341.4,340.7367469955224,339.8204054906155,336.6524899699476,338.99958459845715,Up,30
2025-09-26 11:20:00,341.4,341.4,341.1,341.1,340.76976999592944,339.8705856674541,336.69674380109245,338.99958459845715,Up,111
2025-09-26 11:30:00,341.1,341.1,340.5,340.8,340.77251817811765,339.9070332883383,336.73757222098214,338.99958459845715,Up,28
2025-09-26 11:40:00,340.8,341.9,340.5,341.9,340.8750165255615,339.9851888456584,336.78893966156943,338.99958459845715,Up,84
2025-09-26 11:50:00,341.9,342.6,341.5,342.4,341.0136513868741,340.07988732229927,336.844771107723,339.28539689806513,Up,163
2025-09-26 12:00:00,342.4,342.7,342.0,342.1,341.1124103517037,340.15910742730716,336.89706194247196,339.58217899824103,Up,59
2025-09-26 12:10:00,342.1,342.5,342.1,342.3,341.22037304700336,340.2430639987853,336.95082252015885,339.6383445438555,Up,28
2025-09-26 12:20:00,342.3,342.5,342.0,342.2,341.30943004273036,340.3198065870683,337.0030531418488,339.64849503986864,Up,32
2025-09-26 12:30:00,342.2,342.4,342.0,342.4,341.4085727661185,340.4013827993401,337.0567541056115,339.6895409453351,Up,8
2025-09-26 12:40:00,342.4,342.4,342.1,342.2,341.48052069647133,340.47191680720914,337.1079306816751,339.8586735866683,Up,6
2025-09-26 12:50:00,342.0,342.2,341.7,342.2,341.54592790588305,340.5396847755539,337.1585980380763,339.8586735866683,Up,59
2025-09-26 13:00:00,342.2,342.3,342.1,342.1,341.5962980962573,340.60087360788515,337.20776621680193,339.98568065013916,Up,14
2025-09-26 13:10:00,342.1,342.6,342.1,342.4,341.66936190568845,340.6714275840465,337.2594302345452,340.1551642273992,Up,112
2025-09-26 13:20:00,342.4,342.8,342.3,342.4,341.73578355062585,340.73921473761334,337.3105801824602,340.3728765703629,Up,136
2025-09-26 13:30:00,342.4,342.4,342.2,342.3,341.7870759551144,340.800422002805,337.36022615079395,340.3728765703629,Up,10
2025-09-26 13:40:00,342.3,342.3,342.0,342.1,341.81552359555855,340.8513858458323,337.40738807964175,340.3728765703629,Up,29
2025-09-26 13:50:00,342.1,342.5,342.1,342.5,341.877748723235,340.91603738128987,337.4580608350682,340.3728765703629,Up,109
2025-09-26 14:00:00,342.5,342.6,342.1,342.3,341.9161352029409,340.9703104251609,337.50623933422173,340.4041469642531,Up,89
2025-09-26 14:10:00,342.3,342.6,342.3,342.3,341.9510320026735,341.0224551143703,337.55393844532404,340.57195178568463,Up,41
2025-09-26 14:20:00,342.3,342.5,342.1,342.5,342.00093818424864,341.0803980510617,337.6031529881567,340.57195178568463,Up,19
2025-09-26 14:30:00,342.5,342.5,342.2,342.3,342.02812562204423,341.1282255784711,337.64988778429444,340.57195178568463,Up,21
2025-09-26 14:40:00,342.3,342.3,342.0,342.1,342.03465965640385,341.1663343793154,337.6941675078338,340.57195178568463,Up,19
2025-09-26 14:50:00,342.1,342.1,341.3,341.6,341.9951451421853,341.1833408742442,337.73303151273103,340.57195178568463,Up,96
2025-09-26 15:00:00,341.6,341.6,340.8,340.9,341.89558649289575,341.1722294674111,337.76454363698247,340.57195178568463,Up,58
2025-09-26 15:10:00,340.9,341.5,340.9,341.3,341.8414422662688,341.17724007653226,337.7997223072612,340.57195178568463,Up,23
2025-09-26 15:20:00,341.3,341.6,340.9,341.0,341.7649475147898,341.1702894852957,337.83156586639296,340.57195178568463,Up,38
2025-09-26 15:30:00,340.9,341.4,340.8,341.0,341.6954068316271,341.1636114662645,337.86309257419003,340.57195178568463,Up,35
2025-09-26 15:40:00,341.0,341.6,341.0,341.3,341.6594607560246,341.1689600362149,337.8972906580289,340.57195178568463,Up,25
2025-09-26 15:50:00,341.3,341.6,341.3,341.3,341.62678250547685,341.17409885832416,337.9311484624266,340.57195178568463,Up,10
2025-09-26 16:00:00,341.3,341.9,341.3,341.7,341.6334386413426,341.1947224325075,337.9686494727507,340.57195178568463,Up,51
2025-09-26 16:10:00,341.7,341.7,340.8,341.3,341.60312603758416,341.198850964566,338.001797239191,340.57195178568463,Up,43
2025-09-26 16:20:00,341.3,341.4,340.7,341.4,341.5846600341674,341.206739162034,338.0356102019851,340.57195178568463,Up,33
2025-09-26 16:30:00,341.4,342.6,341.4,342.5,341.667872758334,341.2574552733268,338.08003199102006,340.57195178568463,Up,76
2025-09-26 16:40:00,342.5,342.5,341.0,341.7,341.67079341666727,341.27480996849044,338.11605157319894,340.57195178568463,Up,54
2025-09-26 16:50:00,341.7,343.1,341.7,343.0,341.7916303787884,341.34246447953,338.16464807495817,340.57195178568463,Up,205
2025-09-26 17:00:00,343.0,343.7,343.0,343.5,341.94693670798944,341.42707371562693,338.2177361538143,340.57195178568463,Up,344
2025-09-26 17:10:00,343.5,343.7,342.5,343.7,342.1063060981722,341.51620807972,338.2722860428311,340.57195178568463,Up,117
2025-09-26 17:20:00,343.7,343.7,342.7,342.7,342.16027827106564,341.56263129228,338.3163428981264,340.57195178568463,Up,68
2025-09-26 17:30:00,342.6,343.0,341.9,342.0,342.1457075191506,341.5797830063083,338.35299620262265,340.57195178568463,Up,191
2025-09-26 17:40:00,342.0,342.1,340.0,340.1,341.95973410831874,341.52175230017855,338.37037932498464,344.8930296807239,Down,417
2025-09-26 17:50:00,340.1,340.1,338.8,339.5,341.7361219166534,341.44246789625,338.38161933170124,343.4163906188399,Down,311
2025-09-26 18:00:00,339.5,339.9,339.2,339.3,341.5146562878668,341.35844954737746,338.3907574478037,343.4103551080362,Down,107
2025-09-26 18:10:00,339.3,340.8,339.3,340.6,341.43150571624255,341.3287064278725,338.4127399607609,343.4103551080362,Down,243
2025-09-26 18:20:00,340.6,340.6,339.6,340.0,341.3013688329478,341.2766002934461,338.42853359299215,343.4103551080362,Down,120
2025-09-26 18:30:00,339.5,340.0,338.0,338.9,341.0830625754071,341.1834002819385,338.4332248010221,343.408982049614,Down,280
2025-09-26 18:40:00,338.9,338.9,338.1,338.3,340.8300568867337,341.07032576107815,338.4318991811114,342.7990745905582,Down,155
2025-09-26 18:50:00,338.3,338.3,337.0,337.2,340.5000517152124,340.91854828025157,338.4196414778168,342.0309769005074,Down,283
2025-09-26 19:00:00,337.2,337.3,336.0,336.2,340.10913792292035,340.73350717122213,338.3975554929629,341.10543354591584,Down,384
2025-09-26 19:10:00,336.2,336.7,335.8,336.4,339.7719435662912,340.56356571352717,338.3776793189036,340.6276668599235,Down,154
2025-09-26 19:20:00,336.4,336.6,335.1,335.2,339.35631233299205,340.3532298031928,338.346060619213,340.3751516908396,Down,306
2025-09-26 19:30:00,335.2,337.1,335.1,336.5,339.09664757544726,340.2021227520872,338.3276918568328,340.3751516908396,Down,312
2025-09-26 19:40:00,336.5,337.9,336.4,337.9,338.9878614322248,340.11184342847594,338.3234362164663,340.3751516908396,Down,157
2025-09-26 19:50:00,338.1,338.7,337.4,338.6,338.9526013020226,340.05255545088863,338.32618809490947,340.3751516908396,Down,198
2025-09-26 20:00:00,338.6,339.7,338.6,339.4,338.99327391092964,340.0269650410499,338.3368727904825,340.3751516908396,Down,244
2025-09-26 20:10:00,339.4,339.7,338.3,339.0,338.99388537357237,339.9866919021852,338.34347107117424,340.3751516908396,Down,95
2025-09-26 20:20:00,339.0,339.1,338.3,338.4,338.93989579415666,339.9244686903348,338.34403354807796,340.3751516908396,Down,25
2025-09-26 20:30:00,338.4,339.3,338.3,339.1,338.9544507219606,339.89213658483146,338.35155560232596,340.3751516908396,Down,57
2025-09-26 20:40:00,339.1,339.8,339.1,339.8,339.031318838146,339.8885233854263,338.3659679843924,340.3751516908396,Down,94
2025-09-26 20:50:00,339.8,340.2,339.5,340.2,339.1375625801327,339.9007381546253,338.3842170591746,340.3751516908396,Down,172
2025-09-26 21:00:00,340.2,340.4,339.0,339.2,339.1432387092115,339.87325822699296,338.3923343023669,340.3751516908396,Down,107
2025-09-26 21:10:00,339.2,339.5,339.1,339.5,339.17567155382864,339.85862064946383,338.40335585159715,340.3751516908396,Down,24
2025-09-26 21:20:00,339.5,339.5,338.8,339.0,339.15970141257145,339.8249492514457,338.4092926092927,340.3751516908396,Down,136
2025-09-26 21:30:00,339.0,339.7,338.9,339.4,339.18154673870134,339.8082845749184,338.4191503942749,340.3751516908396,Down,31
2025-09-26 21:40:00,339.4,339.7,339.1,339.5,339.21049703518304,339.7961949837451,338.42990511671997,340.3751516908396,Down,48
2025-09-26 21:50:00,339.5,339.6,338.2,338.2,339.1186336683482,339.73359910202964,338.4276175036183,340.3751516908396,Down,84
2025-09-26 22:00:00,338.5,338.9,338.0,338.3,339.0442124257711,339.67737952940104,338.42634767771165,340.3751516908396,Down,36
2025-09-26 22:10:00,338.3,338.8,338.0,338.5,338.9947385688828,339.63120778315,338.4270805366399,340.3751516908396,Down,196
2025-09-26 22:20:00,338.5,338.7,338.2,338.7,338.9679441535298,339.5946898308696,338.4297961531908,340.3751516908396,Down,77
2025-09-26 22:30:00,338.7,340.4,338.7,340.1,339.07085832139074,339.61450591593353,338.44641509694014,340.3751516908396,Down,284
2025-09-26 22:40:00,340.1,340.2,339.1,339.3,339.0916893830825,339.6021723506028,338.4549084790601,340.3751516908396,Down,48
2025-09-26 22:50:00,339.3,339.6,338.6,338.8,339.06517216643863,339.57071461136354,338.45834222553714,340.3751516908396,Down,106
2025-09-26 23:00:00,338.4,339.7,338.2,339.6,339.11379287858057,339.5718630579767,338.4697020043875,340.3751516908396,Down,232
2025-09-26 23:10:00,339.8,340.9,339.7,340.0,339.19435716234597,339.5886527419776,338.48492885011495,340.3751516908396,Down,230
2025-09-26 23:20:00,340.0,340.3,339.0,339.1,339.1857792384963,339.5694898893511,338.4910489610591,340.3751516908396,Down,221
2025-09-29 09:00:00,337.6,337.9,337.1,337.5,339.0325265804512,339.48833342310206,338.481187777367,340.3751516908396,Down,114
2025-09-29 09:10:00,337.5,337.8,337.3,337.5,338.8932059822283,339.4103595633726,338.4714247149056,340.3751516908396,Down,111
2025-09-29 09:20:00,337.5,337.7,337.3,337.4,338.75745998384394,339.3315219334364,338.46076377246874,340.3751516908396,Down,27
2025-09-29 09:30:00,337.4,337.6,337.4,337.6,338.65223634894903,339.26361911251735,338.45219895881235,340.3751516908396,Down,37
2025-09-29 09:40:00,337.6,337.7,337.3,337.5,338.5474875899537,339.1944575786932,338.44272434230675,340.3751516908396,Down,23
2025-09-29 09:50:00,337.5,337.8,337.5,337.8,338.47953417268513,339.13977296776403,338.43632907521913,340.3751516908396,Down,24
2025-09-29 10:00:00,337.8,338.0,337.7,337.9,338.4268492478956,339.0911544200086,338.4309924675055,340.3751516908396,Down,13
2025-09-29 10:10:00,337.9,338.2,337.6,337.8,338.36986295263233,339.0405209133416,338.42471393549056,340.3751516908396,Down,55
2025-09-29 10:20:00,337.8,337.8,337.4,337.4,338.2816935933021,338.97618675987724,338.4145177769285,340.3751516908396,Down,13
2025-09-29 10:30:00,337.4,337.5,337.3,337.4,338.2015396302747,338.9143755143919,338.4044230726805,340.2382551438535,Down,39
2025-09-29 10:40:00,337.4,337.6,337.2,337.5,338.13776330024973,338.85890980794517,338.3954238381265,340.12568649441226,Down,39
2025-09-29 10:50:00,337.5,337.7,337.4,337.5,338.0797848184088,338.80561922724144,338.38651414819486,340.12568649441226,Down,6
2025-09-29 11:00:00,337.5,337.8,337.5,337.8,338.0543498349171,338.7661831791143,338.3806781865213,340.11089792926634,Down,45
2025-09-29 11:10:00,337.8,337.9,337.5,337.8,338.0312271226519,338.72829364267847,338.37490029411816,340.0826344811512,Down,38
2025-09-29 11:20:00,337.8,337.8,337.6,337.7,338.00111556604713,338.68796840178913,338.36818486830606,339.93875861922845,Down,61
2025-09-29 11:30:00,337.7,338.1,337.7,337.9,337.99192324186106,338.65706768015036,338.3635263124025,339.93875861922845,Down,87
2025-09-29 11:40:00,337.9,338.5,337.8,338.5,338.0381120380555,338.6509081632817,338.36488425954275,339.93875861922845,Down,54
2025-09-29 11:50:00,338.5,339.5,338.5,339.4,338.1619200345959,338.68028431374125,338.37518391865177,339.93875861922845,Down,88
2025-09-29 12:00:00,339.4,339.7,339.1,339.7,338.30174548599626,338.7202731641828,338.38836616821743,339.93875861922845,Down,105
2025-09-29 12:10:00,339.7,340.4,339.7,340.2,338.4743140781784,338.7783016675482,338.40639237549885,337.6158973746028,Up,91
2025-09-29 12:20:00,340.2,341.0,340.0,340.9,338.6948309801622,338.86150552372277,338.431204391663,337.9235430678208,Up,186
2025-09-29 12:30:00,340.9,341.0,340.5,340.6,338.86802816378383,338.92968177769444,338.45278444746737,338.2259482434734,Up,163
2025-09-29 12:40:00,340.6,340.8,340.2,340.5,339.01638923980346,338.99126288445154,338.4731547514727,338.2259482434734,Up,98
2025-09-29 12:50:00,340.5,340.5,340.0,340.3,339.13308112709404,339.04258590859075,338.4913323161347,338.2259482434734,Up,29
2025-09-29 13:00:00,340.3,340.3,339.7,340.0,339.21189193372186,339.08013155923425,338.50634393487957,338.2259482434734,Up,42
2025-09-29 13:10:00,340.0,340.5,339.8,340.5,339.32899266701986,339.13581267455845,338.5261813086619,338.2259482434734,Up,26
2025-09-29 13:20:00,340.5,340.7,340.1,340.6,339.4445387881999,339.1932317853601,338.546816320516,338.2259482434734,Up,69
2025-09-29 13:30:00,340.6,340.6,340.0,340.0,339.49503526199993,339.22486975456167,338.5612758596153,338.2259482434734,Up,61
2025-09-29 13:40:00,340.0,340.3,340.0,340.2,339.5591229654545,339.26311015634354,338.57758157245496,338.2259482434734,Up,13
2025-09-29 13:50:00,340.2,340.3,340.1,340.3,339.62647542314045,339.30377250315365,338.59472006427137,338.2259482434734,Up,6
2025-09-29 14:00:00,340.3,340.3,339.9,340.0,339.66043220285496,339.3310755422457,338.608702949204,338.2259482434734,Up,38
2025-09-29 14:10:00,340.0,340.3,340.0,340.3,339.7185747298681,339.3690725798047,338.6255317755801,338.2259482434734,Up,14
2025-09-29 14:20:00,340.3,340.7,340.1,340.7,339.807795208971,339.42126581196925,338.64617325045,338.2963535019029,Up,25
2025-09-29 14:30:00,340.7,340.7,340.5,340.6,339.8798138263372,339.4674906820881,338.66561431263455,338.61486681991175,Up,16
2025-09-29 14:40:00,340.6,340.8,340.5,340.5,339.9361943875793,339.5079812435749,338.6838669065387,338.7362425635561,Up,40
2025-09-29 14:50:00,340.5,341.6,340.5,341.3,340.06017671598113,339.57825648892486,338.709898081598,338.91022051232375,Up,85
2025-09-29 15:00:00,341.3,342.2,341.3,341.7,340.2092515599828,339.6614621168101,338.7396503394925,339.4774731930216,Up,106
2025-09-29 15:10:00,341.7,341.8,341.3,341.8,340.3538650545298,339.7453263475234,338.7701015798956,339.4774731930216,Up,59
2025-09-29 15:20:00,341.8,341.8,341.4,341.4,340.4489682313908,339.81021551036565,338.7962697233792,339.4774731930216,Up,15
2025-09-29 15:30:00,341.4,342.3,341.4,341.8,340.57178930126435,339.888246274665,338.8261575868282,339.5328498820598,Up,105
2025-09-29 15:40:00,341.8,342.6,341.8,342.5,340.7470811829676,339.990667989384,338.86271323273036,339.80259080187255,Up,74
2025-09-29 15:50:00,342.5,343.4,342.5,343.3,340.97916471178866,340.1204457152905,338.9068653398674,340.4432643653387,Up,145
2025-09-29 16:00:00,343.2,343.3,342.2,342.2,341.0901497379897,340.2019968637105,338.93963284892345,340.4432643653387,Up,132
2025-09-29 16:10:00,342.3,342.4,340.2,340.6,341.04559067089974,340.21760482983956,338.95615391510336,340.4432643653387,Up,469
2025-09-29 16:20:00,340.6,340.6,339.2,339.5,340.9050824280907,340.18946346396353,338.9615653189332,343.3502897330288,Down,198
2025-09-29 16:30:00,339.5,340.8,339.2,340.2,340.84098402553695,340.1898766614551,338.97388805207817,343.3502897330288,Down,295
2025-09-29 16:40:00,340.3,340.7,340.2,340.2,340.78271275048814,340.1902736551235,338.986088170963,343.3502897330288,Down,81
2025-09-29 16:50:00,340.2,340.3,339.2,339.6,340.67519340953464,340.1671256686481,338.9921967463763,343.3502897330288,Down,196
2025-09-29 17:00:00,339.6,339.6,338.2,338.3,340.45926673594056,340.09390505419134,338.9853092165616,342.7167131569079,Down,190
2025-09-29 17:10:00,338.3,338.6,337.7,338.3,340.262969759946,340.0235558363799,338.97849021938185,341.94701196082536,Down,181
2025-09-29 17:20:00,337.9,338.5,337.5,338.2,340.07542705449634,339.9520438427964,338.97074404804476,341.81546541893215,Down,227
2025-09-29 17:30:00,338.4,339.0,337.6,338.1,339.89584277681485,339.87941467249067,338.96207992816375,341.81546541893215,Down,214
2025-09-29 17:40:00,338.1,338.2,337.1,337.5,339.6780388880135,339.78610429317735,338.94753186917706,341.66608712308437,Down,322
2025-09-29 17:50:00,337.5,339.3,337.1,339.2,339.6345808072849,339.763119811092,338.95004398988175,341.66608712308437,Down,668
2025-09-29 18:00:00,339.1,339.8,338.2,339.3,339.604164370259,339.7449582498727,338.95352613923615,341.66608712308437,Down,240
2025-09-29 18:10:00,339.3,340.2,338.8,339.9,339.63105851841726,339.75103831850515,338.96294378959203,341.66608712308437,Down,186
2025-09-29 18:20:00,339.9,340.3,339.1,339.6,339.62823501674296,339.7451152471912,338.96928265735727,341.66608712308437,Down,145
2025-09-29 18:30:00,340.1,340.6,337.9,338.4,339.5165772879481,339.6923656296543,338.96361815330397,341.66608712308437,Down,288
2025-09-29 18:40:00,338.4,339.0,338.2,338.6,339.43325207995287,339.64952776182474,338.96000006222636,341.66608712308437,Down,158
2025-09-29 18:50:00,338.6,340.3,338.6,340.1,339.4938655272299,339.6671933397924,338.97134334518927,341.66608712308437,Down,195
2025-09-29 19:00:00,340.1,341.8,340.1,341.5,339.67624138839085,339.7390681107809,338.9965041079237,341.66608712308437,Down,335
2025-09-29 19:10:00,341.5,342.0,340.9,341.3,339.8238558076281,339.8002811260444,339.0194244650588,341.66608712308437,Down,270
2025-09-29 19:20:00,341.3,341.6,340.2,341.6,339.9853234614801,339.87085833678776,339.04510183356575,341.66608712308437,Down,197
2025-09-29 19:30:00,341.6,342.7,341.3,341.3,340.1048395104365,339.92690310789413,339.0675386312417,341.66608712308437,Down,305
2025-09-29 19:40:00,341.3,341.9,340.8,341.9,340.26803591857856,340.0042794566042,339.09572232645326,336.88777708014146,Up,133
2025-09-29 19:50:00,341.9,342.5,341.5,341.8,340.40730538052594,340.0746998700707,339.12263056201095,336.88777708014146,Up,168
2025-09-29 20:00:00,341.8,342.0,340.1,340.2,340.38845943684174,340.0796136006561,339.13335065592133,336.88777708014146,Up,192
2025-09-29 20:10:00,340.2,341.9,340.2,341.9,340.52587221531064,340.1510013025911,339.16087950511616,336.88777708014146,Up,82
2025-09-29 20:20:00,341.9,342.0,341.1,341.5,340.61442928664604,340.2039032122934,339.18415433591105,336.88777708014146,Up,52
2025-09-29 20:30:00,341.5,341.8,341.3,341.8,340.7222084424055,340.26649524318384,339.2101826509766,336.88777708014146,Up,50
2025-09-29 20:40:00,341.8,344.0,341.8,343.6,340.98382585673227,340.3972209199218,339.25386242559375,337.5318305127653,Up,696
2025-09-29 20:50:00,343.6,344.0,342.7,343.0,341.16711441521113,340.499290687768,339.2911374263341,337.9971186479685,Up,312
2025-09-29 21:00:00,343.0,343.6,342.9,343.5,341.3791949229192,340.6169655627575,339.33301665592285,338.1291987708804,Up,140
2025-09-29 21:10:00,343.5,343.6,342.6,343.3,341.55381356629016,340.7221825995121,339.37248912700824,338.1291987708804,Up,107
2025-09-29 21:20:00,343.3,343.6,343.0,343.4,341.7216486966274,340.8271950465901,339.4125638620629,338.5191725379177,Up,115
2025-09-29 21:30:00,343.4,343.7,343.3,343.7,341.9014988151158,340.9398540643709,339.4552249181618,339.0083386708343,Up,53
2025-09-29 21:40:00,343.7,344.6,343.3,343.9,342.08318074101436,341.0559382187093,339.4994515358915,339.39394424621304,Up,368
2025-09-29 21:50:00,343.9,345.3,343.9,345.0,342.34834612819486,341.21060730817163,339.5541833614051,339.94904022382997,Up,327
2025-09-29 22:00:00,345.0,347.0,344.9,346.1,342.68940557108624,341.40234819804726,339.6193158652717,340.9582183853,Up,439
2025-09-29 22:10:00,346.1,347.8,345.8,347.0,343.0812777918966,341.6218639549866,339.69275550840337,341.53474398663633,Up,535
2025-09-29 22:20:00,347.0,347.0,344.9,345.1,343.26479799263325,341.758261446948,339.74655893618046,341.53474398663633,Up,298
2025-09-29 22:30:00,345.1,345.7,345.1,345.5,343.4679981751211,341.9049962921657,339.8038071059697,341.53474398663633,Up,288
2025-09-29 22:40:00,345.5,345.5,344.7,345.0,343.60727106829194,342.02636898659057,339.8555105178507,341.53474398663633,Up,115
2025-09-29 22:50:00,345.0,345.3,344.7,345.0,343.7338827893563,342.14298196750855,339.90669946792184,341.53474398663633,Up,92
2025-09-29 23:00:00,345.0,345.4,344.3,344.9,343.83989344486935,342.25110032172387,339.9563840503306,341.53474398663633,Up,229
2025-09-29 23:10:00,344.9,345.0,344.5,344.9,343.93626676806304,342.3549787404798,340.00557425878503,341.53474398663633,Up,95
2025-09-29 23:20:00,344.9,346.0,344.7,344.8,344.01478797096644,342.4508619271276,340.05327998755337,341.53474398663633,Up,261
2025-10-01 09:00:00,348.2,348.8,348.2,348.4,344.4134436099695,342.68416145939716,340.13633192797573,342.8639558869671,Up,81
2025-10-01 09:10:00,348.4,348.6,348.3,348.4,344.775857827245,342.9083119904012,340.21855748093117,343.2172326245156,Up,56
2025-10-01 09:20:00,348.4,349.2,348.3,349.0,345.1598707520409,343.14720171626783,340.30593501843435,343.66566602228687,Up,37
2025-10-01 09:30:00,348.8,349.0,348.6,349.0,345.5089734109463,343.37672321759067,340.3924431277037,344.0324236566245,Up,38
2025-10-01 09:40:00,349.0,349.0,348.4,348.6,345.789975828133,343.58155760121457,340.47411036026386,344.1476578696586,Up,62
2025-10-01 09:50:00,348.6,348.7,348.4,348.5,346.03634166193905,343.77443769528463,340.5539699586692,344.3024162451441,Up,23
2025-10-01 10:00:00,348.5,348.7,348.5,348.7,346.27849241994454,343.9675970013519,340.6350249839561,344.66583295013106,Up,9
2025-10-01 10:10:00,348.7,348.7,348.3,348.7,346.49862947267684,344.1531814326715,340.71527349157844,344.7780299546646,Up,143
2025-10-01 10:20:00,348.7,348.7,348.6,348.7,346.69875406606985,344.331488043155,340.7947235065876,345.23002723151325,Up,59
2025-10-01 10:30:00,348.7,349.5,348.7,349.2,346.9261400600635,344.52241008067836,340.87835809856193,345.70002475592116,Up,55
2025-10-01 10:40:00,349.2,349.3,349.0,349.0,347.1146727818759,344.6980018422204,340.9591704557902,345.95002250538283,Up,5
2025-10-01 10:50:00,349.0,349.9,349.0,349.7,347.3497025289781,344.89415863272154,341.0461438840908,346.2136568230753,Up,56
2025-10-01 11:00:00,349.7,350.1,349.6,349.7,347.56336593543466,345.0826230000658,341.1322519051446,346.72605165734126,Up,89
2025-10-01 11:10:00,349.7,349.7,349.4,349.5,347.7394235776678,345.2558534706514,341.2155130802178,346.72605165734126,Up,16
2025-10-01 11:20:00,349.5,349.8,349.4,349.6,347.9085668887889,345.42621215807685,341.29894081076293,346.77359641102584,Up,52
2025-10-01 11:30:00,349.6,349.6,349.3,349.6,348.06233353526267,345.5898901126621,341.381538414636,346.77359641102584,Up,107
2025-10-01 11:40:00,349.6,350.2,349.5,349.9,348.229394122966,345.7589140298126,341.4662992264307,347.1604102570461,Up,44
2025-10-01 11:50:00,349.9,350.5,349.7,350.3,348.4176310208782,345.93699583256506,341.5541967465657,347.3640093245874,Up,109
2025-10-01 12:00:00,350.3,350.7,350.3,350.4,348.5978463826166,346.11201560383705,341.642214689386,347.86728120417035,Up,104
2025-10-01 12:10:00,350.4,351.5,350.4,351.5,348.8616785296514,346.323309109569,341.740302105412,348.1566192765185,Up,198
2025-10-01 12:20:00,351.4,351.7,351.1,351.4,349.0924350269558,346.52239502684074,341.8364185023731,348.64238116047136,Up,175
2025-10-01 12:30:00,351.4,351.5,350.8,350.8,349.24766820632345,346.69014424147446,341.92560836802113,348.64238116047136,Up,167
2025-10-01 12:40:00,350.7,351.1,350.5,350.5,349.3615165512031,346.8395503496519,342.0109256976925,348.64238116047136,Up,99
2025-10-01 12:50:00,350.5,350.9,350.3,350.4,349.4559241374574,346.97917582613616,342.09439907383495,348.64238116047136,Up,101
2025-10-01 13:00:00,350.4,350.9,350.4,350.6,349.55993103405217,347.1211689309936,342.17903191887143,348.64238116047136,Up,75
2025-10-01 13:10:00,350.6,351.0,350.4,351.0,349.6908463945929,347.27327995330756,342.26680274554934,348.64238116047136,Up,36
2025-10-01 13:20:00,351.0,351.0,350.4,350.4,349.75531490417535,347.3958964257269,342.34773008141457,348.64238116047136,Up,29
2025-10-01 13:30:00,350.4,350.9,350.3,350.7,349.84119536743214,347.5254691149141,342.4308372447836,348.64238116047136,Up,51
2025-10-01 13:40:00,350.7,351.0,350.7,350.9,349.93745033402917,347.65780365942726,342.515107520955,348.64238116047136,Up,26
2025-10-01 13:50:00,350.9,351.4,350.7,351.0,350.0340457582083,347.78887018258695,342.5995343117913,348.64238116047136,Up,27
2025-10-01 14:00:00,351.0,351.3,351.0,351.3,350.1491325074621,347.92656154797567,342.6861061096839,348.78341788335763,Up,21
2025-10-01 14:10:00,351.3,351.3,351.0,351.1,350.23557500678373,348.0510101147217,342.769826446901,348.88947080305235,Up,32
2025-10-01 14:20:00,351.1,351.2,350.4,350.4,350.25052273343977,348.14312736512477,342.84574857180746,348.88947080305235,Up,116
2025-10-01 14:30:00,350.4,350.8,350.4,350.5,350.2732024849452,348.235553742963,342.9219102775606,348.88947080305235,Up,50
2025-10-01 14:40:00,350.5,350.6,350.1,350.4,350.2847295317684,348.320433988337,342.9963191305202,348.88947080305235,Up,53
2025-10-01 14:50:00,350.4,350.5,350.1,350.3,350.2861177561531,348.3980640280101,343.0689925720076,348.88947080305235,Up,48
2025-10-01 15:00:00,350.3,351.6,350.3,351.3,350.37828886923006,348.51186543867635,343.15089314343044,348.88947080305235,Up,102
2025-10-01 15:10:00,351.3,351.3,351.0,351.2,350.45298988111824,348.61728248029686,343.23098375891874,348.88947080305235,Up,24
2025-10-01 15:20:00,351.2,351.8,351.2,351.8,350.57544534647116,348.74209493204995,343.31624760211355,349.14395917860645,Up,54
2025-10-01 15:30:00,351.8,352.3,351.8,352.0,350.70495031497376,348.8698559151068,343.40265309860996,349.7263265260059,Up,138
2025-10-01 15:40:00,352.0,352.1,351.5,351.5,350.777227559067,348.9729988203968,343.4832237145442,349.7263265260059,Up,91
2025-10-01 15:50:00,351.5,351.6,351.4,351.5,350.8429341446063,349.0720969058715,343.56299263280744,349.7263265260059,Up,40
2025-10-01 16:00:00,351.5,351.6,350.8,350.9,350.84812194964206,349.14377938015105,343.63599768123726,349.7263265260059,Up,74
2025-10-01 16:10:00,350.9,351.0,350.5,351.0,350.86192904512916,349.2165723456353,343.7092713361503,349.7263265260059,Up,64
2025-10-01 16:20:00,351.0,351.0,350.4,350.7,350.8472082228447,349.2747459791398,343.7788308253429,349.7263265260059,Up,13
2025-10-01 16:30:00,350.7,352.4,350.4,352.3,350.9792802025861,349.3933833917226,343.8636185783245,349.7263265260059,Up,160
2025-10-01 16:40:00,352.3,352.3,351.4,351.4,351.01752745689646,349.472074239106,343.93860744819193,349.7263265260059,Up,334
2025-10-01 16:50:00,351.3,351.6,351.1,351.6,351.0704795062695,349.55552230816073,344.0148402099015,349.7263265260059,Up,61
2025-10-01 17:00:00,351.6,351.6,350.1,350.7,351.0367995511541,349.60040378627207,344.0813592127881,349.7263265260059,Up,107
2025-10-01 17:10:00,350.7,351.0,350.5,350.6,350.9970905010492,349.6396036377908,344.14622131017325,349.7263265260059,Up,87
2025-10-01 17:20:00,350.6,351.9,350.6,351.9,351.07917318277197,349.72824663238725,344.2233733369377,349.7263265260059,Up,365
2025-10-01 17:30:00,351.9,351.9,350.1,351.3,351.0992483479745,349.7898840193524,344.2937875325901,349.7263265260059,Up,137
2025-10-01 17:40:00,351.3,352.1,350.2,350.8,351.07204395270406,349.8294964107504,344.35852596510165,349.7263265260059,Up,228
2025-10-01 17:50:00,350.8,351.5,349.4,349.6,350.9382217751855,349.82049655150524,344.4106799355982,353.7302934551552,Down,184
2025-10-01 18:00:00,349.6,350.8,348.9,350.3,350.880201613805,349.839300608309,344.469280135244,353.7302934551552,Down,401
2025-10-01 18:10:00,350.3,351.6,350.3,351.3,350.9183651034591,349.8965829373949,344.5372474970824,353.7302934551552,Down,237
2025-10-01 18:20:00,351.3,351.5,349.8,349.8,350.81669554859917,349.8927953712225,344.58961319362885,353.7302934551552,Down,166
2025-10-01 18:30:00,349.9,350.5,348.8,349.7,350.7151777714538,349.8852347684295,344.64046281359276,353.7302934551552,Down,369
2025-10-01 18:40:00,349.7,350.5,348.9,349.7,350.6228888831398,349.8779706598636,344.69080646718885,353.7302934551552,Down,285
2025-10-01 18:50:00,349.7,350.5,348.9,349.0,350.4753535301271,349.8435404379082,344.73368401477904,353.7302934551552,Down,475
2025-10-01 19:00:00,349.0,349.5,348.1,349.4,350.37759411829734,349.82614669524514,344.78011501960714,353.7302934551552,Down,380
2025-10-01 19:10:00,349.5,349.9,347.7,348.0,350.1614491984521,349.7545330993532,344.81215367612845,353.7302934551552,Down,414
2025-10-01 19:20:00,348.0,348.4,347.6,348.0,349.9649538167746,349.6857278797707,344.8438735400476,353.40468043344583,Down,112
2025-10-01 19:30:00,348.0,348.1,346.6,347.0,349.6954125607042,349.5804052178189,344.865327534674,352.80880039404167,Down,472
2025-10-01 19:40:00,347.0,348.5,347.0,348.4,349.57764778245837,349.53411481712016,344.90049840497574,352.80880039404167,Down,223
2025-10-01 19:50:00,348.4,348.8,348.1,348.5,349.4796798022349,349.4935612948802,344.9363143412446,352.80880039404167,Down,118
2025-10-01 20:00:00,348.3,348.5,347.5,348.5,349.3906180020317,349.4545981068457,344.9717739000382,352.80880039404167,Down,91
2025-10-01 20:10:00,348.7,350.1,348.7,349.7,349.4187436382107,349.4642217104988,345.01882092590847,352.80880039404167,Down,625
2025-10-01 20:20:00,349.7,350.8,349.7,350.5,349.51703967110063,349.5048404669499,345.0733600211731,352.80880039404167,Down,341
2025-10-01 20:30:00,350.5,351.3,350.1,350.5,349.60639970100056,349.5438663309911,345.1273564388728,352.80880039404167,Down,308
2025-10-01 20:40:00,350.5,350.5,349.6,349.8,349.6239997281823,349.5539107885993,345.1738504046552,352.80880039404167,Down,111
2025-10-01 20:50:00,349.8,350.2,349.5,349.8,349.639999752893,349.5635613459092,345.21988174391237,352.80880039404167,Down,57
2025-10-01 21:00:00,350.0,350.6,349.6,350.0,349.67272704808454,349.5806765872461,345.2674451096446,352.80880039404167,Down,157
2025-10-01 21:10:00,350.0,350.6,350.0,350.5,349.74793368007687,349.6167284857855,345.3195103324342,352.80880039404167,Down,50
2025-10-01 21:20:00,350.5,351.4,350.5,351.2,349.8799397091608,349.67881756477425,345.3780226674349,352.80880039404167,Down,232
2025-10-01 21:30:00,351.2,351.7,350.5,351.7,350.0453997356007,349.7580796210576,345.4409279145251,352.80880039404167,Down,194
2025-10-01 21:40:00,351.7,352.3,351.5,352.3,350.2503633960007,349.857762773173,345.5091773880124,352.80880039404167,Down,254
2025-10-01 21:50:00,352.3,355.8,352.2,355.3,350.70942126909154,350.07118384089176,345.6065985085297,348.7319408524923,Up,847
2025-10-01 22:00:00,355.2,355.9,354.0,354.5,351.05401933553776,350.2448629059548,345.6950900656588,349.46994622953844,Up,484
2025-10-01 22:10:00,354.5,356.1,354.5,355.9,351.49456303230704,350.4666329880742,345.79663145804034,349.7363147541259,Up,437
2025-10-01 22:20:00,355.9,359.4,355.7,359.0,352.17687548391547,350.8012748316791,345.9280082594529,351.146649776478,Up,633
2025-10-01 22:30:00,359.1,359.2,356.0,356.4,352.5607958944686,351.02083268141723,346.0322071822444,351.146649776478,Up,399
2025-10-01 22:40:00,356.4,358.2,356.4,358.2,353.0734508131533,351.302368654695,346.1532797475952,351.146649776478,Up,242
2025-10-01 22:50:00,358.4,358.9,357.4,358.6,353.5758643755939,351.5885502760795,346.2771277103057,351.2368893887889,Up,272
2025-10-01 23:00:00,358.7,359.0,358.0,358.2,353.996240341449,351.8478228142725,346.3957632554768,351.85171762617176,Up,147
2025-10-01 23:10:00,358.2,361.4,358.0,360.4,354.57840031040814,352.183202311752,346.53510889472585,352.41974329651975,Up,660
2025-10-01 23:20:00,360.4,360.7,359.1,359.7,355.0440002821892,352.4779786916833,346.6661028360719,352.6997666331998,Up,637
2025-10-03 09:00:00,359.5,364.8,359.4,363.7,355.83090934744473,352.9180579586761,346.83559435014087,353.59069693927256,Up,467
2025-10-03 09:10:00,363.7,364.2,363.2,363.4,356.51900849767696,353.3291145093163,347.00041430685593,355.60063358115684,Up,200
2025-10-03 09:20:00,363.4,363.6,363.0,363.2,357.1263713615245,353.71620805797056,347.1616042142504,355.7187578010517,Up,232
2025-10-03 09:30:00,363.2,363.6,362.8,363.0,357.6603376013859,354.080278330207,347.3192001922181,356.01705254641064,Up,155
2025-10-03 09:40:00,363.0,363.4,362.9,363.1,358.15485236489627,354.433992905493,347.47622307587767,356.438229587646,Up,84
2025-10-03 09:50:00,362.9,363.2,362.8,363.2,358.6135021499057,354.7777578895914,347.63267856766,356.75293598876914,Up,73
2025-10-03 10:00:00,363.2,363.4,363.0,363.0,359.01227468173244,355.10019875666626,347.7855872386286,357.3753963534265,Up,42
2025-10-03 10:10:00,363.0,363.4,363.0,363.4,359.41115880157497,355.42568115836565,347.94095452978655,357.7594512303877,Up,93
2025-10-03 10:20:00,363.4,363.9,363.4,363.8,359.81014436506814,355.7540858188219,348.0987559772514,358.52222839126154,Up,65
2025-10-03 10:30:00,363.8,363.9,363.5,363.5,360.1455857864256,356.0578471592603,348.25200218643306,358.8929349011469,Up,26
2025-10-03 10:40:00,363.5,363.7,363.5,363.7,360.468714351296,356.3575394275246,348.4057136074636,359.1572135464972,Up,29
2025-10-03 10:50:00,363.7,363.7,363.3,363.5,360.74428577390546,356.63763592056284,348.555905511867,359.3156486786338,Up,37
2025-10-03 11:00:00,363.5,363.5,363.1,363.5,360.99480524900497,356.9067482374035,348.70460296946044,359.35058970784894,Up,30
2025-10-03 11:10:00,363.5,363.7,363.1,363.3,361.2043684081864,357.1574639927995,348.8498308006101,359.59144518895357,Up,70
2025-10-03 11:20:00,363.3,363.6,363.3,363.6,361.42215309835126,357.4101124636701,348.99659865334036,359.87858653541235,Up,23
2025-10-03 11:30:00,363.6,363.6,362.4,363.1,361.57468463486475,357.63324530823206,349.13693100504844,359.87858653541235,Up,73
2025-10-03 11:40:00,363.1,363.1,361.8,362.0,361.61334966805885,357.80449059026216,349.26492174131664,359.87858653541235,Up,84
2025-10-03 11:50:00,362.0,362.6,361.7,362.1,361.65759060732626,357.97294193966366,349.3926339627961,359.87858653541235,Up,75
2025-10-03 12:00:00,362.1,362.3,361.6,362.1,361.6978096430239,358.1347873537945,349.5190754159026,359.87858653541235,Up,153
2025-10-03 12:10:00,362.1,362.7,362.0,362.4,361.7616451300217,358.30205059482216,349.64724381972445,359.87858653541235,Up,63
2025-10-03 12:20:00,362.4,362.4,361.7,361.8,361.76513193638334,358.43922508129975,349.7681667667919,359.87858653541235,Up,27
2025-10-03 12:30:00,361.8,362.1,361.4,362.1,361.79557448762125,358.5827848820331,349.8908715750826,359.87858653541235,Up,74
2025-10-03 12:40:00,362.1,362.3,362.0,362.1,361.8232495342011,358.7207148866592,350.0123554400072,359.87858653541235,Up,20
2025-10-03 12:50:00,362.1,362.3,361.8,362.3,361.8665904856374,358.861079008751,350.1346205600071,359.87858653541235,Up,14
2025-10-03 13:00:00,362.3,362.6,362.2,362.4,361.9150822596703,358.9998602240941,350.2566641365244,359.87858653541235,Up,21
2025-10-03 13:10:00,362.4,362.6,362.2,362.3,361.9500747815185,359.1292774702081,350.3764983242207,359.87858653541235,Up,32
2025-10-03 13:20:00,362.3,362.3,361.7,361.7,361.92734071047136,359.2300901184352,350.4891699826862,359.87858653541235,Up,13
2025-10-03 13:30:00,361.7,362.1,361.5,362.0,361.93394610042844,359.3387140353593,350.603705604749,359.87858653541235,Up,32
2025-10-03 13:40:00,362.0,362.0,361.8,362.0,361.93995100038944,359.4430781908354,350.7171015688809,359.87858653541235,Up,20
2025-10-03 13:50:00,362.0,362.2,361.9,361.9,361.9363190912631,359.5394280657046,350.82837419008604,359.87858653541235,Up,22
2025-10-03 14:00:00,362.2,362.6,362.0,362.2,361.9602900829665,359.6437642199907,350.94152469565734,359.87858653541235,Up,56
2025-10-03 14:10:00,362.2,362.4,362.0,362.3,361.9911728026968,359.74793032901067,351.0545443504269,359.87858653541235,Up,30
2025-10-03 14:20:00,362.3,363.1,362.3,362.8,362.06470254790617,359.86761933571614,351.1714145558953,360.19356640201676,Up,41
2025-10-03 14:30:00,362.8,363.4,362.8,363.3,362.1770023162783,360.0022224990214,351.2920969981252,360.60324218365156,Up,47
2025-10-03 14:40:00,363.3,363.3,362.6,362.6,362.21545665116207,360.1040961265108,351.40461344590506,360.60324218365156,Up,22
2025-10-03 14:50:00,362.7,362.9,362.4,362.9,362.2776878646928,360.21373941566725,351.5189954016672,360.60324218365156,Up,37
2025-10-03 15:00:00,362.9,363.2,362.9,363.1,362.35244351335706,360.32692610524896,351.6342292782676,360.689400588769,Up,28
2025-10-03 15:10:00,363.1,363.1,362.6,362.6,362.37494864850646,360.4160662579843,351.74334142475254,360.689400588769,Up,26
2025-10-03 15:20:00,362.6,362.9,362.6,362.8,362.4135896804604,360.50955385571046,351.85335792798884,360.689400588769,Up,21
2025-10-03 15:30:00,362.8,362.8,361.9,362.0,362.3759906186003,360.56800272411397,351.95431954064566,360.689400588769,Up,64
2025-10-03 15:40:00,362.0,362.2,361.9,362.0,362.341809653273,360.6241594800311,352.0542765601417,360.689400588769,Up,41
2025-10-03 15:50:00,362.0,363.9,362.0,363.8,362.4743724120664,360.74870224552006,352.1711494301901,360.689400588769,Up,110
2025-10-03 16:00:00,363.8,364.0,363.1,363.5,362.5676112836967,360.8565962751075,352.2838743114818,360.7386833074159,Up,57
2025-10-03 16:10:00,363.5,363.8,363.4,363.8,362.6796466215424,360.9720238721621,352.39846262679043,360.89880300674173,Up,31
2025-10-03 16:20:00,363.8,364.3,363.6,364.1,362.8087696559477,361.09468960266554,352.5148958344841,361.2398209152198,Up,102
2025-10-03 16:30:00,364.1,364.1,363.1,363.2,362.8443360508615,361.1772507947179,352.6212152789171,361.2398209152198,Up,88
2025-10-03 16:40:00,363.2,363.6,363.1,363.4,362.8948509553286,361.26441743021917,352.7284668681816,361.2398209152198,Up,33
2025-10-03 16:50:00,363.4,363.4,360.3,361.1,362.73168268666234,361.25796968785767,352.81176570531414,364.2956931980267,Down,1181
2025-10-03 17:00:00,361.1,361.2,359.4,359.7,362.456075169693,361.19687283735345,352.8803053500374,364.2538959666554,Down,333
2025-10-03 17:10:00,359.7,360.4,359.1,360.1,362.24188651790274,361.1538582162808,352.9521431077485,363.81717815150495,Down,211
2025-10-03 17:20:00,360.1,361.7,360.1,360.5,362.0835331980934,361.12821671760315,353.0272461614028,363.81717815150495,Down,296
2025-10-03 17:30:00,361.0,361.5,359.0,359.0,361.8032119982667,361.04475723848145,353.0866765478565,363.81717815150495,Down,298
2025-10-03 17:40:00,359.0,359.1,357.0,357.4,361.4029199984243,360.9018255820704,353.12959518917137,363.1766552603343,Down,333
2025-10-03 17:50:00,357.5,358.2,356.6,357.8,361.0753818167493,360.78018536316563,353.17606687883136,362.6424138730311,Down,244
2025-10-03 18:00:00,357.8,357.9,356.1,357.2,360.723074378863,360.63978593715916,353.21610601436544,362.4203762482101,Down,360
2025-10-03 18:10:00,357.2,358.3,356.8,358.0,360.4755221626027,360.5362649200157,353.2637069495459,362.4203762482101,Down,160
2025-10-03 18:20:00,358.0,358.4,357.0,357.4,360.1959292387297,360.41327413883863,353.30486409432655,362.4203762482101,Down,320
2025-10-03 18:30:00,357.4,360.3,357.1,359.2,360.105390217027,360.365694760845,353.36352216303976,362.4203762482101,Down,305
2025-10-03 18:40:00,359.2,365.8,358.5,363.4,360.40490019729725,360.4846871231648,353.4633876141538,356.6207471349955,Up,776
2025-10-03 18:50:00,363.3,363.6,360.9,361.6,360.5135456339066,360.5284248830407,353.54434893142593,356.6207471349955,Up,670
2025-10-03 19:00:00,361.6,363.2,360.9,362.2,360.6668596671878,360.59397684841167,353.6304748127053,356.6207471349955,Up,309
2025-10-03 19:10:00,362.2,362.6,361.2,361.3,360.72441787926164,360.62166403082693,353.706788496161,356.6207471349955,Up,123
2025-10-03 19:20:00,361.5,362.2,360.1,360.9,360.7403798902378,360.6325791668729,353.7783627399803,356.6207471349955,Up,251
2025-10-03 19:30:00,360.9,361.2,360.1,361.2,360.7821635365798,360.6548309642505,353.8522098768959,356.6207471349955,Up,157
2025-10-03 19:40:00,361.2,361.2,360.2,361.0,360.80196685143613,360.6683670048682,353.92333216667805,356.6207471349955,Up,103
2025-10-03 19:50:00,361.0,361.9,359.9,360.2,360.74724259221466,360.64999967134395,353.98578657297975,356.6207471349955,Up,356
2025-10-03 20:00:00,359.9,360.0,359.1,359.9,360.67022053837695,360.62058791952654,354.044634467776,356.6207471349955,Up,267
2025-10-03 20:10:00,359.7,359.7,358.9,359.5,360.56383685307,360.5766432952314,354.09891671187773,356.6207471349955,Up,103
2025-10-03 20:20:00,359.5,360.6,359.2,359.5,360.4671244118818,360.5344219895361,354.15265883414764,356.6207471349955,Up,170
2025-10-03 20:30:00,359.5,359.8,358.9,359.2,360.35193128352887,360.48209171543664,354.2028811343054,356.6207471349955,Up,88
2025-10-03 20:40:00,359.2,359.7,358.8,359.7,360.292664803208,360.4514214520862,354.25757883446164,356.6207471349955,Up,81
2025-10-03 20:50:00,359.7,360.3,359.3,360.1,360.2751498210982,360.43764021867105,354.3157123783974,356.6207471349955,Up,80
2025-10-03 21:00:00,360.1,360.1,358.8,359.6,360.2137725646347,360.40479158264475,354.36829235473175,356.6207471349955,Up,86
2025-10-03 21:10:00,359.6,360.8,359.0,359.1,360.1125205133043,360.3536232852861,354.4153740228439,356.6207471349955,Up,117
2025-10-03 21:20:00,359.1,359.8,358.8,359.8,360.0841095575493,360.3319125682161,354.46895239077577,356.6207471349955,Up,47
2025-10-03 21:30:00,359.8,359.8,359.0,359.0,359.98555414322664,360.2796807027959,354.5140374416138,356.6207471349955,Up,66
2025-10-03 21:40:00,359.0,360.2,358.2,360.2,360.00504922111514,360.2765559693529,354.5706141834883,356.6207471349955,Up,187
2025-10-03 21:50:00,360.2,360.6,359.8,359.9,359.9954992919229,360.261789068594,354.6236428980805,356.6207471349955,Up,145
2025-10-03 22:00:00,359.9,360.2,359.4,359.5,359.95045390174806,360.2319149874727,354.6721638642688,356.6207471349955,Up,60
2025-10-03 22:10:00,359.5,359.6,359.0,359.1,359.87313991068004,360.18752616443453,354.7162219352711,356.6207471349955,Up,105
2025-10-03 22:20:00,359.1,360.1,359.1,359.8,359.8664908278909,360.17232905994695,354.76680679163655,356.6207471349955,Up,57
2025-10-03 22:30:00,359.8,360.0,358.7,359.0,359.7877189344463,360.12635537132155,354.80892811709293,356.6207471349955,Up,68
2025-10-03 22:40:00,358.9,358.9,358.5,358.7,359.6888353949512,360.07041986656384,354.8476452502562,356.6207471349955,Up,84
2025-10-03 22:50:00,358.7,359.3,358.7,358.8,359.6080321772283,360.02059947963977,354.886972163189,356.6207471349955,Up,75
2025-10-03 23:00:00,359.4,359.7,359.1,359.6,359.6073019792985,360.004105382399,354.93386796256027,356.6207471349955,Up,62
2025-10-03 23:10:00,359.6,360.4,359.3,360.2,359.66118361754405,360.01178752426574,354.98626728631587,356.6207471349955,Up,155
2025-10-03 23:20:00,360.2,360.2,359.8,359.9,359.68289419776727,360.00740369978473,355.0351601491386,356.6207471349955,Up,205
2025-10-06 09:00:00,364.7,366.0,364.4,365.5,360.21172199797024,360.2227996331265,355.1392879088487,359.1524873225103,Up,617
2025-10-06 09:10:00,365.5,365.7,365.2,365.5,360.6924745436093,360.42974866712154,355.24237957144726,359.77044302046386,Up,308
2025-10-06 09:20:00,365.4,365.5,364.9,365.0,361.08406776691754,360.60897420958736,355.3394703219801,359.8185845640581,Up,96
2025-10-06 09:30:00,365.1,365.3,364.7,364.7,361.4127888790159,360.7694065935251,355.4326099207664,359.88962233096186,Up,91
2025-10-06 09:40:00,364.7,365.2,364.7,365.0,361.7388989809236,360.9353122173084,355.5278078320026,360.12238393723806,Up,84
2025-10-06 09:50:00,365.0,365.2,364.9,365.1,362.0444536190214,361.0986333068257,355.62305352521656,360.5521672156709,Up,41
2025-10-06 10:00:00,365.1,365.3,365.1,365.1,362.3222305627467,361.25554964773454,355.71735150009005,361.0383338324282,Up,45
2025-10-06 10:10:00,365.1,365.5,365.0,365.4,362.60202778431517,361.41807711252926,355.8136962612832,361.28484893857103,Up,43
2025-10-06 10:20:00,365.4,365.8,365.2,365.8,362.8927525311956,361.58991722576343,355.9130624676386,361.67713539870095,Up,41
2025-10-06 10:30:00,365.8,365.8,365.4,365.6,363.13886593745053,361.7471753737727,356.0094499057716,361.97921399881903,Up,64
2025-10-06 10:40:00,365.6,365.8,365.5,365.7,363.37169630677323,361.90218810421294,356.10587328979375,362.2492854534718,Up,48
2025-10-06 10:50:00,365.7,366.5,365.6,366.2,363.6288148243393,362.070729747185,356.20631236153713,362.63116859406534,Up,131
2025-10-06 11:00:00,366.3,366.4,366.0,366.3,363.87164984030846,362.23658348258954,356.30674706440743,362.94651690369574,Up,62
2025-10-06 11:10:00,366.3,366.3,365.2,365.9,364.0560453093713,362.3802468754292,356.40220231749794,362.94651690369574,Up,77
2025-10-06 11:20:00,365.9,366.4,365.9,366.4,364.2691320994285,362.53788425286336,356.50168289145324,362.94651690369574,Up,23
2025-10-06 11:30:00,366.4,367.9,365.8,367.8,364.5901200903895,362.74424173314327,356.6141039572099,363.1461058630322,Up,353
2025-10-06 11:40:00,367.8,368.3,367.4,368.0,364.9001091730814,362.950349900471,356.72739645514815,364.1555507845747,Up,120
2025-10-06 11:50:00,368.0,368.2,367.7,368.2,365.2000992482558,363.15621853182506,356.8415517143009,364.4095916223406,Up,59
2025-10-06 12:00:00,368.2,370.0,368.0,369.1,365.55463568023254,363.38930800116526,356.9635263241089,365.0541742021278,Up,420
2025-10-06 12:10:00,369.1,369.9,369.1,369.8,365.9405778911205,363.64070768739407,357.09125243033674,365.62197654738895,Up,180
2025-10-06 12:20:00,369.8,370.1,369.4,369.8,366.29143444647315,363.8822485623982,357.2177076300349,365.96997867944447,Up,134
2025-10-06 12:30:00,369.8,370.4,369.7,369.9,366.61948586043013,364.1182388148532,357.3438995939152,366.35907152676765,Up,108
2025-10-06 12:40:00,369.9,370.3,369.5,370.2,366.9449871458455,364.3567392534864,357.4718209909907,366.35907152676765,Up,81
2025-10-06 12:50:00,370.2,370.9,370.2,370.4,367.2590792234959,364.59372987099675,357.60045958809525,366.9806376254278,Up,115
2025-10-06 13:00:00,370.4,371.0,370.4,370.5,367.5537083849963,364.8253483074282,357.72881322403464,367.2369432958435,Up,130
2025-10-06 13:10:00,370.5,370.5,369.7,370.4,367.81246216817846,365.04396209929376,357.854894684492,367.2369432958435,Up,114
2025-10-06 13:20:00,370.4,370.6,370.1,370.1,368.02042015288947,365.2422380953999,357.97673652842747,367.2369432958435,Up,179
2025-10-06 13:30:00,370.1,370.5,369.4,369.4,368.14583650262676,365.40528758185485,358.0904008415775,367.2369432958435,Up,401
2025-10-06 13:40:00,369.6,370.0,369.4,370.0,368.31439682056975,365.5854723825664,358.2089043157907,367.2369432958435,Up,544
2025-10-06 13:50:00,370.0,370.2,369.8,369.9,368.4585425641543,365.7546695440344,358.3252336260813,367.2369432958435,Up,41
2025-10-06 14:00:00,369.9,369.9,369.5,369.9,368.58958414923114,365.91723152269975,358.4404054307969,367.2369432958435,Up,85
2025-10-06 14:10:00,369.9,370.1,369.8,370.0,368.7178037720283,366.077340090437,358.5554262722815,367.2369432958435,Up,33
2025-10-06 14:20:00,369.9,370.1,369.7,369.9,368.82527615638935,366.2272483221846,358.6683076029056,367.2369432958435,Up,48
2025-10-06 14:30:00,369.9,370.0,369.6,369.6,368.8957055967176,366.35951309386365,358.77708066158317,367.2369432958435,Up,38
2025-10-06 14:40:00,369.6,369.8,369.0,369.0,368.9051869061069,366.4630615999867,358.8788012520152,367.2369432958435,Up,561
2025-10-06 14:50:00,369.0,369.0,368.7,368.8,368.8956244600972,366.5547062431245,358.97751964751757,367.2369432958435,Up,100
2025-10-06 15:00:00,368.8,369.2,368.7,368.9,368.89602223645204,366.6466785473157,359.0762507953035,367.2369432958435,Up,123
2025-10-06 15:10:00,368.9,368.9,367.9,368.1,368.8236565785927,366.70367154546017,359.16603934460403,367.2369432958435,Up,233
2025-10-06 15:20:00,368.1,368.2,367.3,367.5,368.70332416235703,366.7349001123049,359.2489643262498,367.2369432958435,Up,140
2025-10-06 15:30:00,367.5,369.2,367.5,368.9,368.72120378396096,366.8198059902537,359.3449945319588,367.2369432958435,Up,127
2025-10-06 15:40:00,368.9,369.0,368.6,368.8,368.72836707632814,366.8974606573026,359.4390741883572,367.2369432958435,Up,103
2025-10-06 15:50:00,368.8,368.8,367.8,368.1,368.6712427966619,366.9446190628986,359.52525255464224,367.2369432958435,Up,117
2025-10-06 16:00:00,368.1,368.3,367.2,367.6,368.57385708787444,366.9703202761183,359.6055983003672,367.2369432958435,Up,98
2025-10-06 16:10:00,367.6,368.0,367.6,367.6,368.4853246253404,366.9950135986235,359.68514458593575,367.2369432958435,Up,50
2025-10-06 16:20:00,367.6,367.7,367.3,367.4,368.38665875030944,367.01089541828526,359.76190931642395,367.2369432958435,Up,68
2025-10-06 16:30:00,367.4,367.4,366.6,367.0,368.26059886391766,367.01046814698,359.8339301192456,369.92994727408274,Down,135
2025-10-06 16:40:00,367.0,368.0,367.0,367.7,368.20963533083426,367.0375086118043,359.912199471293,369.92994727408274,Down,90
2025-10-06 16:50:00,367.7,368.2,367.2,367.6,368.15421393712205,367.0595670976159,359.9886949989418,369.92994727408274,Down,59
2025-10-06 17:00:00,367.6,367.6,365.0,365.1,367.8765581246564,366.982721329082,360.03955375517126,369.92994727408274,Down,304
2025-10-06 17:10:00,365.1,366.0,365.0,366.0,367.7059619315058,366.94418323774545,360.0988616780054,369.29806521008317,Down,145
2025-10-06 17:20:00,366.0,367.0,365.4,365.4,367.49632902864164,366.88362703234367,360.1516093230004,369.29806521008317,Down,200
2025-10-06 17:30:00,365.4,367.0,365.0,366.8,367.4330263896742,366.8803475408792,360.2177624640651,369.29806521008317,Down,237
2025-10-06 17:40:00,366.8,367.0,362.0,362.4,366.97547853606744,366.7046476373153,360.23947627039286,369.29806521008317,Down,644
2025-10-06 17:50:00,362.5,363.9,361.1,361.8,366.504980487334,366.51230851428335,360.2550038696925,368.80338447516095,Down,511
2025-10-06 18:00:00,361.7,362.4,360.4,361.2,366.02270953394,366.30398269019383,360.2644068162627,367.8576222501463,Down,444
2025-10-06 18:10:00,361.2,361.5,360.2,360.7,365.53882684903635,366.0842186631274,360.26874107679737,367.1932929546785,Down,550
2025-10-06 18:20:00,360.7,363.4,360.7,362.3,365.2443880445785,365.93581793124,360.2889526083715,367.1932929546785,Down,298
2025-10-06 18:30:00,362.3,363.2,361.5,361.9,364.94035276779863,365.7775505613875,360.30498293067626,367.1932929546785,Down,274
2025-10-06 18:40:00,361.9,362.2,359.6,360.3,364.51850251618055,365.5627446570194,360.3049333492765,367.1932929546785,Down,497
2025-10-06 18:50:00,360.3,360.4,359.1,360.4,364.14409319652776,365.36028408223433,360.30587928609964,366.6633344407338,Down,298
2025-10-06 19:00:00,360.4,361.8,359.4,359.8,363.749175633207,365.1422337260683,360.3008456613623,366.6633344407338,Down,218
2025-10-06 19:10:00,359.7,359.8,357.8,359.2,363.33561421200636,364.90920495249696,360.2898919731896,366.03416069482137,Down,337
2025-10-06 19:20:00,359.0,359.0,357.8,358.8,362.92328564727853,364.6696282876932,360.2750671774365,365.48560063165576,Down,120
2025-10-06 19:30:00,358.8,359.0,357.5,357.5,362.4302596793441,364.3884663940581,360.2474545687058,365.23690966514164,Down,153
2025-10-06 19:40:00,357.5,357.8,356.8,357.4,361.9729633448583,364.1144088884088,360.2191216874252,364.01537242285605,Down,228
2025-10-06 19:50:00,357.4,357.4,356.2,356.6,361.48451213168937,363.8197261869026,360.1831105263563,363.34124765714176,Down,252
2025-10-06 20:00:00,356.6,357.3,356.0,356.7,361.04955648335397,363.54052123839665,360.1484527101737,363.0693160519471,Down,297
2025-10-06 20:10:00,356.7,356.9,355.9,356.5,360.63596043941266,363.2644223663027,360.11214969813216,362.5993782290428,Down,157
2025-10-06 20:20:00,356.5,357.7,356.5,357.4,360.34178221764785,363.0344450186046,360.08516313397166,362.5993782290428,Down,94
2025-10-06 20:30:00,357.4,357.9,356.6,357.9,360.11980201604354,362.83309423356127,360.06342021721576,362.5993782290428,Down,178
2025-10-06 20:40:00,357.9,357.9,356.5,357.0,359.83618365094867,362.6043454400883,360.03293842400967,362.5993782290428,Down,133
2025-10-06 20:50:00,357.0,357.7,355.4,357.4,359.6147124099533,362.4002534620456,360.006740031731,362.5993782290428,Down,280
2025-10-06 21:00:00,357.1,358.1,357.1,358.0,359.46792037268483,362.2276945027497,359.98677246922625,362.5993782290428,Down,101
2025-10-06 21:10:00,358.0,358.3,356.6,356.6,359.2072003388044,362.0070006006811,359.95307324067676,362.5993782290428,Down,91
2025-10-06 21:20:00,356.6,358.2,356.3,358.2,359.11563667164035,361.857706459478,359.93562972584414,362.5993782290428,Down,106
2025-10-06 21:30:00,358.3,359.8,358.0,359.4,359.1414878833094,361.7613258140083,359.93030007683075,362.5993782290428,Down,285
2025-10-06 21:40:00,359.4,360.3,359.0,359.3,359.1558980757359,361.6648032330668,359.9240284342753,362.5993782290428,Down,298
2025-10-06 21:50:00,359.5,359.7,358.2,358.6,359.10536188703264,361.54461487098575,359.91085402199394,362.5993782290428,Down,107
2025-10-06 22:00:00,358.6,358.7,357.8,358.3,359.03214717002965,361.4173750721236,359.89482562376514,362.5993782290428,Down,90
2025-10-06 22:10:00,358.5,359.3,358.3,359.2,359.04740651820873,361.33041918694227,359.88791193596654,362.5993782290428,Down,104
2025-10-06 22:20:00,359.2,360.5,359.1,359.5,359.08855138018976,361.2586380423563,359.8840521157082,362.5993782290428,Down,239
2025-10-06 22:30:00,359.5,359.9,359.2,359.3,359.1077739819907,361.18182870736194,359.8782406518703,362.5993782290428,Down,37
2025-10-06 22:40:00,359.3,359.4,359.2,359.3,359.125249074537,361.10803150315166,359.8724870135433,362.5993782290428,Down,61
2025-10-06 22:50:00,359.2,359.4,358.3,358.3,359.0502264313973,360.99791262067515,359.8568403765927,362.5993782290428,Down,124
2025-10-06 23:00:00,358.3,358.3,356.7,357.1,358.8729331194521,360.8450533022173,359.8294091290644,362.5993782290428,Down,213
2025-10-06 23:10:00,357.1,358.3,356.8,357.2,358.720848290411,360.7021100354637,359.8032458541484,362.5993782290428,Down,219
2025-10-06 23:20:00,357.2,357.4,356.8,357.0,358.5644075367373,360.55692924975926,359.7753528605748,362.0644241227619,Down,121
2025-10-07 09:00:00,359.3,359.3,357.3,358.0,358.5130977606703,360.4566575144746,359.75768765798205,362.0644241227619,Down,174
2025-10-07 09:10:00,358.0,358.2,357.9,358.0,358.4664525097003,360.3603180041031,359.74019822854945,362.0644241227619,Down,66
2025-10-07 09:20:00,358.0,358.1,357.9,358.0,358.42404773609115,360.2677565137461,359.72288282329026,362.0644241227619,Down,34
2025-10-07 09:30:00,358.0,358.1,357.9,358.1,358.39458885099197,360.18274645438356,359.7067347354963,362.0644241227619,Down,51
2025-10-07 09:40:00,358.1,358.2,357.9,358.2,358.37689895544725,360.1049916914666,359.69174235006847,362.02103782203267,Down,12
2025-10-07 09:50:00,358.2,358.4,358.1,358.4,358.37899905040655,360.0381292721934,359.6788891923564,361.969125292757,Down,35
2025-10-07 10:00:00,358.4,358.5,358.2,358.2,358.3627264094605,359.9660457713231,359.66417387700955,361.8401139025064,Down,21
2025-10-07 10:10:00,358.2,358.5,358.2,358.5,358.37520582678223,359.90855378029084,359.6525900573378,361.63192172955127,Down,17
2025-10-07 10:20:00,358.5,358.8,358.5,358.7,358.40473256980204,359.8611595143971,359.64311154930465,361.63192172955127,Down,24
2025-10-07 10:30:00,358.6,358.6,358.2,358.5,358.4133932452746,359.80778070991096,359.63173730503297,361.39332374343076,Down,36
2025-10-07 10:40:00,358.5,359.0,358.5,359.0,358.4667211320678,359.7761030350125,359.62545136169933,361.39332374343076,Down,21
2025-10-07 10:50:00,359.0,359.0,358.6,358.6,358.47883739278893,359.72998134736497,359.61524786556305,361.39332374343076,Down,21
2025-10-07 11:00:00,358.6,360.4,358.6,360.0,358.6171249025354,359.74057031413497,359.6190762450102,361.39332374343076,Down,201
2025-10-07 11:10:00,360.0,360.0,359.0,359.2,358.67011354775946,359.7193714782865,359.6149063321246,361.39332374343076,Down,31
2025-10-07 11:20:00,359.2,360.0,358.9,360.0,358.791012316145,359.73037651835375,359.61873810991443,361.39332374343076,Down,38
2025-10-07 11:30:00,360.0,360.1,356.8,357.6,358.68273846922267,359.6468323411634,359.5986511635472,361.39332374343076,Down,267
2025-10-07 11:40:00,357.6,357.9,357.2,357.5,358.57521679020243,359.5626428375884,359.57776906241736,361.39332374343076,Down,79
2025-10-07 11:50:00,357.5,358.0,357.4,357.8,358.5047425365476,359.4935195890555,359.5600798180152,361.39332374343076,Down,30
2025-10-07 12:00:00,357.8,357.8,356.6,356.8,358.349765942316,359.38789136987685,359.5326163372389,361.24404762354453,Down,89
2025-10-07 12:10:00,356.7,357.4,356.5,357.4,358.26342358392367,359.30993484556797,359.5113962741818,360.9536796577677,Down,44
2025-10-07 12:20:00,357.4,357.4,357.0,357.3,358.1758396217488,359.23111387123197,359.4893923311551,360.9536796577677,Down,12
2025-10-07 12:30:00,357.3,357.5,356.9,357.0,358.0689451106807,359.14361920961505,359.4646222582083,360.8592393865849,Down,69
2025-10-07 12:40:00,357.0,357.5,357.0,357.5,358.01722282789154,359.07916355433605,359.44507377802717,360.7583994423499,Down,56
2025-10-07 12:50:00,357.8,358.2,357.4,358.0,358.01565711626506,359.03684341495034,359.4306949344647,360.7583994423499,Down,54
2025-10-07 13:00:00,358.0,358.7,358.0,358.7,358.0778701056955,359.023633869266,359.42342433810194,360.7583994423499,Down,45
2025-10-07 13:10:00,358.7,359.4,358.6,359.2,358.17988191426866,359.0305501881183,359.42120121035964,360.7583994423499,Down,61
2025-10-07 13:20:00,359.2,359.6,358.9,359.0,358.2544381038806,359.0293521415254,359.41701015354016,360.7583994423499,Down,133
2025-10-07 13:30:00,359.0,359.2,358.8,359.0,358.3222164580732,359.02820107715183,359.4128607987786,360.7583994423499,Down,19
2025-10-07 13:40:00,359.0,359.0,358.6,358.8,358.3656513255211,359.01925201530275,359.4067626813778,360.7583994423499,Down,23
2025-10-07 13:50:00,358.8,359.6,358.7,359.6,358.4778648413828,359.0420264460752,359.4086854407671,360.7583994423499,Down,40
2025-10-07 14:00:00,359.5,359.5,359.1,359.1,358.53442258307524,359.04429991877817,359.40561394384406,360.7583994423499,Down,26
2025-10-07 14:10:00,359.1,359.1,358.5,358.7,358.54947507552293,359.030797961179,359.39859290957696,360.7583994423499,Down,19
2025-10-07 14:20:00,358.7,359.2,358.7,359.2,358.60861370502084,359.0374333352504,359.3966168607255,360.7583994423499,Down,12
2025-10-07 14:30:00,359.0,359.5,359.0,359.4,358.6805579136553,359.0516516358289,359.39665052380286,360.7583994423499,Down,30
2025-10-07 14:40:00,359.4,360.6,359.4,360.2,358.8186890124139,359.09668490501207,359.4046440509292,360.7583994423499,Down,153
2025-10-07 14:50:00,360.2,360.9,360.2,360.3,358.953353647649,359.1438737322665,359.41355306534786,360.7583994423499,Down,120
2025-10-07 15:00:00,360.3,360.3,359.4,359.4,358.9939578614991,359.1539178996286,359.4134182089762,360.7583994423499,Down,94
2025-10-07 15:10:00,359.4,359.6,358.9,359.1,359.00359805590824,359.15180347219217,359.4102996198322,360.7583994423499,Down,39
2025-10-07 15:20:00,359.1,359.4,358.9,359.0,359.00327095991656,359.1458503948513,359.4062170365503,360.7583994423499,Down,34
2025-10-07 15:30:00,359.0,359.4,358.8,359.4,359.0393372362878,359.1558170460337,359.4061551754901,360.7583994423499,Down,75
2025-10-07 15:40:00,359.4,359.7,358.2,358.9,359.0266702148071,359.1457850050128,359.4011188055847,360.7583994423499,Down,73
2025-10-07 15:50:00,358.9,360.0,358.7,358.8,359.0060638316428,359.13222480873776,359.39513752393714,360.7583994423499,Down,117
2025-10-07 16:00:00,358.8,358.8,358.0,358.1,358.9236943924025,359.09174540447356,359.38225058340043,360.7583994423499,Down,111
2025-10-07 16:10:00,358.1,358.4,358.0,358.1,358.8488130840023,359.0528534278276,359.36949187112776,360.7583994423499,Down,19
2025-10-07 16:20:00,358.1,359.4,358.0,359.2,358.8807391672748,359.05862388163825,359.36780538484794,360.7583994423499,Down,55
2025-10-07 16:30:00,359.2,360.9,358.7,360.0,358.982490152068,359.09554059216225,359.3740958785311,360.7583994423499,Down,234
2025-10-07 16:40:00,360.0,360.6,359.9,360.2,359.09317286551635,359.13885272580296,359.38231382998845,360.7583994423499,Down,152
2025-10-07 16:50:00,360.2,360.7,359.9,360.5,359.2210662413785,359.1922310502813,359.39343508541145,360.7583994423499,Down,87
2025-10-07 17:00:00,360.5,362.9,360.4,362.9,359.55551476488955,359.33763375419187,359.42832627859144,357.6044673057582,Up,501
2025-10-07 17:10:00,362.7,363.0,360.3,360.7,359.65955887717234,359.39105988147844,359.4409797484562,357.6044673057582,Up,308
2025-10-07 17:20:00,360.7,361.1,359.8,360.3,359.7177807974294,359.4267045920087,359.4495272136457,357.6044673057582,Up,197
2025-10-07 17:30:00,360.3,360.9,358.8,359.5,359.69798254311763,359.4295789217339,359.45002943042533,357.6044673057582,Up,250
2025-10-07 17:40:00,359.5,359.7,356.7,358.1,359.55271140283423,359.377438571862,359.4365963017644,357.6044673057582,Up,515
2025-10-07 17:50:00,358.1,359.1,357.4,358.8,359.48428309348566,359.35479392198505,359.43026201020456,357.6044673057582,Up,186
2025-10-07 18:00:00,358.8,358.8,357.4,358.2,359.3675300849869,359.3095078858288,359.4180205971677,357.6044673057582,Up,187
2025-10-07 18:10:00,358.2,358.6,355.2,356.2,359.07957280453354,359.18756640011,359.3860004917233,363.5022902535033,Down,738
2025-10-07 18:20:00,356.2,357.1,355.6,355.7,358.77233891321225,359.0507990903017,359.3493238699151,362.897536594094,Down,372
2025-10-07 18:30:00,356.0,358.3,355.4,358.3,358.72939901201113,359.02135598872127,359.3388828363836,362.897536594094,Down,420
2025-10-07 18:40:00,358.3,361.8,358.0,361.8,359.00854455637375,359.1303224205361,359.36337156437986,362.897536594094,Down,644
2025-10-07 18:50:00,361.8,362.9,361.4,362.8,359.3532223239761,359.274231345221,359.397566872197,362.897536594094,Down,740
2025-10-07 19:00:00,362.8,363.4,362.2,363.0,359.684747567251,359.4203399199182,359.4334119779463,355.46141889618605,Up,706
2025-10-07 19:10:00,363.0,363.7,361.6,362.8,359.96795233386456,359.5528756093332,359.4669103662255,355.46141889618605,Up,692
2025-10-07 19:20:00,362.8,363.3,361.6,362.0,360.15268393987685,359.64884127171234,359.4921152382033,355.46141889618605,Up,201
2025-10-07 19:30:00,362.0,363.2,361.6,362.7,360.3842581271607,359.76849455517464,359.5240344895645,355.46141889618605,Up,193
2025-10-07 19:40:00,362.7,363.1,361.3,362.2,360.5493255701461,359.86384770987365,359.5506610120564,355.46141889618605,Up,198
2025-10-07 19:50:00,362.2,362.4,361.7,362.0,360.6812050637692,359.9476183879178,359.5750325442748,355.46141889618605,Up,55
2025-10-07 20:00:00,362.0,364.6,362.0,364.0,360.9829136943356,360.1065353138818,359.61906207119745,356.1062429101714,Up,768
2025-10-07 20:10:00,364.0,364.2,362.6,363.2,361.18446699485054,360.22784765451394,359.6546932943696,356.2784026456103,Up,142
2025-10-07 20:20:00,363.2,364.0,363.2,363.6,361.40406090440956,360.3600889229644,359.69395007751024,356.83491149600945,Up,84
2025-10-07 20:30:00,363.6,364.1,363.1,363.5,361.5946008221905,360.48322269069126,359.73182122101764,357.0862831781904,Up,219
2025-10-07 20:40:00,363.4,364.5,363.1,363.7,361.7860007474459,360.6093708204681,359.7713055869777,357.36934834380946,Up,161
2025-10-07 20:50:00,363.7,363.7,362.5,362.9,361.887273406769,360.69919941574386,359.80243687466947,357.36934834380946,Up,168
2025-10-07 21:00:00,362.9,363.5,362.2,362.9,361.97933946069907,360.7855053210088,359.8332583983046,357.36934834380946,Up,124
2025-10-07 21:10:00,362.9,363.1,362.3,362.9,362.06303587336276,360.86842668096926,359.86377324011255,357.36934834380946,Up,54
2025-10-07 21:20:00,362.8,363.7,362.7,363.2,362.1663962485116,360.9598609287744,359.8969695262806,357.4611490634584,Up,89
2025-10-07 21:30:00,363.2,364.0,363.2,363.7,362.3058147713742,361.0673173629401,359.9348106255216,358.0919536940531,Up,61
2025-10-07 21:40:00,363.7,363.9,363.4,363.7,362.43255888306743,361.1705598192954,359.97227519641194,358.4608669945937,Up,56
2025-10-07 21:50:00,363.7,363.9,361.6,362.5,362.43868989369764,361.2226947283426,359.9974266869949,358.4608669945937,Up,249
2025-10-07 22:00:00,362.5,363.4,361.6,362.2,362.4169908124524,361.2610204252704,360.01934283936316,358.4608669945937,Up,155
2025-10-07 22:10:00,362.2,363.1,361.9,362.6,362.43362801132037,361.313529428201,360.04502102006603,358.4608669945937,Up,65
2025-10-07 22:20:00,362.6,362.9,362.3,362.9,362.4760254648367,361.3757439604284,360.0734287711102,358.4608669945937,Up,45
2025-10-07 22:30:00,362.9,363.4,362.3,363.4,362.56002314985153,361.45512655021554,360.1065289823429,358.4608669945937,Up,119
2025-10-07 22:40:00,363.4,363.7,363.3,363.3,362.62729377259234,361.5274745286385,360.1383048133644,358.587237410732,Up,106
2025-10-07 22:50:00,363.3,363.8,363.3,363.4,362.6975397932657,361.60090690006444,360.17075949183845,358.9020340097564,Up,43
2025-10-07 23:00:00,363.5,363.6,362.8,363.1,362.734127084787,361.6596948647678,360.1999061635615,358.9020340097564,Up,177
2025-10-07 23:10:00,363.1,363.3,362.2,362.5,362.7128428043518,361.6926480073259,360.2227926693967,358.9020340097564,Up,160
2025-10-07 23:20:00,362.5,363.2,362.3,363.2,362.757129822138,361.75175985017586,360.2524166229351,358.9020340097564,Up,140
2025-10-08 09:00:00,364.7,367.8,364.7,367.3,363.1701180201254,361.96933789526696,360.3225418306671,360.5559859365865,Up,524
2025-10-08 09:10:00,367.3,367.3,367.0,367.2,363.53647092738674,362.17446189937414,360.3909742502625,361.8645326696241,Up,226
2025-10-08 09:20:00,367.2,367.2,366.8,367.2,363.86951902489704,362.3715418248889,360.45872575025993,362.04957515420375,Up,171
2025-10-08 09:30:00,367.2,367.2,366.8,367.0,364.15410820445186,362.55304998861874,360.5238130562275,362.35415923109434,Up,131
2025-10-08 09:40:00,367.0,367.3,367.0,367.0,364.4128256404108,362.7274401851435,360.5882527273098,362.81741748281297,Up,46
2025-10-08 09:50:00,367.0,367.4,367.0,367.2,364.66620512764615,362.9028346876869,360.6540412573863,363.11583407528457,Up,72
2025-10-08 10:00:00,367.2,367.2,366.6,366.9,364.86927738876926,363.05958626856193,360.7161901005964,363.11583407528457,Up,66
2025-10-08 10:10:00,366.9,367.1,366.7,367.1,365.07207035342657,363.2180338658732,360.7797105971079,363.18085460767315,Up,33
2025-10-08 10:20:00,367.1,367.2,366.6,366.8,365.2291548667514,363.35850312603503,360.83961397425117,363.3007769160665,Up,44
2025-10-08 10:30:00,366.8,366.9,366.7,366.9,365.3810498788649,363.4973853563866,360.89991632276605,363.45525174187867,Up,21
2025-10-08 10:40:00,366.9,367.2,366.9,367.2,365.5464089807863,363.6425859306459,360.96260372253954,363.9002288562533,Up,60
2025-10-08 10:50:00,367.2,367.2,367.0,367.1,365.6876445279875,363.77817079611077,361.0236723422158,364.1638444147758,Up,43
2025-10-08 11:00:00,367.1,367.3,366.9,367.3,365.83422229817046,363.9162817452829,361.0861233636863,364.28531310434164,Up,80
2025-10-08 11:10:00,367.3,367.3,366.1,366.1,365.85838390742765,364.00191775527185,361.1360126834506,364.28531310434164,Up,121
2025-10-08 11:20:00,366.1,366.2,365.8,365.9,365.8621671885706,364.07635235310437,361.18341554232177,364.28531310434164,Up,72
2025-10-08 11:30:00,366.0,366.7,366.0,366.6,365.9292428987005,364.17531892749247,361.23731190508477,364.28531310434164,Up,37
2025-10-08 11:40:00,366.6,367.0,366.5,366.6,365.9902208170005,364.2704044597477,361.2906719856312,364.28531310434164,Up,33
2025-10-08 11:50:00,366.6,366.6,366.0,366.0,365.99110983363676,364.338231735836,361.33753097084883,364.28531310434164,Up,23
2025-10-08 12:00:00,366.1,366.2,365.9,366.2,366.0100998487607,364.41124225599935,361.3859137472583,364.28531310434164,Up,29
2025-10-08 12:10:00,366.2,367.5,366.2,367.3,366.12736349887336,364.5245268734111,361.4447603766389,364.28531310434164,Up,151
2025-10-08 12:20:00,367.5,368.4,367.4,368.3,366.3248759080667,364.6725846430813,361.51297171617483,364.8922499550376,Up,200
2025-10-08 12:30:00,368.3,368.7,368.2,368.7,366.5407962800606,364.83052250021535,361.58448443541687,365.5338635954887,Up,96
2025-10-08 12:40:00,368.7,368.7,367.1,367.1,366.59163298187326,364.91952161785395,361.63936518730327,365.5338635954887,Up,107
2025-10-08 12:50:00,367.1,367.6,366.7,366.8,366.6105754380666,364.9932658681342,361.6907147874296,365.5338635954887,Up,90
2025-10-08 13:00:00,366.8,367.8,366.8,367.5,366.6914322164241,365.0915691674231,361.74851862039054,365.5338635954887,Up,51
2025-10-08 13:10:00,367.5,367.7,367.2,367.5,366.7649383785674,365.1860174353673,361.8057472908344,365.5338635954887,Up,21
2025-10-08 13:20:00,367.5,367.6,367.5,367.5,366.83176216233403,365.2767618496667,361.8624065217714,365.5338635954887,Up,8
2025-10-08 13:30:00,367.6,368.0,367.6,367.7,366.91069287484913,365.3717907967386,361.9204920290175,365.5338635954887,Up,51
2025-10-08 13:40:00,367.7,368.4,367.7,368.2,367.02790261349924,365.4827009615724,361.98297469539546,365.5338635954887,Up,75
2025-10-08 13:50:00,368.2,368.7,368.1,368.6,367.1708205577266,365.6049479826872,362.04881574320245,365.5791550878122,Up,184
2025-10-08 14:00:00,368.6,369.2,368.3,368.5,367.2916550524787,365.7184794343465,362.1130066313298,365.858322807102,Up,167
2025-10-08 14:10:00,368.5,368.9,368.5,368.7,367.41968641134423,365.8354018094701,362.17854885390364,365.92574800645633,Up,33
2025-10-08 14:20:00,368.7,369.0,368.5,369.0,367.5633512830402,365.9595036992948,362.2464239896857,366.046134551324,Up,52
2025-10-08 14:30:00,369.0,369.1,368.5,368.6,367.6575920754911,366.0630525738323,362.30964365147986,366.1237586830218,Up,86
2025-10-08 14:40:00,368.6,368.8,368.3,368.4,367.7250837049919,366.1546975709369,362.37024421216165,366.1237586830218,Up,47
2025-10-08 14:50:00,368.4,368.9,368.4,368.5,367.79553064090175,366.2466702152139,362.43123680706555,366.1237586830218,Up,56
2025-10-08 15:00:00,368.5,368.7,368.5,368.6,367.8686642190016,366.3389576577545,362.4926175353534,366.20102079866405,Up,9
2025-10-08 15:10:00,368.6,368.6,368.1,368.5,367.9260583809105,366.42370441627395,362.55239248525044,366.20102079866405,Up,24
2025-10-08 15:20:00,368.5,368.5,367.2,367.3,367.8691439826459,366.45806894896907,362.59963236101913,366.20102079866405,Up,94
2025-10-08 15:30:00,367.2,367.4,366.6,367.0,367.7901308933144,366.4793211470487,362.6434171136458,366.20102079866405,Up,169
2025-10-08 15:40:00,367.0,367.5,366.8,367.2,367.7364826302858,366.5075830628507,362.68875624684335,366.20102079866405,Up,92
2025-10-08 15:50:00,367.2,367.6,366.7,367.6,367.72407511844165,366.5504229427389,362.7376243438897,366.20102079866405,Up,66
2025-10-08 16:00:00,367.6,368.3,367.3,367.8,367.7309773804015,366.59942596459234,362.7879962409654,366.20102079866405,Up,112
2025-10-08 16:10:00,367.8,368.4,366.5,368.1,367.76452489127405,366.6582720051966,362.8408519997618,366.20102079866405,Up,236
2025-10-08 16:20:00,368.1,369.0,367.7,367.7,367.7586589920673,366.6991240834242,362.8892017311075,366.20102079866405,Up,177
2025-10-08 16:30:00,367.6,369.2,367.5,367.9,367.7715081746066,366.74621725662325,362.93906042035024,366.20102079866405,Up,272
2025-10-08 16:40:00,367.9,368.8,367.9,368.1,367.8013710678242,366.7993067759714,362.9904130529836,366.20102079866405,Up,167
2025-10-08 16:50:00,368.1,369.5,368.0,369.2,367.92851915256745,366.8934516082863,363.05219998777983,366.20102079866405,Up,154
2025-10-08 17:00:00,369.2,370.2,368.8,369.9,368.10774468415224,367.0113554667849,363.12033730133425,366.20102079866405,Up,388
2025-10-08 17:10:00,369.9,370.0,367.9,368.4,368.13431334922933,367.0658121151463,363.17287125853494,366.20102079866405,Up,345
2025-10-08 17:20:00,368.4,368.9,367.5,368.0,368.1221030447539,367.1024469341602,363.22090239029086,366.20102079866405,Up,222
2025-10-08 17:30:00,368.0,369.1,366.5,366.7,367.9928209497762,367.086664701448,363.25552027695466,366.20102079866405,Up,359
2025-10-08 17:40:00,366.7,367.7,365.8,365.9,367.8025644997965,367.04012883080304,363.28183350802976,372.10716086079105,Down,452
2025-10-08 17:50:00,365.8,366.2,363.6,364.1,367.46596772708773,366.9248296609676,363.2899744681489,370.71560078253725,Down,738
2025-10-08 18:00:00,364.1,365.3,363.8,364.2,367.16906157007975,366.81797359583163,363.29902944856536,370.38236434776115,Down,342
2025-10-08 18:10:00,364.2,364.8,362.8,364.5,366.92641960916336,366.7270726705049,363.31097940430107,369.82942213432835,Down,456
2025-10-08 18:20:00,364.3,364.3,361.9,362.2,366.49674509923943,366.54954040891647,363.2999248828653,369.526747394844,Down,726
2025-10-08 18:30:00,362.1,362.6,360.5,361.0,365.9970409993086,366.33191137327265,363.2770400581602,368.1561339953127,Down,593
2025-10-08 18:40:00,361.0,361.3,360.2,360.5,365.4973099993714,366.10320896647767,363.2494078187755,367.1555763593752,Down,432
2025-10-08 18:50:00,360.5,361.1,360.1,360.6,365.0520999994285,365.8873968501452,363.22304555192204,366.786887599432,Down,429
2025-10-08 19:00:00,360.6,360.9,360.0,360.6,364.64736363584404,365.6800479540611,363.19694559618154,366.4017159994836,Down,226
2025-10-08 19:10:00,360.6,361.0,358.4,358.8,364.11578512349456,365.410242151941,363.153194893732,366.05610545407603,Down,692
2025-10-08 19:20:00,358.7,359.8,358.5,359.7,363.71435011226777,365.186311087159,363.1188347455357,365.4010049582509,Down,257
2025-10-08 19:30:00,359.7,359.7,358.4,359.0,363.2857728293343,364.94371065236845,363.0778513152319,365.20545905295535,Down,211
2025-10-08 19:40:00,359.0,359.5,358.1,358.4,362.84161166303113,364.687094548354,363.0313055310008,364.904962775414,Down,217
2025-10-08 19:50:00,358.4,359.2,358.4,359.0,362.4923742391192,364.4640712327323,362.991193038155,364.6408752503763,Down,109
2025-10-08 20:00:00,359.0,359.2,357.5,357.7,362.0567038537447,364.19881353733103,362.9385443512082,364.27806840943305,Down,334
2025-10-08 20:10:00,357.6,359.0,357.6,357.8,361.6697307761316,363.947879673122,362.88741455666883,364.1982440085755,Down,194
2025-10-08 20:20:00,357.8,358.0,357.1,357.7,361.3088461601196,363.7028647839799,362.83579849142836,363.2393127350686,Down,209
2025-10-08 20:30:00,357.7,357.9,357.3,357.7,360.9807692364723,363.46745832186303,362.78469601887684,362.9902843046078,Down,96
2025-10-08 20:40:00,357.7,358.3,357.3,357.7,360.6825174877021,363.2412834857115,362.73410202863926,362.9902843046078,Down,129
2025-10-08 20:50:00,357.7,358.0,357.1,357.8,360.4204704433655,363.0278998196052,362.68500648606573,362.6626316567007,Down,181
2025-10-08 21:00:00,357.8,358.2,357.6,357.9,360.19133676669594,362.82680570903244,362.6373944812293,362.6626316567007,Down,107
2025-10-08 21:10:00,357.9,358.0,357.4,358.0,359.9921243333599,362.637519210639,362.59125125256037,362.3418443443807,Down,85
2025-10-08 21:20:00,358.1,358.2,357.5,357.5,359.76556757578174,362.43604786904535,362.540592036117,362.32440394943706,Down,127
2025-10-08 21:30:00,357.5,358.1,356.6,357.4,359.5505159779834,362.23855579574945,362.48944186660344,361.9630944994882,Down,348
2025-10-08 21:40:00,357.4,357.6,356.7,357.6,359.37319634362126,362.0566516468965,362.4407907037517,361.6709949995347,Down,109
2025-10-08 21:50:00,357.6,357.6,356.5,356.6,359.1210875851102,361.8426653078026,362.3826733833164,361.5599954541225,Down,234
2025-10-08 22:00:00,356.6,357.0,356.5,356.8,358.9100796228275,361.64491372710444,362.32712439442764,361.03181404920224,Down,261
2025-10-08 22:10:00,356.8,357.3,356.6,356.6,358.70007238438865,361.4470739731004,362.2701380820453,361.03181404920224,Down,53
2025-10-08 22:20:00,356.6,357.1,356.4,356.7,358.5182476221715,361.2609142094494,362.2147138225225,360.7746397100845,Down,112
2025-10-08 22:30:00,356.6,356.7,356.2,356.7,358.3529523837923,361.08205482868675,362.1598410481691,360.2905815546223,Down,87
2025-10-08 22:40:00,356.7,356.8,356.2,356.2,358.15722943981115,360.89060169815,362.1005391471923,360.2096195951112,Down,71
2025-10-08 22:50:00,356.2,356.8,356.2,356.7,358.02475403619195,360.72626437665394,362.0468024392601,360.0905632682829,Down,67
2025-10-08 23:00:00,356.7,357.0,356.3,357.0,357.9315945783563,360.5801363618832,361.996585499566,360.0905632682829,Down,111
2025-10-08 23:10:00,357.0,357.0,355.7,356.0,357.755995071233,360.4005231712211,361.93691798215735,360.02153989114294,Down,157
2025-10-08 23:20:00,356.3,356.9,356.0,356.6,357.6509046102118,360.2514830468595,361.88381432064335,360.02153989114294,Down,147
2025-10-09 09:00:00,355.1,355.1,352.3,352.5,357.182640554738,359.9475033195317,361.7904430338708,358.59548751334125,Down,473
2025-10-09 09:10:00,352.5,352.9,352.4,352.8,356.7842186861254,359.6672090717069,361.7009858892552,357.28226137576473,Down,171
2025-10-09 09:20:00,352.8,352.8,352.0,352.3,356.37656244193215,359.3782989120321,361.6074437411034,356.90205579614974,Down,242
2025-10-09 09:30:00,352.3,352.5,352.0,352.3,356.00596585630194,359.10071856254064,361.51483236059494,356.524596178318,Down,129
2025-10-09 09:40:00,352.3,352.7,352.3,352.6,355.6963325966381,358.84578842283315,361.426127560987,356.524596178318,Down,54
2025-10-09 09:50:00,352.6,352.6,352.1,352.1,355.369393269671,358.58124770036915,361.333330271823,356.1967737010893,Down,41
2025-10-09 10:00:00,352.1,352.3,351.5,351.5,355.01763024515543,358.30355171211943,361.23548618951634,355.68797609189926,Down,192
2025-10-09 10:10:00,351.5,352.1,351.5,351.9,354.7342093137777,358.0524320371344,361.1425957796704,355.4617964471812,Down,83
2025-10-09 10:20:00,351.9,352.0,351.6,351.9,354.4765539216161,357.8111601925409,361.0506296525095,355.2743604065284,Down,24
2025-10-09 10:30:00,351.9,352.0,351.8,351.8,354.2332308378328,357.5754284202844,360.95858358631534,355.1312367332076,Down,31
2025-10-09 10:40:00,351.8,352.0,351.7,351.9,354.0211189434844,357.3528625998811,360.8684484262525,354.89657884837055,Down,36
2025-10-09 10:50:00,351.9,352.1,351.8,352.0,353.8373808577131,357.1429464194936,360.7802051583296,354.8287080439733,Down,84
2025-10-09 11:00:00,352.0,352.0,351.7,352.0,353.6703462342846,356.94126224618014,360.6928399328736,354.57609822179387,Down,54
2025-10-09 11:10:00,352.0,352.0,351.6,351.8,353.50031475844054,356.73964411887897,360.60435396339227,354.4237256561762,Down,39
2025-10-09 11:20:00,351.6,351.7,351.4,351.5,353.3184679622186,356.534167878923,360.5137633766919,354.0806596874329,Down,37
2025-10-09 11:30:00,351.5,351.6,350.0,350.5,353.0622436020169,356.2975338444554,360.41412394010786,353.6824178976663,Down,490
2025-10-09 11:40:00,350.5,350.7,350.3,350.5,352.8293123654699,356.0701795760454,360.3154759407038,353.2658344524239,Down,229
2025-10-09 11:50:00,350.5,350.8,350.3,350.5,352.6175566958817,355.85174116129855,360.2178095134331,353.2462131385672,Down,40
2025-10-09 12:00:00,350.5,350.5,350.0,350.3,352.40686972352887,355.6340258216398,360.11912484165765,352.8829210350611,Down,56
2025-10-09 12:10:00,350.3,350.3,350.0,350.0,352.1880633850262,355.4130836325559,360.018437032288,352.6526554864191,Down,48
2025-10-09 12:20:00,350.0,350.8,350.0,350.8,352.0618758045693,355.23217839206353,359.9267112906732,352.6526554864191,Down,104
2025-10-09 12:30:00,350.8,351.3,350.7,351.3,351.9926143677903,355.07797531786497,359.840873367383,352.6526554864191,Down,145
2025-10-09 12:40:00,351.3,351.5,350.7,350.8,351.88419487980934,354.91021157990946,359.7509144284041,352.6526554864191,Down,141
2025-10-09 12:50:00,350.8,351.3,350.5,351.1,351.8129044361903,354.7607915179522,359.6648356778727,352.6526554864191,Down,146
2025-10-09 13:00:00,351.1,351.6,351.1,351.3,351.766276760173,354.62507420352273,359.58160348207304,352.6526554864191,Down,99
2025-10-09 13:10:00,351.3,351.7,351.3,351.4,351.73297887288453,354.4986007053453,359.5001944922017,352.6526554864191,Down,74
2025-10-09 13:20:00,351.4,351.8,351.4,351.6,351.72088988444045,354.3849300894495,359.42158559178176,352.6526554864191,Down,50
2025-10-09 13:30:00,351.6,352.1,351.4,351.5,351.7008089858549,354.2717955761378,359.34276384459986,352.6526554864191,Down,141
2025-10-09 13:40:00,351.5,351.9,351.3,351.8,351.7098263507772,354.1748624162893,359.2677114680367,352.6526554864191,Down,35
2025-10-09 13:50:00,351.8,351.8,351.4,351.5,351.6907512279792,354.06996585094464,359.1904208066632,352.6526554864191,Down,72
2025-10-09 14:00:00,351.5,351.6,351.2,351.2,351.6461374799811,353.95741817051544,359.11091413197005,352.6526554864191,Down,55
2025-10-09 14:10:00,351.3,351.5,350.5,350.9,351.5783067999828,353.8375194187305,359.02921349384104,352.6526554864191,Down,112
2025-10-09 14:20:00,350.9,350.9,350.4,350.6,351.48936981816615,353.71055787289794,358.94534072275803,352.6526554864191,Down,49
2025-10-09 14:30:00,350.7,351.1,350.5,350.8,351.4266998346965,353.5964183484706,358.86429255636244,352.6526554864191,Down,78
2025-10-09 14:40:00,350.8,351.2,350.8,351.0,351.38790894063317,353.4945980210796,358.78604088913494,352.6526554864191,Down,89
2025-10-09 14:50:00,351.0,351.1,350.6,350.6,351.3162808551211,353.38108437319414,358.7045877459595,352.6526554864191,Down,19
2025-10-09 15:00:00,350.6,350.9,350.2,350.4,351.23298259556464,353.2641791036571,358.62195503206937,352.6526554864191,Down,95
2025-10-09 15:10:00,350.4,351.3,350.4,350.9,351.2027114505133,353.17146619763133,358.545119658616,352.6526554864191,Down,139
2025-10-09 15:20:00,350.9,350.9,350.3,350.4,351.1297376822848,353.06278124870465,358.46407369186363,352.6526554864191,Down,72
2025-10-09 15:30:00,350.4,350.9,350.3,350.8,351.0997615293498,352.97404472914764,358.38781425214364,352.6526554864191,Down,51
2025-10-09 15:40:00,350.8,351.2,350.5,350.9,351.081601390318,352.8927096417301,358.3133086376945,352.6526554864191,Down,33
2025-10-09 15:50:00,350.9,351.3,350.9,351.2,351.09236490028906,352.82632887146616,358.2425294472697,352.6526554864191,Down,57
2025-10-09 16:00:00,351.0,351.8,350.9,351.4,351.1203317275355,352.77039440591847,358.1744445771476,352.6526554864191,Down,97
2025-10-09 16:10:00,351.4,352.3,351.4,352.0,351.2003015704868,352.74018286058833,358.1130073176735,352.6526554864191,Down,157
2025-10-09 16:20:00,352.0,353.3,351.8,353.0,351.3639105186244,352.7503717680163,358.06213162297036,349.6272945886937,Up,177
2025-10-09 16:30:00,353.0,353.3,352.3,352.5,351.4671913805676,352.7405532673098,358.006787029707,349.77935871699424,Up,174
2025-10-09 16:40:00,352.5,353.3,352.5,352.8,351.588355800516,352.742884511729,357.9549782035408,349.86305337908567,Up,149
2025-10-09 16:50:00,352.8,354.1,352.7,353.7,351.7803234550146,352.78041845244553,357.9126401119633,350.1300485264415,Up,252
2025-10-09 17:00:00,353.7,354.4,353.2,353.6,351.94574859546776,352.8125589052908,357.8697282700532,350.3909532058559,Up,212
2025-10-09 17:10:00,353.6,353.9,353.3,353.9,352.1234078140616,352.8552036541029,357.83022848627155,350.3909532058559,Up,164
2025-10-09 17:20:00,353.9,354.9,353.9,354.7,352.3576434673287,352.927548608844,357.79908193416935,351.02062248417843,Up,207
2025-10-09 17:30:00,354.9,354.9,352.2,352.3,352.35240315211706,352.90293885947756,357.7443647009935,351.02062248417843,Up,446
2025-10-09 17:40:00,352.3,353.3,351.2,351.9,352.3112755928337,352.8636079238118,357.6862118183966,351.02062248417843,Up,359
2025-10-09 17:50:00,351.9,353.5,351.9,352.7,352.34661417530333,352.85719192679954,357.63659777045234,351.02062248417843,Up,151
2025-10-09 18:00:00,352.7,354.2,352.7,354.2,352.5151037957303,352.90985106692506,357.6024027677613,351.02062248417843,Up,148
2025-10-09 18:10:00,354.2,355.0,353.9,354.7,352.71373072339117,352.98005298586924,357.57352313823134,351.02062248417843,Up,330
2025-10-09 18:20:00,354.7,356.1,354.7,355.0,352.921573384901,353.05926659426655,357.5479159428261,351.02062248417843,Up,415
2025-10-09 18:30:00,355.1,357.3,354.5,356.4,353.23779398627363,353.1902757474326,357.5364938936437,351.02062248417843,Up,363
2025-10-09 18:40:00,356.4,357.6,355.8,356.0,353.4889036238851,353.30046101223917,357.52120539718953,351.1533710512225,Up,269
2025-10-09 18:50:00,356.0,356.3,354.6,355.2,353.64445783989555,353.37495273724943,357.49810882607323,351.1533710512225,Up,147
2025-10-09 19:00:00,355.2,355.5,354.3,354.6,353.73132530899596,353.4229938063769,357.46927192233125,351.1533710512225,Up,140
2025-10-09 19:10:00,354.6,355.3,353.8,354.1,353.76484118999633,353.4495430688719,357.4357468285767,351.1533710512225,Up,112
2025-10-09 19:20:00,354.2,355.2,353.6,353.7,353.7589465363603,353.4593649093083,357.39857521834216,351.1533710512225,Up,99
2025-10-09 19:30:00,353.7,353.9,352.5,353.5,353.73540594214575,353.46095844227665,357.3597834251248,351.1533710512225,Up,352
2025-10-09 19:40:00,353.5,353.9,353.2,353.6,353.72309631104156,353.4664110523835,357.3223726447753,351.1533710512225,Up,284
2025-10-09 19:50:00,353.6,354.3,352.5,353.0,353.657360282765,353.4481204228782,357.2793639617428,351.1533710512225,Up,112
2025-10-09 20:00:00,353.1,353.1,350.4,351.4,353.45214571160454,353.3678019749222,357.2208628277951,351.1533710512225,Up,1125
2025-10-09 20:10:00,351.4,352.2,350.5,350.6,353.1928597378223,353.25926072100367,357.1549835956777,357.47443040305666,Down,369
2025-10-09 20:20:00,350.8,350.8,349.2,350.0,352.90259976165663,353.131446575082,357.0837897290541,356.14948218459693,Down,466
2025-10-09 20:30:00,350.0,351.2,350.0,351.2,352.7478179651424,353.0557035721376,357.02524455762074,356.14948218459693,Down,228
2025-10-09 20:40:00,351.2,353.4,350.9,352.4,352.71619815012946,353.0299897065636,356.9792222237141,356.14948218459693,Down,542
2025-10-09 20:50:00,352.4,352.4,351.4,351.6,352.61472559102674,352.97391167885525,356.9256976244732,356.14948218459693,Down,130
2025-10-09 21:00:00,351.6,352.3,351.2,351.7,352.5315687191152,352.92395435811585,356.8737006331849,356.14948218459693,Down,180
2025-10-09 21:10:00,351.7,351.9,351.3,351.3,352.41960792646836,352.86026987348384,356.81824092539205,356.14948218459693,Down,98
2025-10-09 21:20:00,351.2,351.2,350.5,350.8,352.27237084224396,352.7794749764845,356.7583579311096,356.14948218459693,Down,234
2025-10-09 21:30:00,350.7,351.1,350.6,350.7,352.1294280384036,352.697926938191,356.6980757626408,355.99193752628173,Down,97
2025-10-09 21:40:00,350.7,350.8,349.5,349.9,351.92675276218506,352.58820431316394,356.6304332177389,355.29721593298336,Down,199
2025-10-09 21:50:00,349.9,350.1,349.6,349.7,351.7243206928955,352.4749413989222,356.56147368323406,354.7111053936213,Down,151
2025-10-09 22:00:00,349.7,349.8,348.6,349.3,351.50392790263226,352.35043389308214,356.48922021374915,354.05555035783755,Down,373
2025-10-09 22:10:00,349.3,349.5,349.0,349.2,351.29447991148385,352.22688746590245,356.4166906593835,353.8459548707614,Down,156
2025-10-09 22:20:00,349.1,349.3,348.6,348.9,351.0767999195308,352.09642129076906,356.3418977174991,353.38268624614676,Down,189
2025-10-09 22:30:00,348.9,349.3,348.5,349.0,350.8879999268462,351.9749930048566,356.2688440088673,353.22062386013334,Down,251
2025-10-09 22:40:00,348.8,349.0,348.3,348.3,350.6527272062238,351.8308756321171,356.1895520286796,352.8323853273939,Down,163
2025-10-09 22:50:00,348.3,348.5,348.1,348.3,350.43884291474893,351.69240992105375,356.1110490234191,352.2476230249036,Down,134
2025-10-09 23:00:00,348.2,348.3,347.8,348.1,350.2262208315899,351.55153110062025,356.0313370928379,351.820566386276,Down,268
2025-10-09 23:10:00,348.1,348.6,347.9,348.4,350.0602007559908,351.427941645694,355.95540339042157,351.820566386276,Down,185
2025-10-09 23:20:00,348.4,348.7,348.2,348.7,349.9365461418098,351.3209635419413,355.8832103218602,351.820566386276,Down,403
2025-10-10 09:00:00,347.6,347.6,345.9,346.7,349.6423146743725,351.1397492853946,355.79183509477707,350.9767215524238,Down,222
2025-10-10 09:10:00,346.7,346.7,346.1,346.1,349.3202860676114,350.9421120585164,355.6953989246798,350.46065595674884,Down,196
2025-10-10 09:20:00,346.1,346.4,346.0,346.1,349.02753278873763,350.7522253111236,355.5999223184641,350.03695996068075,Down,231
2025-10-10 09:30:00,346.1,346.3,346.1,346.2,348.7704843533979,350.5737066714717,355.5063907531063,349.760872691528,Down,48
2025-10-10 09:40:00,346.2,346.3,346.0,346.1,348.52771304854355,350.3982671941591,355.4127948252147,349.49624790138904,Down,51
2025-10-10 09:50:00,346.1,346.3,345.8,345.9,348.28883004413046,350.221864559094,355.31814015033694,349.2738617285355,Down,202
2025-10-10 10:00:00,345.7,346.0,345.7,346.0,348.0807545855731,350.0563012430511,355.2254223378958,348.8898742986687,Down,36
2025-10-10 10:10:00,346.0,346.1,345.9,345.9,347.88250416870284,349.89330903744127,355.1326320658769,348.8362493624261,Down,29
2025-10-10 10:20:00,345.9,346.1,345.7,345.9,347.7022765170026,349.7367086830318,355.0407650801468,348.62386305675096,Down,37
2025-10-10 10:30:00,345.9,345.9,345.3,345.5,347.5020695609115,349.57056324448155,354.9458320942747,348.2944209606827,Down,247
2025-10-10 10:40:00,345.5,345.6,345.3,345.3,347.3018814190104,349.4030901760705,354.84985366547596,348.0085645097116,Down,81
2025-10-10 10:50:00,345.3,345.6,345.3,345.4,347.1289831081912,349.2461062475972,354.7558252707947,347.8850586451924,Down,48
2025-10-10 11:00:00,345.6,345.8,345.5,345.8,347.008166461992,349.1109648261228,354.6667125815331,347.8850586451924,Down,58
2025-10-10 11:10:00,345.8,346.0,345.6,345.9,346.9074240563564,348.9850446368631,354.57948161057254,347.8850586451924,Down,86
2025-10-10 11:20:00,345.8,346.0,345.8,346.0,346.82493096032397,348.86798406286846,354.49411363434797,347.8850586451924,Down,33
2025-10-10 11:30:00,346.0,346.2,344.7,344.7,346.6317554184763,348.70453370746185,354.39665976733954,347.8850586451924,Down,221
2025-10-10 11:40:00,344.7,345.6,344.7,345.3,346.51068674406935,348.5710225816791,354.30614573980387,347.75385508018724,Down,180
2025-10-10 11:50:00,345.3,345.3,344.4,344.5,346.327897040063,348.4113746372995,354.2085721503531,347.54441370926116,Down,148
2025-10-10 12:00:00,344.5,344.7,344.1,344.2,346.13445185460273,348.24622269073876,354.10898436776256,347.067648826601,Down,100
2025-10-10 12:10:00,344.2,344.6,344.1,344.4,345.9767744132752,348.09539042835684,354.0123775581331,346.9569534787282,Down,61
2025-10-10 12:20:00,344.4,344.9,344.4,344.5,345.84252219388657,347.95439472528403,353.91772703516665,346.9569534787282,Down,69
2025-10-10 12:30:00,344.5,344.6,344.2,344.2,345.69320199444235,347.8071635595866,353.8210332338217,346.8652508088663,Down,68
2025-10-10 12:40:00,344.2,344.6,344.2,344.6,345.5938199949476,347.68139243960286,353.7292816593559,346.7865916444239,Down,60
2025-10-10 12:50:00,344.6,344.8,344.4,344.4,345.4852909044978,347.5527103831478,353.63645298612846,346.7865916444239,Down,54
2025-10-10 13:00:00,344.4,344.4,343.8,344.0,345.35026445863434,347.4133884073381,353.5405678817889,346.4228030119206,Down,113
2025-10-10 13:10:00,343.8,344.1,343.6,344.1,345.23660405330395,347.2834516070504,353.44663188296516,346.1434572835642,Down,36
2025-10-10 13:20:00,344.1,344.1,343.4,343.4,345.06964004845815,347.131159387166,353.3466653965675,346.089506621422,Down,72
2025-10-10 13:30:00,343.5,343.8,343.0,343.0,344.8814909531438,346.96915313668893,353.2437135020743,345.8177332922018,Down,254
2025-10-10 13:40:00,343.1,343.2,342.9,342.9,344.7013554119489,346.8095785038776,353.1407909796656,345.35703026563795,Down,89
2025-10-10 13:50:00,342.9,343.2,342.8,342.8,344.52850491995355,346.6523401311765,353.0378975370819,345.24275478694364,Down,87
2025-10-10 14:00:00,342.8,343.2,342.8,343.0,344.3895499272305,346.5091111064245,352.9380179595985,345.18432253358515,Down,133
2025-10-10 14:10:00,343.0,343.2,343.0,343.2,344.281409024755,346.3793420434274,352.841122258508,345.158475030532,Down,70
2025-10-10 14:20:00,343.2,343.4,342.9,342.9,344.1558263861409,346.2428972574107,352.7422056191199,345.158475030532,Down,139
2025-10-10 14:30:00,342.9,343.3,342.9,343.1,344.059842169219,346.119646384571,352.64626327465106,345.1119628351504,Down,40
2025-10-10 14:40:00,343.1,343.2,342.2,342.6,343.9271292447445,345.98162103615647,352.5463004559978,344.8926934865003,Down,256
2025-10-10 14:50:00,342.6,342.6,342.1,342.3,343.7792084043132,345.8372437406209,352.4443472176297,344.5251758968185,Down,71
2025-10-10 15:00:00,342.3,342.6,342.3,342.3,343.644734913012,345.69852829981227,352.34340843934484,344.5251758968185,Down,49
2025-10-10 15:10:00,342.3,342.5,342.1,342.1,343.50430446637455,345.5574095429569,352.2414839772618,344.34229412960207,Down,68
2025-10-10 15:20:00,342.1,342.3,341.8,342.0,343.3675495148859,345.4179032863704,352.13957866405525,344.0884492087291,Down,189
2025-10-10 15:30:00,342.0,342.2,341.8,342.2,343.2614086498963,345.2917110006304,352.0406773838159,343.99859018975377,Down,59
2025-10-10 15:40:00,342.2,342.3,341.9,341.9,343.1376442271784,345.15870272609595,351.9397751212904,343.99859018975377,Down,73
2025-10-10 15:50:00,341.7,342.0,341.4,341.9,343.02513111561666,345.0309104623275,351.8398768613771,343.7021406526891,Down,153
2025-10-10 16:00:00,342.0,342.2,341.6,341.7,342.90466465056056,344.90028652262833,351.73898256424894,343.7021406526891,Down,79
2025-10-10 16:10:00,341.7,341.7,340.9,340.9,342.7224224096005,344.7434125413488,351.63113199147034,343.4439178947843,Down,223
2025-10-10 16:20:00,340.9,341.3,340.9,341.2,342.584020372364,344.6044551867861,351.5273396333463,343.1944708134404,Down,153
2025-10-10 16:30:00,341.2,341.5,340.8,341.0,342.4400185203309,344.4631040029906,351.4225899852533,343.1944708134404,Down,368
2025-10-10 16:40:00,341.0,341.0,340.6,340.6,342.27274410939174,344.3116097283635,351.31490252271345,342.9078271185457,Down,114
2025-10-10 16:50:00,340.6,341.4,340.6,341.1,342.16613100853795,344.1856642488199,351.21326170159193,342.9078271185457,Down,157
2025-10-10 17:00:00,341.1,341.6,340.8,341.2,342.07830091685264,344.06857937631713,351.1136272568,342.9078271185457,Down,110
2025-10-10 17:10:00,341.2,341.5,340.9,341.3,342.0075462880478,343.9600076360694,351.015979224394,342.9078271185457,Down,97
2025-10-10 17:20:00,341.3,341.4,341.0,341.2,341.93413298913435,343.85177204249806,350.91830778932547,342.9078271185457,Down,68
2025-10-10 17:30:00,341.2,341.3,340.2,340.4,341.7946663537585,343.7164084329884,350.8136480103272,342.9078271185457,Down,202
2025-10-10 17:40:00,340.4,341.0,340.4,340.5,341.6769694125077,343.59027476894966,350.71102464704035,342.9078271185457,Down,99
2025-10-10 17:50:00,340.5,341.4,340.1,340.2,341.5426994659161,343.4573228172261,350.6064373371196,342.9078271185457,Down,120
2025-10-10 18:00:00,340.2,340.4,339.4,339.8,341.3842722417419,343.31389839302113,350.49891059744675,342.70586092374015,Down,291
2025-10-10 18:10:00,339.7,340.4,339.0,339.6,341.2220656743108,343.16825531878504,350.3904637258304,342.70586092374015,Down,222
2025-10-10 18:20:00,339.6,339.6,338.7,339.2,341.0382415221007,343.01263746314646,350.2791158280609,342.2589759700332,Down,570
2025-10-10 18:30:00,339.4,339.4,338.2,338.9,340.84385592918244,342.85135756263094,350.1658907949459,342.0627054273029,Down,311
2025-10-10 18:40:00,338.9,340.0,338.6,339.6,340.73077811743855,342.72385334448853,350.0607575532051,342.0627054273029,Down,254
2025-10-10 18:50:00,339.6,341.9,339.5,341.2,340.77343465221685,342.6640943898027,349.97259081138225,342.0627054273029,Down,187
2025-10-10 19:00:00,341.2,342.1,340.6,341.7,340.85766786565165,342.62628676667316,349.89027647495055,342.0627054273029,Down,324
2025-10-10 19:10:00,341.7,342.9,341.6,342.8,341.03424351422876,342.63309905033304,349.81972646027447,337.94918350706723,Up,217
2025-10-10 19:20:00,342.7,343.0,341.9,342.7,341.1856759220261,342.63572261698664,349.7488834109185,338.1401668246066,Up,250
2025-10-10 19:30:00,342.5,342.5,341.1,341.3,341.19606902002374,342.5833413378891,349.66481491926754,338.1401668246066,Up,118
2025-10-10 19:40:00,341.3,341.7,340.9,341.4,341.2146082000216,342.5369357952268,349.58257795489675,338.1401668246066,Up,71
2025-10-10 19:50:00,341.4,341.7,341.3,341.3,341.22237109092873,342.48842850913945,349.50016424390276,338.1401668246066,Up,64
2025-10-10 20:00:00,341.3,342.8,341.3,342.5,341.33851917357157,342.4888822930948,349.43051086834157,338.1401668246066,Up,51
2025-10-10 20:10:00,342.5,342.9,342.0,342.6,341.4531992487014,342.49323985022835,349.36254558606953,338.2146278660838,Up,120
2025-10-10 20:20:00,342.6,343.1,342.1,342.3,341.5301811351831,342.4856618168861,349.29227150063605,338.38602533280346,Up,136
2025-10-10 20:30:00,342.2,342.2,341.0,341.1,341.49107375925735,342.4313221377925,349.2107563613263,338.38602533280346,Up,117
2025-10-10 20:40:00,341.1,341.2,340.0,340.1,341.3646125084158,342.339897740232,349.12010206917375,338.38602533280346,Up,124
2025-10-10 20:50:00,340.1,340.6,339.8,340.1,341.2496477349235,342.2520586131641,349.030349809779,338.38602533280346,Up,139
2025-10-10 21:00:00,340.1,340.8,339.6,340.8,341.20877066811227,342.1951151381381,348.94845578182105,338.38602533280346,Up,172
2025-10-10 21:10:00,340.8,340.8,340.0,340.4,341.1352460619202,342.1247184660543,348.8633965203104,338.38602533280346,Up,63
2025-10-10 21:20:00,340.4,341.0,340.0,340.2,341.05022369265475,342.0492393105227,348.77719356985955,338.38602533280346,Up,118
2025-10-10 21:30:00,340.2,340.2,339.7,339.9,340.94565790241336,341.9649554159924,348.6888632855824,338.38602533280346,Up,113
2025-10-10 21:40:00,340.0,340.2,339.7,339.8,340.84150718401213,341.88005520360053,348.60041688473086,338.38602533280346,Up,118
2025-10-10 21:50:00,339.8,340.1,339.8,340.0,340.7650065309201,341.80632754855736,348.5148405973206,338.38602533280346,Up,82
2025-10-10 22:00:00,340.0,340.2,339.2,339.4,340.6409150281092,341.71196176233946,348.424145666004,338.38602533280346,Up,291
2025-10-10 22:10:00,339.6,339.7,339.2,339.3,340.5190136619175,341.61737502656143,348.3333581469393,338.38602533280346,Up,106
2025-10-10 22:20:00,339.3,339.3,338.0,338.7,340.35364878356137,341.50296816277466,348.2375038370196,338.38602533280346,Up,305
2025-10-10 22:30:00,338.7,338.7,337.5,338.0,340.1396807123285,341.3655968622737,348.1356381271985,341.82336065811666,Down,349
2025-10-10 22:40:00,337.9,338.4,337.7,337.9,339.9360733748441,341.2296911029689,348.0337909816542,341.689418780106,Down,214
2025-10-10 22:50:00,337.9,338.3,337.8,337.9,339.7509757953128,341.09911498128383,347.9329572405432,341.54038070918733,Down,228
2025-10-10 23:00:00,337.8,338.0,337.5,337.7,339.56452345028436,340.9658163545668,347.83113677048806,341.1048915538066,Down,92
2025-10-10 23:10:00,337.7,337.9,336.4,336.9,339.322294045713,340.80637257595635,347.72236924043347,340.74535595800603,Down,272
2025-10-10 23:20:00,336.8,337.0,336.5,336.6,339.07481276883004,340.64141678866395,347.6116988997327,340.2003235981873,Down,303
2025-10-13 09:00:00,339.8,340.8,337.0,339.7,339.13164797166365,340.60449848322617,347.532975527596,340.2003235981873,Down,247
2025-10-13 09:10:00,339.7,339.7,339.2,339.4,339.1560436106033,340.55726324858983,347.4520503979682,340.2003235981873,Down,69
2025-10-13 09:20:00,339.4,339.4,338.9,339.0,339.1418578278212,340.49619410158635,347.36795039400835,340.2003235981873,Down,249
2025-10-13 09:30:00,339.0,339.3,338.7,339.2,339.1471434798374,340.44536296034767,347.2866772557595,340.2003235981873,Down,181
2025-10-13 09:40:00,339.2,339.2,339.0,339.2,339.15194861803394,340.3965251971968,347.20621280545345,340.2003235981873,Down,132
2025-10-13 09:50:00,339.2,339.4,339.0,339.1,339.1472260163945,340.34568107181656,347.12555397156837,340.2003235981873,Down,56
2025-10-13 10:00:00,339.1,339.5,339.1,339.2,339.15202365126765,340.30075240233356,347.0466927380204,340.2003235981873,Down,29
2025-10-13 10:10:00,339.2,339.5,339.0,339.1,339.1472942284251,340.2536640728303,346.9676211684879,340.2003235981873,Down,45
2025-10-13 10:20:00,339.1,339.2,338.9,339.0,339.1339038440228,340.2045007758566,346.88834135586615,340.2003235981873,Down,38
2025-10-13 10:30:00,339.0,339.3,338.6,339.3,339.1490034945662,340.1690301571956,346.8128354717282,340.2003235981873,Down,66
2025-10-13 10:40:00,339.3,339.7,339.2,339.7,339.19909408596925,340.1506368176977,346.74206098942244,340.2003235981873,Down,45
2025-10-13 10:50:00,339.7,339.8,339.3,339.8,339.25372189633566,340.1368863542586,346.67298575569686,340.2003235981873,Down,77
2025-10-13 11:00:00,339.8,340.0,338.9,339.7,339.2942926330324,340.1197535560524,346.6036028128541,340.2003235981873,Down,78
2025-10-13 11:10:00,339.7,340.0,339.2,339.2,339.285720575484,340.0836847891484,346.52993512317397,340.2003235981873,Down,30
2025-10-13 11:20:00,339.2,339.4,339.1,339.2,339.2779277958945,340.0490304836916,346.45700044533146,340.2003235981873,Down,49
2025-10-13 11:30:00,339.2,339.2,338.2,338.9,339.2435707235405,340.0039704647233,346.3818064110496,340.2003235981873,Down,108
2025-10-13 11:40:00,338.9,339.2,338.6,338.8,339.2032461123095,339.95675593669495,346.3063655512381,340.2003235981873,Down,40
2025-10-13 11:50:00,338.8,338.9,337.9,337.9,339.0847691930086,339.8760988411383,346.2227201228676,340.2003235981873,Down,95
2025-10-13 12:00:00,337.9,338.2,337.6,338.2,339.0043356300078,339.81036947481914,346.1428920619436,340.2003235981873,Down,48
2025-10-13 12:10:00,338.2,338.2,337.8,338.1,338.9221233000071,339.74329616208115,346.06286328520787,340.2003235981873,Down,62
2025-10-13 12:20:00,338.1,338.4,337.9,338.0,338.8382939090974,339.6749316067054,345.98263578983267,340.2003235981873,Down,23
2025-10-13 12:30:00,338.0,338.0,337.3,337.7,338.73481264463396,339.59748330840324,345.9002215033667,340.2003235981873,Down,75
2025-10-13 12:40:00,337.7,337.8,337.2,337.4,338.6134660405763,339.51130749238746,345.8156421849253,340.2003235981873,Down,93
2025-10-13 12:50:00,337.4,337.4,337.1,337.4,338.50315094597846,339.428511120137,345.731904451742,339.83505371538257,Down,51
2025-10-13 13:00:00,337.4,337.4,336.6,336.6,338.3301372236168,339.31758911542573,345.6410397308292,339.64095792307506,Down,123
2025-10-13 13:10:00,336.7,336.9,336.3,336.6,338.17285202146985,339.2110169932522,345.55107913649266,339.21905265734097,Down,71
2025-10-13 13:20:00,336.6,336.6,336.3,336.6,338.0298654740635,339.1086241699874,345.462013672448,338.94004787031,Down,128
2025-10-13 13:30:00,336.6,336.6,335.7,336.0,337.84533224914867,338.9867173397919,345.36786428267243,338.7409526093727,Down,153
2025-10-13 13:40:00,336.0,336.0,335.0,335.2,337.6048474992261,338.83821862058437,345.2666915037404,338.2190478267025,Down,109
2025-10-13 13:50:00,335.2,335.8,335.0,335.4,337.4044068174783,338.70338651781634,345.1685154688773,338.16277075154767,Down,150
2025-10-13 14:00:00,335.4,335.8,335.2,335.3,337.21309710679844,338.56992037986277,345.0703212851074,338.16277075154767,Down,64
2025-10-13 14:10:00,335.2,335.2,334.5,334.6,336.9755428243622,338.4142372277113,344.9661389837631,337.6225378111965,Down,133
2025-10-13 14:20:00,334.6,334.9,334.6,334.7,336.76867529487475,338.26858086584025,344.8639883471087,337.37957982836036,Down,35
2025-10-13 14:30:00,334.8,334.8,334.4,334.6,336.5715229953407,338.1247149495328,344.76185910982406,337.13598166214587,Down,52
2025-10-13 14:40:00,334.6,335.0,334.6,335.0,336.4286572684915,338.00217710837467,344.66472618335814,337.13598166214587,Down,115
2025-10-13 14:50:00,335.0,335.1,334.7,334.7,336.2715066077196,337.8726799668698,344.5655746790461,337.13598166214587,Down,35
2025-10-13 15:00:00,334.7,335.2,334.7,335.0,336.1559150979269,337.76002585052197,344.4703948314934,337.13598166214587,Down,75
2025-10-13 15:10:00,335.0,335.1,334.9,335.0,336.0508319072062,337.6517895426584,344.3761620471004,337.13598166214587,Down,33
2025-10-13 15:20:00,335.0,335.3,334.7,335.0,335.9553017338238,337.54779779588745,344.28286690235313,337.13598166214587,Down,63
2025-10-13 15:30:00,335.0,335.3,334.8,335.0,335.86845612165797,337.447884156833,344.1905000675038,337.13598166214587,Down,85
2025-10-13 15:40:00,335.0,335.1,333.5,333.6,335.6622328378709,337.296986738918,344.08512195737944,336.88002903661385,Down,273
2025-10-13 15:50:00,333.6,333.7,333.2,333.2,335.43839348897353,337.13632059229377,343.97681228616176,335.97729912419436,Down,168
2025-10-13 16:00:00,333.2,333.4,332.9,333.4,335.25308498997595,336.9897982161254,343.87157037286664,335.62936284017667,Down,172
2025-10-13 16:10:00,333.4,333.5,332.8,333.0,335.0482590817963,336.8333355409832,343.76339554328587,335.62936284017667,Down,167
2025-10-13 16:20:00,333.1,333.4,332.6,333.0,334.86205371072384,336.6830086570231,343.6562970801686,335.5713742480799,Down,174
2025-10-13 16:30:00,333.0,333.5,332.7,333.2,334.7109579188399,336.5464200822379,343.55225432315206,335.5713742480799,Down,178
2025-10-13 16:40:00,333.2,333.2,332.6,332.7,334.5281435625817,336.3955800790129,343.44427169307096,335.5077473124627,Down,140
2025-10-13 16:50:00,332.7,332.9,332.4,332.7,334.36194869325607,336.25065537003206,343.33736351702055,335.2024975567843,Down,152
2025-10-13 17:00:00,332.7,333.4,332.6,333.3,334.2654079029601,336.1349433947367,343.2374892531696,335.2024975567843,Down,102
2025-10-13 17:10:00,333.3,334.1,333.1,333.7,334.2140071845091,336.03945541847247,343.1425888625908,335.2024975567843,Down,176
2025-10-13 17:20:00,333.7,334.3,333.0,333.5,334.1490974404628,335.93986893147354,343.0466427047541,335.2024975567843,Down,163
2025-10-13 17:30:00,333.5,334.4,332.9,333.4,334.080997673148,335.8402662282785,342.95065621017943,335.2024975567843,Down,154
2025-10-13 17:40:00,333.4,333.6,332.7,332.9,333.97363424831633,335.7249616703068,342.8506496807249,335.2024975567843,Down,208
2025-10-13 17:50:00,333.1,333.1,331.6,332.1,333.80330386210574,335.5828063106869,342.74367804211073,335.2024975567843,Down,394
2025-10-13 18:00:00,332.1,332.3,330.3,330.6,333.5120944200961,335.38740214164034,342.6228454247763,335.2024975567843,Down,401
2025-10-13 18:10:00,330.6,331.0,329.6,331.0,333.28372220008737,335.2153471556937,342.50719522154475,334.3783054529867,Down,445
2025-10-13 18:20:00,331.0,333.4,330.9,333.4,333.29429290917034,335.14415707115666,342.41657636361896,334.3783054529867,Down,254
2025-10-13 18:30:00,333.5,333.8,332.3,332.5,333.22208446288215,335.0404646369937,342.3179039619909,334.3783054529867,Down,178
2025-10-13 18:40:00,332.5,332.9,331.4,331.7,333.0837131480747,334.9094660237783,342.21225317629944,334.3783054529867,Down,378
2025-10-13 18:50:00,331.7,332.2,331.3,331.9,332.9761028618861,334.791447748336,342.1096436919582,334.3783054529867,Down,108
2025-10-13 19:00:00,331.9,332.4,330.8,331.5,332.8419116926237,334.6623713660483,342.0040750980084,334.3783054529867,Down,419
2025-10-13 19:10:00,331.5,331.7,330.5,330.9,332.6653742660215,334.5148273909092,341.8935867885755,334.3783054529867,Down,123
2025-10-13 19:20:00,330.9,332.6,330.9,332.6,332.65943115092864,334.4397361206775,341.80111328819163,334.3783054529867,Down,238
2025-10-13 19:30:00,332.6,333.3,332.0,332.7,332.66311922811695,334.37151117476856,341.7105549470156,334.3783054529867,Down,280
2025-10-13 19:40:00,332.7,334.2,332.6,333.3,332.7210174801063,334.3294911286992,341.62686783311494,334.3783054529867,Down,176
2025-10-13 19:50:00,333.3,334.6,333.0,334.1,332.8463795273694,334.32049147659336,341.55197362582027,334.3783054529867,Down,207
2025-10-13 20:00:00,334.0,335.5,333.9,334.3,332.97852684306304,334.319687889276,341.47981468426985,334.3783054529867,Down,357
2025-10-13 20:10:00,334.3,335.8,333.8,335.4,333.1986607664209,334.3620530700887,341.41931901576964,329.29801026467493,Up,240
2025-10-13 20:20:00,335.6,335.6,334.3,334.6,333.3260552422008,334.3713843222421,341.35146509521473,329.3516613757644,Up,91
2025-10-13 20:30:00,334.6,335.2,334.0,334.2,333.4055047656371,334.3646633684287,341.28030623854596,329.3516613757644,Up,156
2025-10-13 20:40:00,334.2,335.2,334.2,334.8,333.5322770596701,334.3817353931962,341.21582557945595,329.3516613757644,Up,86
2025-10-13 20:50:00,334.8,335.0,334.2,334.5,333.6202518724274,334.38637322091404,341.14900144433705,329.4117666234143,Up,255
2025-10-13 21:00:00,334.5,335.0,334.1,334.8,333.7275017022067,334.4025938789174,341.0858273006123,329.5061514758312,Up,102
2025-10-13 21:10:00,334.8,334.8,334.2,334.6,333.80681972927886,334.41033529543046,341.02129170558135,329.69650134166466,Up,113
2025-10-13 21:20:00,334.6,334.8,334.3,334.6,333.87892702661713,334.41777312698224,340.9573982557746,330.00136485605884,Up,55
2025-10-13 21:30:00,334.6,335.0,334.4,335.0,333.9808427514701,334.44060555337506,340.89812066118975,330.3466953236898,Up,95
2025-10-13 21:40:00,335.0,335.1,334.3,334.9,334.0644025013364,334.45862102187016,340.8384378685411,330.4515412033544,Up,114
2025-10-13 21:50:00,334.9,335.0,334.2,334.2,334.07672954666947,334.44847902101253,340.77238376039645,330.4515412033544,Up,64
2025-10-13 22:00:00,334.2,334.4,332.9,334.0,334.0697541333359,334.43089160842385,340.70499685730795,330.4515412033544,Up,210
2025-10-13 22:10:00,334.0,334.4,333.5,333.6,334.02704921212353,334.3983076237798,340.63430037116564,330.4515412033544,Up,99
2025-10-13 22:20:00,333.6,333.9,333.4,333.5,333.979135647385,334.36307987382764,340.56331230777096,330.4515412033544,Up,95
2025-10-13 22:30:00,333.6,334.2,333.2,333.9,333.97194149762277,334.3449198787756,340.4970106927683,330.4515412033544,Up,86
2025-10-13 22:40:00,333.9,334.3,333.7,334.2,333.99267408874795,334.33923674627465,340.4343538699547,330.4515412033544,Up,66
2025-10-13 22:50:00,334.2,335.2,333.5,334.2,334.01152189886176,334.3337764817149,340.37232049811433,330.4515412033544,Up,231
2025-10-13 23:00:00,334.2,334.9,333.3,334.3,334.0377471807834,334.3324519138045,340.3118993986306,330.4515412033544,Up,182
2025-10-13 23:10:00,334.3,335.3,334.3,335.3,334.15249743707585,334.37039497600824,340.2620297528731,330.4692435614147,Up,212
2025-10-13 23:20:00,335.2,335.9,334.2,335.9,334.3113613064326,334.43037948675305,340.21862647175,330.4947668740133,Up,365
2025-10-14 09:00:00,334.7,335.8,333.8,334.1,334.29214664221143,334.41742342844907,340.1577446163097,330.4947668740133,Up,241
2025-10-14 09:10:00,334.1,334.2,333.9,333.9,334.25649694746494,334.3971323136079,340.09547850072454,330.4947668740133,Up,119
2025-10-14 09:20:00,333.9,334.3,333.7,334.0,334.23317904314996,334.381558497388,340.0348269733542,330.4947668740133,Up,118
2025-10-14 09:30:00,334.0,334.0,333.1,333.3,334.1483445846818,334.33914443866695,339.96781376963924,330.4947668740133,Up,122
2025-10-14 09:40:00,333.3,333.4,333.0,333.1,334.05304053152895,334.2905505391114,339.89947731421995,330.4947668740133,Up,118
2025-10-14 09:50:00,333.1,333.1,332.4,332.7,333.9300368468445,334.22817600816586,339.82784072402876,330.4947668740133,Up,102
2025-10-14 10:00:00,332.7,333.0,332.5,332.7,333.8182153153131,334.1682475372574,339.75691693573,330.4947668740133,Up,62
2025-10-14 10:10:00,332.7,332.8,332.2,332.7,333.71655937755736,334.11066920246304,339.6866988567675,330.4947668740133,Up,74
2025-10-14 10:20:00,332.7,332.7,331.9,331.9,333.5514176159612,334.0239762925625,339.60921926615293,330.4947668740133,Up,51
2025-10-14 10:30:00,331.9,331.9,331.1,331.3,333.3467432872375,333.9171536928542,339.5265404674848,330.4947668740133,Up,139
2025-10-14 10:40:00,331.3,331.7,331.0,331.7,333.19703935203404,333.83020648921286,339.4486644429327,330.4947668740133,Up,88
2025-10-14 10:50:00,331.7,331.9,331.3,331.9,333.0791266836673,333.75451211708685,339.3735533539483,330.4947668740133,Up,168
2025-10-14 11:00:00,331.9,332.0,331.3,331.7,332.9537515306066,333.673943014456,339.2971995892324,330.4947668740133,Up,56
2025-10-14 11:10:00,331.7,332.5,331.5,332.5,332.9125013914606,333.62790603349697,339.22956576247384,330.4947668740133,Up,127
2025-10-14 11:20:00,332.5,332.5,331.5,331.9,332.8204558104187,333.5601450125755,339.1566347598622,330.4947668740133,Up,53
2025-10-14 11:30:00,331.9,333.4,331.5,333.2,332.8549598276534,333.546021678749,339.09736476225163,330.4947668740133,Up,188
2025-10-14 11:40:00,333.2,334.8,333.2,334.1,332.96814529786667,333.56774631879813,339.04763973974167,330.4947668740133,Up,157
2025-10-14 11:50:00,334.1,334.3,333.5,334.2,333.08013208896966,333.5925405808061,338.9994045184507,330.4947668740133,Up,85
2025-10-14 12:00:00,334.2,335.0,333.0,333.0,333.0728473536088,333.5693036952843,338.93970895110294,330.4947668740133,Up,123
2025-10-14 12:10:00,333.0,334.5,333.0,333.2,333.0844066850989,333.55482119743004,338.8825974192512,330.4947668740133,Up,125
2025-10-14 12:20:00,333.2,333.2,332.3,332.5,333.03127880463535,333.51345566027595,338.8190889872189,330.4947668740133,Up,94
2025-10-14 12:30:00,332.5,332.5,331.5,331.9,332.92843527694123,333.45018288928475,338.7502423306297,330.4947668740133,Up,127
2025-10-14 12:40:00,331.9,332.2,331.5,332.1,332.8531229790375,333.39723454068536,338.6840707651508,330.4947668740133,Up,148
2025-10-14 12:50:00,332.1,332.1,331.7,332.0,332.77556634457954,333.3424410292859,338.6175625983334,330.4947668740133,Up,39
2025-10-14 13:00:00,332.0,332.0,331.1,331.4,332.6505148587087,333.2662668712747,338.5457460550664,330.4947668740133,Up,49
2025-10-14 13:10:00,331.4,331.7,331.3,331.4,332.53683168973515,333.1930799351463,338.4746441042697,330.4947668740133,Up,46
2025-10-14 13:20:00,331.4,331.6,331.4,331.6,332.45166517248646,333.1306062121994,338.40623968532174,330.4947668740133,Up,31
2025-10-14 13:30:00,331.6,332.1,331.5,331.5,332.36515015680584,333.0666608705445,338.33752088248275,330.4947668740133,Up,79
2025-10-14 13:40:00,331.5,331.8,331.4,331.5,332.2865001425507,333.00522318934674,338.26948584882626,330.4947668740133,Up,34
2025-10-14 13:50:00,331.5,331.7,331.3,331.4,332.20590922050064,332.94227326035275,338.20113275580314,330.4947668740133,Up,60
2025-10-14 14:00:00,331.4,331.7,331.2,331.7,332.1599174731824,332.89355666190755,338.1364448676857,330.4947668740133,Up,23
2025-10-14 14:10:00,331.7,331.7,331.2,331.2,332.07265224834765,332.8271426751661,338.06742551576843,330.4947668740133,Up,36
2025-10-14 14:20:00,331.2,331.7,331.2,331.5,332.0205929530433,332.77509786437525,338.0020779981986,330.4947668740133,Up,25
2025-10-14 14:30:00,331.5,331.7,331.5,331.7,331.9914481391303,332.7329371638115,337.93937075443546,330.4947668740133,Up,19
2025-10-14 14:40:00,331.7,331.8,331.5,331.5,331.94677103557297,332.6845866867993,337.8752974135953,330.4947668740133,Up,14
2025-10-14 14:50:00,331.5,331.6,331.3,331.3,331.88797366870267,332.63028916966994,337.80987156868395,330.4947668740133,Up,14
2025-10-14 15:00:00,331.3,331.8,331.1,331.1,331.8163396988206,332.5702778296829,337.7431066774533,330.4947668740133,Up,43
2025-10-14 15:10:00,331.1,331.7,331.1,331.7,331.8057633625642,332.53614928734237,337.6829762627523,330.4947668740133,Up,23
2025-10-14 15:20:00,331.7,332.1,331.4,332.1,331.8325121477856,332.5190453937211,337.62742426013784,330.4947668740133,Up,55
2025-10-14 15:30:00,332.1,332.7,332.0,332.7,331.9113746798051,332.5261416527909,337.5783951630221,330.4947668740133,Up,46
2025-10-14 15:40:00,332.7,332.8,331.8,332.1,331.9285224361864,332.50943021542656,337.5238837683652,330.4947668740133,Up,35
2025-10-14 15:50:00,332.1,333.1,331.8,332.2,331.9532022147149,332.49729569717454,337.47090980052076,330.4947668740133,Up,66
2025-10-14 16:00:00,332.2,332.3,331.6,331.7,331.930183831559,332.4660291992461,337.41348781245586,330.4947668740133,Up,68
2025-10-14 16:10:00,331.7,332.0,331.1,331.2,331.8638034832355,332.41638099535413,337.35166206307815,330.4947668740133,Up,197
2025-10-14 16:20:00,331.2,331.6,330.4,331.0,331.78527589385044,332.3608366425952,337.2884614455351,330.4947668740133,Up,271
2025-10-14 16:30:00,331.0,333.3,331.0,332.8,331.877523539864,332.37805873504243,337.24380013761936,330.4947668740133,Up,290
2025-10-14 16:40:00,332.8,333.2,331.3,332.1,331.8977486726036,332.3671544709231,337.19261804669776,330.4947668740133,Up,147
2025-10-14 16:50:00,332.1,332.7,331.2,331.2,331.83431697509417,332.3213837073575,337.1329900064321,330.4947668740133,Up,123
2025-10-14 17:00:00,331.2,332.3,331.2,332.0,331.8493790682674,332.308780424716,337.0819154790049,330.4947668740133,Up,26
2025-10-14 17:10:00,332.0,332.7,331.2,331.4,331.8085264256976,332.27314197668795,337.02537900657705,330.4947668740133,Up,107
2025-10-14 17:20:00,331.4,332.2,330.1,330.6,331.6986603869978,332.20752856583744,336.96144488710866,330.4947668740133,Up,240
2025-10-14 17:30:00,330.5,330.9,329.8,330.0,331.54423671545254,332.12095881815753,336.89217677877923,333.813284144258,Down,549
2025-10-14 17:40:00,330.0,331.6,328.9,331.6,331.5493061049568,332.10052906058274,336.8395183033685,333.813284144258,Down,609
2025-10-14 17:50:00,331.7,332.1,330.4,330.9,331.4902782772335,332.0534494895795,336.7804186187579,333.813284144258,Down,224
2025-10-14 18:00:00,330.9,331.5,330.0,330.1,331.3638893429395,331.97684362724306,336.7139467917056,333.813284144258,Down,126
2025-10-14 18:10:00,330.2,330.6,330.1,330.3,331.26717212994504,331.9110850536257,336.650126425619,333.813284144258,Down,119
2025-10-14 18:20:00,330.3,330.3,329.8,330.2,331.1701564817682,331.8439836789737,336.5859460631751,333.813284144258,Down,152
2025-10-14 18:30:00,330.2,331.0,329.5,329.5,331.01832407433466,331.75206275038653,336.5154391371733,333.813284144258,Down,279
2025-10-14 18:40:00,329.5,329.6,327.8,328.3,330.7712037039406,331.61668774056744,336.43369347411686,333.813284144258,Down,448
2025-10-14 18:50:00,328.3,329.7,328.3,329.7,330.6738215490369,331.5415235154472,336.3666915490013,333.813284144258,Down,169
2025-10-14 19:00:00,329.7,330.6,329.1,329.8,330.5943832263972,331.4732284756257,336.3013513345834,333.813284144258,Down,540
2025-10-14 19:10:00,329.8,329.9,329.1,329.1,330.45853020581563,331.38016069226785,336.22969609742336,333.813284144258,Down,369
2025-10-14 19:20:00,329.1,329.4,328.6,329.3,330.3532092780142,331.29858576315934,336.16074389744904,333.813284144258,Down,140
2025-10-14 19:30:00,329.0,330.4,328.8,329.4,330.2665538891038,331.2241314195061,336.0934728138924,333.813284144258,Down,144
2025-10-14 19:40:00,329.4,330.1,329.2,330.0,330.2423217173671,331.17612626579995,336.0328412436049,333.813284144258,Down,136
2025-10-14 19:50:00,330.0,331.1,330.0,330.6,330.27483792487914,331.1535330789058,335.978783121778,333.813284144258,Down,191
2025-10-14 20:00:00,330.6,332.3,330.6,332.0,330.4316708407992,331.1867278601252,335.93919323996926,333.813284144258,Down,273
2025-10-14 20:10:00,332.0,332.0,331.0,331.9,330.56515530981744,331.21469931659084,335.89900226245715,333.813284144258,Down,63
2025-10-14 20:20:00,331.6,332.0,331.5,331.7,330.668323008925,331.2337307159402,335.8572211454178,333.813284144258,Down,56
2025-10-14 20:30:00,331.7,332.8,331.1,332.4,330.8257481899318,331.27946676629557,335.82282093501567,333.813284144258,Down,207
2025-10-14 20:40:00,332.4,332.4,331.2,331.2,330.8597710817562,331.2763504225193,335.7768227167568,333.813284144258,Down,44
2025-10-14 20:50:00,331.2,331.2,329.9,330.1,330.7907009834147,331.2302190334009,335.72033691858013,333.813284144258,Down,188
2025-10-14 21:00:00,330.1,330.5,329.6,329.9,330.7097281667406,331.17805358111065,335.6624231183952,333.813284144258,Down,156
2025-10-14 21:10:00,329.9,330.1,329.2,330.0,330.6452074243096,331.13185540145923,335.6060805998042,333.813284144258,Down,199
2025-10-14 21:20:00,330.0,330.0,328.6,329.0,330.4956431130087,331.04825322885296,335.5403484545326,333.813284144258,Down,262
2025-10-14 21:30:00,329.0,329.5,328.7,329.5,330.4051301027352,330.9875374159568,335.48024548483573,333.71572122015374,Down,150
2025-10-14 21:40:00,329.5,329.9,329.0,329.9,330.35920918430475,330.94488888984085,335.42472065414086,333.71572122015374,Down,101
2025-10-14 21:50:00,329.9,329.9,329.3,329.5,330.2810992584588,330.88822658043534,335.36576820982106,333.71572122015374,Down,45
2025-10-14 22:00:00,329.5,329.6,329.0,329.5,330.21009023496254,330.83378632237907,335.307402356987,333.45486192348136,Down,100
2025-10-14 22:10:00,329.5,329.9,329.5,329.8,330.1728093045114,330.7932456822858,335.2526023335344,333.45486192348136,Down,70
2025-10-14 22:20:00,329.8,329.8,329.6,329.7,330.12982664046496,330.7503733025883,335.1973525590714,333.33872886238134,Down,70
2025-10-14 22:30:00,329.7,330.5,329.7,330.3,330.14529694587725,330.73271160444756,335.1486226828618,333.33872886238134,Down,114
2025-10-14 22:40:00,330.2,330.4,329.8,329.8,330.11390631443385,330.696134678783,335.0954025566642,333.33872886238134,Down,43
2025-10-14 22:50:00,329.8,330.1,329.5,329.5,330.05809664948526,330.6492274364778,335.0397269093342,333.19078051268315,Down,71
2025-10-14 23:00:00,329.5,329.7,329.0,329.1,329.9709969540775,330.5884734193611,334.98062514904234,332.68707319334834,Down,111
2025-10-14 23:10:00,329.1,329.9,329.0,329.4,329.91908814007047,330.5418666186019,334.9250965405942,332.68707319334834,Down,99
2025-10-14 23:20:00,329.7,329.8,329.2,329.4,329.871898309155,330.4970875355195,334.87012045561323,332.68707319334834,Down,101
2025-10-15 09:00:00,327.2,330.2,324.8,324.9,329.41990755377725,330.2775939066756,334.7709152769504,332.4396492812534,Down,670
2025-10-15 09:10:00,324.9,325.7,324.8,325.5,329.0635523216157,330.09023728288435,334.6786673637469,330.06786298295765,Down,176
2025-10-15 09:20:00,325.5,326.0,325.4,325.6,328.74868392874157,329.9141495463006,334.5883323651027,330.06786298295765,Down,196
2025-10-15 09:30:00,325.6,325.7,325.0,325.2,328.42607629885595,329.72928093664177,334.4949161226639,329.7845975065766,Down,143
2025-10-15 09:40:00,325.2,325.5,325.1,325.2,328.1327966353236,329.5516620763813,334.4024293950752,329.47690682416055,Down,74
2025-10-15 09:50:00,325.2,325.3,324.8,325.2,327.8661787593851,329.38100866162125,334.3108629334327,329.0290062037823,Down,116
2025-10-15 10:00:00,325.2,325.3,324.9,325.3,327.63288978125917,329.22096910626357,334.22120260573683,328.8627329125294,Down,53
2025-10-15 10:10:00,325.3,325.3,325.0,325.2,327.41171798296284,329.06328404327286,334.13143939572956,328.6797571932085,Down,86
2025-10-15 10:20:00,325.2,325.2,324.5,324.6,327.15610725723894,328.8882532964779,334.03659920273725,328.3134156301896,Down,100
2025-10-15 10:30:00,324.7,324.8,324.4,324.5,326.9146429611263,328.71616493191016,333.94170766838164,327.8940142092633,Down,68
2025-10-15 10:40:00,324.5,324.6,324.4,324.6,326.7042208737511,328.5547466992863,333.84875535327336,327.56728564478476,Down,88
2025-10-15 10:50:00,324.6,324.6,324.3,324.5,326.50383715795556,328.3957370248045,333.75573291194723,327.34753240434986,Down,97
2025-10-15 11:00:00,324.5,324.5,324.2,324.4,326.31257923450505,328.23904145520436,333.66264104217663,327.0932112766817,Down,118
2025-10-15 11:10:00,324.4,324.5,324.2,324.3,326.1296174859137,328.08456924127483,333.56948043479184,326.9529193424379,Down,61
2025-10-15 11:20:00,324.4,324.4,324.1,324.3,325.9632886235579,327.9361547612249,333.4772467986248,326.72538122039805,Down,47
2025-10-15 11:30:00,324.3,324.6,324.3,324.5,325.8302623850526,327.8014035941181,333.3879209598325,326.72538122039805,Down,37
2025-10-15 11:40:00,324.5,325.0,324.5,325.0,325.75478398641144,327.69154462964286,333.3044590597347,326.72538122039805,Down,80
2025-10-15 11:50:00,325.0,325.3,324.6,324.6,325.64980362401036,327.5703075853432,333.217847526802,326.72538122039805,Down,95
2025-10-15 12:00:00,324.6,324.7,324.2,324.3,325.5270942036458,327.4420602290552,333.1291127255403,326.72538122039805,Down,62
2025-10-15 12:10:00,324.3,324.5,324.2,324.2,325.40644927604166,327.31492061222946,333.0402658327489,326.5828785418272,Down,73
2025-10-15 12:20:00,324.2,324.7,324.1,324.5,325.3240447964015,327.20453156861265,332.9552880632688,326.5828785418272,Down,98
2025-10-15 12:30:00,324.5,324.6,324.2,324.3,325.23094981491045,327.09062836984356,332.8691657939826,326.5828785418272,Down,37
2025-10-15 12:40:00,324.3,324.8,324.1,324.7,325.18268164991855,326.99687823769284,332.7878805622017,326.5828785418272,Down,37
2025-10-15 12:50:00,324.7,325.0,324.6,325.0,325.1660742271987,326.9185692871951,332.71038921332405,326.5828785418272,Down,119
2025-10-15 13:00:00,325.0,325.0,324.3,324.4,325.0964311156352,326.8198018641679,332.62769877339053,326.5828785418272,Down,168
2025-10-15 13:10:00,324.4,324.5,324.3,324.3,325.0240282869411,326.72098610478884,332.5448360990285,326.51080924779166,Down,53
2025-10-15 13:20:00,324.3,324.6,324.2,324.2,324.9491166244919,326.62212390460104,332.46180290401327,326.464372043447,Down,50
2025-10-15 13:30:00,324.2,324.4,324.0,324.1,324.8719242040836,326.52321708481276,332.37860088506784,326.2221564031336,Down,70
2025-10-15 13:40:00,324.1,324.3,323.2,323.5,324.7472038218942,326.40465955207503,332.29025659765426,325.9883240028488,Down,206
2025-10-15 13:50:00,323.5,324.0,323.1,323.4,324.6247307471765,326.2868297657192,332.201796333001,325.91211272986254,Down,171
2025-10-15 14:00:00,323.2,323.5,323.1,323.4,324.51339158834224,326.1736207552988,332.1142162699861,325.59282975442045,Down,76
2025-10-15 14:10:00,323.4,323.5,323.0,323.2,324.3939923530384,326.0570081766597,332.025517600633,325.51620886765494,Down,65
2025-10-15 14:20:00,323.2,323.3,323.0,323.0,324.2672657754895,325.9371255030652,331.9357114553531,325.31928078877723,Down,155
2025-10-15 14:30:00,323.0,323.0,321.7,322.0,324.0611507049904,325.7827284245136,331.83684865480234,324.79480071707025,Down,290
2025-10-15 14:40:00,322.0,322.0,321.5,321.9,323.86468245908213,325.63046456472875,331.7379745388341,324.1543642882457,Down,136
2025-10-15 14:50:00,321.9,322.1,321.7,321.8,323.676984053711,325.4802502680727,331.6390892200398,324.1543642882457,Down,86
2025-10-15 15:00:00,322.0,322.1,321.7,321.8,323.50634913973727,325.3359267281483,331.5411878347658,324.1543642882457,Down,67
2025-10-15 15:10:00,321.8,322.0,321.7,322.0,323.36940830885203,325.2051060721425,331.4462506423801,324.01796715871205,Down,109
2025-10-15 15:20:00,322.0,322.2,321.0,321.1,323.16309846259276,325.04412152029374,331.34330287479423,324.0072428715564,Down,249
2025-10-15 15:30:00,321.1,321.5,321.1,321.1,322.9755440569025,324.8894500881254,331.24137946310475,323.63385715596036,Down,145
2025-10-15 15:40:00,321.1,321.2,320.3,320.6,322.75958550627496,324.7212363591793,331.1354950903376,323.19896105087304,Down,260
2025-10-15 15:50:00,320.6,320.9,320.4,320.8,322.5814413693409,324.56746238430947,331.03265434317007,323.05814640988456,Down,100
2025-10-15 16:00:00,320.7,321.0,320.4,321.0,322.4376739721281,324.42756189865025,330.9328269367704,323.05814640988456,Down,105
2025-10-15 16:10:00,321.0,321.1,320.5,320.7,322.2797036110255,324.281383000664,330.83100776327024,323.05814640988456,Down,209
2025-10-15 16:20:00,320.7,321.2,320.7,320.8,322.1451851009323,324.1448581771085,330.73119674075014,323.05814640988456,Down,74
2025-10-15 16:30:00,321.2,321.3,321.0,321.0,322.0410773644839,324.0215304054572,330.634368912484,323.05814640988456,Down,103
2025-10-15 16:40:00,321.0,321.2,320.8,320.9,321.9373430586217,323.8991174483804,330.53750952032,323.05814640988456,Down,62
2025-10-15 16:50:00,320.9,321.6,320.7,321.1,321.86122096238336,323.7893481366792,330.4436039529536,323.05814640988456,Down,96
2025-10-15 17:00:00,321.1,321.8,320.8,321.8,321.8556554203485,323.7113344842604,330.3575979434715,323.05814640988456,Down,55
2025-10-15 17:10:00,321.8,322.3,321.6,321.9,321.85968674577134,323.64030175938746,330.27344274005384,323.05814640988456,Down,148
2025-10-15 17:20:00,321.9,322.0,320.7,321.4,321.8178970416103,323.5524467884311,330.1851497774663,323.05814640988456,Down,119
2025-10-15 17:30:00,321.7,322.7,321.7,322.3,321.8617245832821,323.5033312281005,330.1066905757005,323.05814640988456,Down,251
2025-10-15 17:40:00,322.1,323.7,322.0,322.7,321.9379314393474,323.47182804268476,330.03299216201196,323.05814640988456,Down,180
2025-10-15 17:50:00,322.7,322.7,321.0,321.0,321.85266494486126,323.37489360963826,329.943111642987,323.05814640988456,Down,142
2025-10-15 18:00:00,321.0,321.2,320.4,320.7,321.7478772226011,323.269995821025,329.85114038285775,323.05814640988456,Down,249
2025-10-15 18:10:00,320.7,321.3,320.3,321.2,321.69807020236465,323.1888195143182,329.76505938402335,323.05814640988456,Down,206
2025-10-15 18:20:00,321.2,322.4,320.5,322.3,321.75279109305876,323.15396384709004,329.6907801861724,323.05814640988456,Down,145
2025-10-15 18:30:00,321.9,323.2,321.4,322.7,321.8389009936898,323.1361613432826,329.62122018431995,323.05814640988456,Down,301
2025-10-15 18:40:00,322.7,323.2,322.0,322.7,321.9171827215361,323.11905697687934,329.55235232178944,323.05814640988456,Down,148
2025-10-15 18:50:00,322.7,324.9,322.5,324.7,322.17016611048734,323.18105474249194,329.50407020913485,319.682032841288,Up,479
2025-10-15 19:00:00,324.7,325.8,323.8,324.1,322.34560555498854,323.2170918114138,329.45029836625787,319.682032841288,Up,420
2025-10-15 19:10:00,324.1,325.3,323.6,323.7,322.46873232271685,323.2360293874368,329.3930814670911,319.682032841288,Up,198
2025-10-15 19:20:00,323.7,324.2,323.3,324.0,322.6079384751971,323.265989019302,329.339418964931,319.682032841288,Up,111
2025-10-15 19:30:00,324.0,324.5,323.7,324.0,322.7344895229064,323.2947737636431,329.2862904180162,319.682032841288,Up,85
2025-10-15 19:40:00,324.0,324.0,323.3,323.8,322.8313541117331,323.3145865572257,329.2317004636081,319.682032841288,Up,62
2025-10-15 19:50:00,323.8,324.2,323.2,323.6,322.9012310106665,323.3257792412561,329.17566364307464,319.682032841288,Up,91
2025-10-15 20:00:00,323.6,323.6,322.0,322.0,322.8193009187877,323.27378789846176,329.1042640048351,319.682032841288,Up,214
2025-10-15 20:10:00,322.0,322.8,322.0,322.2,322.76300083526155,323.23167856911033,329.03556486050843,319.682032841288,Up,90
2025-10-15 20:20:00,322.2,322.7,322.2,322.4,322.7300007593287,323.19906372326284,328.96953933950834,319.682032841288,Up,56
2025-10-15 20:30:00,322.4,322.9,322.0,322.6,322.7181825084806,323.1755710282329,328.9061608386177,319.682032841288,Up,111
2025-10-15 20:40:00,322.9,323.7,322.9,323.6,322.79834773498237,323.19221530163554,328.85336321833296,319.682032841288,Up,128
2025-10-15 20:50:00,323.6,323.6,322.5,322.8,322.79849794089307,323.1768343094146,328.7931307484988,319.682032841288,Up,97
2025-10-15 21:00:00,322.6,323.1,322.2,322.2,322.7440890371755,323.1385270815944,328.727527457469,319.682032841288,Up,64
2025-10-15 21:10:00,322.2,322.8,322.2,322.7,322.7400809428868,323.1213299411397,328.6675520598823,319.682032841288,Up,44
2025-10-15 21:20:00,322.7,322.9,322.2,322.2,322.6909826753516,323.0851993552127,328.60319830804275,319.682032841288,Up,72
2025-10-15 21:30:00,322.2,322.4,322.0,322.1,322.6372569775924,323.04656408638084,328.53848986716673,319.682032841288,Up,71
2025-10-15 21:40:00,322.0,322.1,321.3,321.3,322.5156881614476,322.978071377111,328.46646509236905,319.682032841288,Up,127
2025-10-15 21:50:00,321.3,322.3,321.2,322.0,322.4688074194978,322.93971563683215,328.40212215612655,319.682032841288,Up,121
2025-10-15 22:00:00,322.0,323.2,321.4,323.1,322.5261885631798,322.9460012981329,328.3493647217373,319.682032841288,Up,160
2025-10-15 22:10:00,323.1,323.1,322.2,322.2,322.4965350574362,322.9167463452649,328.2881770130633,319.682032841288,Up,49
2025-10-15 22:20:00,322.3,322.8,322.2,322.7,322.5150318703965,322.90824648858785,328.2325732616896,319.682032841288,Up,43
2025-10-15 22:30:00,322.7,322.7,321.7,321.7,322.44093806399684,322.86086427334914,328.1675725327176,319.682032841288,Up,80
2025-10-15 22:40:00,321.7,321.8,321.3,321.6,322.36448914908806,322.81141861557074,328.10222355229257,319.682032841288,Up,91
2025-10-15 22:50:00,321.5,321.7,321.3,321.7,322.3040810446255,322.7678335718229,328.03851983535435,319.682032841288,Up,90
2025-10-15 23:00:00,321.7,323.2,321.5,322.8,322.34916458602316,322.7690950003789,327.9863952598782,319.682032841288,Up,137
2025-10-15 23:10:00,322.8,323.4,322.3,322.3,322.3446950782029,322.7506991180111,327.92981421251625,319.682032841288,Up,192
2025-10-15 23:20:00,322.3,322.8,322.0,322.3,322.34063188927536,322.733024642795,327.87379616065044,319.682032841288,Up,100
2025-10-16 09:00:00,323.2,325.3,323.1,323.5,322.44602899025034,322.7631021077834,327.830275800843,319.682032841288,Up,235
2025-10-16 09:10:00,323.5,324.0,323.5,323.8,322.5691172638639,322.80376477022327,327.7901735540685,319.682032841288,Up,109
2025-10-16 09:20:00,323.8,324.5,323.8,324.4,322.7355611489672,322.8663622302145,327.7564404838788,319.94988163023,Up,124
2025-10-16 09:30:00,324.4,324.5,323.7,324.0,322.85051013542466,322.91081861334334,327.71906296662627,319.9908014820273,Up,68
2025-10-16 09:40:00,324.0,324.4,324.0,324.2,322.9731910322042,322.9613747461534,327.68404741471954,320.3189104382066,Up,82
2025-10-16 09:50:00,324.2,324.3,324.0,324.0,323.06653730200384,323.00210514826506,327.6473902265134,320.51264585291506,Up,34
2025-10-16 10:00:00,324.0,324.3,324.0,324.1,323.16048845636715,323.04515984833307,327.6120928113242,320.7342235026501,Up,32
2025-10-16 10:10:00,324.1,324.3,324.0,324.0,323.2368076876065,323.08260456016313,327.57615158932094,320.93565772968185,Up,13
2025-10-16 10:20:00,324.0,324.2,324.0,324.1,323.3152797160059,323.12250242054887,327.54156301629286,321.1051433906199,Up,17
2025-10-16 10:30:00,324.2,324.4,324.1,324.3,323.4047997418235,323.1686787962136,327.5093086579218,321.4183121732908,Up,63
2025-10-16 10:40:00,324.3,324.3,324.1,324.1,323.46799976529405,323.2052011963621,327.47538518868873,321.5530110666281,Up,12
2025-10-16 10:50:00,324.1,325.0,324.1,324.8,323.5890906957219,323.2677423259166,327.4487644405426,321.8163736969346,Up,111
2025-10-16 11:00:00,324.8,324.8,324.2,324.3,323.65371881429263,323.3082230190179,327.4174334510845,321.8163736969346,Up,160
2025-10-16 11:10:00,324.3,324.8,324.2,324.3,323.7124716493569,323.34711623395833,327.38641421276526,321.8242757825906,Up,130
2025-10-16 11:20:00,324.3,324.3,323.7,324.0,323.73861059032447,323.37271951890114,327.35271854895666,321.8242757825906,Up,93
2025-10-16 11:30:00,324.0,325.8,324.0,325.7,323.9169187184768,323.4639854201207,327.3362735882705,321.8357651095789,Up,190
2025-10-16 11:40:00,325.7,325.9,325.0,325.2,324.0335624713425,323.53206442325325,327.31501713465593,322.3370591905263,Up,87
2025-10-16 11:50:00,325.2,325.2,324.8,324.8,324.10323861031134,323.58178738704726,327.28999208854,322.3370591905263,Up,37
2025-10-16 12:00:00,324.8,325.1,324.6,324.8,324.16658055482844,323.6295604306925,327.265216047858,322.3370591905263,Up,54
2025-10-16 12:10:00,324.8,325.3,324.8,325.3,324.26961868620765,323.69506786478297,327.2456616593221,322.3370591905263,Up,24
2025-10-16 12:20:00,325.3,325.3,325.0,325.2,324.3541988056433,323.7540848112621,327.2253068169408,322.48989426304644,Up,25
2025-10-16 12:30:00,325.2,325.4,324.9,325.3,324.440180732403,323.81470893631064,327.2061495351802,322.5499038754968,Up,47
2025-10-16 12:40:00,325.3,325.5,325.0,325.3,324.51834612036635,323.8729556446906,327.1871828731386,322.70445806863347,Up,19
2025-10-16 12:50:00,325.3,325.3,324.6,324.7,324.5348601094239,323.9053887566635,327.1624347848487,322.70445806863347,Up,62
2025-10-16 13:00:00,324.7,324.9,324.6,324.7,324.549872826749,323.9365499818924,327.13793294619353,322.70445806863347,Up,31
2025-10-16 13:10:00,324.7,325.0,324.6,325.0,324.59079347886274,323.97825390417114,327.1166599815548,322.70445806863347,Up,18
2025-10-16 13:20:00,325.0,325.0,324.6,324.6,324.59163043532976,324.0026361040076,327.0916185887035,322.70445806863347,Up,11
2025-10-16 13:30:00,324.6,324.9,324.5,324.7,324.6014822139361,324.02998370777203,327.06782138881596,322.70445806863347,Up,43
2025-10-16 13:40:00,324.7,324.7,324.6,324.7,324.6104383763055,324.05625885648686,327.04426097698695,322.70445806863347,Up,6
2025-10-16 13:50:00,324.7,324.8,324.5,324.5,324.6003985239141,324.073660469958,327.0189449473652,322.70445806863347,Up,33
2025-10-16 14:00:00,324.5,325.0,324.5,325.0,324.636725930831,324.1099875103518,326.9988559429138,322.76029514080807,Up,30
2025-10-16 14:10:00,325.0,325.1,324.7,325.1,324.67884175530094,324.1488115295537,326.9799618539296,322.94572285528,Up,28
2025-10-16 14:20:00,325.1,325.1,324.7,325.0,324.7080379593645,324.18219146957125,326.96026074095516,322.9779298684364,Up,18
2025-10-16 14:30:00,325.0,325.2,324.9,324.9,324.72548905396775,324.21034082370574,326.93976063407996,323.1935726076694,Up,20
2025-10-16 14:40:00,324.8,324.9,324.5,324.6,324.71408095815246,324.2256215757173,326.91647943374085,323.1935726076694,Up,32
2025-10-16 14:50:00,324.6,325.3,324.0,324.0,324.6491645074113,324.2167736707872,326.8874597378827,323.1935726076694,Up,123
2025-10-16 15:00:00,324.0,324.1,323.8,324.0,324.59014955219203,324.208272742521,326.8587287952172,323.1935726076694,Up,27
2025-10-16 15:10:00,324.0,324.4,324.0,324.0,324.5364995929018,324.20010518399073,326.8302837325782,323.1935726076694,Up,35
2025-10-16 15:20:00,324.0,324.0,323.6,323.7,324.46045417536527,324.1804932159911,326.7991366307615,323.1935726076694,Up,74
2025-10-16 15:30:00,323.7,325.6,323.7,325.6,324.56404925033206,324.2361601486973,326.78720492299277,323.1935726076694,Up,94
2025-10-16 15:40:00,325.6,325.8,325.3,325.5,324.64913568212,324.2857224958072,326.7743969138088,323.1935726076694,Up,141
2025-10-16 15:50:00,325.5,325.6,325.2,325.4,324.7173960746545,324.32941965283436,326.76072132262664,323.1935726076694,Up,88
2025-10-16 16:00:00,325.4,325.9,325.3,325.7,324.8067237042314,324.3831679017428,326.7501668816055,323.2312454834985,Up,109
2025-10-16 16:10:00,325.7,325.9,324.5,324.5,324.77883973111943,324.3877495526549,326.7277771613905,323.2312454834985,Up,124
2025-10-16 16:20:00,324.5,324.7,323.6,324.0,324.70803611919945,324.3725436878449,326.70063510008316,323.2312454834985,Up,128
2025-10-16 16:30:00,324.0,324.6,324.0,324.5,324.68912374472677,324.3775419745961,326.6787382334157,323.2312454834985,Up,79
2025-10-16 16:40:00,324.5,325.3,324.1,324.1,324.6355670406607,324.3666579755923,326.653079146516,323.2312454834985,Up,47
2025-10-16 16:50:00,324.1,324.6,323.7,324.6,324.6323336733279,324.3758086432162,326.632650498292,323.2312454834985,Up,77
2025-10-16 17:00:00,324.6,326.2,324.6,325.5,324.711212430298,324.41989457877634,326.62138034408014,323.2312454834985,Up,233
2025-10-16 17:10:00,325.5,325.8,324.9,324.9,324.72837493663457,324.4387222423538,326.60425218145247,323.2312454834985,Up,240
2025-10-16 17:20:00,324.9,325.3,324.1,324.8,324.7348863060314,324.4528899975556,326.5862994234281,323.2312454834985,Up,173
2025-10-16 17:30:00,324.8,325.2,323.5,323.5,324.62262391457404,324.41552176235734,326.55558997642885,323.2312454834985,Up,224
2025-10-16 17:40:00,323.5,323.6,321.8,322.3,324.4114762859764,324.3325601246178,326.51324579755897,325.77505348760985,Down,654
2025-10-16 17:50:00,322.3,323.2,322.2,322.8,324.26497844179676,324.272459727574,326.47629807818026,325.77505348760985,Down,286
2025-10-16 18:00:00,322.7,323.0,322.1,322.2,324.07725312890614,324.19118679708095,326.43374784854666,325.77505348760985,Down,115
2025-10-16 18:10:00,322.2,323.7,321.8,323.4,324.0156846626419,324.1601598638621,326.40356130278997,325.77505348760985,Down,345
2025-10-16 18:20:00,323.4,324.1,323.2,323.4,323.9597133296744,324.1303496731224,326.37367512067266,325.77505348760985,Down,172
2025-10-16 18:30:00,323.4,324.5,323.4,324.2,323.9815575724313,324.1330810584901,326.3520465125068,325.77505348760985,Down,193
2025-10-16 18:40:00,324.2,325.5,323.8,323.8,323.9650523385739,324.1200190561964,326.3266530148699,325.77505348760985,Down,331
2025-10-16 18:50:00,323.8,324.0,322.6,322.7,323.85004758052173,324.06433203438473,326.29056691521953,325.77505348760985,Down,197
2025-10-16 19:00:00,322.9,323.5,322.9,323.3,323.8000432550197,324.0343582291148,326.260810030491,325.77505348760985,Down,60
2025-10-16 19:10:00,323.3,324.6,323.3,324.4,323.85458477729065,324.0486971220907,326.24229450779956,325.77505348760985,Down,86
2025-10-16 19:20:00,324.4,324.4,323.4,323.7,323.84053161571876,324.03502272514595,326.2169980450354,325.77505348760985,Down,50
2025-10-16 19:30:00,323.7,324.9,323.7,324.4,323.89139237792614,324.049335559454,326.1989184624978,325.77505348760985,Down,121
2025-10-16 19:40:00,324.4,324.9,323.8,324.0,323.90126579811465,324.0474008316323,326.17703867680126,325.77505348760985,Down,145
2025-10-16 19:50:00,324.0,324.0,323.1,323.4,323.8556961801042,324.0220125637251,326.14940645116144,325.77505348760985,Down,148
2025-10-16 20:00:00,325.1,326.4,321.0,325.6,324.01426925464017,324.0838944239712,326.14393972030416,325.77505348760985,Down,1255
2025-10-16 20:10:00,325.6,328.5,325.4,326.9,324.2766084133092,324.1943299367566,326.1514627081619,320.3664043679516,Up,785
2025-10-16 20:20:00,326.9,327.0,325.6,325.6,324.396916739372,324.2494542529622,326.14597551703594,320.3664043679516,Up,226
2025-10-16 20:30:00,325.6,327.2,325.6,327.2,324.65174249033817,324.3651619293166,326.1564633228366,320.3664043679516,Up,140
2025-10-16 20:40:00,327.2,327.3,326.5,326.5,324.8197659003074,324.44888106934343,326.1598815982313,320.7130761592424,Up,123
2025-10-16 20:50:00,326.5,326.5,325.3,325.3,324.863423545734,324.48225828231034,326.15132556242804,320.7130761592424,Up,190
2025-10-16 21:00:00,325.3,325.9,325.1,325.6,324.93038504157636,324.5260912908472,326.14583973593625,320.7130761592424,Up,150
2025-10-16 21:10:00,325.6,325.6,324.9,325.2,324.95489549234213,324.552519083363,326.1364283952802,320.7130761592424,Up,139
2025-10-16 21:20:00,325.2,325.2,324.6,324.6,324.92263226576557,324.5543810800939,326.12114055055105,320.7130761592424,Up,98
2025-10-16 21:30:00,325.0,325.1,324.5,324.7,324.9023929688778,324.5600916259726,326.1069998485555,320.7130761592424,Up,140
2025-10-16 21:40:00,324.5,325.2,324.2,325.2,324.92944815352524,324.58518607201285,326.09797497444055,320.7130761592424,Up,179
2025-10-16 21:50:00,325.2,325.2,322.9,323.0,324.754043775932,324.5230219123261,326.06714935280434,320.7130761592424,Up,298
2025-10-16 22:00:00,322.9,322.9,321.0,321.1,324.42185797812,324.3887857589016,326.0177249811346,320.7130761592424,Up,662
2025-10-16 22:10:00,321.0,321.8,320.8,321.5,324.15623452556366,324.27550004286627,325.97277249376015,320.7130761592424,Up,439
2025-10-16 22:20:00,321.4,322.7,321.4,322.3,323.9874859323306,324.1980294529499,325.9362274938223,320.7130761592424,Up,188
2025-10-16 22:30:00,322.3,323.9,322.1,323.3,323.9249872112096,324.1628126116578,325.9099963744808,320.7130761592424,Up,427
2025-10-16 22:40:00,323.3,323.3,322.1,322.8,323.82271564655423,324.1093689798281,325.87905113692375,320.7130761592424,Up,135
2025-10-16 22:50:00,322.8,323.1,322.2,322.4,323.69337786050386,324.0423349021878,325.84443371267577,320.7130761592424,Up,201
2025-10-16 23:00:00,322.3,323.0,322.3,322.7,323.6030707822762,323.9896943177883,325.8131458150372,320.7130761592424,Up,122
2025-10-16 23:10:00,322.7,322.8,321.4,321.6,323.4209734384329,323.89598081513,325.7712239661314,320.7130761592424,Up,401
2025-10-16 23:20:00,321.7,322.3,321.4,322.0,323.29179403493896,323.82162862630133,325.733699349553,320.7130761592424,Up,286
2025-10-17 09:00:00,319.2,322.9,316.1,317.6,322.77435821358085,323.5776431899758,325.65276701771666,326.5051506182569,Down,788
2025-10-17 09:10:00,317.4,317.8,317.0,317.2,322.2675983759826,323.32753953546694,325.56865988321204,324.059227834779,Down,433
2025-10-17 09:20:00,317.2,317.9,317.2,317.7,321.8523621599841,323.10685171054666,325.490364759996,323.85838894070815,Down,248
2025-10-17 09:30:00,317.8,318.4,317.6,318.1,321.5112383272583,322.9105045846429,325.41682879223487,323.85838894070815,Down,193
2025-10-17 09:40:00,318.1,318.5,318.1,318.3,321.21930757023483,322.7297004832844,325.34601457539674,323.85838894070815,Down,167
2025-10-17 09:50:00,318.3,318.4,317.6,317.9,320.9175523365771,322.540300464332,325.27192487812914,323.4031472131541,Down,135
2025-10-17 10:00:00,317.9,317.9,317.5,317.7,320.6250475787064,322.35048475984837,325.19658234202836,322.7574065574128,Down,49
2025-10-17 10:10:00,317.7,318.0,317.7,317.8,320.36822507155125,322.1720343771092,325.12298450777934,322.5567332340117,Down,59
2025-10-17 10:20:00,317.8,318.0,317.4,317.4,320.09838642868294,321.9848957740853,325.0461388907865,322.1970302127379,Down,128
2025-10-17 10:30:00,317.4,317.7,317.4,317.4,319.85307857153,321.8050959398075,324.97005790679856,321.747300193398,Down,44
2025-10-17 10:40:00,317.4,317.5,317.1,317.4,319.6300714286636,321.63234707942286,324.89473394752696,321.26118199399826,Down,216
2025-10-17 10:50:00,317.4,317.5,317.3,317.4,319.42733766242145,321.4663726841514,324.8201594803874,321.07380181272566,Down,66
2025-10-17 11:00:00,317.4,317.6,317.2,317.6,319.2612160567468,321.31475022594935,324.74831709749805,320.88527437520514,Down,39
2025-10-17 11:10:00,317.6,317.8,317.6,317.8,319.1283782334061,321.17691688375527,324.67917961394085,320.88527437520514,Down,52
2025-10-17 11:20:00,317.8,317.9,317.7,317.7,318.9985256667328,321.04056720203937,324.6097350406678,320.81923502083066,Down,35
2025-10-17 11:30:00,317.7,318.2,317.6,317.6,318.8713869697571,320.9056429980378,324.539986433298,320.81923502083066,Down,97
2025-10-17 11:40:00,317.6,318.1,317.6,318.0,318.7921699725065,320.79169621380106,324.4749119414244,320.72540084366176,Down,49
2025-10-17 11:50:00,318.0,318.2,317.6,318.0,318.7201545204605,320.6822179309069,324.41048495693263,320.72540084366176,Down,43
2025-10-17 12:00:00,318.0,318.1,317.7,317.9,318.64559501860043,320.57311134538116,324.34570401208754,320.6201659864973,Down,12
2025-10-17 12:10:00,317.9,318.0,317.7,317.7,318.5596318350913,320.46044031222897,324.27957760400705,320.4319690786339,Down,25
2025-10-17 12:20:00,317.7,317.7,317.6,317.7,318.4814834864466,320.3521877509651,324.21410917013634,320.0336082533035,Down,59
2025-10-17 12:30:00,317.7,317.7,317.1,317.2,318.3649849876787,320.22857254504487,324.14431703909025,319.7850984120941,Down,107
2025-10-17 12:40:00,317.4,317.8,317.4,317.5,318.28634998879886,320.12156970014115,324.07820443173614,319.7850984120941,Down,44
2025-10-17 12:50:00,317.5,318.0,317.5,317.8,318.2421363534535,320.030527751116,324.015734735898,319.7850984120941,Down,65
2025-10-17 13:00:00,317.8,318.4,317.8,318.2,318.2383057758668,319.95874234911145,323.9578667285756,319.7850984120941,Down,55
2025-10-17 13:10:00,318.2,318.8,318.1,318.6,318.2711870689698,319.9054583354208,323.9045546218236,319.7850984120941,Down,91
2025-10-17 13:20:00,318.6,318.6,318.5,318.5,318.291988244518,319.85034232226707,323.85077795891993,319.7850984120941,Down,25
2025-10-17 13:30:00,318.4,318.4,318.0,318.4,318.30180749501636,319.7934661527664,323.7965413623138,319.7850984120941,Down,68
2025-10-17 13:40:00,318.4,318.5,318.2,318.4,318.3107340863785,319.7388204212854,323.74284443333556,319.7850984120941,Down,22
2025-10-17 13:50:00,318.4,318.6,318.3,318.6,318.3370309876168,319.6941607969213,323.69167185190935,319.7850984120941,Down,71
2025-10-17 14:00:00,318.6,318.6,318.0,318.0,318.30639180692435,319.62772311861073,323.6350383011441,319.7850984120941,Down,60
2025-10-17 14:10:00,318.0,318.6,318.0,318.3,318.30581073356757,319.5756555453319,323.5819533429238,319.7850984120941,Down,45
2025-10-17 14:20:00,318.3,318.5,318.3,318.3,318.3052824850614,319.5256298376719,323.52939659324295,319.7850984120941,Down,33
2025-10-17 14:30:00,318.3,318.9,318.3,318.8,318.3502568046013,319.4971737656063,323.4823379206734,319.7850984120941,Down,80
2025-10-17 14:40:00,318.8,318.8,318.4,318.8,318.39114254963755,319.4698336179355,323.43574749360204,319.7850984120941,Down,52
2025-10-17 14:50:00,318.8,318.8,318.4,318.6,318.4101295905796,319.4357224956635,323.38763060311845,319.7850984120941,Down,24
2025-10-17 15:00:00,318.6,319.0,318.3,318.8,318.44557235507233,319.41079220171594,323.3419825374158,319.7850984120941,Down,36
2025-10-17 15:10:00,318.8,319.2,318.7,319.0,318.4959748682476,319.3946827036094,323.29877873107336,319.7850984120941,Down,73
2025-10-17 15:20:00,319.0,319.4,318.7,318.7,318.5145226074978,319.36744024464434,323.2530197387244,319.7850984120941,Down,73
2025-10-17 15:30:00,318.7,319.1,318.7,319.0,318.5586569159071,319.35303082328574,323.21070113435894,319.7850984120941,Down,58
2025-10-17 15:40:00,319.0,319.8,319.0,319.7,318.6624153780973,319.36663745766674,323.17576878476336,319.7850984120941,Down,86
2025-10-17 15:50:00,319.7,319.9,319.5,319.8,318.76583216190664,319.38363206717,323.1421790456115,317.60201682219423,Up,132
2025-10-17 16:00:00,319.8,319.9,319.4,319.9,318.868938329006,319.4038817900261,323.10991855759545,317.60201682219423,Up,69
2025-10-17 16:10:00,319.9,320.4,319.8,320.0,318.9717621172782,319.427258974731,323.0789740943358,317.9826585307391,Up,89
2025-10-17 16:20:00,320.0,320.3,319.8,320.3,319.0925110157075,319.46148411297685,323.0513226108101,317.9826585307391,Up,65
2025-10-17 16:30:00,320.3,321.0,320.0,320.6,319.22955546882497,319.5061317948209,323.0269313410508,318.221205397305,Up,794
2025-10-17 16:40:00,320.6,321.1,320.2,320.3,319.3268686080227,319.5372638812985,322.9997976958662,318.2510958157318,Up,396
2025-10-17 16:50:00,320.3,320.3,319.2,319.3,319.32442600729337,319.5279594153652,322.9629837884447,318.2510958157318,Up,169
2025-10-17 17:00:00,319.3,319.9,319.0,319.7,319.35856909753943,319.5347061049588,322.9305162880622,318.2510958157318,Up,259
2025-10-17 17:10:00,319.7,320.3,319.4,320.0,319.4168809977631,319.55295292437216,322.90135692201187,318.2510958157318,Up,144
2025-10-17 17:20:00,320.0,320.7,319.4,319.7,319.4426190888755,319.5587194763576,322.8695026242804,318.2510958157318,Up,182
2025-10-17 17:30:00,319.7,320.6,319.0,320.4,319.52965371715953,319.59171086944167,322.8449304588647,318.2510958157318,Up,148
2025-10-17 17:40:00,320.4,320.5,319.3,319.9,319.56332156105407,319.6038006392675,322.81562766822924,318.2510958157318,Up,142
2025-10-17 17:50:00,319.9,320.4,319.5,319.9,319.5939286918673,319.6154163004727,322.78661644764986,318.2510958157318,Up,134
2025-10-17 18:00:00,319.9,321.2,319.9,321.2,319.7399351744248,319.6775568377091,322.77082921931503,318.2510958157318,Up,222
2025-10-17 18:10:00,321.2,321.2,320.3,320.5,319.8090319767498,319.7098095107401,322.7482339037,318.2510958157318,Up,168
2025-10-17 18:20:00,320.5,321.6,320.5,321.1,319.92639270613614,319.76432678482877,322.73183356634974,318.2510958157318,Up,145
2025-10-17 18:30:00,321.0,321.1,320.0,320.3,319.9603570055783,319.7853335775806,322.70763621743083,318.2510958157318,Up,168
2025-10-17 18:40:00,320.3,320.9,320.0,320.6,320.0185063687075,319.8172812804206,322.6866647127798,318.2510958157318,Up,69
2025-10-17 18:50:00,320.6,321.4,320.3,320.5,320.0622785170068,319.84405456354136,322.66490685494125,318.2510958157318,Up,90
2025-10-17 19:00:00,320.5,322.4,320.3,321.7,320.211162288188,319.91683673752016,322.65530579170803,318.2510958157318,Up,248
2025-10-17 19:10:00,321.7,323.1,321.7,323.0,320.46469298926183,320.0377451007547,322.65873558482537,318.2510958157318,Up,292
2025-10-17 19:20:00,323.0,323.5,322.1,322.1,320.61335726296534,320.1186178419016,322.6531760267674,318.3499151141803,Up,153
2025-10-17 19:30:00,322.1,322.3,321.8,322.2,320.7575975117867,320.2002406716309,322.64866681257075,318.3499151141803,Up,176
2025-10-17 19:40:00,322.2,323.3,322.0,323.2,320.97963410162424,320.3178782923513,322.6541527149332,318.3499151141803,Up,181
2025-10-17 19:50:00,323.2,323.5,323.0,323.4,321.19966736511293,320.4387458102983,322.6615740809538,319.14475215190106,Up,115
2025-10-17 20:00:00,323.4,327.9,323.4,327.6,321.78151578646634,320.7195793079337,322.7107126473125,320.2815928653646,Up,1124
2025-10-17 20:10:00,327.6,327.6,326.3,326.3,322.1922870786058,320.9384193350736,322.7464269493293,321.59690260487696,Up,405
2025-10-17 20:20:00,326.3,326.5,325.6,326.1,322.5475337078234,321.14083426311,322.7797958354056,321.59690260487696,Up,230
2025-10-17 20:30:00,326.1,326.9,326.0,326.5,322.906848825294,321.350997625341,322.8168127922673,321.59690260487696,Up,340
2025-10-17 20:40:00,326.5,327.2,326.2,326.9,323.26986256844907,321.5686055616021,322.8574415207025,321.74650834325837,Up,270
2025-10-17 20:50:00,326.9,327.6,326.3,327.2,323.62714778949913,321.78944455918634,322.90065105780997,321.9740984938713,Up,291
2025-10-17 21:00:00,327.0,328.6,327.0,327.6,323.98831617227194,322.01730947843396,322.94741074877703,322.69463499442844,Up,303
2025-10-17 21:10:00,327.6,327.8,327.4,327.5,324.3075601566108,322.23231694986794,322.9927101443116,322.8133045403895,Up,124
2025-10-17 21:20:00,327.5,328.4,327.3,328.2,324.66141832419163,322.4663437361476,323.0445239737214,323.0984586730813,Up,296
2025-10-17 21:30:00,328.2,328.3,327.1,327.9,324.9558348401742,322.6794282955144,323.09283716801275,323.0984586730813,Up,135
2025-10-17 21:40:00,327.9,327.9,327.2,327.5,325.1871225819765,322.8684703231413,323.1366895345002,323.0984586730813,Up,89
2025-10-17 21:50:00,327.5,328.5,327.5,327.9,325.4337478017968,323.0657852124299,323.184085658535,323.4744242472437,Up,229
2025-10-17 22:00:00,328.1,329.3,328.0,328.6,325.7215889107244,323.282813243315,323.237975353475,324.02674931567606,Up,378
2025-10-17 22:10:00,328.5,330.0,328.2,329.8,326.092353555204,323.53838919455757,323.3032691310524,324.2424993778873,Up,356
2025-10-17 22:20:00,329.8,330.6,329.6,329.8,326.42941232291275,323.7839425594769,323.36791321930065,325.3204539798976,Up,381
2025-10-17 22:30:00,329.8,330.2,329.2,329.8,326.7358293844662,324.0198663806739,323.43191408279023,325.3204539798976,Up,268
2025-10-17 22:40:00,329.8,330.1,329.3,329.4,326.97802671315105,324.23085201280435,323.49129802226497,325.3204539798976,Up,167
2025-10-17 22:50:00,329.4,329.4,329.1,329.1,327.17093337559186,324.42179899269433,323.5471060021429,325.3204539798976,Up,109
2025-10-17 23:00:00,329.5,329.5,328.8,329.2,327.35539397781076,324.60917942435344,323.6033537036142,325.3204539798976,Up,143
2025-10-17 23:10:00,329.2,329.7,329.1,329.3,327.5321763434643,324.79313317241804,323.6600367513394,325.4256005736677,Up,273
2025-10-17 23:20:00,329.3,329.4,327.8,328.0,327.5747057667857,324.91889265585263,323.70322046525644,325.4256005736677,Up,479
2025-10-20 09:00:00,333.5,339.8,333.5,338.6,328.5770052425325,325.4554066693486,323.85144712729374,328.5455376641882,Up,1328
2025-10-20 09:10:00,338.6,338.8,337.9,338.2,329.4518229477568,325.9551946430996,323.99421879766896,330.6550342401711,Up,379
2025-10-20 09:20:00,338.1,338.6,338.1,338.5,330.2743844979607,326.4471477943506,324.1385549290355,331.17275840015554,Up,172
2025-10-20 09:30:00,338.5,338.7,338.1,338.5,331.0221677254188,326.91980866516036,324.28145487999035,331.6570530910505,Up,148
2025-10-20 09:40:00,338.5,338.5,338.0,338.2,331.6746979321989,327.36216910966385,324.4199478662591,331.9382300827732,Up,163
2025-10-20 09:50:00,338.2,338.5,338.1,338.4,332.2860890292717,327.7950252230104,324.55905286261475,332.4165728025211,Up,135
2025-10-20 10:00:00,338.4,338.6,338.2,338.3,332.8328082084288,328.20698501818646,324.69577870477775,332.90597527501916,Up,104
2025-10-20 10:10:00,338.3,338.3,337.9,338.2,333.32073473493523,328.59886795864975,324.8301490659243,332.9599775227447,Up,92
2025-10-20 10:20:00,338.2,338.2,338.0,338.0,333.7461224863048,328.9675398034086,324.96119235880064,333.354525020677,Up,70
2025-10-20 10:30:00,338.0,338.2,338.0,338.2,334.1510204420953,329.32959706602,325.09292178806635,333.71320456425184,Up,104
2025-10-20 10:40:00,338.2,338.2,337.8,338.0,334.50092767463207,329.66961286735255,325.2213504269911,333.8665496038653,Up,219
2025-10-20 10:50:00,338.0,338.0,337.8,338.0,334.81902515875646,329.99629471569165,325.34850116901106,334.06959054896845,Up,78
2025-10-20 11:00:00,338.0,338.4,337.8,338.2,335.12638650796043,330.3180086484096,325.4763767792697,334.39962777178954,Up,104
2025-10-20 11:10:00,338.2,338.5,338.1,338.1,335.39671500723676,330.6231847798445,325.60198497052073,334.79057070162685,Up,74
2025-10-20 11:20:00,338.1,338.2,338.0,338.1,335.64246818839706,330.9163932198506,325.72634332902305,334.8368824560244,Up,59
2025-10-20 11:30:00,338.1,338.2,337.5,337.6,335.8204256258155,331.17849544652313,325.8444891665452,334.8368824560244,Up,214
2025-10-20 11:40:00,337.6,338.0,337.5,337.8,336.00038693255954,331.4381622917575,325.9634494733458,334.8368824560244,Up,34
2025-10-20 11:50:00,337.8,338.2,337.6,338.0,336.1821699386905,331.6954892607082,326.08321614525283,334.8545322734969,Up,75
2025-10-20 12:00:00,338.0,338.0,337.7,337.7,336.3201544897186,331.9309602700922,326.1988060343548,334.9723020668154,Up,30
2025-10-20 12:10:00,337.7,338.0,337.7,337.9,336.46377680883506,332.16504025950036,326.3152358250577,335.1248200607413,Up,25
2025-10-20 12:20:00,337.9,338.3,337.8,338.3,336.63070618985006,332.4056269159905,326.434487209883,335.39074550976477,Up,38
2025-10-20 12:30:00,338.3,338.4,338.0,338.2,336.77336926350006,332.6328572330105,326.55155698888916,335.6370413725134,Up,67
2025-10-20 12:40:00,338.2,338.9,338.1,338.7,336.9485175122728,332.8707844003434,326.67243701885053,335.8791285204668,Up,225
2025-10-20 12:50:00,338.7,338.8,338.3,338.3,337.07137955661165,333.0836948160162,326.78813416294156,335.98557138224254,Up,162
2025-10-20 13:00:00,338.4,339.1,338.4,338.7,337.21943596055604,333.3039420781332,326.90666019117106,336.12779216567503,Up,284
2025-10-20 13:10:00,338.7,338.9,338.3,338.6,337.3449417823237,333.51163062408875,327.02301183105993,336.12779216567503,Up,110
2025-10-20 13:20:00,338.6,338.6,338.2,338.6,337.45903798393067,333.7111745211833,327.13820574318873,336.12779216567503,Up,133
2025-10-20 13:30:00,338.6,338.9,338.4,338.8,337.5809436217552,333.91073630466633,327.25424349698784,336.1855313040383,Up,123
2025-10-20 13:40:00,338.8,338.8,338.4,338.7,337.68267601977743,334.0985505672285,327.36813162139595,336.2141193673076,Up,166
2025-10-20 13:50:00,338.7,338.9,338.3,338.6,337.7660691088886,334.2750779959646,327.4798915057602,336.2141193673076,Up,162
2025-10-20 14:00:00,338.6,338.7,338.2,338.3,337.8146082808078,334.4329180745542,327.58755427684713,336.2141193673076,Up,157
2025-10-20 14:10:00,338.3,338.5,338.2,338.2,337.84964389164344,334.58064677751287,327.6931507517044,336.2141193673076,Up,84
2025-10-20 14:20:00,338.2,338.5,338.2,338.3,337.8905853560395,334.72650376663,327.79869154024465,336.2141193673076,Up,77
2025-10-20 14:30:00,338.3,338.8,338.3,338.8,337.9732594145813,334.8862487169583,327.9081572960631,336.4117825206348,Up,22
2025-10-20 14:40:00,338.8,339.6,338.8,339.2,338.084781285983,335.0554154339403,328.02051393988336,336.9652568369408,Up,139
2025-10-20 14:50:00,339.2,339.3,338.8,339.1,338.1770738963482,335.21402659339367,328.1307575822726,336.9652568369408,Up,190
2025-10-20 15:00:00,339.1,339.5,338.8,339.1,338.2609762694074,335.3664177073783,328.23990427299634,336.9652568369408,Up,173
2025-10-20 15:10:00,339.0,339.6,338.9,339.1,338.3372511540067,335.5128326992458,328.34796492699644,336.9652568369408,Up,165
2025-10-20 15:20:00,339.1,339.6,338.9,339.5,338.44295559455156,335.66919220123617,328.4589304501109,336.9652568369408,Up,98
2025-10-20 15:30:00,339.5,339.8,339.2,339.3,338.5208687223196,335.81157682079555,328.5668017889158,337.1370173652698,Up,378
2025-10-20 15:40:00,339.3,339.7,339.1,339.4,338.6007897475633,335.95229929841145,328.6745948059416,337.1370173652698,Up,280
2025-10-20 15:50:00,339.4,339.9,339.3,339.6,338.69162704323935,336.09534638474827,328.78330530538494,337.2305928638594,Up,241
2025-10-20 16:00:00,339.6,340.0,339.5,340.0,338.8105700393085,336.2484700559346,328.8949142078189,337.41417533078123,Up,80
2025-10-20 16:10:00,340.0,340.5,339.9,340.5,338.9641545811895,336.4151967204078,329.01038769828835,337.8583412098011,Up,273
2025-10-20 16:20:00,340.5,341.0,340.2,340.5,339.10377689199044,336.5753850843134,329.1247121988029,338.18031019072833,Up,246
2025-10-20 16:30:00,340.5,342.0,340.5,341.9,339.35797899271853,336.7841935123795,329.2518294903571,338.5048274461166,Up,498
2025-10-20 16:40:00,341.9,342.0,340.5,340.7,339.4799809024714,336.9377545511097,329.3657416347317,338.5048274461166,Up,312
2025-10-20 16:50:00,340.7,341.2,340.3,341.1,339.6272553658831,337.1009798628309,329.4825004244359,338.5048274461166,Up,144
2025-10-20 17:00:00,341.1,342.3,341.1,341.4,339.7884139689847,337.2695688878179,329.6010825097649,338.5048274461166,Up,306
2025-10-20 17:10:00,341.4,342.9,341.2,342.8,340.06219451725883,337.486448539276,329.7324150221056,338.5048274461166,Up,405
2025-10-20 17:20:00,342.8,343.1,341.3,341.5,340.1929041065989,337.64384271420636,329.84950541989565,338.5048274461166,Up,346
2025-10-20 17:30:00,341.2,341.6,340.2,340.6,340.2299128241808,337.75977045090417,329.95647551522006,338.5048274461166,Up,324
2025-10-20 17:40:00,340.6,342.9,340.3,342.5,340.4362843856189,337.94566180577067,330.0812867041234,338.5048274461166,Up,369
2025-10-20 17:50:00,342.5,342.8,340.8,340.8,340.4693494414717,338.0575966369169,330.187940567764,338.5048274461166,Up,214
2025-10-20 18:00:00,340.8,343.4,340.4,342.9,340.69031767406517,338.2474948080182,330.3144287213186,338.5048274461166,Up,689
2025-10-20 18:10:00,342.8,343.3,342.0,342.8,340.8821069764229,338.42602442339,330.43866326140505,338.5048274461166,Up,386
2025-10-20 18:20:00,342.8,344.3,342.6,344.3,341.1928245240208,338.6563764067865,330.5765870100478,338.5048274461166,Up,457
2025-10-20 18:30:00,344.5,344.9,343.4,343.6,341.41165865820074,338.85024399867723,330.7061732089528,338.5048274461166,Up,657
2025-10-20 18:40:00,343.7,344.6,343.7,344.5,341.69241696200066,339.07180305755264,330.84342521682396,338.61338027767437,Up,231
2025-10-20 18:50:00,344.5,345.6,344.1,344.1,341.91128814727335,339.26898725137414,330.975331433572,339.27125479788583,Up,637
2025-10-20 19:00:00,344.5,345.4,344.4,345.0,342.1920801338849,339.49373284935945,331.11488037453154,339.3556861798962,Up,270
2025-10-20 19:10:00,345.5,346.8,345.0,346.5,342.5837092126226,339.7684884238944,331.26796614194916,340.2051692544511,Up,694
2025-10-20 19:20:00,346.5,347.9,346.2,347.3,343.01246292056595,340.0638418190358,331.4274888669049,341.25469932222825,Up,656
2025-10-20 19:30:00,347.4,347.9,345.2,345.6,343.2476935641509,340.28094606142656,331.5685088781795,341.25469932222825,Up,525
2025-10-20 19:40:00,345.7,345.9,344.1,344.5,343.3615396037735,340.4463991570569,331.6971804316305,341.25469932222825,Up,521
2025-10-20 19:50:00,344.5,345.0,344.0,344.6,343.47412691252134,340.60928546462327,331.82556669599245,341.25469932222825,Up,173
2025-10-20 20:00:00,344.6,346.0,344.6,346.0,343.70375173865574,340.8206860346381,331.96660583334574,341.25469932222825,Up,202
2025-10-20 20:10:00,346.0,346.3,345.1,345.1,343.8306833987779,340.9885022685739,332.0972863723174,341.25469932222825,Up,288
2025-10-20 20:20:00,345.1,347.0,345.0,346.9,344.1097121807072,341.220325709022,332.24457705517995,341.25469932222825,Up,277
2025-10-20 20:30:00,346.9,348.0,346.8,347.8,344.44519289155204,341.47835215180544,332.39935738298914,341.3764545824678,Up,492
2025-10-20 20:40:00,347.8,348.3,347.5,347.8,344.7501753559564,341.72625991055816,332.55259760803403,342.13314052951614,Up,275
2025-10-20 20:50:00,347.8,348.4,347.6,347.9,345.03652305086945,341.96836736504605,332.7053080795959,342.4664913904693,Up,187
2025-10-20 21:00:00,347.8,348.6,347.8,348.2,345.32411186442675,342.2127451154364,332.85948411860494,342.8786285367903,Up,435
2025-10-20 21:10:00,348.2,349.2,348.2,348.8,345.6401016949334,342.4710688363997,333.01809621692735,343.49875321526383,Up,293
2025-10-20 21:20:00,348.8,350.0,348.8,349.6,346.0000924499395,342.750634764384,333.18309028442064,344.2352301956944,Up,439
2025-10-20 21:30:00,349.6,351.6,349.5,351.4,346.4909931363086,343.08982555793756,333.36435306766026,345.0911183597222,Up,606
2025-10-20 21:40:00,351.4,353.0,351.4,352.7,347.05544830573507,343.4666951439008,333.55674756449946,346.65556214520194,Up,665
2025-10-20 21:50:00,352.7,354.1,352.7,353.5,347.6413166415773,343.8601580794341,333.75518788724077,347.85051104109266,Up,649
2025-10-20 22:00:00,353.6,354.0,351.2,351.3,347.9739242196157,344.1519165861229,333.9297631321439,347.85051104109266,Up,556
2025-10-20 22:10:00,351.3,352.2,350.9,352.0,348.33993110874155,344.4596845631377,334.10956648406284,347.85051104109266,Up,341
2025-10-20 22:20:00,352.0,352.4,351.4,351.7,348.6453919170378,344.7436185018382,334.28459567327616,347.85051104109266,Up,175
2025-10-20 22:30:00,351.7,352.4,351.6,351.9,348.94126537912524,345.0242609135309,334.45987332826843,347.85051104109266,Up,172
2025-10-20 22:40:00,351.9,353.3,351.8,353.1,349.31933216284114,345.3409565639807,334.64534722549956,347.85051104109266,Up,336
2025-10-20 22:50:00,353.1,353.4,352.5,352.9,349.6448474207646,345.637389639903,334.8269855615643,347.85051104109266,Up,383
2025-10-20 23:00:00,352.9,353.4,352.6,353.0,349.9498612916042,345.926119457946,335.00781157587716,347.85051104109266,Up,205
2025-10-20 23:10:00,353.0,355.3,353.0,354.8,350.3907829923674,346.2741147733207,335.20474877412715,348.5661997137374,Up,1100
2025-10-20 23:20:00,354.8,355.1,353.9,354.6,350.77343908397035,346.6006200763278,335.397736348514,348.98745428521585,Up,797
2025-10-21 13:45:00,351.4,354.1,351.4,352.5,350.93039916724575,346.8319683086287,335.56790812614076,348.98745428521585,Up,924
2025-10-21 13:55:00,352.3,352.6,350.4,350.6,350.9003628793143,346.97973425730993,335.717481179612,348.98745428521585,Up,881
2025-10-21 14:05:00,350.5,352.2,350.5,352.1,351.0094207993766,347.1805289923174,335.8804913171283,348.98745428521585,Up,567
2025-10-21 14:15:00,352.1,352.4,351.5,352.1,351.1085643630696,347.37344942399125,336.04187946322656,348.98745428521585,Up,365
2025-10-21 14:25:00,352.1,352.8,351.8,352.6,351.24414942097235,347.57841219167784,336.2066368815029,348.98745428521585,Up,381
2025-10-21 14:35:00,352.6,353.6,352.3,353.4,351.44013583724757,347.80670975278855,336.377715121488,348.98745428521585,Up,506
2025-10-22 17:00:00,353.4,358.2,353.4,355.9,351.84557803386144,348.12409368405173,336.571966712319,348.98745428521585,Up,939
2025-10-22 17:10:00,355.9,356.9,355.0,355.2,352.1505254853286,348.4015802062458,336.7573202773706,348.98745428521585,Up,773
2025-10-22 17:20:00,355.1,358.0,354.8,358.0,352.68229589575327,348.77798882560876,336.9686902248595,348.98745428521585,Up,796
2025-10-22 17:30:00,357.9,358.8,356.1,356.6,353.03845081432115,349.08473436185943,337.16402664053254,349.4852885717622,Up,887
2025-10-22 17:40:00,356.2,358.4,356.0,357.5,353.4440461948374,349.4147447790414,337.3663746341591,349.4852885717622,Up,770
2025-10-22 17:50:00,357.5,359.8,357.0,359.8,354.0218601771249,349.82200968966725,337.58959478705304,350.00602361302657,Up,793
2025-10-22 18:00:00,359.7,361.2,359.6,360.9,354.6471456155681,350.2564406822293,337.82153911753016,352.18729419366053,Up,1490
2025-10-22 18:10:00,361.0,361.0,359.0,359.7,355.1064960141528,350.62677634174975,338.039235245714,352.18729419366053,Up,850
2025-10-22 18:20:00,359.7,359.9,358.3,358.8,355.4422691037753,350.9472949165831,338.2458100193885,352.18729419366053,Up,757
2025-10-22 18:30:00,359.5,361.1,359.0,359.0,355.76569918525024,351.2630872727955,338.45231937242943,352.18729419366053,Up,1191
2025-10-22 18:40:00,359.0,360.5,358.3,358.8,356.04154471386386,351.5586524777839,338.65478385628586,352.18729419366053,Up,545
2025-10-22 18:50:00,358.8,360.2,358.0,360.1,356.4104951944217,351.8936072825767,338.86816909154675,352.18729419366053,Up,532
2025-10-22 19:00:00,360.1,360.2,359.5,360.2,356.75499563129245,352.219348173456,339.08042611551144,352.18729419366053,Up,375
2025-10-22 19:10:00,360.2,360.8,359.7,360.8,357.122723301175,352.55584432351657,339.2965412785412,352.7989320916107,Up,407
2025-10-22 19:20:00,360.8,360.9,359.8,359.8,357.36611209197724,352.8399288598493,339.50055579318257,353.17630190146434,Up,342
2025-10-22 19:30:00,359.8,360.1,357.2,357.5,357.3782837199793,353.0226767476983,339.67965474051414,353.17630190146434,Up,993
2025-10-22 19:40:00,357.5,357.6,356.3,357.1,357.35298519998116,353.18257177720034,339.8529915092653,353.17630190146434,Up,801
2025-10-22 19:50:00,357.1,357.7,356.5,357.0,357.3208956363465,353.3322748447611,340.02360850917313,353.17630190146434,Up,415
2025-10-22 20:00:00,357.0,359.7,357.0,359.4,357.5099051239514,353.57022485084894,340.2164084245047,353.17630190146434,Up,748
2025-10-22 20:10:00,359.4,360.4,359.3,360.2,357.75445920359215,353.8302160331686,340.41525013172355,353.17630190146434,Up,678
2025-10-22 20:20:00,360.2,360.5,359.5,359.7,357.9313265487201,354.060403639711,340.6071381901144,353.17630190146434,Up,575
2025-10-22 20:30:00,359.7,359.9,357.6,358.0,357.9375695897456,354.21489761462436,340.7802014917054,353.17630190146434,Up,851
2025-10-22 20:40:00,358.0,358.7,357.6,358.0,357.9432450815869,354.3633330022862,340.9515427703949,353.17630190146434,Up,411
2025-10-22 20:50:00,357.9,357.9,356.8,357.7,357.9211318923517,354.494182688471,341.11819408611234,353.17630190146434,Up,516
2025-10-22 21:00:00,357.7,358.0,357.0,357.0,357.8373926294106,354.59245003402117,341.27622200565355,353.17630190146434,Up,252
2025-10-22 21:10:00,357.0,357.2,355.6,355.7,357.6430842085551,354.6358833660203,341.41974218470176,353.17630190146434,Up,693
2025-10-22 21:20:00,355.7,356.0,355.0,355.3,357.4300765532319,354.66192715558816,341.5578542027644,353.17630190146434,Up,624
2025-10-22 21:30:00,355.3,356.0,353.3,355.4,357.2455241393017,354.6908711887024,341.6955869967668,353.17630190146434,Up,1481
2025-10-22 21:40:00,355.4,356.9,355.3,356.9,357.21411285391065,354.77750369110623,341.84687468834125,353.17630190146434,Up,760
2025-10-22 21:50:00,356.9,357.2,356.1,356.2,357.12192077628237,354.83328786008246,341.98969185562146,353.17630190146434,Up,582
2025-10-22 22:00:00,356.2,357.0,355.0,356.5,357.06538252389305,354.8986491204714,342.1340730311874,353.17630190146434,Up,597
2025-10-22 22:10:00,356.5,356.7,355.8,356.3,356.9958022944482,354.95360405692355,342.27502752838956,353.17630190146434,Up,162
2025-10-22 22:20:00,356.3,358.3,356.3,357.6,357.05072935858925,355.05738428998535,342.4275148166643,353.17630190146434,Up,704
2025-10-22 22:30:00,357.6,358.4,357.1,357.1,357.0552085078084,355.1374868668487,342.57350969411044,353.17630190146434,Up,382
2025-10-22 22:40:00,357.1,357.5,356.8,356.8,357.0320077343713,355.2026834603056,342.71506681158195,353.17630190146434,Up,143
2025-10-22 22:50:00,356.8,357.1,355.3,356.7,357.0018252130648,355.26140175597993,342.85422037564587,353.17630190146434,Up,592
2025-10-22 23:00:00,356.7,357.2,355.9,356.9,356.99256837551343,355.3256605106474,342.9939793768832,353.17630190146434,Up,355
2025-10-22 23:10:00,356.9,359.7,356.9,359.7,357.238698523194,355.4972032357201,343.1602084378098,353.17630190146434,Up,1176
2025-10-22 23:20:00,359.6,360.0,359.0,360.0,357.48972593017635,355.673783500986,343.32776855285647,353.2280742287275,Up,1117
2025-10-23 09:00:00,355.4,358.6,355.0,357.0,357.4452053910694,355.72579199114347,343.46381065680816,353.2280742287275,Up,547
2025-10-23 09:10:00,357.0,358.3,356.8,358.2,357.51382308279034,355.8228197561967,343.61043940649165,353.2280742287275,Up,278
2025-10-23 09:20:00,358.2,358.4,357.5,358.0,357.55802098435487,355.9081993736008,343.7536191138898,353.2280742287275,Up,209
2025-10-23 09:30:00,358.0,358.3,357.5,357.9,357.5891099857771,355.98630920208706,343.8943791227068,353.2280742287275,Up,334
2025-10-23 09:40:00,357.9,358.5,357.7,358.0,357.6264636234337,356.0652774686719,344.03473355929685,353.2280742287275,Up,243
2025-10-23 09:50:00,358.0,358.2,357.4,357.8,357.642239657667,356.13330580323384,344.1717013845775,353.2280742287275,Up,269
2025-10-23 10:00:00,357.8,358.6,357.5,358.5,357.72021787060635,356.22611734036195,344.3142715200543,353.2280742287275,Up,244
2025-10-23 10:10:00,358.5,358.8,358.2,358.4,357.78201624600575,356.31136764073995,344.45442802234237,353.2280742287275,Up,308
2025-10-23 10:20:00,358.4,358.5,358.0,358.3,357.82910567818703,356.38935322345606,344.5921949076922,353.2280742287275,Up,283
2025-10-23 10:30:00,358.3,358.6,358.3,358.3,357.8719142528973,356.4642805480264,344.72859097826245,353.5396545836315,Up,134
2025-10-23 10:40:00,358.3,358.7,358.2,358.6,357.9381038662703,356.5480342520254,344.866614948628,353.80423143966493,Up,187
2025-10-23 10:50:00,358.6,358.9,358.4,358.9,358.0255489693366,356.64026820292634,345.006250620781,354.24475585424085,Up,279
2025-10-23 11:00:00,358.9,359.4,358.8,359.3,358.1414081539424,356.7445714106547,345.14847698276327,354.8770507765826,Up,187
2025-10-23 11:10:00,359.3,359.4,358.7,358.9,358.21037104903854,356.8290980220016,345.2853080575616,354.95640979689324,Up,260
2025-10-23 11:20:00,358.9,359.7,358.6,359.1,358.2912464082168,356.9181530015309,345.42276767887944,355.02855436081205,Up,385
2025-10-23 11:30:00,359.1,359.5,358.7,358.9,358.34658764383346,356.99587249166694,345.5568694930199,355.06232214619286,Up,399
2025-10-23 11:40:00,358.9,359.9,358.4,359.3,358.43326149439406,357.08623043317016,345.6936170602536,355.06232214619286,Up,432
2025-10-23 11:50:00,359.3,359.4,358.5,359.3,358.5120559039946,357.17304492598697,345.82900395517646,355.06232214619286,Up,288
2025-10-23 12:00:00,359.3,359.9,359.3,359.9,358.63823263999507,357.27998434065415,345.9690138660702,355.5999415072824,Up,429
2025-10-23 12:10:00,359.9,360.6,359.7,360.3,358.7893023999955,357.3984163272952,346.11161074302476,356.18631046116576,Up,397
2025-10-23 12:20:00,360.3,360.7,359.6,359.7,358.87209309090497,357.48867451053854,346.246818596328,356.18631046116576,Up,451
2025-10-23 12:30:00,359.6,359.7,359.4,359.4,358.9200846280954,357.5636284513017,346.3776960232302,356.18631046116576,Up,137
2025-10-23 12:40:00,359.4,359.6,359.2,359.3,358.95462238917764,357.63172145321147,346.5062761623026,356.18631046116576,Up,70
2025-10-23 12:50:00,359.3,359.6,358.8,359.2,358.9769294447069,357.69322257269334,346.63258187213046,356.18631046116576,Up,154
2025-10-23 13:00:00,359.4,359.6,359.1,359.2,358.99720858609714,357.7523118835681,346.7576308087262,356.18631046116576,Up,158
2025-10-23 13:10:00,359.2,359.2,358.4,359.0,358.9974623509974,357.80124082931053,346.87944542754485,356.18631046116576,Up,201
2025-10-23 13:20:00,359.1,359.3,358.4,358.8,358.97951122817943,357.84040785561206,346.9980579108529,356.18631046116576,Up,209
2025-10-23 13:30:00,358.8,359.0,358.6,358.7,358.9541011165268,357.87411735147043,347.1144951455708,356.18631046116576,Up,53
2025-10-23 13:40:00,358.6,358.7,357.6,357.7,358.8400919241152,357.8672892200402,347.2198235520825,356.18631046116576,Up,296
2025-10-23 13:50:00,357.7,358.5,357.7,358.1,358.77281084010474,357.87641513297984,347.32808401425086,356.18631046116576,Up,159
2025-10-23 14:00:00,358.1,358.8,358.1,358.7,358.7661916728225,357.90871257874534,347.4412374071439,356.18631046116576,Up,100
2025-10-23 14:10:00,358.7,359.3,358.5,359.0,358.78744697529316,357.9515081638926,347.5562499702569,356.18631046116576,Up,163
2025-10-23 14:20:00,359.0,360.2,358.8,360.1,358.9067699775392,358.0357627457007,347.6810634033887,356.18631046116576,Up,412
2025-10-23 14:30:00,360.1,360.2,359.5,359.6,358.96979088867204,358.09710538312424,347.7996597874346,356.43352112607647,Up,201
2025-10-23 14:40:00,359.8,359.8,359.2,359.7,359.03617353515637,358.15996399555075,347.91807113283335,356.43352112607647,Up,126
2025-10-23 14:50:00,359.6,359.9,359.3,359.4,359.06924866832395,358.2085928584703,348.0323191812629,356.43352112607647,Up,95
2025-10-23 15:00:00,359.4,360.4,359.2,359.4,359.0993169712036,358.2553147071577,348.1454304331906,356.43352112607647,Up,310
2025-10-23 15:10:00,359.4,359.7,358.8,359.3,359.1175608829124,358.2962827578574,348.25642117514894,356.43352112607647,Up,248
2025-10-23 15:20:00,359.3,359.7,359.3,359.5,359.1523280753749,358.34348735558854,348.3682975813664,356.43352112607647,Up,100
2025-10-23 15:30:00,359.5,359.8,359.1,359.6,359.19302552306806,358.39276236125176,348.48005581438764,356.43352112607647,Up,185
2025-10-23 15:40:00,359.6,360.1,359.3,360.0,359.2663868391528,358.4557912882615,348.59468212469227,356.5017229417634,Up,171
2025-10-23 15:50:00,360.0,360.3,359.5,359.6,359.2967153083207,358.5006622181336,348.70418777519285,356.7015663106939,Up,199
2025-10-23 16:00:00,359.6,360.0,358.1,358.7,359.24246846210974,358.50847938604994,348.80364859335015,356.7015663106939,Up,462
2025-10-23 16:10:00,358.7,359.1,358.4,358.4,359.1658804200997,358.50422529247936,348.8991346769984,356.7015663106939,Up,124
2025-10-23 16:20:00,358.4,358.6,358.0,358.3,359.08716401827246,358.4962164574802,348.992675625486,356.7015663106939,Up,315
2025-10-23 16:30:00,358.3,358.5,357.7,358.2,359.00651274388406,358.4846001258143,349.08429079339163,356.7015663106939,Up,359
2025-10-23 16:40:00,358.2,359.6,357.9,359.3,359.03319340353096,358.51657659146866,349.1859396412186,356.7015663106939,Up,542
2025-10-23 16:50:00,359.3,359.6,358.9,359.2,359.0483576395736,358.5433775094503,349.2855820328483,356.7015663106939,Up,241
2025-10-23 17:00:00,359.2,359.8,358.3,359.8,359.1166887632487,358.5926568228052,349.3902031071483,356.7015663106939,Up,352
2025-10-23 17:10:00,359.7,360.0,358.9,359.5,359.151535239317,358.62823890818544,349.49079810110703,356.7015663106939,Up,371
2025-10-23 17:20:00,359.5,361.0,359.4,360.4,359.2650320357427,358.69771973531545,349.5993473737328,356.7015663106939,Up,828
2025-10-23 17:30:00,360.7,362.8,360.3,361.8,359.495483668857,358.81937778491096,349.72074690235246,356.8928293947733,Up,1383
2025-10-23 17:40:00,362.0,362.2,359.5,360.2,359.55953060805183,358.8735198325615,349.8250180774534,356.8928293947733,Up,1405
2025-10-23 17:50:00,360.2,360.8,358.5,359.1,359.5177550982289,358.88240140775514,349.9173064547922,356.8928293947733,Up,1144
2025-10-23 18:00:00,359.1,359.3,356.7,357.1,359.29795918020807,358.81250331333337,349.9887760423067,356.8928293947733,Up,1896
2025-10-23 18:10:00,356.9,357.0,353.8,354.5,358.8617810729164,358.6433855363399,350.0336638428808,362.0692784681557,Down,2523
2025-10-23 18:20:00,354.5,355.4,353.5,355.1,358.51980097537853,358.5044292407972,350.0840751479268,361.20388951650517,Down,1522
2025-10-23 18:30:00,355.4,356.2,354.2,354.2,358.12709179579866,358.33562809409926,350.1250296240669,361.20388951650517,Down,1755
2025-10-23 18:40:00,354.2,356.4,354.2,355.6,357.89735617799874,358.22834856099735,350.17950694124033,361.20388951650517,Down,1071
2025-10-23 18:50:00,355.6,355.8,354.4,354.9,357.6248692527261,358.0978250880171,350.226477021427,361.20388951650517,Down,712
2025-10-23 19:00:00,354.9,355.7,353.8,355.5,357.4316993206601,357.9959495943694,350.27894988688547,361.20388951650517,Down,907
2025-10-23 19:10:00,355.5,355.9,355.0,355.7,357.27427210969097,357.90591235537454,350.3328906840309,361.20388951650517,Down,520
2025-10-23 19:20:00,355.8,356.5,355.3,355.5,357.1129746451736,357.81156285124223,350.3843047070754,361.20388951650517,Down,794
2025-10-23 19:30:00,355.5,356.5,354.4,354.6,356.88452240470326,357.6856192100171,350.42625192392046,361.20388951650517,Down,853
2025-10-23 19:40:00,354.6,355.6,354.3,355.4,356.7495658224575,357.5959870841341,350.47574195452825,361.20388951650517,Down,601
2025-10-23 19:50:00,355.4,356.5,355.3,356.4,356.717787111325,357.54908562985435,350.5346897957767,361.20388951650517,Down,840
2025-10-23 20:00:00,354.2,354.6,352.1,353.6,356.4343519193863,357.3942195267228,350.56519039482373,360.71280004649685,Down,3097
2025-10-23 20:10:00,353.5,354.8,353.3,354.0,356.2130471994421,357.261112878616,350.5993676048255,360.71280004649685,Down,885
2025-10-23 20:20:00,354.0,354.6,352.8,353.6,355.97549745403825,357.11753982455264,350.6292246435834,360.71280004649685,Down,776
2025-10-23 20:30:00,353.6,354.8,353.2,354.2,355.8140885945802,357.00312649809956,350.66475474663235,360.71280004649685,Down,656
2025-10-23 20:40:00,354.2,354.5,353.7,354.0,355.64917144961834,356.8853568315074,350.6979412665664,360.71280004649685,Down,304
2025-10-23 20:50:00,354.0,355.9,353.9,355.5,355.6356104087439,356.8310291126248,350.74572294550603,360.71280004649685,Down,742
2025-10-23 21:00:00,355.5,358.4,355.5,358.1,355.8596458261308,356.8807926768356,350.8188998316204,360.71280004649685,Down,2181
2025-10-23 21:10:00,358.1,359.4,358.0,359.2,356.16331438739167,356.9717419836264,350.9022938631466,360.71280004649685,Down,1245
2025-10-23 21:20:00,359.3,360.7,359.0,360.0,356.5121039885379,357.09049719995477,350.9928183023193,360.71280004649685,Down,1265
2025-10-23 21:30:00,360.3,360.6,359.5,359.5,356.7837308986708,357.18498750583893,351.07746687642555,360.71280004649685,Down,808
2025-10-23 21:40:00,359.5,359.9,359.1,359.8,357.05793718060977,357.2875370154139,351.1642582507895,360.71280004649685,Down,796
2025-10-23 21:50:00,359.8,359.8,357.4,357.7,357.116306527827,357.30371203441723,351.22929050700054,360.71280004649685,Down,1174
2025-10-23 22:00:00,357.7,359.5,357.4,358.9,357.27846047984275,357.3663115624793,351.30561597459257,360.71280004649685,Down,644
2025-10-23 22:10:00,358.7,359.1,357.8,357.8,357.3258731634934,357.3833189521861,351.3702367111638,360.71280004649685,Down,346
2025-10-23 22:20:00,357.5,357.5,355.7,357.3,357.3235210577213,357.3800515422964,351.4292393309532,360.71280004649685,Down,1588
2025-10-23 22:30:00,357.2,358.1,356.7,357.8,357.3668373252011,357.3965201092652,351.49262998437655,360.71280004649685,Down,516
2025-10-23 22:40:00,357.8,358.6,357.4,357.9,357.4153066592737,357.41626441870585,351.55638490990515,360.71280004649685,Down,404
2025-10-23 22:50:00,358.1,358.2,356.8,357.1,357.38664241752156,357.4038618924821,351.61154525906034,360.71280004649685,Down,515
2025-10-23 23:00:00,357.1,357.8,356.4,356.7,357.3242203795651,357.376259465326,351.6621766495175,360.71280004649685,Down,768
2025-10-23 23:10:00,356.7,357.0,355.5,356.2,357.2220185268773,357.3301316431564,351.7073291206666,360.71280004649685,Down,796
2025-10-23 23:20:00,356.1,356.5,355.7,356.5,357.1563804789794,357.29757746107185,351.75501738812267,360.71280004649685,Down,769
2025-10-24 09:00:00,353.3,353.3,350.1,352.0,356.687618617254,357.08982932534354,351.75745502605184,359.60227697136963,Down,1496
2025-10-24 09:10:00,351.9,352.3,351.8,352.1,356.2705623793218,356.89414974395754,351.76086343375283,359.41570633760875,Down,705
2025-10-24 09:20:00,352.1,352.2,351.7,351.7,355.85505670847436,356.6904575971357,351.7602578274469,358.8279148523716,Down,283
2025-10-24 09:30:00,351.7,352.3,351.4,352.3,355.5318697349767,356.5182827894049,351.765628396328,358.4299225930651,Down,487
2025-10-24 09:40:00,352.3,352.6,352.1,352.3,355.2380633954333,356.35285993491846,351.7709455267128,358.4299225930651,Down,421
2025-10-24 09:50:00,352.3,352.3,351.7,352.0,354.94369399584843,356.1821595453138,351.77322467570076,357.8214236306323,Down,261
2025-10-24 10:00:00,352.0,352.3,351.7,352.2,354.69426726895307,356.0259964258898,351.77747119634057,357.51038511875663,Down,167
2025-10-24 10:10:00,352.2,352.3,352.0,352.1,354.4584247899573,355.8720357817373,351.7806804381681,357.2685319261424,Down,100
2025-10-24 10:20:00,352.1,352.1,351.9,352.1,354.2440225363248,355.72411280990445,351.7838577472411,356.72593811467493,Down,86
2025-10-24 10:30:00,352.1,352.3,352.0,352.1,354.0491113966589,355.5819907389278,351.7870034412984,356.5553982860681,Down,65
2025-10-24 10:40:00,352.1,352.5,352.1,352.3,353.8901012696899,355.45328521975415,351.79210788466855,356.45036207824376,Down,157
2025-10-24 10:50:00,352.3,352.5,352.0,352.0,353.7182738815363,355.3178622699599,351.7941764629306,356.20487461658524,Down,149
2025-10-24 11:00:00,352.0,352.2,351.8,352.2,353.58024898321474,355.19559316133405,351.79821450807555,355.74079510598654,Down,214
2025-10-24 11:10:00,352.2,352.9,352.1,352.8,353.50931725746796,355.1016483314778,351.80818252292056,355.74079510598654,Down,301
2025-10-24 11:20:00,352.8,353.3,352.6,353.0,353.46301568860724,355.0192307498512,351.82004140328957,355.74079510598654,Down,389
2025-10-24 11:30:00,353.0,354.2,353.0,353.3,353.448196080552,354.95180993613155,351.8347673594758,355.74079510598654,Down,652
2025-10-24 11:40:00,353.3,354.0,353.1,353.8,353.4801782550473,354.90664091902835,351.85432191311287,355.74079510598654,Down,409
2025-10-24 11:50:00,353.8,354.1,353.1,353.3,353.46379841367934,354.84363539279195,351.86870676969886,355.74079510598654,Down,313
2025-10-24 12:00:00,353.3,353.8,353.2,353.8,353.49436219425394,354.80270851464326,351.8879236177616,355.74079510598654,Down,124
2025-10-24 12:10:00,353.8,353.8,353.1,353.3,353.4766929038672,354.743778768971,351.9019741290277,355.74079510598654,Down,236
2025-10-24 12:20:00,353.3,353.8,353.3,353.5,353.4788117307884,354.69500313097217,351.9178748839627,355.74079510598654,Down,143
2025-10-24 12:30:00,353.5,353.5,353.1,353.5,353.48073793708033,354.6481402630909,351.93361742243076,355.74079510598654,Down,141
2025-10-24 12:40:00,353.5,353.6,353.1,353.1,353.4461253973458,354.58742888022465,351.9452232192225,355.74079510598654,Down,105
2025-10-24 12:50:00,353.1,353.7,352.9,353.4,353.4419321794052,354.5408630417845,351.95969861007603,355.74079510598654,Down,269
2025-10-24 13:00:00,353.4,353.7,353.3,353.4,353.4381201630957,354.49612331465573,351.9740299671897,355.74079510598654,Down,136
2025-10-24 13:10:00,353.4,353.7,353.1,353.2,353.4164728755415,354.4452949493751,351.9862286739839,355.74079510598654,Down,169
2025-10-24 13:20:00,353.4,353.8,353.4,353.8,353.45133897776503,354.4199892650859,352.00427614986467,355.74079510598654,Down,262
2025-10-24 13:30:00,353.8,354.0,353.5,354.0,353.50121725251364,354.40351909782765,352.02413409862226,355.74079510598654,Down,194
2025-10-24 13:40:00,354.0,354.2,353.6,354.0,353.54656113864877,354.38769481948145,352.0437944558499,355.74079510598654,Down,256
2025-10-24 13:50:00,354.0,354.0,353.8,353.9,353.57869194422614,354.36856953244296,352.06226416275683,355.74079510598654,Down,83
2025-10-24 14:00:00,353.9,354.5,353.2,353.3,353.55335631293286,354.3266648448962,352.07457994223194,355.74079510598654,Down,420
2025-10-24 14:10:00,353.3,353.6,353.1,353.2,353.52123301175715,354.28248190980224,352.085778151762,355.74079510598654,Down,419
2025-10-24 14:20:00,353.2,353.4,352.6,352.9,353.46475728341557,354.22826693294724,352.09387986169475,355.74079510598654,Down,428
2025-10-24 14:30:00,352.9,353.6,352.9,353.6,353.4770520758323,354.20362901400813,352.10886613172767,355.74079510598654,Down,164
2025-10-24 14:40:00,353.6,354.0,353.4,353.5,353.47913825075665,354.17603571934114,352.12270825977015,355.74079510598654,Down,465
2025-10-24 14:50:00,353.5,353.8,353.3,353.6,353.490125682506,354.15344608328854,352.13740768007096,355.74079510598654,Down,74
2025-10-24 15:00:00,353.6,353.8,353.2,353.5,353.4910233477327,354.127820746689,352.1509658126076,355.74079510598654,Down,274
2025-10-24 15:10:00,353.5,353.8,353.3,353.5,353.4918394070297,354.1032003252502,352.1643890383528,355.74079510598654,Down,133
2025-10-24 15:20:00,353.5,353.8,353.4,353.7,353.5107630972998,354.08738854778943,352.17966874941396,355.74079510598654,Down,371
2025-10-24 15:30:00,353.7,353.7,353.0,353.2,353.48251190663615,354.05258899689574,352.18982129917106,355.74079510598654,Down,708
2025-10-24 15:40:00,353.2,353.3,352.7,353.0,353.4386471878511,354.0113109970175,352.1978827787813,355.52551231473785,Down,514
2025-10-24 15:50:00,353.0,353.4,352.3,352.4,353.34422471622827,353.9481223304678,352.19989389541036,355.52551231473785,Down,416
2025-10-24 16:00:00,352.4,352.7,352.1,352.5,353.26747701475296,353.89133321946906,352.2028800258043,355.0690184419321,Down,503
2025-10-24 16:10:00,352.5,353.4,352.4,353.3,353.2704336497754,353.8681436814507,352.21379664246297,355.0690184419321,Down,449
2025-10-24 16:20:00,353.3,353.4,352.0,352.7,353.21857604525036,353.82233412531536,352.2186344868166,355.0690184419321,Down,528
2025-10-24 16:30:00,352.7,353.0,351.6,351.6,353.0714327684094,353.7351837674599,352.2124789197836,355.0690184419321,Down,597
2025-10-24 16:40:00,351.6,352.5,351.4,352.1,352.983120698554,353.67105891383403,352.21135972655196,355.0690184419321,Down,608
2025-10-24 16:50:00,352.1,352.9,351.7,352.1,352.9028369986854,353.60944876035035,352.2102516695714,355.0690184419321,Down,619
2025-10-24 17:00:00,352.1,352.2,351.2,351.7,352.7934881806231,353.53456841680725,352.2051745385309,355.0690184419321,Down,1005
2025-10-24 17:10:00,351.7,352.0,351.4,352.0,352.72135289147553,353.474389263207,352.2031330008341,355.0690184419321,Down,469
2025-10-24 17:20:00,352.0,352.5,351.8,352.5,352.7012299013414,353.4361779195518,352.2060869013233,355.0690184419321,Down,446
2025-10-24 17:30:00,352.5,354.3,352.2,354.1,352.82839081940125,353.46221015800074,352.2249318077778,355.0690184419321,Down,1993
2025-10-24 17:40:00,354.1,354.7,352.3,354.3,352.96217347218294,353.4950646616085,352.24557925247655,355.0690184419321,Down,1679
2025-10-24 17:50:00,354.3,354.4,353.3,353.8,353.03833952016635,353.5070229101729,352.2610461255863,355.0690184419321,Down,472
2025-10-24 18:00:00,353.8,354.0,353.1,353.7,353.09849047287844,353.51459063918577,352.27536407458547,355.0690184419321,Down,733
2025-10-24 18:10:00,353.7,355.9,353.7,355.1,353.2804458844349,353.57676355529617,352.30346990468917,351.30840043683895,Up,1852
2025-10-24 18:20:00,355.1,356.0,354.6,355.8,353.5094962585772,353.6639492982257,352.3382612489211,351.30840043683895,Up,982
2025-10-24 18:30:00,356.0,356.4,354.0,354.2,353.5722693259793,353.6849708943737,352.3567860126135,351.30840043683895,Up,1753
2025-10-24 18:40:00,354.1,355.7,354.0,354.2,353.6293357508902,353.7051681142022,352.375126450299,351.30840043683895,Up,1381
2025-10-24 18:50:00,354.2,354.5,353.5,353.6,353.6266688644456,353.70104387442956,352.38731424681345,351.30840043683895,Up,757
2025-10-24 19:00:00,353.6,354.0,352.2,352.6,353.53333533131416,353.6578656832755,352.3894305229645,351.30840043683895,Up,1677
2025-10-24 19:10:00,352.6,353.0,352.1,352.4,353.4303048466493,353.6085376172647,352.3895356918903,351.30840043683895,Up,1043
2025-10-24 19:20:00,352.4,352.4,349.1,349.8,353.10027713331755,353.4591832009014,352.36376916759286,356.73017885311623,Down,3474
2025-10-24 19:30:00,349.8,350.7,349.5,349.7,352.79116103028866,353.31176425184645,352.3372640017462,355.9728898664693,Down,1310
2025-10-24 19:40:00,349.7,349.7,347.4,347.9,352.34651002753515,353.09953820275445,352.2931121211318,354.72535442406297,Down,2246
2025-10-24 19:50:00,347.8,348.1,347.4,347.5,351.9059182068502,352.8799484693131,352.2454194632101,353.6185040218755,Down,1238
2025-10-24 20:00:00,347.8,348.7,347.4,348.6,351.6053801880456,352.71210735286945,352.20914663273044,353.6185040218755,Down,1568
2025-10-24 20:10:00,348.6,349.2,348.4,348.8,351.350345625496,352.55869137824715,352.1752247756884,353.6185040218755,Down,830
2025-10-24 20:20:00,348.8,349.4,347.6,348.0,351.0457687504509,352.37991916733546,352.1336802505571,353.6185040218755,Down,693
2025-10-24 20:30:00,347.9,348.0,346.6,347.6,350.7325170458645,352.19247135685174,352.08856900428293,353.00798717428825,Down,1268
2025-10-24 20:40:00,347.6,348.0,347.1,347.1,350.40228822351315,351.99276659775956,352.0389315017528,353.00798717428825,Down,463
2025-10-24 20:50:00,347.1,347.4,346.8,347.1,350.1020802031938,351.80089339784746,351.9897879047205,352.3330472514779,Down,457
2025-10-24 21:00:00,347.0,348.9,346.7,348.6,349.9655274574489,351.67536816655934,351.95605867183775,352.3330472514779,Down,1147
2025-10-24 21:10:00,348.7,349.0,348.1,348.1,349.79593405222624,351.53515765022365,351.9176899288344,352.3330472514779,Down,596
2025-10-24 21:20:00,348.3,349.5,348.0,349.0,349.7235764111148,351.43573970315606,351.888658188249,352.3330472514779,Down,835
2025-10-24 21:30:00,349.0,349.5,348.5,349.3,349.68506946464976,351.35198520499307,351.8629003953311,352.3330472514779,Down,807
2025-10-24 21:40:00,349.3,349.7,347.6,347.8,349.51369951331793,351.21269166754234,351.82247352572585,352.3330472514779,Down,942
2025-10-24 21:50:00,347.8,347.8,346.8,347.0,349.2851813757436,351.04748807273677,351.77448871452464,352.3330472514779,Down,1159
2025-10-24 22:00:00,347.0,347.3,346.0,346.2,349.0047103415851,350.8573905012569,351.71902116512643,352.0703388329059,Down,1222
2025-10-24 22:10:00,346.2,346.4,345.6,346.2,348.7497366741683,350.6747477365017,351.66410553164263,351.2184898480963,Down,1059
2025-10-24 22:20:00,346.2,346.7,346.0,346.5,348.54521515833477,350.51103213899177,351.61272139699946,351.2184898480963,Down,565
2025-10-24 22:30:00,346.5,346.7,346.0,346.2,348.33201378030435,350.34197205510975,351.55886347265124,351.1487519405755,Down,294
2025-10-24 22:40:00,346.2,346.2,345.4,345.4,348.0654670730039,350.1481692294192,351.4975812490428,350.45341085506857,Down,630
2025-10-24 22:50:00,345.4,345.7,344.9,345.2,347.80497006636716,349.95412337728516,351.4349187490524,349.82128259551683,Down,1001
2025-10-24 23:00:00,344.8,345.3,344.8,345.2,347.5681546057883,349.76768716641124,351.3728797565245,349.3420750868336,Down,575
2025-10-24 23:10:00,345.2,345.8,345.0,345.5,347.38014055071665,349.6003268853755,351.31444314203173,349.3420750868336,Down,830
2025-10-24 23:20:00,345.5,347.2,345.5,346.9,347.3364914097424,349.49443171340005,351.27051833464833,349.3420750868336,Down,1374
2025-10-27 09:00:00,349.4,357.6,349.4,354.3,347.9695376452203,349.6828853716981,351.300662430821,345.58198716240906,Up,2716
2025-10-27 09:10:00,354.3,354.4,353.7,354.1,348.52685240474574,349.8561055532001,351.328516535987,346.5972610567355,Up,946
2025-10-27 09:20:00,354.1,354.1,353.4,353.8,349.00622945885976,350.0107680805256,351.35310841125084,346.720237324305,Up,290
2025-10-27 09:30:00,353.8,354.0,353.8,353.8,349.4420267807816,350.15936541070107,351.37745559123846,347.43657938573176,Up,240
2025-10-27 09:40:00,353.8,354.3,353.6,353.9,349.8472970734378,350.3060569632226,351.4025555356042,347.8196176233926,Up,478
2025-10-27 09:50:00,353.9,354.2,353.7,354.0,350.2248155213071,350.4509174744688,351.4284007541554,348.19510693035687,Up,217
2025-10-27 10:00:00,354.0,355.0,354.0,354.8,350.64074138300646,350.621469730372,351.46194900535784,348.9046426639608,Up,766
2025-10-27 10:10:00,354.8,355.0,354.7,354.8,351.0188558027331,350.7853336625143,351.4951634431155,349.6542206036007,Up,216
2025-10-27 10:20:00,354.8,355.4,354.8,355.4,351.4171416388483,350.96630096986667,351.5340175382089,350.1583823669098,Up,283
2025-10-27 10:30:00,355.4,355.9,354.9,355.6,351.79740148986207,351.1480146573229,351.5744750751421,350.5439839699179,Up,622
2025-10-27 10:40:00,355.6,355.9,355.1,355.5,352.13400135442004,351.3186807491926,351.6135350246432,350.79453088174364,Up,481
2025-10-27 10:50:00,355.5,356.0,355.3,355.7,352.4581830494727,351.49049719040073,351.6541963676816,351.11775534703963,Up,448
2025-10-27 11:00:00,355.7,355.9,355.6,355.8,352.76198459042973,351.6594973005811,351.6954481451176,351.520686679127,Up,229
2025-10-27 11:10:00,355.7,355.9,354.6,354.6,352.92907690039067,351.77481113193085,351.72434915859907,351.520686679127,Up,632
2025-10-27 11:20:00,354.6,355.4,354.3,355.3,353.14461536399153,351.91305383263943,351.7599277739364,351.520686679127,Up,444
2025-10-27 11:30:00,355.3,355.7,354.0,354.5,353.26783214908323,352.01450270194766,351.78719217419575,351.520686679127,Up,812
2025-10-27 11:40:00,354.5,354.5,353.6,353.9,353.325301953712,352.0884437724595,351.8082151376366,351.520686679127,Up,444
2025-10-27 11:50:00,354.0,354.4,353.9,354.0,353.3866381397382,352.16340676177487,351.83002394223723,351.520686679127,Up,344
2025-10-27 12:00:00,354.0,354.1,353.0,353.0,353.3514892179438,352.19621433974453,351.84166549505085,351.520686679127,Up,599
2025-10-27 12:10:00,353.0,353.8,353.0,353.7,353.3831720163125,352.2551863264212,351.8601563856474,351.520686679127,Up,262
2025-10-27 12:20:00,353.7,353.7,352.9,353.2,353.3665200148296,352.2922378430322,351.8734881629046,351.520686679127,Up,286
2025-10-27 12:30:00,353.2,353.3,352.0,352.9,353.3241091043905,352.31607165310936,351.8837022110349,351.520686679127,Up,930
2025-10-27 12:40:00,352.8,353.2,352.3,352.6,353.2582810039914,352.32720609808547,351.89082955221863,351.520686679127,Up,309
2025-10-27 12:50:00,352.6,352.7,352.0,352.3,353.1711645490831,352.3261391922782,351.89490089995775,351.520686679127,Up,374
2025-10-27 13:00:00,352.3,352.4,351.1,351.3,353.0010586809846,352.2858984396398,351.8889814880179,355.8605295677694,Down,666
2025-10-27 13:10:00,351.3,351.4,351.2,351.3,352.84641698271327,352.2472357557324,351.8831209756994,355.1095723343357,Down,275
2025-10-27 13:20:00,351.3,351.6,351.1,351.3,352.70583362064843,352.21008925550757,351.87731877693625,354.9950657584871,Down,287
2025-10-27 13:30:00,351.3,351.6,351.1,351.3,352.57803056422586,352.17439948078174,351.87157431149416,354.8455143258974,Down,265
2025-10-27 13:40:00,351.3,351.5,351.0,351.0,352.43457324020534,352.12834459918247,351.86290193028526,354.6095584780885,Down,260
2025-10-27 13:50:00,351.0,351.1,350.5,350.8,352.28597567291393,352.0762526541165,351.85232579167547,354.0723258891714,Down,397
2025-10-27 14:00:00,350.8,351.1,350.8,351.0,352.16906879355815,352.03404666768057,351.84384493802696,354.03393262651946,Down,223
2025-10-27 14:10:00,351.0,351.3,350.7,350.9,352.05369890323465,351.98957424934014,351.83445344610635,354.02175693319947,Down,320
2025-10-27 14:20:00,350.9,351.0,350.4,350.4,351.90336263930425,351.927238004268,351.8201802774884,353.6652335756359,Down,397
2025-10-27 14:30:00,350.4,350.6,350.0,350.1,351.73942058118564,351.8555816119438,351.80306405582184,353.21384870512355,Down,562
2025-10-27 14:40:00,350.1,350.1,349.1,349.4,351.526745982896,351.7592842938284,351.77915297068927,352.61258973193054,Down,946
2025-10-27 14:50:00,349.4,350.0,349.1,349.3,351.32431452990545,351.6628417725018,351.7544847819262,352.61258973193054,Down,404
2025-10-27 15:00:00,349.1,350.3,349.1,350.2,351.22210411809584,351.6054754284821,351.73901727165827,352.61258973193054,Down,326
2025-10-27 15:10:00,350.2,350.3,348.5,348.7,350.99282192554165,351.4915352156005,351.70877829383085,352.61258973193054,Down,852
2025-10-27 15:20:00,348.7,349.0,348.0,348.3,350.7480199323106,351.3663769718515,351.67486010185246,352.1228329567178,Down,825
2025-10-27 15:30:00,348.4,348.8,348.0,348.1,350.5072908475551,351.2382837572691,351.63928935457034,351.98439359701615,Down,762
2025-10-27 15:40:00,348.1,348.2,347.6,347.6,350.24299167959555,351.0956059628664,351.599097420694,351.37672145183285,Down,745
2025-10-27 15:50:00,347.6,348.1,347.2,347.4,349.9845378905414,350.95068023883243,351.55731535680655,351.13792859257535,Down,671
2025-10-27 16:00:00,347.4,348.0,346.8,348.0,349.8041253550376,350.83496728829,351.521919184102,351.0072078114321,Down,717
2025-10-27 16:10:00,348.1,348.3,347.7,348.1,349.649204868216,350.72771366914134,351.4878702369965,351.0072078114321,Down,516
2025-10-27 16:20:00,348.1,348.9,347.9,348.8,349.57200442565085,350.6521170546652,351.461125259514,351.0072078114321,Down,642
2025-10-27 16:30:00,348.9,349.3,348.2,349.3,349.54727675059166,350.59909285644306,351.4396215255885,351.0072078114321,Down,981
2025-10-27 16:40:00,349.3,350.5,348.9,350.5,349.6338879550833,350.59520686207276,351.4302720576722,351.0072078114321,Down,1598
2025-10-27 16:50:00,350.5,350.5,348.6,349.5,349.62171632280297,350.552257573364,351.4110653705312,351.0072078114321,Down,1514
2025-10-27 17:00:00,349.5,349.7,346.8,347.0,349.38337847527544,350.4129533548007,351.36717417281454,351.0072078114321,Down,1580
2025-10-27 17:10:00,347.0,347.4,346.5,347.2,349.18488952297764,350.28695518402424,351.3257097531845,351.0072078114321,Down,1314
2025-10-27 17:20:00,347.2,350.8,347.0,350.8,349.33171774816145,350.30707458857233,351.3204788103668,351.0072078114321,Down,2138
2025-10-27 17:30:00,350.6,351.3,348.3,348.5,349.2561070437831,350.2362089184323,351.29241434459203,351.0072078114321,Down,2898
2025-10-27 17:40:00,348.6,348.8,346.8,347.4,349.0873700398028,350.1249850392781,351.2536838536011,351.0072078114321,Down,1995
2025-10-27 17:50:00,347.4,350.2,346.0,349.0,349.07942730891165,350.0808679789143,351.2312591386399,351.0072078114321,Down,3081
2025-10-27 18:00:00,349.0,350.5,348.2,348.6,349.0358430081015,350.02279472483923,351.2050774556684,351.0072078114321,Down,2141
2025-10-27 18:10:00,348.6,348.9,346.7,347.8,348.92349364372865,349.9356263042573,351.1711960879503,351.0072078114321,Down,2190
2025-10-27 18:20:00,347.8,350.4,347.6,349.7,348.9940851306624,349.9263860570315,351.156557320906,351.0072078114321,Down,2366
2025-10-27 18:30:00,350.1,350.9,349.2,349.9,349.0764410278749,349.92535130969696,351.1440542629866,351.0072078114321,Down,2379
2025-10-27 18:40:00,349.9,352.1,349.5,352.0,349.3422191162499,350.0067100818657,351.1525711359917,345.826324833391,Up,3006
2025-10-27 18:50:00,352.0,353.1,351.6,352.6,349.6383810147726,350.10840772571413,351.1669734132455,345.826324833391,Up,2824
2025-10-27 19:00:00,352.7,355.0,351.4,354.9,350.1167100134296,350.2963133050979,351.2041179563973,345.826324833391,Up,3397
2025-10-27 19:10:00,354.9,355.4,353.9,354.2,350.4879181940269,350.4493990578392,351.23392772797547,346.3732981219677,Up,2633
2025-10-27 19:20:00,354.2,354.7,353.1,353.1,350.7253801763881,350.55334419282593,351.2524956112792,346.3732981219677,Up,1878
2025-10-27 19:30:00,353.1,353.8,352.0,352.2,350.8594365239892,350.6179189303622,351.2619235156446,346.3732981219677,Up,1563
2025-10-27 19:40:00,352.2,354.2,352.0,353.1,351.06312411271745,350.71525544289705,351.2802128338969,346.3732981219677,Up,1264
2025-10-27 19:50:00,353.1,354.1,352.8,353.9,351.32102192065224,350.8401473863129,351.30628036788795,346.3732981219677,Up,698
2025-10-27 20:00:00,353.9,355.8,353.7,355.1,351.66456538241107,351.0072004299869,351.3440288219389,346.8671145301598,Up,2214
2025-10-27 20:10:00,355.1,355.9,355.0,355.6,352.02233216582823,351.1873102170462,351.3863767938599,347.9564677546908,Up,1444
2025-10-27 20:20:00,355.6,355.8,354.0,354.2,352.22030196893473,351.30545491441694,351.4143730446673,347.9564677546908,Up,1451
2025-10-27 20:30:00,354.2,354.8,353.5,354.7,352.4457290626679,351.43857432953786,351.447065850193,347.9564677546908,Up,1162
2025-10-27 20:40:00,354.7,356.6,354.7,354.8,352.65975369333444,351.5703949440658,351.48042837904677,348.358390499392,Up,2739
2025-10-27 20:50:00,354.8,356.8,354.8,356.5,353.0088669939404,351.7637127893966,351.5303743653249,348.4439913630836,Up,1400
2025-10-27 21:00:00,356.5,357.9,356.3,357.8,353.44442453994577,352.00042993491047,351.5927586999983,349.83090123916696,Up,1758
2025-10-27 21:10:00,357.8,358.7,357.4,357.7,353.8312950363143,352.2239424864826,351.65352727014755,350.96900112651537,Up,2616
2025-10-27 21:20:00,357.7,357.8,355.1,355.3,353.96481366937667,352.34457219289504,351.68981058089236,350.96900112651537,Up,2057
2025-10-27 21:30:00,355.3,357.6,354.6,356.5,354.19528515397883,352.50753014611485,351.73767316217703,350.96900112651537,Up,2028
2025-10-27 21:40:00,356.5,358.1,356.2,357.5,354.49571377634436,352.7033132776397,351.79500974762806,350.96900112651537,Up,1417
2025-10-27 21:50:00,357.5,357.6,353.2,353.6,354.4142852512221,352.73847746283036,351.8129698496417,350.96900112651537,Up,2852
2025-10-27 22:00:00,353.3,353.6,352.8,353.2,354.3038956829292,352.75657638585665,351.82677114467015,350.96900112651537,Up,2287
2025-10-27 22:10:00,353.2,353.6,352.0,352.8,354.167177893572,352.7582792726858,351.8364550138774,350.96900112651537,Up,1750
2025-10-27 22:20:00,352.8,353.1,351.0,352.1,353.97925263051997,352.73246439924714,351.8390773520478,350.96900112651537,Up,2213
2025-10-27 22:30:00,352.1,353.5,351.4,352.5,353.8447751186545,352.7233481482963,351.8456536968036,350.96900112651537,Up,1594
2025-10-27 22:40:00,352.5,353.5,352.3,353.1,353.77706828968593,352.73811880914747,351.8581347545468,350.96900112651537,Up,824
2025-10-27 22:50:00,353.1,354.0,352.7,353.4,353.7427893542599,352.76407493427894,351.8734766972877,350.96900112651537,Up,1257
2025-10-27 23:00:00,353.4,355.2,353.3,355.2,353.8752630493272,352.8596014074445,351.90657643164303,350.96900112651537,Up,1349
2025-10-27 23:10:00,355.0,355.4,352.5,353.3,353.82296640847926,352.8768719404859,351.92044134277097,350.96900112651537,Up,1738
2025-10-27 23:20:00,353.3,356.6,353.2,356.3,354.04815128043566,353.0111122565453,351.96401904085286,350.96900112651537,Up,2693
2025-10-28 13:20:00,345.0,353.1,340.7,343.2,353.06195570948694,352.6263627562886,351.87681487129214,360.12223814759193,Down,1893
2025-10-28 13:30:00,343.2,344.4,342.7,343.1,352.15632337226083,352.2527799031008,351.7894833800355,356.3086577649618,Down,1732
2025-10-28 13:40:00,343.2,343.6,342.5,342.6,351.28756670205524,351.8742395147439,351.698045734463,355.048779786329,Down,1444
2025-10-28 13:50:00,342.6,343.0,342.1,342.4,350.4796060927775,351.5027007102442,351.60552786645843,353.7852543512082,Down,1159
2025-10-28 14:00:00,342.4,342.8,341.9,342.2,349.7269146297977,351.13788891768564,351.51194052450364,352.89114031928017,Down,1417
2025-10-28 14:10:00,342.3,342.7,341.9,342.2,349.04264966345244,350.7873834699333,351.41928439988175,352.1737639266183,Down,955
2025-10-28 14:20:00,342.2,342.6,341.8,342.2,348.4205906031386,350.4506233338575,351.3275502267486,351.46705811510765,Down,571
2025-10-28 14:30:00,342.2,342.3,341.6,342.0,347.83690054830777,350.1192263403729,351.23473878170637,350.62914374100694,Down,779
2025-10-28 14:40:00,342.0,342.2,341.1,341.1,347.2244550439161,349.76553118977006,351.1338956097491,349.9401306736426,Down,1377
2025-10-28 14:50:00,341.1,342.3,341.1,342.0,346.7495045853783,349.46100055487716,351.0430110763188,349.6728460669479,Down,742
2025-10-28 15:00:00,342.0,342.3,341.7,342.2,346.33591325943485,349.1762554350781,350.95502091635547,349.4662236972253,Down,697
2025-10-28 15:10:00,342.4,342.5,341.9,342.4,345.9781029631226,348.91051992782013,350.8698963301231,349.20565790656843,Down,840
2025-10-28 15:20:00,342.4,342.5,342.0,342.3,345.64372996647506,348.65128385221936,350.78462372982335,348.80059809688044,Down,654
2025-10-28 15:30:00,342.3,343.4,342.3,343.1,345.41248178770456,348.43358644625,350.7081598121137,348.80059809688044,Down,1314
2025-10-28 15:40:00,343.1,343.2,341.6,342.0,345.10225617064054,348.18128893855396,350.6215114557743,348.75917198089286,Down,1277
2025-10-28 15:50:00,342.0,343.4,342.0,343.4,344.94750560967316,347.9937874115518,350.5496556203934,348.75917198089286,Down,848
2025-10-28 16:00:00,343.9,344.1,343.4,343.9,344.8522778269756,347.83324672874585,350.4834898928273,348.75917198089286,Down,1409
2025-10-28 16:10:00,344.0,344.1,342.8,343.7,344.74752529725055,347.67115862173625,350.41599248095844,348.75917198089286,Down,1467
2025-10-28 16:20:00,343.7,344.3,343.0,343.9,344.67047754295504,347.52327004833484,350.3511567348793,348.75917198089286,Down,952
2025-10-28 16:30:00,344.1,344.3,343.2,343.4,344.5549795845046,347.36157318369425,350.2819909962238,348.75917198089286,Down,1073
2025-10-28 16:40:00,343.4,343.6,342.4,342.6,344.37725416773145,347.1748448235494,350.20555327486835,348.62540086448786,Down,894
2025-10-28 16:50:00,342.6,343.4,342.5,343.2,344.270231061574,347.0189685559592,350.1358462771085,348.39127351317074,Down,695
2025-10-28 17:00:00,343.4,344.9,343.1,344.1,344.2547555105218,346.9044992008236,350.075788105197,348.39127351317074,Down,1278
2025-10-28 17:10:00,344.1,344.8,344.0,344.4,344.26795955501984,346.8062835458893,350.0193126016627,348.39127351317074,Down,804
2025-10-28 17:20:00,344.4,344.7,343.9,344.2,344.26178141365443,346.7040763480113,349.96140899368595,348.39127351317074,Down,858
2025-10-28 17:30:00,344.2,346.2,344.1,346.0,344.41980128514035,346.6764655108344,349.92199198877364,348.39127351317074,Down,2764
2025-10-28 17:40:00,346.0,346.5,343.1,343.7,344.354364804673,346.5597413731547,349.8600816207262,348.39127351317074,Down,2678
2025-10-28 17:50:00,343.6,345.5,342.6,342.8,344.2130589133391,346.41230053499174,349.7898320523608,348.39127351317074,Down,2812
2025-10-28 18:00:00,342.9,343.5,341.3,342.4,344.04823537576283,346.25495541597246,349.71630138517315,348.39127351317074,Down,4380
2025-10-28 18:10:00,342.5,344.1,341.7,344.0,344.04385034160254,346.1665257918167,349.6594227644252,348.39127351317074,Down,1898
2025-10-28 18:20:00,344.0,344.4,342.8,343.6,344.00350031054774,346.0658777215494,349.5991300006001,348.39127351317074,Down,1888
2025-10-28 18:30:00,343.2,344.8,342.2,342.5,343.86681846413427,345.9260393795279,349.52849189114136,348.39127351317074,Down,2621
2025-10-28 18:40:00,342.5,342.9,341.2,342.2,343.7152895128493,345.7799201881739,349.4555715738166,348.39127351317074,Down,2586
2025-10-28 18:50:00,342.4,342.7,341.8,341.9,343.55026319349935,345.62776645530437,349.3803917571617,348.39127351317074,Down,1040
2025-10-28 19:00:00,342.0,343.3,340.3,341.0,343.3184210849994,345.44628541784147,349.29700477450336,348.39127351317074,Down,3396
2025-10-28 19:10:00,340.9,341.4,340.2,341.1,343.1167464409085,345.2758428524359,349.21544253794116,348.0010187628582,Down,1819
2025-10-28 19:20:00,341.1,343.5,340.9,341.8,342.9970422190077,345.1395352895953,349.1416570400512,348.0010187628582,Down,2530
2025-10-28 19:30:00,341.8,343.8,341.2,343.8,343.07003838091606,345.08700449392495,349.0885062237323,348.0010187628582,Down,1841
2025-10-28 19:40:00,343.8,343.8,342.2,342.8,343.0454894371964,344.9973180431828,349.02593402250113,348.0010187628582,Down,2829
2025-10-28 19:50:00,342.8,343.2,342.1,342.6,343.00499039745125,344.9033055709011,348.9619943804862,348.0010187628582,Down,1200
2025-10-28 20:00:00,342.6,343.2,341.4,341.8,342.8954458158648,344.78160731321873,348.89073075480974,348.0010187628582,Down,1830
2025-10-28 20:10:00,341.8,342.8,340.9,341.4,342.7594961962407,344.64899526171996,348.8161961204335,348.0010187628582,Down,1905
2025-10-28 20:20:00,341.4,342.1,341.0,341.5,342.644996542037,344.5255052514564,348.7433981490859,348.0010187628582,Down,689
2025-10-28 20:30:00,341.5,343.5,341.4,342.6,342.64090594730635,344.4499952415954,348.68226980929404,348.0010187628582,Down,1962
2025-10-28 20:40:00,342.5,343.4,341.8,342.1,342.59173267936944,344.3578385654544,348.616774587311,348.0010187628582,Down,1028
2025-10-28 20:50:00,342.1,343.4,341.6,342.3,342.5652115266995,344.277139013868,348.5539211088303,348.0010187628582,Down,1313
2025-10-28 21:00:00,342.3,343.4,341.6,341.7,342.48655593336315,344.17607473881435,348.48572288884196,348.0010187628582,Down,2690
2025-10-28 21:10:00,341.7,343.1,341.6,342.0,342.4423235757847,344.09073847454715,348.4211883327341,348.0010187628582,Down,1582
2025-10-28 21:20:00,342.0,343.0,342.0,342.3,342.4293850688952,344.0205134363296,348.36028098613974,348.0010187628582,Down,1492
2025-10-28 21:30:00,342.3,342.9,342.3,342.5,342.4358046080865,343.96088545843435,348.30196973254635,348.0010187628582,Down,796
2025-10-28 21:40:00,342.5,342.8,342.1,342.5,342.4416405528059,343.9035958326134,348.24423869043153,348.0010187628582,Down,583
2025-10-28 21:50:00,342.5,343.6,341.8,342.5,342.44694595709626,343.84855285878547,348.18708208654664,348.0010187628582,Down,1857
2025-10-28 22:00:00,342.5,343.1,342.3,342.5,342.45176905190567,343.7956684329508,348.13049420508844,348.0010187628582,Down,744
2025-10-28 22:10:00,342.5,343.2,340.5,341.2,342.3379718653688,343.69387751401155,348.0615340637443,348.0010187628582,Down,3518
2025-10-28 22:20:00,341.2,341.7,340.5,341.0,342.21633805942616,343.58823525856013,347.99127004320957,347.2873721947667,Down,1199
2025-10-28 22:30:00,341.0,342.9,341.0,342.1,342.20576187220564,343.5298730915578,347.9326504407896,347.2873721947667,Down,1633
2025-10-28 22:40:00,342.0,342.5,341.8,342.1,342.1961471565506,343.47379963698694,347.87461411799563,347.2873721947667,Down,902
2025-10-28 22:50:00,342.1,342.5,341.6,341.8,342.16013377868234,343.40816043553644,347.81417019642356,347.2873721947667,Down,622
2025-10-28 23:00:00,341.8,342.1,341.1,341.4,342.091030707893,343.32940904590754,347.7503476074044,347.21667385750067,Down,1587
2025-10-28 23:10:00,341.4,342.5,341.0,342.0,342.0827551889937,343.27727535783276,347.69313021827605,347.21667385750067,Down,2311
2025-10-28 23:20:00,342.0,342.5,341.0,342.1,342.0843228990852,343.23110769674133,347.63747718127826,347.21667385750067,Down,2950
2025-10-29 09:00:00,340.0,341.0,336.3,338.2,341.731202635532,343.03380935569265,347.5435719356934,345.92563775920405,Down,1896
2025-10-29 09:10:00,338.3,338.5,338.0,338.3,341.41927512321087,342.84816977311647,347.45159609553724,345.04603432654915,Down,859
2025-10-29 09:20:00,338.3,338.6,338.2,338.5,341.15388647564623,342.6776533114256,347.36252548762144,344.72366756959013,Down,286
2025-10-29 09:30:00,338.5,338.5,338.1,338.3,340.8944422505875,342.5059806325462,347.27235110466,344.19424324508196,Down,687
2025-10-29 09:40:00,338.4,339.1,338.2,338.8,340.70403840962496,342.36064805872087,347.1880491036186,344.19424324508196,Down,545
2025-10-29 09:50:00,338.8,339.0,338.1,338.2,340.4763985542045,342.1974853897514,347.0986157792045,344.0460687975884,Down,442
2025-10-29 10:00:00,338.1,338.9,338.1,338.9,340.33308959473135,342.0681722372122,347.01703751274476,343.78733527053487,Down,238
2025-10-29 10:10:00,338.9,338.9,338.5,338.5,340.1664450861194,341.92824391418424,346.93229087082693,343.6521229732135,Down,206
2025-10-29 10:20:00,338.5,338.6,337.8,337.8,339.95131371465396,341.7663519959809,346.8414223049481,342.9928390665578,Down,373
2025-10-29 10:30:00,337.8,337.9,337.3,337.7,339.7466488315036,341.6068872118248,346.75046287902825,342.17530824232523,Down,519
2025-10-29 10:40:00,337.7,337.8,337.5,337.7,339.5605898468214,341.453675948616,346.66040852202303,341.91846203847746,Down,220
2025-10-29 10:50:00,337.7,339.6,337.2,339.6,339.56417258801946,341.3809827741605,346.5901557009084,341.91846203847746,Down,1137
2025-10-29 11:00:00,339.6,340.7,339.6,340.2,339.6219750800177,341.3346697241934,346.5265720620934,341.91846203847746,Down,1189
2025-10-29 11:10:00,340.2,340.3,338.4,339.6,339.61997734547066,341.26664346049955,346.4576509470477,341.91846203847746,Down,803
2025-10-29 11:20:00,339.4,339.8,338.7,339.2,339.5817975867915,341.18559861891134,346.38543551473873,341.91846203847746,Down,520
2025-10-29 11:30:00,339.3,341.8,339.2,340.8,339.69254326071956,341.1704771044443,346.32985904195533,341.91846203847746,Down,1383
2025-10-29 11:40:00,340.8,341.0,339.2,340.5,339.76594841883593,341.1441838846622,346.2718504942742,341.91846203847746,Down,1043
2025-10-29 11:50:00,340.5,340.6,338.9,339.3,339.7235894716691,341.0718629480088,346.202478847565,341.91846203847746,Down,1183
2025-10-29 12:00:00,339.3,341.0,339.2,340.6,339.8032631560628,341.05335851867517,346.1467327893803,341.91846203847746,Down,503
2025-10-29 12:10:00,340.6,341.0,340.4,340.9,339.90296650551164,341.0473444591193,346.09452649296855,341.91846203847746,Down,439
2025-10-29 12:20:00,340.9,341.0,340.5,340.8,339.98451500501056,341.0376446764088,346.0418446373172,341.91846203847746,Down,287
2025-10-29 12:30:00,340.8,341.0,340.3,340.6,340.04046818637323,341.020482140079,345.9876969294832,341.91846203847746,Down,283
2025-10-29 12:40:00,340.6,340.6,339.5,339.6,340.0004256239757,340.9647769581151,345.92413775605553,341.91846203847746,Down,508
2025-10-29 12:50:00,339.6,340.1,339.6,340.1,340.0094778399779,340.93086413622825,345.8661861365923,341.91846203847746,Down,176
2025-10-29 13:00:00,339.9,340.1,339.5,339.9,339.99952530907075,340.89043809167026,345.8068211004074,341.91846203847746,Down,199
2025-10-29 13:10:00,339.9,340.1,339.5,339.7,339.97229573551886,340.8437542449381,345.7460567113486,341.91846203847746,Down,208
2025-10-29 13:20:00,339.7,340.5,339.5,339.9,339.9657233959262,340.80674427454835,345.68788699282777,341.91846203847746,Down,299
2025-10-29 13:30:00,339.9,340.4,339.7,340.3,339.99611217811474,340.7868719500563,345.63427617697874,341.91846203847746,Down,142
2025-10-29 13:40:00,340.3,340.3,340.0,340.1,340.00555652555886,340.7599357951521,345.5792087523322,341.91846203847746,Down,178
2025-10-29 13:50:00,340.1,340.3,339.9,340.1,340.0141422959626,340.73405596004807,345.52468926225924,341.91846203847746,Down,113
2025-10-29 14:00:00,340.1,340.2,339.4,339.6,339.9764929963296,340.6895831773011,345.4657371302965,341.91846203847746,Down,269
2025-10-29 14:10:00,339.5,339.9,339.5,339.5,339.93317545120874,340.6429328566226,345.4063765618358,341.91846203847746,Down,138
2025-10-29 14:20:00,339.5,339.8,339.3,339.4,339.88470495564434,340.59419039165704,345.34661162092203,341.91846203847746,Down,243
2025-10-29 14:30:00,339.4,339.8,339.3,339.6,339.8588226869494,340.5552025331607,345.2894314057885,341.91846203847746,Down,329
2025-10-29 14:40:00,339.6,339.6,338.5,338.9,339.7716569881358,340.4902926298995,345.22585497389014,341.91846203847746,Down,629
2025-10-29 14:50:00,338.9,338.9,338.5,338.8,339.68332453466894,340.4240066444133,345.16191611842856,341.83382132722284,Down,295
2025-10-29 15:00:00,339.0,340.0,338.7,339.9,339.7030223042445,340.4034573642402,345.1095587441159,341.83382132722284,Down,483
2025-10-29 15:10:00,339.8,340.3,339.6,339.8,339.71183845840403,340.3797923695641,345.0567273138262,341.83382132722284,Down,447
2025-10-29 15:20:00,339.8,340.1,339.2,339.3,339.67439859854915,340.33744757075766,344.9994464450319,341.83382132722284,Down,471
2025-10-29 15:30:00,339.3,339.5,337.1,337.4,339.46763508959015,340.222253548375,344.9238300624943,341.83382132722284,Down,2766
2025-10-29 15:40:00,337.5,337.6,335.2,335.6,339.1160318996274,340.04098870334076,344.83105563401176,340.7965683710271,Down,3223
2025-10-29 15:50:00,335.6,336.3,335.0,335.1,338.75093809057034,339.84722444046463,344.7342292097928,340.1196076100246,Down,2211
2025-10-29 16:00:00,335.2,335.8,335.1,335.8,338.48267099142754,339.68850975652487,344.6453314067102,339.76782510002243,Down,1075
2025-10-29 16:10:00,336.1,336.2,335.1,335.5,338.21151908311595,339.52425447195526,344.5543330842554,339.76782510002243,Down,1956
2025-10-29 16:20:00,335.5,335.5,333.8,334.2,337.8468355301054,339.3154601789374,344.4513048943623,339.20026867770446,Down,2647
2025-10-29 16:30:00,334.2,335.5,333.7,335.5,337.63348684555035,339.16583428956733,344.36223718397065,339.20026867770446,Down,1795
2025-10-29 16:40:00,335.4,336.2,335.0,336.0,337.4849880414094,339.0416839252706,344.27903084383166,339.20026867770446,Down,1480
2025-10-29 16:50:00,336.0,336.5,335.1,335.1,337.26817094673584,338.8871080850639,344.18769720359455,339.20026867770446,Down,1534
2025-10-29 17:00:00,335.1,336.2,334.9,334.9,337.0528826788507,338.7307509052575,344.0952823060464,339.20026867770446,Down,1110
2025-10-29 17:10:00,334.9,336.3,334.8,335.5,336.9117115262279,338.6040547913258,344.0097571089713,339.20026867770446,Down,1250
2025-10-29 17:20:00,335.3,335.4,334.6,335.3,336.76519229657083,338.47448401519534,343.92309285913086,339.20026867770446,Down,1096
2025-10-29 17:30:00,335.2,336.2,334.8,335.5,336.65017481506436,338.3578375832269,343.83928098988576,339.20026867770446,Down,1124
2025-10-29 17:40:00,335.5,336.1,334.2,336.0,336.5910680136949,338.26537336427685,343.7612781939665,339.20026867770446,Down,1989
2025-10-29 17:50:00,335.9,336.5,335.0,335.3,336.4736981942681,338.14908421273657,343.677086371141,339.20026867770446,Down,1664
2025-10-29 18:00:00,335.3,336.0,335.1,335.4,336.3760892675164,338.0412769887077,343.59472730277145,339.20026867770446,Down,661
2025-10-29 18:10:00,335.4,335.8,334.7,335.4,336.2873538795604,337.93769749895444,343.5131877276195,339.20026867770446,Down,1231
2025-10-29 18:20:00,335.4,336.5,335.1,336.4,336.29759443596396,337.87739563625036,343.44240974028,339.20026867770446,Down,1607
2025-10-29 18:30:00,336.1,336.5,332.6,332.9,335.9887222145127,337.6822036505151,343.33751014087426,339.20026867770446,Down,4593
2025-10-29 18:40:00,332.8,334.6,332.3,334.2,335.82611110410244,337.54564664461253,343.2465896419601,339.20026867770446,Down,3350
2025-10-29 18:50:00,334.2,335.5,333.8,334.8,335.73282827645676,337.43797422717677,343.16254397388093,339.20026867770446,Down,2579
2025-10-29 19:00:00,334.8,336.3,334.7,336.0,335.7571166149607,337.381583081013,343.0912748796135,339.20026867770446,Down,2453
2025-10-29 19:10:00,336.0,337.7,335.7,337.7,335.93374237723697,337.3940700190125,343.0376303534482,339.20026867770446,Down,3785
2025-10-29 19:20:00,337.5,338.2,336.9,337.1,336.03976579748814,337.38253786140416,342.9785494544089,339.20026867770446,Down,2507
2025-10-29 19:30:00,336.9,338.8,336.9,338.3,336.2452416340801,337.4185167688001,342.93199672351926,339.20026867770446,Down,2643
2025-10-29 19:40:00,338.4,338.6,337.2,337.5,336.3593105764365,337.4217121896315,342.8779470048773,339.20026867770446,Down,1850
2025-10-29 19:50:00,337.5,338.0,337.2,337.8,336.490282342215,337.4365470057244,342.8274201690079,339.20026867770446,Down,934
2025-10-29 20:00:00,337.8,340.4,337.7,339.9,336.80025667474087,337.5331530054999,342.7982916101123,332.48991045824397,Up,3755
2025-10-29 20:10:00,339.7,340.0,338.0,338.5,336.95477879521894,337.57106857391165,342.7555225393649,332.48991045824397,Up,2170
2025-10-29 20:20:00,338.5,340.9,338.3,340.9,337.31343526838083,337.7016149043465,342.73705962852546,332.57182682499507,Up,2163
2025-10-29 20:30:00,340.8,341.5,339.3,339.7,337.530395698528,337.77998294731333,342.7068401297342,333.2107516590864,Up,3093
2025-10-29 20:40:00,339.5,339.9,338.5,338.5,337.61854154411634,337.80821891016376,342.6649810239657,333.2107516590864,Up,1741
2025-10-29 20:50:00,338.5,339.6,338.2,339.4,337.780492312833,337.8706416980005,342.63249365059295,333.2107516590864,Up,1367
2025-10-29 21:00:00,339.3,342.0,339.3,341.5,338.11862937530276,338.0129694745495,342.62122505705474,333.3832469264361,Up,2836
2025-10-29 21:10:00,341.6,341.8,341.1,341.6,338.4351176139116,338.15363733829264,342.611063613701,334.5893153876692,Up,2104
2025-10-29 21:20:00,341.6,341.9,341.1,341.4,338.70465237628326,338.28094567796745,342.5990132294851,334.9721048978811,Up,1580
2025-10-29 21:30:00,341.5,341.7,339.9,341.7,338.97695670571204,338.41502623961577,342.5900678242166,334.9721048978811,Up,2475
2025-10-29 21:40:00,341.5,342.0,340.6,341.2,339.1790515506473,338.5242408968858,342.5762363035777,334.9721048978811,Up,1271
2025-10-29 21:50:00,341.2,341.7,340.5,340.7,339.31731959149755,338.60956478328245,342.55756728563165,334.9721048978811,Up,1109
2025-10-29 22:00:00,340.7,340.9,339.2,340.0,339.37938144681596,338.66409165452626,342.53211885492885,334.9721048978811,Up,1537
2025-10-29 22:10:00,340.0,340.0,337.8,339.2,339.3630740425599,338.6851076680743,342.498963443437,334.9721048978811,Up,3330
2025-10-29 22:20:00,339.2,340.0,338.8,340.0,339.4209764023272,338.73667207324786,342.4740981355421,334.9721048978811,Up,1928
2025-10-29 22:30:00,340.0,340.1,338.2,339.4,339.4190694566611,338.7626849331205,342.4435100943924,334.9721048978811,Up,1654
2025-10-29 22:40:00,339.4,339.4,338.6,339.0,339.38097223332824,338.7719914063315,342.4092463123587,334.9721048978811,Up,615
2025-10-29 22:50:00,339.0,339.7,338.8,338.9,339.33724748484383,338.7770113511813,342.37432843860387,334.9721048978811,Up,700
2025-10-29 23:00:00,338.9,339.1,336.9,336.9,339.1156795316762,338.70340306289967,342.31985750886656,334.9721048978811,Up,3172
2025-10-29 23:10:00,337.0,340.2,336.7,339.5,339.15061775606927,338.73464215847224,342.29179922519626,334.9721048978811,Up,3215
2025-10-29 23:20:00,339.5,340.9,338.2,340.8,339.30056159642663,338.81563658363024,342.27695545181126,334.9721048978811,Up,2895
2025-10-31 09:00:00,352.2,360.0,352.2,359.3,341.11869236038785,339.6189449528996,342.446338979654,342.47313751665223,Up,5022
2025-10-31 09:10:00,359.4,359.7,359.2,359.6,342.79881123671623,340.40251573906045,342.6170221738863,346.88012501513833,Up,1391
2025-10-31 09:20:00,359.6,360.1,359.5,359.7,344.3352829424693,341.1592798277248,342.78700205275317,348.1546591046712,Up,1288
2025-10-31 09:30:00,359.5,360.6,359.5,360.1,345.76843903860845,341.902053167814,342.9592706890442,349.063326458792,Up,1115
2025-10-31 09:40:00,360.2,360.5,360.1,360.3,347.08949003509855,342.62354127888017,343.13181525930247,350.1666604170837,Up,585
2025-10-31 09:50:00,360.3,360.5,359.9,360.3,348.2904454864532,343.3167357385319,343.3026429681651,350.76969128825783,Up,711
2025-10-31 10:00:00,360.3,360.6,360.1,360.2,349.37313226041204,343.9788245330993,343.4707758739545,351.59517389841625,Up,474
2025-10-31 10:10:00,360.4,360.5,360.0,360.0,350.33921114582915,344.6071059239582,343.63524576575594,352.1092489985602,Up,304
2025-10-31 10:20:00,360.1,360.4,360.0,360.4,351.2538283143901,345.22643510341084,343.80205924072357,352.65386272596385,Up,245
2025-10-31 10:30:00,360.4,361.7,360.3,361.5,352.1852984676274,345.86461411896335,343.97815815375117,353.6307842963308,Up,1250
2025-10-31 10:40:00,361.6,362.3,361.4,361.6,353.0411804251158,346.48168807508245,344.1534998636641,354.8234402693916,Up,908
2025-10-31 10:50:00,361.6,361.7,360.3,361.0,353.76470947737795,347.05103364076547,344.3211267306923,354.8234402693916,Up,684
2025-10-31 11:00:00,361.1,361.5,360.6,361.1,354.43155407034357,347.6019734979904,344.48808069357096,354.8234402693916,Up,484
2025-10-31 11:10:00,361.1,361.6,361.0,361.6,355.0832309730396,348.1509157137555,344.6583485473663,355.0844029071312,Up,572
2025-10-31 11:20:00,361.6,362.0,361.5,361.9,355.7029372482178,348.6900954896867,344.829907268288,355.9176390064829,Up,516
2025-10-31 11:30:00,361.9,363.5,361.5,362.3,356.3026702256525,349.2238172351892,345.00373903676274,356.47058091498445,Up,1514
2025-10-31 11:40:00,362.4,362.7,361.8,362.6,356.8751547505932,349.74837342204455,345.1788262105263,356.47058091498445,Up,1099
2025-10-31 11:50:00,362.6,365.0,362.5,364.8,357.595595227812,350.33863328784673,345.3740617706206,357.5603974504004,Up,1904
2025-10-31 12:00:00,364.8,365.2,363.3,363.9,358.1687229343745,350.8704515902841,345.5583994644453,357.932179500364,Up,1161
2025-10-31 12:10:00,363.6,364.0,363.3,363.5,358.653384485795,351.3657279985083,345.7369228528588,357.932179500364,Up,577
2025-10-31 12:20:00,363.5,363.7,361.5,361.5,358.9121677143591,351.76315042993934,345.89376939163634,357.932179500364,Up,1887
2025-10-31 12:30:00,361.6,362.2,361.3,362.0,359.1928797403265,352.1645955111182,346.0540303927146,357.932179500364,Up,1068
2025-10-31 12:40:00,361.9,362.1,360.9,361.8,359.42989067302403,352.5424545106822,346.21070670721497,357.932179500364,Up,874
2025-10-31 12:50:00,361.9,362.8,361.5,362.7,359.7271733391127,352.94078962791036,346.3747792772924,357.932179500364,Up,607
2025-10-31 13:00:00,362.7,363.4,362.3,363.3,360.0519757628298,353.3470331719139,346.54318943373727,357.932179500364,Up,693
2025-10-31 13:10:00,363.4,363.4,362.9,363.0,360.3199779662089,353.7255808906624,346.70693879260557,357.932179500364,Up,385
2025-10-31 13:20:00,363.0,363.6,362.8,363.4,360.59997996928087,354.1049698753423,346.873038904122,358.027292193396,Up,399
2025-10-31 13:30:00,363.4,363.5,362.9,363.3,360.8454363357099,354.4655592919956,347.0364912533347,358.2793565394509,Up,350
2025-10-31 13:40:00,363.3,364.0,363.3,363.6,361.0958512142817,354.8237726530938,347.2013022856398,358.9221423085917,Up,467
2025-10-31 13:50:00,363.6,364.2,363.1,363.3,361.29622837661975,355.1561737255215,347.3614883325489,358.9519475532652,Up,568
2025-10-31 14:00:00,363.2,363.4,362.8,363.3,361.47838943329066,355.4755394617756,347.52008048844397,358.9519475532652,Up,460
2025-10-31 14:10:00,363.4,363.5,363.0,363.1,361.62580857571874,355.774537914255,347.67510456318587,358.9871467382357,Up,252
2025-10-31 14:20:00,363.1,363.2,362.8,362.9,361.7416441597443,356.0539677999705,347.8265960600696,358.9871467382357,Up,377
2025-10-31 14:30:00,362.9,363.7,362.9,363.5,361.9014946906766,356.3459690627168,347.9825503281287,359.35384027953364,Up,349
2025-10-31 14:40:00,363.5,363.7,363.0,363.1,362.0104497187969,356.6108330210416,348.1329727129235,359.5080366177579,Up,338
2025-10-31 14:50:00,363.1,363.8,363.0,363.7,362.16404519890625,356.8888395692361,348.2878685068248,359.6163969252344,Up,446
2025-10-31 15:00:00,363.7,364.4,363.6,363.7,362.30367745355113,357.15594389985426,348.44122304904545,360.26945175021314,Up,875
2025-10-31 15:10:00,363.7,364.3,363.4,363.7,362.4306158668646,357.41257355084036,348.5930516754231,360.26945175021314,Up,721
2025-10-31 15:20:00,363.7,363.9,363.3,363.9,362.56419624260417,357.66698243119953,348.7453596189513,360.26945175021314,Up,599
2025-10-31 15:30:00,363.9,364.4,363.2,363.5,362.64926931145834,357.89572821821133,348.8921719610513,360.26945175021314,Up,1018
2025-10-31 15:40:00,363.5,364.6,363.4,364.6,362.8266084649621,358.15864083710505,349.04846875745875,360.26945175021314,Up,916
2025-10-31 15:50:00,364.6,365.5,364.1,364.3,362.9605531499655,358.3994784513363,349.2002252872353,360.8297519110177,Up,1958
2025-10-31 16:00:00,364.3,364.3,361.9,362.4,362.90959377269587,358.5563616493231,349.33156632915336,360.8297519110177,Up,2777
2025-10-31 16:10:00,362.0,362.4,361.2,361.4,362.77235797517807,358.66787687876143,349.45165024627624,360.8297519110177,Up,1718
2025-10-31 16:20:00,361.4,362.1,361.1,361.6,362.6657799774346,358.7828620992022,349.57252934830336,360.8297519110177,Up,1076
2025-10-31 16:30:00,361.5,362.6,360.5,361.5,362.559799979486,358.8894165266845,349.69121064832024,360.8297519110177,Up,2541
2025-10-31 16:40:00,361.5,362.3,360.7,362.3,362.5361817995327,359.0231648981871,349.8166712388842,360.8297519110177,Up,1372
2025-10-31 16:50:00,362.2,363.0,362.0,362.9,362.56925618139337,359.1751976472778,349.9468536146167,360.8297519110177,Up,1091
2025-10-31 17:00:00,362.7,363.5,362.2,362.4,362.5538692558121,359.30166048463946,350.0707655189489,360.8297519110177,Up,1592
2025-10-31 17:10:00,362.4,366.2,362.4,365.1,362.7853356871019,359.52904634798693,350.22031014065095,360.8297519110177,Up,4107
2025-10-31 17:20:00,365.2,365.4,364.4,364.4,362.93212335191083,359.720064138262,350.3614015820375,360.8297519110177,Up,1917
2025-10-31 17:30:00,364.7,365.2,362.0,362.6,362.90193031991896,359.83300279950663,350.4831786807237,360.8297519110177,Up,3909
2025-10-31 17:40:00,362.8,365.2,362.8,364.0,363.00175483628993,359.9964144544279,350.61767441524387,360.8297519110177,Up,2891
2025-10-31 17:50:00,364.0,364.1,361.8,362.8,362.9834134875363,360.10635898562685,350.73889158524145,360.8297519110177,Up,2444
2025-10-31 18:00:00,362.8,367.4,362.8,367.2,363.3667395341239,360.3845409861905,350.9026837087714,360.8297519110177,Up,6882
2025-10-31 18:10:00,367.2,368.8,365.4,367.1,363.70612684920354,360.64789232006535,351.0638510350523,360.8297519110177,Up,5038
2025-10-31 18:20:00,367.1,367.1,363.6,363.9,363.7237516810941,360.7754259545726,351.1915739103255,360.8297519110177,Up,4007
2025-10-31 18:30:00,363.9,366.7,363.9,366.4,363.9670469828128,360.9959974857658,351.3429015331083,360.8297519110177,Up,3142
2025-10-31 18:40:00,366.4,366.8,364.9,365.8,364.13367907528436,361.184389741226,351.48675325914706,360.8297519110177,Up,3091
2025-10-31 18:50:00,365.8,366.0,363.1,363.4,364.0669809775312,361.2712764180407,351.6052930277128,360.8297519110177,Up,3486
2025-10-31 19:00:00,363.5,364.3,360.9,362.2,363.8972554341193,361.3076969506666,351.7107129975863,360.8297519110177,Up,4935
2025-10-31 19:10:00,362.4,362.4,357.6,358.4,363.39750494010843,361.1936696192679,351.7772730672621,370.5309486478718,Down,6981
2025-10-31 19:20:00,358.4,360.3,357.9,359.0,362.9977317637349,361.1076433596888,351.8491409969411,369.54631695261077,Down,4107
2025-10-31 19:30:00,359.1,359.9,356.8,358.1,362.5524834215772,360.9896965612696,351.9113385989616,368.9739245023734,Down,4627
2025-10-31 19:40:00,358.1,359.5,357.5,358.5,362.1840758377974,360.8920614020042,351.97689741887245,368.88538591124853,Down,2314
2025-10-31 19:50:00,358.5,360.4,358.2,359.2,361.91279621617946,360.82570605290596,352.0487690863464,368.88538591124853,Down,2532
2025-10-31 20:00:00,359.2,359.5,358.2,358.2,361.57526928743584,360.7227371880861,352.1099753640942,368.6329635630153,Down,1304
2025-10-31 20:10:00,358.2,358.9,358.2,358.8,361.3229720794871,360.6473357297298,352.17654277340677,367.69814869365024,Down,756
2025-10-31 20:20:00,358.8,358.9,357.7,357.9,361.01179279953374,360.539597073662,352.23349259655697,367.05286244877294,Down,1090
2025-10-31 20:30:00,357.7,359.5,357.3,359.4,360.8652661813943,360.49490699234195,352.3048011279345,367.05286244877294,Down,1462
2025-10-31 20:40:00,359.4,361.4,359.4,360.0,360.7866056194494,360.47549887499525,352.3813702709402,367.05286244877294,Down,3990
2025-10-31 20:50:00,360.0,361.2,359.9,360.2,360.7332778358631,360.4646949975445,352.4591675816771,367.05286244877294,Down,1713
2025-10-31 21:00:00,360.2,361.1,358.8,359.3,360.6029798507846,360.4190206839153,352.52723556593907,367.05286244877294,Down,1840
2025-10-31 21:10:00,359.3,360.9,359.0,360.9,360.6299816825315,360.4378826178794,352.6105466548352,367.05286244877294,Down,2451
2025-10-31 21:20:00,360.9,363.3,360.0,362.9,360.83634698411953,360.5344362407077,352.71292927518516,367.05286244877294,Down,3195
2025-10-31 21:30:00,362.8,363.5,362.4,363.4,361.06940634919954,360.6468112900917,352.8192682873724,367.05286244877294,Down,2225
2025-10-31 21:40:00,363.5,363.5,360.3,360.3,360.9994603174541,360.63321084734304,352.8937034287916,367.05286244877294,Down,2389
2025-10-31 21:50:00,360.3,362.4,360.1,362.0,361.0904184704128,360.68681042195703,352.984313344923,367.05286244877294,Down,2160
2025-10-31 22:00:00,362.0,363.3,361.8,363.0,361.2640167912844,360.77752373874307,353.0839719186054,367.05286244877294,Down,1909
2025-10-31 22:10:00,363.0,363.4,361.8,362.8,361.4036516284404,360.8568365333022,353.1806488149377,367.05286244877294,Down,1687
2025-10-31 22:20:00,362.8,364.0,362.1,363.9,361.63059238949126,360.9761762770943,353.2873090257344,367.05286244877294,Down,1889
2025-10-31 22:30:00,364.0,365.0,363.7,364.7,361.909629444992,361.12220857995334,353.4008681399062,367.05286244877294,Down,3106
2025-10-31 22:40:00,364.7,364.9,363.9,364.2,362.11784494999273,361.24290628270023,353.50832218826537,367.05286244877294,Down,1036
2025-10-31 22:50:00,364.2,364.7,363.6,364.4,362.32531359090245,361.3667138794571,353.6166970918647,367.05286244877294,Down,1241
2025-10-31 23:00:00,364.2,365.2,364.0,364.5,362.52301235536584,361.48958784496864,353.7249886630899,367.05286244877294,Down,1441
2025-10-31 23:10:00,364.5,365.0,363.7,364.1,362.6663748685144,361.5919569490875,353.8282226067408,367.05286244877294,Down,1879
2025-10-31 23:20:00,364.2,366.2,364.1,365.2,362.89670442592217,361.733448833437,353.9413746206041,367.05286244877294,Down,3344
2025-11-03 09:00:00,365.3,365.3,362.2,364.6,363.05154947811104,361.84586260467483,354.04743059452846,367.05286244877294,Down,1111
2025-11-03 09:10:00,364.6,365.1,364.5,364.5,363.18322679828276,361.9499464240994,354.15143626025457,367.05286244877294,Down,630
2025-11-03 09:20:00,364.5,364.8,364.4,364.7,363.32111527116615,362.05779166237,354.2563970934859,367.05286244877294,Down,299
2025-11-03 09:30:00,364.8,364.8,363.8,364.2,363.4010138828783,362.1417998324731,354.3553384159388,367.05286244877294,Down,614
2025-11-03 09:40:00,364.2,364.3,364.0,364.0,363.455467166253,362.21467042727807,354.4513051978697,367.05286244877294,Down,339
2025-11-03 09:50:00,364.0,364.6,363.9,364.6,363.5595156056845,362.30821276346325,354.5522872357019,367.05286244877294,Down,429
2025-11-03 10:00:00,364.6,364.6,364.3,364.5,363.6450141869859,362.3941652041118,354.65126945226206,367.05286244877294,Down,168
2025-11-03 10:10:00,364.5,364.6,363.8,363.8,363.6591038063508,362.44929598042114,354.7423015970157,367.05286244877294,Down,301
2025-11-03 10:20:00,363.8,363.9,363.4,363.4,363.63554891486433,362.4865784909929,354.8284478497817,367.05286244877294,Down,328
2025-11-03 10:30:00,363.4,363.9,363.4,363.7,363.6414081044221,362.53416364820885,354.91672200053017,367.05286244877294,Down,211
2025-11-03 10:40:00,363.8,364.2,363.7,364.0,363.6740073676565,362.59164742671044,355.0071028761468,367.05286244877294,Down,254
2025-11-03 10:50:00,364.0,364.9,363.9,364.7,363.7672794251423,362.67432791978064,355.1035496136976,367.05286244877294,Down,299
2025-11-03 11:00:00,364.7,365.5,364.7,364.9,363.87025402285667,362.76160917782846,355.2010267319693,367.05286244877294,Down,619
2025-11-03 11:10:00,364.9,366.4,364.8,366.3,364.09114002077877,362.9003696022274,355.3114642769249,367.05286244877294,Down,1414
2025-11-03 11:20:00,366.3,368.5,365.9,368.0,364.4464909279807,363.1003551080224,355.4377183637217,362.2910305253306,Up,2513
2025-11-03 11:30:00,368.0,373.8,368.0,373.2,365.24226447998245,363.49641961359015,355.6144574844806,364.32820956848235,Up,3799
2025-11-03 11:40:00,373.2,375.4,373.1,375.2,366.14751316362043,363.9553835503121,355.80933850453556,367.4392814258931,Up,4088
2025-11-03 11:50:00,375.1,377.2,375.0,375.6,367.0068301487458,364.4120351757901,356.00626050946556,369.10843765990285,Up,3391
2025-11-03 12:00:00,375.6,378.0,375.6,377.2,367.93348195340525,364.9135239924258,356.2171434894709,369.571306963548,Up,1609
2025-11-03 12:10:00,377.2,377.4,376.2,377.1,368.76680177582296,365.39142501233067,356.4249331064911,369.79209723958905,Up,1095
2025-11-03 12:20:00,377.1,377.3,376.1,376.2,369.4425470689299,365.81529069812166,356.62169994125236,369.8928156723538,Up,769
2025-11-03 12:30:00,376.4,377.3,376.2,377.2,370.14777006266354,366.26174988643066,356.826459145817,370.16165061123064,Up,743
2025-11-03 12:40:00,377.2,380.1,376.9,379.5,370.99797278423955,366.7808969497079,357.05206651750046,371.3469551011188,Up,2610
2025-11-03 12:50:00,379.6,379.9,377.9,377.9,371.62542980385416,367.2169402065821,357.25950864170443,371.6699591828352,Up,1350
2025-11-03 13:00:00,377.9,379.5,377.9,378.8,372.27766345804923,367.67117784553966,357.4738418890507,371.6699591828352,Up,990
2025-11-03 13:10:00,378.8,379.2,378.5,379.0,372.88878496186294,368.1154453810087,357.68803251702036,372.0912885808556,Up,505
2025-11-03 13:20:00,379.0,379.2,377.6,378.2,373.37162269260267,368.51091811116527,357.8921316959555,372.0912885808556,Up,1382
2025-11-03 13:30:00,377.8,378.3,377.1,378.1,373.80147517509334,368.8869605381784,358.0932050124137,372.0912885808556,Up,841
2025-11-03 13:40:00,378.1,378.1,377.0,377.4,374.1286137955394,369.22080522295573,358.28531242522547,372.0912885808556,Up,509
2025-11-03 13:50:00,377.4,377.5,376.7,377.3,374.4169216323086,369.53763639068296,358.4745132966163,372.0912885808556,Up,516
2025-11-03 14:00:00,377.3,379.9,376.8,379.7,374.89720148391683,369.93616045379343,358.6857121692868,372.0912885808556,Up,1480
2025-11-03 14:10:00,379.8,381.7,379.4,380.9,375.4429104399244,370.36611494580154,358.9067498591446,373.67347437139085,Up,2615
2025-11-03 14:20:00,381.0,381.7,380.4,380.6,375.91173676356766,370.7674437714564,359.12260309437704,374.3258857921735,Up,1009
2025-11-03 14:30:00,380.6,380.6,379.6,379.9,376.27430614869786,371.1255832313993,359.32934336209473,374.3258857921735,Up,1034
2025-11-03 14:40:00,379.9,380.1,379.1,379.3,376.54936922608897,371.4461485948738,359.52805636346693,374.3258857921735,Up,761
2025-11-03 14:50:00,379.3,379.3,378.6,378.9,376.7630629328081,371.7384564931141,359.7208120215419,374.3258857921735,Up,661
2025-11-03 15:00:00,378.9,379.6,378.6,379.4,377.00278448437103,372.0389091796586,359.916624837248,374.3258857921735,Up,476
2025-11-03 15:10:00,379.4,379.6,378.5,378.8,377.16616771306457,372.3040499961426,360.10451911747435,374.3258857921735,Up,548
2025-11-03 15:20:00,378.8,379.6,378.3,378.7,377.3056070118769,372.55487156492137,360.28954877799697,374.3258857921735,Up,1227
2025-11-03 15:30:00,378.7,379.1,377.5,378.0,377.3687336471608,372.76840601335584,360.4657721732408,374.3258857921735,Up,1335
2025-11-03 15:40:00,378.0,378.3,377.6,378.3,377.45339422469164,372.985331267734,360.64322717649213,374.3258857921735,Up,1195
2025-11-03 15:50:00,378.3,378.5,377.7,378.0,377.50308565881056,373.1819849435091,360.81593138369124,374.3258857921735,Up,684
2025-11-03 16:00:00,378.0,378.5,378.0,378.1,377.5573505989187,373.3748482790578,360.9879121659431,374.3258857921735,Up,462
2025-11-03 16:10:00,378.1,378.3,377.6,377.7,377.57031872628966,373.5444620720359,361.1542015971278,374.3258857921735,Up,408
2025-11-03 16:20:00,377.8,378.1,377.1,378.1,377.6184715693542,373.7231106182306,361.3228165066091,374.3258857921735,Up,803
2025-11-03 16:30:00,378.0,378.1,376.7,377.9,377.64406506304925,373.8869102018294,361.48776360604586,374.3258857921735,Up,1320
2025-11-03 16:40:00,377.9,378.7,377.7,378.0,377.6764227845902,374.0482078409733,361.6520644656872,374.3258857921735,Up,1001
2025-11-03 16:50:00,378.0,378.0,376.8,377.2,377.63311162235476,374.1718075334842,361.8067702918993,374.3258857921735,Up,1184
2025-11-03 17:00:00,377.2,378.0,376.8,377.2,377.59373783850435,374.29056017922994,361.95993675665653,374.3258857921735,Up,828
2025-11-03 17:10:00,377.1,377.4,376.7,377.2,377.5579434895494,374.40465585847585,362.1115791769883,374.3258857921735,Up,540
2025-11-03 17:20:00,377.2,377.9,377.2,377.9,377.58903953595404,374.54172817775134,362.26867789164515,374.3258857921735,Up,614
2025-11-03 17:30:00,377.1,378.6,376.5,376.7,377.5082177599582,374.62636628842773,362.41227313650444,374.3258857921735,Up,1919
2025-11-03 17:40:00,376.7,377.1,375.6,375.8,377.35292523632563,374.672391139862,362.54548434907656,374.3258857921735,Up,1787
2025-11-03 17:50:00,375.8,376.3,375.6,376.1,377.2390229421142,374.72837580104385,362.68035515157334,374.3258857921735,Up,918
2025-11-03 18:00:00,376.1,376.1,374.1,374.4,376.9809299473766,374.71549831865,362.79696853314977,374.3258857921735,Up,2285
2025-11-03 18:10:00,374.4,374.7,372.7,373.0,376.61902722488776,374.6482238747814,362.8984912343125,378.94279839727704,Down,2465
2025-11-03 18:20:00,373.0,373.4,371.8,373.4,376.32638838626156,374.5992739189076,363.0029838588467,377.9479985429792,Down,2645
2025-11-03 18:30:00,373.5,375.3,371.8,373.8,376.0967167147832,374.5679298436564,363.11041685527607,377.9479985429792,Down,3818
2025-11-03 18:40:00,374.1,374.9,369.6,370.0,375.54246974071197,374.3887953399836,363.17896992139276,377.9479985429792,Down,4646
2025-11-03 18:50:00,370.3,372.0,370.2,370.5,375.0840634006472,374.236293561945,363.2518159918267,377.9479985429792,Down,2715
2025-11-03 19:00:00,370.5,373.6,370.4,373.6,374.9491485460429,374.2113408732412,363.35478299688316,377.9479985429792,Down,2751
2025-11-03 19:10:00,373.6,376.2,371.6,371.6,374.64468049640266,374.1089353488004,363.4368249571132,377.9479985429792,Down,5706
2025-11-03 19:20:00,371.7,373.0,370.2,370.2,374.2406186330933,373.9556437664945,363.5041202311718,377.9479985429792,Down,3062
2025-11-03 19:30:00,370.0,372.0,367.9,368.3,373.70056239372116,373.7338538148673,363.5518404278765,377.9479985429792,Down,4913
2025-11-03 19:40:00,368.3,370.0,366.8,366.9,373.0823294488374,373.4658595476176,363.5851554484947,377.9479985429792,Down,3789
2025-11-03 19:50:00,367.1,368.9,366.5,368.5,372.66575404439766,373.27111995751494,363.63405937438034,377.7540639722695,Down,2717
2025-11-03 20:00:00,368.3,369.2,366.6,367.5,372.19614004036146,373.0448015278085,363.672526445282,377.7540639722695,Down,2119
2025-11-03 20:10:00,367.5,368.5,366.2,366.4,371.6692182185104,372.7842210757376,363.6996654856275,377.35501154733015,Down,2220
2025-11-03 20:20:00,366.4,367.2,365.6,365.7,371.1265620168277,372.5064084845322,363.7195693116412,376.07728322484553,Down,2207
2025-11-03 20:30:00,365.8,368.3,365.7,368.3,370.8696018334797,372.34145128906033,363.765145736401,376.07728322484553,Down,2234
2025-11-03 20:40:00,368.4,370.9,368.1,370.9,370.8723653031633,372.28492378752856,363.8361393111632,376.07728322484553,Down,4292
2025-11-03 20:50:00,370.8,371.1,368.8,369.5,370.7476048210575,372.17571108997845,363.8924961339377,376.07728322484553,Down,2513
2025-11-03 21:00:00,369.5,370.0,368.6,369.7,370.6523680191432,372.07862438056753,363.95028224205777,376.07728322484553,Down,1136
2025-11-03 21:10:00,369.7,370.7,369.1,369.9,370.5839709264938,371.9931881303492,364.0094834137786,376.07728322484553,Down,1620
2025-11-03 21:20:00,369.9,373.5,369.9,373.4,370.8399735695398,372.0483572232767,364.1029213897609,376.07728322484553,Down,2920
2025-11-03 21:30:00,373.6,374.6,373.0,373.8,371.1090668813998,372.1170490968737,364.1994097341414,376.07728322484553,Down,3086
2025-11-03 21:40:00,373.6,375.4,372.0,372.9,371.27187898309074,372.14775305385905,364.2859827716126,376.07728322484553,Down,3985
2025-11-03 21:50:00,372.9,373.9,372.1,373.0,371.42898089371886,372.18117450272734,364.37268941070107,376.07728322484553,Down,1512
2025-11-03 22:00:00,373.1,373.4,371.2,371.8,371.46270990338076,372.16622648301257,364.4465929986543,376.07728322484553,Down,2132
2025-11-03 22:10:00,371.8,373.4,371.8,373.4,371.63882718489157,372.21460975818854,364.53568162553336,376.07728322484553,Down,1036
2025-11-03 22:20:00,373.4,374.9,373.2,374.7,371.91711562262867,372.31207604218116,364.63681912179675,376.07728322484553,Down,1852
2025-11-03 22:30:00,374.7,376.8,374.6,376.2,372.30646874784424,372.4645436483701,364.751875647948,366.7701206759973,Up,3852
2025-11-03 22:40:00,376.1,377.2,375.8,376.5,372.6876988616766,372.6227968386301,364.86877240766995,367.87283697817935,Up,2084
2025-11-03 22:50:00,376.5,378.9,376.5,378.4,373.2069989651605,372.8493538253505,365.00341148819064,368.9843972528903,Up,3855
2025-11-03 23:00:00,378.5,380.1,378.2,379.4,373.7699990592368,373.10624191063084,365.14666112512407,370.5358156844457,Up,3858
2025-11-03 23:10:00,379.4,380.2,379.2,379.3,374.272726417488,373.34913438472375,365.28749036766015,371.50528698585975,Up,2010
2025-11-03 23:20:00,379.3,379.6,378.1,379.0,374.7024785613527,373.5707369578719,365.423933249574,371.50528698585975,Up,2706
2025-11-03 23:30:00,379.1,379.7,377.9,378.2,375.0204350557751,373.7522766850141,365.55105829186687,371.50528698585975,Up,1735
2025-11-03 23:40:00,378.3,379.2,376.0,378.4,375.3276682325228,373.93454034442533,365.67890845811695,371.50528698585975,Up,2622
2025-11-03 23:50:00,378.4,380.0,377.7,379.5,375.70697112047526,374.1527936642518,365.8164317570412,371.50528698585975,Up,1317
2025-11-04 09:00:00,375.8,377.3,375.8,376.3,375.76088283679564,374.23699783428117,365.9207458689114,371.50528698585975,Up,2077
2025-11-04 09:10:00,376.3,376.8,375.6,376.1,375.7917116698142,374.31005674274076,366.02203197966855,371.50528698585975,Up,979
2025-11-04 09:20:00,376.1,376.5,375.1,376.3,375.8379196998311,374.3880937332215,366.12430031817934,371.50528698585975,Up,920
2025-11-04 09:30:00,376.3,377.0,376.2,376.8,375.925381545301,374.48267829270304,366.23052618566015,371.50528698585975,Up,875
2025-11-04 09:40:00,376.8,378.0,376.7,377.2,376.04125595027364,374.58923992828335,366.3396751788377,371.50528698585975,Up,1166
2025-11-04 09:50:00,377.2,377.3,376.9,377.3,376.15568722752147,374.6955442448213,366.44873313725725,371.50528698585975,Up,555
2025-11-04 10:00:00,377.3,377.8,377.1,377.7,376.29607929774676,374.813366039142,366.5606860413642,371.50528698585975,Up,395
2025-11-04 10:10:00,377.7,377.7,377.1,377.1,376.36916299795155,374.90303795917566,366.6655548369725,371.50528698585975,Up,284
2025-11-04 10:20:00,377.1,377.3,375.9,376.1,376.34469363450137,374.9499776470511,366.75942991322154,371.50528698585975,Up,737
2025-11-04 10:30:00,376.1,376.4,375.2,375.6,376.27699421318306,374.9754687197158,366.8473957847318,371.50528698585975,Up,839
2025-11-04 10:40:00,375.5,376.7,375.5,376.7,376.31544928471186,375.043097397374,366.94543164757033,371.50528698585975,Up,440
2025-11-04 10:50:00,376.7,376.7,376.2,376.3,376.31404480428347,375.0923876955162,367.0385119296841,371.50528698585975,Up,166
2025-11-04 11:00:00,376.3,376.6,376.0,376.0,376.2854952766213,375.12798033490776,367.12768096520966,371.50528698585975,Up,196
2025-11-04 11:10:00,376.0,376.2,375.2,375.7,376.2322684332921,375.1504124786369,367.21297767202356,371.50528698585975,Up,531
2025-11-04 11:20:00,375.7,375.8,374.2,374.7,376.09297130299285,375.13274924418056,367.28747540663034,371.50528698585975,Up,1172
2025-11-04 11:30:00,374.7,376.0,373.1,373.6,375.86633754817535,375.0726414306833,367.3502865966142,371.50528698585975,Up,1811
2025-11-04 11:40:00,373.6,373.7,372.2,372.7,375.5784886801594,374.9795966686957,367.4035175757524,371.50528698585975,Up,1201
2025-11-04 11:50:00,372.6,373.5,372.3,373.0,375.34408061832676,374.9019654267861,367.4592039680335,371.50528698585975,Up,774
2025-11-04 12:00:00,373.0,373.3,372.4,373.0,375.13098238029704,374.8273785473043,367.51433626685906,371.50528698585975,Up,668
2025-11-04 12:10:00,373.0,373.7,372.9,373.5,374.98271125481546,374.7753244866257,367.5738951099749,371.50528698585975,Up,416
2025-11-04 12:20:00,373.5,373.5,373.0,373.0,374.802464777105,374.7057039185228,367.627886203408,371.50528698585975,Up,372
2025-11-04 12:30:00,373.0,373.3,372.6,372.8,374.6204225246409,374.6309704315219,367.67935002227955,371.50528698585975,Up,429
2025-11-04 12:40:00,372.8,373.0,371.8,372.6,374.43674774967354,374.55132453224655,367.7283117136002,371.50528698585975,Up,828
2025-11-04 12:50:00,372.6,373.2,372.2,372.9,374.2970434087941,374.4865667074526,367.7797712985395,371.50528698585975,Up,268
2025-11-04 13:00:00,372.8,373.2,372.8,373.2,374.1973121898128,374.4361131110819,367.8337039224346,371.50528698585975,Up,298
2025-11-04 13:10:00,373.2,373.5,372.8,373.0,374.08846562710255,374.379794949863,367.8851098535547,371.50528698585975,Up,243
2025-11-04 13:20:00,373.0,373.3,372.9,373.0,373.9895142064569,374.32568534398604,367.9360042828726,371.50528698585975,Up,144
2025-11-04 13:30:00,373.0,373.6,372.9,373.1,373.9086492785972,374.277619252065,367.9873873248341,371.50528698585975,Up,402
2025-11-04 13:40:00,373.1,373.6,373.1,373.5,373.87149934417926,374.247124379435,368.04223919224876,371.50528698585975,Up,244
2025-11-04 13:50:00,373.5,373.7,373.0,373.4,373.8286357674357,374.21390381553556,368.0955502450622,371.50528698585975,Up,279
2025-11-04 14:00:00,373.4,373.7,373.0,373.2,373.77148706130515,374.174142881593,368.14634078988746,371.50528698585975,Up,343
2025-11-04 14:10:00,373.2,374.3,373.0,374.1,373.80135187391375,374.171235317609,368.2055811800378,371.50528698585975,Up,871
2025-11-04 14:20:00,374.1,375.3,374.0,375.0,373.9103198853761,374.203735893389,368.2731873374504,371.50528698585975,Up,1185
2025-11-04 14:30:00,375.0,375.7,374.9,375.6,374.0639271685237,374.25849134855025,368.34609094603303,371.50528698585975,Up,1025
2025-11-04 14:40:00,375.4,375.8,375.2,375.7,374.2126610622943,374.3150210995875,368.4192641704507,371.7969218889907,Up,366
2025-11-04 14:50:00,375.5,376.4,375.5,376.0,374.3751464202675,374.38109870352525,368.4946943777099,372.25629262635516,Up,984
2025-11-04 15:00:00,376.0,376.4,375.6,375.6,374.4864967456977,374.4288987543674,368.56539393614065,372.3511751148684,Up,571
2025-11-04 15:10:00,375.7,376.8,375.7,376.6,374.6786334051797,374.51403997968634,368.6453402651343,372.49652283169854,Up,880
2025-11-04 15:20:00,376.6,377.1,376.3,376.8,374.87148491379975,374.603685470679,368.72648115801854,372.9968389379078,Up,1068
2025-11-04 15:30:00,377.0,377.1,376.6,377.1,375.07407719436344,374.7015801581034,368.80979975346116,373.3016717617343,Up,782
2025-11-04 15:40:00,377.1,377.1,374.9,375.2,375.0855247221486,374.7211260342562,368.87338383551634,373.3016717617343,Up,1889
2025-11-04 15:50:00,375.0,375.2,374.1,374.6,375.0413861110442,374.71637599369717,368.9303650908843,373.3016717617343,Up,1449
2025-11-04 16:00:00,374.7,375.7,374.6,375.5,375.0830782827674,374.7471063468856,368.99573459246756,373.3016717617343,Up,1175
2025-11-04 16:10:00,375.5,375.6,375.0,375.2,375.09370752978856,374.7648668823018,369.0574685766221,373.3016717617343,Up,385
2025-11-04 16:20:00,375.2,375.7,374.7,375.6,375.1397341179896,374.79761720064295,369.12256839178013,373.3016717617343,Up,924
2025-11-04 16:30:00,375.6,376.7,375.4,376.0,375.21794010726325,374.84476946728444,369.1910005470858,373.3016717617343,Up,1248
2025-11-04 16:40:00,376.0,376.7,375.7,376.2,375.3072182793302,374.89791576268505,369.26074183517454,373.3016717617343,Up,708
2025-11-04 16:50:00,376.2,376.4,376.0,376.3,375.39747116302743,374.952899458266,369.33078420497384,373.3016717617343,Up,347
2025-11-04 17:00:00,376.3,376.5,373.4,373.5,375.22497378457035,374.89592300892224,369.37226893925276,373.3016717617343,Up,2954
2025-11-04 17:10:00,373.6,374.3,372.9,373.7,375.0863398041548,374.8490240673959,369.4153309398572,373.3016717617343,Up,2132
2025-11-04 17:20:00,373.5,374.5,372.9,373.9,374.9784907310498,374.811807437302,369.45995451259495,373.3016717617343,Up,2381
2025-11-04 17:30:00,373.8,374.0,373.2,373.9,374.8804461191362,374.77605028289804,369.5041340696836,373.3016717617343,Up,1673
2025-11-04 17:40:00,374.0,374.4,372.8,373.8,374.7822237446693,374.7377738012158,369.5468790043136,373.3016717617343,Up,1718
2025-11-04 17:50:00,373.7,374.4,373.3,374.1,374.7202034042448,374.7127630639132,369.5921836908378,373.3016717617343,Up,1280
2025-11-04 18:00:00,374.0,377.0,374.0,376.4,374.872912185677,374.7789292182695,369.65992315660066,373.3016717617343,Up,3610
2025-11-04 18:10:00,376.4,376.6,373.5,373.5,374.74810198697907,374.72877513127855,369.6981328764355,373.3016717617343,Up,3331
2025-11-04 18:20:00,373.5,373.8,372.2,372.3,374.52554726089,374.633529047699,369.72402210154564,378.29830509122945,Down,3015
2025-11-04 18:30:00,372.3,376.1,372.0,375.6,374.62322478262723,374.6714298693579,369.78248954332133,378.29830509122945,Down,4946
2025-11-04 18:40:00,375.5,375.8,373.3,375.2,374.6756588932975,374.6921581097752,369.83639512000474,378.29830509122945,Down,2401
2025-11-04 18:50:00,375.2,376.3,374.9,375.3,374.732417175725,374.71599504664675,369.8907593476664,378.29830509122945,Down,2115
2025-11-04 19:00:00,375.4,376.4,373.2,374.4,374.7021974324773,374.70360308403315,369.9356274138588,378.29830509122945,Down,2941
2025-11-04 19:10:00,374.5,376.1,373.1,373.1,374.5565431204339,374.6407166885809,369.9671137082483,378.29830509122945,Down,2731
2025-11-04 19:20:00,373.3,376.0,371.6,375.8,374.6695846549399,374.6861787792248,370.02515237781796,378.29830509122945,Down,6124
2025-11-04 19:30:00,376.5,378.8,376.5,378.0,374.97234968630903,374.81613255258856,370.1045040954516,378.29830509122945,Down,6193
2025-11-04 19:40:00,378.0,378.5,375.8,376.6,375.12031789664456,374.8860881387615,370.1691358954969,378.29830509122945,Down,2804
2025-11-04 19:50:00,376.6,376.8,375.7,376.3,375.2275617242223,374.94153566273167,370.2301395184273,378.29830509122945,Down,1062
2025-11-04 20:00:00,376.2,380.5,375.7,379.7,375.6341470220203,375.1281421073304,370.3243669859056,368.43126735213525,Up,4395
2025-11-04 20:10:00,379.9,379.9,378.1,378.7,375.91286092910934,375.2682149658665,370.4077066178866,369.3939262018546,Up,2209
2025-11-04 20:20:00,378.6,380.3,377.8,377.8,376.084419026463,375.36750065347957,370.48126177591763,369.4081147289587,Up,2667
2025-11-04 20:30:00,378.0,378.0,375.1,375.4,376.0221991149664,375.3687751376569,370.530204444814,369.4081147289587,Up,3367
2025-11-04 20:40:00,375.4,376.0,373.6,374.2,375.8565446499694,375.3229408185331,370.56671982347257,369.4081147289587,Up,3238
2025-11-04 20:50:00,374.2,376.9,373.9,376.5,375.9150405908813,375.36910000212004,370.6257574371694,369.4081147289587,Up,2755
2025-11-04 21:00:00,376.4,377.7,375.9,377.4,376.05003690080116,375.4487431392918,370.6931628358045,369.4081147289587,Up,1823
2025-11-04 21:10:00,377.4,378.2,376.9,378.0,376.2273062734556,375.54879242794703,370.7658676832095,369.4081147289587,Up,1471
2025-11-04 21:20:00,377.9,377.9,374.4,376.7,376.2702784304142,375.5939378229295,370.82491377591384,369.4081147289587,Up,2915
2025-11-04 21:30:00,376.8,378.9,376.3,378.7,376.49116220946746,375.71574418281466,370.9032728428202,369.4081147289587,Up,2289
2025-11-04 21:40:00,378.9,379.8,378.4,379.0,376.7192383722431,375.84453852858667,370.9838372921454,369.63812158730144,Up,3055
2025-11-04 21:50:00,379.0,382.5,378.8,380.6,377.0720348838574,376.0310272137402,371.07952050316885,370.7028378066376,Up,5357
2025-11-04 22:00:00,380.6,382.6,380.6,382.4,377.55639534896125,376.28079085241706,371.19216209020203,371.8298525514888,Up,2804
2025-11-04 22:10:00,382.2,382.4,381.0,382.0,377.9603594081466,376.505073564087,371.29970276592144,372.3089568649898,Up,1847
2025-11-04 22:20:00,382.0,382.7,381.3,381.8,378.3094176437696,376.71271773804443,371.40418333541476,372.95359714999074,Up,1841
2025-11-04 22:30:00,381.8,384.0,381.8,383.1,378.74492513069964,376.963199395376,371.5205596206345,373.87599740908246,Up,3118
2025-11-04 22:40:00,383.1,384.6,383.0,384.4,379.25902284609055,377.254838634773,371.6487132562501,375.0145430991659,Up,2016
2025-11-04 22:50:00,384.4,384.5,382.7,384.2,379.70820258735506,377.5271979039976,371.77360168156105,375.0145430991659,Up,1701
2025-11-04 23:00:00,384.2,385.8,384.2,385.8,380.26200235214094,377.85162151560553,371.9131678339834,376.5624323133602,Up,2518
2025-11-04 23:10:00,385.8,387.7,385.8,386.7,380.8472748655827,378.19861675028767,372.0603004923517,378.3885748303275,Up,3769
2025-11-04 23:20:00,386.7,388.7,386.7,388.2,381.515704423257,378.59082785811955,372.22089451730346,379.37143166393406,Up,2990
2025-11-04 23:30:00,388.5,389.1,387.6,388.7,382.1688222029609,378.98726598133055,372.3848657161363,380.23311969448554,Up,1583
2025-11-04 23:40:00,388.7,389.4,386.9,387.4,382.6443838208735,379.3171771193176,372.5342700373688,380.23311969448554,Up,2271
2025-11-04 23:50:00,387.5,388.3,387.4,387.9,383.12216710988497,379.6537584087561,372.6871628728179,380.23311969448554,Up,837
2025-11-05 17:00:00,381.6,381.6,374.2,377.7,382.6292428271681,379.57714043194215,372.7370418492078,390.02898595455633,Down,6388
2025-11-05 17:10:00,377.7,378.1,377.0,377.6,382.17203893378917,379.49960551304247,372.7854294924993,388.9763508677785,Down,2429
2025-11-05 17:20:00,377.6,378.9,377.6,378.4,381.82912630344464,379.4564837282173,372.8412958657083,388.9763508677785,Down,2117
2025-11-05 17:30:00,378.3,378.5,376.6,377.5,381.4355693667678,379.3797588761303,372.8876511307261,388.113926337007,Down,3350
2025-11-05 17:40:00,377.5,378.2,376.8,377.9,381.11415396978896,379.3217291162821,372.93752524882836,387.61266030637,Down,1253
2025-11-05 17:50:00,377.8,379.1,377.6,377.7,380.8037763361717,379.25813189603576,372.9849130572978,387.61266030637,Down,2044
2025-11-05 18:00:00,377.7,378.2,377.1,378.0,380.54888757833794,379.20879339030887,373.03481441991175,386.90343826972725,Down,1300
2025-11-05 18:10:00,378.0,380.2,377.4,379.2,380.4262614348527,379.2084485514732,373.0961595500619,386.90343826972725,Down,2589
2025-11-05 18:20:00,379.2,380.3,378.3,378.9,380.2875103953206,379.1963525298469,373.1539092062802,386.90343826972725,Down,1979
2025-11-05 18:30:00,378.6,379.1,376.2,376.5,379.9431912684733,379.0906132149509,373.18720364203864,386.90343826972725,Down,4161
2025-11-05 18:40:00,376.6,379.9,376.3,379.4,379.89381024406663,379.10274603005087,373.24902251127213,386.90343826972725,Down,3285
2025-11-05 18:50:00,379.3,379.5,376.8,377.2,379.64891840369694,379.02812853867636,373.2883357201152,386.90343826972725,Down,2224
2025-11-05 19:00:00,377.2,380.1,377.1,379.6,379.6444712760881,379.050554870493,373.3511383497658,386.90343826972725,Down,3660
2025-11-05 19:10:00,379.5,380.5,378.4,380.0,379.67679206917103,379.0877880128266,373.4172961771313,386.90343826972725,Down,2820
2025-11-05 19:20:00,379.8,381.1,379.5,379.6,379.6698109719736,379.10787475742165,373.47881561815484,386.90343826972725,Down,2423
2025-11-05 19:30:00,379.5,382.3,379.0,381.7,379.8543736108851,379.20952672771887,373.56061844782494,386.90343826972725,Down,3663
2025-11-05 19:40:00,382.2,383.4,381.6,381.7,380.02215782807735,379.30719234623973,373.64160731899085,386.90343826972725,Down,3971
2025-11-05 19:50:00,381.8,381.9,379.8,380.3,380.047416207343,379.34612597972057,373.7078599824835,386.90343826972725,Down,3177
2025-11-05 20:00:00,380.4,381.8,380.1,380.5,380.0885601884936,379.39137594130017,373.7754434652449,386.90343826972725,Down,1667
2025-11-05 20:10:00,380.5,382.6,380.5,382.3,380.2896001713578,379.50543962987666,373.86026492330217,386.90343826972725,Down,1752
2025-11-05 20:20:00,382.2,384.2,382.1,382.9,380.5269092466889,379.6385596443913,373.9502125360056,386.90343826972725,Down,3295
2025-11-05 20:30:00,382.9,384.9,382.6,384.7,380.90628113335356,379.837047501474,374.05717559534884,386.90343826972725,Down,2317
2025-11-05 20:40:00,384.8,384.8,383.5,383.8,381.1693464848668,379.992457403377,374.1541191217633,386.90343826972725,Down,1507
2025-11-05 20:50:00,383.8,384.5,382.9,384.2,381.44486044078803,380.1574590738328,374.2540781354771,386.90343826972725,Down,1291
2025-11-05 21:00:00,384.0,385.3,384.0,385.3,381.7953276734437,380.35912734544723,374.3639878057709,386.90343826972725,Down,2036
2025-11-05 21:10:00,385.2,385.8,383.4,383.5,381.95029788494884,380.48229882209637,374.4548933997433,386.90343826972725,Down,2538
2025-11-05 21:20:00,383.5,383.9,381.2,381.7,381.9275435317717,380.53005180946514,374.52698401268117,386.90343826972725,Down,3522
2025-11-05 21:30:00,381.7,382.2,380.3,381.8,381.91594866524696,380.5798536992901,374.599352330963,386.90343826972725,Down,3099
2025-11-05 21:40:00,381.8,382.4,378.6,379.2,381.66904424113363,380.52574178951403,374.64512991970963,386.90343826972725,Down,4128
2025-11-05 21:50:00,379.2,380.8,378.4,380.5,381.56276749193967,380.5247323075723,374.70338733344386,386.90343826972725,Down,2160
2025-11-05 22:00:00,380.4,380.4,378.0,378.1,381.2479704472179,380.4296447660989,374.7371844744046,386.90343826972725,Down,2755
2025-11-05 22:10:00,378.0,378.8,377.2,378.0,380.9527004065617,380.33436457919305,374.76965030053,386.90343826972725,Down,2504
2025-11-05 22:20:00,378.0,379.9,378.0,379.4,380.811545824147,380.2977228309894,374.81572343186804,386.90343826972725,Down,1740
2025-11-05 22:30:00,379.4,380.4,378.8,380.0,380.73776893104275,380.2860474258526,374.86730827334196,386.90343826972725,Down,1315
2025-11-05 22:40:00,380.0,380.0,376.1,376.3,380.334335391857,380.12973184052504,374.8815639124132,386.90343826972725,Down,3752
2025-11-05 22:50:00,376.3,377.2,375.7,377.1,380.04030490168816,380.01091882717117,374.90363790333447,385.43835226478103,Down,2160
2025-11-05 23:00:00,377.3,379.0,376.0,378.6,379.9093680924438,379.95558867708604,374.9404176256894,385.43835226478103,Down,2356
2025-11-05 23:10:00,378.6,378.6,376.7,377.4,379.6812437204035,379.8553695132788,374.9648910821502,385.43835226478103,Down,1400
2025-11-05 23:20:00,377.5,378.2,376.6,376.8,379.41931247309407,379.73555110099335,374.98315087237756,385.43835226478103,Down,1519
2025-11-05 23:30:00,376.8,378.2,376.1,377.8,379.2721022482673,379.6596471362485,375.01117922190616,385.43835226478103,Down,2141
2025-11-05 23:40:00,377.8,377.8,376.2,377.0,379.0655474984248,379.55534724855255,375.0309684833797,385.43835226478103,Down,1599
2025-11-05 23:50:00,377.0,378.0,376.9,377.5,378.923224998568,379.47474539566815,375.05553596115703,385.43835226478103,Down,1235
2025-11-06 09:00:00,379.4,379.6,378.4,379.4,378.9665681805164,379.47181420368116,375.098764459056,385.43835226478103,Down,1521
2025-11-06 09:10:00,379.5,379.7,379.2,379.5,379.0150619822876,379.472919529027,375.1425578475231,385.43835226478103,Down,639
2025-11-06 09:20:00,379.5,379.5,378.9,379.2,379.0318745293523,379.46221680239853,375.18293040625423,385.43835226478103,Down,362
2025-11-06 09:30:00,379.3,379.4,379.0,379.1,379.0380677539566,379.44801222191234,375.2219062231074,385.43835226478103,Down,218
2025-11-06 09:40:00,379.1,380.5,379.1,380.3,379.15278886723326,379.4814235073276,375.27243451939495,385.43835226478103,Down,957
2025-11-06 09:50:00,380.3,380.3,379.7,380.3,379.25708078839386,379.51352454625595,375.3224600465652,385.43835226478103,Down,352
2025-11-06 10:00:00,380.3,381.3,380.1,381.3,379.4428007167217,379.58358240718707,375.3819380560521,385.43835226478103,Down,969
2025-11-06 10:10:00,381.2,381.6,381.0,381.1,379.5934551970197,379.643049763768,375.4388341947979,385.43835226478103,Down,387
2025-11-06 10:20:00,381.1,381.2,380.6,380.9,379.71223199729064,379.6923419298947,375.4931741530586,385.43835226478103,Down,324
2025-11-06 10:30:00,381.0,381.4,380.4,381.2,379.84748363390054,379.7514657757812,375.5499584898441,385.43835226478103,Down,689
2025-11-06 10:40:00,381.2,381.4,380.9,381.1,379.9613487580914,379.8043494708486,375.6051827834775,385.43835226478103,Down,404
2025-11-06 10:50:00,381.1,381.1,380.6,380.8,380.03758978008307,379.8433945896389,375.656872507025,385.43835226478103,Down,340
2025-11-06 11:00:00,380.9,381.0,380.5,380.5,380.07962707280274,379.86914382141777,375.7050628303382,385.2347680947141,Down,229
2025-11-06 11:10:00,380.5,381.9,380.5,381.6,380.217842793457,379.9370205343033,375.76371892157863,385.2347680947141,Down,585
2025-11-06 11:20:00,381.6,381.9,379.5,380.3,380.22531163041543,379.9512550231542,375.8088560467371,385.2347680947141,Down,876
2025-11-06 11:30:00,380.3,382.6,379.1,382.2,380.40482875492313,380.0394411006776,375.87244951890887,385.2347680947141,Down,2214
2025-11-06 11:40:00,382.2,382.7,380.8,381.9,380.54075341356645,380.1124041947687,375.9324251455864,385.2347680947141,Down,1329
2025-11-06 11:50:00,381.9,383.2,381.8,382.6,380.7279576486968,380.20995697144446,375.99876917398853,385.2347680947141,Down,1496
2025-11-06 12:00:00,382.6,382.7,380.9,381.9,380.8345069533607,380.27623316864276,376.05748788867527,385.2347680947141,Down,806
2025-11-06 12:10:00,381.9,382.0,381.3,381.5,380.89500632123696,380.3242240247744,376.1116422380417,385.2347680947141,Down,145
2025-11-06 12:20:00,381.5,382.1,381.3,381.9,380.9863693829427,380.3860191610578,376.1692378376632,385.2347680947141,Down,240
2025-11-06 12:30:00,381.7,381.8,381.0,381.6,381.0421539844934,380.433626252781,376.2232752721144,385.2347680947141,Down,397
2025-11-06 12:40:00,381.6,381.9,381.5,381.7,381.10195816772125,380.48328796835824,376.2777700455262,385.2347680947141,Down,146
2025-11-06 12:50:00,381.7,381.8,381.0,381.0,381.09268924338295,380.5035511852854,376.3247574082573,385.2347680947141,Down,195
2025-11-06 13:00:00,381.0,381.6,381.0,381.2,381.10244476671176,380.5308629035095,376.37326728479206,385.2347680947141,Down,324
2025-11-06 13:10:00,381.2,381.9,381.2,381.4,381.1294952424652,380.564946711215,376.4232845257394,385.2347680947141,Down,236
2025-11-06 13:20:00,381.4,381.4,380.3,381.0,381.11772294769565,380.5820076245007,376.46882398319474,385.2347680947141,Down,473
2025-11-06 13:30:00,381.0,381.4,380.7,380.8,381.08883904335966,380.59055634510855,376.5119202619689,385.2347680947141,Down,301
2025-11-06 13:40:00,380.8,381.2,380.7,380.9,381.07167185759965,380.60269139039843,376.5555827469244,385.05571194853957,Down,153
2025-11-06 13:50:00,380.9,381.2,380.9,381.1,381.0742471432724,380.6221936888142,376.6008008290446,384.8915563168541,Down,91
2025-11-06 14:00:00,381.1,382.4,381.0,382.4,381.1947701302476,380.69191158337054,376.65850430338253,384.8915563168541,Down,410
2025-11-06 14:10:00,382.4,382.4,381.6,381.7,381.2407001184069,380.7314444624541,376.7086684396673,384.8915563168541,Down,468
2025-11-06 14:20:00,381.7,382.3,381.7,381.9,381.30063647127895,380.77727016980884,376.7603234800686,384.8915563168541,Down,201
2025-11-06 14:30:00,381.9,382.0,381.7,382.0,381.36421497388994,380.8252203592281,376.8124595648441,384.8915563168541,Down,151
2025-11-06 14:40:00,382.0,382.2,381.5,381.6,381.38564997626355,380.8556038745525,376.86009678310444,384.8915563168541,Down,257
2025-11-06 14:50:00,381.6,381.7,381.2,381.4,381.38695452387594,380.8769527422171,376.90526994944173,384.8005627617983,Down,209
2025-11-06 15:00:00,381.4,381.8,381.3,381.8,381.42450411261444,380.9131506738949,376.95397373103935,384.77778432890756,Down,256
2025-11-06 15:10:00,381.8,381.8,381.3,381.6,381.44045828419496,380.94008594158527,377.0002028481435,384.66616757173415,Down,351
2025-11-06 15:20:00,381.6,382.4,381.5,381.7,381.4640529856318,380.9698864928956,377.0469669989082,384.66616757173415,Down,742
2025-11-06 15:30:00,381.7,381.7,380.7,381.2,381.4400481687561,380.9789105519978,377.08829071036183,384.43650212540007,Down,1015
2025-11-06 15:40:00,381.2,381.3,380.5,380.8,381.38186197159644,380.97189445191947,377.12522314110447,384.1331837503637,Down,755
2025-11-06 15:50:00,380.8,380.8,380.0,380.2,381.27441997417856,380.941624081256,377.1558179357204,383.6301670457852,Down,943
2025-11-06 16:00:00,380.2,380.8,380.1,380.6,381.2131090674351,380.9282270584617,377.1900884040217,383.6301670457852,Down,539
2025-11-06 16:10:00,380.6,381.0,380.5,380.6,381.15737187948645,380.91535540911025,377.22401787263846,383.6301670457852,Down,491
2025-11-06 16:20:00,380.6,381.9,380.6,381.9,381.2248835268058,380.9539689224785,377.2705450579854,383.6301670457852,Down,1084
2025-11-06 16:30:00,382.1,382.7,381.8,381.9,381.28625775164164,380.99106818042054,377.31660928626417,383.6301670457852,Down,1789
2025-11-06 16:40:00,381.9,382.2,381.1,382.0,381.35114341058335,381.03063413412957,377.36321018888844,383.6301670457852,Down,731
2025-11-06 16:50:00,382.2,382.5,382.0,382.5,381.4555849187121,381.088256324948,377.4143225253174,383.6301670457852,Down,651
2025-11-06 17:00:00,382.5,382.5,381.7,381.7,381.4778044715564,381.1122462729893,377.4569660822794,383.6301670457852,Down,500
2025-11-06 17:10:00,381.7,382.1,380.6,380.8,381.4161858832331,381.10000132110736,377.4902301013612,383.6301670457852,Down,1008
2025-11-06 17:20:00,380.2,381.0,379.3,379.7,381.26016898475734,381.0450993085149,377.5122178615467,383.6301670457852,Down,3085
2025-11-06 17:30:00,379.8,381.7,379.5,381.4,381.2728808952339,381.0590169826908,377.55090226093427,383.6301670457852,Down,1746
2025-11-06 17:40:00,381.5,381.6,380.5,381.4,381.2844371774854,381.07238886572253,377.589201740925,383.6301670457852,Down,1029
2025-11-06 17:50:00,381.5,381.6,380.3,381.5,381.304033797714,381.08915792981185,377.6281151564382,383.6301670457852,Down,1148
2025-11-06 18:00:00,381.5,382.5,380.9,381.6,381.33093981610364,381.1091909521721,377.66763639866275,383.6301670457852,Down,1665
2025-11-06 18:10:00,381.6,383.9,381.6,383.1,381.4917634691851,381.1872618952242,377.7216897678303,383.6301670457852,Down,3296
2025-11-06 18:20:00,383.0,384.1,382.7,383.2,381.64705769925916,381.2661928012938,377.7762003174042,383.6301670457852,Down,1958
2025-11-06 18:30:00,383.2,384.4,382.4,383.0,381.7700524538719,381.33418524045874,377.82817842369866,383.6301670457852,Down,2297
2025-11-06 18:40:00,383.0,383.4,380.5,381.2,381.71822950352,381.32892307416625,377.8617288871444,383.6301670457852,Down,3233
2025-11-06 18:50:00,381.4,382.1,380.8,381.5,381.6983904577454,381.33563197321854,377.89793058975994,383.6301670457852,Down,1466
2025-11-06 19:00:00,381.3,382.8,379.8,380.3,381.5712640524958,381.295018954661,377.92183177792157,383.6301670457852,Down,3729
2025-11-06 19:10:00,380.5,381.1,379.6,380.1,381.43751277499615,381.2481554662429,377.94350509356417,383.6301670457852,Down,2455
2025-11-06 19:20:00,380.3,380.8,379.5,380.1,381.31592070454195,381.2031297616844,377.96496275432474,383.6301670457852,Down,1406
2025-11-06 19:30:00,379.8,380.6,378.3,379.8,381.1781097314017,381.1481050651478,377.9832218313962,383.6301670457852,Down,2871
2025-11-06 19:40:00,379.8,380.2,379.2,380.1,381.08009975581973,381.10700290573027,378.00428430073555,383.6301670457852,Down,1313
2025-11-06 19:50:00,380.0,380.9,379.4,380.9,381.0637270507452,381.09888514472124,378.0330973922705,383.6301670457852,Down,1656
2025-11-06 20:00:00,380.7,381.0,379.7,380.6,381.021570046132,381.07932102139887,378.05863871175046,383.6301670457852,Down,1343
2025-11-06 20:10:00,380.6,380.8,378.4,378.6,380.8014273146655,380.98209274604994,378.0640253912356,383.6301670457852,Down,1337
2025-11-06 20:20:00,378.7,380.1,378.6,379.8,380.7103884678777,380.9357361677735,378.0812987704273,383.6301670457852,Down,1318
2025-11-06 20:30:00,379.4,381.2,379.1,380.7,380.709444061707,380.9264916121745,378.1073554990798,383.6301670457852,Down,1822
2025-11-06 20:40:00,380.8,382.7,380.5,382.3,380.8540400560973,380.9803546862069,378.14907335481035,383.6301670457852,Down,3383
2025-11-06 20:50:00,382.3,383.5,382.1,382.8,381.030945505543,381.0517133259635,378.19535123187694,383.6301670457852,Down,2488
2025-11-06 21:00:00,383.3,383.3,378.0,380.0,380.9372231868573,381.01046966612176,378.2133079360374,383.6301670457852,Down,5773
2025-11-06 21:10:00,380.0,382.4,380.0,382.1,381.04293016987026,381.0531963458817,378.25198148891263,383.6301670457852,Down,2251
2025-11-06 21:20:00,382.2,384.3,381.6,383.8,381.2935728817002,381.1609141362393,378.30718565320205,376.1036678855462,Up,5005
2025-11-06 21:30:00,383.8,384.3,382.8,383.2,381.46688443790924,381.2408782877593,378.35587037307073,376.1036678855462,Up,2780
2025-11-06 21:40:00,383.2,383.3,380.4,381.0,381.4244403980993,381.2314320803962,378.38218012060236,376.1036678855462,Up,3801
2025-11-06 21:50:00,381.0,381.5,380.1,380.3,381.32221854372665,381.19490533214537,378.40126290547204,376.1036678855462,Up,2564
2025-11-06 22:00:00,380.3,382.0,379.6,381.5,381.3383804942969,381.20686982892397,378.43209611039276,376.1036678855462,Up,3399
2025-11-06 22:10:00,381.6,382.6,380.9,381.9,381.38943681299725,381.2340514042603,378.46660261675703,376.1036678855462,Up,1990
2025-11-06 22:20:00,382.0,382.4,381.2,381.4,381.39039710272476,381.24055919232853,378.49579065042116,376.1036678855462,Up,1352
2025-11-06 22:30:00,381.4,381.7,379.1,379.4,381.20945191156795,381.16838040047253,378.5047877583772,376.1036678855462,Up,2937
2025-11-06 22:40:00,379.4,379.4,376.2,377.4,380.8631381014254,381.0206007769246,378.4937948453585,376.1036678855462,Up,5819
2025-11-06 22:50:00,377.4,379.5,377.2,379.0,380.69376191038674,380.94136153077073,378.49883171256886,376.1036678855462,Up,2252
2025-11-06 23:00:00,379.0,379.0,372.9,373.1,380.0034199185334,380.63385715701503,378.44511199403587,385.9977653502493,Down,4799
2025-11-06 23:10:00,373.1,378.0,372.6,376.7,379.70310901684854,380.4795882488968,378.42774769558775,385.9977653502493,Down,5485
2025-11-06 23:20:00,376.8,378.9,376.8,377.9,379.5391900153169,380.3784279254106,378.42249647473614,385.9977653502493,Down,2873
2025-11-06 23:30:00,377.8,380.9,377.8,380.3,379.60835455937894,380.3753523204926,378.4411781018532,385.9977653502493,Down,2834
2025-11-06 23:40:00,380.3,382.4,380.1,381.4,379.77123141761723,380.4155345824341,378.47061911576515,385.9977653502493,Down,3635
2025-11-06 23:50:00,381.5,383.3,381.5,381.9,379.9647558341975,380.47374891253475,378.50474230864313,385.9977653502493,Down,2360
2025-11-07 09:00:00,387.2,388.9,386.1,387.6,380.65886894017956,380.75320973949414,378.59524238517406,375.350923930788,Up,3602
2025-11-07 09:10:00,387.6,388.5,387.5,388.3,381.3535172183451,381.0491622987297,378.69180713756043,376.59174902798907,Up,1641
2025-11-07 09:20:00,388.3,388.4,387.8,387.8,381.9395611075864,381.3139010321128,378.78243592226136,377.51068093453557,Up,944
2025-11-07 09:30:00,387.8,388.1,387.8,388.0,382.49051009780584,381.5761009916378,378.87415297776124,378.21425539503235,Up,534
2025-11-07 09:40:00,388.0,388.6,387.9,388.0,382.9913728161871,381.82801859980884,378.9649574257437,379.14477763184755,Up,887
2025-11-07 09:50:00,388.0,388.1,387.8,388.0,383.4467025601701,382.07005708609086,379.05485834688056,379.56343421077054,Up,342
2025-11-07 10:00:00,388.0,388.4,388.0,388.2,383.87882050924554,382.3104470042834,379.14585478123996,380.4303947370641,Up,496
2025-11-07 10:10:00,388.2,388.3,388.0,388.1,384.26256409931415,382.5374882982331,379.23495075356595,380.97763157914915,Up,207
2025-11-07 10:20:00,388.1,388.3,388.1,388.3,384.62960372664924,382.7634691492828,379.3251502485554,381.60693779922656,Up,141
2025-11-07 10:30:00,388.3,388.4,387.8,388.1,384.94509429695387,382.9727448689188,379.41246218638076,381.8881252720241,Up,338
2025-11-07 10:40:00,388.1,389.7,388.1,389.3,385.34099481541256,383.22087252111805,379.5108456472128,382.67102297456734,Up,650
2025-11-07 10:50:00,389.3,389.8,389.2,389.4,385.70999528673866,383.4631912457801,379.6092451930117,383.61911179506126,Up,596
2025-11-07 11:00:00,389.4,390.5,389.3,390.2,386.1181775333988,383.72737982437695,379.7146258378574,384.1173743591466,Up,1056
2025-11-07 11:10:00,390.2,391.2,390.1,390.9,386.5528886667262,384.0086590469504,379.8259230932021,384.99306759922416,Up,1293
2025-11-07 11:20:00,390.9,391.9,390.9,391.7,387.020807878842,384.31028026079554,379.9440731121752,385.8936978174765,Up,1096
2025-11-07 11:30:00,391.7,392.2,391.3,391.6,387.43709807167454,384.5961516231173,380.0600524841934,386.41699801588777,Up,1019
2025-11-07 11:40:00,391.6,391.7,389.7,390.3,387.6973618833405,384.8198319516225,380.1619425092263,386.41699801588777,Up,1240
2025-11-07 11:50:00,390.3,391.2,389.6,390.4,387.94305625758227,385.03866207116675,380.26381372804,386.41699801588777,Up,682
2025-11-07 12:00:00,390.4,391.0,389.9,390.0,388.1300511432566,385.2332243428857,380.36069120338294,386.41699801588777,Up,379
2025-11-07 12:10:00,390.0,390.6,389.9,390.6,388.3545919484151,385.44368613336076,380.462574873001,386.41699801588777,Up,344
2025-11-07 12:20:00,390.6,391.0,390.5,391.0,388.59508358946823,385.6615807947976,380.5674248742647,386.41699801588777,Up,353
2025-11-07 12:30:00,391.1,391.4,390.1,390.3,388.75007599042567,385.84347958715847,380.66426641780436,386.41699801588777,Up,544
2025-11-07 12:40:00,390.3,390.3,389.6,389.8,388.8455236276597,385.99863725040717,380.7551692395178,386.41699801588777,Up,499
2025-11-07 12:50:00,389.8,390.0,389.6,389.9,388.9413851160543,386.1516318680383,380.84616258041814,386.41699801588777,Up,285
2025-11-07 13:00:00,389.9,390.1,389.6,389.9,389.0285319236857,386.2986266967427,380.9362505149414,386.41699801588777,Up,417
2025-11-07 13:10:00,389.9,390.1,389.8,390.1,389.12593811244153,386.4477001596156,381.02743210185736,386.41699801588777,Up,209
2025-11-07 13:20:00,390.1,390.2,389.8,390.1,389.21448919312866,386.59092760433657,381.11770640930155,386.41699801588777,Up,205
2025-11-07 13:30:00,390.1,390.9,389.9,390.6,389.340444721026,386.74814612965673,381.21205758930853,386.59296204121904,Up,365
2025-11-07 13:40:00,390.6,390.6,389.7,389.7,389.3731315645691,386.8639051049644,381.2965147277234,386.59296204121904,Up,265
2025-11-07 13:50:00,389.6,390.1,389.6,390.1,389.4392105132447,386.99081078712265,381.3841115961042,386.59296204121904,Up,330
2025-11-07 14:00:00,390.1,390.1,388.9,389.5,389.44473683022244,387.0892103640982,381.46486670460075,386.59296204121904,Up,658
2025-11-07 14:10:00,389.5,389.5,388.3,388.4,389.34976075474765,387.14061387923164,381.5338730060475,386.59296204121904,Up,918
2025-11-07 14:20:00,388.4,388.6,387.8,388.5,389.2725097770433,387.19392313886965,381.6031877025047,386.59296204121904,Up,1098
2025-11-07 14:30:00,388.5,388.9,388.3,388.9,389.2386452518576,387.26082811381593,381.6757927999922,386.59296204121904,Up,378
2025-11-07 14:40:00,388.9,389.1,388.5,389.0,389.2169502289614,387.329030932882,381.7486704835744,386.59296204121904,Up,323
2025-11-07 14:50:00,389.0,389.2,388.8,388.9,389.1881365717831,387.3906375629651,381.81982799120055,386.59296204121904,Up,337
2025-11-07 15:00:00,388.9,389.1,388.8,388.8,389.15285142889377,387.44590667814293,381.8892824390493,386.59296204121904,Up,372
2025-11-07 15:10:00,388.8,390.0,388.7,389.7,389.20259220808526,387.53430249468636,381.9670010217453,386.59296204121904,Up,939
2025-11-07 15:20:00,389.8,389.9,389.5,389.5,389.2296292800775,387.6113886713653,382.04195623545934,386.59296204121904,Up,477
2025-11-07 15:30:00,389.7,389.8,388.6,388.9,389.19966298188865,387.6619224489588,382.11019547689756,386.59296204121904,Up,791
2025-11-07 15:40:00,388.8,389.1,388.4,388.8,389.16332998353516,387.70655294115653,382.1767606960329,386.59296204121904,Up,580
2025-11-07 15:50:00,388.8,389.2,388.4,388.7,389.121209075941,387.7455116493465,382.24166854980376,386.59296204121904,Up,709
2025-11-07 16:00:00,388.7,389.2,388.7,389.1,389.1192809781282,387.7986288395682,382.30991065378583,386.59296204121904,Up,213
2025-11-07 16:10:00,389.1,389.3,388.2,388.3,389.04480088920747,387.81829045370284,382.3695135328527,386.59296204121904,Up,375
2025-11-07 16:20:00,388.3,388.6,387.7,387.9,388.9407280810977,387.82149474963603,382.42454324894373,386.59296204121904,Up,973
2025-11-07 16:30:00,387.9,387.9,387.1,387.2,388.78248007372514,387.79712240651304,382.4720602315413,386.59296204121904,Up,1791
2025-11-07 16:40:00,387.1,387.2,386.7,386.7,388.5931637033865,387.7540979984145,382.51412928396377,386.59296204121904,Up,1037
2025-11-07 16:50:00,386.7,386.8,385.5,385.6,388.3210579121695,387.66962356710417,382.5448344652179,389.51104536637206,Down,1998
2025-11-07 17:00:00,385.4,385.5,384.4,384.7,387.99187082924504,387.5531677409432,382.5662788983998,388.4418594239746,Down,2649
2025-11-07 17:10:00,384.7,385.6,384.7,385.3,387.7471552993137,387.46480822169053,382.59348010339085,388.4418594239746,Down,2071
2025-11-07 17:20:00,385.3,385.5,384.1,384.6,387.4610502721033,387.3524628012321,382.6134454754964,388.4418594239746,Down,1886
2025-11-07 17:30:00,384.6,385.0,383.3,383.6,387.1100457019121,387.20530739726223,382.6232619384268,388.12495073176154,Down,1966
2025-11-07 17:40:00,383.7,383.8,383.0,383.3,386.7636779108292,387.05215808756566,382.6299956504823,387.30450066523775,Down,1603
2025-11-07 17:50:00,383.3,384.3,382.7,383.2,386.4397071916629,386.9010930645239,382.6356673355521,387.30450066523775,Down,2165
2025-11-07 18:00:00,383.2,384.1,383.0,383.7,386.1906429015117,386.77556000317,382.6462577103228,387.30450066523775,Down,1717
2025-11-07 18:10:00,383.7,384.8,383.1,384.3,386.01876627410155,386.678479218732,382.66271285748377,387.30450066523775,Down,1676
2025-11-07 18:20:00,384.3,384.3,380.7,381.3,385.5897875219105,386.4675584650562,382.6491535255685,387.30450066523775,Down,3556
2025-11-07 18:30:00,381.0,382.0,380.2,381.9,385.2543522926459,386.2884385252501,382.64169926163254,386.57782544984997,Down,2312
2025-11-07 18:40:00,381.9,382.8,379.3,379.4,384.7221384478599,386.0183036811227,382.60944354758647,386.57782544984997,Down,3263
2025-11-07 18:50:00,379.4,382.3,379.0,381.9,384.46558040714535,385.8568015759807,382.6023844078095,386.57782544984997,Down,2742
2025-11-07 19:00:00,382.0,382.0,380.2,380.2,384.07780037013214,385.6349662200599,382.57848008534376,386.57782544984997,Down,1703
2025-11-07 19:10:00,380.2,382.2,379.2,381.5,383.8434548819383,385.4728106820183,382.567748940216,386.57782544984997,Down,2802
2025-11-07 19:20:00,381.6,382.4,379.8,380.5,383.53950443812573,385.27779849840977,382.54717432389543,386.57782544984997,Down,2325
2025-11-07 19:30:00,380.2,381.6,379.9,381.5,383.3540949437507,385.1296495376878,382.5367546788816,386.57782544984997,Down,1587
2025-11-07 19:40:00,381.3,384.9,381.2,383.8,383.39463176704606,385.0775064185628,382.54932428406687,386.57782544984997,Down,5149
2025-11-07 19:50:00,384.0,385.1,383.4,384.5,383.4951197882237,385.05485910803094,382.5687339926832,386.57782544984997,Down,3339
2025-11-07 20:00:00,384.5,386.6,384.3,386.2,383.7410179892943,385.0997665939905,382.604865992756,386.57782544984997,Down,3790
2025-11-07 20:10:00,386.2,386.8,384.4,384.6,383.81910726299475,385.0801679040301,382.6247180724301,386.57782544984997,Down,3103
2025-11-07 20:20:00,384.5,386.4,384.3,385.6,383.9810066027225,385.10055347642106,382.6543228677293,386.57782544984997,Down,2175
2025-11-07 20:30:00,385.7,386.5,385.1,386.4,384.2009150933841,385.1515121636202,382.6915932869559,386.57782544984997,Down,2004
2025-11-07 20:40:00,386.5,388.6,386.5,387.0,384.4553773576219,385.224001882694,382.7344630054937,379.39968100926666,Up,4978
2025-11-07 20:50:00,387.0,387.2,384.0,386.2,384.6139794160199,385.26227631866675,382.76894596066296,379.39968100926666,Up,3771
2025-11-07 21:00:00,386.2,387.4,385.0,386.0,384.7399812872908,385.2912066591112,382.8010957520992,379.39968100926666,Up,2038
2025-11-07 21:10:00,386.0,388.4,386.0,387.6,384.99998298844616,385.38174757444017,382.84884604312305,379.39968100926666,Up,3389
2025-11-07 21:20:00,387.6,388.4,387.1,387.4,385.2181663531329,385.4608947283837,382.8941311571219,379.39968100926666,Up,1920
2025-11-07 21:30:00,387.4,388.1,387.2,387.6,385.4346966846663,385.5447812096236,382.94095572272266,379.6605339359996,Up,1540
2025-11-07 21:40:00,387.6,389.8,386.8,389.2,385.7769969860602,385.68812312297166,383.00323477025773,379.9459399418178,Up,4594
2025-11-07 21:50:00,389.2,389.6,386.3,386.8,385.8699972600548,385.7317261377571,383.0410135287626,379.9459399418178,Up,3545
2025-11-07 22:00:00,386.9,387.7,386.2,386.6,385.93636114550435,385.7657760931392,383.0764263294715,379.9459399418178,Up,1913
2025-11-07 22:10:00,386.6,387.1,385.2,385.6,385.9057828595494,385.75927506987887,383.1015365152479,379.9459399418178,Up,2472
2025-11-07 22:20:00,385.7,385.8,383.9,385.6,385.87798441777215,385.7530289887072,383.1263968484295,379.9459399418178,Up,3292
2025-11-07 22:30:00,385.5,385.7,384.4,384.4,385.7436221979747,385.69996902836573,383.13906951660437,379.9459399418178,Up,1356
2025-11-07 22:40:00,384.2,385.2,383.6,383.8,385.566929270886,385.62546043901807,383.1456459393247,379.9459399418178,Up,1805
2025-11-07 22:50:00,383.8,386.4,383.8,386.3,385.6335720644418,385.6519129708213,383.1770325468936,379.9459399418178,Up,1559
2025-11-07 23:00:00,386.4,387.9,386.2,386.4,385.7032473313107,385.68124971706357,383.20910187478523,379.9459399418178,Up,3023
2025-11-07 23:10:00,386.5,386.5,384.1,385.6,385.6938612102825,385.6780634536493,383.2328919058819,379.9459399418178,Up,3428
2025-11-07 23:20:00,385.6,386.9,385.5,386.8,385.794419282075,385.72206096527094,383.2683855187587,379.9459399418178,Up,1206
2025-11-07 23:30:00,386.7,387.4,385.1,386.3,385.84038116552273,385.74472524114265,383.29855083698,379.9459399418178,Up,2091
2025-11-07 23:40:00,386.4,387.6,384.8,385.1,385.77307378683884,385.7194418983528,383.3164757042737,379.9459399418178,Up,2935
2025-11-07 23:50:00,385.2,385.3,384.0,384.4,385.6482488971262,385.66769907880956,383.3272570405496,379.9459399418178,Up,1415
2025-11-10 09:00:00,389.4,396.2,389.4,394.8,386.4802262701147,386.0258285266994,383.4414136869123,381.1840470089268,Up,3283
2025-11-10 09:10:00,394.8,395.0,394.6,394.9,387.2456602455588,386.37383525114257,383.5554294711222,384.0945881899336,Up,1189
2025-11-10 09:20:00,394.7,395.2,394.7,395.0,387.95060022323526,386.712116221686,383.66930579479265,385.0359892635759,Up,775
2025-11-10 09:30:00,395.1,395.5,394.7,394.7,388.5641820211229,387.02536656593367,383.77906394608823,385.7963538759781,Up,936
2025-11-10 09:40:00,394.7,395.3,394.6,395.1,389.15834729192994,387.3420188574657,383.89171007597787,386.23759443270745,Up,478
2025-11-10 09:50:00,395.0,395.8,395.0,395.7,389.7530429926636,387.66978282383957,384.00920549810746,387.18872221155215,Up,487
2025-11-10 10:00:00,395.7,396.0,395.7,395.8,390.3027663569669,387.9886148699635,384.1265268364348,388.27611110141106,Up,487
2025-11-10 10:10:00,395.8,396.0,395.6,395.7,390.793423960879,388.2910221299649,384.2416857733857,388.7691919103737,Up,375
2025-11-10 10:20:00,395.7,395.9,395.7,395.8,391.2485672371627,388.58549185035844,384.3566938751431,389.3356290094306,Up,180
2025-11-10 10:30:00,395.8,396.0,395.7,395.9,391.67142476105704,388.8723353072071,384.47155264255457,389.86420819039154,Up,227
2025-11-10 10:40:00,395.9,397.4,395.9,397.0,392.15584069187,389.19106725594406,384.59621381029035,390.66291653671954,Up,1234
2025-11-10 10:50:00,396.9,397.3,396.9,397.2,392.61440062897276,389.50514304982863,384.72162461814816,391.51174230610866,Up,327
2025-11-10 11:00:00,397.3,398.1,396.8,397.5,393.05854602633883,389.81866685179614,384.848772631898,391.8970384600988,Up,883
2025-11-10 11:10:00,397.5,398.0,397.4,397.4,393.453223660308,390.11597403407865,384.9736604664065,392.4336713273625,Up,530
2025-11-10 11:20:00,397.4,398.8,397.4,398.7,393.93020332755276,390.45260250333047,385.1102409592781,392.8033375703296,Up,776
2025-11-10 11:30:00,398.7,399.0,396.5,397.4,394.2456393886843,390.7250494639842,385.2325271188873,392.8033375703296,Up,1606
2025-11-10 11:40:00,397.4,398.7,397.2,398.6,394.64149035334935,391.03387105363186,385.36553679929636,392.8033375703296,Up,921
2025-11-10 11:50:00,398.6,399.2,398.6,398.9,395.02862759395396,391.34234669858745,385.50020807492524,393.45517473353084,Up,1111
2025-11-10 12:00:00,399.0,399.5,398.7,399.0,395.389661449049,391.6426468280546,385.63453436273693,393.8592497577553,Up,603
2025-11-10 12:10:00,399.1,399.2,398.4,399.2,395.7360558627718,391.9390136191112,385.7695141203217,393.8592497577553,Up,537
2025-11-10 12:20:00,399.2,399.3,398.8,399.0,396.0327780570653,392.2159150458127,385.9011607459901,394.2725204609548,Up,291
2025-11-10 12:30:00,399.0,400.0,398.9,399.7,396.36616187005933,392.50940857342795,386.0384626291146,394.70683678268614,Up,1015
2025-11-10 12:40:00,399.7,399.7,398.9,399.6,396.6601471545994,392.78747098231315,386.17340329947166,394.70683678268614,Up,440
2025-11-10 12:50:00,399.6,399.7,399.3,399.4,396.90922468599945,393.0467858457519,386.3050112268401,395.1701130435423,Up,236
2025-11-10 13:00:00,399.4,399.4,398.5,398.7,397.0720224418177,393.2684805184675,386.42834444846363,395.1701130435423,Up,459
2025-11-10 13:10:00,398.7,399.1,398.6,398.8,397.22911131074335,393.4854028510766,386.55144549872773,395.1701130435423,Up,367
2025-11-10 13:20:00,398.8,398.9,398.2,398.3,397.3264648279485,393.674210582407,386.6683465385414,395.1701130435423,Up,318
2025-11-10 13:30:00,398.3,399.0,398.2,398.9,397.46951347995315,393.87914350074396,386.7900545331828,395.1701130435423,Up,410
2025-11-10 13:40:00,398.9,399.0,397.9,398.0,397.5177395272301,394.0407457164011,386.90159627912135,395.1701130435423,Up,454
2025-11-10 13:50:00,398.0,398.4,397.7,398.2,397.5797632065728,394.20385372752264,387.0140182066923,395.1701130435423,Up,419
2025-11-10 14:00:00,398.2,398.5,397.5,397.8,397.59978473324804,394.3448790715414,387.12134140861576,395.1701130435423,Up,319
2025-11-10 14:10:00,397.8,398.1,397.5,398.0,397.6361679393164,394.4882171471673,387.2295867677341,395.1701130435423,Up,253
2025-11-10 14:20:00,398.1,398.2,397.7,398.0,397.6692435811967,394.6259341217882,387.3367550586024,395.1701130435423,Up,202
2025-11-10 14:30:00,398.0,398.2,397.7,398.0,397.69931234654246,394.7582504307377,387.4428569983179,395.1701130435423,Up,198
2025-11-10 14:40:00,398.0,398.3,397.8,398.2,397.74482940594766,394.8932210020813,387.5498932470909,395.1701130435423,Up,205
2025-11-10 14:50:00,398.2,398.3,397.5,397.9,397.7589358235888,395.0111339039605,387.6528793839358,395.1701130435423,Up,365
2025-11-10 15:00:00,397.9,398.1,397.7,397.8,397.76266893053526,395.12050120184443,387.753845758225,395.1701130435423,Up,345
2025-11-10 15:10:00,397.8,399.0,397.8,398.9,397.8660626641229,395.2687168409878,387.86475276560583,395.1701130435423,Up,501
2025-11-10 15:20:00,399.0,399.7,398.7,399.6,398.0236933310208,395.4385710825177,387.9815213948038,395.85895802927547,Up,1109
2025-11-10 15:30:00,399.6,399.6,398.7,398.7,398.0851757554735,395.5664702557523,388.08817292321373,395.85895802927547,Up,847
2025-11-10 15:40:00,398.7,399.1,398.5,399.1,398.1774325049759,395.7050400496443,388.19774334188827,395.85895802927547,Up,627
2025-11-10 15:50:00,399.1,399.3,398.8,398.9,398.24312045906896,395.8303325967171,388.3042334578894,395.8891870993805,Up,356
2025-11-10 16:00:00,399.0,399.0,398.1,398.2,398.2392004173354,395.92326073017915,388.40269879661685,395.8891870993805,Up,534
2025-11-10 16:10:00,398.1,398.5,397.5,397.8,398.19927310666856,395.99685834860355,388.4962042812276,395.8891870993805,Up,857
2025-11-10 16:20:00,397.8,398.0,397.0,397.3,398.1175210060623,396.04796194277594,388.5838042386284,395.8891870993805,Up,973
2025-11-10 16:30:00,397.3,397.7,396.8,397.7,398.07956455096576,396.1127477489416,388.6745126541644,395.8891870993805,Up,778
2025-11-10 16:40:00,397.4,398.0,397.3,397.7,398.0450586826961,396.17499293525765,388.76431849840156,395.8891870993805,Up,711
2025-11-10 16:50:00,397.7,397.9,397.0,397.6,398.00459880245097,396.2308755652475,388.8522357272732,395.8891870993805,Up,675
2025-11-10 17:00:00,397.6,397.9,397.3,397.7,397.97690800222813,396.288488288179,388.9402731827232,395.8891870993805,Up,319
2025-11-10 17:10:00,397.7,398.1,396.8,397.0,397.8880981838438,396.3163907082504,389.02046946946234,395.8891870993805,Up,992
2025-11-10 17:20:00,397.0,397.2,395.7,396.0,397.71645289440346,396.3039832294955,389.0899175344428,395.8891870993805,Up,1682
2025-11-10 17:30:00,396.0,396.3,395.4,396.2,397.57859354036674,396.2999054557898,389.16066462365234,395.8891870993805,Up,1283
2025-11-10 17:40:00,396.0,396.1,394.1,394.7,397.3169032185152,396.2371640653667,389.2157823885911,399.1888513704612,Down,2863
2025-11-10 17:50:00,394.7,395.1,393.7,394.5,397.0608211077411,396.169039984372,389.2683616683066,398.626228518601,Down,2007
2025-11-10 18:00:00,394.5,395.6,393.8,394.9,396.86438282521914,396.11927371047506,389.3243978706121,398.626228518601,Down,2202
2025-11-10 18:10:00,394.9,395.0,393.7,393.8,396.58580256838104,396.02832180026036,389.36893122513334,398.626228518601,Down,1321
2025-11-10 18:20:00,393.9,393.9,392.7,393.2,396.2780023348918,395.91740721985803,389.40705131244545,397.88229039714577,Down,2327
2025-11-10 18:30:00,393.2,393.8,392.6,393.1,395.98909303171985,395.80692066221656,389.4437970705306,397.8020821792235,Down,2164
2025-11-10 18:40:00,393.1,393.5,391.2,391.9,395.61735730156346,395.6537080872277,389.4682369006746,397.370074708385,Down,3559
2025-11-10 18:50:00,391.9,392.4,391.4,391.8,395.27032481960316,395.5025822798855,389.4914385235534,396.8273406439863,Down,1605
2025-11-10 19:00:00,391.8,391.8,388.2,388.8,394.68211347236655,395.2397359159684,389.4845585382444,395.78849149453305,Down,5907
2025-11-10 19:10:00,388.7,388.8,386.6,388.2,394.09283042942417,394.96366784083244,389.471776861247,393.7622649950301,Down,5264
2025-11-10 19:20:00,388.2,388.9,385.8,386.3,393.38439129947653,394.6239161607998,389.44021689247836,393.7622649950301,Down,3524
2025-11-10 19:30:00,385.8,386.6,385.0,386.5,392.75853754497865,394.30533121331746,389.410961003001,392.4167479297769,Down,3868
2025-11-10 19:40:00,386.2,386.8,385.6,386.1,392.1532159499806,393.9835535186776,389.378016117399,392.4167479297769,Down,1784
2025-11-10 19:50:00,386.2,386.4,381.6,382.1,391.2392872272551,393.5175318120628,389.3055980465791,391.6105354791544,Down,4810
2025-11-10 20:00:00,382.0,383.2,380.2,382.5,390.4448065702319,393.0854717410015,389.2378806530808,389.7095777083222,Down,4562
2025-11-10 20:10:00,382.3,382.9,380.7,380.7,389.55891506384717,392.59976696684464,389.1529266167318,389.7095777083222,Down,2494
2025-11-10 20:20:00,380.8,381.5,380.5,381.1,388.7899227853156,392.1487957132429,389.0727979936798,388.7103948002663,Down,1434
2025-11-10 20:30:00,380.9,382.2,379.0,379.6,387.9544752593778,391.65668607742947,388.97854129722526,388.7103948002663,Down,4083
2025-11-10 20:40:00,379.5,381.9,379.5,381.3,387.34952296307074,391.2505415253734,388.902137901233,388.7103948002663,Down,1651
2025-11-10 20:50:00,381.3,383.9,381.3,383.4,386.9904754209734,390.9426771518294,388.84739026042473,388.7103948002663,Down,3139
2025-11-10 21:00:00,383.3,385.4,383.1,385.4,386.84588674633943,390.7253172635224,388.8130878697737,388.7103948002663,Down,3818
2025-11-10 21:10:00,385.4,385.4,383.3,383.3,386.52353340576315,390.4341283512274,388.75823127405454,388.7103948002663,Down,2494
2025-11-10 21:20:00,383.3,384.5,381.8,381.9,386.10321218705735,390.0994566511793,388.68999016685007,388.7103948002663,Down,2246
2025-11-10 21:30:00,382.0,385.0,381.3,384.8,385.9847383518703,389.8916348217213,388.65128379703066,388.7103948002663,Down,2499
2025-11-10 21:40:00,384.8,385.0,381.3,381.3,385.55885304715486,389.5547079659675,388.57813669457266,388.7103948002663,Down,2472
2025-11-10 21:50:00,381.3,382.0,380.0,380.6,385.10804822468623,389.2035429476943,388.49875224985055,388.7103948002663,Down,2836
2025-11-10 22:00:00,380.6,381.6,379.7,381.5,384.7800438406238,388.9014432242553,388.42911292398145,388.7103948002663,Down,1886
2025-11-10 22:10:00,381.2,381.8,380.1,380.5,384.3909489460217,388.5719748625198,388.3502162779717,388.7103948002663,Down,1214
2025-11-10 22:20:00,380.7,381.6,380.4,380.7,384.055408132747,388.2632699659504,388.27409472296705,388.7103948002663,Down,973
2025-11-10 22:30:00,380.7,381.3,379.3,379.4,383.6321892115882,387.9156907515994,388.1857952729873,388.7103948002663,Down,2158
2025-11-10 22:40:00,379.6,380.0,378.7,379.7,383.27471746508013,387.59350680055627,388.1013594991268,387.76359081177446,Down,1844
2025-11-10 22:50:00,379.7,382.5,379.6,382.4,383.1951976955274,387.38983986720115,388.04462955386185,387.76359081177446,Down,2541
2025-11-10 23:00:00,382.3,382.9,381.5,381.6,383.0501797232067,387.1627873233893,387.9805038866593,387.76359081177446,Down,1946
2025-11-10 23:10:00,381.7,382.7,380.3,380.7,382.836527021097,386.9093446832564,387.90806106191644,387.76359081177446,Down,1656
2025-11-10 23:20:00,380.7,382.5,380.6,381.6,382.72411547372457,386.7011350878346,387.845294285181,387.76359081177446,Down,1530
2025-11-10 23:30:00,381.7,382.0,380.3,380.7,382.54010497611324,386.46579645693913,387.7741968296071,387.76359081177446,Down,1974
2025-11-10 23:40:00,380.7,382.9,380.5,382.8,382.5637317964666,386.3220397331376,387.72470233379016,387.76359081177446,Down,1838
2025-11-10 23:50:00,382.9,384.8,382.9,383.9,382.6852107240605,386.2270577828185,387.6866455941505,387.76359081177446,Down,1711
2025-11-11 09:00:00,386.9,389.5,386.9,387.2,383.0956461127822,386.26521237957076,387.6818033494326,387.76359081177446,Down,2883
2025-11-11 09:10:00,387.2,388.1,387.1,387.2,383.46876919343833,386.3018707176268,387.67700928625413,387.76359081177446,Down,1521
2025-11-11 09:20:00,387.2,387.7,387.0,387.1,383.7988810849439,386.33316990517085,387.67126790032125,387.76359081177446,Down,940
2025-11-11 09:30:00,387.3,388.2,387.2,387.5,384.1353464408581,386.37892794810534,387.6695637421091,387.76359081177446,Down,906
2025-11-11 09:40:00,387.5,387.5,387.1,387.2,384.413951309871,386.41112685210123,387.66489146606824,387.76359081177446,Down,452
2025-11-11 09:50:00,387.2,387.4,386.4,386.7,384.6217739180645,386.4224552108424,387.6552905559581,387.76359081177446,Down,503
2025-11-11 10:00:00,386.7,387.2,385.6,385.6,384.7107035618768,386.39020206531916,387.63483990366007,387.76359081177446,Down,1340
2025-11-11 10:10:00,385.6,386.4,385.6,386.0,384.82791232897887,386.37490002354195,387.6185728399421,387.76359081177446,Down,621
2025-11-11 10:20:00,386.0,386.2,385.4,385.9,384.92537484452623,386.35627649320696,387.601472612679,387.76359081177446,Down,708
2025-11-11 10:30:00,386.0,386.6,385.9,386.4,385.059431676842,386.3579911405322,387.58951766130906,387.76359081177446,Down,346
2025-11-11 10:40:00,386.4,387.0,386.3,386.6,385.1994833425836,386.3674816840408,387.5796717144304,387.76359081177446,Down,630
2025-11-11 10:50:00,386.6,386.7,386.4,386.6,385.32680303871234,386.37660004937254,387.5699237371724,387.76359081177446,Down,425
2025-11-11 11:00:00,386.6,386.8,386.3,386.5,385.43345730792026,386.3814392631226,387.5592777298374,387.76359081177446,Down,266
2025-11-11 11:10:00,386.5,386.7,386.0,386.3,385.51223391629117,386.3782455665296,387.5467476031723,387.76359081177446,Down,297
2025-11-11 11:20:00,386.3,387.5,384.4,385.3,385.4929399239011,386.33596142666573,387.52439190562836,387.76359081177446,Down,1367
2025-11-11 11:30:00,385.3,385.6,383.7,384.6,385.4117635671828,386.26788450797295,387.4952934787067,387.76359081177446,Down,967
2025-11-11 11:40:00,384.8,384.8,380.3,380.4,384.9561486974389,386.03777139001323,387.4246935435952,387.76359081177446,Down,2515
2025-11-11 11:50:00,380.4,382.2,380.0,381.0,384.5964988158535,385.8402117276598,387.360766244654,387.76359081177446,Down,1862
2025-11-11 12:00:00,381.0,381.4,380.4,380.6,384.23318074168503,385.6347132285359,387.29349493873707,387.67764586603244,Down,817
2025-11-11 12:10:00,380.6,381.7,380.6,381.3,383.9665279469864,385.46472447447564,387.2338581731775,387.67764586603244,Down,489
2025-11-11 12:20:00,381.5,381.5,380.8,381.0,383.69684358816943,385.2896372401825,387.17182973364345,387.36954203804333,Down,471
2025-11-11 12:30:00,381.0,381.6,380.9,381.5,383.49713053469947,385.14102401507733,387.1153936168908,387.1586745800394,Down,340
2025-11-11 12:40:00,381.5,383.4,381.4,383.1,383.4610277588177,385.0609838576233,387.0754394515486,387.1586745800394,Down,1600
2025-11-11 12:50:00,383.1,383.1,381.8,381.8,383.3100252352888,384.9331021377165,387.02294751670735,387.1586745800394,Down,387
2025-11-11 13:00:00,381.8,382.3,381.6,381.7,383.16365930480794,384.8063138185904,386.9699828647998,387.1586745800394,Down,406
2025-11-11 13:10:00,381.7,381.8,381.2,381.6,383.0215084589163,384.68057602178294,386.9165501994785,386.9223854791609,Down,381
2025-11-11 13:20:00,381.6,382.0,380.8,382.0,382.9286440535603,384.57545539347774,386.86762930197125,386.76580498105534,Down,831
2025-11-11 13:30:00,381.8,381.8,380.9,381.0,382.7533127759639,384.4352414564786,386.8092449308074,386.62800452823217,Down,348
2025-11-11 13:40:00,381.0,382.3,381.0,382.2,382.7030116145126,384.3475849287736,386.76338179716754,386.62800452823217,Down,326
2025-11-11 13:50:00,382.2,382.7,381.7,381.9,382.63001055864777,384.2516012060766,386.7149899384893,386.62800452823217,Down,329
2025-11-11 14:00:00,381.9,382.3,381.0,381.4,382.5181914169525,384.13977370779907,386.66210446646454,386.62800452823217,Down,745
2025-11-11 14:10:00,381.4,381.8,381.2,381.8,382.4529012881386,384.0480178761207,386.6137253175445,386.40857491170834,Down,183
2025-11-11 14:20:00,381.8,381.8,381.1,381.1,382.3299102619442,383.9324093319591,386.5588623790615,386.16688628337124,Down,155
2025-11-11 14:30:00,381.1,381.6,381.0,381.6,382.2635547835856,383.8409422993332,386.509520464842,385.8062602576102,Down,224
2025-11-11 14:40:00,381.6,382.1,381.2,381.7,382.21232253053233,383.75698377779077,386.4616645398187,385.8062602576102,Down,299
2025-11-11 14:50:00,381.7,382.4,381.7,382.4,382.22938411866573,383.70376872768134,386.4212499672832,385.8062602576102,Down,441
2025-11-11 15:00:00,382.2,382.7,381.5,381.8,382.190349198787,383.6291111305174,386.3752673805441,385.8062602576102,Down,650
2025-11-11 15:10:00,381.8,382.1,380.6,380.9,382.07304472616994,383.5220871646148,386.32078710810083,385.8062602576102,Down,988
2025-11-11 15:20:00,380.8,381.8,380.8,381.8,382.0482224783363,383.4545543346299,386.2758041518013,385.7329437616719,Down,559
2025-11-11 15:30:00,381.8,381.9,381.1,381.2,381.9711113439421,383.3661404391542,386.22529863785303,385.7329437616719,Down,519
2025-11-11 15:40:00,381.4,381.4,380.4,380.8,381.864646676311,383.265507480756,386.1713155668296,385.19168905923294,Down,864
2025-11-11 15:50:00,380.9,381.0,380.5,380.7,381.7587697057373,383.1648993442558,386.1168746159159,384.83335369021177,Down,398
2025-11-11 16:00:00,380.7,382.8,380.7,382.5,381.826154277943,383.13882486016735,386.08088581376745,384.83335369021177,Down,1302
2025-11-11 16:10:00,382.4,382.4,381.6,381.6,381.80559479812996,383.0784787872196,386.0362998852723,384.83335369021177,Down,721
2025-11-11 16:20:00,381.6,383.6,381.5,383.0,381.91417708920903,383.0754011877208,386.0060879461154,384.83335369021177,Down,1793
2025-11-11 16:30:00,382.7,383.1,381.8,382.7,381.98561553564457,383.06067957251605,385.97319154864164,384.83335369021177,Down,1106
2025-11-11 16:40:00,382.7,382.7,381.8,382.5,382.0323777596769,383.0386921382997,385.93863242875466,384.83335369021177,Down,615
2025-11-11 16:50:00,382.5,383.4,381.4,382.8,382.1021615997063,383.029331662288,385.90740225533426,384.83335369021177,Down,1271
2025-11-11 17:00:00,382.8,382.9,381.3,381.6,382.0565105451875,382.97327944023743,385.8645425314006,384.83335369021177,Down,788
2025-11-11 17:10:00,381.7,382.5,381.5,382.0,382.0513732228977,382.93511161905167,385.8260893718842,384.83335369021177,Down,506
2025-11-11 17:20:00,382.0,382.8,382.0,382.4,382.08306656627065,382.91412684967713,385.791998930373,384.83335369021177,Down,520
2025-11-11 17:30:00,382.6,382.9,379.0,380.5,381.93915142388244,382.8194552085134,385.73934222459815,384.83335369021177,Down,4207
2025-11-11 17:40:00,380.5,382.7,380.5,382.5,381.9901376580749,382.80692755327755,385.7071099636569,384.83335369021177,Down,2123
2025-11-11 17:50:00,382.5,383.8,381.9,383.3,382.1092160527953,382.8262637276588,385.6831586207349,384.83335369021177,Down,3255
2025-11-11 18:00:00,383.3,384.7,381.9,382.1,382.1083782298139,382.79778279716237,385.6475053011256,384.83335369021177,Down,4403
2025-11-11 18:10:00,381.7,382.0,381.0,381.3,382.03488929983087,382.7390462168815,385.6042465419104,384.83335369021177,Down,2558
2025-11-11 18:20:00,381.5,382.5,381.5,382.1,382.0408084543917,382.7139855809254,385.5693784171153,384.83335369021177,Down,734
2025-11-11 18:30:00,382.1,385.2,382.1,384.2,382.23709859490157,382.7722606561832,385.5557527612236,384.83335369021177,Down,3341
2025-11-11 18:40:00,384.3,384.9,383.6,384.7,382.4609987226378,382.8478582775094,385.5472378083756,384.83335369021177,Down,1615
2025-11-11 18:50:00,384.7,386.4,384.2,385.3,382.71908974785254,382.94402069799924,385.5447777306804,378.3851852406434,Up,3604
2025-11-11 19:00:00,385.3,387.0,385.2,385.7,382.99008158895685,383.05209831768553,385.54632223087265,379.15925930967586,Up,3191
2025-11-11 19:10:00,385.7,386.5,384.6,385.3,383.20007417177897,383.14025132483516,385.5438712634013,379.15925930967586,Up,2753
2025-11-11 19:20:00,385.3,386.8,385.0,386.7,383.5182492470718,383.2798493120966,385.55537503192465,379.15925930967586,Up,2108
2025-11-11 19:30:00,386.7,387.9,386.4,387.4,383.87113567915617,383.4414238488771,385.573729509219,380.2238236736858,Up,4430
2025-11-11 19:40:00,387.4,389.7,387.3,388.8,384.31921425377834,383.6515640900976,385.6058317031571,381.3307487942599,Up,5154
2025-11-11 19:50:00,389.0,389.4,388.3,389.2,384.7629220488894,383.86914981205456,385.6415945717824,381.9324989038726,Up,2601
2025-11-11 20:00:00,389.2,392.2,389.1,391.8,385.40265640808127,384.18016354491516,385.70287223773477,383.23408991261147,Up,5864
2025-11-11 20:10:00,391.9,394.2,391.4,393.8,386.1660512800739,384.55741203334986,385.78344067318017,385.0400817387377,Up,5955
2025-11-11 20:20:00,393.8,395.8,392.8,393.7,386.8509557091581,384.9159448947871,385.8622124077754,386.15461976248884,Up,6693
2025-11-11 20:30:00,394.1,395.2,393.7,395.2,387.60995973559824,385.31924117342294,385.9551257171508,386.4996543295353,Up,3275
2025-11-11 20:40:00,395.2,397.1,395.1,396.5,388.41814521418024,385.75770230387695,386.0600498393682,388.1451402995776,Up,4927
2025-11-11 20:50:00,396.5,396.8,395.7,396.4,389.14376837652753,386.1750473115681,386.1629349155934,388.6183093632523,Up,2114
2025-11-11 21:00:00,396.6,397.8,396.5,397.0,389.8579712513887,386.5995552601341,386.2707664089706,389.7030085120475,Up,3558
2025-11-11 21:10:00,397.0,397.8,395.4,396.4,390.4527011376261,386.9838864264034,386.3715548029112,389.7030085120475,Up,2892
2025-11-11 21:20:00,396.4,400.8,396.4,400.8,391.39336467056916,387.52569480183854,386.51512142178774,390.0520731504525,Up,3595
2025-11-11 21:30:00,400.9,402.0,399.7,401.6,392.3212406096083,388.0776283390214,386.6652197160983,392.24279377313866,Up,5078
2025-11-11 21:40:00,401.7,403.5,401.4,402.6,393.2556732814621,388.64713311004016,386.8237747437989,393.8616307028533,Up,4320
2025-11-11 21:50:00,402.7,404.3,400.2,401.1,393.9687938922383,389.1354808312151,386.9658267363979,393.8616307028533,Up,5803
2025-11-11 22:00:00,401.1,401.7,399.2,400.6,394.5716308111257,389.58506981822626,387.1014901519561,393.8616307028533,Up,3520
2025-11-11 22:10:00,400.6,402.3,400.1,401.8,395.2287552828416,390.06408668809974,387.2477439812899,393.8616307028533,Up,2844
2025-11-11 22:20:00,401.6,401.8,399.5,400.9,395.74432298440144,390.48902446503706,387.3835873247597,393.8616307028533,Up,2475
2025-11-11 22:30:00,401.1,401.6,400.3,400.7,396.19483907672856,390.88945487817284,387.5160889434188,393.8616307028533,Up,1572
2025-11-11 22:40:00,400.6,401.7,399.4,400.5,396.5862173424805,391.26633900059744,387.64528208826044,393.8616307028533,Up,1720
2025-11-11 22:50:00,400.6,400.9,399.4,400.8,396.9692884931641,391.64020805939754,387.7761748038002,393.8616307028533,Up,1460
2025-11-11 23:00:00,400.8,401.6,399.7,401.5,397.38117135742186,392.0268665668722,387.91273027838923,393.8616307028533,Up,1745
2025-11-11 23:10:00,401.4,402.3,399.2,399.7,397.5919739612926,392.32777376032817,388.0300165442759,393.8616307028533,Up,3345
2025-11-11 23:20:00,399.7,400.8,398.3,398.6,397.6836126920842,392.5737434167859,388.1351905090095,393.8616307028533,Up,3169
2025-11-11 23:30:00,398.6,401.6,398.3,401.0,397.9851024473492,392.90418485142175,388.2631985636462,393.8616307028533,Up,2672
2025-11-11 23:40:00,401.3,403.1,401.0,403.1,398.4500931339538,393.3040207396013,388.41082842868457,393.8616307028533,Up,3104
2025-11-11 23:50:00,403.0,403.4,401.7,402.2,398.79099375813985,393.65288267138163,388.5480341159614,393.8616307028533,Up,1324
2025-11-12 09:00:00,402.0,403.7,400.7,402.5,399.12817614376354,393.99982844897454,388.68685964714587,393.8616307028533,Up,1983
2025-11-12 09:10:00,402.4,403.2,401.7,402.6,399.4437964943305,394.33709007842657,388.82529885463697,393.8616307028533,Up,1043
2025-11-12 09:20:00,402.6,402.9,402.0,402.3,399.70345135848225,394.64936105574316,388.95937548294904,393.89713729512073,Up,522
2025-11-12 09:30:00,402.5,403.4,402.3,403.4,400.03950123498385,394.9925233672827,389.1030632890889,394.6746702682916,Up,860
2025-11-12 09:40:00,403.4,404.3,403.3,404.1,400.40863748634894,395.3496793136638,389.2522865399437,396.00424569844694,Up,1738
2025-11-12 09:50:00,404.0,404.2,403.5,403.8,400.71694316940807,395.68106443861814,389.3970399077055,396.5084051804063,Up,522
2025-11-12 10:00:00,403.7,403.9,403.3,403.9,401.0063119721891,396.00337563710366,389.54134796832534,396.7076410730967,Up,410
2025-11-12 10:10:00,403.9,404.9,403.7,404.9,401.360283611081,396.3522628670212,389.6941703766007,397.5978555209969,Up,1165
2025-11-12 10:20:00,404.9,405.6,404.6,405.6,401.74571237371,396.71491922517725,389.8524373380276,398.64350501908814,Up,1032
2025-11-12 10:30:00,405.6,405.9,405.0,405.4,402.07792033973635,397.05551062811145,390.00713945406716,399.25318638098923,Up,999
2025-11-12 10:40:00,405.3,405.5,404.0,404.2,402.2708366724876,397.33568668191106,390.1483619470615,399.25318638098923,Up,763
2025-11-12 10:50:00,404.1,405.3,404.0,405.2,402.53712424771595,397.64409112575765,390.2981294898768,399.25318638098923,Up,627
2025-11-12 11:00:00,405.2,405.3,404.6,404.7,402.73374931610545,397.9207934345515,390.44143168400745,399.25318638098923,Up,357
2025-11-12 11:10:00,404.7,404.7,403.1,404.4,402.8852266510049,398.1748799665299,390.5803229110323,399.25318638098923,Up,836
2025-11-12 11:20:00,404.4,404.4,402.7,402.8,402.87747877364086,398.35625722274443,390.7019117377882,399.25318638098923,Up,563
2025-11-12 11:30:00,402.8,403.6,400.7,400.9,402.6977079760371,398.4560118414604,390.8033852528351,399.25318638098923,Up,1463
2025-11-12 11:40:00,401.0,401.6,400.2,401.5,402.588825432761,398.575383926109,390.9098192304188,399.25318638098923,Up,1755
2025-11-12 11:50:00,401.5,401.5,400.2,400.6,402.40802312069184,398.65478063488905,391.00623893956885,399.25318638098923,Up,886
2025-11-12 12:00:00,400.6,401.2,400.3,400.6,402.2436573824471,398.7310637472463,391.1016992486279,399.25318638098923,Up,621
2025-11-12 12:10:00,400.6,401.9,400.4,401.2,402.1487794385883,398.8278847767661,391.20217985311916,399.25318638098923,Up,692
2025-11-12 12:20:00,401.2,401.6,400.8,401.5,402.0897994896257,398.9326736090498,391.30464572522743,399.25318638098923,Up,507
2025-11-12 12:30:00,401.5,402.3,401.1,402.2,402.0998177178415,399.0608040557537,391.4130572105486,399.25318638098923,Up,481
2025-11-12 12:40:00,402.2,402.5,401.4,401.4,402.0361979253105,399.15253723003786,391.51242977561776,399.25318638098923,Up,671
2025-11-12 12:50:00,401.4,402.2,401.3,402.1,402.0419981139186,399.2681240053305,391.6177787330743,399.25318638098923,Up,282
2025-11-12 13:00:00,402.1,402.4,401.4,402.1,402.0472710126533,399.37917796590574,391.722079442198,399.25318638098923,Up,207
2025-11-12 13:10:00,402.1,402.5,401.9,402.2,402.06115546604843,399.489798437831,391.82633735819604,399.25318638098923,Up,431
2025-11-12 13:20:00,402.2,403.2,402.2,402.8,402.1283231509531,399.61961026379845,391.93552803124885,399.25318638098923,Up,836
2025-11-12 13:30:00,402.7,403.4,402.4,403.1,402.21665740995735,399.7560961358064,392.04661730456974,399.25318638098923,Up,664
2025-11-12 13:40:00,403.1,403.8,403.1,403.2,402.30605219087033,399.8911511893042,392.15759623686256,399.25318638098923,Up,626
2025-11-12 13:50:00,403.1,403.4,402.6,403.1,402.37822926442755,400.0169883975668,392.26647587629674,399.25318638098923,Up,391
2025-11-12 14:00:00,403.1,403.2,402.5,402.9,402.42566296766137,400.1300476760936,392.37228208648287,399.25318638098923,Up,238
2025-11-12 14:10:00,402.9,403.2,402.6,403.0,402.4778754251467,400.2425948260508,392.47803052343335,399.25318638098923,Up,136
2025-11-12 14:20:00,403.0,403.4,402.6,403.1,402.5344322046788,400.35464993091153,392.5837217620061,399.25318638098923,Up,200
2025-11-12 14:30:00,403.1,403.2,402.6,402.8,402.55857473152616,400.45054601205226,392.6853762718369,399.25318638098923,Up,241
2025-11-12 14:40:00,402.8,405.1,402.8,404.3,402.7168861195692,400.6015049919718,392.80094466714206,399.5374262411787,Up,1231
2025-11-12 14:50:00,404.3,404.5,403.9,404.5,402.8789873814265,400.7543871491494,392.91735317791677,399.97038749198055,Up,650
2025-11-12 15:00:00,404.4,404.9,403.4,403.7,402.9536248922059,400.86990137859453,393.02464319604695,399.97038749198055,Up,679
2025-11-12 15:10:00,403.7,404.3,403.2,404.2,403.06693172018714,401.00049348139476,393.13584077618583,399.97038749198055,Up,538
2025-11-12 15:20:00,404.0,404.6,404.0,404.2,403.16993792744285,401.12596432526163,393.24593191274124,400.0896224582874,Up,705
2025-11-12 15:30:00,404.2,405.0,403.9,404.5,403.29085266131165,401.2582794497612,393.3579126897289,400.22238405298856,Up,923
2025-11-12 15:40:00,404.6,404.6,403.0,403.2,403.28259332846517,401.3344253536921,393.4558439067465,400.22238405298856,Up,844
2025-11-12 15:50:00,403.2,403.6,401.5,401.7,403.1387212076956,401.34876161433164,393.5378753106595,400.22238405298856,Up,1408
2025-11-12 16:00:00,401.6,402.5,401.6,402.1,403.044292006996,401.37822194318136,393.62307058120024,400.22238405298856,Up,657
2025-11-12 16:10:00,402.1,402.7,400.8,402.5,402.9948109154509,401.42221323952725,393.7113982371087,400.22238405298856,Up,1180
2025-11-12 16:20:00,402.7,403.5,402.5,403.1,403.0043735595008,401.4880087987615,393.8048171601225,400.22238405298856,Up,1019
2025-11-12 16:30:00,403.1,403.8,402.3,403.8,403.07670323590975,401.57867512037865,393.9042717157432,400.22238405298856,Up,1327
2025-11-12 16:40:00,403.9,407.0,403.6,405.0,403.2515483962816,401.71284472350106,394.014676972303,400.22238405298856,Up,3081
2025-11-12 16:50:00,405.0,406.3,404.9,405.5,403.4559530875287,401.8613606166971,394.12895879347417,400.22238405298856,Up,1950
2025-11-12 17:00:00,405.5,405.5,403.3,404.1,403.5145028068443,401.9491503964345,394.22817313383763,400.22238405298856,Up,1838
2025-11-12 17:10:00,404.0,404.7,402.9,404.5,403.6040934607675,402.0491837142214,394.3303803663368,400.22238405298856,Up,1744
2025-11-12 17:20:00,404.5,404.7,404.0,404.3,403.6673576916068,402.13745101954606,394.42958056169664,400.22238405298856,Up,1031
2025-11-12 17:30:00,404.3,404.4,399.3,399.9,403.3248706287335,402.049707842309,394.4840125959086,406.69418137218184,Down,5823
2025-11-12 17:40:00,399.9,400.9,399.0,399.5,402.9771551170304,401.9497192994734,394.5339229183374,406.69418137218184,Down,2448
2025-11-12 17:50:00,399.5,401.3,399.2,400.0,402.7065046518458,401.8732597191019,394.58831174502063,406.69418137218184,Down,2410
2025-11-12 18:00:00,399.7,400.2,397.8,398.5,402.3240951380417,401.7409750242352,394.62723401621446,406.50559302676214,Down,4233
2025-11-12 18:10:00,398.5,399.9,397.9,398.6,401.9855410345834,401.6177995330887,394.66676402600336,406.4505391152383,Down,2712
2025-11-12 18:20:00,398.6,399.2,397.8,398.4,401.6595827587122,401.49161131610487,394.7039106526103,405.87321737748937,Down,1961
2025-11-12 18:30:00,398.4,401.3,398.1,400.4,401.5450752351929,401.4488030291988,394.7605881585545,405.87321737748937,Down,3778
2025-11-12 18:40:00,400.4,400.6,397.0,397.6,401.1864320319935,401.29786957707336,394.78884101269824,405.87321737748937,Down,3584
2025-11-12 18:50:00,397.6,398.7,397.0,398.2,400.91493821090313,401.1763844956195,394.82278289316895,405.87321737748937,Down,1883
2025-11-12 19:00:00,398.2,400.5,398.2,400.1,400.8408529190028,401.1341733389286,394.87529251612256,405.87321737748937,Down,3140
2025-11-12 19:10:00,400.1,400.7,398.5,398.7,400.6462299263662,401.0387155609314,394.9133493070069,405.87321737748937,Down,2187
2025-11-12 19:20:00,398.7,400.8,398.7,400.7,400.65111811487833,401.02543259775763,394.97092792086755,405.87321737748937,Down,1592
2025-11-12 19:30:00,400.4,403.2,400.4,402.8,400.84647101352573,401.09502347627694,395.0488291355853,405.87321737748937,Down,5733
2025-11-12 19:40:00,403.0,404.6,401.2,402.8,401.02406455775065,401.1618853007367,395.1259552138382,405.87321737748937,Down,4871
2025-11-12 19:50:00,402.8,403.5,400.4,401.2,401.04005868886424,401.16337999482545,395.18639347041693,405.87321737748937,Down,2357
2025-11-12 20:00:00,401.2,404.4,400.8,403.7,401.2818715353311,401.262855289146,395.27110597319887,405.87321737748937,Down,3500
2025-11-12 20:10:00,403.8,404.9,402.5,403.8,401.5107923048464,401.36235116015985,395.355970590381,405.87321737748937,Down,2626
2025-11-12 20:20:00,403.8,404.4,402.6,403.5,401.6916293680422,401.44618052642807,395.43700570888467,405.87321737748937,Down,2007
2025-11-12 20:30:00,403.4,403.8,401.8,402.6,401.774208516402,401.4914283489211,395.5082792839207,405.87321737748937,Down,1439
2025-11-12 20:40:00,402.6,402.9,402.1,402.6,401.84928046945635,401.53490174700266,395.57884366915533,405.87321737748937,Down,672
2025-11-12 20:50:00,402.6,405.6,402.5,403.7,402.01752769950576,401.6198075608457,395.6596511948354,405.87321737748937,Down,4056
2025-11-12 21:00:00,403.6,403.8,401.9,402.1,402.02502518136885,401.63863863689096,395.72373426752364,405.87321737748937,Down,2304
2025-11-12 21:10:00,402.3,402.7,401.5,402.0,402.0227501648808,401.65280967073835,395.78618467282195,405.87321737748937,Down,1700
2025-11-12 21:20:00,401.8,401.9,400.0,401.9,402.01159105898256,401.66250340914075,395.84701865617694,405.87321737748937,Down,2656
2025-11-12 21:30:00,401.9,401.9,399.3,400.1,401.8378100536205,401.60122876564503,395.88933687850357,405.87321737748937,Down,2958
2025-11-12 21:40:00,400.1,400.4,398.0,400.2,401.68891823056407,401.5462786179727,395.9322290488667,405.87321737748937,Down,3078
2025-11-12 21:50:00,400.1,400.7,398.8,400.5,401.5808347550583,401.50524808393453,395.97767950609193,405.87321737748937,Down,2399
2025-11-12 22:00:00,400.3,401.0,399.3,399.4,401.382577050053,401.422689335545,396.0117324463298,405.87321737748937,Down,1968
2025-11-12 22:10:00,399.4,401.8,398.7,401.4,401.3841609545936,401.4217995576805,396.0653470488539,405.87321737748937,Down,2253
2025-11-12 22:20:00,401.2,402.4,400.8,401.2,401.36741904963054,401.4131015358107,396.1164381229947,405.87321737748937,Down,1531
2025-11-12 22:30:00,401.2,401.4,399.1,399.2,401.1703809542096,401.3263132402887,396.1471203307261,405.87321737748937,Down,1513
2025-11-12 22:40:00,399.2,399.6,398.9,399.3,401.0003463220087,401.2468499759637,396.1784922677338,405.87321737748937,Down,1775
2025-11-12 22:50:00,399.3,400.4,398.6,399.2,400.83667847455337,401.1665813494553,396.20855702128875,405.87321737748937,Down,1274
2025-11-12 23:00:00,399.1,399.3,398.3,398.8,400.6515258859576,401.073774237712,396.2343425235645,405.87321737748937,Down,1271
2025-11-12 23:10:00,398.8,398.9,395.6,397.7,400.3832053508705,400.9414693656449,396.24892618004645,405.4757456122513,Down,3673
2025-11-12 23:20:00,397.6,398.6,396.6,396.9,400.06655031897316,400.7829803709137,396.25540452651364,405.4757456122513,Down,1776
2025-11-12 23:30:00,396.9,397.9,395.9,397.7,399.85140938088466,400.66207917989755,396.26977861082696,405.0865666216952,Down,1809
2025-11-12 23:40:00,397.7,400.0,397.4,400.0,399.86491761898606,400.6361152904898,396.30689524156503,405.0865666216952,Down,1819
2025-11-12 23:50:00,399.9,400.3,399.0,399.4,399.8226523808964,400.5876401810589,396.3376724033405,405.0865666216952,Down,1356
2025-11-13 09:00:00,401.2,402.0,399.1,401.4,399.9660476189967,400.6194974288605,396.3880438222127,405.0865666216952,Down,1092
2025-11-13 09:10:00,401.4,401.9,401.3,401.8,400.1327705627243,400.66579164733656,396.4418941324394,405.0865666216952,Down,517
2025-11-13 09:20:00,401.8,402.4,401.7,402.3,400.32979142065847,400.7298782494018,396.5001837430619,405.0865666216952,Down,653
2025-11-13 09:30:00,402.3,402.8,401.7,401.9,400.4725376551441,400.7757653768762,396.5539132580563,405.0865666216952,Down,703
2025-11-13 09:40:00,401.9,401.9,400.8,401.1,400.52957968649457,400.788480460136,396.599147952006,405.0865666216952,Down,827
2025-11-13 09:50:00,401.1,401.6,400.6,400.6,400.5359815331769,400.7810890695424,396.63895742512034,405.0865666216952,Down,387
2025-11-13 10:00:00,400.7,401.1,400.5,401.0,400.5781650301608,400.78967381191336,396.6823508835769,405.0865666216952,Down,242
2025-11-13 10:10:00,401.0,401.3,400.8,400.8,400.5983318456007,400.7900787604658,396.72332251657616,405.0865666216952,Down,249
2025-11-13 10:20:00,400.8,400.9,400.2,400.2,400.562119859637,400.76693841691815,396.7579163223814,405.0865666216952,Down,383
2025-11-13 10:30:00,400.2,400.8,400.1,400.7,400.57465441785183,400.7643133809606,396.79714103559155,405.0865666216952,Down,224
2025-11-13 10:40:00,400.7,400.7,399.5,400.1,400.53150401622895,400.7382618758249,396.83000530389415,405.0865666216952,Down,650
2025-11-13 10:50:00,400.1,400.5,400.1,400.3,400.51045819657173,400.72107513559644,396.8645326143032,405.0865666216952,Down,224
2025-11-13 11:00:00,400.3,402.1,400.1,402.0,400.6458710877925,400.77122905184757,396.91563179227035,405.0865666216952,Down,648
2025-11-13 11:10:00,402.2,403.2,401.2,401.5,400.72351917072046,400.7998083047163,396.96124739632734,405.0865666216952,Down,1235
2025-11-13 11:20:00,401.5,402.3,400.0,400.0,400.657744700655,400.7684432731588,396.99148374064254,405.0865666216952,Down,607
2025-11-13 11:30:00,400.2,400.6,397.1,397.6,400.37976790968634,400.64419059578006,396.9975386287953,405.0865666216952,Down,2175
2025-11-13 11:40:00,397.6,398.1,396.7,397.7,400.13615264516943,400.52873214104363,397.00452829418043,403.86937639066565,Down,1452
2025-11-13 11:50:00,397.7,398.3,396.6,396.9,399.841956950154,400.38642891982624,397.0034882116513,403.86937639066565,Down,945
2025-11-13 12:00:00,397.0,397.6,396.4,396.8,399.56541540923087,400.2457846484605,397.00146345332644,403.3449391658394,Down,765
2025-11-13 12:10:00,396.6,397.3,396.5,397.1,399.3412867356644,400.1224205445993,397.00244391647743,402.95903560530854,Down,531
2025-11-13 12:20:00,397.3,397.7,395.5,395.8,399.01935157787676,399.95291385657583,396.99047930039313,402.90821418664416,Down,972
2025-11-13 12:30:00,395.8,396.5,395.6,396.3,398.7721377980698,399.80966233278855,396.98360885959323,402.11201289694924,Down,712
2025-11-13 12:40:00,396.3,396.8,395.8,396.0,398.5201252709725,399.66026380993407,396.97382170676144,402.11201289694924,Down,549
2025-11-13 12:50:00,396.0,396.5,395.7,396.2,398.3092047917932,399.5245671899367,396.96612198828626,401.7314156173134,Down,419
2025-11-13 13:00:00,396.2,396.5,395.9,396.0,398.0992770834484,399.3863488687627,396.956508834174,401.53765056119397,Down,316
2025-11-13 13:10:00,396.0,396.4,395.8,396.2,397.9266155304076,399.2613940111642,396.9489813830877,401.1705914192673,Down,301
2025-11-13 13:20:00,396.2,396.3,395.5,396.0,397.7514686640069,399.1334962068048,396.93953878226097,400.8005376538793,Down,423
2025-11-13 13:30:00,396.0,397.3,395.7,396.8,397.66497151273353,399.041986551636,396.93815033666635,400.8005376538793,Down,631
2025-11-13 13:40:00,396.8,397.7,396.6,397.4,397.64088319339413,398.97759492216005,396.9427458557045,400.8005376538793,Down,509
2025-11-13 13:50:00,397.4,397.4,396.3,396.4,397.52807563035833,398.87651276834987,396.93734539942886,400.8005376538793,Down,370
2025-11-13 14:00:00,396.4,396.9,395.8,396.8,397.4618869366894,398.79508089508124,396.93597877853904,400.8005376538793,Down,365
2025-11-13 14:10:00,396.8,397.1,396.5,397.0,397.4198972151721,398.7246855658624,396.93661580561826,400.8005376538793,Down,236
2025-11-13 14:20:00,397.1,397.3,396.2,396.5,397.336270195611,398.63744299465213,396.9322713697415,400.8005376538793,Down,230
2025-11-13 14:30:00,396.5,396.6,395.9,396.1,397.22388199601,398.5379354262344,396.9239900625799,400.7137690785796,Down,382
2025-11-13 14:40:00,396.1,396.6,396.1,396.2,397.1308018145545,398.44625168402916,396.91678618136024,400.589790071436,Down,286
2025-11-13 14:50:00,396.2,397.7,396.1,397.7,397.18254710414044,398.4169869121065,396.92457935368503,400.589790071436,Down,672
2025-11-13 15:00:00,397.6,398.3,397.1,397.4,397.20231554921855,398.37710507241604,396.9293099073797,400.589790071436,Down,636
2025-11-13 15:10:00,397.4,398.3,397.3,398.1,397.2839232265623,398.3662382068311,396.94095856501775,400.589790071436,Down,562
2025-11-13 15:20:00,398.1,398.6,398.0,398.5,397.3944756605112,398.3714837673475,396.95647141511705,400.589790071436,Down,752
2025-11-13 15:30:00,398.5,398.9,398.1,398.8,397.5222506004647,398.38828832549075,396.9748149831259,400.589790071436,Down,603
2025-11-13 15:40:00,398.8,398.8,398.1,398.2,397.58386418224063,398.38090446958915,396.9870058788162,400.589790071436,Down,560
2025-11-13 15:50:00,398.2,398.3,397.5,398.3,397.6489674384005,398.37773174529156,397.00007049693744,400.589790071436,Down,739
2025-11-13 16:00:00,398.3,399.5,398.2,399.2,397.78997039854596,398.40997755920165,397.0219603427391,400.589790071436,Down,887
2025-11-13 16:10:00,399.2,399.4,398.6,398.8,397.8817912714054,398.42527255688003,397.03965227962726,400.589790071436,Down,609
2025-11-13 16:20:00,398.8,399.1,398.2,398.4,397.92890115582304,398.4242814762181,397.05318807784,400.589790071436,Down,498
2025-11-13 16:30:00,398.2,398.2,396.4,397.0,397.8444555962028,398.36842730068014,397.05265884323467,400.589790071436,Down,1808
2025-11-13 16:40:00,397.0,397.8,396.7,397.6,397.82223236018433,398.3382928967319,397.058105023899,400.589790071436,Down,632
2025-11-13 16:50:00,397.6,397.9,397.0,397.0,397.7474839638039,398.28581082235024,397.0575268644572,400.589790071436,Down,818
2025-11-13 17:00:00,397.0,397.7,396.6,396.6,397.64316723982176,398.2197005940228,397.05297435834325,400.589790071436,Down,1033
2025-11-13 17:10:00,396.7,397.0,396.1,396.7,397.55742476347433,398.16010449229645,397.0494621756732,400.589790071436,Down,877
2025-11-13 17:20:00,396.7,399.0,396.2,398.9,397.67947705770393,398.1891200024025,397.0678754873581,400.589790071436,Down,1546
2025-11-13 17:30:00,398.9,400.2,398.7,399.8,397.87225187063996,398.2522917670142,397.0950608058919,400.589790071436,Down,2547
2025-11-13 17:40:00,399.8,400.8,399.8,400.0,398.0656835187636,398.32082934477836,397.123965673495,400.589790071436,Down,1654
2025-11-13 17:50:00,400.0,401.8,400.0,401.7,398.3960759261487,398.45334584106155,397.1694983533607,395.82267539713007,Up,1838
2025-11-13 18:00:00,401.5,401.6,400.3,400.5,398.5873417510443,398.5336067884709,397.2026376732278,395.82515945193654,Up,1390
2025-11-13 18:10:00,400.5,401.4,399.6,399.7,398.68849250094934,398.57934769872696,397.22748704961356,395.82515945193654,Up,2368
2025-11-13 18:20:00,399.7,400.3,398.6,398.9,398.7077204554085,398.59192229877686,397.2441289695179,395.82515945193654,Up,2601
2025-11-13 18:30:00,399.2,400.4,398.5,400.0,398.8252004140077,398.6471410321582,397.27155057181125,395.82515945193654,Up,2086
2025-11-13 18:40:00,400.1,400.2,398.5,399.8,398.91381855818884,398.6923511877598,397.2967092725892,395.82515945193654,Up,1163
2025-11-13 18:50:00,399.9,401.9,399.5,400.3,399.0398350528989,398.7553962392202,397.32659276241424,395.82515945193654,Up,2388
2025-11-13 19:00:00,400.3,400.6,398.8,399.9,399.11803186627174,398.8002826612116,397.3521988045793,395.82515945193654,Up,1819
2025-11-13 19:10:00,400.0,402.2,399.9,401.4,399.3254835147925,398.90223236077196,397.39247543338945,395.82515945193654,Up,2030
2025-11-13 19:20:00,401.4,403.7,401.2,403.2,399.67771228617494,399.0707722681927,397.4502617474851,395.82515945193654,Up,3156
2025-11-13 19:30:00,402.9,404.0,401.9,403.1,399.9888293510681,399.22878119885183,397.5064780485052,396.0110031635076,Up,3479
2025-11-13 19:40:00,402.9,404.7,401.3,401.8,400.15348122824366,399.3296133087008,397.5491996599628,396.0110031635076,Up,4227
2025-11-13 19:50:00,401.9,404.4,401.0,404.3,400.5304374802215,399.5245304338498,397.6163718026498,396.0110031635076,Up,3038
2025-11-13 20:00:00,404.0,405.2,402.7,402.7,400.727670436565,399.64905865213024,397.66695516779754,396.0110031635076,Up,3816
2025-11-13 20:10:00,402.7,403.8,401.1,402.7,400.90697312415,399.7687034108703,397.71703521587915,396.0110031635076,Up,2951
2025-11-13 20:20:00,402.7,408.9,402.5,408.7,401.6154301128636,400.1189503359342,397.82631844756196,396.0110031635076,Up,6783
2025-11-13 20:30:00,408.7,409.7,407.0,408.7,402.2594819207851,400.4554620874662,397.93451428390466,398.22902553934506,Up,5658
2025-11-13 20:40:00,408.6,410.1,407.4,409.7,402.9358926552592,400.8179929859969,398.0515837935176,398.56729594485915,Up,3977
2025-11-13 20:50:00,409.6,409.7,407.6,408.4,403.4326296865992,401.11532659438916,398.154553109005,398.6293599498719,Up,2261
2025-11-13 21:00:00,408.3,408.7,406.6,408.2,403.86602698781746,401.39315692402096,398.2545078044378,398.6293599498719,Up,2392
2025-11-13 21:10:00,408.2,408.6,407.6,408.0,404.24184271619765,401.65224880935347,398.35147787603546,398.76062805774546,Up,1501
2025-11-13 21:20:00,407.8,410.9,407.6,410.6,404.81985701472513,402.00314101290826,398.473353718065,399.5596618706777,Up,3313
2025-11-13 21:30:00,410.6,412.5,410.0,412.2,405.4907791042956,402.4030178359315,398.60993726315894,401.53151079152514,Up,5332
2025-11-13 21:40:00,412.2,413.0,411.0,411.3,406.01889009481414,402.75191909726755,398.7362065441226,402.4377370832047,Up,2739
2025-11-13 21:50:00,411.4,412.1,409.6,411.4,406.50808190437647,403.0910595248257,398.86221443920596,402.4377370832047,Up,3039
2025-11-13 22:00:00,411.4,412.5,410.9,411.1,406.9255290039786,403.40513562189136,398.9839834497611,402.4377370832047,Up,2967
2025-11-13 22:10:00,411.1,412.2,410.2,410.5,407.2504809127078,403.6833655975035,399.0985706791168,402.4377370832047,Up,1512
2025-11-13 22:20:00,410.5,412.2,410.3,411.1,407.60043719337074,403.97421400544454,399.21798788628973,402.4377370832047,Up,1895
2025-11-13 22:30:00,411.1,412.4,410.7,411.9,407.9913065394279,404.28502914248594,399.3441770615505,402.7072042913143,Up,1274
2025-11-13 22:40:00,411.9,413.4,411.7,412.6,408.4102786722072,404.6111064310159,399.4760757972565,403.89291299210396,Up,1905
2025-11-13 22:50:00,412.6,413.0,411.4,412.1,408.7457078838247,404.9047885317604,399.6016869833535,403.89291299210396,Up,1744
2025-11-13 23:00:00,412.4,412.8,410.7,411.2,408.96882534893155,405.1516595697306,399.7170930830216,403.89291299210396,Up,1697
2025-11-13 23:10:00,411.2,413.5,410.7,413.4,409.37165940811957,405.4751239003294,399.8532414105538,403.89291299210396,Up,2057
2025-11-13 23:20:00,413.5,414.0,412.8,413.5,409.7469630982905,405.78982492384586,399.9890300532349,405.0568765740755,Up,3355
2025-11-13 23:30:00,413.4,414.2,412.5,413.9,410.1245119075368,406.1078710052637,400.12744766464556,405.14716052188686,Up,1695
2025-11-13 23:40:00,413.9,415.1,413.6,414.2,410.49501082503343,406.42520939721413,400.26747306101726,406.3474186562608,Up,1887
2025-11-13 23:50:00,414.3,414.6,413.6,413.6,410.77728256821223,406.70657373457834,400.4001350206091,406.4612896875098,Up,1127
2025-11-14 09:00:00,418.1,418.1,409.1,410.1,410.7157114256475,406.83964927439877,400.4966510900558,406.4612896875098,Up,2524
2025-11-14 09:10:00,410.1,410.4,409.7,409.9,410.6415558414977,406.9596630283439,400.5902167508513,406.4612896875098,Up,934
2025-11-14 09:20:00,409.9,410.1,409.4,409.6,410.54686894681606,407.0632056546834,400.67986633542,406.4612896875098,Up,739
2025-11-14 09:30:00,409.5,410.0,409.1,409.9,410.48806267892365,407.1744524917546,400.77160895894815,406.4612896875098,Up,1124
2025-11-14 09:40:00,409.9,411.4,409.7,410.8,410.5164206172033,407.3166308254113,400.87139394443125,406.4612896875098,Up,977
2025-11-14 09:50:00,410.8,410.8,410.2,410.8,410.5422005610939,407.4532335381403,400.9701860444867,406.4612896875098,Up,522
2025-11-14 10:00:00,410.8,410.9,410.3,410.3,410.5201823282672,407.5648714386054,401.0630200141933,406.4612896875098,Up,322
2025-11-14 10:10:00,410.3,410.5,409.5,409.8,410.45471120751563,407.65252353905225,401.1499551384302,406.4612896875098,Up,588
2025-11-14 10:20:00,409.8,410.3,409.4,409.4,410.3588283704687,407.7210520277169,401.23204513705275,406.4612896875098,Up,439
2025-11-14 10:30:00,409.5,409.7,408.5,408.9,410.226207609517,407.76728528153194,401.3083431953906,406.4612896875098,Up,1060
2025-11-14 10:40:00,408.7,409.5,408.4,408.5,410.06927964501546,407.7960191920601,401.3799019695659,406.4612896875098,Up,870
2025-11-14 10:50:00,408.5,408.8,407.6,407.9,409.8720724045595,407.80009687080286,401.44477856688366,406.4612896875098,Up,777
2025-11-14 11:00:00,407.9,408.3,407.2,408.2,409.72006582232683,407.81577934645765,401.5119947005465,406.4612896875098,Up,1285
2025-11-14 11:10:00,408.2,408.2,405.5,405.7,409.35460529302435,407.7328076073809,401.55366639506843,413.29504644636904,Down,1656
2025-11-14 11:20:00,405.7,406.0,404.4,404.9,408.9496411754767,407.6217171129738,401.58696324685883,411.6409513148809,Down,1829
2025-11-14 11:30:00,404.9,405.4,402.0,402.7,408.3814919777061,407.42870859873955,401.5980382394274,410.791773922619,Down,2254
2025-11-14 11:40:00,402.8,403.5,402.0,402.4,407.8377199797328,407.23150433996545,401.6060179584381,409.74252174783544,Down,1523
2025-11-14 11:50:00,402.4,402.9,401.2,401.6,407.2706545270298,407.0106610325158,401.6059580782547,409.02501977075946,Down,1668
2025-11-14 12:00:00,401.6,402.4,401.5,401.5,406.7460495700271,406.79455667829956,401.60490376901834,408.6181997915995,Down,1362
2025-11-14 12:10:00,401.6,402.3,401.1,402.2,406.33277233638825,406.6143779850329,401.61082512455056,408.19836344690873,Down,1092
2025-11-14 12:20:00,402.2,402.4,401.3,401.3,405.87524757853475,406.4059710052277,401.60773233724166,408.1576031335533,Down,824
2025-11-14 12:30:00,401.3,403.1,400.9,402.8,405.5956796168498,406.26456037757174,401.6195956970701,408.1576031335533,Down,1991
2025-11-14 12:40:00,402.7,403.4,402.5,402.7,405.332436015318,406.1247736960984,401.6303459886416,408.1576031335533,Down,1115
2025-11-14 12:50:00,402.7,403.1,402.2,402.7,405.0931236502891,405.99046884527104,401.64098931213766,408.1576031335533,Down,653
2025-11-14 13:00:00,402.7,403.1,401.9,402.6,404.8664760457174,405.8575092827114,401.6505317070418,408.1576031335533,Down,639
2025-11-14 13:10:00,402.5,402.6,402.2,402.3,404.6331600415612,405.71799911476194,401.65699407811604,407.92144297989665,Down,265
2025-11-14 13:20:00,402.3,403.4,402.3,403.2,404.5028727650556,405.61925405143796,401.67234737087114,407.92144297989665,Down,662
2025-11-14 13:30:00,403.0,404.2,402.9,404.1,404.4662479682324,405.5596754611855,401.6965031184247,407.92144297989665,Down,813
2025-11-14 13:40:00,404.1,404.5,403.6,403.6,404.3874981529385,405.4828254430998,401.71544338590303,407.92144297989665,Down,512
2025-11-14 13:50:00,403.6,404.5,403.6,404.2,404.37045286630774,405.43251856297826,401.74016534226223,407.92144297989665,Down,378
2025-11-14 14:00:00,404.2,404.3,403.5,403.7,404.3095026057343,405.3645766585477,401.7596661846278,407.92144297989665,Down,363
2025-11-14 14:10:00,403.7,403.9,403.3,403.3,404.2177296415766,405.28361286801646,401.7749928892584,407.92144297989665,Down,165
2025-11-14 14:20:00,403.3,403.8,403.2,403.5,404.15248149234236,405.21366726534916,401.7921571391165,407.92144297989665,Down,220
2025-11-14 14:30:00,403.7,403.8,403.3,403.8,404.1204377203112,405.15822933337466,401.81213567504574,407.8036868066113,Down,134
2025-11-14 14:40:00,403.8,404.9,403.7,404.2,404.12767065482836,405.120651712458,401.83589551907517,407.8036868066113,Down,586
2025-11-14 14:50:00,404.2,404.2,403.3,403.7,404.0887915043894,405.0649398805969,401.85444382236795,407.8036868066113,Down,316
2025-11-14 15:00:00,403.8,403.8,403.2,403.8,404.0625377312631,405.0153343950833,401.87380259030465,407.57219143997844,Down,499
2025-11-14 15:10:00,403.8,404.7,403.6,404.6,404.1113979375119,404.9990467717467,401.9009289326897,407.57219143997844,Down,622
2025-11-14 15:20:00,404.6,405.0,404.1,404.4,404.13763448864717,404.97555474148214,401.9257953114689,407.57219143997844,Down,871
2025-11-14 15:30:00,404.1,405.3,404.1,405.2,404.2342131714974,404.984356516326,401.95837446259856,407.57219143997844,Down,809
2025-11-14 15:40:00,405.2,405.6,404.7,404.7,404.276557428634,404.97320528039165,401.9856543186921,407.57219143997844,Down,865
2025-11-14 15:50:00,404.7,404.9,403.8,403.9,404.2423249351218,404.93111879880763,402.00470253442654,407.57219143997844,Down,1079
2025-11-14 16:00:00,403.9,404.7,403.1,403.7,404.19302266829254,404.88283963022695,402.0215711659248,407.57219143997844,Down,1219
2025-11-14 16:10:00,403.8,403.8,402.6,402.8,404.0663842439023,404.8011596447279,402.02931672646287,407.5584731308503,Down,1286
2025-11-14 16:20:00,402.8,403.3,402.6,402.7,403.9421674944566,404.7187612272876,402.0359901918712,407.16679375531845,Down,737
2025-11-14 16:30:00,402.7,403.8,402.7,403.8,403.9292431767787,404.6827313752371,402.0535425282705,407.16679375531845,Down,789
2025-11-14 16:40:00,403.8,405.5,403.3,404.9,404.01749379707155,404.6912517134631,402.0818654881882,407.16679375531845,Down,1490
2025-11-14 16:50:00,404.9,405.1,404.2,404.8,404.0886307246105,404.69551635215083,402.1089116027336,407.16679375531845,Down,841
2025-11-14 17:00:00,404.8,404.9,402.3,403.4,404.02602793146406,404.6447117893214,402.1217582534527,407.16679375531845,Down,1740
2025-11-14 17:10:00,403.4,404.3,403.0,404.0,404.02366175587645,404.6194289740539,402.1404472260552,407.16679375531845,Down,755
2025-11-14 17:20:00,404.0,404.7,402.8,403.3,403.95787432352404,404.56768666134593,402.15198506460194,407.16679375531845,Down,1096
2025-11-14 17:30:00,403.4,403.6,399.5,399.8,403.5798857486582,404.38071855697945,402.12858222813827,407.16679375531845,Down,4026
2025-11-14 17:40:00,399.8,400.2,398.1,398.3,403.0998961351438,404.14225900572535,402.0904868825847,405.6681510997523,Down,2405
2025-11-14 17:50:00,398.2,399.0,397.5,398.3,402.6635419410398,403.9131508094224,402.0527705951958,404.72104645432034,Down,2781
2025-11-14 18:00:00,398.2,400.7,398.1,400.4,402.4577654009452,403.77538018944506,402.03632511663665,404.72104645432034,Down,2490
2025-11-14 18:10:00,400.4,401.4,400.3,400.7,402.2979685463138,403.6547770447609,402.02302834930697,404.72104645432034,Down,1807
2025-11-14 18:20:00,400.7,402.0,400.5,400.8,402.161789587558,403.54282500378997,402.0108589129955,404.72104645432034,Down,1627
2025-11-14 18:30:00,401.3,402.4,399.8,400.5,402.01071780687096,403.4234985330531,401.9958254909757,404.72104645432034,Down,2085
2025-11-14 18:40:00,400.5,400.5,397.5,398.2,401.66428891533724,403.21865545332554,401.9580560831053,404.72104645432034,Down,3303
2025-11-14 18:50:00,398.2,399.3,397.8,398.0,401.33117174121566,403.0140022982932,401.9186724404874,404.72104645432034,Down,1516
2025-11-14 19:00:00,398.0,398.4,393.5,395.2,400.77379249201425,402.707570835615,401.851819978393,404.31487349257634,Down,3207
2025-11-14 19:10:00,395.1,397.5,394.9,396.3,400.3670840836493,402.45629354794386,401.7965779885583,404.31487349257634,Down,2727
2025-11-14 19:20:00,396.3,397.2,395.1,397.2,400.07916734877205,402.25016438920096,401.75084089414474,404.31487349257634,Down,1912
2025-11-14 19:30:00,397.2,398.5,395.9,396.7,399.7719703170655,402.03251088374213,401.70058377081995,404.31487349257634,Down,2052
2025-11-14 19:40:00,396.7,397.7,395.7,397.4,399.5563366518777,401.85084379026205,401.6577918925033,404.31487349257634,Down,1099
2025-11-14 19:50:00,397.4,398.4,396.8,397.2,399.34212422897974,401.6684577592714,401.61343575426946,404.31487349257634,Down,1053
2025-11-14 20:00:00,397.2,397.3,395.5,396.6,399.0928402081634,401.46969470988824,401.5635508213912,404.31487349257634,Down,1253
2025-11-14 20:10:00,396.6,396.8,393.0,393.5,398.58440018923943,401.15715766244165,401.4833164848599,403.8502152018763,Down,3121
2025-11-14 20:20:00,393.4,394.5,392.0,392.1,397.99490926294493,400.80197500901255,401.3899501516773,402.29565018352395,Down,2239
2025-11-14 20:30:00,392.5,394.9,392.1,394.1,397.6408266026772,400.5391524596395,401.3174133342477,402.29565018352395,Down,1932
2025-11-14 20:40:00,394.1,394.4,392.2,392.5,397.1734787297065,400.22389157886937,401.22967787818556,402.29565018352395,Down,1451
2025-11-14 20:50:00,392.5,392.9,391.2,392.8,396.77588975427864,399.93275857577646,401.1458004863628,401.03305798912385,Down,1978
2025-11-14 21:00:00,389.6,395.3,389.0,394.3,396.55080886752603,399.71186608260876,401.07768306858804,401.03305798912385,Down,7097
2025-11-14 21:10:00,393.8,395.6,393.2,394.0,396.31891715229636,399.4878713342712,401.00725836143795,401.03305798912385,Down,3224
2025-11-14 21:20:00,394.0,395.3,393.6,395.0,396.1990155929967,399.3118763799861,400.9474846463988,401.03305798912385,Down,1200
2025-11-14 21:30:00,395.0,396.2,394.6,395.8,396.16274144817885,399.17415573763367,400.89626589369834,401.03305798912385,Down,1570
2025-11-14 21:40:00,396.0,396.4,394.1,395.2,396.0752194983444,399.0183064930206,400.8395866310745,401.03305798912385,Down,1595
2025-11-14 21:50:00,395.2,396.2,393.3,394.3,395.9138359075858,398.8332748658433,400.77451611733244,401.03305798912385,Down,2246
2025-11-14 22:00:00,394.1,394.6,392.5,394.6,395.7943962796234,398.6672640867906,400.71307814601573,401.03305798912385,Down,1960
2025-11-14 22:10:00,394.4,397.8,393.3,397.3,395.9312693451122,398.6136458873086,400.6791171694385,401.03305798912385,Down,3481
2025-11-14 22:20:00,397.0,398.9,396.5,397.4,396.06479031373834,398.56605193094356,400.6464891379018,401.03305798912385,Down,2238
2025-11-14 22:30:00,397.3,398.1,395.9,397.5,396.1952639215803,398.52424597286733,400.615180788271,401.03305798912385,Down,1453
2025-11-14 22:40:00,397.4,398.5,396.9,397.8,396.34114901961846,398.49584417000983,400.587169039134,401.03305798912385,Down,1376
2025-11-14 22:50:00,397.8,397.8,396.1,397.5,396.44649910874404,398.45679145746044,400.55645093924215,401.03305798912385,Down,1582
2025-11-14 23:00:00,397.5,398.5,396.1,397.2,396.5149991897673,398.4075055179522,400.52305341745864,401.03305798912385,Down,1951
2025-11-14 23:10:00,397.2,399.5,396.9,398.7,396.7136356270612,398.4189758897972,400.5049135824591,401.03305798912385,Down,2500
2025-11-14 23:20:00,398.7,401.4,398.7,400.4,397.04875966096466,398.4966631098051,400.50386966621573,401.03305798912385,Down,3801
2025-11-14 23:30:00,400.2,402.2,399.4,401.5,397.4534178736042,398.6144410270677,400.5137814108305,390.8846670999457,Up,2246
2025-11-14 23:40:00,401.6,401.8,398.2,398.4,397.5394707941856,398.60603157502584,400.4927487599765,390.8846670999457,Up,2566
2025-11-14 23:50:00,398.7,401.5,398.6,401.4,397.8904279947142,398.71559896424054,400.50177613549914,390.8846670999457,Up,1225
2025-11-17 09:00:00,397.2,397.2,395.5,396.4,397.7549345406493,398.6247911617213,400.4609624426086,390.8846670999457,Up,1018
2025-11-17 09:10:00,396.4,396.4,396.0,396.0,397.5953950369539,398.52185817498713,400.4165747566125,390.8846670999457,Up,527
2025-11-17 09:20:00,396.0,396.8,396.0,396.6,397.504904579049,398.44649118773276,400.3785988883875,390.8846670999457,Up,645
2025-11-17 09:30:00,396.6,396.6,396.0,396.2,397.38627689004454,398.3583934940962,400.3370207899956,390.8846670999457,Up,327
2025-11-17 09:40:00,396.2,396.3,396.0,396.3,397.287524445495,398.2776721806023,400.29685142890116,390.8846670999457,Up,231
2025-11-17 09:50:00,396.3,396.4,395.6,395.6,397.1341131322682,398.1726654284218,400.2501165888126,390.8846670999457,Up,365
2025-11-17 10:00:00,395.6,395.7,394.7,395.5,396.9855573929711,398.0678550194641,400.20285174713285,390.8846670999457,Up,822
2025-11-17 10:10:00,395.5,395.5,395.0,395.1,396.8141430845192,397.9514685481126,400.15207710288274,390.8846670999457,Up,204
2025-11-17 10:20:00,395.1,395.8,394.8,395.7,396.7128573495629,397.8631756638729,400.1077778282272,390.8846670999457,Up,599
2025-11-17 10:30:00,395.7,396.3,395.6,396.3,396.675324863239,397.80187465744655,400.069889491628,390.8846670999457,Up,431
2025-11-17 10:40:00,396.3,397.0,395.9,396.4,396.65029533021726,397.74689918068395,400.03337317827845,390.8846670999457,Up,822
2025-11-17 10:50:00,396.4,396.5,396.1,396.4,396.62754120928844,397.6940796049709,399.9972202113304,390.8846670999457,Up,286
2025-11-17 11:00:00,396.3,398.1,396.3,397.7,396.72503746298946,397.694311777325,399.97436229877985,391.1405157483365,Up,897
2025-11-17 11:10:00,397.7,400.0,397.3,398.0,396.84094314817224,397.7062995507633,399.95471690277213,392.15955977121496,Up,2086
2025-11-17 11:20:00,398.0,399.4,397.1,399.3,397.06449377106566,397.7687976075961,399.9482023067246,392.15955977121496,Up,762
2025-11-17 11:30:00,399.3,400.8,398.6,399.3,397.2677216100597,397.82884476023946,399.94175253252837,392.77566923240914,Up,1877
2025-11-17 11:40:00,399.3,399.4,396.6,397.1,397.25247419096337,397.8002626127791,399.91347638792615,392.77566923240914,Up,1562
2025-11-17 11:50:00,397.1,399.0,397.0,398.3,397.3477038099667,397.819860157376,399.89742189650406,392.77566923240914,Up,611
2025-11-17 12:00:00,398.3,398.9,397.3,398.3,397.4342761908788,397.83868917081224,399.88152715126523,392.77566923240914,Up,403
2025-11-17 12:10:00,398.3,398.9,397.3,397.3,397.42206926443527,397.8175641052902,399.8558403139392,392.77566923240914,Up,262
2025-11-17 12:20:00,397.3,397.5,396.9,397.1,397.3927902403957,397.7894243364553,399.8284190172831,392.77566923240914,Up,245
2025-11-17 12:30:00,397.1,397.9,396.8,397.4,397.393445673087,397.77415279384917,399.80425564397683,392.77566923240914,Up,457
2025-11-17 12:40:00,397.4,398.5,397.3,398.5,397.4940415209882,397.8026173901688,399.79127797587756,392.77566923240914,Up,360
2025-11-17 12:50:00,398.5,399.2,397.9,399.2,397.64912865544386,397.85741670820136,399.78539461293354,392.77566923240914,Up,612
2025-11-17 13:00:00,399.1,399.4,398.3,398.5,397.72648059585805,397.88261605297777,399.772604616785,392.77566923240914,Up,304
2025-11-17 13:10:00,398.5,398.9,398.1,398.1,397.7604369053255,397.8911409136453,399.7559617847772,392.77566923240914,Up,214
2025-11-17 13:20:00,398.1,398.2,397.5,397.8,397.7640335502959,397.887566760169,399.736499478461,392.77566923240914,Up,270
2025-11-17 13:30:00,398.0,398.4,397.8,398.0,397.78548504572353,397.8919759068291,399.7192208766853,392.81615165781454,Up,171
2025-11-17 13:40:00,398.0,399.2,397.9,398.9,397.88680458702135,397.931506263424,399.711069425176,393.2737742343768,Up,343
2025-11-17 13:50:00,398.9,399.6,398.7,399.5,398.03345871547396,397.99301582172114,399.7089692318907,394.026158394888,Up,542
2025-11-17 14:00:00,399.5,399.5,398.6,398.6,398.0849624686127,398.0168191228301,399.6979347121704,394.0646894498982,Up,289
2025-11-17 14:10:00,398.6,398.9,398.4,398.5,398.1226931532843,398.03576739252304,399.6860149637906,394.0646894498982,Up,146
2025-11-17 14:20:00,398.5,399.1,398.4,398.7,398.1751755938948,398.06181573007115,399.6762038696236,394.2100739255357,Up,162
2025-11-17 14:30:00,398.8,399.3,398.7,398.7,398.2228869035407,398.086842564186,399.66649039828405,394.6546126595779,Up,130
2025-11-17 14:40:00,398.7,399.3,398.6,398.7,398.26626082140064,398.11088795382574,399.6568735784007,394.74510241779814,Up,119
2025-11-17 14:50:00,398.7,399.0,398.5,398.8,398.31478256490965,398.13791195563647,399.648347473143,394.74554765254373,Up,176
2025-11-17 15:00:00,398.8,398.9,398.1,398.1,398.2952568771906,398.1364252122782,399.6329410306242,394.74554765254373,Up,300
2025-11-17 15:10:00,398.1,398.4,397.6,398.2,398.28659716108234,398.13891834120847,399.6186829109165,394.74554765254373,Up,477
2025-11-17 15:20:00,398.2,399.6,398.0,398.6,398.31508832825665,398.15699997488656,399.60854676254917,394.74554765254373,Up,842
2025-11-17 15:30:00,398.6,400.7,398.6,400.1,398.4773530256879,398.23319605430277,399.6134368445139,395.1633581398427,Up,1647
2025-11-17 15:40:00,400.1,400.3,399.6,399.9,398.60668456880717,398.29856091491837,399.6162882191954,395.6166892180389,Up,750
2025-11-17 15:50:00,400.0,400.1,398.2,398.4,398.587895062552,398.3025389182549,399.6041858488552,395.6166892180389,Up,1129
2025-11-17 16:00:00,398.4,399.0,397.6,398.5,398.57990460231997,398.31028249008807,399.593198924986,395.6166892180389,Up,870
2025-11-17 16:10:00,398.5,399.0,397.7,399.0,398.6180950930181,398.3373302355748,399.58729644812047,395.6166892180389,Up,827
2025-11-17 16:20:00,399.0,399.1,398.3,398.7,398.6255409936528,398.3515525792778,399.5784676277412,395.6166892180389,Up,313
2025-11-17 16:30:00,398.7,398.7,397.7,398.6,398.62321908513894,398.36129561538456,399.56873163144525,395.6166892180389,Up,507
2025-11-17 16:40:00,398.6,398.6,397.2,397.6,398.5301991683081,398.3314408853695,399.54914226197815,395.6166892180389,Up,753
2025-11-17 16:50:00,397.6,397.6,396.3,396.9,398.3819992439164,398.27530594868836,399.5227826374809,395.6166892180389,Up,1153
2025-11-17 17:00:00,396.9,398.1,396.0,397.4,398.29272658537855,398.24098022521036,399.50166042218257,395.6166892180389,Up,1400
2025-11-17 17:10:00,397.2,397.2,395.5,395.9,398.0752059867078,398.14917707912366,399.46582300504645,395.6166892180389,Up,1802
2025-11-17 17:20:00,396.0,396.2,395.4,395.9,397.87745998791615,398.06097405641293,399.43034217912566,395.6166892180389,Up,1471
2025-11-17 17:30:00,395.8,397.7,395.5,396.0,397.7067818071965,397.98015154439673,399.3962094211244,395.6166892180389,Up,1914
2025-11-17 17:40:00,396.0,396.0,393.8,394.8,397.44252891563315,397.8554397191263,399.35047599404857,400.6312116543308,Down,2575
2025-11-17 17:50:00,394.7,395.1,393.6,394.0,397.12957174148465,397.70424600465077,399.29723742694364,400.10564695848257,Down,1880
2025-11-17 18:00:00,394.0,396.2,393.3,396.2,397.04506521953147,397.6452559652527,399.2664191440885,400.10564695848257,Down,2510
2025-11-17 18:10:00,396.2,396.2,394.4,394.5,396.8136956541195,397.52191259406635,399.2189920879284,400.10564695848257,Down,1119
2025-11-17 18:20:00,394.5,396.5,393.6,396.0,396.7397233219268,397.4622297472402,399.1869623159092,400.10564695848257,Down,1585
2025-11-17 18:30:00,395.5,396.3,394.2,394.7,396.55429392902437,397.3539070120543,399.14231592470617,400.10564695848257,Down,1668
2025-11-17 18:40:00,394.7,397.9,394.5,397.1,396.60390357184036,397.3439498743267,399.1219943732166,400.10564695848257,Down,2322
2025-11-17 18:50:00,397.1,397.7,396.7,396.7,396.61263961076395,397.31869693807863,399.09789492671695,400.10564695848257,Down,1307
2025-11-17 19:00:00,396.7,397.1,393.3,393.5,396.3296723734217,397.1689441169775,399.04219447968495,400.10564695848257,Down,3366
2025-11-17 19:10:00,393.7,394.0,391.7,392.6,395.9906112485652,396.9897698378804,398.9780930420761,400.10564695848257,Down,3867
2025-11-17 19:20:00,392.5,393.2,391.1,393.2,395.73691931687745,396.8411514128655,398.9205995789709,400.10564695848257,Down,2255
2025-11-17 19:30:00,392.8,393.6,392.1,392.9,395.4790175607976,396.68659645549826,398.8606931154986,400.10564695848257,Down,1737
2025-11-17 19:40:00,393.0,395.9,392.6,395.5,395.4809250552705,396.640063261165,398.82725338300605,400.10564695848257,Down,2821
2025-11-17 19:50:00,395.2,396.6,394.6,396.2,395.5462955047914,396.6228058783742,398.80111155829957,400.10564695848257,Down,2797
2025-11-17 20:00:00,396.2,398.6,396.1,398.1,395.77845045890126,396.68073505961445,398.7941353238886,400.10564695848257,Down,3551
2025-11-17 20:10:00,398.3,398.6,396.8,398.4,396.01677314445567,396.7481572141394,398.79021357937233,400.10564695848257,Down,3086
2025-11-17 20:20:00,398.4,400.1,397.8,399.3,396.3152483131415,396.8482294802516,398.7952860810701,400.10564695848257,Down,3341
2025-11-17 20:30:00,399.4,399.7,398.0,398.6,396.52295301194687,396.916926363379,398.79334293598487,400.10564695848257,Down,2650
2025-11-17 20:40:00,398.6,401.6,398.6,400.5,396.8845027381335,397.0574390550112,398.8103245983134,391.44545619420046,Up,3462
2025-11-17 20:50:00,400.7,402.3,400.0,401.9,397.3404570346668,397.24734340579505,398.8410676371362,392.4458692674549,Up,2529
2025-11-17 21:00:00,401.9,402.2,400.8,401.6,397.72768821333347,397.4180358212541,398.8685197004483,393.07806297041355,Up,1540
2025-11-17 21:10:00,401.6,401.8,399.3,399.5,397.8888074666668,397.4996814753226,398.8748030865135,393.07806297041355,Up,2999
2025-11-17 21:20:00,399.5,400.4,396.9,397.5,397.8534613333334,397.4996939664864,398.8611234538119,393.07806297041355,Up,3440
2025-11-17 21:30:00,397.5,397.7,395.4,396.1,397.6940557575758,397.4448040070164,398.8336495885999,393.07806297041355,Up,3273
2025-11-17 21:40:00,396.1,397.4,394.8,396.3,397.56732341597797,397.39990973223144,398.80843914493227,393.07806297041355,Up,3242
2025-11-17 21:50:00,396.2,397.5,395.9,397.4,397.5521121963436,397.3999132721439,398.7944248250822,393.07806297041355,Up,1721
2025-11-17 22:00:00,397.4,397.4,394.9,395.3,397.34737472394875,397.31756373205985,398.7596544288128,393.07806297041355,Up,2396
2025-11-17 22:10:00,395.4,396.1,395.1,395.6,397.1885224763171,397.25020829158694,398.7282150812624,393.07806297041355,Up,734
2025-11-17 22:20:00,395.6,397.3,394.8,397.0,397.1713840693792,397.2403962017208,398.7110189112996,393.07806297041355,Up,1562
2025-11-17 22:30:00,397.2,397.2,394.7,395.0,396.97398551761745,397.1525375271435,398.6740933499932,393.07806297041355,Up,2116
2025-11-17 22:40:00,395.0,395.4,393.1,393.6,396.6672595614704,397.01322233000064,398.6236048589485,393.07806297041355,Up,2319
2025-11-17 22:50:00,393.7,394.5,392.6,393.8,396.4065996013367,396.8872136111771,398.57560879070024,393.07806297041355,Up,1955
2025-11-17 23:00:00,393.9,395.3,393.4,393.9,396.1787269103061,396.7700679793663,398.529085320146,393.07806297041355,Up,1484
2025-11-17 23:10:00,393.9,394.1,391.9,393.2,395.9079335548237,396.6300653135088,398.47605959556745,393.07806297041355,Up,3142
2025-11-17 23:20:00,393.2,393.7,392.1,393.1,395.6526668680216,396.49163137964575,398.4225664652633,393.07806297041355,Up,1586
2025-11-17 23:30:00,393.0,394.5,393.0,394.3,395.5296971527469,396.4056850510322,398.38154590341986,393.07806297041355,Up,1349
2025-11-17 23:40:00,394.3,397.5,393.9,396.6,395.6269974115881,396.41330524510937,398.36381907851023,393.07806297041355,Up,4328
2025-11-17 23:50:00,396.6,396.9,393.0,393.5,395.4336340105346,396.2990579805953,398.3154228687738,393.07806297041355,Up,1430
2025-11-18 09:00:00,391.8,391.8,385.4,387.1,394.67603091866783,395.9383106088073,398.2038266213233,400.09772758720254,Down,2090
2025-11-18 09:10:00,387.1,387.1,386.2,386.8,393.96002810787985,395.5799454868933,398.09035570966836,397.42975235200225,Down,1004
2025-11-18 09:20:00,386.8,387.1,386.4,386.6,393.2909346435271,395.2277907619171,397.97602381205974,396.8043203200021,Down,1328
2025-11-18 09:30:00,386.6,386.6,385.6,386.2,392.6463042213883,394.8737597516458,397.8588494457706,395.6039275636383,Down,1093
2025-11-18 09:40:00,386.2,386.8,386.2,386.6,392.09664020126206,394.54929858491465,397.7468210930764,395.3581159669439,Down,312
2025-11-18 09:50:00,386.6,386.7,386.0,386.3,391.56967291023824,394.2257966796239,397.63292237573233,394.6573781517672,Down,512
2025-11-18 10:00:00,386.5,386.6,385.9,386.1,391.0724299183984,393.9071379863053,397.51816692920767,394.05670741069747,Down,406
2025-11-18 10:10:00,386.1,386.1,385.6,385.7,390.584027198544,393.5852894378228,397.40057322841955,393.1288249188159,Down,272
2025-11-18 10:20:00,385.7,386.0,385.1,385.9,390.15820654413085,393.2839055383003,397.28613966395767,392.4943862898326,Down,470
2025-11-18 10:30:00,385.9,385.9,384.4,384.6,389.65291504011896,392.94336022307283,397.15990941854517,392.00853299075686,Down,630
2025-11-18 10:40:00,384.7,385.5,384.5,385.2,389.24810458192627,392.6396990378543,397.0409053447288,391.59866635523355,Down,442
2025-11-18 10:50:00,385.2,385.5,384.9,385.5,388.90736780175115,392.3597108402914,396.9260704656768,391.4169694138487,Down,214
2025-11-18 11:00:00,385.5,387.3,385.3,387.1,388.7430616379556,392.15344767008395,396.82829862024715,391.4169694138487,Down,579
2025-11-18 11:10:00,387.0,387.8,386.3,387.2,388.6027833072323,391.95919482027676,396.73249465387653,391.4169694138487,Down,1056
2025-11-18 11:20:00,387.2,387.3,385.1,385.2,388.29343937021116,391.69412835673654,396.6177434632907,391.4169694138487,Down,565
2025-11-18 11:30:00,385.2,386.3,385.1,385.6,388.0485812456465,391.45514293098216,396.5081141750988,391.4169694138487,Down,462
2025-11-18 11:40:00,385.7,385.7,383.0,383.3,387.61689204149684,391.13533340427693,396.376690153456,391.1564634270192,Down,1691
2025-11-18 11:50:00,383.3,385.0,383.0,385.0,387.3789927649971,390.8947320943053,396.26348925640673,390.9149667518356,Down,812
2025-11-18 12:00:00,385.0,385.0,383.9,384.8,387.1445388772701,390.65572299256786,396.14942468669125,390.9149667518356,Down,573
2025-11-18 12:10:00,384.8,385.5,384.8,385.3,386.97685352479107,390.44569463991814,396.0414702121968,390.9149667518356,Down,299
2025-11-18 12:20:00,385.3,385.4,384.7,384.7,386.76986684071915,390.22037328148997,395.9286197623242,390.9149667518356,Down,133
2025-11-18 12:30:00,384.7,385.4,384.5,385.0,386.60896985519923,390.01565276064724,395.819877277127,390.74258708546927,Down,128
2025-11-18 12:40:00,385.0,385.0,384.1,384.5,386.41724532290834,389.7993526523866,395.7072416823297,390.14326098679027,Down,207
2025-11-18 12:50:00,384.5,385.0,384.3,385.0,386.28840483900757,389.61114274444986,395.60070196409754,389.9893281698093,Down,121
2025-11-18 13:00:00,384.8,385.4,384.6,385.3,386.19854985364327,389.44207832309894,395.4982074171911,389.9893281698093,Down,165
2025-11-18 13:10:00,385.3,385.5,384.8,384.8,386.0714089578575,389.2600360359186,395.3917575921445,389.9893281698093,Down,163
2025-11-18 13:20:00,384.8,385.0,384.7,384.8,385.955826325325,389.085132661961,395.2863669693371,389.4424328849056,Down,119
2025-11-18 13:30:00,384.8,385.9,384.5,385.8,385.94166029575,388.95630393011936,395.1919752581995,389.4424328849056,Down,332
2025-11-18 13:40:00,385.8,386.2,385.6,386.2,385.9651457234091,388.8482135799186,395.10250286757065,389.4424328849056,Down,277
2025-11-18 13:50:00,386.2,386.5,385.8,386.1,385.9774052030992,388.74044049835317,395.0129257246098,389.4424328849056,Down,246
2025-11-18 14:00:00,386.1,386.5,385.8,386.1,385.98855018463564,388.6368938121432,394.9242398965042,389.4424328849056,Down,190
2025-11-18 14:10:00,386.0,386.4,386.0,386.3,386.0168638042142,388.54525091754937,394.8384265642007,389.4424328849056,Down,147
2025-11-18 14:20:00,386.3,386.7,386.1,386.4,386.05169436746746,388.4611234305866,394.7544621207758,389.4424328849056,Down,173
2025-11-18 14:30:00,386.3,386.5,385.5,385.8,386.02881306133406,388.356765648995,394.665362995196,389.4424328849056,Down,220
2025-11-18 14:40:00,385.8,385.9,385.4,385.6,385.98983005575826,388.24865719217166,394.5751603783284,389.31071098538035,Down,209
2025-11-18 14:50:00,385.6,386.2,385.3,385.8,385.97257277796206,388.15263141992966,394.48784534968837,389.31071098538035,Down,157
2025-11-18 15:00:00,385.8,386.3,385.7,386.3,386.00233888905643,388.0799792073834,394.40637425168154,389.31071098538035,Down,261
2025-11-18 15:10:00,386.3,386.6,385.7,386.1,386.0112171718695,388.00233296395663,394.3237237616151,389.31071098538035,Down,254
2025-11-18 15:20:00,386.1,387.4,385.8,386.9,386.09201561079044,387.9591042202721,394.2498558634896,389.31071098538035,Down,640
2025-11-18 15:30:00,386.9,387.2,386.6,386.7,386.14728691890036,387.90972758418303,394.17473291957424,389.31071098538035,Down,609
2025-11-18 15:40:00,386.7,387.0,386.3,386.5,386.17935174445483,387.85444414950916,394.09836741788695,389.31071098538035,Down,377
2025-11-18 15:50:00,386.5,386.7,386.1,386.4,386.1994106767771,387.7974071240382,394.0217667470622,389.31071098538035,Down,342
2025-11-18 16:00:00,386.4,386.9,386.2,386.6,386.23582788797916,387.75044998191913,393.94791832171836,389.31071098538035,Down,312
2025-11-18 16:10:00,386.6,386.8,386.0,386.0,386.21438898907195,387.681804884589,393.86883455732317,389.31071098538035,Down,496
2025-11-18 16:20:00,385.9,386.0,384.6,384.9,386.09489908097447,387.57271449695804,393.77959242242446,388.90548222631935,Down,1024
2025-11-18 16:30:00,384.7,385.5,384.7,385.1,386.00445370997676,387.47574530099894,393.69322831871875,388.66862020574484,Down,516
2025-11-18 16:40:00,385.1,385.5,385.0,385.3,385.9404124636152,387.39042195586177,393.6097136090798,388.66862020574484,Down,376
2025-11-18 16:50:00,385.3,385.9,385.0,385.4,385.891284057832,387.3123661928868,393.5280249164521,388.66862020574484,Down,436
2025-11-18 17:00:00,385.4,386.1,385.3,385.3,385.8375309616655,387.23344987159714,393.4461540217611,388.66862020574484,Down,248
2025-11-18 17:10:00,385.3,386.7,385.3,385.6,385.81593723787773,387.1693930138875,393.368082837465,388.66862020574484,Down,829
2025-11-18 17:20:00,385.6,386.2,385.1,385.3,385.7690338526161,387.0960834839311,393.2878034062465,388.66862020574484,Down,500
2025-11-18 17:30:00,385.2,385.2,384.2,384.3,385.63548532056006,386.98643315122797,393.1983725265824,388.4537564925762,Down,922
2025-11-18 17:40:00,384.3,384.3,383.4,383.7,385.45953210960005,386.8575534198073,393.1038613571637,387.5897786296148,Down,1330
2025-11-18 17:50:00,383.7,383.7,382.1,382.4,385.18139282690913,386.68274740334425,392.9973552740079,386.88161693601336,Down,1636
2025-11-18 18:00:00,382.5,382.5,379.7,380.0,384.71035711537195,386.4206788777229,392.86802835585854,385.73783357819406,Down,4211
2025-11-18 18:10:00,380.0,380.3,378.5,380.3,384.309415559429,386.1806522550671,392.74297334734257,384.27075779835815,Down,2782
2025-11-18 18:20:00,380.3,381.6,379.9,381.0,384.00855959948086,385.9774894215351,392.6261278413989,384.27075779835815,Down,2347
2025-11-18 18:30:00,381.0,383.2,381.0,382.1,383.83505418134627,385.82543101284745,392.5213902509372,384.27075779835815,Down,2963
2025-11-18 18:40:00,382.2,382.6,380.2,381.4,383.6136856194057,385.6518846986181,392.4107296514254,384.27075779835815,Down,1763
2025-11-18 18:50:00,381.4,384.2,381.3,384.1,383.6578960176416,385.5910264751429,392.3280358240481,384.27075779835815,Down,2167
2025-11-18 19:00:00,384.3,384.8,383.0,383.5,383.6435418342196,385.509025436902,392.24019467157,384.27075779835815,Down,2152
2025-11-18 19:10:00,383.5,385.2,382.5,383.5,383.63049257656326,385.430240125651,392.15322756041013,384.27075779835815,Down,1827
2025-11-18 19:20:00,383.5,384.7,381.0,381.4,383.4277205241484,385.2721914932725,392.04623027125183,384.27075779835815,Down,1809
2025-11-18 19:30:00,381.6,383.7,380.3,382.0,383.29792774922583,385.1438702582422,391.94626778099064,384.27075779835815,Down,2632
2025-11-18 19:40:00,382.0,382.5,380.9,381.8,383.1617524992962,385.01273809125234,391.8453098926226,384.27075779835815,Down,1085
2025-11-18 19:50:00,381.8,383.8,381.8,382.8,383.1288659084511,384.9259640484581,391.75530680911396,384.27075779835815,Down,1599
2025-11-18 20:00:00,382.8,382.8,378.9,379.0,382.7535144622282,384.69357330145976,391.6283883334014,384.27075779835815,Down,2946
2025-11-18 20:10:00,379.0,379.4,377.4,378.3,382.34864951111655,384.44284493669664,391.4957675539646,384.27075779835815,Down,3060
2025-11-18 20:20:00,378.2,378.7,376.8,376.9,381.85331773737863,384.14704709604183,391.3505360360147,384.27075779835815,Down,1841
2025-11-18 20:30:00,377.0,377.5,375.8,377.5,381.4575615794351,383.8863785824716,391.2127197570494,384.27075779835815,Down,1733
2025-11-18 20:40:00,377.5,379.0,377.0,377.0,381.0523287085773,383.6163245204139,391.0712996599643,384.27075779835815,Down,2169
2025-11-18 20:50:00,376.8,377.4,376.6,377.3,380.71120791688844,383.3686255196134,390.93427180265127,384.27075779835815,Down,906
2025-11-18 21:00:00,377.3,378.3,376.8,377.4,380.4101890153531,383.1345617737462,390.7996024314806,384.27075779835815,Down,926
2025-11-18 21:10:00,377.4,378.7,377.3,378.1,380.2001718321392,382.93712797869733,390.6732382281823,384.27075779835815,Down,1052
2025-11-18 21:20:00,378.1,378.2,375.5,376.3,379.84561075649015,382.676848450121,390.5302209323795,384.27075779835815,Down,1930
2025-11-18 21:30:00,376.3,379.2,376.3,378.8,379.75055523317286,382.52481517756723,390.41350231613694,384.27075779835815,Down,2270
2025-11-18 21:40:00,378.8,379.6,377.1,379.4,379.7186865756117,382.4022734058979,390.3039152284142,384.27075779835815,Down,1739
2025-11-18 21:50:00,379.4,379.5,378.1,379.2,379.6715332505561,382.27669405664705,390.1934285097235,384.27075779835815,Down,1148
2025-11-18 22:00:00,379.3,379.5,377.3,379.2,379.62866659141457,382.15603938775894,390.0840411613681,384.27075779835815,Down,1637
2025-11-18 22:10:00,379.2,379.2,378.1,378.6,379.53515144674054,382.0165868627488,389.96977209508583,384.27075779835815,Down,526
2025-11-18 22:20:00,378.6,379.3,378.1,379.1,379.4955922243096,381.9022109073469,389.86161515881633,384.27075779835815,Down,721
2025-11-18 22:30:00,379.1,379.2,377.7,378.1,379.3687202039178,381.75310459725483,389.7445841622112,384.27075779835815,Down,789
2025-11-18 22:40:00,378.1,378.2,376.8,377.5,379.19883654901616,381.58631618167624,389.62274750388076,384.27075779835815,Down,918
2025-11-18 22:50:00,377.5,378.9,377.1,378.4,379.1262150445601,381.4613626059242,389.51107837448893,384.27075779835815,Down,1007
2025-11-18 23:00:00,378.4,379.7,377.7,379.7,379.17837731323647,381.3922895625546,389.413455704096,384.27075779835815,Down,1155
2025-11-18 23:10:00,379.7,382.0,379.1,381.7,379.40761573930587,381.4043566385328,389.33670490107016,384.27075779835815,Down,2696
2025-11-18 23:20:00,381.7,383.5,380.9,382.5,379.6887415811871,381.4473230448649,389.26867798663164,384.27075779835815,Down,1889
2025-11-18 23:30:00,382.4,383.8,382.3,382.9,379.98067416471554,381.5042907685957,389.2053080564164,384.27075779835815,Down,1693
2025-11-18 23:40:00,383.0,386.4,382.8,385.8,380.50970378610504,381.67274995414095,389.1714243941636,376.24724851305695,Up,3669
2025-11-18 23:50:00,385.9,388.2,385.4,388.2,381.20882162373186,381.92872054417467,389.16175847979383,378.18840773914263,Up,1928
2025-11-19 09:00:00,387.4,388.7,387.2,387.7,381.7989287488471,382.15504522871686,389.1472136192984,379.57582521740244,Up,1254
2025-11-19 09:10:00,387.7,388.3,387.5,387.5,382.3172079534974,382.36465129817896,389.1308234340317,379.9962047430931,Up,597
2025-11-19 09:20:00,387.5,387.8,387.4,387.8,382.81564359408856,382.5778022276621,389.1175814098125,380.26927703917556,Up,405
2025-11-19 09:30:00,387.9,388.1,387.1,387.2,383.2142214491714,382.75906488540085,389.0985009977746,380.57207003561416,Up,504
2025-11-19 09:40:00,387.2,387.8,387.2,387.4,383.594746771974,382.9410623408753,389.0816004903341,380.8927909414674,Up,271
2025-11-19 09:50:00,387.4,387.7,387.3,387.5,383.94976979270365,383.1198442098606,389.0658631720223,381.34799176497035,Up,214
2025-11-19 10:00:00,387.5,388.6,387.4,388.0,384.3179725388215,383.3112228682974,389.0552575683206,381.9709016045185,Up,506
2025-11-19 10:10:00,388.0,388.5,388.0,388.3,384.6799750352923,383.5068611871877,389.04774256764085,382.587183276835,Up,232
2025-11-19 10:20:00,388.3,388.4,388.0,388.3,385.0090682139021,383.69482741514116,389.04030234308726,382.9065302516682,Up,242
2025-11-19 10:30:00,388.3,388.4,387.7,388.0,385.2809711035473,383.8636577125866,389.02995107599185,382.9832093196983,Up,164
2025-11-19 10:40:00,388.0,389.2,388.0,389.2,385.63724645777023,384.0729260375832,389.03164310508646,383.5574630179076,Up,373
2025-11-19 10:50:00,389.2,389.5,388.4,388.6,385.906587688882,384.2504583498349,389.02734814881694,383.96587547082504,Up,309
2025-11-19 11:00:00,388.6,389.2,388.2,389.0,386.1878069898927,384.4367148851355,389.0270760279332,383.96587547082504,Up,268
2025-11-19 11:10:00,389.0,389.3,387.5,387.7,386.3252790817206,384.56468685042427,389.0138712913369,383.96587547082504,Up,800
2025-11-19 11:20:00,387.7,388.9,387.4,387.7,386.4502537106551,384.6876403072704,389.00079794515443,383.96587547082504,Up,412
2025-11-19 11:30:00,387.7,388.5,384.5,386.5,386.4547761005955,384.75871323639706,388.9759143835111,383.96587547082504,Up,1396
2025-11-19 11:40:00,386.5,388.6,385.7,387.5,386.54979645508683,384.866214678107,388.96122866825226,383.96587547082504,Up,994
2025-11-19 11:50:00,387.5,388.3,387.3,387.8,386.6634513228062,384.9812650828871,388.9496741541403,383.96587547082504,Up,247
2025-11-19 12:00:00,387.8,388.4,387.5,388.0,386.78495574800564,385.0996468443425,388.9402246600693,383.96587547082504,Up,183
2025-11-19 12:10:00,388.0,388.3,387.9,388.2,386.9135961345506,385.22122932103497,388.93285924056613,383.96587547082504,Up,131
2025-11-19 12:20:00,388.2,388.2,387.3,387.7,386.985087395046,385.3184360143277,388.9205919844411,383.96587547082504,Up,183
2025-11-19 12:30:00,387.7,388.5,387.7,388.2,387.09553399549634,385.4314385235698,388.9134219149442,383.96587547082504,Up,188
2025-11-19 12:40:00,388.2,388.2,387.7,387.8,387.1595763595421,385.52432328735136,388.9023430899199,383.96587547082504,Up,96
2025-11-19 12:50:00,387.8,388.8,387.7,388.7,387.29961487231094,385.6488596290239,388.9003297258411,383.96587547082504,Up,219
2025-11-19 13:00:00,388.7,388.9,388.3,388.8,387.4360135202827,385.772433761219,388.89933142011137,383.96587547082504,Up,224
2025-11-19 13:10:00,388.8,388.8,388.3,388.8,387.5600122911661,385.89116184901434,388.89834304777196,384.05549550138153,Up,91
2025-11-19 13:20:00,388.8,389.1,388.5,388.5,387.6454657192419,385.9934692274844,388.8943794353563,384.49590500125595,Up,215
2025-11-19 13:30:00,388.7,388.9,388.4,388.5,387.72315065385624,386.0917645518968,388.8904552618702,384.5553681829599,Up,160
2025-11-19 13:40:00,388.5,388.6,387.5,388.3,387.77559150350567,386.1783620204499,388.8845800851352,384.5553681829599,Up,257
2025-11-19 13:50:00,388.3,388.7,388.0,388.5,387.8414468213688,386.26940664709895,388.88075341762146,384.5553681829599,Up,138
2025-11-19 14:00:00,388.5,389.8,388.5,388.8,387.9285880194262,386.36864560211467,388.8799499010282,385.0389317678136,Up,371
2025-11-19 14:10:00,388.8,389.0,388.0,388.2,387.953261835842,386.4404634216396,388.87318423037124,385.0389317678136,Up,245
2025-11-19 14:20:00,388.3,388.8,388.1,388.8,388.03023803258367,386.53299426784986,388.872456029074,385.0389317678136,Up,97
2025-11-19 14:30:00,388.8,388.8,388.2,388.7,388.0911254841669,386.6179748847969,388.8707400486852,385.0389317678136,Up,82
2025-11-19 14:40:00,388.7,389.8,388.7,389.6,388.2282958946972,386.73491704617743,388.8779963666087,385.3601644476563,Up,291
2025-11-19 14:50:00,389.6,389.9,389.3,389.6,388.3529962679066,386.84727324044496,388.88518048236386,385.84560404332393,Up,172
2025-11-19 15:00:00,389.6,390.7,389.5,390.1,388.51181478900594,386.9748311525844,388.8972682387583,386.25054913029453,Up,535
2025-11-19 15:10:00,390.1,390.1,389.4,389.5,388.60164980818723,387.0738573818948,388.9032655697159,386.25054913029453,Up,306
2025-11-19 15:20:00,389.5,390.3,389.4,389.9,388.71968164380655,387.1846865041735,388.91318332524116,386.25054913029453,Up,323
2025-11-19 15:30:00,389.9,390.4,389.5,390.3,388.8633469489151,387.3068556608726,388.9269824961343,386.25054913029453,Up,367
2025-11-19 15:40:00,390.3,390.4,388.8,389.0,388.87576995355914,387.37325347809326,388.9277090384614,386.25054913029453,Up,568
2025-11-19 15:50:00,389.0,389.7,388.4,389.5,388.9325181395992,387.45665530248175,388.9334034758897,386.25054913029453,Up,626
2025-11-19 16:00:00,389.5,390.9,389.0,390.4,389.0659255814538,387.57208058473736,388.9479964761296,386.25054913029453,Up,648
2025-11-19 16:10:00,390.3,392.0,390.2,391.3,389.26902325586707,387.718273502983,388.9713994962676,386.4437395352535,Up,1360
2025-11-19 16:20:00,391.1,391.7,390.8,391.4,389.4627484144246,387.8626549342386,388.99556467540924,386.6897632138668,Up,655
2025-11-19 16:30:00,391.4,392.2,391.0,391.4,389.63886219493145,388.0013743485822,389.01948940500716,387.0179665580607,Up,976
2025-11-19 16:40:00,391.4,391.7,391.0,391.2,389.78078381357403,388.1268106486378,389.04118602784297,387.0179665580607,Up,483
2025-11-19 16:50:00,391.2,391.2,390.6,391.0,389.8916216487037,388.23948474084807,389.0606767141331,387.0179665580607,Up,511
2025-11-19 17:00:00,391.0,391.2,389.8,390.1,389.91056513518515,388.31244612355994,389.07101823936557,387.0179665580607,Up,682
2025-11-19 17:10:00,390.1,390.3,389.1,389.8,389.90051375925924,388.3707815696949,389.07827178922264,387.0179665580607,Up,758
2025-11-19 17:20:00,389.8,391.5,389.6,391.5,390.04592159932656,388.49349601794216,389.10236858733987,387.0179665580607,Up,778
2025-11-19 17:30:00,391.5,391.8,390.4,390.8,390.114474181206,388.58394715449344,389.1192604421922,387.0179665580607,Up,584
2025-11-19 17:40:00,390.8,392.7,390.2,391.9,390.27679471018723,388.71398844255253,389.14692949251867,387.0179665580607,Up,922
2025-11-19 17:50:00,391.9,393.6,391.8,393.3,390.55163155471564,388.89383203304067,389.18825357717026,387.2737016821155,Up,1788
2025-11-19 18:00:00,393.3,394.8,393.3,394.8,390.93784686792327,389.12544646311756,389.24409185003424,388.57154698374126,Up,1722
2025-11-19 18:10:00,394.8,395.7,394.3,394.8,391.28895169811204,389.3479779743679,389.29937451819313,389.5104972579466,Up,1511
2025-11-19 18:20:00,394.8,397.5,394.8,396.6,391.77177427101094,389.63237099498093,389.37201755781314,390.17772477995146,Up,2722
2025-11-19 18:30:00,396.7,399.8,396.7,399.6,392.4834311554645,390.0232584069425,389.47378852738717,391.6570225272286,Up,3584
2025-11-19 18:40:00,399.6,399.8,398.3,398.4,393.02130105042227,390.35175807725847,389.5626065519903,392.51092957020785,Up,1618
2025-11-19 18:50:00,398.4,398.8,397.0,398.5,393.51936459129297,390.6712969761895,389.6515358400302,392.51092957020785,Up,1601
2025-11-19 19:00:00,398.5,399.8,398.2,398.4,393.96305871935726,390.97438336928013,389.7385852346568,392.51092957020785,Up,1319
2025-11-19 19:10:00,398.4,400.9,398.4,400.6,394.56641701759753,391.35185853126916,389.84665901341646,392.7581364163845,Up,2612
2025-11-19 19:20:00,400.5,402.8,400.2,401.8,395.22401547054324,391.7615895692586,389.96559772970085,394.2892149239859,Up,2106
2025-11-19 19:30:00,401.8,402.3,400.0,401.3,395.77637770049387,392.1356448802681,390.0783778517934,394.2892149239859,Up,1281
2025-11-19 19:40:00,401.5,402.0,399.7,400.3,396.18761609135805,392.4558156692772,390.18008553486015,394.2892149239859,Up,1153
2025-11-19 19:50:00,400.2,401.6,400.2,401.5,396.67056008305275,392.81048956459966,390.29272149968745,394.2892149239859,Up,687
2025-11-19 20:00:00,401.5,401.5,399.2,399.4,396.9186909845934,393.06890173853697,390.3833411862577,394.2892149239859,Up,697
2025-11-19 20:10:00,399.4,401.0,398.9,401.0,397.28971907690305,393.37992519977087,390.48897958241434,394.2892149239859,Up,1062
2025-11-19 20:20:00,401.0,401.3,399.6,400.5,397.58156279718463,393.6591438193877,390.58859172587296,394.2892149239859,Up,762
2025-11-19 20:30:00,400.5,400.7,399.3,399.6,397.76505708834964,393.8921185715686,390.67825747984443,394.2892149239859,Up,510
2025-11-19 20:40:00,399.6,401.4,398.9,401.0,398.05914280759055,394.1708590197424,390.7809613855176,394.2892149239859,Up,808
2025-11-19 20:50:00,401.0,403.7,400.8,402.8,398.4901298250823,394.5092567052427,390.9005538095423,394.2892149239859,Up,2115
2025-11-19 21:00:00,402.8,403.1,399.7,400.7,398.6910271137112,394.75203095209594,390.99806073681054,394.2892149239859,Up,1441
2025-11-19 21:10:00,400.8,401.2,399.9,401.0,398.9009337397374,394.9970493461314,391.0975825205239,394.2892149239859,Up,613
2025-11-19 21:20:00,401.0,401.0,398.6,400.0,399.00084885430675,395.19324348942035,391.1861637889764,394.2892149239859,Up,1342
2025-11-19 21:30:00,399.9,401.4,399.5,400.3,399.1189535039152,395.39350845061955,391.2768487263995,394.2892149239859,Up,893
2025-11-19 21:40:00,400.3,401.8,399.5,401.5,399.3354122762865,395.632978707458,391.37857162464434,394.2892149239859,Up,1036
2025-11-19 21:50:00,401.4,403.6,401.0,403.5,399.71401116026044,395.9414893463812,391.4991828522598,394.2892149239859,Up,2057
2025-11-19 22:00:00,403.6,404.8,402.5,403.3,400.0400101456913,396.2300583916212,391.6166039184065,395.065497127342,Up,2259
2025-11-19 22:10:00,403.3,403.8,402.5,403.4,400.3454637688103,396.51123257234195,391.7338516406114,395.065497127342,Up,716
2025-11-19 22:20:00,403.4,403.6,402.5,403.1,400.5958761534639,396.7696156087207,391.8469476441874,395.1256174606132,Up,611
2025-11-19 22:30:00,403.1,403.5,402.6,402.8,400.79625104860355,397.00610127112384,391.95593323976766,395.518743146012,Up,354
2025-11-19 22:40:00,402.8,403.2,402.0,402.6,400.96022822600327,397.22546984872685,392.06184435180984,395.518743146012,Up,519
2025-11-19 22:50:00,402.6,403.2,401.3,403.1,401.1547529327302,397.45584358014935,392.1716767463192,395.518743146012,Up,812
2025-11-19 23:00:00,403.0,404.5,402.8,404.3,401.44068448430016,397.7242418711239,392.29235657968917,396.3847431600391,Up,671
2025-11-19 23:10:00,404.3,407.0,404.2,406.8,401.92789498572745,398.0801539546093,392.43671124058784,397.9770392363992,Up,2126
2025-11-19 23:20:00,406.8,407.0,403.7,403.8,402.0980863506613,398.3044616426638,392.54977879043275,397.9770392363992,Up,1388
2025-11-19 23:30:00,403.8,404.6,402.4,402.8,402.16189668241935,398.48075726452015,392.65177104127423,397.9770392363992,Up,1518
2025-11-19 23:40:00,402.8,404.9,401.3,402.1,402.1562697112903,398.622688352186,392.7457832697193,397.9770392363992,Up,1681
2025-11-19 23:50:00,402.1,402.7,400.0,402.0,402.14206337390027,398.75513194621794,392.8378650282296,397.9770392363992,Up,1307
2025-11-20 09:00:00,403.9,404.9,402.7,402.9,402.2109667035457,398.9176757914643,392.9379857742174,397.9770392363992,Up,662
2025-11-20 09:10:00,402.9,404.2,402.9,404.2,402.39178791231427,399.1248257604265,393.05004561726,397.9770392363992,Up,526
2025-11-20 09:20:00,404.2,404.6,403.6,403.9,402.5288981021039,399.31208749531174,393.1580053623619,397.9770392363992,Up,459
2025-11-20 09:30:00,403.5,404.6,403.5,404.3,402.68990736554895,399.5076919072603,393.2688709806469,397.9770392363992,Up,353
2025-11-20 09:40:00,404.3,405.1,404.2,405.0,402.89991578686266,399.72307653834815,393.3855986325808,397.9770392363992,Up,396
2025-11-20 09:50:00,405.0,405.2,404.5,404.6,403.0544688971479,399.9143284388051,393.4971847158387,397.9770392363992,Up,233
2025-11-20 10:00:00,404.6,404.7,404.3,404.6,403.19497172467993,400.09808026473434,393.6076604898105,397.9770392363992,Up,142
2025-11-20 10:10:00,404.6,404.9,404.5,404.9,403.3499742951636,400.2863908425879,393.72002207697653,398.4879300276899,Up,140
2025-11-20 10:20:00,404.9,404.9,404.3,404.5,403.4545220865123,400.4516304173884,393.8272855388972,398.7344818433545,Up,263
2025-11-20 10:30:00,404.5,404.7,403.9,404.4,403.5404746241021,400.6064684402359,393.93248667781364,398.7344818433545,Up,297
2025-11-20 10:40:00,404.4,405.9,404.3,405.9,403.75497693100186,400.81405791316786,394.0515664123628,399.4061833416153,Up,403
2025-11-20 10:50:00,405.9,406.3,405.7,406.2,403.9772517554562,401.02527132833774,394.1724463485582,400.60562121965023,Up,274
2025-11-20 11:00:00,406.0,406.1,404.1,404.2,403.99750159586927,401.1497704919324,394.2722230018064,400.60562121965023,Up,271
2025-11-20 11:10:00,404.2,404.3,401.1,402.6,403.8704559962448,401.20664223734684,394.35508645452484,400.60562121965023,Up,860
2025-11-20 11:20:00,402.6,402.9,401.3,402.0,403.70041454204073,401.2377543064705,394.4311552460221,400.60562121965023,Up,333
2025-11-20 11:30:00,402.0,402.1,400.1,400.8,403.4367404927643,401.2205874709226,394.49452683561395,400.60562121965023,Up,562
2025-11-20 11:40:00,400.8,402.0,400.7,401.3,403.24249135705844,401.2237016877492,394.5622429865034,400.60562121965023,Up,343
2025-11-20 11:50:00,401.1,401.2,400.3,400.5,402.9931739609622,401.1953212294061,394.62132514584175,406.89549246701057,Down,279
2025-11-20 12:00:00,400.5,402.4,400.5,401.9,402.8937945099657,401.222955690998,394.69374977125625,406.89549246701057,Down,334
