date,open,high,low,close,EMA_21,EMA_50,EMA_200,ST_11_4,ST_DIR_11_4,volume
2025-12-01 09:00:00,347.0,347.0,343.8,344.0,344.0,344.0,344.0,,Up,11
2025-12-01 09:30:00,344.0,345.7,343.7,345.3,344.11818181818177,344.0509803921569,344.0129353233831,332.6,Up,263
2025-12-01 10:00:00,345.3,346.0,344.9,345.5,344.24380165289256,344.1078046905037,344.027731986832,333.81033057851243,Up,208
2025-12-01 10:30:00,345.5,347.7,345.3,347.2,344.51254695717506,344.22906725166047,344.05929684268443,335.04575507137497,Up,233
2025-12-01 11:00:00,347.2,347.2,345.2,345.2,344.57504268834094,344.26714304571306,344.0706471228567,335.0597773376136,Up,179
2025-12-01 11:30:00,345.2,346.8,344.0,346.7,344.76822062576446,344.3625492007832,344.0968098380522,335.0597773376136,Up,130
2025-12-01 12:00:00,346.7,346.8,344.9,346.2,344.89838238705863,344.4346060948701,344.11773710334523,335.0597773376136,Up,126
2025-12-01 12:30:00,346.2,346.2,342.6,343.3,344.753074897326,344.39011173820853,344.1096004157498,335.0597773376136,Up,115
2025-12-01 13:00:00,343.3,343.6,342.5,342.5,344.54824990666,344.3159897092592,344.093584491215,335.0597773376136,Up,87
2025-12-01 13:30:00,342.5,343.2,342.1,342.2,344.33477264241816,344.23300972066085,344.0747428544865,335.0597773376136,Up,53
2025-12-01 14:00:00,342.2,342.9,342.2,342.9,344.2043387658347,344.1807348296545,344.0630538708598,335.0597773376136,Up,28
2025-12-01 14:30:00,342.6,344.2,341.9,342.0,344.003944332577,344.0952158167269,344.0425259716473,335.0597773376136,Up,105
2025-12-01 15:00:00,342.0,343.5,341.6,343.0,343.9126766659791,344.05226617685526,344.0321525788946,335.0597773376136,Up,45
2025-12-01 15:30:00,343.0,343.3,341.9,341.9,343.72970605998097,343.96786358168447,344.01093713034845,335.0597773376136,Up,68
2025-12-01 16:00:00,341.9,343.0,341.6,342.9,343.65427823634633,343.9259865784812,343.999883029549,335.0597773376136,Up,32
2025-12-01 16:30:00,342.9,342.9,341.6,342.0,343.50388930576935,343.85045769305054,343.97998369592165,335.0597773376136,Up,30
2025-12-01 17:00:00,342.3,344.4,342.3,343.5,343.5035357325176,343.83671425410745,343.9752077387483,335.0597773376136,Up,113
2025-12-01 17:30:00,343.5,344.1,342.5,344.0,343.5486688477433,343.8431176166915,343.975454427915,335.11771606489174,Up,74
2025-12-01 18:00:00,344.0,345.5,343.3,345.1,343.68969895249387,343.8924071219193,343.98664393609494,336.16156005899245,Up,145
2025-12-01 18:30:00,345.1,346.0,344.1,345.8,343.88154450226716,343.9672146857656,344.0046872800144,336.86960005362954,Up,130
2025-12-01 19:00:00,346.0,349.5,345.8,349.4,344.3832222747883,344.18026509024537,344.0583719836959,338.8678182305723,Up,403
2025-12-01 19:30:00,349.4,349.5,346.4,348.0,344.7120202498075,344.3300586161181,344.0975921629626,338.8678182305723,Up,279
2025-12-01 20:00:00,348.0,352.4,348.0,349.0,345.1018365907341,344.51319357234877,344.14637234044557,340.3172051492333,Up,416
2025-12-01 20:30:00,349.0,349.0,345.1,346.0,345.1834878097582,344.5714997067665,344.16481639675953,340.3172051492333,Up,260
2025-12-01 21:00:00,346.0,346.6,344.0,346.6,345.31226164523474,344.6510487378737,344.1890470793789,340.3172051492333,Up,268
2025-12-01 21:30:00,346.6,347.7,345.4,346.4,345.4111469502134,344.71963506187865,344.2110466109274,340.3172051492333,Up,103
2025-12-01 22:00:00,346.4,348.9,345.1,347.0,345.5555881365576,344.8090611378834,344.2387973909182,340.3172051492333,Up,162
2025-12-01 22:30:00,347.0,347.6,345.1,345.1,345.51417103323416,344.8204705050253,344.24736657110805,340.3172051492333,Up,136
2025-12-01 23:00:00,345.1,346.5,344.5,345.5,345.5128827574856,344.8471187205145,344.25983058532586,340.3172051492333,Up,62
2025-12-01 23:30:00,345.5,345.7,344.6,345.3,345.49352977953237,344.86487877069044,344.2701805297505,340.3172051492333,Up,83
2025-12-02 00:00:00,345.3,348.0,345.3,348.0,345.72139070866575,344.9878247012516,344.30729316129526,340.3172051492333,Up,170
2025-12-02 09:00:00,348.8,348.8,346.6,346.6,345.8012642806052,345.0510472619868,344.3301061646655,340.3172051492333,Up,11
2025-12-02 09:30:00,346.6,347.8,346.6,347.3,345.93751298236833,345.1392414870069,344.35965734710663,340.3172051492333,Up,134
2025-12-02 10:00:00,347.3,348.7,347.1,347.5,346.0795572566984,345.23182025222235,344.39090453768273,340.3172051492333,Up,160
2025-12-02 10:30:00,347.5,348.2,347.1,347.2,346.18141568790764,345.30900377174305,344.41885573631276,340.3172051492333,Up,81
2025-12-02 11:00:00,347.2,348.8,347.2,348.5,346.39219607991606,345.43414087873356,344.45946413694645,340.3172051492333,Up,64
2025-12-02 11:30:00,348.5,348.9,347.0,348.8,346.6110873453782,345.56613535407735,344.50265354851916,340.3172051492333,Up,280
2025-12-02 12:00:00,348.8,350.0,348.4,349.5,346.87371576852564,345.72040455587825,344.55237838883244,340.9754508341366,Up,194
2025-12-02 12:30:00,349.5,351.0,349.0,350.3,347.18519615320514,345.8999965340791,344.6095686536202,341.79586439466965,Up,145
2025-12-02 13:00:00,350.3,350.5,349.3,349.9,347.43199650291376,346.05685941509563,344.66220976154443,342.00533126788145,Up,112
2025-12-02 13:30:00,349.9,350.4,349.5,350.0,347.6654513662852,346.2114923792096,344.7153221022256,342.4457556980741,Up,36
2025-12-02 14:00:00,350.0,350.5,349.5,349.5,347.8322285148047,346.3404534623778,344.7629308375269,342.81432336188556,Up,29
2025-12-02 14:30:00,349.5,349.9,349.5,349.6,347.9929350134588,346.46827881679434,344.81106087894455,343.0221121471687,Up,26
2025-12-02 15:00:00,349.6,350.5,349.0,350.4,348.2117591031444,346.6224639612338,344.86667221348245,343.1337383156079,Up,87
2025-12-02 15:30:00,350.4,350.4,348.7,349.3,348.3106900937676,346.7274653745187,344.91078492777615,343.1337383156079,Up,142
2025-12-02 16:00:00,349.3,349.7,348.4,348.4,348.3188091761524,346.7930549676749,344.94550348570874,343.1337383156079,Up,60
2025-12-02 16:30:00,348.4,350.0,348.2,348.4,348.32619016013854,346.85607241992295,344.9798765853534,343.1337383156079,Up,85
2025-12-02 17:00:00,348.4,349.3,348.0,349.3,348.41471832739865,346.9519127171809,345.0228628879867,343.1337383156079,Up,91
2025-12-02 17:30:00,349.3,351.4,348.9,350.0,348.55883484308964,347.0714455518013,345.0723866403451,343.3846389128958,Up,262
2025-12-02 18:00:00,350.0,352.3,350.0,352.1,348.8807589482633,347.26864376545615,345.1423131414362,344.1633081026325,Up,306
2025-12-02 18:30:00,352.1,352.5,349.9,350.9,349.06432631660294,347.411049892301,345.1996035579394,344.1633081026325,Up,168
2025-12-02 19:00:00,350.9,351.4,347.0,348.1,348.97666028782083,347.43806754358326,345.22846322402955,344.1633081026325,Up,277
2025-12-02 19:30:00,348.1,349.3,347.7,348.6,348.94241844347346,347.4836335222663,345.26201085364124,344.1633081026325,Up,196
2025-12-02 20:00:00,348.6,351.0,348.4,350.9,349.12038040315764,347.61760867825586,345.3181102481324,344.1633081026325,Up,201
2025-12-02 20:30:00,350.9,351.0,348.8,348.9,349.10034582105243,347.66789853401053,345.35375094218085,344.1633081026325,Up,183
2025-12-02 21:00:00,348.9,351.0,348.8,349.6,349.1457689282295,347.74366721895126,345.39600217658705,344.1633081026325,Up,109
2025-12-02 21:30:00,349.6,351.7,349.5,351.7,349.3779717529359,347.8988175240905,345.4587285230887,344.1633081026325,Up,91
2025-12-02 22:00:00,351.7,352.3,349.9,349.9,349.4254288663053,347.97729526824384,345.5029202790779,344.1633081026325,Up,194
2025-12-02 22:30:00,349.9,351.5,349.9,350.3,349.5049353330048,348.0683817283127,345.55065241560453,344.1633081026325,Up,62
2025-12-02 23:00:00,350.3,352.4,350.3,350.8,349.6226684845498,348.17550401347694,345.60288472987713,344.1633081026325,Up,76
2025-12-02 23:30:00,350.8,351.8,350.8,351.0,349.74788044049984,348.28626856196803,345.6565873693808,344.1633081026325,Up,62
2025-12-03 00:00:00,351.0,351.7,349.5,349.5,349.72534585499983,348.3338658732634,345.6948302811283,344.1633081026325,Up,92
2025-12-03 09:00:00,351.0,351.0,351.0,351.0,349.8412235045453,348.4384201527433,345.74761803952504,344.1633081026325,Up,2
2025-12-03 09:30:00,351.0,352.2,351.0,351.5,349.9920213677685,348.5584821075377,345.8048556709726,344.1633081026325,Up,91
2025-12-03 10:00:00,351.5,352.0,351.2,351.7,350.1472921525168,348.6816788876343,345.8635138235003,344.4390919474109,Up,70
2025-12-03 10:30:00,351.7,353.0,351.6,352.4,350.3520837750152,348.8274954018447,345.92855348694803,345.2809926794644,Up,80
2025-12-03 11:00:00,352.4,353.1,352.3,353.1,350.6018943409229,348.9950446017724,345.99991116369483,346.0281751631495,Up,86
2025-12-03 11:30:00,353.1,355.0,353.1,354.9,350.9926312190208,349.2266114801343,346.08846926156855,347.29379560286316,Up,322
2025-12-03 12:00:00,354.3,356.5,354.1,356.4,351.4842101991098,349.50792083385454,346.1910715574733,348.2852687298756,Up,174
2025-12-03 12:30:00,356.4,357.0,355.3,356.5,351.9401910900998,349.7821200168407,346.2936479598865,349.15478975443233,Up,218
2025-12-03 13:00:00,356.5,357.0,356.3,357.0,352.4001737182725,350.0651741338273,346.4001788259573,350.0361725040294,Up,87
2025-12-03 13:30:00,357.0,357.0,356.3,356.5,352.77288519842955,350.3175202462263,346.50067455903235,350.3828840945722,Up,65
2025-12-03 14:00:00,356.5,356.7,356.1,356.2,353.0844410894814,350.54820572676647,346.59718525993753,350.4844400859747,Up,39
2025-12-03 14:30:00,356.2,356.8,355.9,356.4,353.3858555358922,350.7776878551286,346.69472570511226,350.64494553270436,Up,60
2025-12-03 15:00:00,356.4,357.0,356.1,356.7,353.6871413962656,351.0099353902216,346.7942806732206,351.0363141206403,Up,50
2025-12-03 15:30:00,356.7,357.3,356.3,356.7,353.9610376329687,351.23307517884035,346.8928450446314,351.4239219278548,Up,73
2025-12-03 16:00:00,356.7,358.0,356.7,357.0,354.2373069390625,351.45922909339566,346.99341375065495,351.98992902532257,Up,122
2025-12-03 16:30:00,357.0,357.3,356.6,356.9,354.47936994460224,351.67259265836054,347.0919867481609,351.98992902532257,Up,65
2025-12-03 17:00:00,356.9,358.5,356.9,357.1,354.7176090405475,351.88543216195427,347.19156896957224,352.4569661366302,Up,107
2025-12-03 17:30:00,357.1,358.8,357.1,358.6,355.070553673225,352.14874854776,347.30508569624317,352.56542376057297,Up,93
2025-12-03 18:00:00,358.3,360.0,358.3,359.1,355.43686697565903,352.4213466439263,347.42244802762383,353.6367488732481,Up,208
2025-12-03 18:30:00,359.1,359.8,357.7,359.8,355.83351543241724,352.7107055990665,347.545607748742,353.6367488732481,Up,236
2025-12-03 19:00:00,359.8,361.2,358.0,358.0,356.0304685749248,352.9181289089071,347.6496315522371,353.6367488732481,Up,288
2025-12-03 19:30:00,358.4,361.0,358.0,359.0,356.3004259772043,353.1566336575774,347.7625705417671,353.6367488732481,Up,184
2025-12-03 20:00:00,359.0,360.0,358.1,360.0,356.6367508883676,353.4250009651234,347.8843360090132,353.6367488732481,Up,115
2025-12-03 20:30:00,360.0,360.3,359.2,359.6,356.90613717124324,353.66715779002055,348.00090978006784,353.6367488732481,Up,83
2025-12-03 21:00:00,359.6,361.9,359.4,361.2,357.2964883374938,353.96256336688253,348.13224401111194,353.6367488732481,Up,169
2025-12-03 21:30:00,361.2,362.8,361.1,362.5,357.7695348522671,354.2973648034754,348.27520675727004,354.9278485513614,Up,206
2025-12-03 22:00:00,362.4,365.9,362.2,365.8,358.4995771384246,354.74844853667247,348.4495828094365,356.32077141032846,Up,474
2025-12-03 22:30:00,365.8,366.8,365.5,366.5,359.2268883076587,355.2092936920971,348.62918895063615,358.6507012821168,Up,297
2025-12-03 23:00:00,366.5,367.8,365.7,367.5,359.9789893705988,355.69128217476,348.81695821480895,359.1688193473789,Up,191
2025-12-03 23:30:00,367.5,367.5,365.6,365.8,360.5081721550898,356.08770248163216,348.98594370520885,359.1688193473789,Up,216
2025-12-04 00:00:00,365.8,366.9,365.0,365.2,360.93470195917257,356.4450474823525,349.1472775986894,359.1688193473789,Up,241
2025-12-04 09:00:00,367.0,369.2,366.8,368.3,361.60427450833873,356.90994758108377,349.3378519509413,359.65050289059275,Up,64
2025-12-04 09:30:00,368.3,369.6,367.7,369.3,362.30388591667156,357.39583198966875,349.53648028973794,360.36863899144794,Up,520
2025-12-04 10:00:00,369.3,370.0,369.0,369.6,362.967169015156,357.87442681360335,349.7361173017804,361.60785362858906,Up,191
2025-12-04 10:30:00,369.6,370.5,369.5,370.3,363.6337900137782,358.36170419346206,349.9407330500214,362.4616851168991,Up,150
2025-12-04 11:00:00,370.3,370.5,367.0,368.1,364.03980910343466,358.7435981466596,350.1214222734043,362.4616851168991,Up,335
2025-12-04 11:30:00,368.1,369.5,366.8,368.2,364.41800827584973,359.11443743502593,350.3013086189425,362.4616851168991,Up,202
2025-12-04 12:00:00,368.2,370.5,368.0,369.1,364.8436438871361,359.50602812384847,350.48836027447544,362.4616851168991,Up,301
2025-12-04 12:30:00,369.1,370.0,369.1,369.9,365.3033126246692,359.9136348640897,350.6815109185105,362.4616851168991,Up,58
2025-12-04 13:00:00,369.9,370.0,368.0,369.6,365.6939205678811,360.29349232039993,350.86975459096317,362.4616851168991,Up,106
2025-12-04 13:30:00,369.6,369.7,369.3,369.7,366.0581096071646,360.6623749745019,351.05712021692375,362.4616851168991,Up,51
2025-12-04 14:00:00,369.7,369.7,368.2,368.2,366.25282691560415,360.95796811275676,351.2276961351633,362.4616851168991,Up,36
2025-12-04 14:30:00,368.2,369.0,368.0,368.1,366.4207517414583,361.23804779460943,351.395579755709,362.4616851168991,Up,48
2025-12-04 15:00:00,368.1,368.7,368.1,368.5,366.6097743104166,361.5228302340365,351.5657729919706,362.4616851168991,Up,37
2025-12-04 15:30:00,368.5,368.6,368.0,368.4,366.7725221003787,361.7925231660351,351.7332777383192,362.4616851168991,Up,19
2025-12-04 16:00:00,368.4,368.9,368.1,368.3,366.911383727617,362.0477183359945,351.8981207458981,362.5425758840594,Up,52
2025-12-04 16:30:00,368.3,370.0,368.0,369.7,367.16489429783365,362.3478078130143,352.07525387280464,362.8568871673267,Up,121
2025-12-04 17:00:00,369.7,369.7,368.6,368.6,367.295358452576,362.59299182034704,352.2396792074036,363.165351970297,Up,39
2025-12-04 17:30:00,368.5,368.5,367.3,368.0,367.35941677506906,362.805031356804,352.3964983197678,363.165351970297,Up,130
2025-12-04 18:00:00,368.0,369.0,367.2,367.2,367.3449243409719,362.9773830683019,352.5437968439492,363.165351970297,Up,84
2025-12-04 18:30:00,367.3,369.0,367.0,367.0,367.3135675827017,363.1351327518979,352.6876396614224,363.165351970297,Up,56
2025-12-04 19:00:00,367.0,368.9,365.7,366.7,367.25778871154694,363.27493146750976,352.827066132453,363.165351970297,Up,137
2025-12-04 19:30:00,366.7,366.7,363.2,363.6,366.9252624650427,363.2876792530976,352.9342595042694,363.165351970297,Up,217
2025-12-04 20:00:00,363.6,364.0,362.0,363.3,366.59569315003876,363.28816241964284,353.03740120074434,363.165351970297,Up,164
2025-12-04 20:30:00,363.3,363.5,361.4,362.2,366.1960846818534,363.2454893835784,353.1285713380504,370.04196256332074,Down,129
2025-12-04 21:00:00,362.2,364.8,362.0,364.1,366.00553152895765,363.2789996038302,353.23773978244793,370.04196256332074,Down,145
2025-12-04 21:30:00,364.1,366.3,362.0,366.2,366.0232104808706,363.3935486389741,353.3667174960554,370.04196256332074,Down,203
2025-12-04 22:00:00,366.2,366.9,365.2,366.3,366.0483731644278,363.50752712372025,353.49540687420415,370.04196256332074,Down,114
2025-12-04 22:30:00,366.3,367.2,365.8,366.8,366.1167028767526,363.63664370710376,353.6277908854061,370.04196256332074,Down,91
2025-12-04 23:00:00,366.8,366.9,364.4,364.4,365.960638978866,363.66657924800165,353.7349770457503,370.04196256332074,Down,80
2025-12-04 23:30:00,364.4,367.5,364.2,367.0,366.0551263444236,363.79730163043297,353.8669673239021,370.04196256332074,Down,89
2025-12-05 00:00:00,367.0,370.0,367.0,369.6,366.3773875858397,364.02485842923954,354.023514912719,370.04196256332074,Down,222
2025-12-05 09:00:00,372.8,375.4,372.7,373.2,366.9976250780361,364.3846679026027,354.21432570960735,363.5960395525573,Up,40
2025-12-05 09:30:00,373.2,374.0,373.0,373.1,367.5523864345783,364.7264456319124,354.4022428667257,363.6327632295976,Up,462
2025-12-05 10:00:00,373.1,374.4,373.1,374.0,368.1385331223439,365.09011443066095,354.5972454252658,364.3070574814524,Up,187
2025-12-05 10:30:00,374.0,374.9,374.0,374.9,368.7532119294035,365.474815825537,354.7992628837208,365.5382340740476,Up,78
2025-12-05 11:00:00,374.9,375.1,374.3,375.1,369.3301926630941,365.8522740284571,355.00126026796244,366.3074855218615,Up,124
2025-12-05 11:30:00,375.1,376.4,375.0,375.4,369.88199333008555,366.22669465479214,355.20423280260957,367.5613504744195,Up,250
2025-12-05 12:00:00,375.4,375.4,372.5,373.9,370.24726666371413,366.52760858989836,355.390260336912,367.5613504744195,Up,283
2025-12-05 12:30:00,373.9,374.1,373.1,373.3,370.52478787610374,366.7931925667651,355.5684667017188,367.5613504744195,Up,85
2025-12-05 13:00:00,373.3,374.5,373.3,374.4,370.877079887367,367.09149874061745,355.7558451424978,367.5613504744195,Up,35
2025-12-05 13:30:00,374.4,374.4,373.7,373.9,371.1518908066973,367.35849879000506,355.9363839968013,367.5613504744195,Up,22
2025-12-05 14:00:00,374.4,374.4,373.0,373.0,371.3199007333611,367.5797341315735,356.10617122071375,367.5613504744195,Up,35
2025-12-05 14:30:00,373.0,374.5,373.0,374.5,371.60900066669194,367.85111710680593,356.28919439264695,367.5613504744195,Up,34
2025-12-05 15:00:00,374.5,374.7,373.9,374.0,371.8263642424472,368.09224976928414,356.4654213141132,367.6057337847651,Up,44
2025-12-05 15:30:00,374.0,374.2,372.5,373.4,371.96942203858833,368.30039683715535,356.63392458461954,367.6057337847651,Up,87
2025-12-05 16:00:00,373.4,374.1,372.5,374.0,372.1540200350803,368.5239106866787,356.8067213549219,367.6057337847651,Up,63
2025-12-05 16:30:00,374.0,374.5,373.3,374.3,372.3491091228003,368.7504239930835,356.9807838290023,367.6057337847651,Up,49
2025-12-05 17:00:00,374.3,375.0,374.0,374.0,372.49919011163666,368.9562897188449,357.1501292635396,368.22210490046115,Up,95
2025-12-05 17:30:00,374.4,374.9,373.2,373.5,372.59017282876056,369.13447443575296,357.3128145444994,368.22210490046115,Up,70
2025-12-05 18:00:00,373.5,377.1,373.5,377.1,373.0001571170551,369.4468479872921,357.5097019619671,368.2405825623646,Up,306
2025-12-05 18:30:00,377.2,379.9,377.2,379.0,373.545597379141,369.8214813995551,357.72353577329085,371.11416596578596,Up,667
2025-12-05 19:00:00,379.0,382.3,378.3,380.1,374.14145216285544,370.22456056035685,357.94618715863123,372.0856054234418,Up,666
2025-12-05 19:30:00,380.1,382.4,378.8,381.0,374.76495651168676,370.6471268128919,358.1755783311822,372.0856054234418,Up,344
2025-12-05 20:00:00,381.0,382.3,380.0,382.1,375.431778646988,371.0962590947393,358.4136322781356,372.33479787061304,Up,382
2025-12-05 20:30:00,382.1,387.0,382.0,386.5,376.4379805881709,371.7003273655339,358.6930986236268,374.6679980641937,Up,622
2025-12-05 21:00:00,386.5,389.0,386.3,387.0,377.3981641710644,372.30031452766985,358.9747593338395,377.7299982401761,Up,564
2025-12-05 21:30:00,387.0,390.0,385.3,389.2,378.47105833733127,372.96304729129065,359.2755079971843,377.7299982401761,Up,497
2025-12-05 22:00:00,389.2,390.7,386.5,389.3,379.455507579392,373.6037121033969,359.57425916139147,377.7299982401761,Up,532
2025-12-05 22:30:00,389.3,390.0,387.7,389.4,380.35955234490183,374.2231743738519,359.87103270207416,377.75969063874993,Up,251
2025-12-05 23:00:00,389.4,391.8,389.4,390.7,381.29959304081984,374.8693243984068,360.17778859558587,379.64517330795445,Up,318
2025-12-05 23:30:00,390.7,391.8,388.1,391.3,382.20872094619983,375.51366461807714,360.4874623409034,379.64517330795445,Up,256
2025-12-06 00:00:00,391.3,391.3,386.2,387.2,382.6624735874544,375.9719522801133,360.7532587355213,379.64517330795445,Up,276
2025-12-08 09:00:00,374.1,378.6,373.6,377.9,382.22952144314036,376.0475619946187,360.92387307646135,392.07387429905754,Down,51
2025-12-08 09:30:00,377.6,380.8,377.0,379.3,381.9632013119458,376.1751085830651,361.10672011052645,392.07387429905754,Down,708
2025-12-08 10:00:00,379.3,379.9,378.1,378.1,381.612001192678,376.2505945209841,361.2758074726108,392.07387429905754,Down,413
2025-12-08 10:30:00,378.1,378.6,377.0,378.2,381.3018192660709,376.327041794671,361.4442073982565,392.07387429905754,Down,244
2025-12-08 11:00:00,378.1,378.6,377.3,377.3,380.9380175146099,376.36519701840945,361.6019764788709,391.4411510819327,Down,127
2025-12-08 11:30:00,377.3,378.3,375.8,378.3,380.6981977405544,376.4410716451385,361.7681259666433,390.2237737108478,Down,209
2025-12-08 12:00:00,378.3,378.7,377.2,378.6,380.5074524914131,376.52573550219194,361.93560730030856,390.2237737108478,Down,192
2025-12-08 12:30:00,378.1,379.0,377.0,377.4,380.22495681037555,376.56002038445894,362.08948185453437,390.11055678582466,Down,178
2025-12-08 13:00:00,377.4,378.1,377.2,377.7,379.99541528215957,376.60472546742136,362.24481039329527,388.9868698052951,Down,47
2025-12-08 13:30:00,377.7,377.7,376.4,376.5,379.6776502565087,376.600618586346,362.3866530759491,387.82897255026825,Down,48
2025-12-08 14:00:00,376.5,377.4,376.5,377.0,379.43422750591697,376.61628060256777,362.5320595130043,387.0763386820621,Down,26
2025-12-08 14:30:00,377.0,377.5,375.9,376.3,379.14929773265175,376.60387744168276,362.66905394571074,386.48758062005646,Down,124
2025-12-08 15:00:00,376.3,376.8,375.4,375.5,378.81754339331974,376.56058813024424,362.7967250507286,385.50689147277865,Down,68
2025-12-08 15:30:00,375.4,375.4,374.0,374.4,378.4159485393816,376.47585918396015,362.9121805228607,383.79717406616237,Down,223
2025-12-08 16:00:00,374.4,375.7,374.4,374.5,378.05995321761964,376.39837451007935,363.0274822092004,383.792885514693,Down,150
2025-12-08 16:30:00,374.5,375.4,374.5,375.4,377.8181392887451,376.3592225685077,363.1505918389596,383.2253504679028,Down,77
2025-12-08 17:00:00,375.4,375.4,373.8,374.0,377.471035717041,376.26670403640935,363.25854614901976,382.70486406172984,Down,106
2025-12-08 17:30:00,374.1,374.6,372.5,373.8,377.13730519731,376.1699705447855,363.3634362370892,381.68169460157253,Down,208
2025-12-08 18:00:00,373.8,373.8,369.9,370.1,376.4975501793727,375.9319324842057,363.43046672229235,380.6606314559751,Down,313
2025-12-08 18:30:00,370.1,370.5,368.2,368.2,375.7432274357933,375.62871944560936,363.4779247648566,378.19602859634097,Down,312
2025-12-08 19:00:00,368.2,370.6,367.6,368.2,375.05747948708483,375.337397114409,363.52491058809187,378.19602859634097,Down,279
2025-12-08 19:30:00,368.2,368.8,365.7,365.7,374.2067995337135,374.95945997266745,363.5465532688074,376.6797756994553,Down,388
2025-12-08 20:00:00,365.7,365.7,361.4,364.8,373.35163593973954,374.5610497776609,363.5590253755854,373.68615972677753,Down,395
2025-12-08 20:30:00,364.8,366.6,361.7,362.4,372.35603267249047,374.08414586481143,363.54749278478357,373.68615972677753,Down,613
2025-12-08 21:00:00,362.4,363.3,361.0,361.8,371.39639333862766,373.6024146544267,363.5301047968753,372.98318985684097,Down,175
2025-12-08 21:30:00,361.8,362.2,358.4,360.0,370.3603575805706,373.0689866287629,363.4949793760109,371.5301725971281,Down,460
2025-12-08 22:00:00,360.0,360.0,356.0,356.1,369.0639614368824,372.40353617273297,363.4213974916725,369.6637932701165,Down,531
2025-12-08 22:30:00,356.1,358.8,355.5,357.1,367.97632857898395,371.8033974992925,363.35849801414344,368.95344842737865,Down,354
2025-12-08 23:00:00,357.1,357.1,355.0,355.0,366.79666234453083,371.14444073461436,363.27532887967436,367.54404402488973,Down,270
2025-12-08 23:30:00,355.0,358.5,354.0,357.2,365.924238495028,370.59759992149225,363.2148778460458,367.54404402488973,Down,285
2025-12-09 00:00:00,357.2,358.0,354.0,354.1,364.8493077227527,369.9506352186886,363.1241825440951,367.54404402488973,Down,219
2025-12-09 09:00:00,351.1,351.1,348.0,348.8,363.390279747957,369.1211985434459,362.9816533645519,363.0785079075054,Down,45
2025-12-09 09:30:00,348.9,349.6,347.0,347.1,361.90934522541545,368.2576221299775,362.8236269629146,361.5440980977322,Down,445
2025-12-09 10:00:00,347.1,348.5,346.8,347.2,360.5721320231049,367.43183302684116,362.6681679881592,360.30827099793834,Down,263
2025-12-09 10:30:00,347.2,348.5,346.6,347.7,359.4019382028227,366.65803565323955,362.51923099325217,359.74842817994397,Down,138
2025-12-09 11:00:00,347.7,349.5,347.7,348.7,358.4290347298388,365.9537989609557,362.3817262072497,359.74842817994397,Down,123
2025-12-09 11:30:00,348.7,348.8,346.2,348.0,357.4809406634898,365.2497284134672,362.2386244539437,359.12184147102806,Down,215
2025-12-09 12:00:00,348.0,348.0,345.3,346.0,356.4372187849907,364.4948371031352,362.07704610116815,358.1971286100255,Down,222
2025-12-09 12:30:00,346.0,346.9,345.9,346.5,355.5338352590824,363.7891572167377,361.9220506175744,357.26102600911406,Down,106
2025-12-09 13:00:00,346.5,346.7,345.5,346.5,354.71257750825674,363.11115105137543,361.76859737759855,356.4100236446492,Down,58
2025-12-09 13:30:00,346.5,346.5,345.0,345.7,353.8932522802334,362.4283608140666,361.60871083652796,355.66820331331746,Down,98
2025-12-09 14:00:00,345.7,347.1,345.5,347.1,353.2756838911213,361.8272486252797,361.4643455545725,355.66820331331746,Down,116
2025-12-09 14:30:00,347.1,347.7,345.9,346.8,352.68698535556484,361.23794475762173,361.3184316684574,355.66820331331746,Down,80
2025-12-09 15:00:00,346.8,350.0,346.8,348.5,352.30635032324074,360.7384175122248,361.1908850846916,355.66820331331746,Down,188
2025-12-09 15:30:00,348.5,348.9,347.1,348.9,351.996682112037,360.27416584507876,361.0685877206648,355.66820331331746,Down,126
2025-12-09 16:00:00,348.9,349.8,346.5,347.2,351.5606201018518,359.76145345899727,360.9305918229468,355.66820331331746,Down,125
2025-12-09 16:30:00,347.2,348.0,346.6,346.6,351.10965463804706,359.24531802923264,360.7879988694847,355.66820331331746,Down,63
2025-12-09 17:00:00,346.6,347.2,346.2,346.7,350.70877694367914,358.7533447731843,360.64781977625603,355.62917977335826,Down,41
2025-12-09 17:30:00,346.7,346.7,344.7,345.7,350.25343358516284,358.24144889972615,360.4990852511192,354.54470888487117,Down,176
2025-12-09 18:00:00,345.7,345.7,343.4,343.9,349.6758487137844,357.6790391389526,360.3339202237449,353.42700807715556,Down,183
2025-12-09 18:30:00,343.9,344.9,340.8,343.4,349.10531701253126,357.11907681977794,360.16542350510065,352.41091643377786,Down,679
2025-12-09 19:00:00,343.4,345.6,343.0,344.4,348.67756092048296,356.62028949351213,360.00855361947777,352.41091643377786,Down,243
2025-12-09 19:30:00,344.4,344.6,341.2,341.5,348.0250553822572,356.0273369643548,359.8243889068462,352.41091643377786,Down,274
2025-12-09 20:00:00,341.5,342.3,340.1,341.6,347.44095943841563,355.461559044184,359.64305170379305,351.08859236196685,Down,246
2025-12-09 20:30:00,341.6,343.8,341.0,341.4,346.8917813076506,354.9101253561768,359.4615288012678,351.08859236196685,Down,198
2025-12-09 21:00:00,341.4,343.5,341.1,342.0,346.44707391604595,354.40384593044445,359.2877822460313,351.08859236196685,Down,119
2025-12-09 21:30:00,342.0,344.8,342.0,344.4,346.2609762873145,354.0115382468976,359.1396451092549,351.08859236196685,Down,223
2025-12-09 22:00:00,344.7,345.5,342.3,343.4,346.0008875339223,353.5953994921173,358.9830317250832,351.08859236196685,Down,212
2025-12-09 22:30:00,343.4,343.6,342.1,342.8,345.7098977581112,353.1720504924264,358.82200653378885,351.08859236196685,Down,88
2025-12-09 23:00:00,342.8,343.5,340.5,341.1,345.29081614373746,352.6986367476254,358.64566816031834,351.08859236196685,Down,199
2025-12-09 23:30:00,341.1,341.9,339.6,340.5,344.85528740339765,352.22025883595387,358.46511424827537,350.7896206724756,Down,239
2025-12-10 00:00:00,340.5,340.9,339.1,339.6,344.3775340030888,351.72534672474,358.2774016686905,349.7814733386142,Down,259
2025-12-10 09:00:00,337.6,338.8,336.2,337.8,343.7795763664443,351.1792546963188,358.0736464282061,347.6286121260129,Down,51
2025-12-10 09:30:00,337.8,337.8,335.4,336.0,343.072342151313,350.58398980626714,357.8540081552886,346.6805564781936,Down,527
2025-12-10 10:00:00,336.0,336.6,335.0,335.2,342.3566746830119,349.9806960883743,357.6285951388181,345.54596043472145,Down,255
2025-12-10 10:30:00,335.2,335.9,334.5,335.6,341.7424315300108,349.41674722216356,357.40940513743686,344.56905494065586,Down,318
2025-12-10 11:00:00,335.2,335.7,334.8,334.9,341.12039230000977,348.84746301737283,357.1854309569649,344.09459540059623,Down,102
2025-12-10 11:30:00,334.9,335.3,333.3,333.4,340.4185384545543,348.24168015394645,356.94876000216925,343.067814000542,Down,203
2025-12-10 12:00:00,333.8,334.9,333.8,334.0,339.83503495868575,347.6831828930074,356.72041413150095,342.86619454594734,Down,131
2025-12-10 12:30:00,334.0,334.5,333.6,334.0,339.3045772351689,347.14658748543854,356.49434035904824,342.119267769043,Down,94
2025-12-10 13:00:00,334.0,336.4,334.0,335.8,338.98597930469896,346.70162327032335,356.2884265246298,342.119267769043,Down,200
2025-12-10 13:30:00,335.8,336.1,335.2,335.6,338.67816300427177,346.26626549501657,356.082571534335,342.119267769043,Down,55
2025-12-10 14:00:00,335.6,335.6,334.5,334.7,338.31651182206525,345.8126864559963,355.8698096285207,342.119267769043,Down,85
2025-12-10 14:30:00,334.7,335.0,334.3,334.4,337.9604652927866,345.3651301243886,355.6561796819683,341.70576652485687,Down,38
2025-12-10 15:00:00,334.4,335.2,334.2,334.2,337.61860481162415,344.92728188421654,355.4426853567746,341.4779695680517,Down,35
2025-12-10 15:30:00,334.2,334.8,334.2,334.4,337.32600437420376,344.5144473005218,355.2333054029759,340.8799723345925,Down,25
2025-12-10 16:00:00,334.4,335.0,334.0,334.0,337.02364034018524,344.1021160338347,355.02202873229953,340.6636112132659,Down,73
2025-12-10 16:30:00,334.0,334.8,333.0,333.2,336.6760366728957,343.67458207172353,354.80489411804786,340.1578283756962,Down,169
2025-12-10 17:00:00,333.2,333.5,330.9,331.7,336.2236697026325,343.20499061793043,354.5749946740872,338.83438943245113,Down,340
2025-12-10 17:30:00,331.6,331.6,330.0,330.2,335.6760633660295,342.69499098585476,354.3324574136485,337.44944493859197,Down,343
2025-12-10 18:00:00,330.2,332.8,329.9,331.6,335.3055121509359,342.259893300135,354.1062638075426,337.44944493859197,Down,321
2025-12-10 18:30:00,331.6,333.3,329.8,332.3,335.03228377357806,341.8693092491493,353.8892860582138,337.44944493859197,Down,320
2025-12-10 19:00:00,332.3,333.0,330.9,332.6,334.81116706688914,341.50580692565325,353.6774523660923,337.44944493859197,Down,231
2025-12-10 19:30:00,332.6,339.7,331.4,339.0,335.1919700608083,341.40753998739234,353.5314080639422,328.3363887867341,Up,701
2025-12-10 20:00:00,339.0,340.5,336.0,339.4,335.57451823709846,341.32881292906325,353.3907970384304,328.3363887867341,Up,700
2025-12-10 20:30:00,339.4,340.0,336.1,336.7,335.6768347609986,341.1472908534137,353.22471945595845,328.3363887867341,Up,254
2025-12-10 21:00:00,336.7,337.7,335.0,336.2,335.72439523727144,340.9532794473975,353.0553192623668,328.3363887867341,Up,127
2025-12-10 21:30:00,336.2,339.2,336.0,338.9,336.01308657933765,340.8727586847545,352.91447031448257,328.3363887867341,Up,183
2025-12-10 22:00:00,338.9,339.0,335.9,336.4,336.04826052667056,340.6973563833916,352.7501472267763,328.3363887867341,Up,729
2025-12-10 22:30:00,336.4,336.4,335.0,335.0,335.95296411515505,340.47393064286643,352.57352884641034,328.3363887867341,Up,176
2025-12-10 23:00:00,335.0,337.1,335.0,336.7,336.0208764683228,340.32593336275403,352.41558328574956,328.3363887867341,Up,130
2025-12-10 23:30:00,336.7,339.9,336.7,339.7,336.3553422439298,340.3013869563715,352.2890600689759,328.3363887867341,Up,215
2025-12-11 00:00:00,339.7,340.7,337.3,337.3,336.44122022175435,340.1836855071021,352.13991519266773,328.3363887867341,Up,302
2025-12-11 09:00:00,337.1,337.1,335.1,335.6,336.3647456561403,340.0039331342746,351.97533892209395,328.3363887867341,Up,30
2025-12-11 09:30:00,335.6,336.3,335.5,336.3,336.35885968740024,339.8586808544991,351.8193654004811,328.3363887867341,Up,141
2025-12-11 10:00:00,336.3,336.4,335.0,335.5,336.2807815340002,339.68775219353836,351.6569836552027,328.3363887867341,Up,131
2025-12-11 10:30:00,335.5,338.9,335.3,337.4,336.38252866727294,339.59803642124274,351.51512312132013,328.3363887867341,Up,169
2025-12-11 11:00:00,337.4,338.0,337.2,338.0,336.5295715157027,339.53536832629203,351.3806442842921,328.3363887867341,Up,53
2025-12-11 11:30:00,338.0,338.4,335.5,336.4,336.5177922870024,339.41241270565314,351.231583147135,328.3363887867341,Up,224
2025-12-11 12:00:00,336.4,336.4,334.6,335.6,336.4343566245476,339.26290632503935,351.0760450063675,328.3363887867341,Up,209
2025-12-11 12:30:00,335.6,336.0,335.1,335.6,336.35850602231596,339.11926293974375,350.92205450879175,328.3363887867341,Up,31
2025-12-11 13:00:00,335.6,336.5,335.1,336.1,336.3350054748327,339.00086047151854,350.7745713793511,328.3363887867341,Up,74
2025-12-11 13:30:00,336.1,336.1,334.2,334.2,336.1409140680297,338.8125914334198,350.6096502710988,328.3363887867341,Up,137
2025-12-11 14:00:00,334.2,335.1,333.6,334.1,335.9553764254815,338.6277839262269,350.4453751440232,328.3363887867341,Up,164
2025-12-11 14:30:00,334.1,334.1,333.0,333.4,335.72306947771045,338.4227727918651,350.27576942119714,328.3363887867341,Up,80
2025-12-11 15:00:00,333.4,334.0,333.0,333.0,335.4755177070095,338.2101150353214,350.10387121800113,328.3363887867341,Up,112
2025-12-11 15:30:00,333.0,333.8,332.4,332.9,335.241379733645,338.00187523001466,349.93268841981205,328.3363887867341,Up,180
2025-12-11 16:00:00,332.9,332.9,330.0,330.4,334.8012543033136,337.70376247589644,349.7383333111572,328.3363887867341,Up,263
2025-12-11 16:30:00,330.4,331.2,329.7,329.7,334.3375039121033,337.389889437626,349.53894691005115,328.3363887867341,Up,213
2025-12-11 17:00:00,329.6,330.2,329.0,330.0,333.9431853746393,337.10008985183674,349.3445295278616,328.3363887867341,Up,209
2025-12-11 17:30:00,329.7,330.9,329.6,330.9,333.666532158763,336.8569490733334,349.16100187086795,328.3363887867341,Up,148
2025-12-11 18:00:00,330.9,330.9,328.6,329.1,333.2513928716027,336.55275499202617,348.96138991195386,328.3363887867341,Up,182
2025-12-11 18:30:00,329.6,329.9,327.5,327.9,332.7649026105479,336.2134312668487,348.7518238431782,336.27974060719623,Down,444
2025-12-11 19:00:00,327.9,331.5,327.6,330.6,332.5680932823163,335.99329670736444,348.57120868055955,336.27974060719623,Down,508
2025-12-11 19:30:00,330.6,331.0,328.4,328.4,332.18917571119664,335.6955203658992,348.3705001364744,336.27974060719623,Down,307
2025-12-11 20:00:00,328.4,330.0,327.2,327.4,331.75379610108786,335.37020584174627,348.16183844357414,336.27974060719623,Down,431
2025-12-11 20:30:00,327.4,329.0,327.0,328.2,331.4307237282617,335.0890212989327,347.96321318542914,336.27974060719623,Down,390
2025-12-11 21:00:00,328.2,331.3,328.2,329.4,331.24611248023785,334.8659224244648,347.77850459651944,336.27974060719623,Down,363
2025-12-11 21:30:00,329.4,329.9,328.1,328.9,331.0328295274889,334.63196468232894,347.59065877963866,336.27974060719623,Down,361
2025-12-11 22:00:00,328.9,329.2,326.1,326.3,330.6025722977172,334.30522096929644,347.3788114285975,336.27974060719623,Down,260
2025-12-11 22:30:00,326.3,327.7,324.3,324.3,330.0296111797429,333.9128593626574,347.1491715138851,335.5754291156223,Down,381
2025-12-11 23:00:00,324.3,326.0,324.0,325.1,329.5814647088572,333.56725703471005,346.92977677245347,334.4322082869294,Down,285
2025-12-11 23:30:00,325.1,326.8,324.4,325.6,329.2195133716884,333.25481558236845,346.71754018765296,334.4322082869294,Down,208
2025-12-12 00:00:00,325.6,326.4,324.0,324.5,328.79046670153485,332.9114894810991,346.49647013603453,334.4322082869294,Down,171
2025-12-12 09:00:00,325.0,327.2,325.0,326.5,328.5822424559408,332.66005852105604,346.2975002839347,334.4322082869294,Down,41
2025-12-12 09:30:00,326.5,326.6,324.8,325.5,328.3020385963098,332.3792719123872,346.09055998260203,334.4322082869294,Down,315
2025-12-12 10:00:00,325.6,326.0,324.1,324.4,327.94730781482707,332.06635928837204,345.8747335151135,334.2558070343738,Down,169
2025-12-12 10:30:00,324.4,325.5,324.4,325.3,327.7066434680246,331.8010118652986,345.6700097985452,333.71891548579435,Down,162
2025-12-12 11:00:00,325.3,325.8,324.5,325.0,327.46058497093145,331.53430551763984,345.4643380592562,333.5944686234494,Down,179
2025-12-12 11:30:00,325.0,325.0,324.5,325.0,327.2368954281195,331.2780582424383,345.2607128049352,332.6086078394995,Down,79
2025-12-12 12:00:00,325.0,325.8,323.5,324.4,326.978995843745,331.0083304682251,345.0531435232941,332.6086078394995,Down,210
2025-12-12 12:30:00,324.4,324.4,320.0,321.3,326.4627234943136,330.62761162633393,344.8167938364952,331.05504780123925,Down,339
2025-12-12 13:00:00,321.3,322.1,321.0,321.6,326.0206577221033,330.2735876409875,344.5857809625002,330.000043455672,Down,121
2025-12-12 13:30:00,321.6,322.8,321.0,322.6,325.7096888382757,329.97266263545856,344.36701697282365,330.000043455672,Down,141
2025-12-12 14:00:00,322.6,323.3,322.2,322.2,325.3906262166143,329.66785233602883,344.14644963976076,330.000043455672,Down,83
2025-12-12 14:30:00,322.2,322.3,320.0,320.7,324.9642056514675,329.316171852263,343.913151633395,329.23958937315706,Down,234
2025-12-12 15:00:00,320.7,320.9,319.4,320.9,324.594732410425,328.98612589727225,343.68416504997816,328.04962670287006,Down,154
2025-12-12 15:30:00,320.9,321.1,320.0,320.7,324.2406658276591,328.6611797836537,343.4554668902769,328.04962670287006,Down,80
2025-12-12 16:00:00,320.7,321.2,320.0,320.1,323.8642416615083,328.3254472431183,343.22307418490107,327.92861710981,Down,81
2025-12-12 16:30:00,320.1,322.5,319.9,322.5,323.7402196922802,328.0969983316234,343.01687444176775,327.92861710981,Down,214
2025-12-12 17:00:00,322.5,325.2,322.0,324.3,323.79110881116384,327.9480964362656,342.8306368851333,327.92861710981,Down,347
2025-12-12 17:30:00,324.5,325.6,323.5,324.0,323.8100989192398,327.7932691250395,342.6432673638882,327.92861710981,Down,246
2025-12-12 18:00:00,324.0,325.0,322.0,322.2,323.663726290218,327.57392523778304,342.43985176822764,327.92861710981,Down,172
2025-12-12 18:30:00,322.2,325.1,321.0,324.5,323.7397511729254,327.4533791500269,342.2613457804841,327.92861710981,Down,285
2025-12-12 19:00:00,324.5,324.5,322.5,322.9,323.66341015720496,327.27481526179054,342.0686955737131,327.92861710981,Down,115
2025-12-12 19:30:00,322.9,323.4,318.4,318.5,323.19400923382267,326.9307048593674,341.8341811898951,327.92861710981,Down,319
2025-12-12 20:00:00,318.6,320.0,317.3,317.6,322.68546293983877,326.5647948648824,341.5930450586524,327.92861710981,Down,400
2025-12-12 20:30:00,317.6,319.5,316.3,316.9,322.1595117634898,326.18578330155367,341.3473431177703,327.92861710981,Down,352
2025-12-12 21:00:00,316.9,317.0,313.5,314.6,321.47228342135435,325.7314388583555,341.0812004001806,325.95746477309825,Down,469
2025-12-12 21:30:00,314.6,316.2,313.7,316.2,320.992984928504,325.3576569423415,340.8336262668455,325.5931497937257,Down,236
2025-12-12 22:00:00,316.2,317.2,315.2,315.5,320.4936226622763,324.9710821602889,340.5815503835933,325.5931497937257,Down,189
2025-12-12 22:30:00,315.5,317.3,315.0,316.3,320.112384238433,324.63103972263053,340.3399429170899,325.5931497937257,Down,221
2025-12-12 23:00:00,316.3,317.3,315.7,316.5,319.7839856713027,324.3121754197823,340.1027295547308,325.5931497937257,Down,163
2025-12-12 23:30:00,316.5,316.8,315.0,316.1,319.4490778830024,323.99012932488887,339.86389642483294,325.59050597208227,Down,114
2025-12-13 00:00:00,316.1,318.0,315.0,317.3,319.25370716636587,323.72777131214815,339.63938004249627,325.59050597208227,Down,208
2025-12-15 09:00:00,318.0,319.5,317.5,318.8,319.2124610603326,323.5345253783384,339.4320230271481,325.59050597208227,Down,42
2025-12-15 09:30:00,318.8,319.9,317.5,318.5,319.1476918730296,323.33709301056047,339.2237441910571,325.59050597208227,Down,388
2025-12-15 10:00:00,318.5,318.9,317.9,318.0,319.04335624820874,323.1277952454405,339.01256265681775,325.59050597208227,Down,90
2025-12-15 10:30:00,318.0,318.0,316.1,316.5,318.8121420438261,322.86788170640364,338.7885570582424,325.59050597208227,Down,164
2025-12-15 11:00:00,316.5,317.3,316.0,316.0,318.55649276711466,322.59855301203487,338.56180524671765,325.40086275441956,Down,129
2025-12-15 11:30:00,316.0,316.2,314.6,315.2,318.25135706101327,322.3084136782296,338.32934947311844,323.93714795856323,Down,242
2025-12-15 12:00:00,315.1,317.0,314.8,315.2,317.9739609645575,322.02965235751475,338.0992066922914,323.93714795856323,Down,219
2025-12-15 12:30:00,315.2,316.0,314.3,314.7,317.67632814959774,321.7422150101612,337.8663787650049,323.55094872608527,Down,86
2025-12-15 13:00:00,314.7,315.0,313.4,313.4,317.28757104508884,321.41506932348824,337.6229322101293,322.4190442964412,Down,170
2025-12-15 13:30:00,313.4,314.6,313.3,314.2,317.0068827682626,321.1321254284495,337.3898682080385,321.8945857240375,Down,63
2025-12-15 14:00:00,314.2,314.8,313.8,314.0,316.7335297893296,320.852434235177,337.1571332009933,321.88598702185226,Down,73
2025-12-15 14:30:00,314.0,314.8,313.2,313.2,316.41229980848146,320.5523387749739,336.9187537661576,321.4781700198657,Down,127
2025-12-15 15:00:00,313.2,314.0,313.2,313.2,316.12027255316497,320.2640117641906,336.6827462659968,320.6892454726052,Down,47
2025-12-15 15:30:00,313.0,314.3,313.0,313.7,315.9002477756045,320.006599538144,336.4540622235491,320.5674958841865,Down,85
2025-12-15 16:00:00,313.7,314.1,312.9,313.5,315.6820434323677,319.7514387719423,336.22566359445904,320.2249962583514,Down,119
2025-12-15 16:30:00,313.5,315.9,313.5,315.0,315.62003948397063,319.5651078397093,336.01446296167836,320.2249962583514,Down,118
2025-12-15 17:00:00,315.0,316.0,313.3,313.3,315.4091268036097,319.3194173361913,335.7884484048458,320.2249962583514,Down,165
2025-12-15 17:30:00,313.3,313.3,310.9,311.6,315.06284254873606,319.01669508771323,335.54776732619064,319.63914068997104,Down,315
2025-12-15 18:00:00,311.6,312.8,310.6,310.7,314.666220498851,318.69055018231273,335.3005258602584,319.35376426361006,Down,246
2025-12-15 18:30:00,310.7,313.4,310.5,313.4,314.55110954441,318.48307762614365,335.08261018005686,319.35376426361006,Down,141
2025-12-15 19:00:00,313.4,313.5,311.0,311.0,314.22828140400907,318.189623601589,334.84298221806625,319.35376426361006,Down,212
2025-12-15 19:30:00,311.0,312.1,309.0,310.7,313.90752854909914,317.89591287211493,334.60275353927955,319.12563055117204,Down,342
2025-12-15 20:00:00,310.7,310.7,308.4,309.1,313.47048049918106,317.55097511242417,334.3489947975952,318.18239141015636,Down,413
2025-12-15 20:30:00,309.1,309.1,304.0,305.4,312.7368004538009,317.074466284486,334.0609450981167,316.2521740092331,Down,585
2025-12-15 21:00:00,305.4,307.0,304.9,306.6,312.1789095034554,316.66370290078066,333.78770186330956,315.5337945538483,Down,260
2025-12-15 21:30:00,306.6,310.0,306.6,309.2,311.90809954859577,316.3710086693775,333.5430481134259,315.5337945538483,Down,230
2025-12-15 22:00:00,309.2,309.2,306.1,306.5,311.41645413508706,315.9839102901862,333.27396305757094,315.5337945538483,Down,162
2025-12-15 22:30:00,306.5,308.9,306.5,308.9,311.18768557735183,315.70610988664953,333.0314360619732,315.5337945538483,Down,116
2025-12-15 23:00:00,308.9,309.5,307.2,307.6,310.8615323430471,315.388223224428,332.77838694692866,315.5337945538483,Down,104
2025-12-15 23:30:00,307.6,308.7,306.5,306.7,310.4832112209519,315.0475085881759,332.51890050964585,315.5337945538483,Down,148
2025-12-16 00:00:00,306.7,310.8,306.7,309.6,310.4029192917744,314.8338808004043,332.29085174835586,315.5337945538483,Down,245
2025-12-16 09:00:00,305.5,306.9,304.9,305.8,309.9844720834313,314.47961096509437,332.02726118369566,315.5337945538483,Down,42
2025-12-16 09:30:00,305.9,307.5,305.4,305.5,309.5767928031193,314.1274693586201,331.76330833609666,315.5337945538483,Down,269
2025-12-16 10:00:00,305.5,305.7,305.1,305.1,309.1698116391994,313.7734509523997,331.4980017854887,315.5337945538483,Down,94
2025-12-16 10:30:00,305.1,305.3,304.8,305.0,308.79073785381763,313.42939405230555,331.2343400761804,314.52552319805136,Down,152
2025-12-16 11:00:00,305.0,305.0,304.0,304.1,308.3643071398342,313.0635354620191,330.9643466425866,313.4777483618648,Down,147
2025-12-16 11:30:00,304.1,304.1,301.8,302.4,307.82209739984927,312.6453576007635,330.680124287934,311.9479530562408,Down,624
2025-12-16 12:00:00,302.4,302.4,300.8,301.5,307.24736127259024,312.2082847536747,330.3897747925317,310.36177550567345,Down,327
2025-12-16 12:30:00,301.5,302.0,301.2,302.0,306.77032842962745,311.8079598613738,330.107289471213,309.85615955061223,Down,125
2025-12-16 13:00:00,302.0,302.2,301.0,301.1,306.25484402693405,311.3880398668101,329.8186597252308,309.5419632278293,Down,95
2025-12-16 13:30:00,301.1,302.2,300.1,300.5,305.73167638812185,310.961057911249,329.5269317677658,309.1336029343902,Down,212
2025-12-16 14:00:00,300.5,301.8,300.5,301.1,305.3106148982926,310.5743497578667,329.2440767253005,308.8805481221729,Down,132
2025-12-16 14:30:00,301.1,302.1,300.9,301.7,304.982377180266,310.2263360418719,328.97000631012344,308.8805481221729,Down,89
2025-12-16 15:00:00,301.7,302.1,300.9,302.0,304.71125198205993,309.90373462846514,328.70164803838094,308.72194059683716,Down,210
2025-12-16 15:30:00,302.0,302.5,301.1,301.1,304.3829563473272,309.5584901332312,328.4270047743175,308.72194059683716,Down,176
2025-12-16 16:00:00,301.1,301.9,301.0,301.3,304.1026875884792,309.2346277750653,328.1570843288019,308.2086285924274,Down,103
2025-12-16 16:30:00,301.3,301.9,300.5,301.8,303.8933523531629,308.9430737446706,327.8948247832417,307.8532987203885,Down,180
2025-12-16 17:00:00,301.8,302.6,301.7,301.8,303.70304759378445,308.6629532056639,327.6351747853985,307.8532987203885,Down,144
2025-12-16 17:30:00,301.8,305.6,301.8,304.6,303.7845887216222,308.50362170740254,327.4059690661408,307.8532987203885,Down,368
2025-12-16 18:00:00,304.8,305.1,302.1,303.2,303.7314442923838,308.2956365424064,327.1651136525474,307.8532987203885,Down,285
2025-12-16 18:30:00,303.2,305.1,302.0,303.6,303.719494811258,308.1114939329003,326.930634909736,307.8532987203885,Down,288
2025-12-16 19:00:00,303.6,304.3,302.2,302.4,303.5995407375073,307.88751377866896,326.6865489902362,307.8532987203885,Down,153
2025-12-16 19:30:00,302.4,304.3,301.5,301.7,303.42685521591574,307.64486617950547,326.4379266122239,307.8532987203885,Down,181
2025-12-16 20:00:00,301.7,302.9,300.0,301.1,303.21532292355977,307.38820476070134,326.18580793946546,307.8532987203885,Down,389
2025-12-16 20:30:00,301.1,303.0,300.5,300.9,303.004839021418,307.13376535832094,325.9342078604658,307.8532987203885,Down,213
2025-12-16 21:00:00,300.9,301.5,300.2,300.9,302.8134900194709,306.88930397172015,325.68511126483924,307.8532987203885,Down,113
2025-12-16 21:30:00,300.9,301.5,300.3,301.1,302.657718199519,306.6622724434174,325.4404832920548,307.8532987203885,Down,143
2025-12-16 22:00:00,301.1,301.5,300.1,300.7,302.4797438177445,306.42845783779325,325.1943093289498,307.8532987203885,Down,164
2025-12-16 22:30:00,300.7,303.5,300.5,302.6,302.49067619794954,306.27832223631117,324.9694903306518,307.8532987203885,Down,233
2025-12-16 23:00:00,302.6,305.0,302.3,305.0,302.7187965435905,306.22819195253425,324.77078893432696,307.8532987203885,Down,133
2025-12-16 23:30:00,305.0,306.0,303.4,304.8,302.9079968578095,306.17218442498387,324.5720746165725,307.8532987203885,Down,185
2025-12-17 00:00:00,304.8,304.8,302.0,302.0,302.8254516889177,306.00856934949434,324.34747685919365,307.8532987203885,Down,138
2025-12-17 09:00:00,306.2,306.2,304.1,304.9,303.0140469899252,305.965096041671,324.15396962676385,307.8532987203885,Down,44
2025-12-17 09:30:00,304.9,305.2,300.1,301.5,302.87640635447747,305.78999423611526,323.92855699366174,307.8532987203885,Down,474
2025-12-17 10:00:00,302.0,303.3,301.8,303.2,302.9058239586159,305.688425834699,323.72230269521737,307.8532987203885,Down,211
2025-12-17 10:30:00,303.2,303.4,302.0,302.5,302.868930871469,305.5633895274559,323.5111355042202,307.8532987203885,Down,88
2025-12-17 11:00:00,302.5,304.1,302.5,303.1,302.8899371558809,305.46678601657527,323.3080396285563,307.8532987203885,Down,163
2025-12-17 11:30:00,303.1,303.8,301.0,301.6,302.7726701417099,305.3151473492586,323.09203923424235,307.8532987203885,Down,224
2025-12-17 12:00:00,301.6,302.7,301.1,301.8,302.6842455833726,305.1772984336014,322.88017814733445,307.8532987203885,Down,243
2025-12-17 12:30:00,301.8,302.3,300.5,300.7,302.5038596212478,305.00171810287196,322.6594798573112,307.8532987203885,Down,158
2025-12-17 13:00:00,300.7,303.0,300.7,302.6,302.51259965567976,304.90753307922995,322.4598830428106,307.8532987203885,Down,141
2025-12-17 13:30:00,302.6,302.9,301.8,302.7,302.52963605061797,304.8209631545543,322.26326729114083,307.8532987203885,Down,62
2025-12-17 14:00:00,302.7,303.4,302.4,303.2,302.5905782278345,304.7573959720228,322.0735830394877,307.8532987203885,Down,84
2025-12-17 14:30:00,303.2,303.2,302.6,303.2,302.64598020712225,304.69632162017876,321.88578619332367,307.8532987203885,Down,72
2025-12-17 15:00:00,303.2,303.7,303.1,303.3,302.7054365519293,304.6415639095835,321.70085299737025,307.8532987203885,Down,79
2025-12-17 15:30:00,303.3,303.9,303.3,303.6,302.7867605017539,304.60071826607043,321.5207450073467,307.8532987203885,Down,51
2025-12-17 16:00:00,303.6,304.5,303.5,304.4,302.9334186379581,304.59284696151866,321.3503893356318,307.8532987203885,Down,70
2025-12-17 16:30:00,304.4,305.9,304.4,304.6,303.08492603450736,304.59312747283167,321.1837187949788,307.8532987203885,Down,226
2025-12-17 17:00:00,304.6,305.1,304.0,304.7,303.2317509404612,304.5973185523285,321.0197016925412,307.8532987203885,Down,49
2025-12-17 17:30:00,305.0,305.6,304.8,305.0,303.39250085496474,304.6131099816489,320.86030167570004,307.8532987203885,Down,122
2025-12-17 18:00:00,305.0,305.8,303.4,303.4,303.39318259542245,304.56553704119204,320.6865673306682,307.8532987203885,Down,133
2025-12-17 18:30:00,303.4,305.2,303.0,304.0,303.4483478140204,304.5433591180081,320.52053183484065,307.8532987203885,Down,145
2025-12-17 19:00:00,304.0,309.2,304.0,308.9,303.94395255820035,304.714207780047,320.4049046524044,299.1028966591787,Up,420
2025-12-17 19:30:00,308.9,309.2,307.0,307.4,304.25813868927304,304.8195329651432,320.2755026160621,300.09973817306104,Up,402
2025-12-17 20:00:00,307.4,307.7,305.7,307.7,304.5710351720664,304.9324924567062,320.1503732367978,300.09973817306104,Up,246
2025-12-17 20:30:00,307.2,308.0,306.1,307.9,304.87366833824217,305.04886530154124,320.02847897573514,300.09973817306104,Up,146
2025-12-17 21:00:00,307.9,308.9,306.6,308.9,305.239698489311,305.1998901916769,319.91774784164824,300.09973817306104,Up,263
2025-12-17 21:30:00,308.9,309.0,307.0,307.2,305.41790771755547,305.2783258704347,319.79120308700493,300.09973817306104,Up,131
2025-12-17 22:00:00,307.2,308.0,305.6,307.3,305.5890070159595,305.357607208849,319.66691250902477,300.09973817306104,Up,218
2025-12-17 22:30:00,307.3,307.5,306.1,306.5,305.67182455996317,305.402406926149,319.5358984542086,300.09973817306104,Up,56
2025-12-17 23:00:00,306.5,307.9,306.0,306.7,305.76529505451197,305.4532929290451,319.4081780715797,300.09973817306104,Up,128
2025-12-17 23:30:00,306.7,307.4,306.1,307.4,305.9139045950109,305.52963438280807,319.2886937126585,300.09973817306104,Up,87
2025-12-18 00:00:00,307.4,307.4,305.2,306.0,305.9217314500099,305.5480800932862,319.15646790457237,300.09973817306104,Up,199
2025-12-18 09:00:00,311.2,311.2,307.5,308.7,306.17430131819077,305.6716847955103,319.0524234478105,300.3775239785674,Up,33
2025-12-18 09:30:00,308.0,309.2,308.0,308.5,306.38572847108253,305.782599117255,318.94742420952383,300.3775239785674,Up,261
2025-12-18 10:00:00,308.5,309.0,308.5,308.8,306.6052077009841,305.9009285636372,318.84645481440424,300.7562181641053,Up,82
2025-12-18 10:30:00,308.8,308.8,308.0,308.0,306.73200700089467,305.9832450905534,318.7385298908779,300.84201651282297,Up,109
2025-12-18 11:00:00,308.0,308.1,306.7,307.0,306.7563700008134,306.02311783210035,318.62172859843133,300.84201651282297,Up,163
2025-12-18 11:30:00,307.0,308.7,306.6,308.5,306.91488181892123,306.12025046613564,318.521014881034,300.84201651282297,Up,134
2025-12-18 12:00:00,308.5,309.2,307.7,308.9,307.09534710811016,306.2292602517774,318.4252833896804,301.1111694311217,Up,164
2025-12-18 12:30:00,308.9,308.9,306.6,306.7,307.0594064619183,306.2477206340606,318.3086139032159,301.1111694311217,Up,112
2025-12-18 13:00:00,306.7,308.1,306.7,308.0,307.1449149653802,306.31643747194056,318.20604063054714,301.1111694311217,Up,68
2025-12-18 13:30:00,308.0,308.5,307.6,307.9,307.2135590594366,306.378537963237,318.1034929625815,301.1111694311217,Up,38
2025-12-18 14:00:00,307.9,308.4,307.3,307.7,307.25778096312416,306.4303600038944,317.9999756196703,301.1111694311217,Up,45
2025-12-18 14:30:00,307.7,308.9,307.7,308.2,307.34343723920375,306.4997576508005,317.9024634244497,301.7189551329217,Up,132
2025-12-18 15:00:00,308.2,308.9,307.8,308.7,307.4667611265489,306.58604166449464,317.81089662420646,301.96723193901977,Up,53
2025-12-18 15:30:00,308.7,309.5,308.7,309.0,307.6061464786808,306.68070669725955,317.7232260110303,303.00657449001795,Up,90
2025-12-18 16:00:00,309.0,309.2,308.2,309.2,307.75104225334616,306.77950251305333,317.6384177920151,303.00657449001795,Up,51
2025-12-18 16:30:00,309.0,309.5,308.4,308.4,307.8100384121329,306.84305143411007,317.54649323687073,303.18353263637846,Up,277
2025-12-18 17:00:00,308.4,309.1,308.3,309.0,307.9182167383026,306.92763765238027,317.4614535031705,303.18353263637846,Up,50
2025-12-18 17:30:00,309.0,310.4,308.5,310.0,308.1074697620933,307.0481224503261,317.38721018473103,303.7289525920483,Up,201
2025-12-18 18:00:00,310.0,311.4,309.8,310.8,308.3522452382666,307.1952549032545,317.3216658047835,304.8172296291349,Up,177
2025-12-18 18:30:00,311.3,314.6,310.6,314.4,308.9020411256969,307.4777939266563,317.2925945032434,305.8883905719408,Up,574
2025-12-18 19:00:00,314.4,314.8,312.6,312.7,309.2473101142699,307.6825863216894,317.2468970454997,306.7985368835826,Up,674
2025-12-18 19:30:00,312.7,313.1,310.0,310.0,309.3157364675181,307.77346528946634,317.17478861718627,306.7985368835826,Up,368
2025-12-18 20:00:00,310.0,310.1,308.0,308.6,309.25066951592555,307.80587841536965,317.0894673374133,306.7985368835826,Up,510
2025-12-18 20:30:00,308.5,310.3,308.3,309.3,309.25515410538685,307.8644714186885,317.0119601997276,306.7985368835826,Up,215
2025-12-18 21:00:00,309.3,310.0,308.1,308.8,309.21377645944256,307.90115881403403,316.93024915296417,306.7985368835826,Up,200
2025-12-18 21:30:00,308.8,308.9,303.8,305.5,308.876160417675,307.8069957232876,316.8165153305466,315.06263582121034,Down,620
2025-12-18 22:00:00,305.5,307.0,304.5,305.5,308.56923674334087,307.71652530276657,316.70391318795413,314.57966892837305,Down,322
2025-12-18 22:30:00,305.5,305.5,303.3,304.0,308.1538515848553,307.570779212462,316.5775060915566,313.2269717530664,Down,224
2025-12-18 23:00:00,304.0,304.4,301.0,301.5,307.5489559862321,307.33270943942426,316.4274811553222,311.9608834118785,Down,393
2025-12-18 23:30:00,301.5,301.5,296.2,297.5,306.6354145329383,306.9471129908194,316.23914800949814,309.1962576471623,Down,529
2025-12-19 00:00:00,297.5,299.6,296.5,296.7,305.7321950299439,306.54526542255195,316.04472862631906,308.5829614974203,Down,343
2025-12-19 09:00:00,298.0,298.1,294.3,294.3,304.69290457267624,306.0650589353931,315.8283631673507,307.1572377249276,Down,33
2025-12-19 09:30:00,294.3,295.3,292.4,292.9,303.6208223387966,305.5487821143973,315.6002202502626,304.86567065902506,Down,726
2025-12-19 10:00:00,293.1,293.4,290.8,291.4,302.5098384898151,304.9939279138327,315.35942203881723,303.0597005991137,Down,625
2025-12-19 10:30:00,291.4,293.0,290.3,293.0,301.64530771801367,304.52357779956475,315.1369402274857,302.5951823628306,Down,416
2025-12-19 11:00:00,293.0,294.1,292.7,293.4,300.89573428910336,304.0873590623269,314.92065226502314,302.5951823628306,Down,309
2025-12-19 11:30:00,293.4,294.8,292.4,293.6,300.23248571736667,303.67609007949056,314.70850647134137,302.5951823628306,Down,265
2025-12-19 12:00:00,293.7,295.0,293.2,294.7,299.72953247033337,303.32408654696155,314.5094168547111,302.5951823628306,Down,263
2025-12-19 12:30:00,294.7,294.7,292.6,293.9,299.1995749730303,302.9545145255121,314.3043480302861,302.5951823628306,Down,173
2025-12-19 13:00:00,293.9,294.8,293.4,294.6,298.7814317936639,302.6268865049038,314.1082848658057,302.5951823628306,Down,292
2025-12-19 13:30:00,294.6,294.6,293.6,294.3,298.3740289033308,302.30034193608407,313.91118750395685,302.5951823628306,Down,57
2025-12-19 14:00:00,294.3,294.9,293.9,294.7,298.0400262757553,302.00228931113963,313.7200314093901,302.5951823628306,Down,118
2025-12-19 14:30:00,294.7,295.8,293.8,295.4,297.80002388705026,301.74337600482045,313.5377425396449,302.5951823628306,Down,217
2025-12-19 15:00:00,295.4,295.8,295.0,295.3,297.57274898822754,301.4906945928667,313.3562724646236,302.5951823628306,Down,146
2025-12-19 15:30:00,295.3,295.3,291.4,291.7,297.03886271657046,301.1067457853033,313.14078716646816,302.081193481375,Down,426
2025-12-19 16:00:00,291.7,294.1,291.7,293.4,296.70805701506407,300.8045204603894,312.9443614235182,301.7101758921591,Down,246
2025-12-19 16:30:00,293.4,293.9,292.2,292.2,296.29823365005825,300.4670882854722,312.7379498670653,301.6774326292355,Down,109
2025-12-19 17:00:00,292.2,293.8,291.9,293.1,296.00748513641656,300.17818286251253,312.54254738082585,301.38402966294143,Down,165
2025-12-19 17:30:00,293.1,293.6,291.9,291.9,295.6340773967423,299.8535482404532,312.3371488994246,301.126390602674,Down,101
2025-12-19 18:00:00,291.9,292.7,290.0,292.4,295.3400703606748,299.5612522310237,312.1387693083856,299.94671872970366,Down,343
2025-12-19 18:30:00,292.5,293.0,290.6,291.3,294.9727912369771,299.2372815552973,311.9314183699937,299.94671872970366,Down,270
2025-12-19 19:00:00,291.3,291.4,287.2,288.1,294.3479920336155,298.8005254158739,311.69428982899876,298.72538737992033,Down,538
2025-12-19 19:30:00,288.1,289.8,287.3,288.4,293.807265485105,298.39266167407493,311.4625058506008,298.0276248908367,Down,414
2025-12-19 20:00:00,288.4,291.0,288.4,291.0,293.55205953191364,298.10275337313084,311.25889882721174,298.0276248908367,Down,352
2025-12-19 20:30:00,291.0,292.0,289.3,290.4,293.265508665376,297.8006846134002,311.0513475951002,298.0276248908367,Down,308
2025-12-19 21:00:00,290.4,291.1,289.8,291.0,293.05955333215996,297.53399109914926,310.85183169863154,298.0276248908367,Down,144
2025-12-19 21:30:00,291.0,291.3,289.8,291.2,292.89050302923636,297.2855992913395,310.6562910847148,298.0276248908367,Down,77
2025-12-19 22:00:00,291.2,293.0,290.0,290.0,292.6277300265785,296.99988951520857,310.450755850041,298.0276248908367,Down,279
2025-12-19 22:30:00,290.0,290.2,288.6,289.2,292.31611820598044,296.6940114950043,310.23930554307543,298.0276248908367,Down,346
2025-12-19 23:00:00,289.2,289.4,288.1,289.3,292.0419256418004,296.4040502599061,310.03095424413937,297.39275425654995,Down,202
2025-12-19 23:30:00,289.3,291.0,289.0,290.1,291.8653869470913,296.1568326026549,309.83263629146137,297.39275425654995,Down,292
2025-12-20 00:00:00,290.1,291.5,289.5,290.8,291.7685335882648,295.9467607358841,309.6432568258747,297.39275425654995,Down,192
2025-12-22 09:00:00,293.2,295.0,293.1,294.3,291.9986668984225,295.8821818834965,309.4905876037267,297.39275425654995,Down,58
2025-12-22 09:30:00,294.5,295.0,294.1,294.4,292.21696990765685,295.82405710375156,309.3404325031921,297.39275425654995,Down,276
2025-12-22 10:00:00,294.4,296.0,294.2,295.0,292.4699726433244,295.79174113889854,309.19774163251356,297.39275425654995,Down,333
2025-12-22 10:30:00,295.0,296.1,295.0,295.7,292.76361149393125,295.78814344717705,309.0634357456229,297.39275425654995,Down,160
2025-12-22 11:00:00,295.7,296.8,295.7,296.4,293.0941922672102,295.8121378217976,308.93743140984554,297.39275425654995,Down,122
2025-12-22 11:30:00,296.4,298.6,296.3,298.2,293.5583566065547,295.9057794758447,308.83059129631476,289.4401628761769,Up,335
2025-12-22 12:00:00,298.1,299.0,296.8,298.5,294.0075969150497,296.0075136140469,308.7277993431176,289.81832988743344,Up,484
2025-12-22 12:30:00,298.4,298.7,297.3,297.8,294.35236083186334,296.07780719780976,308.61906502129557,290.14393626130317,Up,297
2025-12-22 13:00:00,297.8,298.7,297.3,297.8,294.6657825744212,296.1453441704447,308.511412633024,290.34903296482105,Up,90
2025-12-22 13:30:00,297.8,298.2,297.6,297.9,294.9598023403829,296.21415420297626,308.40582643767056,290.7263936043828,Up,58
2025-12-22 14:00:00,297.9,298.0,296.5,296.6,295.1089112185299,296.2292854107027,308.288355527843,290.7263936043828,Up,167
2025-12-22 14:30:00,296.6,296.9,296.2,296.3,295.21719201684533,296.23205853185164,308.16906840816296,290.7263936043828,Up,228
2025-12-22 15:00:00,296.3,296.4,295.4,296.1,295.2974472880412,296.2268797658967,308.04897817524596,290.7263936043828,Up,132
2025-12-22 15:30:00,296.1,296.7,295.9,296.3,295.3885884436738,296.2297472260576,307.93207291977086,290.7263936043828,Up,117
2025-12-22 16:00:00,296.3,297.3,295.8,297.1,295.5441713124307,296.26387478582006,307.82429109967364,290.7263936043828,Up,145
2025-12-22 16:30:00,297.1,297.8,296.8,297.2,295.6947011931188,296.300585578533,307.7185767603734,291.3650136260523,Up,456
2025-12-22 17:00:00,297.2,297.5,296.3,297.3,295.8406374482898,296.3397783009435,307.61490932992194,291.3650136260523,Up,93
2025-12-22 17:30:00,297.3,298.6,297.1,297.6,296.00057949844523,296.38919875973005,307.5152584908182,292.0029038231837,Up,95
2025-12-22 18:00:00,297.6,297.6,295.2,295.2,295.9277995440411,296.34256351425046,307.39271860533745,292.0029038231837,Up,133
2025-12-22 18:30:00,295.2,296.5,294.8,294.9,295.83436322185554,296.28599239604455,307.2684129475729,292.0029038231837,Up,304
2025-12-22 19:00:00,294.9,295.5,291.0,291.7,295.45851201986864,296.106149556984,307.11350336600503,300.56261921624065,Down,473
2025-12-22 19:30:00,291.7,291.7,283.8,284.6,294.4713745635169,295.65492800572974,306.8894884071393,297.27056292385515,Down,1042
2025-12-22 20:00:00,284.6,284.8,279.5,280.6,293.2103405122881,295.0645386721717,306.6279014578146,292.7323299307774,Down,1068
2025-12-22 20:30:00,280.6,280.6,277.3,277.5,291.78212773844376,294.3757332340473,306.3380715925627,289.7702999370704,Down,1109
2025-12-22 21:00:00,277.5,278.3,275.0,275.2,290.2746615804034,293.6237436954572,306.02824003442777,287.6866363064276,Down,1104
2025-12-22 21:30:00,275.2,279.2,274.8,278.0,289.1587832549122,293.0110478642628,305.7493520738862,287.6866363064276,Down,731
2025-12-22 22:00:00,278.0,279.7,277.5,278.7,288.20798477719285,292.4498303009584,305.4802042920565,287.6866363064276,Down,343
2025-12-22 22:30:00,278.3,278.3,276.5,277.4,287.2254407065389,291.8596408773914,305.20079927422506,287.6866363064276,Down,222
2025-12-22 23:00:00,277.5,277.8,275.6,276.0,286.2049460968535,291.23769417631723,304.91024405756616,287.62870453276935,Down,243
2025-12-22 23:30:00,276.0,277.8,276.0,277.4,285.40449645168496,290.69503950273617,304.63651028584906,287.48973139342667,Down,155
2025-12-23 00:00:00,277.3,278.8,276.7,278.0,284.73136041062264,290.19719481635434,304.3714703825073,287.48973139342667,Down,368
2025-12-23 09:00:00,279.3,282.0,279.2,279.6,284.26487310056604,289.7816185490463,304.1249880901441,287.48973139342667,Down,71
2025-12-23 09:30:00,279.6,281.9,279.0,281.8,284.0407937277873,289.4686139000641,303.90284890516756,287.48973139342667,Down,652
2025-12-23 10:00:00,281.8,281.8,280.3,280.8,283.7461761161702,289.1286682569243,303.6729698115838,287.48973139342667,Down,527
2025-12-23 10:30:00,280.8,282.9,280.5,282.8,283.66016010560924,288.8804851880253,303.4652785696775,287.48973139342667,Down,380
2025-12-23 11:00:00,282.8,283.8,282.8,283.4,283.63650918691746,288.6655642002596,303.26562405654636,287.48973139342667,Down,334
2025-12-23 11:30:00,283.5,283.5,282.1,283.3,283.60591744265224,288.4551499178965,303.0669611306106,287.48973139342667,Down,324
2025-12-23 12:00:00,283.3,284.4,282.2,283.5,283.5962885842293,288.2608303132731,302.8722649999578,287.48973139342667,Down,232
2025-12-23 12:30:00,283.5,284.4,282.9,283.0,283.54208053111756,288.0545232421644,302.6745310198587,287.48973139342667,Down,275
2025-12-23 13:00:00,283.0,283.0,280.5,281.6,283.36552775556146,287.8014046836482,302.46483419379047,287.48973139342667,Down,454
2025-12-23 13:30:00,281.6,283.9,281.6,283.4,283.36866159596497,287.6288005784071,302.2751343510662,287.48973139342667,Down,196
2025-12-23 14:00:00,283.4,283.8,281.9,281.9,283.2351469054227,287.40414173219506,302.07239669583174,287.48973139342667,Down,147
2025-12-23 14:30:00,281.9,282.7,281.1,281.5,283.07740627765696,287.17260676230507,301.86769623119665,287.48973139342667,Down,112
2025-12-23 15:00:00,281.5,281.6,280.1,280.2,282.81582388877905,286.899171202999,301.6520972637221,287.48973139342667,Down,210
2025-12-23 15:30:00,280.2,280.6,278.6,280.2,282.57802171707186,286.636458606803,301.4386435596055,287.48973139342667,Down,361
2025-12-23 16:00:00,280.2,280.4,279.3,279.7,282.31638337915626,286.36444062222245,301.2223386485647,287.48973139342667,Down,176
2025-12-23 16:30:00,279.7,281.1,279.7,280.5,282.1512576174148,286.1344625586059,301.0161462242009,287.48973139342667,Down,165
2025-12-23 17:00:00,280.5,280.8,278.4,278.4,281.8102341976498,285.83115030140567,300.7911099433631,287.48973139342667,Down,155
2025-12-23 17:30:00,278.3,281.6,278.1,281.4,281.7729401796816,285.6573797013506,300.59816357576744,287.48973139342667,Down,328
2025-12-23 18:00:00,281.4,285.0,280.8,285.0,282.066309254256,285.6316001052192,300.44295796804835,287.48973139342667,Down,822
2025-12-23 18:30:00,285.0,288.8,284.6,288.7,282.6693720493236,285.75192951285766,300.32611261513244,276.68823521577986,Up,1094
2025-12-23 19:00:00,288.7,289.0,285.5,286.7,283.03579277211236,285.78910874764756,300.1905294050316,276.87566837798164,Up,870
2025-12-23 19:30:00,286.7,288.2,285.6,286.5,283.35072070192035,285.8169868359751,300.05430523184725,276.87566837798164,Up,491
2025-12-23 20:00:00,286.3,288.3,284.8,287.0,283.6824733653821,285.86337950907415,299.92441164745077,276.87566837798164,Up,740
2025-12-23 20:30:00,287.0,287.9,285.7,285.9,283.88406669580195,285.8648156067575,299.784865262899,276.87566837798164,Up,272
2025-12-23 21:00:00,286.0,286.0,283.2,284.5,283.9400606325472,285.8112934261003,299.6327770513279,276.87566837798164,Up,547
2025-12-23 21:30:00,284.5,288.4,284.2,287.4,284.2546005750429,285.8735956446846,299.51105787668786,276.87566837798164,Up,615
2025-12-23 22:00:00,287.4,288.5,285.6,288.5,284.6405459773117,285.97659189391265,299.4014951117457,276.87566837798164,Up,459
2025-12-23 22:30:00,288.5,289.1,287.4,288.3,284.9732236157379,286.0677059372886,299.2910324738179,277.4519253579607,Up,404
2025-12-23 23:00:00,288.3,288.9,287.8,288.5,285.2938396506708,286.1630900181793,299.18365901636696,278.13356850723704,Up,240
2025-12-23 23:30:00,288.5,290.1,288.5,288.6,285.594399682428,286.2586551155056,299.07834897640316,279.4305168247609,Up,314
2025-12-24 00:00:00,288.8,294.0,288.6,293.5,286.31309062038906,286.54262942470143,299.02284301643897,280.3641062043281,Up,717
2025-12-24 09:00:00,300.4,300.4,296.2,297.5,287.3300823821719,286.97233023157594,299.00769034960877,285.84918745848006,Up,111
2025-12-24 09:30:00,296.8,301.4,296.8,299.8,288.4637112565199,287.4753761048475,299.0155740277221,286.10835223498196,Up,1256
2025-12-24 10:00:00,300.0,301.0,299.8,300.1,289.5215556877454,287.9704593948535,299.02636433590396,288.1530474863472,Up,430
2025-12-24 10:30:00,300.1,301.6,300.0,301.6,290.61959607976854,288.5049511832906,299.0519726509696,289.084588623952,Up,341
2025-12-24 11:00:00,301.6,301.8,300.6,300.6,291.5269055270623,288.9792668231616,299.0673759081739,290.11326238541096,Up,225
2025-12-24 11:30:00,300.6,300.8,297.4,298.5,292.1608232064203,289.3526289085278,299.0617303767493,290.11326238541096,Up,1337
2025-12-24 12:00:00,298.5,299.0,295.0,295.9,292.50074836947294,289.6093885591738,299.0302703730006,290.11326238541096,Up,922
2025-12-24 12:30:00,295.9,297.9,295.8,297.6,292.96431669952085,289.92274587057875,299.01603882700056,290.11326238541096,Up,860
2025-12-24 13:00:00,297.6,297.6,295.5,296.4,293.2766515450189,290.1767558364384,298.990008589916,290.11326238541096,Up,321
2025-12-24 13:30:00,296.4,297.5,296.4,297.5,293.6605923136536,290.4639418820683,298.9751826337975,290.11326238541096,Up,144
2025-12-24 14:00:00,297.5,297.5,295.6,296.4,293.9096293760487,290.69672847492836,298.94955892599853,290.11326238541096,Up,167
2025-12-24 14:30:00,296.4,298.3,296.4,298.2,294.2996630691352,290.990974417088,298.9421006282274,290.11326238541096,Up,182
2025-12-24 15:00:00,298.2,298.2,296.9,297.6,294.5996936992138,291.2501518909277,298.92874639312066,290.11326238541096,Up,173
2025-12-24 15:30:00,297.6,297.7,296.5,297.6,294.8724488174671,291.49916554226394,298.9155250359752,290.11326238541096,Up,257
2025-12-24 16:00:00,297.6,298.5,296.9,297.7,295.1294989249701,291.7423355209987,298.90343025949784,290.11326238541096,Up,227
2025-12-24 16:30:00,297.7,298.3,296.4,298.0,295.3904535681546,291.9877341280184,298.8944409036819,290.11326238541096,Up,248
2025-12-24 17:00:00,298.0,298.5,296.9,297.3,295.5640486983223,292.1960582798609,298.8785758200632,290.11326238541096,Up,162
2025-12-24 17:30:00,297.0,298.0,296.3,297.2,295.71277154392936,292.39229128849377,298.8618735730974,290.11326238541096,Up,247
2025-12-24 18:00:00,297.2,302.3,295.1,301.8,296.2661559490267,292.76122104188613,298.8911086619223,290.11326238541096,Up,1110
2025-12-24 18:30:00,302.0,302.2,296.3,298.7,296.4874144991152,292.99411433436114,298.88920708319677,290.11326238541096,Up,1384
2025-12-24 19:00:00,298.6,300.3,291.8,293.7,296.2340131810138,293.0217961251705,298.83757318187145,290.11326238541096,Up,1214
2025-12-24 19:30:00,293.7,297.8,293.4,297.4,296.34001198273984,293.1934903947717,298.8232689711066,290.11326238541096,Up,911
2025-12-24 20:00:00,297.4,298.0,294.8,295.2,296.23637452976345,293.2721770459571,298.7872165435334,290.11326238541096,Up,510
2025-12-24 20:30:00,295.2,297.1,292.3,295.1,296.1330677543304,293.3438563774882,298.75052782170724,290.11326238541096,Up,747
2025-12-24 21:00:00,295.1,297.0,295.1,296.5,296.1664252312094,293.4676267156259,298.7281345100485,290.11326238541096,Up,387
2025-12-24 21:30:00,296.5,297.0,295.1,295.1,296.06947748291765,293.5316413542288,298.6920336691525,290.11326238541096,Up,278
2025-12-24 22:00:00,295.3,297.9,294.7,296.9,296.14497952992514,293.6637338501414,298.6742024883649,290.11326238541096,Up,355
2025-12-24 22:30:00,296.9,297.2,294.8,295.1,296.049981390841,293.72005801288094,298.6386382845006,290.11326238541096,Up,297
2025-12-24 23:00:00,295.1,295.7,294.2,295.7,296.01816490076453,293.7977027966896,298.6093981025653,290.11326238541096,Up,267
2025-12-24 23:30:00,295.7,296.0,291.0,292.7,295.7165135461496,293.754655628192,298.55059812144526,290.11326238541096,Up,546
2025-12-25 00:00:00,292.2,293.0,291.0,292.2,295.3968304964996,293.6936887408119,298.4874080903861,290.11326238541096,Up,493
2025-12-26 09:00:00,299.0,299.3,295.8,296.3,295.47893681499966,293.795897025486,298.4656428357554,290.11326238541096,Up,72
2025-12-26 09:30:00,296.3,296.7,295.6,296.4,295.56266983181786,293.89801871076105,298.4450891756981,290.11326238541096,Up,495
2025-12-26 10:00:00,296.4,299.5,296.3,298.7,295.8478816652889,294.0863317024959,298.4476256018106,290.11326238541096,Up,560
2025-12-26 10:30:00,299.0,300.8,298.6,300.3,296.2526196957172,294.33000496906465,298.46605718786225,290.11326238541096,Up,522
2025-12-26 11:00:00,300.3,301.0,299.1,300.0,296.59329063247014,294.5523577153758,298.48132030042086,290.11326238541096,Up,526
2025-12-26 11:30:00,300.0,300.9,299.5,299.9,296.89390057497286,294.76206917751796,298.4954365163371,290.11326238541096,Up,352
2025-12-26 12:00:00,299.9,301.0,298.7,299.5,297.1308187045208,294.94787038624276,298.505432172891,290.11326238541096,Up,612
2025-12-26 12:30:00,299.5,300.5,299.0,300.0,297.39165336774613,295.145993116194,298.52030349455384,290.11326238541096,Up,258
2025-12-26 13:00:00,300.2,301.9,300.2,301.2,297.737866697951,295.3834051508531,298.54696714137424,290.4820112279307,Up,362
2025-12-26 13:30:00,301.2,302.7,300.8,302.4,298.1616969981373,295.6585657331726,298.58530577678346,291.451828389028,Up,316
2025-12-26 14:00:00,302.4,302.5,300.8,301.8,298.4924518164884,295.899406292656,298.6172927839796,291.6698439900254,Up,188
2025-12-26 14:30:00,301.6,302.3,301.5,302.1,298.8204107422622,296.142566830199,298.65194658712414,292.536221809114,Up,70
2025-12-26 15:00:00,302.1,302.2,301.2,301.7,299.0821915838747,296.36050538587745,298.68227547680453,292.82383800828546,Up,189
2025-12-26 15:30:00,301.7,302.0,301.3,301.8,299.3292650762497,296.57381890015677,298.7132976113637,293.3262163711686,Up,130
2025-12-26 16:00:00,301.8,303.0,301.7,303.0,299.66296825113614,296.8258260021114,298.7559513664745,294.3101967010624,Up,360
2025-12-26 16:30:00,303.1,303.6,301.7,302.9,299.95724386466924,297.06402890398937,298.797185681236,294.6501788191476,Up,684
2025-12-26 17:00:00,302.9,304.3,302.7,303.2,300.25203987697205,297.30465522147995,298.84099477893517,295.645617108316,Up,401
2025-12-26 17:30:00,303.3,303.3,300.8,301.0,300.32003625179277,297.44957070299057,298.86247741795074,295.645617108316,Up,466
2025-12-26 18:00:00,301.3,302.1,299.4,300.8,300.3636693198116,297.58096008718707,298.881756249613,295.645617108316,Up,525
2025-12-26 18:30:00,300.8,301.6,299.4,300.8,300.4033357452833,297.7071969465131,298.90084325210444,295.645617108316,Up,567
2025-12-26 19:00:00,300.8,301.9,297.8,298.1,300.1939415866212,297.7226009878263,298.89287466253126,295.645617108316,Up,887
2025-12-26 19:30:00,298.1,301.2,297.5,301.1,300.27631053329196,297.85504800791153,298.9148361086752,295.645617108316,Up,498
2025-12-26 20:00:00,301.3,302.5,299.3,299.4,300.1966459393563,297.91563436054247,298.91966361008144,295.645617108316,Up,599
2025-12-26 20:30:00,299.4,302.0,299.2,301.6,300.324223581233,298.06011928758,298.9463336239115,295.645617108316,Up,506
2025-12-26 21:00:00,301.6,301.7,299.1,300.9,300.37656689203004,298.1714871586553,298.96577309034024,295.645617108316,Up,489
2025-12-26 21:30:00,300.9,301.3,299.2,299.5,300.2968789927546,298.22358570145315,298.9710887809836,295.645617108316,Up,270
2025-12-26 22:00:00,299.6,301.0,298.6,300.6,300.3244354479587,298.31677841904326,298.9872968528146,295.645617108316,Up,498
2025-12-26 22:30:00,300.6,301.3,299.7,299.8,300.27675949814426,298.37494397123766,298.99538345129406,295.645617108316,Up,342
2025-12-26 23:00:00,299.8,301.6,299.8,301.0,300.3425086346766,298.4778873449146,299.0153298846145,295.645617108316,Up,217
2025-12-26 23:30:00,301.0,302.4,300.9,301.9,300.4840987587969,298.6120878411925,299.04403306984227,295.645617108316,Up,325
2025-12-27 00:00:00,301.9,302.0,300.2,300.8,300.5128170534517,298.6978883180085,299.06150537760504,295.645617108316,Up,331
2025-12-29 09:00:00,302.3,304.0,302.0,303.5,300.78437913950154,298.8862064231846,299.105669503201,295.645617108316,Up,81
2025-12-29 09:30:00,305.0,305.0,303.9,304.8,301.149435581365,299.1181198967852,299.1623295081443,295.645617108316,Up,952
2025-12-29 10:00:00,304.8,304.9,303.3,303.4,301.3540323466955,299.2860367635779,299.2044953836851,295.645617108316,Up,243
2025-12-29 10:30:00,303.4,303.8,300.8,301.5,301.36730213335954,299.37285885128074,299.2273362256385,295.645617108316,Up,600
2025-12-29 11:00:00,301.5,303.3,301.5,302.6,301.4793655757814,299.4994134061325,299.26089506916446,295.645617108316,Up,365
2025-12-29 11:30:00,302.6,303.2,300.0,300.9,301.4266959779831,299.55433837059786,299.2772045709638,295.645617108316,Up,421
2025-12-29 12:00:00,300.9,301.3,299.3,299.7,301.2697236163483,299.56005059135873,299.2814114906557,295.645617108316,Up,426
2025-12-29 12:30:00,299.7,300.2,299.2,299.3,301.0906578330439,299.5498525289525,299.2815964509477,295.645617108316,Up,247
2025-12-29 13:00:00,299.3,299.8,298.0,298.6,300.86423439367627,299.51260341017,299.2748143967094,295.645617108316,Up,487
2025-12-29 13:30:00,298.6,300.0,298.4,300.0,300.78566763061474,299.53171700192803,299.28203017385664,295.645617108316,Up,213
2025-12-29 14:00:00,300.0,301.5,300.0,301.0,300.80515239146797,299.5892967273426,299.29912440098246,295.645617108316,Up,303
2025-12-29 14:30:00,301.0,301.5,300.3,300.8,300.8046839922436,299.6367752870547,299.31405848654487,295.645617108316,Up,239
2025-12-29 15:00:00,300.8,300.9,300.0,300.7,300.79516726567596,299.6784703738369,299.3278489493653,295.645617108316,Up,83
2025-12-29 15:30:00,300.7,300.9,300.0,300.3,300.75015205970544,299.7028440846668,299.3375220941478,295.645617108316,Up,131
2025-12-29 16:00:00,300.3,300.6,299.0,299.6,300.6455927815504,299.69881098330734,299.3401338146041,295.645617108316,Up,257
2025-12-29 16:30:00,299.6,301.0,299.6,300.9,300.6687207105004,299.7459164349424,299.3556548711752,295.645617108316,Up,219
2025-12-29 17:00:00,300.9,301.7,300.4,301.6,300.75338246409126,299.81862559435643,299.3779866635019,295.645617108316,Up,275
2025-12-29 17:30:00,301.8,301.9,299.9,301.1,300.78489314917385,299.86887557104836,299.39512112456157,295.645617108316,Up,653
2025-12-29 18:00:00,301.1,301.6,299.2,301.5,300.84990286288536,299.93284123492884,299.4160651929739,295.645617108316,Up,531
2025-12-29 18:30:00,301.5,304.0,301.5,302.8,301.0271844208048,300.0452788335591,299.44973618607867,295.645617108316,Up,1007
2025-12-29 19:00:00,302.5,304.6,301.1,303.5,301.2519858370953,300.18075809498816,299.4900373185555,295.645617108316,Up,818
2025-12-29 19:30:00,303.5,304.6,303.1,303.9,301.49271439735935,300.32661071871416,299.5339175442415,296.0667819180954,Up,829
2025-12-29 20:00:00,304.0,304.9,302.5,304.0,301.72064945214487,300.47066520033326,299.57835617564206,296.0667819180954,Up,839
2025-12-29 20:30:00,303.9,306.3,303.1,305.7,302.082408592859,300.67573715326137,299.6392680544914,296.3105635686739,Up,852
2025-12-29 21:00:00,305.7,306.5,305.3,305.7,302.4112805389627,300.87276706881977,299.699573844994,297.83687597152164,Up,562
2025-12-29 21:30:00,305.7,307.9,304.4,307.0,302.8284368536025,301.1130507131798,299.7722149012627,297.83687597152164,Up,841
2025-12-29 22:00:00,307.0,308.4,306.6,308.2,303.31676077600224,301.3909702930551,299.85607345945914,299.0246908855551,Up,772
2025-12-29 22:30:00,308.2,308.5,306.2,307.4,303.6879643418202,301.62661851685687,299.93113740513616,299.0246908855551,Up,560
2025-12-29 23:00:00,307.4,308.9,306.6,306.6,303.95269485620014,301.82165308482325,299.9974942468761,299.14891808723564,Up,649
2025-12-29 23:30:00,306.6,307.3,304.6,306.0,304.13881350563645,301.9855098265949,300.0572206722803,299.14891808723564,Up,791
2025-12-30 00:00:00,306.0,308.5,302.7,305.4,304.2534668233058,302.1194114020226,300.11038265564076,299.14891808723564,Up,1069
2025-12-31 09:00:00,302.9,303.9,302.0,302.0,304.04860620300525,302.1147286019433,300.1291848182712,299.14891808723564,Up,99
2025-12-31 09:30:00,302.9,303.1,302.0,302.0,303.8623692754593,302.11022944108277,300.14779989470634,299.14891808723564,Up,720
2025-12-31 10:00:00,301.8,302.2,301.2,301.9,303.68397206859936,302.1019851492756,300.1652347216247,299.14891808723564,Up,477
2025-12-31 10:30:00,301.9,301.9,299.4,300.5,303.39452006236303,302.0391622022452,300.16856571941946,299.14891808723564,Up,687
2025-12-31 11:00:00,300.5,300.6,298.4,298.4,302.94047278396636,301.8964499590199,300.15096805056953,308.8494564155897,Down,587
2025-12-31 11:30:00,298.4,299.5,298.1,298.7,302.5549752581512,301.7710989802348,300.13653055752906,307.80859674144517,Down,625
2025-12-31 12:00:00,298.7,299.0,297.8,298.4,302.1772502346829,301.6388990202256,300.11925164650887,307.0259970376774,Down,631
2025-12-31 12:30:00,298.4,298.6,297.2,297.4,301.7429547588026,301.47266768609916,300.09219441619535,306.25090639788857,Down,316
2025-12-31 13:00:00,297.3,298.4,296.7,297.0,301.3117770534569,301.29726895331095,300.06142631255165,305.7599149071714,Down,351
2025-12-31 13:30:00,297.0,297.7,297.0,297.0,300.91979732132444,301.1287486022007,300.030964359193,305.068104461065,Down,178
2025-12-31 14:00:00,297.0,297.3,295.1,295.5,300.4270884739313,300.90801336289866,299.98588013671343,304.0164586009682,Down,614
2025-12-31 14:30:00,295.5,295.5,294.3,294.7,299.90644406721026,300.66456185847125,299.9332843144576,302.4422350917892,Down,511
2025-12-31 15:00:00,294.5,295.5,294.4,295.0,299.46040369746385,300.4424221777469,299.88419690834354,302.206577356172,Down,470
2025-12-31 15:30:00,295.0,296.5,294.7,296.4,299.18218517951254,300.2838958178353,299.8495282823899,302.206577356172,Down,466
2025-12-31 16:00:00,296.4,296.4,295.5,295.6,298.85653198137504,300.10021362890063,299.80724441888356,302.206577356172,Down,296
2025-12-31 16:30:00,295.8,296.4,295.5,296.1,298.6059381648864,299.9433425061987,299.7703564147156,302.206577356172,Down,210
2025-12-31 17:00:00,296.1,296.6,295.1,295.3,298.30539833171497,299.7612506432105,299.72587525636027,302.206577356172,Down,456
2025-12-31 17:30:00,295.4,295.5,294.2,295.2,298.02308939246814,299.58237806896693,299.68084167171986,301.28778017905637,Down,502
2025-12-31 18:00:00,295.2,295.4,292.8,293.3,297.5937176295165,299.3360103015565,299.6173507098122,300.8979819809603,Down,1191
2025-12-31 18:30:00,293.3,294.0,292.5,293.8,297.2488342086513,299.11891185835816,299.5594666231474,299.97543816450934,Down,803
2025-12-31 19:00:00,293.8,295.1,293.5,294.2,296.97166746241027,298.9260133541089,299.5061385970464,299.97543816450934,Down,730
2025-12-31 19:30:00,294.4,294.5,290.1,290.1,296.34697042037294,298.5798951833595,299.4125451781703,299.97543816450934,Down,1437
2025-12-31 20:00:00,290.1,292.4,289.5,292.0,295.9517912912481,298.3218600781297,299.3387885097309,298.9928536172121,Down,782
2025-12-31 20:30:00,292.0,292.6,289.1,289.5,295.36526481022554,297.97590478094816,299.24089011659925,298.9928536172121,Down,931
2025-12-31 21:00:00,289.5,289.6,286.9,288.5,294.7411498274778,297.6043006718914,299.1340155880759,297.0358294357125,Down,1187
2025-12-31 21:30:00,288.5,289.7,288.2,289.0,294.2192271158889,297.26687711613096,299.0331796120752,297.0358294357125,Down,719
2025-12-31 22:00:00,289.0,289.0,286.6,287.0,293.56293374171713,296.8642544841258,298.91344648160674,296.4296111038946,Down,516
2025-12-31 22:30:00,287.0,288.7,287.0,288.5,293.1026670379247,296.5362445043562,298.8098300987052,296.3132828217224,Down,413
2025-12-31 23:00:00,288.7,289.5,286.0,288.2,292.65697003447696,296.2093329551658,298.7042596499619,296.3132828217224,Down,1163
2025-12-31 23:30:00,288.2,290.9,287.7,290.8,292.4881545767972,295.99720225104164,298.625610300211,296.3132828217224,Down,976
2026-01-01 00:00:00,290.8,291.0,286.5,286.8,291.9710496152702,295.6365276529616,298.5079425360298,296.3132828217224,Down,864
2026-01-01 09:00:00,284.1,287.8,283.6,286.1,291.4373178320638,295.2625461763749,298.3844804212435,296.3132828217224,Down,38
2026-01-01 09:30:00,286.1,287.1,271.4,282.3,290.60665257460346,294.75421103220333,298.2244358399376,294.6984671450177,Down,3288
2026-01-01 10:00:00,282.0,282.4,278.7,280.6,289.69695688600314,294.1991439329012,298.04906831914224,294.6984671450177,Down,930
2026-01-01 10:30:00,280.6,285.4,275.6,281.9,288.9881426236392,293.71682456298356,297.8883810721856,294.6984671450177,Down,1905
2026-01-01 11:00:00,281.9,282.4,280.6,281.5,288.3074023851265,293.2377334036509,297.7253126038057,294.6984671450177,Down,359
2026-01-01 11:30:00,281.5,282.1,280.9,282.0,287.7340021682968,292.79703797605674,297.56884183162856,294.6984671450177,Down,134
2026-01-01 12:00:00,282.1,282.8,281.1,282.3,287.2400019711789,292.38538942797607,297.4169130571845,294.6984671450177,Down,563
2026-01-01 12:30:00,282.3,282.3,279.2,280.7,286.64545633743535,291.9271388621731,297.2505756138294,294.6984671450177,Down,443
2026-01-01 13:00:00,280.7,281.7,280.3,281.0,286.13223303403214,291.4986236126761,297.0888783440401,294.6984671450177,Down,167
2026-01-01 13:30:00,281.0,281.1,280.5,280.9,285.65657548548376,291.0829913141398,296.92779497743277,293.49036938526365,Down,109
2026-01-01 14:00:00,280.9,281.1,280.6,280.9,285.224159532258,290.6836583214284,296.7683144303937,292.56851762296697,Down,66
2026-01-01 14:30:00,280.9,283.0,280.9,282.3,284.9583268475073,290.3548874068626,296.6243511027281,292.56851762296697,Down,338
2026-01-01 15:00:00,282.5,283.6,282.4,282.8,284.7621153159157,290.0586173124758,296.48679537036264,292.56851762296697,Down,211
2026-01-01 15:30:00,282.8,283.5,282.2,282.4,284.54737755992335,289.75827937865324,296.34662825224956,292.56851762296697,Down,211
2026-01-01 16:00:00,282.7,283.4,282.3,283.0,284.4067068726576,289.4932488147845,296.2138259810829,292.56851762296697,Down,138
2026-01-01 16:30:00,283.0,283.7,282.5,283.5,284.3242789751432,289.2582194494989,296.08732024992787,292.443702071373,Down,158
2026-01-01 17:00:00,283.5,284.1,283.4,283.8,284.2766172501302,289.04417162794994,295.9650583568938,292.443702071373,Down,306
2026-01-01 18:00:00,283.8,283.8,283.8,283.8,284.23328840920925,288.83851783861854,295.84401300010876,291.75347278625867,Down,0
2026-01-01 19:30:00,283.8,283.8,283.8,283.8,284.1938985538266,288.64092890377077,295.72417207473455,291.0304298056897,Down,0
2026-01-02 09:00:00,283.8,283.8,279.4,280.6,283.8671805034787,288.32559835852487,295.5736828003591,289.7731180051725,Down,96
2026-01-02 09:30:00,280.6,281.7,279.8,281.7,283.6701640940716,288.0657709719161,295.4356362053307,288.8710163683386,Down,844
2026-01-02 10:00:00,281.7,281.8,280.7,281.2,283.44560372188323,287.7965250514488,295.29398808388464,288.8710163683386,Down,288
2026-01-02 10:30:00,281.2,281.3,280.1,280.3,283.1596397471666,287.50254367688217,295.1447941726022,288.2115837754865,Down,311
2026-01-02 11:00:00,280.3,280.4,279.3,279.4,282.8178543156059,287.18479686602404,294.9881295539694,287.0787125231695,Down,644
2026-01-02 11:30:00,279.4,280.8,279.4,280.3,282.58895846873264,286.9148048320623,294.8419790111438,287.0787125231695,Down,413
2026-01-02 12:00:00,280.2,282.0,280.1,281.0,282.4445076988479,286.6828517013932,294.7042478767046,287.0787125231695,Down,464
2026-01-02 12:30:00,281.0,281.1,279.7,280.3,282.2495524534981,286.43254379153467,294.56092202718514,287.0787125231695,Down,316
2026-01-02 13:00:00,280.3,280.5,279.5,280.0,282.0450476849982,286.18028717225883,294.41603723089474,286.71724098297216,Down,170
2026-01-02 13:30:00,280.0,280.5,279.2,279.6,281.82277062272567,285.92223669491534,294.26861397486596,286.42930998452016,Down,297
2026-01-02 14:00:00,279.6,281.9,279.5,281.9,281.8297914752051,285.7645019225657,294.1455431890464,286.42930998452016,Down,333
2026-01-02 14:30:00,281.9,282.9,281.8,282.5,281.89071952291374,285.63648223932785,294.0296671374141,286.42930998452016,Down,352
2026-01-02 15:00:00,282.5,282.8,281.7,282.3,281.9279268390125,285.5056397985699,293.9129540315692,286.42930998452016,Down,305
2026-01-02 15:30:00,282.3,282.5,281.6,282.0,281.9344789445568,285.36816372803776,293.7944171755337,286.42930998452016,Down,162
2026-01-02 16:00:00,282.0,282.5,282.0,282.2,281.95861722232434,285.24392201321274,293.6790498404538,286.42930998452016,Down,168
2026-01-02 16:30:00,282.2,282.4,280.7,281.6,281.9260156566585,285.1010231107338,293.5588602898025,286.42930998452016,Down,313
2026-01-02 17:00:00,281.6,282.9,281.3,282.5,281.9781960515077,284.9990222044305,293.4488218789587,286.42930998452016,Down,371
2026-01-02 17:30:00,282.4,283.8,281.5,283.3,282.0983600468252,284.93239388268813,293.3478385766805,286.42930998452016,Down,409
2026-01-02 18:00:00,283.3,285.3,282.8,283.0,282.18032731529564,284.85661373042586,293.24487500875335,286.42930998452016,Down,944
2026-01-02 18:30:00,283.0,284.0,281.3,282.0,282.163933922996,284.74458966256606,293.13298570518367,286.42930998452016,Down,715
2026-01-02 19:00:00,282.1,284.5,280.3,282.8,282.22175811181455,284.6683312444262,293.0301699270226,286.42930998452016,Down,1247
2026-01-02 19:30:00,282.8,283.3,281.0,281.9,282.1925073743769,284.55976923484087,292.9194219675498,286.42930998452016,Down,966
2026-01-02 20:00:00,281.9,282.0,280.0,280.4,282.02955215852444,284.396641029553,292.79485060468863,286.42930998452016,Down,833
2026-01-02 20:30:00,280.4,281.0,278.5,279.5,281.79959287138587,284.20461589113916,292.6625635339952,286.42930998452016,Down,1038
2026-01-02 21:00:00,279.5,280.3,279.0,280.2,281.65417533762354,284.04757213070235,292.5385579266918,286.42930998452016,Down,599
2026-01-02 21:30:00,280.2,282.6,280.2,282.0,281.68561394329413,283.9672751844003,292.43369665378935,286.42930998452016,Down,1113
2026-01-02 22:00:00,282.0,282.2,280.7,281.1,281.63237631208557,283.85483302030616,292.32092355275665,286.42930998452016,Down,723
2026-01-02 22:30:00,281.1,281.4,279.6,280.6,281.53852392007775,283.7271925097059,292.20429744775413,286.42930998452016,Down,610
2026-01-02 23:00:00,280.6,283.0,280.6,282.2,281.5986581091616,283.6673026073645,292.1047521995178,286.42930998452016,Down,793
2026-01-02 23:30:00,282.2,282.7,280.5,281.8,281.6169619174196,283.5940750541345,292.00221735176143,286.42930998452016,Down,439
2026-01-03 00:00:00,281.8,282.7,281.3,281.8,281.6336017431087,283.52371916965865,291.9007027512464,286.42930998452016,Down,638
2026-01-05 09:00:00,275.2,275.2,264.9,268.8,280.4669106755534,282.9463184179074,291.67084501242806,283.3024598067324,Down,172
2026-01-05 09:30:00,268.6,268.7,267.0,268.1,279.34264606868487,282.36410985249927,291.43630924116013,280.5522361879386,Down,1933
2026-01-05 10:00:00,268.1,268.2,267.3,267.5,278.2660418806226,281.78120358377384,291.1981370099048,279.6247601708532,Down,555
2026-01-05 10:30:00,267.5,269.6,267.2,269.0,277.4236744369296,281.27997991382193,290.97726002473166,279.6247601708532,Down,649
2026-01-05 11:00:00,269.2,270.1,269.1,269.6,276.71243130629966,280.8219414858289,290.7645509697592,279.6247601708532,Down,594
2026-01-05 11:30:00,269.6,269.7,268.8,269.7,276.0749375511815,280.3857869177572,290.5549534476721,279.5838543732932,Down,283
2026-01-05 12:00:00,269.7,270.2,267.7,269.8,275.50448868289226,279.9706580190216,290.348436497944,279.25350397572106,Down,803
2026-01-05 12:30:00,269.8,269.8,269.0,269.8,274.9858988026293,279.5718086849423,290.1439744432381,279.05773088701915,Down,117
2026-01-05 13:00:00,269.8,270.1,269.4,269.5,274.487180729663,279.17683579533673,289.9385617622109,278.7843008063811,Down,223
2026-01-05 13:30:00,269.5,270.8,269.5,270.5,274.12470975423906,278.8365677249314,289.7451432372138,278.7843008063811,Down,191
2026-01-05 14:00:00,270.6,271.1,270.1,270.7,273.8133725038537,278.5174866376792,289.5556393244057,278.7843008063811,Down,269
2026-01-05 14:30:00,270.7,270.9,270.3,270.3,273.49397500350335,278.19523225973103,289.36404092316786,278.3270479386785,Down,104
2026-01-05 15:00:00,270.3,271.3,269.6,270.2,273.1945227304576,277.8816937397416,289.17335394880797,278.0927708533441,Down,324
2026-01-05 15:30:00,270.2,270.8,269.8,270.3,272.931384300416,277.5843724166145,288.98555938215316,277.6116098666765,Down,246
2026-01-05 16:00:00,270.4,271.3,270.1,271.3,272.78307663674184,277.3379264394923,288.8095836669079,277.6116098666765,Down,230
2026-01-05 16:30:00,271.4,271.5,270.4,271.2,272.6391605788562,277.0972234418652,288.63436392892874,277.6116098666765,Down,214
2026-01-05 17:00:00,271.2,271.2,269.8,270.0,272.39923688986926,276.8189009539489,288.448947372422,277.226679088412,Down,240
2026-01-05 17:30:00,269.7,270.9,268.4,268.7,272.06294262715386,276.5005126812451,288.25244043339296,276.6742537167382,Down,654
2026-01-05 18:00:00,268.9,269.5,267.8,268.1,271.7026751155944,276.17108081139236,288.05191863803583,275.6538670152165,Down,719
2026-01-05 18:30:00,268.1,268.4,266.8,266.8,271.2569773778131,275.8035874462397,287.8404567610405,274.54897001383324,Down,931
2026-01-05 19:00:00,266.9,267.2,263.2,265.7,270.7517976161937,275.40736833070093,287.6201537086919,272.9717909216666,Down,2692
2026-01-05 19:30:00,265.7,266.2,261.2,262.1,269.96527056017607,274.8855107491048,287.3662218309935,272.5834462924241,Down,2773
2026-01-05 20:00:00,261.9,262.7,258.6,260.5,269.10479141834185,274.3213730726693,287.0988962406353,270.2167693567492,Down,3352
2026-01-05 20:30:00,260.5,263.6,260.4,260.8,268.34981038031077,273.7911231482509,286.83721568102703,270.2167693567492,Down,1652
2026-01-05 21:00:00,260.8,261.9,260.2,261.5,267.727100345737,273.30911831890774,286.5851040822109,270.2167693567492,Down,596
2026-01-05 21:30:00,261.5,262.0,260.5,261.5,267.16100031430636,272.8460156397349,286.3355010565172,270.2167693567492,Down,720
2026-01-05 22:00:00,261.5,262.5,260.7,262.5,266.7372730130058,272.4402895362159,286.0983318917758,270.2167693567492,Down,1052
2026-01-05 22:30:00,262.5,263.0,260.6,260.9,266.2066118300052,271.9877291622467,285.8476022212109,270.2167693567492,Down,831
2026-01-05 23:00:00,260.9,264.3,260.9,262.8,265.89691984545925,271.6274260578449,285.6182728458755,270.2167693567492,Down,944
2026-01-05 23:30:00,262.8,264.8,261.7,262.9,265.6244725867811,271.2851740555765,285.3922203797474,270.2167693567492,Down,1270
2026-01-06 00:00:00,262.9,263.9,261.0,262.5,265.3404296243464,270.94065742594603,285.1644370923868,270.2167693567492,Down,1163
2026-01-06 09:00:00,261.0,262.0,260.6,261.3,264.97311784031496,270.5625924288501,284.9269800068904,270.2167693567492,Down,80
2026-01-06 09:30:00,261.2,261.8,260.3,260.5,264.56647076392267,270.167980961052,284.6839254794587,270.2167693567492,Down,756
2026-01-06 10:00:00,260.5,261.8,260.5,260.7,264.21497342174786,269.7966875900304,284.4452794547875,270.16638848740786,Down,580
2026-01-06 10:30:00,260.7,261.0,260.2,260.5,263.87724856522533,269.4321116061076,284.20701796767526,269.08762589764353,Down,258
2026-01-06 11:00:00,260.5,261.2,260.2,260.7,263.5884077865685,269.0896758568485,283.97311729138,268.7796599069486,Down,195
2026-01-06 11:30:00,260.7,261.0,259.1,259.1,263.1803707150623,268.6979238624623,283.72562358698815,268.0860544608624,Down,550
2026-01-06 12:00:00,259.1,260.6,259.0,259.7,262.86397337732933,268.34506410315004,283.4865626557743,267.68732223714767,Down,460
2026-01-06 12:30:00,259.7,259.9,258.6,258.8,262.4945212521176,267.9707478638108,283.2409252164134,266.89302021558876,Down,268
2026-01-06 13:00:00,258.8,260.4,258.5,259.6,262.23138295647055,267.6424832417006,283.005692129683,266.89302021558876,Down,463
2026-01-06 13:30:00,259.6,260.2,259.3,259.4,261.9739845058823,267.3192486047712,282.7708096209299,266.89302021558876,Down,103
2026-01-06 14:00:00,259.4,259.7,259.2,259.6,261.7581677326203,267.01653297321155,282.5402543013187,266.24265230322214,Down,157
2026-01-06 14:30:00,259.6,259.9,259.3,259.3,261.5346979387457,266.7139238370072,282.30900798986283,265.9933202756565,Down,98
2026-01-06 15:00:00,259.3,260.5,259.3,260.3,261.422452671587,266.4623974120265,282.0900128854861,265.9933202756565,Down,344
2026-01-06 15:30:00,260.3,261.1,260.1,261.0,261.3840478832609,266.2481857488098,281.8801620110036,265.9933202756565,Down,222
2026-01-06 16:00:00,261.0,261.8,260.9,261.0,261.3491344393281,266.04237454297413,281.672399204924,265.9933202756565,Down,597
2026-01-06 16:30:00,261.0,261.8,260.0,260.2,261.24466767211646,265.8132618157987,281.45874349144214,265.9933202756565,Down,412
2026-01-06 17:00:00,260.2,260.3,258.7,259.6,261.0951524291968,265.5696044896889,281.2412435562039,265.4883293339728,Down,614
2026-01-06 17:30:00,259.5,260.2,258.8,258.8,260.8865022083607,265.30412980381874,281.0179476004208,265.453026667248,Down,398
2026-01-06 18:00:00,258.7,259.5,257.2,258.8,260.6968201894188,265.0490658899435,280.79687349494407,264.5982060611346,Down,992
2026-01-06 18:30:00,258.8,259.0,257.0,258.4,260.4880183540171,264.78831820798496,280.5740190323078,264.40746005557685,Down,968
2026-01-06 19:00:00,258.4,258.6,256.5,257.5,260.2163803218337,264.5025018076718,280.3444268031306,264.1386000505244,Down,1323
2026-01-06 19:30:00,257.5,257.7,254.4,254.8,259.7239821107579,264.1220115407043,280.09025340210445,263.23963640956765,Down,1508
2026-01-06 20:00:00,254.9,259.3,254.9,258.5,259.6127110097799,263.9015404998924,279.8754250100437,263.23963640956765,Down,1050
2026-01-06 20:30:00,258.5,258.8,256.9,257.0,259.3751918270726,263.6308918528378,279.6478088407896,263.23963640956765,Down,658
2026-01-06 21:00:00,257.0,257.2,255.6,255.9,259.05926529733875,263.32771962331475,279.41151223540857,263.23963640956765,Down,945
2026-01-06 21:30:00,255.9,259.0,255.8,258.5,259.0084229975807,263.1383972851456,279.20343748679755,263.23963640956765,Down,760
2026-01-06 22:00:00,258.5,260.5,257.5,259.9,259.08947545234605,263.0114013131791,279.0113634819538,263.23963640956765,Down,989
2026-01-06 22:30:00,259.9,260.0,258.6,258.9,259.0722504112237,262.8501698891328,278.8112504124816,263.23963640956765,Down,596
2026-01-06 23:00:00,258.9,259.8,257.8,258.8,259.04750037383974,262.6913396974021,278.6121334929545,263.23963640956765,Down,784
2026-01-06 23:30:00,258.8,259.6,258.5,258.8,259.0250003398543,262.5387381406412,278.41499783630826,263.23963640956765,Down,489
2026-01-07 00:00:00,258.8,260.0,258.6,259.2,259.0409093998675,262.4078072331651,278.22380382798684,263.23963640956765,Down,665
2026-01-07 09:00:00,261.0,264.6,261.0,262.3,259.3371903635159,262.4035794985312,278.06535801875316,263.23963640956765,Down,150
2026-01-07 09:30:00,262.4,262.9,259.9,260.5,259.442900330469,262.3289293221182,277.8905783369745,263.23963640956765,Down,1311
2026-01-07 10:00:00,260.5,261.7,260.5,261.3,259.61172757315364,262.28857915262336,277.7254979555121,263.23963640956765,Down,351
2026-01-07 10:30:00,261.2,261.9,261.1,261.5,259.78338870286694,262.25765447997145,277.5640502146612,263.23963640956765,Down,189
2026-01-07 11:00:00,261.5,261.8,260.4,261.8,259.9667170026063,262.2397072454628,277.4071939936198,263.23963640956765,Down,226
2026-01-07 11:30:00,261.8,264.4,261.8,263.9,260.32428818418754,262.3048167652486,277.27279405338476,254.74528036993814,Up,1261
2026-01-07 12:00:00,263.9,264.0,262.2,263.6,260.6220801674432,262.3556082646506,277.136746351361,254.85025488176194,Up,509
2026-01-07 12:30:00,263.6,264.0,263.1,263.6,260.89280015222107,262.40440794054666,277.00205235781516,255.72295898341997,Up,282
2026-01-07 13:00:00,263.6,264.0,262.8,263.0,261.0843637747464,262.4277644918978,276.8627284537573,255.84814453038175,Up,234
2026-01-07 13:30:00,263.0,263.5,262.2,262.3,261.1948761588604,262.42275411966654,276.71782568307316,255.84814453038175,Up,252
2026-01-07 14:00:00,262.3,263.5,262.2,263.5,261.40443287169126,262.4649990561502,276.58630502951024,255.84814453038175,Up,243
2026-01-07 14:30:00,263.5,263.7,262.4,263.0,261.5494844288102,262.4859794853208,276.45111791478877,256.0830161760944,Up,173
2026-01-07 15:00:00,262.9,263.6,262.4,263.2,261.6995312989184,262.51398028981805,276.31926599523865,256.23001470554044,Up,202
2026-01-07 15:30:00,263.2,264.1,263.2,263.6,261.8723011808349,262.5565692980605,276.1927061345895,257.1681951868549,Up,256
2026-01-07 16:00:00,263.6,264.0,263.3,263.5,262.02027380075896,262.5935665804895,276.06641055116074,257.50290471532264,Up,171
2026-01-07 16:30:00,263.5,264.8,263.3,263.8,262.18206709159904,262.64087769498013,275.9443567148308,257.9162770139297,Up,364
2026-01-07 17:00:00,263.8,266.2,263.7,266.2,262.5473337196355,262.7804511187064,275.84739794154893,258.4647972853906,Up,1006
2026-01-07 17:30:00,265.8,266.0,263.1,263.3,262.61575792694134,262.80082558463954,275.7225482107873,258.4647972853906,Up,895
2026-01-07 18:00:00,263.3,264.2,262.7,263.5,262.6961435699467,262.82824418916346,275.6009308156551,258.4647972853906,Up,602
2026-01-07 18:30:00,263.5,266.9,262.9,266.4,263.0328577908606,262.9683130444904,275.5093792652506,258.4647972853906,Up,1350
2026-01-07 19:00:00,266.4,266.5,265.0,266.3,263.3298707189642,263.09896743490253,275.417743650671,258.4647972853906,Up,743
2026-01-07 19:30:00,266.3,267.2,262.5,262.6,263.26351883542196,263.0794000845142,275.2902039128534,258.4647972853906,Up,1433
2026-01-07 20:00:00,262.6,264.0,261.5,263.9,263.3213807594745,263.1115804733568,275.1768685505365,258.4647972853906,Up,1199
2026-01-07 20:30:00,264.2,265.5,263.8,264.1,263.392164326795,263.1503420234213,275.0666509530187,258.4647972853906,Up,927
2026-01-07 21:00:00,264.1,264.8,263.1,263.3,263.3837857516318,263.15621096367926,274.9495698490086,258.4647972853906,Up,427
2026-01-07 21:30:00,263.3,263.9,261.6,263.3,263.37616886511984,263.16184974941734,274.83365373110803,258.4647972853906,Up,1081
2026-01-07 22:00:00,263.3,265.1,263.2,264.6,263.487426241018,263.2182477984598,274.7318263307985,258.4647972853906,Up,885
2026-01-07 22:30:00,264.6,265.4,263.7,264.7,263.5976602191073,263.27635572793196,274.63200716332796,258.4647972853906,Up,626
2026-01-07 23:00:00,264.7,264.9,262.7,263.5,263.58878201737025,263.28512609154245,274.5212409228968,258.4647972853906,Up,739
2026-01-07 23:30:00,263.5,267.4,262.7,266.7,263.8716200157911,263.4190427154035,274.4434176301317,258.4647972853906,Up,1442
2026-01-08 00:00:00,266.7,267.8,264.6,265.5,264.0196545598101,263.50064888342695,274.3544283999812,258.4647972853906,Up,1212
2026-01-08 09:00:00,267.3,268.1,267.2,267.7,264.35423141800914,263.665329319371,274.2882151820709,258.4647972853906,Up,66
2026-01-08 09:30:00,267.7,268.1,267.1,267.7,264.6583921981901,263.8235516990035,274.2226608021498,258.4647972853906,Up,652
2026-01-08 10:00:00,267.7,268.0,267.3,267.5,264.91672018017283,263.9677261421798,274.15576865486474,259.08782050681396,Up,446
2026-01-08 10:30:00,267.5,268.9,267.5,268.1,265.2061092547026,264.12977609738846,274.09551225033874,259.90710955164906,Up,515
2026-01-08 11:00:00,268.1,268.2,267.2,267.6,265.42373568609327,264.26586330925556,274.0308802876488,259.90710955164906,Up,329
2026-01-08 11:30:00,267.6,268.4,266.4,266.6,265.53066880553934,264.3573980814416,273.95694118030906,259.90710955164906,Up,523
2026-01-08 12:00:00,266.5,266.7,265.1,266.4,265.6096989141266,264.4375001174635,273.8817477357289,259.90710955164906,Up,615
2026-01-08 12:30:00,266.4,268.2,266.3,267.7,265.79972628556965,264.5654412893277,273.8202378080102,259.90710955164906,Up,476
2026-01-08 13:00:00,267.7,268.3,267.4,268.2,266.0179329868815,264.7079730034717,273.76431504375137,260.46977482390616,Up,209
2026-01-08 13:30:00,268.2,268.2,267.7,267.7,266.1708481698922,264.8253073954924,273.70397360052993,261.058886203551,Up,136
2026-01-08 14:00:00,267.7,268.1,267.0,267.0,266.2462256089929,264.9105894584143,273.63726739554954,261.058886203551,Up,149
2026-01-08 14:30:00,267.0,267.1,265.8,266.2,266.24202328090263,264.9611545776922,273.5632647348973,261.058886203551,Up,371
2026-01-08 15:00:00,266.2,266.4,265.5,265.9,266.210930255366,264.99797204523367,273.4870133445003,261.058886203551,Up,252
2026-01-08 15:30:00,265.9,266.3,265.5,266.0,266.19175477760547,265.03726725914606,273.4125156992814,261.058886203551,Up,272
2026-01-08 16:00:00,266.1,266.5,266.0,266.2,266.1925043432777,265.0828646215325,273.34074937391546,261.058886203551,Up,214
2026-01-08 16:30:00,266.2,266.2,265.3,265.5,266.1295494029797,265.09922287166853,273.26273196720985,261.058886203551,Up,296
2026-01-08 17:00:00,265.5,266.7,264.3,265.1,266.0359540027088,265.0992533472894,273.1815107536058,261.058886203551,Up,594
2026-01-08 17:30:00,265.2,265.5,263.9,264.5,265.8963218206444,265.07575321602314,273.09512756202764,261.058886203551,Up,994
2026-01-08 18:00:00,264.5,264.5,261.8,261.8,265.52392892785855,264.94729230559085,272.98273823305226,261.058886203551,Up,1425
2026-01-08 18:30:00,261.8,262.9,259.5,260.5,265.067208116235,264.77288868576375,272.8585318824746,268.1810322164024,Down,1858
2026-01-08 19:00:00,260.4,261.0,258.3,258.9,264.50655283294094,264.5425793255377,272.7196410179724,266.9782111058203,Down,1312
2026-01-08 19:30:00,258.9,261.0,258.6,260.7,264.16050257540087,264.39188994022254,272.6000425998831,266.9782111058203,Down,1178
2026-01-08 20:00:00,260.7,261.6,259.9,260.7,263.8459114321826,264.2471099425668,272.4816342158047,266.9782111058203,Down,1252
2026-01-08 20:30:00,260.7,260.7,256.8,258.8,263.3871922110751,264.0334977879563,272.3454985519659,266.95722096605584,Down,1653
2026-01-08 21:00:00,258.8,263.0,258.5,260.1,263.0883565555228,263.87924297274236,272.2236527952299,266.95722096605584,Down,1066
2026-01-08 21:30:00,259.6,260.1,256.0,258.8,262.69850595956615,263.6800569738113,272.0900841107003,266.95722096605584,Down,1702
2026-01-08 22:00:00,258.8,259.7,257.3,257.4,262.21682359960556,263.43378022974025,271.94391411954905,266.95722096605584,Down,656
2026-01-08 22:30:00,257.4,258.3,257.2,257.6,261.7971123632778,263.20500453445635,271.8011886059217,266.95722096605584,Down,614
2026-01-08 23:00:00,257.6,258.8,256.5,257.3,261.38828396661614,262.97343572918356,271.65689817203196,266.90510115805296,Down,716
2026-01-08 23:30:00,257.3,257.3,255.0,257.0,260.98934906056013,262.739183347647,271.5110583892257,265.40009196186634,Down,914
2026-01-09 00:00:00,257.0,257.5,256.1,256.6,260.5903173277819,262.498431059504,271.3626896490344,265.40009196186634,Down,416
2026-01-09 09:00:00,255.3,256.7,253.1,255.5,260.12756120707445,262.2239827826607,271.2048519410838,264.31660492716225,Down,184
2026-01-09 09:30:00,255.5,255.8,255.2,255.5,259.7068738246131,261.9602971833407,271.04858475759045,264.27873175196567,Down,569
2026-01-09 10:00:00,255.5,255.8,255.3,255.7,259.3426125678301,261.71479533301357,270.89586252119653,263.7124834108779,Down,280
2026-01-09 10:30:00,255.8,257.4,255.7,257.4,259.16601142530004,261.5455876728954,270.76157533193094,263.7124834108779,Down,424
2026-01-09 11:00:00,257.4,258.6,256.7,258.2,259.0781922048182,261.41438815631125,270.63658453260825,263.7124834108779,Down,361
2026-01-09 11:30:00,258.2,258.3,256.5,257.1,258.8983565498347,261.2451964639069,270.50189214919925,263.7124834108779,Down,408
2026-01-09 12:00:00,257.1,257.9,256.4,257.9,258.8075968634861,261.1140122888517,270.3765001875157,263.7124834108779,Down,452
2026-01-09 12:30:00,257.9,257.9,256.6,257.2,258.66145169407827,260.96052161085754,270.24539073291356,263.7124834108779,Down,178
2026-01-09 13:00:00,257.2,257.3,256.6,256.9,258.50131972188933,260.8012854692553,270.11260077537213,263.7124834108779,Down,137
2026-01-09 13:30:00,256.9,257.2,256.4,256.8,258.3466542926267,260.64437231359824,269.98013708606493,263.5364615063304,Down,271
2026-01-09 14:00:00,256.8,256.9,256.1,256.2,258.1515039023879,260.4700832032611,269.8430212941638,262.91496500575494,Down,247
2026-01-09 14:30:00,256.2,257.4,255.5,257.3,258.07409445671624,260.3457662148979,269.7182151121323,262.91496500575494,Down,712
2026-01-09 15:00:00,257.3,257.9,256.2,257.7,258.04008586974203,260.2420106770588,269.5986308821609,262.91496500575494,Down,873
2026-01-09 15:30:00,257.7,258.0,256.9,257.7,258.0091689724927,260.1423239838408,269.4802365450249,262.91496500575494,Down,702
2026-01-09 16:00:00,257.9,258.0,253.5,254.7,257.7083354295388,259.9288995138863,269.33316951472614,262.91496500575494,Down,3654
2026-01-09 16:30:00,254.7,255.2,253.3,253.8,257.35303220867166,259.68855051334174,269.17861061408206,261.67862882301563,Down,1346
2026-01-09 17:00:00,253.8,254.6,253.1,253.7,257.0209383715197,259.4537053951715,269.02459458807135,261.14875347546877,Down,868
2026-01-09 17:30:00,253.9,254.4,252.7,252.9,256.64630761047243,259.1966973404589,268.8641508608269,260.80341225042616,Down,882
2026-01-09 18:00:00,252.9,253.1,246.7,246.7,255.74209782770222,258.70663077808797,268.6436120462913,258.82128386402377,Down,3192
2026-01-09 18:30:00,246.7,249.3,245.1,249.1,255.13827075245658,258.32990015933945,268.4491482448357,256.83753078547613,Down,2326
2026-01-09 19:00:00,249.1,251.0,245.0,246.9,254.38933704768777,257.8816687805418,268.234728859315,256.83753078547613,Down,2459
2026-01-09 19:30:00,246.9,247.7,245.3,245.8,253.6084882251707,257.4078778479716,268.0114977263865,256.83753078547613,Down,1328
2026-01-09 20:00:00,245.8,248.0,245.5,247.6,253.06226202288244,257.0232551872668,267.80839824652196,256.83753078547613,Down,983
2026-01-09 20:30:00,247.6,248.9,246.8,246.8,252.49296547534766,256.62234321913866,267.59935945799936,256.83753078547613,Down,989
2026-01-09 21:00:00,246.8,247.0,244.5,245.2,251.8299686139524,256.17440819093713,267.3764802594123,256.23467304485916,Down,1262
2026-01-09 21:30:00,245.2,246.9,244.0,246.4,251.3363351035931,255.79109806580234,267.1677590628012,256.0360664044174,Down,1552
2026-01-09 22:00:00,246.4,248.4,245.8,247.1,250.95121373053917,255.45027069067285,266.9680798681465,256.0360664044174,Down,1050
2026-01-09 22:30:00,247.0,247.6,245.9,246.0,250.50110339139925,255.07967184005824,266.7594422575182,256.0360664044174,Down,535
2026-01-09 23:00:00,246.0,246.4,245.0,245.1,250.01009399218114,254.68831216005597,266.5439254191349,255.5059101460687,Down,572
2026-01-09 23:30:00,245.1,245.5,244.4,244.5,249.5091763565283,254.28877050672045,266.324582877651,254.26446376915334,Down,811
2026-01-10 00:00:00,244.5,244.9,242.0,242.3,248.85379668775298,253.81862264371182,266.085532301754,252.9722397901394,Down,1159
2026-01-12 09:00:00,247.0,247.9,245.4,246.5,248.6398151706845,253.5316178341545,265.8906513833286,252.9722397901394,Down,233
2026-01-12 09:30:00,246.5,247.1,243.9,246.5,248.44528651880407,253.25586811516806,265.6977095785194,252.9722397901394,Down,1456
2026-01-12 10:00:00,246.5,246.7,245.5,245.9,248.21389683527642,252.96740269888699,265.5007174434097,252.9722397901394,Down,651
2026-01-12 10:30:00,245.9,246.8,245.8,246.1,248.02172439570583,252.69809278912672,265.30767547879867,252.9722397901394,Down,334
2026-01-12 11:00:00,246.1,246.7,245.7,245.7,247.81065854155077,252.4236577777884,265.1125742302534,252.9722397901394,Down,360
2026-01-12 11:30:00,245.6,246.3,244.5,245.3,247.58241685595524,252.1442986492477,264.9154341881614,252.9722397901394,Down,643
2026-01-12 12:00:00,245.3,246.4,245.1,246.4,247.47492441450476,251.9190320355517,264.7312010121598,252.9722397901394,Down,493
2026-01-12 12:30:00,246.4,246.4,245.7,245.8,247.32265855864068,251.67906999494184,264.5428308528348,252.9722397901394,Down,323
2026-01-12 13:00:00,245.9,247.3,245.9,246.8,247.27514414421879,251.48773391670883,264.3662852722096,252.9722397901394,Down,461
2026-01-12 13:30:00,247.2,248.0,247.0,247.8,247.32285831292617,251.3431169003673,264.20144661278465,252.9722397901394,Down,438
2026-01-12 14:00:00,247.4,247.5,247.0,247.1,247.30259846629653,251.17672015917643,264.03128296489626,252.9722397901394,Down,140
2026-01-12 14:30:00,247.1,247.9,246.6,247.6,247.32963496936046,251.03645662352247,263.86778761201174,252.9722397901394,Down,198
2026-01-12 15:00:00,247.6,247.8,245.2,245.6,247.1723954266913,250.82326224612945,263.6860185810465,252.9722397901394,Down,648
2026-01-12 15:30:00,245.4,246.6,245.4,246.2,247.08399584244663,250.64195784432044,263.51202834640924,252.9722397901394,Down,493
2026-01-12 16:00:00,246.2,247.0,246.2,246.7,247.04908712949694,250.48737126219024,263.34474448226587,252.9722397901394,Down,363
2026-01-12 16:30:00,246.7,247.4,246.7,247.0,247.04462466317904,250.35061160484946,263.1821102088105,252.9722397901394,Down,343
2026-01-12 17:00:00,247.0,247.3,246.5,246.6,247.00420423925365,250.20352879681613,263.01711408732984,252.9722397901394,Down,394
2026-01-12 17:30:00,246.3,247.5,245.6,246.4,246.94927658113969,250.05437080478413,262.85176966855045,252.81713625533627,Down,775
2026-01-12 18:00:00,246.3,247.3,245.8,245.8,246.84479689194515,249.88753273400826,262.68210031861463,252.79285114121478,Down,412
2026-01-12 18:30:00,245.7,246.2,244.3,246.0,246.7679971744956,249.73508046992953,262.5161092706682,251.61622831019525,Down,1173
2026-01-12 19:00:00,246.0,246.8,243.1,245.4,246.643633794996,249.56507731424603,262.34579972568645,251.61622831019525,Down,1627
2026-01-12 19:30:00,245.4,246.0,244.3,245.4,246.53057617726907,249.40174094898148,262.1771848030428,251.61622831019525,Down,1260
2026-01-12 20:00:00,245.4,246.8,244.3,244.5,246.34597834297188,249.2095158137273,262.0012924169429,251.61622831019525,Down,1715
2026-01-12 20:30:00,244.5,246.9,244.2,246.3,246.3417984936108,249.09541715436546,261.84506065160014,251.61622831019525,Down,2231
2026-01-12 21:00:00,246.3,247.1,245.8,246.9,246.39254408510072,249.0093223639982,261.69635358043996,251.61622831019525,Down,1071
2026-01-12 21:30:00,246.9,248.1,245.8,245.8,246.33867644100064,248.88346658501786,261.53818090799774,251.61622831019525,Down,1028
2026-01-12 22:00:00,245.8,248.8,245.2,248.6,246.54425131000056,248.8723502483505,261.40944278951025,251.61622831019525,Down,1528
2026-01-12 22:30:00,248.6,250.2,248.3,249.5,246.81295573636413,248.89696396410147,261.2909408712067,251.61622831019525,Down,1938
2026-01-12 23:00:00,249.5,249.8,248.3,249.1,247.02086885124012,248.9049261615877,261.1696379769659,251.61622831019525,Down,860
2026-01-12 23:30:00,249.1,251.9,248.9,250.6,247.34624441021828,248.971399645447,261.0644674498319,251.61622831019525,Down,1630
2026-01-13 00:00:00,250.6,253.0,250.6,253.0,247.8602221911075,249.12938397307653,260.98422399261966,243.34522295865693,Up,930
2026-01-13 09:00:00,253.4,254.0,252.2,253.9,248.40929290100684,249.31646695452451,260.9137342016483,244.759293598779,Up,114
2026-01-13 09:30:00,253.6,254.4,253.3,253.9,248.9084480918244,249.49621334846475,260.8439458016319,245.86753963525368,Up,999
2026-01-13 10:00:00,253.9,254.0,253.2,253.7,249.34404371984036,249.66106772695633,260.7728617638047,246.05230875932148,Up,351
2026-01-13 10:30:00,253.6,254.3,253.2,253.8,249.74913065440032,249.82337879648748,260.7034800547121,246.48846250847407,Up,286
2026-01-13 11:00:00,253.8,254.3,253.7,254.3,250.16284604945483,249.99893256917426,260.6397638352622,247.18042046224915,Up,319
2026-01-13 11:30:00,254.3,254.3,252.3,254.0,250.51167822677712,250.1558371743047,260.5736965334188,247.18042046224915,Up,699
2026-01-13 12:00:00,253.9,256.2,253.7,254.8,250.90152566070645,250.33796120668492,260.51624681666834,247.74373591921417,Up,1223
2026-01-13 12:30:00,254.8,257.6,254.6,257.0,251.45593241882406,250.5992176299522,260.4812592861542,248.45794174474017,Up,864
2026-01-13 13:00:00,256.8,257.4,255.4,255.4,251.8144840171128,250.7874836052482,260.4306994922622,248.7254015861274,Up,518
2026-01-13 13:30:00,255.4,256.7,254.9,256.1,252.20407637919342,250.995817581513,260.38760795502577,248.7254015861274,Up,401
2026-01-13 14:00:00,256.0,257.0,255.2,256.5,252.59461489017582,251.21166787243408,260.34892528880664,248.7254015861274,Up,396
2026-01-13 14:30:00,256.5,257.0,255.9,256.6,252.95874080925074,251.42297501469156,260.3116225496146,249.14797264171855,Up,291
2026-01-13 15:00:00,256.6,257.0,256.2,256.8,253.30794619022794,251.6338387396056,260.27668103170794,249.67088421974418,Up,197
2026-01-13 15:30:00,256.8,256.8,256.2,256.3,253.5799510820254,251.81682545569953,260.2371120662183,249.9826220179492,Up,280
2026-01-13 16:00:00,256.5,256.8,256.2,256.8,253.87268280184125,252.01224406527993,260.2029119461564,250.35692910722656,Up,273
2026-01-13 16:30:00,256.8,258.3,256.4,257.9,254.2388025471284,252.2431364548768,260.1799973994285,251.0744810065696,Up,761
2026-01-13 17:00:00,257.9,260.8,257.9,260.2,254.78072958829853,252.55517031939144,260.1801964302799,252.59043727869962,Up,1478
2026-01-13 17:30:00,260.2,261.5,260.0,261.3,255.37339053481682,252.8981048166702,260.19133875435676,254.05948843518146,Up,1372
2026-01-13 18:00:00,261.2,261.8,260.7,261.8,255.9576277589244,253.24719874542825,260.2073453339154,254.76771675925588,Up,1283
2026-01-13 18:30:00,261.8,263.3,261.6,261.8,256.48875250811307,253.5826027161958,260.2231926440257,255.93883341750538,Up,981
2026-01-13 19:00:00,261.6,263.5,260.0,261.0,256.89886591646643,253.87348104105087,260.2309220704533,255.93883341750538,Up,1925
2026-01-13 19:30:00,260.8,262.7,258.6,258.7,257.06260537860584,254.06275629434302,260.21568901502593,255.93883341750538,Up,2473
2026-01-13 20:00:00,258.7,259.2,255.2,256.2,256.9841867078235,254.14656977299626,260.17573191039884,255.93883341750538,Up,2681
2026-01-13 20:30:00,256.3,256.4,254.1,256.2,256.91289700711224,254.22709644856502,260.13617238890237,255.93883341750538,Up,1985
2026-01-13 21:00:00,256.3,257.8,255.3,256.3,256.85717909737474,254.30838678391544,260.09800151936105,255.93883341750538,Up,1764
2026-01-13 21:30:00,256.5,259.6,256.0,259.0,257.0519809976134,254.49237161591876,260.0870761311087,255.93883341750538,Up,1922
2026-01-13 22:00:00,259.0,260.4,256.4,257.9,257.12907363419396,254.626004101569,260.0653141795554,255.93883341750538,Up,2205
2026-01-13 22:30:00,257.9,259.5,257.2,259.2,257.317339667449,254.80537648974277,260.0567040882166,255.93883341750538,Up,979
2026-01-13 23:00:00,259.1,260.2,256.7,257.3,257.31576333404456,254.90320486269405,260.02927419679156,255.93883341750538,Up,1361
2026-01-13 23:30:00,257.3,258.5,256.4,258.0,257.3779666673132,255.02464780925507,260.0090824137389,255.93883341750538,Up,1282
2026-01-14 00:00:00,257.9,260.1,257.2,259.6,257.5799696975575,255.20407338536273,260.00501194196045,255.93883341750538,Up,1679
2026-01-14 09:00:00,259.9,260.0,258.3,259.5,257.75451790687043,255.37254109574067,259.9999869475131,255.93883341750538,Up,33
2026-01-14 09:30:00,259.5,260.1,258.8,259.4,257.904107188064,255.5304806606136,259.99401692813484,255.93883341750538,Up,681
2026-01-14 10:00:00,259.4,260.5,259.3,260.4,258.13100653460367,255.72144220333465,259.9980565606907,255.93883341750538,Up,666
2026-01-14 10:30:00,260.4,261.0,260.3,260.5,258.3463695769124,255.9088366267333,260.00305102277343,255.93883341750538,Up,385
2026-01-14 11:00:00,260.5,261.2,260.2,260.9,258.5785177971931,256.10456852372414,260.0119758882185,255.93883341750538,Up,522
2026-01-14 11:30:00,260.9,261.1,260.2,260.4,258.7441070883574,256.2730168169114,260.0158368246542,255.93883341750538,Up,209
2026-01-14 12:00:00,260.4,261.9,258.3,258.9,258.758279171234,256.37603576526783,260.00473397067753,255.93883341750538,Up,1189
2026-01-14 12:30:00,258.8,259.2,257.4,258.6,258.74389015566726,256.46325004898284,259.990756518233,255.93883341750538,Up,590
2026-01-14 13:00:00,258.6,259.4,257.7,257.7,258.6489910506066,256.511750047062,259.96796292103664,255.93883341750538,Up,354
2026-01-14 13:30:00,257.7,257.8,257.1,257.4,258.5354464096423,256.5465833785497,259.9424110511756,255.93883341750538,Up,373
2026-01-14 14:00:00,257.4,257.5,256.0,256.9,258.38676946331117,256.5604428539007,259.91213830439773,255.93883341750538,Up,884
2026-01-14 14:30:00,256.9,257.2,255.5,256.8,258.24251769391924,256.56983725178696,259.8811717541052,255.93883341750538,Up,604
2026-01-14 15:00:00,256.8,257.2,256.2,256.8,258.11137972174475,256.578863241913,259.8505133286912,255.93883341750538,Up,355
2026-01-14 15:30:00,256.8,258.6,256.5,258.5,258.14670883794975,256.6542019383086,259.83707538512215,255.93883341750538,Up,526
2026-01-14 16:00:00,258.5,259.5,258.2,259.4,258.2606443981361,256.76188029366904,259.83272637631495,255.93883341750538,Up,551
2026-01-14 16:30:00,259.4,260.7,258.5,258.7,258.30058581648734,256.83788498803494,259.8214554670979,255.93883341750538,Up,1138
2026-01-14 17:00:00,258.6,260.6,258.0,259.2,258.3823507422612,256.9305169492885,259.8152718306094,255.93883341750538,Up,659
2026-01-14 17:30:00,259.1,259.4,256.7,257.5,258.3021370384193,256.9528496179439,259.7922342999566,255.93883341750538,Up,1155
2026-01-14 18:00:00,257.5,258.0,256.2,256.6,258.1473973076539,256.9390123780246,259.7604707745839,255.93883341750538,Up,1308
2026-01-14 18:30:00,256.6,256.9,253.3,253.7,257.7430884615035,256.81199228476873,259.700167582797,263.4320940136877,Down,1766
2026-01-14 19:00:00,253.5,253.8,250.5,251.0,257.1300804195486,256.5840710186994,259.61359875112737,260.9246309215343,Down,2353
2026-01-14 19:30:00,251.0,251.4,248.5,248.6,256.35461856322604,256.27097019443664,259.5040107038525,258.9814826559402,Down,1674
2026-01-14 20:00:00,248.5,249.5,247.0,247.5,255.5496532392964,255.92701057896855,259.38456781127684,257.3695296872184,Down,2213
2026-01-14 20:30:00,247.7,248.7,247.3,247.7,254.83604839936035,255.60438271312665,259.26830345494574,256.7995724429258,Down,1267
2026-01-14 21:00:00,247.5,247.9,246.1,246.1,254.04186218123667,255.23166182241582,259.1372755598717,255.6541567662962,Down,1238
2026-01-14 21:30:00,246.1,246.9,244.5,244.7,253.19260198294242,254.81865547643872,258.9936210766889,254.44014251481474,Down,1395
2026-01-14 22:00:00,244.7,244.9,243.0,243.5,252.31145634812947,254.37478663422544,258.8394556928413,252.58649319528612,Down,1655
2026-01-14 22:30:00,243.5,243.6,240.1,242.2,251.39223304375406,253.89734402111858,258.67388896952946,250.97408472298739,Down,1980
2026-01-14 23:00:00,242.2,244.9,241.5,244.9,250.8020300397764,253.54450700068256,258.53683534794214,250.97408472298739,Down,1304
2026-01-14 23:30:00,244.8,245.3,242.3,243.9,250.1745727634331,253.16629103987148,258.3911951952263,250.97408472298739,Down,1238
2026-01-15 00:00:00,243.9,244.4,241.8,241.8,249.41324796675735,252.72055413634712,258.2261086758708,250.97408472298739,Down,1248
2026-01-15 17:00:00,245.0,248.0,245.0,247.1,249.20295269705213,252.50014024864723,258.1154011268572,250.97408472298739,Down,173
2026-01-15 17:30:00,247.1,250.0,247.0,248.4,249.1299569973201,252.3393504349748,258.0187304688785,250.97408472298739,Down,2219
2026-01-15 18:00:00,248.4,249.7,246.7,248.9,249.10905181574554,252.20447394732872,257.9279968323723,250.97408472298739,Down,2105
2026-01-15 18:30:00,248.9,249.5,245.6,247.0,248.91731983249596,252.00037692978643,257.819260545483,250.97408472298739,Down,2053
2026-01-15 19:00:00,247.0,248.0,244.0,244.3,248.49756348408724,251.69840136391247,257.6847405400554,250.97408472298739,Down,1838
2026-01-15 19:30:00,244.3,245.7,242.5,243.5,248.0432395309884,251.37689542807277,257.5435988431394,250.97408472298739,Down,1682
2026-01-15 20:00:00,243.6,243.9,240.8,242.1,247.50294502817124,251.01309560736405,257.38993119295895,250.97408472298739,Down,1766
2026-01-15 20:30:00,242.0,243.2,240.6,243.2,247.11176820742838,250.70669970119292,257.2487378477554,250.97408472298739,Down,1447
2026-01-15 21:00:00,243.2,244.5,240.5,240.9,246.54706200675307,250.32212324232262,257.08606383932005,250.97408472298739,Down,1690
2026-01-15 21:30:00,241.1,241.1,237.1,239.0,245.86096546068458,249.87811840929038,256.906103005098,250.97408472298739,Down,3257
2026-01-15 22:00:00,239.0,241.0,238.7,239.8,245.30996860062234,249.48289807951429,256.73589302494776,250.97408472298739,Down,1802
2026-01-15 22:30:00,239.8,241.2,239.5,240.8,244.89997145511123,249.14239227247452,256.57732692519704,250.97408472298739,Down,726
2026-01-15 23:00:00,240.8,241.5,240.1,240.8,244.52724677737385,248.81523963433827,256.42033859758317,250.97408472298739,Down,548
2026-01-15 23:30:00,240.8,244.7,240.8,244.2,244.49749707033985,248.63424984475637,256.298743188652,250.97408472298739,Down,2124
2026-01-16 00:00:00,244.2,245.6,243.6,245.5,244.58863370030895,248.51133808613847,256.1912930076704,250.97408472298739,Down,1410
2026-01-16 09:00:00,245.4,246.3,244.5,245.5,244.67148518209902,248.39324639648598,256.0849119827185,250.97408472298739,Down,93
2026-01-16 09:30:00,245.5,245.9,245.0,245.3,244.7286228928173,248.27194261623163,255.97759942567652,250.97408472298739,Down,826
2026-01-16 10:00:00,245.3,246.0,245.0,245.5,244.79874808437935,248.16323898422255,255.87334470502302,250.97408472298739,Down,450
2026-01-16 10:30:00,245.5,246.0,245.4,245.8,244.8897709857994,248.07056294562557,255.77311241940092,250.97408472298739,Down,220
2026-01-16 11:00:00,245.8,246.4,245.5,245.6,244.95433725981763,247.97367812422848,255.67188742020292,250.97408472298739,Down,469
2026-01-16 11:30:00,245.6,247.5,245.6,245.6,245.0130338725615,247.8805927075921,255.57166963492728,250.97408472298739,Down,1146
2026-01-16 12:00:00,245.6,246.3,244.8,245.5,245.05730352051043,247.78723613082377,255.4714540166693,250.97408472298739,Down,1256
2026-01-16 12:30:00,245.5,245.8,244.4,245.8,245.1248213822822,247.709305302164,255.37522064336912,250.97408472298739,Down,774
2026-01-16 13:00:00,245.8,246.5,244.9,245.6,245.16801943843836,247.6265874471772,255.27795476632068,250.97408472298739,Down,493
2026-01-16 13:30:00,245.6,246.2,245.4,245.7,245.21638130767124,247.55103499826828,255.18265173381997,250.97408472298739,Down,346
2026-01-16 14:00:00,245.7,246.2,245.7,246.0,245.28761937061023,247.49021009637542,255.09128206482674,250.97408472298739,Down,365
2026-01-16 14:30:00,246.0,246.1,245.6,245.9,245.3432903369184,247.4278489161254,254.99982652189314,250.97408472298739,Down,196
2026-01-16 15:00:00,245.9,246.3,245.6,246.3,245.43026394265308,247.3836195468656,254.91326108386437,250.97408472298739,Down,179
2026-01-16 15:30:00,246.3,246.7,245.8,246.6,245.53660358423005,247.35288936855713,254.83054206810453,250.97408472298739,Down,446
2026-01-16 16:00:00,246.7,247.0,245.7,245.7,245.5514578038455,247.28807017763333,254.73969090324778,250.97408472298739,Down,583
2026-01-16 16:30:00,245.7,245.9,245.0,245.6,245.55587073076862,247.22187134713792,254.64874870520552,250.97408472298739,Down,1069
2026-01-16 17:00:00,245.6,247.3,245.0,247.0,245.68715520978967,247.21317050999525,254.57264175291493,250.97408472298739,Down,2324
2026-01-16 17:30:00,246.9,248.2,246.6,247.4,245.84286837253606,247.2204971566621,254.5012721832342,250.97408472298739,Down,1143
2026-01-16 18:00:00,247.4,250.7,247.4,248.1,246.04806215685096,247.25498746424398,254.43757793265476,250.97408472298739,Down,2539
2026-01-16 18:30:00,248.3,248.8,246.6,248.6,246.28005650622814,247.3077330538815,254.37949258009107,250.97408472298739,Down,1364
2026-01-16 19:00:00,248.6,249.3,246.5,247.2,246.36368773293466,247.30350822823908,254.30805484297574,250.97408472298739,Down,1349
2026-01-16 19:30:00,247.2,247.6,242.2,242.8,246.03971612084968,247.1269000624258,254.19354683458792,250.97408472298739,Down,2795
2026-01-16 20:00:00,242.8,244.9,242.2,243.5,245.80883283713604,246.98466868742872,254.0871433834975,250.97408472298739,Down,1305
2026-01-16 20:30:00,243.5,245.3,243.2,245.2,245.7534843973964,246.9146816800786,253.99871409609955,250.97408472298739,Down,765
2026-01-16 21:00:00,245.2,246.0,243.0,243.5,245.54862217945126,246.78077259458533,253.89424927922295,250.97408472298739,Down,1278
2026-01-16 21:30:00,243.5,244.6,242.8,243.5,245.36238379950112,246.65211484577807,253.79082391326054,250.97408472298739,Down,841
2026-01-16 22:00:00,243.6,243.6,241.8,242.7,245.12034890863737,246.49712994986524,253.6804674564122,250.97408472298739,Down,1309
2026-01-16 22:30:00,242.7,243.3,242.1,242.8,244.90940809876122,246.35214446163525,253.57220409863697,250.97408472298739,Down,596
2026-01-16 23:00:00,242.8,243.0,241.4,242.2,244.66309827160111,246.18931526706132,253.45904783894906,250.37915187826644,Down,833
2026-01-16 23:30:00,242.2,243.4,242.0,242.6,244.47554388327373,246.0485578056079,253.35099761169585,250.37915187826644,Down,701
2026-01-17 00:00:00,242.6,244.5,242.4,244.1,244.44140353024883,245.97214377401545,253.2589478842163,250.37915187826644,Down,1180
2026-01-19 09:00:00,247.1,258.0,247.1,258.0,245.67400320931714,246.44382441032857,253.30612253213457,240.23538551595308,Up,13748
2026-01-19 09:30:00,258.0,297.4,258.0,262.8,247.23091200847014,247.08524306090393,253.4005889746009,252.17762319632098,Up,10778
2026-01-19 10:00:00,262.8,311.4,262.7,264.4,248.7917381895183,247.76425313694693,253.51003585047553,252.17762319632098,Up,11236
2026-01-19 10:30:00,264.4,265.3,264.0,265.1,250.27430744501663,248.44408634726275,253.62535887683896,252.17762319632098,Up,1610
2026-01-19 11:00:00,265.0,265.8,264.6,264.6,251.5766431318333,249.0776515885466,253.73455928602468,252.17762319632098,Up,1818
2026-01-19 11:30:00,264.6,265.0,263.7,264.2,252.72422102893935,249.67068485958396,253.83869302447218,252.17762319632098,Up,1462
2026-01-19 12:00:00,264.2,264.6,261.0,264.1,253.7583827535812,250.23654035528654,253.94079558144261,252.17762319632098,Up,2504
2026-01-19 12:30:00,264.1,264.9,264.1,264.3,254.71671159416474,250.78804857664787,254.0438722423238,252.17762319632098,Up,720
2026-01-19 13:00:00,264.3,265.0,264.0,264.4,255.59701054014974,251.32185059324993,254.14691828966386,252.17762319632098,Up,675
2026-01-19 13:30:00,264.4,264.7,263.2,263.3,256.29728230922706,251.79158194253424,254.23799372956773,252.17762319632098,Up,586
2026-01-19 14:00:00,263.4,263.4,262.2,262.5,256.86116573566096,252.21151990557212,254.32020274718397,252.17762319632098,Up,544
2026-01-19 14:30:00,262.5,264.2,262.3,264.0,257.51015066878267,252.6738132426085,254.41651913775925,252.17762319632098,Up,859
2026-01-19 15:00:00,264.0,264.7,263.8,264.7,258.16377333525696,253.14542840956503,254.51884233041838,252.17762319632098,Up,454
2026-01-19 15:30:00,264.7,264.9,263.8,264.8,258.7670666684154,253.60247043271934,254.62114240673264,252.17762319632098,Up,462
2026-01-19 16:00:00,264.8,265.5,264.7,265.1,259.3427878803776,254.05335394516175,254.72540964646666,252.17762319632098,Up,594
2026-01-19 16:30:00,265.1,265.7,264.7,265.3,259.8843526185251,254.49439888848875,254.83062945097944,252.17762319632098,Up,570
2026-01-19 17:00:00,265.3,266.7,265.2,266.7,260.5039569259319,254.9730499124696,254.94873264052197,252.17762319632098,Up,1066
2026-01-19 17:30:00,266.8,267.4,266.2,266.3,261.0308699326653,255.41724403354922,255.0616805744471,253.08333963002093,Up,1399
2026-01-19 18:00:00,266.3,268.8,266.3,268.5,261.70988175696846,255.93029328713553,255.19539519559692,254.17121784547362,Up,1605
2026-01-19 18:30:00,268.5,269.4,268.0,269.4,262.40898341542584,256.4585170797969,255.33673454688454,256.02837985952146,Up,1224
2026-01-19 19:00:00,269.4,272.6,269.2,272.6,263.33543946856895,257.09151641000096,255.50850833248768,258.14398169047405,Up,2847
2026-01-19 19:30:00,272.6,277.0,272.0,272.7,264.1867631532445,257.7036138056872,255.6795679510699,261.085437900431,Up,2608
2026-01-19 20:00:00,272.7,276.9,272.7,276.9,265.342511957495,258.45641326428773,255.89071652867122,261.085437900431,Up,3199
2026-01-19 20:30:00,276.9,277.0,273.4,275.6,266.27501087045,259.1287107833353,256.0868288020178,261.41606438052145,Up,3348
2026-01-19 21:00:00,275.6,276.2,274.4,276.1,267.16819170040907,259.79425153693,256.28596483383853,262.1146039822922,Up,1686
2026-01-19 21:30:00,276.1,276.2,272.1,273.8,267.77108336400823,260.34349657469744,256.460233840467,262.1146039822922,Up,2578
2026-01-19 22:00:00,273.8,275.2,271.8,272.8,268.22825760364384,260.8319869051015,256.62281857837286,262.1146039822922,Up,1687
2026-01-19 22:30:00,272.7,273.9,271.7,273.7,268.7256887305853,261.33661486960733,256.7927407815732,262.1146039822922,Up,1185
2026-01-19 23:00:00,273.7,274.7,273.2,274.1,269.2142624823503,261.83713977668157,256.9649523160849,262.1146039822922,Up,1010
2026-01-19 23:30:00,274.1,274.6,273.0,273.5,269.6038749839548,262.2945068442627,257.1294801537358,262.1146039822922,Up,942
2026-01-20 00:00:00,273.5,274.0,272.0,272.2,269.83988634904983,262.6829575562524,257.27943557509167,262.1146039822922,Up,1371
2026-01-20 09:00:00,269.5,269.9,266.0,268.6,269.7271694082271,262.9149984363994,257.3920780071803,262.1146039822922,Up,246
2026-01-20 09:30:00,268.6,268.6,267.0,268.2,269.588335825661,263.12225339967785,257.4996195195467,262.1146039822922,Up,2442
2026-01-20 10:00:00,268.2,269.4,268.0,268.7,269.50757802332816,263.3409885604748,257.61106609149147,262.1146039822922,Up,1291
2026-01-20 10:30:00,268.7,269.4,268.0,268.8,269.4432527484802,263.5550674404562,257.722398767198,262.1146039822922,Up,1052
2026-01-20 11:00:00,268.8,269.1,268.0,269.1,269.4120479531638,263.7725157761246,257.83560872971344,262.1146039822922,Up,378
2026-01-20 11:30:00,269.1,272.9,269.0,272.7,269.71095268469435,264.12261319666874,257.98351312046253,262.1146039822922,Up,2272
2026-01-20 12:00:00,272.8,273.5,270.7,272.1,269.9281388042676,264.4354518948386,258.1239756764778,262.1146039822922,Up,2339
2026-01-20 12:30:00,272.1,274.3,272.1,274.0,270.29830800387964,264.81053221268803,258.2819460677566,262.47797137061514,Up,1230
2026-01-20 13:00:00,274.0,274.3,272.6,273.5,270.5893709126178,265.1512956553277,258.433369489968,263.08451942783194,Up,1302
2026-01-20 13:30:00,273.5,273.9,273.1,273.4,270.84488264783437,265.4747742570796,258.5822911865853,263.7859267525745,Up,639
2026-01-20 14:00:00,273.4,273.6,272.5,273.4,271.07716604348576,265.78556742346865,258.729731075276,263.81902432052226,Up,855
2026-01-20 14:30:00,273.4,274.7,273.0,273.1,271.2610600395325,266.07240791666595,258.8727188257708,264.84002210956567,Up,944
2026-01-20 15:00:00,273.1,273.9,272.4,273.4,271.4555091268477,266.3597644689536,259.01726888720594,264.84002210956567,Up,848
2026-01-20 15:30:00,273.4,277.0,273.2,276.7,271.93228102440696,266.7652639015437,259.19321646046757,265.77605133021956,Up,1514
2026-01-20 16:00:00,276.7,277.5,275.7,276.5,272.3475282040063,267.14701825834584,259.36542326185594,267.4691375729269,Up,1398
2026-01-20 16:30:00,276.5,277.2,276.3,276.8,272.75229836727846,267.52556656194014,259.5389016373599,268.1219432481153,Up,811
2026-01-20 17:00:00,276.8,278.0,276.5,277.3,273.16572578843494,267.90887767715816,259.7156289842519,268.8608574982867,Up,1094
2026-01-20 17:30:00,277.2,277.9,275.9,277.0,273.51429617130447,268.2653922780539,259.88761277545336,268.8608574982867,Up,22855
2026-01-20 18:00:00,277.0,277.1,273.2,276.5,273.785723792095,268.5883180710714,260.0529101607722,268.8608574982867,Up,3151
2026-01-20 18:30:00,276.5,280.0,276.4,279.6,274.31429435645,269.0201487349509,260.2474085671327,268.8608574982867,Up,3295
2026-01-20 19:00:00,279.6,289.4,279.6,286.7,275.4402675967727,269.71347623554107,260.51061843213637,272.29792193039185,Up,5200
2026-01-20 19:30:00,286.7,357.3,286.5,290.2,276.7820614516115,270.51686932434336,260.80603516415493,285.0617472094471,Up,48839
2026-01-20 20:00:00,290.2,291.2,287.2,287.2,277.7291467741923,271.1711097429966,261.0686616799345,285.0617472094471,Up,3715
2026-01-20 20:30:00,287.6,287.7,282.6,284.6,278.3537697947203,271.6977328903301,261.3028043497859,296.70207806960815,Down,5056
2026-01-20 21:00:00,284.6,284.9,281.3,283.0,278.7761543588366,272.14095905149367,261.5186968438179,296.70207806960815,Down,2853
2026-01-20 21:30:00,283.0,287.5,282.2,286.0,279.4328675989424,272.68445085339584,261.7622919000983,296.70207806960815,Down,2882
2026-01-20 22:00:00,286.0,289.0,284.8,287.9,280.20260690812944,273.2811390552235,262.0223685976098,296.70207806960815,Down,2225
2026-01-20 22:30:00,287.7,289.0,286.8,288.7,280.97509718920855,273.88580026874416,262.28781766629027,296.70207806960815,Down,1466
2026-01-20 23:00:00,288.7,290.7,288.7,290.5,281.8409974447351,274.5373375131071,262.5685358984665,296.70207806960815,Down,1958
2026-01-20 23:30:00,290.5,291.0,286.9,290.4,282.61908858612276,275.1594027086715,262.8454658895265,296.70207806960815,Down,2897
2026-01-21 00:00:00,290.4,291.6,289.0,291.2,283.3991714419298,275.788445739704,263.1276005572924,296.70207806960815,Down,2160
2026-01-21 09:00:00,292.5,292.7,288.5,290.8,284.071974038118,276.37713414206854,263.4029478154288,296.70207806960815,Down,238
2026-01-21 09:30:00,290.8,293.8,290.4,293.8,284.9563400346527,277.06038378355606,263.705406046121,296.70207806960815,Down,2829
2026-01-21 10:00:00,293.8,295.2,293.2,294.5,285.8239454860479,277.744290301848,264.0118199163089,296.70207806960815,Down,1944
2026-01-21 10:30:00,294.5,299.0,294.4,299.0,287.02176862367986,278.57784754491286,264.35996101166904,275.98557004922475,Up,2122
2026-01-21 11:00:00,299.0,372.0,298.7,300.8,288.27433511243623,279.4493045039359,264.7225484642893,289.86415459020435,Up,23621
2026-01-21 11:30:00,300.8,306.6,300.1,305.1,289.80394101130565,280.4552141312325,265.12431415121176,289.86415459020435,Up,3094
2026-01-21 12:00:00,305.2,310.5,305.2,310.0,291.6399463739142,281.6138331849096,265.57083838851315,289.86415459020435,Up,23978
2026-01-21 12:30:00,309.7,316.2,309.7,315.4,293.7999512490129,282.9387809031484,266.06665094186127,289.86415459020435,Up,28354
2026-01-21 13:00:00,315.5,317.2,313.2,313.4,295.581773862739,284.13333851478967,266.5376295394547,289.86415459020435,Up,4829
2026-01-21 13:30:00,313.4,316.4,311.9,316.3,297.46524896612635,285.394776220092,267.03277750423626,289.86415459020435,Up,41109
2026-01-21 14:00:00,316.3,318.5,314.5,316.0,299.1502263328421,286.59498107420603,267.52001354897027,289.86415459020435,Up,5274
2026-01-21 14:30:00,316.0,316.0,312.3,313.1,300.418387575311,287.6343935810999,267.9735457524631,289.86415459020435,Up,3023
2026-01-21 15:00:00,313.1,314.6,311.0,313.7,301.62580688664633,288.6565742249784,268.428535346966,289.86415459020435,Up,3208
2026-01-21 15:30:00,313.7,316.4,312.8,314.1,302.7598244424058,289.65435562792044,268.88297778132454,289.86415459020435,Up,3966
2026-01-21 16:00:00,314.1,316.8,314.0,315.7,303.93620403855067,290.67575344643336,269.3488187984258,289.86415459020435,Up,3633
2026-01-21 16:30:00,315.7,320.0,315.5,319.6,305.3601854895915,291.8100376250046,269.8488305516753,290.84114279206227,Up,4258
2026-01-21 17:00:00,319.6,325.2,318.8,325.0,307.14562317235595,293.11160477696524,270.3975984068825,295.2101298109657,Up,5956
2026-01-21 17:30:00,324.9,324.9,317.2,319.7,308.2869301566872,294.15428694257446,270.88816956701305,295.2101298109657,Up,73692
2026-01-21 18:00:00,319.5,324.7,318.6,323.5,309.6699365060793,295.3050992193362,271.4116703673413,295.2101298109657,Up,4609
2026-01-21 18:30:00,323.5,327.7,323.0,326.8,311.2272150055266,296.54019336759757,271.9627980253777,299.15265199922294,Up,7098
2026-01-21 19:00:00,326.8,330.0,324.2,327.5,312.70655909593324,297.7543034316134,272.5154070002496,301.1751381811118,Up,7154
2026-01-21 19:30:00,327.5,328.0,324.0,326.3,313.94232645084844,298.8737425127266,273.0505770798491,301.1751381811118,Up,4850
2026-01-21 20:00:00,326.3,327.6,322.2,322.5,314.72029677349855,299.8002624141883,273.5426111387561,301.1751381811118,Up,4255
2026-01-21 20:30:00,322.8,324.2,320.6,323.8,315.5457243395441,300.74142859402406,274.04268465976355,301.1751381811118,Up,111300
2026-01-21 21:00:00,323.6,325.3,315.8,317.0,315.67793121776737,301.37901962955254,274.4701206332982,301.1751381811118,Up,6002
2026-01-21 21:30:00,317.2,317.6,311.2,314.0,315.5253920161522,301.8739600362368,274.8634527663002,301.1751381811118,Up,6383
2026-01-21 22:00:00,314.0,319.3,313.8,319.2,315.85944728741106,302.5534125838353,275.3046124402674,301.1751381811118,Up,5295
2026-01-21 22:30:00,319.2,321.4,317.7,320.9,316.3176793521919,303.2728866001555,275.75829788862296,301.1751381811118,Up,4303
2026-01-21 23:00:00,320.8,322.1,319.3,321.7,316.8069812292653,303.99551849818863,276.21542925291527,301.1751381811118,Up,3138
2026-01-21 23:30:00,321.9,324.3,321.3,323.3,317.39725566296846,304.75255698845575,276.68393244442854,301.1751381811118,Up,3513
2026-01-22 00:00:00,323.1,323.3,318.5,321.3,317.75205060269855,305.4014763222418,277.12787341513075,301.1751381811118,Up,3120
2026-01-22 09:00:00,315.1,333.8,312.3,331.3,318.98368236608957,306.4171047017618,277.6668995503036,301.1751381811118,Up,1844
2026-01-22 09:30:00,331.1,336.1,330.8,334.9,320.4306203328087,307.53408098796723,278.23638313686774,306.60499930208823,Up,6980
2026-01-22 10:00:00,335.0,337.8,333.2,334.2,321.68238212073516,308.57980330216463,278.7932350459536,309.42272663826196,Up,20971
2026-01-22 10:30:00,334.6,335.8,332.0,332.4,322.65671101885016,309.5139286628641,279.3266356922626,309.42272663826196,Up,4988
2026-01-22 11:00:00,332.3,335.5,330.9,334.7,323.75155547168197,310.5016177349086,279.8776144415933,309.42272663826196,Up,4100
2026-01-22 11:30:00,334.7,337.2,334.0,336.2,324.8832322469836,311.50939743157886,280.4380361884431,312.18146253813825,Up,2428
2026-01-22 12:00:00,336.2,336.8,334.0,334.5,325.7574838608942,312.410989689164,280.9759661766178,313.0922386710347,Up,2432
2026-01-22 12:30:00,334.5,336.0,331.7,336.0,326.688621691722,313.33604891703993,281.5234690007311,313.0922386710347,Up,3690
2026-01-22 13:00:00,335.8,337.8,333.8,337.7,327.6896560833836,314.2914979791168,282.08243945843526,314.48780055457416,Up,2668
2026-01-22 13:30:00,337.5,338.3,335.1,336.0,328.4451418939851,315.1428117838573,282.61893259815236,316.16163686779475,Up,1753
2026-01-22 14:00:00,336.0,336.1,329.3,330.1,328.5955835399865,315.7293681844904,283.0913810300116,316.16163686779475,Up,3075
2026-01-22 14:30:00,330.1,331.1,327.1,328.0,328.5414395818059,316.21056943215746,283.53823296006124,316.16163686779475,Up,2621
2026-01-22 15:00:00,328.0,328.1,322.2,322.2,327.964945074369,316.44544906226895,283.92292715946365,316.16163686779475,Up,3317
2026-01-22 15:30:00,322.0,325.2,319.7,325.1,327.7044955221536,316.7848432166898,284.33264927728,316.16163686779475,Up,4494
2026-01-22 16:00:00,325.2,329.6,324.4,327.7,327.7040868383215,317.2128885807412,284.76416520486924,316.16163686779475,Up,3757
2026-01-22 16:30:00,327.7,331.3,327.0,331.2,328.0218971257468,317.7614027540455,285.22621331228345,316.16163686779475,Up,3100
2026-01-22 17:00:00,331.0,336.8,330.9,336.6,328.80172465976983,318.5001712734947,285.7373952693752,316.16163686779475,Up,5283
2026-01-22 17:30:00,337.4,339.1,335.8,337.3,329.5742951452453,319.23741945884785,286.2504560129635,317.21722090455154,Up,74238
2026-01-22 18:00:00,337.3,339.8,333.4,333.9,329.9675410411321,319.8124226173244,286.72458082875494,317.21722090455154,Up,9448
2026-01-22 18:30:00,334.0,334.0,324.9,329.6,329.93412821921095,320.1962491813509,287.151201915036,317.21722090455154,Up,14189
2026-01-22 19:00:00,329.6,336.7,329.6,336.0,330.4855711083736,320.8160041154156,287.6372596074237,317.21722090455154,Up,7680
2026-01-22 19:30:00,335.7,340.0,334.8,337.3,331.10506464397605,321.46243532657576,288.13141622824537,317.21722090455154,Up,9732
2026-01-22 20:00:00,337.6,338.7,335.1,336.1,331.55914967634186,322.0364574706316,288.60871556925787,317.21722090455154,Up,4479
2026-01-22 20:30:00,336.2,339.0,336.2,338.3,332.17195425121986,322.67424345217546,289.10315621035977,317.21722090455154,Up,4649
2026-01-22 21:00:00,338.0,340.0,335.5,339.4,332.8290493192908,323.3301554736588,289.6036223177194,317.21722090455154,Up,8455
2026-01-22 21:30:00,338.8,340.2,334.2,336.6,333.1718630175371,323.8505415335153,290.0712479662993,317.21722090455154,Up,12051
2026-01-22 22:00:00,336.7,339.0,335.7,338.8,333.6835118341246,324.4367948067108,290.55611117061477,317.21722090455154,Up,6420
2026-01-22 22:30:00,338.9,339.2,332.5,332.7,333.594101667386,324.76084206919273,290.97545334802163,317.21722090455154,Up,3797
2026-01-22 23:00:00,333.0,334.2,328.2,329.7,333.2400924248964,324.95453453706756,291.36077222018065,317.21722090455154,Up,5318
2026-01-22 23:30:00,329.8,333.5,327.5,328.7,332.8273567499058,325.1014155356139,291.73230682495495,317.21722090455154,Up,5221
2026-01-23 00:00:00,329.0,331.0,320.6,321.4,331.788506136278,324.9562619851977,292.0275077520699,317.21722090455154,Up,5994
2026-01-23 09:00:00,329.8,329.8,322.2,326.1,331.27136921479814,325.00111445636645,292.3665375256811,317.21722090455154,Up,275
2026-01-23 09:30:00,326.3,328.1,325.0,326.1,330.80124474072556,325.0442080070972,292.7021938687092,317.21722090455154,Up,3532
2026-01-23 10:00:00,326.1,326.5,321.4,321.8,329.98294976429594,324.91698416368166,292.9917242779758,317.21722090455154,Up,4245
2026-01-23 10:30:00,321.6,326.4,321.4,324.1,329.4481361493599,324.8849455690275,293.30125935978697,317.21722090455154,Up,3464
2026-01-23 11:00:00,324.1,324.2,320.6,320.7,328.6528510448727,324.7208300565166,293.5738836447642,317.21722090455154,Up,3152
2026-01-23 11:30:00,320.7,321.0,315.8,315.9,327.49350094988426,324.3749151523395,293.7960340562591,339.51574458953263,Down,4983
2026-01-23 12:00:00,315.9,318.5,315.4,316.6,326.503182681713,324.07001651891443,294.02293919002767,337.8445227164001,Down,26415
2026-01-23 12:30:00,316.5,316.8,315.6,316.0,325.5483478924664,323.7535452828786,294.2416164120175,335.6313842876365,Down,1828
2026-01-23 13:00:00,316.0,316.3,313.7,314.8,324.57122535678764,323.4024258600206,294.4461774427437,333.6103493523968,Down,3901
2026-01-23 13:30:00,314.8,318.4,314.5,318.1,323.9829321425342,323.19448759100027,294.6815388612239,333.6103493523968,Down,3803
2026-01-23 14:00:00,318.1,324.2,316.6,322.5,323.8481201295765,323.16725278351004,294.9583394695699,333.6103493523968,Down,6453
2026-01-23 14:30:00,322.7,324.5,322.2,322.9,323.7619273905241,323.15677228219596,295.2363659425095,333.6103493523968,Down,3329
2026-01-23 15:00:00,322.9,326.0,322.7,324.5,323.82902490047644,323.20944787897264,295.5275463808925,333.6103493523968,Down,3157
2026-01-23 15:30:00,324.5,325.0,322.1,324.1,323.85365900043314,323.24437149156194,295.8118494019781,333.6103493523968,Down,3175
2026-01-23 16:00:00,324.1,325.0,319.5,323.3,323.8033263640301,323.2465530016968,296.08536333827686,333.6103493523968,Down,4905
2026-01-23 16:30:00,323.3,324.9,322.1,322.2,323.65756942184555,323.2055117075126,296.3452104692393,333.6103493523968,Down,3417
2026-01-23 17:00:00,323.0,324.8,322.1,323.5,323.64324492895054,323.2170602680023,296.6154073799932,333.6103493523968,Down,1940
2026-01-23 17:30:00,323.5,327.5,323.5,325.3,323.79385902631867,323.29874417906103,296.90082621203305,333.6103493523968,Down,5748
2026-01-23 18:00:00,325.1,330.8,324.7,329.9,324.34896275119877,323.5576169563528,297.229176199973,333.6103493523968,Down,8694
2026-01-23 18:30:00,330.0,330.5,321.5,323.0,324.22632977381704,323.5357496247311,297.48560230743595,333.6103493523968,Down,11732
2026-01-23 19:00:00,322.8,327.9,318.0,325.6,324.35120888528826,323.6167006198397,297.76534755810826,333.6103493523968,Down,15259
2026-01-23 19:30:00,325.6,332.1,323.9,331.3,324.98291716844386,323.9180064778852,298.09902569185846,333.6103493523968,Down,17279
2026-01-23 20:00:00,331.3,337.5,331.3,335.6,325.94810651676715,324.3761238709094,298.47216971482504,312.17764995811797,Up,15194
2026-01-23 20:30:00,335.6,335.6,326.0,331.1,326.4164604697883,324.6398052877365,298.79682474253826,312.17764995811797,Up,15152
2026-01-23 21:00:00,330.9,335.4,329.4,333.1,327.0240549725348,324.97157762939395,299.1381498694782,312.17764995811797,Up,10812
2026-01-23 21:30:00,333.2,335.1,331.7,332.5,327.52186815684985,325.2668098792217,299.47010857724456,312.17764995811797,Up,5886
2026-01-23 22:00:00,332.5,335.1,328.5,329.4,327.69260741531804,325.42889576631103,299.7679184421476,312.17764995811797,Up,10318
2026-01-23 22:30:00,329.3,331.4,327.6,330.4,327.9387340139255,325.62384103037726,300.07271527356903,312.17764995811797,Up,7563
2026-01-23 23:00:00,330.3,331.9,325.8,327.1,327.86248546720503,325.6817296174213,300.3416434798022,312.17764995811797,Up,7712
2026-01-23 23:30:00,327.1,332.7,326.7,328.8,327.94771406109544,325.80401473046356,300.62481120637136,312.17764995811797,Up,9952
2026-01-24 00:00:00,328.8,332.0,326.1,331.2,328.24337641917765,326.0156219959356,300.9290419406363,312.17764995811797,Up,7183
2026-01-27 09:00:00,337.0,348.7,337.0,345.0,329.76670583561605,326.76010740785966,301.3675589362519,315.7617371383274,Up,3987
2026-01-27 09:30:00,344.8,349.7,344.1,345.7,331.2151871232873,327.502848293826,301.8086777528066,320.2379428530249,Up,225478
2026-01-27 10:00:00,345.7,532.5,344.0,344.9,332.4592610211703,328.18508953720533,302.2374471284006,351.43847786888625,Down,4705
2026-01-27 10:30:00,344.8,561.4,344.4,346.5,333.7356918374275,328.90332132006,302.67787054005834,351.43847786888625,Down,21374
2026-01-27 11:00:00,346.5,347.0,337.9,340.8,334.37790167038867,329.3698577388812,303.0571952113016,351.43847786888625,Down,58406
2026-01-27 11:30:00,340.8,343.9,338.0,341.9,335.0617287912624,329.8612358667682,303.4436907813384,351.43847786888625,Down,8025
2026-01-27 12:00:00,341.8,346.5,339.0,343.3,335.81066253751123,330.38824622493416,303.8402709725689,351.43847786888625,Down,7165
2026-01-27 12:30:00,344.4,346.6,344.3,346.1,336.7460568522829,331.0043934317995,304.2607657887622,351.43847786888625,Down,4742
2026-01-27 13:00:00,345.8,347.1,343.5,346.9,337.6691425929845,331.6277505521211,304.6850367759387,351.43847786888625,Down,3539
2026-01-27 13:30:00,346.9,347.3,343.7,343.9,338.2355841754404,332.10901523635164,305.0752354149841,351.43847786888625,Down,47847
2026-01-27 14:00:00,343.9,347.1,343.8,346.6,338.9959856140367,332.67728914865154,305.4884171521485,351.43847786888625,Down,2161
2026-01-27 14:30:00,346.6,346.9,343.2,344.8,339.52362328548793,333.1526895741946,305.87957718048534,351.43847786888625,Down,2352
2026-01-27 15:00:00,344.8,345.6,344.1,345.0,340.02147571407994,333.6172899830497,306.268835118988,351.43847786888625,Down,958
2026-01-27 15:30:00,345.0,345.5,340.6,340.8,340.0922506491636,333.89896488567524,306.6124287993961,351.43847786888625,Down,3519
2026-01-27 16:00:00,340.8,343.4,339.3,341.5,340.220227862876,334.19704469408015,306.9595688113425,351.43847786888625,Down,4471
2026-01-27 16:30:00,341.3,344.5,338.9,340.5,340.24566169352363,334.4442194119594,307.29330444506047,351.43847786888625,Down,5336
2026-01-27 17:00:00,340.5,346.0,340.1,346.0,340.7687833577487,334.89738727815705,307.67844569436335,351.43847786888625,Down,4884
2026-01-27 17:30:00,345.9,350.3,345.5,347.5,341.3807121434079,335.391607384896,308.07468006556377,351.43847786888625,Down,12796
2026-01-27 18:00:00,347.4,348.5,341.4,342.6,341.49155649400717,335.6742894482334,308.41821558729947,351.43847786888625,Down,12003
2026-01-27 18:30:00,342.6,343.4,336.8,341.1,341.4559604490974,335.8870624110478,308.74340747200296,351.43847786888625,Down,16743
2026-01-27 19:00:00,341.2,347.3,337.3,344.8,341.75996404463405,336.2365893753204,309.10217953695815,351.43847786888625,Down,15927
2026-01-27 19:30:00,344.8,349.4,343.5,348.8,342.39996731330365,336.72927214491574,309.4971827256452,351.43847786888625,Down,14721
2026-01-27 20:00:00,349.1,351.2,340.0,343.6,342.50906119391243,336.9987124529583,309.8365142408129,351.43847786888625,Down,24058
2026-01-27 20:30:00,344.1,346.3,337.5,338.0,342.0991465399204,337.03797863127363,310.11674792995905,351.43847786888625,Down,16147
2026-01-27 21:00:00,338.0,341.4,336.6,341.0,341.99922412720036,337.1933520182825,310.424043970457,351.43847786888625,Down,12606
2026-01-27 21:30:00,341.0,342.6,339.2,341.2,341.92656738836394,337.35047546854594,310.73027238866143,351.43847786888625,Down,8933
2026-01-27 22:00:00,341.2,346.7,340.5,346.4,342.3332430803309,337.7053587835049,311.0851950514608,351.43847786888625,Down,13608
2026-01-27 22:30:00,346.4,350.1,344.3,350.0,343.030220982119,338.18750157630865,311.4724070409985,351.43847786888625,Down,13989
2026-01-27 23:00:00,350.6,350.8,346.5,348.8,343.55474634738084,338.6036779850809,311.84382587641153,351.43847786888625,Down,10841
2026-01-27 23:30:00,348.8,353.7,348.0,353.3,344.44067849761893,339.18000433860715,312.2563251214224,315.6714897958859,Up,12717
2026-01-28 00:00:00,353.0,354.4,351.6,352.6,345.1824349978354,339.7062786782696,312.65775472220423,320.00135435989625,Up,5666
