date,open,high,low,close,EMA_21,EMA_50,EMA_200,ST_11_4,ST_DIR_11_4,volume
2025-12-01 09:00:00,347.0,347.0,343.8,344.0,344.0,344.0,344.0,,Up,11
2025-12-01 09:15:00,344.0,345.6,343.7,345.2,344.10909090909087,344.0470588235294,344.01194029850745,332.6,Up,146
2025-12-01 09:30:00,345.2,345.7,344.6,345.3,344.21735537190074,344.09619377162636,344.0247568129502,333.5433884297521,Up,117
2025-12-01 09:45:00,345.3,345.9,345.1,345.7,344.3521412471825,344.15908813352337,344.04142589938857,334.6576258452292,Up,99
2025-12-01 10:00:00,345.7,346.0,344.9,345.5,344.45649204289316,344.21167291260093,344.055939074519,335.1932962229356,Up,109
2025-12-01 10:15:00,345.5,346.0,345.3,345.9,344.5877200389938,344.2778818179891,344.07428793944916,336.0711783844869,Up,51
2025-12-01 10:30:00,345.9,347.7,345.5,347.2,344.82520003544886,344.3924746878719,344.10538955199195,337.0919803495336,Up,182
2025-12-01 10:45:00,347.2,347.2,346.0,346.6,344.98654548677166,344.4790443079554,344.13021154649954,337.51998213593964,Up,53
2025-12-01 11:00:00,346.6,346.9,345.2,345.2,345.0059504425197,344.5073170801925,344.1408562077284,337.51998213593964,Up,126
2025-12-01 11:15:00,345.2,346.2,344.0,345.8,345.07813676592696,344.5580105280281,344.15736510118387,337.51998213593964,Up,87
2025-12-01 11:30:00,345.8,346.8,345.6,346.7,345.2255788781154,344.6420101151643,344.18266495092337,337.70351775803135,Up,43
2025-12-01 11:45:00,346.7,346.7,344.9,345.5,345.25052625283223,344.6756567773147,344.19577276235697,337.70351775803135,Up,78
2025-12-01 12:00:00,345.5,346.8,345.5,346.2,345.3368420480293,344.7354349429102,344.21571532193553,338.0603452545713,Up,48
2025-12-01 12:15:00,346.2,346.2,342.6,344.3,345.24258368002666,344.7183590627961,344.2165539754486,338.0603452545713,Up,74
2025-12-01 12:30:00,344.3,344.3,343.0,343.3,345.06598516366057,344.66273713876484,344.20743403539444,338.0603452545713,Up,41
2025-12-01 12:45:00,343.3,343.6,342.6,343.2,344.8963501487823,344.60537489802897,344.1974098161368,338.0603452545713,Up,49
2025-12-01 13:00:00,343.2,343.2,342.5,342.5,344.6785001352566,344.52281117653763,344.18052016622505,338.0603452545713,Up,38
2025-12-01 13:15:00,342.5,343.2,342.5,343.1,344.5350001229606,344.4670146598107,344.16976872178503,338.0603452545713,Up,37
2025-12-01 13:30:00,343.1,343.1,342.1,342.2,344.3227273845096,344.37811212413186,344.1501690330111,338.0603452545713,Up,16
2025-12-01 13:45:00,342.2,342.7,342.2,342.6,344.1661158040996,344.30838223691103,344.13474446551845,338.0603452545713,Up,22
2025-12-01 14:00:00,342.6,342.9,342.5,342.9,344.0510143673633,344.2531515609537,344.1224584509362,338.0603452545713,Up,6
2025-12-01 14:15:00,342.6,344.2,342.6,343.9,344.03728578851207,344.23930248013204,344.1202449340115,338.0603452545713,Up,42
2025-12-01 14:30:00,343.9,343.9,341.9,342.0,343.8520779895564,344.1514866965975,344.099147969494,338.0603452545713,Up,63
2025-12-01 14:45:00,342.0,342.2,341.7,341.7,343.65643453596033,344.0553499633976,344.0752758503946,338.0603452545713,Up,13
2025-12-01 15:00:00,341.7,343.5,341.6,343.0,343.59675866905485,344.0139636903232,344.0645765882016,338.0603452545713,Up,32
2025-12-01 15:15:00,343.0,343.3,342.0,342.4,343.4879624264135,343.950670996585,344.04801363707526,338.0603452545713,Up,62
2025-12-01 15:30:00,342.4,342.4,341.9,341.9,343.34360220583045,343.8702525261307,344.02664036705465,338.0603452545713,Up,6
2025-12-01 15:45:00,341.9,342.6,341.9,342.6,343.27600200530037,343.82043870157656,344.0124449405168,338.0603452545713,Up,18
2025-12-01 16:00:00,342.6,343.0,341.6,342.9,343.2418200048185,343.78434306622063,344.0013758366311,338.0603452545713,Up,14
2025-12-01 16:15:00,342.9,342.9,341.6,342.0,343.1289272771078,343.71436882832967,343.98146164920195,338.0603452545713,Up,27
2025-12-01 16:30:00,342.0,342.2,341.9,342.0,343.0262975246434,343.6471386781991,343.9617456128915,338.0603452545713,Up,3
2025-12-01 16:45:00,342.3,343.1,342.3,343.0,343.0239068405849,343.62176069081875,343.952176004803,338.0603452545713,Up,20
2025-12-01 17:00:00,343.0,344.4,343.0,343.5,343.0671880368954,343.61698576176707,343.9476767410736,338.76262999787104,Up,93
2025-12-01 17:15:00,343.5,343.8,342.5,343.1,343.07017094263216,343.5967118103252,343.9392421466351,338.76262999787104,Up,31
2025-12-01 17:30:00,343.1,344.1,342.8,344.0,343.1547008569383,343.61252703344974,343.93984670238996,338.76262999787104,Up,43
2025-12-01 17:45:00,344.0,344.5,343.3,344.2,343.2497280517621,343.6355651890007,343.9424352924159,338.9336814409249,Up,35
2025-12-01 18:00:00,344.2,345.5,343.9,345.1,343.41793459251096,343.69299400511835,343.9539533492078,339.6033467644772,Up,110
2025-12-01 18:15:00,345.1,345.5,344.1,345.2,343.5799405386463,343.7520922794275,343.966351823345,339.65758796770655,Up,54
2025-12-01 18:30:00,345.2,346.0,344.4,345.8,343.7817641260421,343.8324023861166,343.98459707883416,339.9432617888241,Up,76
2025-12-01 18:45:00,346.0,347.7,345.8,347.5,344.11978556912914,343.9762297435238,344.0195762123781,341.2802379898401,Up,200
2025-12-01 19:00:00,347.5,349.5,347.1,349.4,344.59980506284467,344.1889266163268,344.07311276747885,342.4547618089456,Up,203
2025-12-01 19:15:00,349.4,349.5,347.6,348.5,344.9543682389497,344.35798831764737,344.11716139665816,342.54523800813234,Up,147
2025-12-01 19:30:00,348.5,348.8,346.4,348.0,345.2312438535906,344.5008123051906,344.1557966066417,342.54523800813234,Up,132
2025-12-01 19:45:00,348.0,352.4,348.0,350.5,345.7102216850824,344.73607456773215,344.21892300856564,342.84399835382834,Up,326
2025-12-01 20:00:00,350.5,350.5,348.5,349.0,346.009292440984,344.9032873297819,344.26649591395307,342.84399835382834,Up,90
2025-12-01 20:15:00,349.0,349.0,345.4,346.1,346.01753858271275,344.9502172384179,344.2847397357048,342.84399835382834,Up,147
2025-12-01 20:30:00,346.1,347.6,345.1,346.0,346.0159441661025,344.9913851898525,344.30180700201623,342.84399835382834,Up,113
2025-12-01 20:45:00,346.0,346.0,344.0,344.6,345.88722196918405,344.97603675103477,344.3047740965236,342.84399835382834,Up,177
2025-12-01 21:00:00,344.6,346.6,344.3,346.6,345.95201997198546,345.0397215843275,344.32761216521493,342.84399835382834,Up,91
2025-12-01 21:15:00,346.6,347.0,345.4,345.6,345.9200181563504,345.0616932869029,344.34027274068546,342.84399835382834,Up,24
2025-12-01 21:30:00,345.6,347.7,345.5,346.4,345.9636528694095,345.11417590310276,344.36076753928563,342.84399835382834,Up,79
2025-12-01 21:45:00,346.4,348.0,345.1,348.0,346.14877533582677,345.2273454755301,344.3969788075514,342.84399835382834,Up,48
2025-12-01 22:00:00,348.0,348.9,345.7,347.0,346.2261593962062,345.29686133923485,344.422879515934,342.84399835382834,Up,114
2025-12-01 22:15:00,347.0,347.6,345.1,345.7,346.17832672382383,345.31267069848053,344.4355871824422,342.84399835382834,Up,77
2025-12-01 22:30:00,345.7,346.4,345.1,345.1,346.080297021658,345.3043306710892,344.4421982552537,342.84399835382834,Up,59
2025-12-01 22:45:00,345.1,346.5,345.1,346.5,346.1184518378709,345.3512196643798,344.4626738945049,342.84399835382834,Up,14
2025-12-01 23:00:00,346.5,346.5,344.5,345.5,346.062228943519,345.35705418734534,344.4729955472959,342.84399835382834,Up,48
2025-12-01 23:15:00,345.5,345.7,344.6,345.4,346.00202631228996,345.3587383368612,344.4822194721985,342.84399835382834,Up,31
2025-12-01 23:30:00,345.4,345.4,344.7,345.3,345.9382057384454,345.3564348726706,344.49035659187814,342.84399835382834,Up,52
2025-12-01 23:45:00,345.3,347.6,345.3,347.5,346.0801870349503,345.44049625021296,344.5203032924565,342.84399835382834,Up,89
2025-12-02 00:00:00,347.5,348.0,346.9,348.0,346.25471548631845,345.540868946283,344.55492714029276,342.84399835382834,Up,81
2025-12-02 09:00:00,348.8,348.8,346.6,346.6,346.2861049875622,345.58240349740913,344.5752761239715,342.84399835382834,Up,11
2025-12-02 09:15:00,346.6,347.6,346.6,347.4,346.3873681705111,345.6536817916284,344.60338282920566,342.84399835382834,Up,80
2025-12-02 09:30:00,347.4,347.8,347.3,347.3,346.4703347004646,345.71824328999594,344.6302148408554,342.84399835382834,Up,54
2025-12-02 09:45:00,347.3,348.0,347.1,347.3,346.54575881860416,345.7802729648981,344.6567798673145,342.84399835382834,Up,40
2025-12-02 10:00:00,347.3,348.7,347.3,347.5,346.6325080169129,345.84771324078446,344.68507061490345,342.84399835382834,Up,120
2025-12-02 10:15:00,347.5,348.2,347.5,347.9,346.7477345608299,345.92819507447916,344.7170599620189,342.84399835382834,Up,36
2025-12-02 10:30:00,347.9,347.9,347.1,347.2,346.7888496007544,345.9780697774408,344.7417658330436,342.84399835382834,Up,45
2025-12-02 10:45:00,347.2,348.0,347.2,347.8,346.8807723643222,346.04951802146275,344.7721960237596,342.84399835382834,Up,20
2025-12-02 11:00:00,347.8,348.8,347.6,348.5,347.0279748766565,346.14561535395444,344.8092886006376,342.84399835382834,Up,44
2025-12-02 11:15:00,348.5,348.9,348.2,348.2,347.13452261514226,346.2261794577209,344.8430270225218,343.32394464100776,Up,125
2025-12-02 11:30:00,348.2,348.9,347.0,348.8,347.2859296501293,346.3271135966338,344.8823998879694,343.32394464100776,Up,155
2025-12-02 11:45:00,348.8,349.8,348.4,349.1,347.4508451364812,346.43585423990305,344.92436605823843,343.64375590165935,Up,86
2025-12-02 12:00:00,349.1,350.0,348.6,349.5,347.63713194225556,346.55601681873037,344.9698947541764,343.8306871833267,Up,108
2025-12-02 12:15:00,349.5,350.4,349.0,350.4,347.8883017656869,346.70676125721155,345.0239256521448,344.218806530297,Up,70
2025-12-02 12:30:00,350.4,351.0,350.0,350.3,348.1075470597154,346.8476725804582,345.0764239043623,345.1534604820882,Up,75
2025-12-02 12:45:00,350.3,350.5,349.3,349.4,348.2250427815594,346.9477638518128,345.1194445620303,345.1534604820882,Up,91
2025-12-02 13:00:00,349.4,350.2,349.4,349.9,348.3773116195995,347.0635378184084,345.167012277831,345.1534604820882,Up,21
2025-12-02 13:15:00,349.9,350.0,349.5,349.5,348.47937419963586,347.1590853549414,345.21012658352424,345.1534604820882,Up,10
2025-12-02 13:30:00,349.5,350.4,349.5,350.0,348.61761290875984,347.27049377239473,345.257787015529,345.2374123912903,Up,26
2025-12-02 13:45:00,350.0,350.5,349.6,349.7,348.71601173523624,347.36576852641844,345.3019881397526,345.4385567193549,Up,17
2025-12-02 14:00:00,349.7,350.0,349.5,349.5,348.78728339566925,347.44946387832357,345.34375940204364,345.4385567193549,Up,12
2025-12-02 14:15:00,349.5,349.5,349.5,349.5,348.85207581424476,347.52987705956576,345.38511502988405,345.52360059450814,Up,16
2025-12-02 14:30:00,349.5,349.9,349.5,349.6,348.9200689220407,347.6110583513475,345.4270541838156,345.93963690409834,Up,10
2025-12-02 14:45:00,349.6,350.5,349.0,350.5,349.063699020037,347.72435018070644,345.4775312566134,345.93963690409834,Up,61
2025-12-02 15:00:00,350.5,350.5,350.0,350.4,349.18518092730636,347.8292776246003,345.5265110451049,346.46457595380025,Up,26
2025-12-02 15:15:00,350.4,350.4,348.8,349.3,349.19561902482394,347.8869530118709,345.56405819888494,346.46457595380025,Up,75
2025-12-02 15:30:00,349.3,349.6,348.7,349.3,349.2051082043854,347.9423666192485,345.6012317491448,346.46457595380025,Up,67
2025-12-02 15:45:00,349.3,349.7,349.2,349.3,349.2137347312594,347.9956071439839,345.63803541333243,346.46457595380025,Up,16
2025-12-02 16:00:00,349.3,349.3,348.4,348.4,349.1397588465995,348.0114656873571,345.6655176480256,346.46457595380025,Up,44
2025-12-02 16:15:00,348.4,350.0,348.2,348.8,349.10887167872676,348.0423886015784,345.6967065271498,346.46457595380025,Up,55
2025-12-02 16:30:00,348.8,349.0,348.3,348.4,349.0444287988425,348.05641257798715,345.7236049696657,346.46457595380025,Up,30
2025-12-02 16:45:00,348.4,348.4,348.0,348.3,348.9767534534932,348.06596502590924,345.74924074111186,346.46457595380025,Up,41
2025-12-02 17:00:00,348.3,349.3,348.0,349.3,349.00613950317563,348.11435855430494,345.78457167901126,346.46457595380025,Up,50
2025-12-02 17:15:00,349.3,350.4,348.9,350.4,349.132854093796,348.20399155217535,345.83049633892165,346.46457595380025,Up,69
2025-12-02 17:30:00,350.4,351.4,350.0,350.0,349.21168553981454,348.27442325601163,345.87198393753937,346.47789018778,Up,193
2025-12-02 17:45:00,350.0,352.2,350.0,352.0,349.46516867255866,348.4205243047955,345.932959221743,346.47789018778,Up,193
2025-12-02 18:00:00,352.0,352.3,351.3,352.1,349.70469879323514,348.5648174693133,345.9943228115764,347.21974395684305,Up,113
2025-12-02 18:15:00,352.1,352.5,351.4,351.5,349.8679079938501,348.6799226665952,346.04910566917266,347.38613086985725,Up,101
2025-12-02 18:30:00,351.5,351.6,349.9,350.9,349.9617345398637,348.76698452280715,346.0973732744546,347.38613086985725,Up,67
2025-12-02 18:45:00,350.9,351.4,347.0,348.0,349.7833950362397,348.73690669838334,346.116304883664,347.38613086985725,Up,198
2025-12-02 19:00:00,348.0,350.0,348.0,348.1,349.63035912385425,348.71192996511337,346.136043143528,347.38613086985725,Up,79
2025-12-02 19:15:00,348.1,349.3,348.0,348.8,349.5548719307766,348.7153836919717,346.1625501769258,347.38613086985725,Up,93
2025-12-02 19:30:00,348.8,349.1,347.7,348.6,349.4680653916151,348.71085884130616,346.1868034089962,347.38613086985725,Up,103
2025-12-02 19:45:00,348.6,350.4,348.4,349.9,349.50733217419554,348.7574918279216,346.22375063875745,347.38613086985725,Up,112
2025-12-02 20:00:00,349.9,351.0,349.7,350.9,349.63393834017774,348.84151175623845,346.270280483148,347.38613086985725,Up,89
2025-12-02 20:15:00,350.9,351.0,349.8,350.7,349.7308530365252,348.9143936481507,346.31435729426096,347.38613086985725,Up,62
2025-12-02 20:30:00,350.7,351.0,348.8,348.9,349.6553209422956,348.9138291913605,346.34008508237775,347.38613086985725,Up,121
2025-12-02 20:45:00,348.9,351.0,348.8,351.0,349.777564492996,348.9956398113071,346.3864523949909,347.38613086985725,Up,74
2025-12-02 21:00:00,351.0,351.0,349.6,349.6,349.76142226636006,349.0193402108637,346.4184279930507,347.38613086985725,Up,35
2025-12-02 21:15:00,349.6,350.8,349.6,350.2,349.8012929694182,349.0656405947514,346.4560555752094,347.38613086985725,Up,21
2025-12-02 21:30:00,350.2,351.7,349.5,351.7,349.9739026994711,349.16894880672197,346.5082341266999,347.38613086985725,Up,70
2025-12-02 21:45:00,351.7,352.3,351.4,351.6,350.12172972679195,349.26428414763484,346.5588984637477,347.38613086985725,Up,124
2025-12-02 22:00:00,351.6,351.6,349.9,349.9,350.10157247890174,349.28921418106097,346.59214325515325,347.38613086985725,Up,70
2025-12-02 22:15:00,349.9,350.8,349.9,350.7,350.15597498081974,349.344539115137,346.6330174516194,347.38613086985725,Up,26
2025-12-02 22:30:00,350.7,351.5,350.3,350.3,350.1690681643816,349.3820081694454,346.6695048401605,347.38613086985725,Up,36
2025-12-02 22:45:00,350.3,352.4,350.3,351.1,350.25369833125603,349.4493803980946,346.7135893691142,347.38613086985725,Up,59
2025-12-02 23:00:00,351.1,351.6,350.8,350.8,350.30336211932365,349.50234587267914,346.75425017141157,347.38613086985725,Up,17
2025-12-02 23:15:00,350.8,351.8,350.8,351.0,350.3666928357488,349.56107740708387,346.7964964383627,347.38613086985725,Up,42
2025-12-02 23:30:00,351.0,351.6,350.8,351.0,350.4242662143171,349.61750574406096,346.8383223444486,347.38613086985725,Up,20
2025-12-02 23:45:00,351.0,351.7,350.1,351.6,350.53115110392457,349.69525061684294,346.8857022216183,347.38613086985725,Up,50
2025-12-03 00:00:00,351.6,351.6,349.5,349.5,350.43741009447683,349.6875937299079,346.9117151348361,347.38613086985725,Up,42
2025-12-03 09:00:00,351.0,351.0,351.0,351.0,350.4885546313426,349.7390606424606,346.95239458623075,347.38613086985725,Up,2
2025-12-03 09:15:00,351.0,352.2,351.0,352.0,350.62595875576596,349.82772493099156,347.002619515721,347.38613086985725,Up,64
2025-12-03 09:30:00,352.0,352.0,351.1,351.5,350.7054170506963,349.8933043454625,347.0473695702909,347.38613086985725,Up,27
2025-12-03 09:45:00,351.5,351.8,351.2,351.7,350.79583368245125,349.9641551554444,347.0936644004373,347.38613086985725,Up,29
2025-12-03 10:00:00,351.7,352.0,351.5,351.7,350.87803062041024,350.03222750228974,347.1394985855076,347.38613086985725,Up,41
2025-12-03 10:15:00,351.7,352.0,351.6,352.0,350.98002783673655,350.10939505121956,347.1878617836618,347.38613086985725,Up,29
2025-12-03 10:30:00,352.0,353.0,351.9,352.4,351.10911621521507,350.19922269626977,347.23972385546614,347.8164272820573,Up,51
2025-12-03 10:45:00,352.4,352.8,352.4,352.5,351.23556019565007,350.2894492572004,347.2920649116307,348.2422066200521,Up,43
2025-12-03 11:00:00,352.5,353.1,352.3,353.1,351.40505472331824,350.39966693338863,347.34985531051996,348.44746056368376,Up,43
2025-12-03 11:15:00,353.1,355.0,353.1,353.7,351.61368611210753,350.5290917595303,347.41304082981827,349.49314596698525,Up,174
2025-12-03 11:30:00,353.7,355.0,353.7,354.9,351.9124419200977,350.70049992582324,347.4875379359892,349.73467815180476,Up,148
2025-12-03 11:45:00,354.3,355.7,354.1,355.3,352.22040174554337,350.8808724777518,347.56527387692466,350.12243468345883,Up,69
2025-12-03 12:00:00,355.3,356.5,354.7,356.4,352.6003652232212,351.0973088511733,347.65318159954234,350.602213348599,Up,105
2025-12-03 12:15:00,356.4,356.8,355.3,356.0,352.9094229302011,351.2895712491665,347.73623451894986,350.9611030441809,Up,134
2025-12-03 12:30:00,356.0,357.0,355.6,356.5,353.23583902745554,351.4939017884149,347.8234361655275,351.16463913107356,Up,84
2025-12-03 12:45:00,356.5,356.9,356.3,356.9,353.5689445704141,351.7059056398496,347.9137502335322,351.713308300976,Up,56
2025-12-03 13:00:00,356.9,357.0,356.8,357.0,353.8808587003764,351.91351718338495,348.0041606789697,352.38482572815997,Up,31
2025-12-03 13:15:00,357.0,357.0,356.6,356.6,354.12805336397855,352.0973008232522,348.08969141848246,352.5498415710545,Up,34
2025-12-03 13:30:00,356.6,356.7,356.3,356.5,354.3436848763441,352.26995569292865,348.1733760809851,352.5498415710545,Up,31
2025-12-03 13:45:00,356.5,356.7,356.2,356.7,354.557895342131,352.44368292065695,348.2582181100301,352.62342278599544,Up,9
2025-12-03 14:00:00,356.7,356.7,356.1,356.2,354.7071775837555,352.590989472788,348.33724081540294,352.70311162363225,Up,30
2025-12-03 14:15:00,356.2,356.7,356.0,356.4,354.8610705306868,352.7403624346395,348.41746727495115,352.7346469305748,Up,14
2025-12-03 14:30:00,356.4,356.8,355.9,356.4,355.00097320971526,352.88387763328114,348.49689546127,352.7360426641589,Up,46
2025-12-03 14:45:00,356.4,357.0,356.1,356.1,355.1008847361048,353.0100000790348,348.5725482427499,352.93731151287176,Up,29
2025-12-03 15:00:00,356.1,356.8,356.1,356.7,355.2462588510043,353.15470595828833,348.6534184094888,352.93731151287176,Up,21
2025-12-03 15:15:00,356.7,356.8,356.3,356.7,355.37841713727664,353.293737097179,348.7334838979516,353.1510838949353,Up,27
2025-12-03 15:30:00,356.7,357.3,356.6,356.7,355.4985610338879,353.42731603454456,348.81275271488744,353.6055308135776,Up,46
2025-12-03 15:45:00,356.7,358.0,356.7,357.3,355.66232821262537,353.5791859939742,348.89720293662987,353.83684619416147,Up,102
2025-12-03 16:00:00,357.3,357.6,357.0,357.0,355.7839347387503,353.713335562838,348.97782778303156,353.8880419946922,Up,20
2025-12-03 16:15:00,357.0,357.3,356.6,356.9,355.8853952170457,353.83830279566786,349.05665536728,353.8880419946922,Up,41
2025-12-03 16:30:00,356.9,357.3,356.9,356.9,355.97763201549606,353.9583693527005,349.1346985974563,353.9033404914812,Up,24
2025-12-03 16:45:00,356.9,357.8,356.9,357.8,356.1433018322691,354.1090215349476,349.2209205019592,354.11667317407375,Up,24
2025-12-03 17:00:00,357.8,358.5,357.1,357.1,356.23027439297186,354.2263148080869,349.29931930293475,354.3515210673398,Up,83
2025-12-03 17:15:00,357.1,358.2,357.1,358.0,356.3911585390653,354.3743024626718,349.385893240219,354.3515210673398,Up,37
2025-12-03 17:30:00,358.0,358.8,358.0,358.6,356.5919623082412,354.5400160915866,349.47757589454517,354.8954719564791,Up,56
2025-12-03 17:45:00,358.3,360.0,358.3,359.5,356.85632937112837,354.7345252644656,349.5773015075348,355.34588359679924,Up,166
2025-12-03 18:00:00,359.5,359.9,359.1,359.1,357.0602994282985,354.90572035213364,349.67205472636533,355.75080326981754,Up,42
2025-12-03 18:15:00,359.1,359.5,358.3,358.3,357.17299948027136,355.03882935793234,349.75790492809307,355.75080326981754,Up,84
2025-12-03 18:30:00,358.3,359.8,357.7,359.8,357.4118177093376,355.2255419321311,349.85782627209215,355.75080326981754,Up,152
2025-12-03 18:45:00,359.8,361.2,359.2,360.1,357.6561979175796,355.4166971504789,349.9597384484893,355.75080326981754,Up,163
2025-12-03 19:00:00,360.1,360.3,358.0,358.0,357.6874526523451,355.5180031445778,350.03974105099195,355.75080326981754,Up,125
2025-12-03 19:15:00,358.4,359.3,358.0,359.3,357.8340478657683,355.6663167467512,350.13188293108163,355.75080326981754,Up,71
2025-12-03 19:30:00,359.3,361.0,358.5,359.0,357.9400435143348,355.79704942334916,350.2201229019166,355.75080326981754,Up,113
2025-12-03 19:45:00,359.0,359.0,358.1,358.5,357.99094864939525,355.9030474851786,350.30250973871347,355.75080326981754,Up,58
2025-12-03 20:00:00,358.5,360.0,358.5,360.0,358.1735896812684,356.0637122896814,350.3990021791243,355.75080326981754,Up,57
2025-12-03 20:15:00,360.0,360.0,359.2,360.0,358.3396269829713,356.2180765136155,350.49453449575,355.75080326981754,Up,18
2025-12-03 20:30:00,360.0,360.3,359.2,359.6,358.4542063481557,356.35070096406196,350.58513614255844,355.75080326981754,Up,65
2025-12-03 20:45:00,359.6,361.0,359.4,359.6,358.55836940741426,356.4781244556674,350.67483628044346,355.75080326981754,Up,57
2025-12-03 21:00:00,359.6,361.9,359.6,361.2,358.7985176431038,356.66329604564123,350.779564277653,355.75080326981754,Up,112
2025-12-03 21:15:00,361.2,362.6,361.1,362.5,359.13501603918525,356.89218639679257,350.89618552862163,356.22590075698804,Up,98
2025-12-03 21:30:00,362.5,362.8,362.1,362.5,359.4409236719866,357.11210065574187,351.0116463691329,357.08263705180735,Up,108
2025-12-03 21:45:00,362.4,364.2,362.2,364.1,359.8644760654424,357.3861359241441,351.1418787435694,357.5933064107339,Up,255
2025-12-03 22:00:00,364.0,365.9,363.1,365.8,360.40406915040217,357.7160913780993,351.28773069636975,358.3848240097581,Up,219
2025-12-03 22:15:00,365.8,366.8,365.5,366.2,360.93097195491106,358.0487936769974,351.43611148546063,360.1180218270528,Up,190
2025-12-03 22:30:00,366.2,366.7,365.5,366.5,361.43724723173733,358.3802135328014,351.58600092341624,360.1800198427753,Up,107
2025-12-03 22:45:00,366.5,366.8,365.7,365.7,361.8247702106703,358.66726398249546,351.7264387251733,360.46819985706844,Up,67
2025-12-03 23:00:00,365.7,367.8,365.7,367.5,362.3407001915184,359.0136457871035,351.8833895836293,360.73018168824404,Up,124
2025-12-03 23:15:00,367.5,367.5,365.9,366.9,362.75518199228947,359.32291457976606,352.0328085927474,360.73018168824404,Up,138
2025-12-03 23:30:00,366.9,366.9,365.6,365.8,363.03198362935404,359.5769179295792,352.16979557192406,360.73018168824404,Up,78
2025-12-03 23:45:00,365.8,366.6,365.5,366.6,363.3563487539582,359.852332912733,352.3133796955865,360.73018168824404,Up,95
2025-12-04 00:00:00,366.9,366.9,365.0,365.2,363.52395341268925,360.06204534752777,352.4416047732424,360.73018168824404,Up,146
2025-12-04 09:00:00,367.0,369.2,366.8,368.3,363.95813946608115,360.3851023927228,352.59939975062304,361.0963866652452,Up,64
2025-12-04 09:15:00,368.3,369.6,367.7,368.2,364.3437631509828,360.69156896555717,352.7546296038507,361.6830787865865,Up,309
2025-12-04 09:30:00,368.2,369.4,368.2,369.3,364.7943301372571,361.0291544963197,352.9192601550562,362.0300716241695,Up,211
2025-12-04 09:45:00,369.3,369.6,369.0,369.2,365.1948455793246,361.34957981018954,353.0812575664487,362.92733784015417,Up,135
2025-12-04 10:00:00,369.2,370.0,369.2,369.6,365.59531416302235,361.67312569998603,353.2456231628025,363.5157616728674,Up,56
2025-12-04 10:15:00,369.6,370.4,369.5,370.3,366.0230128754749,362.011434496065,353.4153184547149,364.0916015207886,Up,76
2025-12-04 10:30:00,370.3,370.5,369.9,370.3,366.4118298867954,362.3364762805331,353.58332523626,364.656001382535,Up,74
2025-12-04 10:45:00,370.3,370.5,368.1,368.1,366.5652998970867,362.5624968185514,353.7277697612724,364.656001382535,Up,110
2025-12-04 11:00:00,368.1,368.6,367.0,368.1,366.7048180882606,362.7796538060592,353.87077702732944,364.656001382535,Up,225
2025-12-04 11:15:00,368.1,369.5,366.8,366.8,366.7134709893278,362.9373144411157,353.9994260121322,364.656001382535,Up,109
2025-12-04 11:30:00,366.8,368.3,366.8,368.2,366.848609990298,363.1436942669543,354.1407252557926,364.656001382535,Up,93
2025-12-04 11:45:00,368.2,370.5,368.0,369.9,367.12600908208907,363.4086474329561,354.29753395971505,364.656001382535,Up,182
2025-12-04 12:00:00,369.9,370.2,368.7,369.1,367.3054628018991,363.63183772970297,354.4448221790214,364.656001382535,Up,119
2025-12-04 12:15:00,369.1,370.0,369.1,369.1,367.46860254718104,363.8462754657931,354.5906448439068,364.656001382535,Up,30
2025-12-04 12:30:00,369.1,370.0,369.1,369.9,367.6896386792555,364.0836764279189,354.7429767360072,364.656001382535,Up,28
2025-12-04 12:45:00,369.9,370.0,369.4,369.7,367.8723987993232,364.30392441113776,354.8918028381365,364.656001382535,Up,26
2025-12-04 13:00:00,369.7,369.7,368.0,369.6,368.0294534539302,364.5116136499167,355.0381530586526,364.656001382535,Up,80
2025-12-04 13:15:00,369.6,369.7,369.3,369.6,368.17223041266385,364.71115821266505,355.183047058069,364.656001382535,Up,41
2025-12-04 13:30:00,369.6,369.7,369.3,369.7,368.31111855696713,364.9067990670704,355.3274943510236,364.656001382535,Up,10
2025-12-04 13:45:00,369.7,369.7,368.8,369.0,368.3737441426974,365.0673167507147,355.4635391833517,364.656001382535,Up,8
2025-12-04 14:00:00,369.0,369.0,368.2,368.2,368.35794922063394,365.1901670742161,355.5902701367512,364.656001382535,Up,28
2025-12-04 14:15:00,368.2,368.9,368.0,368.9,368.4072265642127,365.3356507183645,355.72270525976865,364.656001382535,Up,32
2025-12-04 14:30:00,368.9,369.0,368.0,368.1,368.37929687655696,365.4440565725463,355.84586242136305,364.656001382535,Up,16
2025-12-04 14:45:00,368.1,368.7,368.1,368.4,368.3811789786881,365.55997592264254,355.9707792131903,364.656001382535,Up,32
2025-12-04 15:00:00,368.4,368.6,368.4,368.5,368.3919808897165,365.67527098449966,356.0954480767407,364.656001382535,Up,5
2025-12-04 15:15:00,368.5,368.6,368.5,368.6,368.4108917179241,365.78996624000945,356.21987147896215,364.77712252911004,Up,8
2025-12-04 15:30:00,368.6,368.6,368.0,368.4,368.40990156174917,365.89232050510714,356.3410667876292,364.77712252911004,Up,11
2025-12-04 15:45:00,368.4,368.9,368.3,368.6,368.4271832379538,365.99850401471076,356.46304622257816,365.06539051992564,Up,35
2025-12-04 16:00:00,368.3,368.3,368.1,368.3,368.41562112541254,366.0887587592319,356.5808268571794,365.06539051992564,Up,17
2025-12-04 16:15:00,368.3,368.8,368.0,368.8,368.45056465946595,366.19508194514435,356.70241066954577,365.06539051992564,Up,28
2025-12-04 16:30:00,368.8,370.0,368.8,369.7,368.5641496904236,366.3325297120015,356.831739916615,365.8933061757518,Up,93
2025-12-04 16:45:00,369.7,369.7,368.7,369.1,368.61286335493054,366.4410579585897,356.95381215625065,365.8933061757518,Up,33
2025-12-04 17:00:00,369.1,369.5,368.6,368.6,368.6116939590277,366.52572235237045,357.0696946223576,365.8933061757518,Up,6
2025-12-04 17:15:00,368.5,368.5,367.5,368.2,368.57426723547974,366.5913802993363,357.1804439295978,365.8933061757518,Up,59
2025-12-04 17:30:00,367.5,368.2,367.3,368.0,368.5220611231634,366.64662028759767,357.2881012039302,365.8933061757518,Up,71
2025-12-04 17:45:00,368.0,369.0,367.9,368.5,368.52005556651216,366.71930184494676,357.39966238598066,365.8933061757518,Up,38
2025-12-04 18:00:00,368.5,368.8,367.2,367.2,368.40005051501106,366.73815275298807,357.49717818313513,365.8933061757518,Up,46
2025-12-04 18:15:00,367.3,368.4,367.2,367.9,368.35459137728276,366.7837153901258,357.6006888479796,365.8933061757518,Up,28
2025-12-04 18:30:00,367.9,369.0,367.0,367.0,368.2314467066207,366.7921971395326,357.6942143320793,365.8933061757518,Up,28
2025-12-04 18:45:00,367.0,368.9,367.0,368.6,368.26495155147336,366.8630913693549,357.8027296123571,365.8933061757518,Up,41
2025-12-04 19:00:00,368.6,368.9,365.7,366.7,368.1226832286121,366.85669562938017,357.8912596659655,365.8933061757518,Up,96
2025-12-04 19:15:00,366.7,366.7,363.6,364.2,367.76607566237465,366.7525114870515,357.95403320162757,370.6151759902419,Down,133
2025-12-04 19:30:00,364.2,365.4,363.2,363.6,367.3873415112497,366.6288835855985,358.01021197574073,370.60022058903485,Down,84
2025-12-04 19:45:00,363.6,364.0,362.0,362.0,366.8975831920452,366.44735873910446,358.0499113590667,369.4547459900317,Down,113
2025-12-04 20:00:00,362.0,363.3,362.0,363.3,366.57053017458657,366.3239329061984,358.1021510470362,368.9906781727561,Down,51
2025-12-04 20:15:00,363.3,363.5,361.4,362.2,366.17320924962416,366.1622100471318,358.14292566348365,368.9778892479601,Down,83
2025-12-04 20:30:00,362.2,363.2,362.0,362.2,365.81200840874925,366.00682926096977,358.1832945623545,368.97080840723646,Down,46
2025-12-04 20:45:00,362.2,363.6,362.0,362.4,365.50182582613564,365.86538497622587,358.2252518303908,368.97080840723646,Down,69
2025-12-04 21:00:00,362.4,364.8,362.3,364.1,365.37438711466876,365.7961541928444,358.28370703605856,368.97080840723646,Down,76
2025-12-04 21:15:00,364.1,365.5,362.0,365.3,365.3676246496988,365.7766971656741,358.3535208963963,368.97080840723646,Down,131
2025-12-04 21:30:00,365.3,366.3,364.9,366.2,365.44329513608983,365.79329727682415,358.43159531533763,368.97080840723646,Down,72
2025-12-04 21:45:00,366.2,366.3,365.6,366.3,365.5211773964453,365.81316797185065,358.50988789926464,368.97080840723646,Down,38
2025-12-04 22:00:00,366.3,366.9,365.2,366.3,365.59197945131393,365.83225942393494,358.5874014525058,368.97080840723646,Down,76
2025-12-04 22:15:00,366.3,367.2,365.8,365.8,365.6108904102854,365.83099434848657,358.6591686022321,368.97080840723646,Down,82
2025-12-04 22:30:00,365.8,367.0,365.8,366.8,365.7189912820776,365.8689945701145,358.7401718997224,368.97080840723646,Down,9
2025-12-04 22:45:00,366.8,366.9,366.0,366.7,365.80817389279775,365.9015830183453,358.8193741693769,368.97080840723646,Down,29
2025-12-04 23:00:00,366.7,366.7,364.4,364.4,365.6801580843616,365.8426974097828,358.87490278460695,368.97080840723646,Down,51
2025-12-04 23:15:00,364.4,365.7,364.2,365.0,365.6183255312378,365.8096504525364,358.93584902555614,368.97080840723646,Down,36
2025-12-04 23:30:00,365.0,367.5,365.0,367.0,365.7439323011253,365.85633082694676,359.01608933375957,368.97080840723646,Down,53
2025-12-04 23:45:00,367.0,368.9,367.0,368.9,366.0308475464775,365.9756904023606,359.11443670357295,368.97080840723646,Down,83
2025-12-05 00:00:00,368.9,370.0,368.5,369.6,366.3553159513432,366.1178201905033,359.21877066672147,362.45877756381765,Up,139
2025-12-05 09:00:00,372.8,375.4,372.7,373.2,366.97755995576654,366.39555273205224,359.35788737650535,365.7670705125615,Up,40
2025-12-05 09:15:00,373.2,374.0,373.0,373.5,367.57050905069684,366.6741585072659,359.4986049150476,365.7670705125615,Up,309
2025-12-05 09:30:00,373.5,373.6,373.0,373.1,368.07319004608803,366.92615229129467,359.63394217957455,365.90584339881116,Up,153
2025-12-05 09:45:00,373.1,373.9,373.1,373.7,368.5847182237163,367.1917933779105,359.7739029539071,366.4871303625556,Up,109
2025-12-05 10:00:00,373.7,374.4,373.7,374.0,369.0770165670148,367.45878187289446,359.9154561583459,367.42011851141416,Up,78
2025-12-05 10:15:00,374.0,374.4,374.0,374.4,369.5609241518316,367.73098650533,360.05958097269075,368.027380464922,Up,23
2025-12-05 10:30:00,374.4,374.9,374.2,374.9,370.04629468348327,368.0121242894347,360.207246833659,368.68398224083813,Up,55
2025-12-05 10:45:00,374.9,375.0,374.3,374.8,370.4784497122575,368.2783154937706,360.3524483577022,369.0627111280347,Up,65
2025-12-05 11:00:00,374.8,375.1,374.6,375.1,370.8985906475068,368.54583253323057,360.4991901650883,369.5888282982134,Up,59
2025-12-05 11:15:00,375.1,376.4,375.0,375.6,371.3259914977334,368.8224665515353,360.6494469793661,370.40802572564854,Up,163
2025-12-05 11:30:00,375.6,375.6,375.2,375.4,371.69635590703035,369.0804090397104,360.79621865121317,370.4436597505896,Up,87
2025-12-05 11:45:00,375.4,375.4,373.0,373.0,371.8148690063912,369.2341184891335,360.9176493114001,370.4436597505896,Up,199
2025-12-05 12:00:00,373.0,374.7,372.5,373.9,372.00442636944655,369.4170942346577,361.0468269301922,370.4436597505896,Up,84
2025-12-05 12:15:00,373.9,374.1,373.1,373.6,372.14947851767863,369.5811297548672,361.17173412491667,370.4436597505896,Up,39
2025-12-05 12:30:00,373.6,373.7,373.2,373.3,372.25407137970785,369.72696780369597,361.2924133873553,370.4436597505896,Up,46
2025-12-05 12:45:00,373.3,374.4,373.3,374.4,372.4491557997344,369.9102239682569,361.42283713474484,370.4436597505896,Up,22
2025-12-05 13:00:00,374.4,374.5,374.0,374.4,372.6265052724858,370.08629361656057,361.5519631334041,370.4436597505896,Up,13
2025-12-05 13:15:00,374.4,374.4,373.7,374.1,372.76045933862343,370.24369386689153,361.67681922162893,370.4436597505896,Up,9
2025-12-05 13:30:00,374.1,374.4,373.7,373.9,372.86405394420314,370.3870784211311,361.798442910966,370.4436597505896,Up,13
2025-12-05 13:45:00,374.4,374.4,374.3,374.4,373.003685403821,370.54444789481227,361.92383153871765,370.4436597505896,Up,7
2025-12-05 14:00:00,374.4,374.4,373.0,373.0,373.00335036711,370.64074405580004,362.0340421701732,370.4436597505896,Up,28
2025-12-05 14:15:00,373.0,374.1,373.0,374.1,373.1030457882818,370.77640115165104,362.15410145206204,370.4436597505896,Up,22
2025-12-05 14:30:00,374.1,374.5,374.1,374.5,373.2300416257107,370.92242463590003,362.276946213733,370.4436597505896,Up,12
2025-12-05 14:45:00,374.5,374.7,374.1,374.6,373.35458329610066,371.06664327762945,362.3995636643427,370.4436597505896,Up,13
2025-12-05 15:00:00,374.6,374.6,373.9,374.0,373.4132575419097,371.1816768745852,362.5149908915632,370.4436597505896,Up,31
2025-12-05 15:15:00,374.0,374.2,373.2,373.2,373.39387049264514,371.2608268010721,362.6213093901546,370.4436597505896,Up,17
2025-12-05 15:30:00,373.2,374.0,372.5,373.4,373.39442772058646,371.3447159461281,362.7285600429889,370.4436597505896,Up,70
2025-12-05 15:45:00,373.4,373.4,372.5,373.0,373.35857065507855,371.4096290462799,362.8307634256457,370.4436597505896,Up,28
2025-12-05 16:00:00,373.0,374.1,373.0,374.0,373.41688241370775,371.51121222093565,362.94190010797763,370.4436597505896,Up,35
2025-12-05 16:15:00,374.0,374.5,373.3,374.3,373.49716583064344,371.62057644756567,363.05491602730126,370.4436597505896,Up,38
2025-12-05 16:30:00,374.3,374.3,374.0,374.3,373.5701507551304,371.72565188099446,363.1668074101142,370.4436597505896,Up,11
2025-12-05 16:45:00,374.3,375.0,374.3,375.0,373.70013705011854,371.85405768958293,363.2845506199638,370.8799690253005,Up,63
2025-12-05 17:00:00,375.0,375.0,374.0,374.0,373.72739731828955,371.9382122899915,363.3911720068299,370.8799690253005,Up,32
2025-12-05 17:15:00,374.4,374.9,373.3,374.2,373.770361198445,372.02690984724677,363.49872253412514,370.8799690253005,Up,34
2025-12-05 17:30:00,374.2,374.7,373.2,373.5,373.74578290767727,372.0846780885312,363.5982377327906,370.8799690253005,Up,36
2025-12-05 17:45:00,373.5,376.2,373.5,376.2,373.9688935524339,372.24606326152997,363.72362840211605,370.8799690253005,Up,107
2025-12-05 18:00:00,376.2,377.1,375.5,377.1,374.2535395931217,372.43641372186215,363.8567266269706,371.3484411927281,Up,199
2025-12-05 18:15:00,377.2,379.0,377.2,378.2,374.6123087210197,372.6624367131617,363.99944576501076,372.90767381157104,Up,203
2025-12-05 18:30:00,378.1,379.9,377.9,379.0,375.01118974638155,372.9109686067632,364.1487050111301,373.4524307377918,Up,464
2025-12-05 18:45:00,379.0,382.0,378.3,381.7,375.6192634058014,373.25563650453716,364.32334476226316,373.8522097616289,Up,349
2025-12-05 19:00:00,381.7,382.3,380.0,380.1,376.02660309618307,373.5240429161239,364.48032640641975,374.58837251057173,Up,317
2025-12-05 19:15:00,380.1,380.6,378.8,380.5,376.4332755419846,373.79760986058966,364.6397261436693,374.58837251057173,Up,157
2025-12-05 19:30:00,380.5,382.4,379.8,381.0,376.8484323108951,374.0800565327234,364.80251493825966,374.58837251057173,Up,187
2025-12-05 19:45:00,381.0,382.3,380.0,382.0,377.3167566462683,374.390642551048,364.9736341926054,374.58837251057173,Up,216
2025-12-05 20:00:00,382.0,382.3,381.1,382.1,377.751596951153,374.6929702941442,365.144045792679,374.7484888399507,Up,166
2025-12-05 20:15:00,382.1,386.5,382.0,386.0,378.50145177377544,375.1363832237856,365.35156772509015,376.2940807635915,Up,342
2025-12-05 20:30:00,386.2,387.0,385.1,386.5,379.228592521614,375.5820152542253,365.5619998870296,378.1264370578105,Up,280
2025-12-05 20:45:00,386.5,388.5,386.3,387.8,380.00781138328546,376.0611519109224,365.7832735199945,379.3967609616459,Up,257
2025-12-05 21:00:00,387.8,389.0,386.5,387.0,380.64346489389584,376.4901263457882,365.99438522626326,379.5652372378599,Up,307
2025-12-05 21:15:00,387.0,388.0,385.3,386.9,381.21224081263256,376.8983566851691,366.2024012936636,379.5652372378599,Up,229
2025-12-05 21:30:00,386.9,390.0,386.9,389.2,381.93840073875685,377.38077407006443,366.43123312158735,379.66589854368584,Up,268
2025-12-05 21:45:00,389.2,390.7,389.0,389.5,382.62581885341535,377.8560378320227,366.6607730905268,381.2462714033508,Up,257
2025-12-05 22:00:00,389.5,390.1,386.5,389.3,383.2325625940139,378.30482066213943,366.8860390299245,381.2462714033508,Up,275
2025-12-05 22:15:00,389.3,390.0,387.7,389.8,383.82960235819445,378.7556120087222,367.11403864156705,381.2462714033508,Up,173
2025-12-05 22:30:00,389.8,390.0,388.3,389.4,384.3360021438131,379.1730389887723,367.33578950085496,381.2462714033508,Up,78
2025-12-05 22:45:00,389.4,391.8,389.4,391.1,384.9509110398301,379.6407629499969,367.5722493068166,381.61407786582254,Up,256
2025-12-05 23:00:00,391.1,391.1,390.0,390.7,385.4735554907546,380.07445852058527,367.80237617938565,381.9809798780205,Up,62
2025-12-05 23:15:00,390.7,391.6,388.1,391.5,386.0214140825042,380.5225189707584,368.0381734313321,381.9809798780205,Up,147
2025-12-05 23:30:00,391.5,391.8,390.2,391.3,386.50128552954925,380.9451652856307,368.26963439221436,382.17932221324,Up,109
2025-12-05 23:45:00,391.3,391.3,387.0,387.1,386.555714117772,381.18653135286087,368.45700121418236,382.17932221324,Up,167
2025-12-06 00:00:00,387.1,387.8,386.2,387.2,386.6142855616109,381.4223536527487,368.64349871453874,382.17932221324,Up,109
2025-12-08 09:00:00,374.1,378.6,373.6,377.9,385.8220777832827,381.28422213695467,368.73560320494136,389.4937473980165,Down,51
2025-12-08 09:15:00,377.6,380.8,377.0,378.5,385.1564343484388,381.17503695511334,368.83276138200665,389.4937473980165,Down,473
2025-12-08 09:30:00,378.5,379.8,378.5,379.3,384.62403122585346,381.1015060941285,368.9369130100464,389.4937473980165,Down,235
2025-12-08 09:45:00,379.3,379.8,378.8,379.4,384.1491192962304,381.03478036494704,369.0410233283544,389.4937473980165,Down,255
2025-12-08 10:00:00,379.4,379.9,378.1,378.1,383.59919936020947,380.9196909388707,369.13116239971407,389.4937473980165,Down,158
2025-12-08 10:15:00,378.1,378.5,377.0,377.7,383.0629085092813,380.79342854911107,369.21642446538857,388.8064525510655,Down,195
2025-12-08 10:30:00,377.7,378.6,377.6,378.2,382.62082591752846,380.69172546875376,369.3058132766783,388.514956864605,Down,49
2025-12-08 10:45:00,378.1,378.6,377.7,378.2,382.2189326522986,380.5940107444889,369.3943126470596,387.94541533145906,Down,83
2025-12-08 11:00:00,378.2,378.4,377.3,377.3,381.77175695663504,380.4648338525482,369.4729762028103,387.15492302859917,Down,44
2025-12-08 11:15:00,377.3,377.9,377.0,377.5,381.3834154151227,380.3485658583307,369.5528470863644,386.23629366236287,Down,65
2025-12-08 11:30:00,377.5,378.3,375.8,378.3,381.10310492283884,380.2682299423177,369.63988343376377,385.94663060214805,Down,144
2025-12-08 11:45:00,378.3,378.7,377.3,378.6,380.8755499298535,380.20280916026604,369.72903882248255,385.94663060214805,Down,155
2025-12-08 12:00:00,378.6,378.6,377.2,378.6,380.66868175441226,380.13995389907916,369.81730709290565,385.94663060214805,Down,37
2025-12-08 12:15:00,378.1,379.0,377.8,378.6,380.4806197767384,380.0795635500957,369.90469707208075,385.94663060214805,Down,104
2025-12-08 12:30:00,378.6,378.6,377.0,377.4,380.20056343339854,379.9744826265626,369.97927720071675,385.65825462888336,Down,74
2025-12-08 12:45:00,377.4,378.1,377.3,377.3,379.9368758485441,379.8696009549327,370.05212021364497,385.1347769353485,Down,30
2025-12-08 13:00:00,377.3,377.7,377.2,377.7,379.73352349867645,379.7845185645432,370.1282185199769,384.39070630486225,Down,17
2025-12-08 13:15:00,377.7,377.7,377.0,377.1,379.49411227152405,379.679243326718,370.1975894799771,383.9142784589657,Down,13
2025-12-08 13:30:00,377.1,377.3,376.4,376.5,379.22192024684006,379.5545671178271,370.2603000324152,383.14479859905975,Down,35
2025-12-08 13:45:00,376.5,377.0,376.5,377.0,379.0199274971273,379.45438801516724,370.32736172363497,382.65436236278157,Down,15
2025-12-08 14:00:00,377.0,377.4,376.9,377.0,378.83629772466116,379.35813750476854,370.39375613434504,382.65436236278157,Down,11
2025-12-08 14:15:00,377.0,377.5,376.6,376.6,378.63299793151015,379.24997524967955,370.45550980465003,382.42220029981945,Down,34
2025-12-08 14:30:00,376.6,376.6,375.9,376.3,378.4209072104637,379.13428994577055,370.5136639359471,381.3883639089268,Down,90
2025-12-08 14:45:00,376.3,376.8,375.6,376.1,378.2099156458761,379.0152981831913,370.5692493694203,381.30760355356983,Down,33
2025-12-08 15:00:00,376.1,376.2,375.4,375.5,377.96355967806915,378.87744335247794,370.61831156474943,380.73418504869977,Down,35
2025-12-08 15:15:00,375.4,375.4,374.1,374.3,377.6305087982447,378.69793577002787,370.6549452805231,379.7447136806362,Down,136
2025-12-08 15:30:00,374.3,374.9,374.0,374.4,377.3368261802225,378.5293892692425,370.69220950658763,379.31792152785107,Down,87
2025-12-08 15:45:00,374.4,374.8,374.4,374.7,377.0971147092932,378.3792171410369,370.7320880189599,379.1708377525919,Down,61
2025-12-08 16:00:00,374.7,375.7,374.5,374.5,376.8610133720847,378.22709097864333,370.7695796804628,379.1708377525919,Down,89
2025-12-08 16:15:00,374.5,375.3,374.5,375.0,376.6918303382588,378.10053839124555,370.8116734149856,379.1708377525919,Down,40
2025-12-08 16:30:00,375.0,375.4,374.6,375.4,376.5743912165989,377.99463492492225,370.8573284058813,379.1708377525919,Down,37
2025-12-08 16:45:00,375.4,375.4,373.9,374.1,376.34944656054444,377.84190414355277,370.8895937948775,379.15012823754654,Down,78
2025-12-08 17:00:00,374.1,374.2,373.8,374.0,376.1358605095858,377.6912412359625,370.9205431103514,378.2364802159514,Down,28
2025-12-08 17:15:00,374.1,374.3,373.8,374.1,375.95078228144166,377.5504082463169,370.95217949731307,378.0831638326831,Down,36
2025-12-08 17:30:00,374.1,374.6,372.5,373.8,375.7552566194924,377.40333341312805,370.9805160197279,377.9801489388028,Down,172
2025-12-08 17:45:00,373.8,373.8,370.8,370.8,375.3047787449931,377.14437916163286,370.9787198404271,377.4183172170935,Down,163
2025-12-08 18:00:00,370.8,370.9,369.9,370.1,374.83161704090276,376.8681289984316,370.96997635942785,375.4166520155395,Down,150
2025-12-08 18:15:00,370.1,370.5,368.7,370.4,374.42874276445707,376.61447688084604,370.96430495286637,374.81513819594505,Down,173
2025-12-08 18:30:00,370.4,370.5,368.2,368.2,373.8624934222337,376.28449739532266,370.9367994309473,374.81513819594505,Down,139
2025-12-08 18:45:00,368.2,370.6,368.2,368.8,373.4022667474852,375.99098769354526,370.91553774506724,374.81513819594505,Down,112
2025-12-08 19:00:00,368.8,370.0,367.6,368.2,372.92933340680474,375.6854587643866,370.8885174689969,374.81513819594505,Down,167
2025-12-08 19:15:00,368.2,368.8,367.3,367.4,372.42666673345883,375.36053881284204,370.85380585238994,374.3004871224268,Down,165
2025-12-08 19:30:00,367.4,367.4,365.7,365.7,371.81515157587165,374.98169415351487,370.8025242021174,372.85044283856973,Down,223
2025-12-08 19:45:00,365.7,365.7,361.4,363.1,371.0228650689742,374.515745363181,370.7258821702556,370.84131167142704,Down,223
2025-12-08 20:00:00,363.2,364.8,363.0,364.8,370.4571500627039,374.1347357410955,370.6669181685615,370.84131167142704,Down,172
2025-12-08 20:15:00,364.8,366.6,362.7,362.8,369.76104551154896,373.6902363002682,370.5886403758395,370.84131167142704,Down,357
2025-12-08 20:30:00,362.8,363.3,361.7,362.4,369.0918595559536,373.24748193555183,370.50716136712464,370.39009141354404,Down,256
2025-12-08 20:45:00,362.4,363.3,362.1,362.5,368.49259959632144,372.82601205572627,370.42748811969057,370.3091740123128,Down,75
2025-12-08 21:00:00,362.5,362.5,361.0,361.8,367.8841814512013,372.39361942608997,370.34164246675834,369.21288546573885,Down,100
2025-12-08 21:15:00,361.8,362.2,359.0,359.0,367.0765285920012,371.8683794485962,370.22879030291,368.54807769612626,Down,273
2025-12-08 21:30:00,359.0,361.2,358.4,360.0,366.4332078109102,371.40295280355326,370.12701129492086,368.04370699647836,Down,187
2025-12-08 21:45:00,360.0,360.0,358.0,358.4,365.7029161917365,370.8930330857669,370.0103246153694,367.2215518149804,Down,185
2025-12-08 22:00:00,358.4,358.4,356.0,356.1,364.8299238106695,370.312914141227,369.8719134251668,365.5468652863458,Down,346
2025-12-08 22:15:00,356.1,358.8,355.6,356.0,364.027203464245,369.7516233905906,369.7338844358616,365.5468652863458,Down,258
2025-12-08 22:30:00,356.0,357.3,355.5,357.1,363.39745769476815,369.255481296842,369.6081741429675,365.0106324680543,Down,96
2025-12-08 22:45:00,357.1,357.1,355.0,356.1,362.7340524497892,368.73958006951483,369.4737644500027,364.64148406186763,Down,139
2025-12-08 23:00:00,356.1,356.6,355.0,355.0,362.0309567725356,368.20077300796527,369.3297468932863,364.19225823806147,Down,131
2025-12-08 23:15:00,355.0,356.5,354.0,354.3,361.3281425204869,367.6556446547117,369.1801971729551,363.78841658005587,Down,96
2025-12-08 23:30:00,354.3,358.5,354.3,357.2,360.9528568368063,367.2456193741348,369.0609912309357,363.78841658005587,Down,189
2025-12-08 23:45:00,357.2,358.0,355.5,356.2,360.52077894255115,366.812457830051,368.93302116893636,363.78841658005587,Down,122
2025-12-09 00:00:00,356.2,356.2,354.0,354.1,359.9370717659556,366.3139300720098,368.78542891849924,363.78841658005587,Down,97
2025-12-09 09:00:00,351.1,351.1,348.0,348.8,358.9246106963232,365.6271092848722,368.58656892926047,360.22608536305984,Down,45
2025-12-09 09:15:00,348.9,349.6,348.5,348.7,357.9951006330211,364.9633010776223,368.38869262150666,359.1555321482362,Down,240
2025-12-09 09:30:00,348.7,348.9,347.0,347.1,357.00463693911007,364.2627794667352,368.176864834228,357.8277564983965,Down,205
2025-12-09 09:45:00,347.1,347.6,346.8,347.1,356.104215399191,363.58972929156914,367.9671447861263,356.4706877258151,Down,141
2025-12-09 10:00:00,347.1,348.5,347.1,347.2,355.2947412719918,362.9469948095468,367.7605065295479,356.4706877258151,Down,122
2025-12-09 10:15:00,347.2,348.0,346.6,347.8,354.6134011563562,362.352995013094,367.5618945242788,355.93362621968186,Down,89
2025-12-09 10:30:00,347.8,348.5,347.3,347.7,353.984910142142,361.77836775767855,367.3642637329924,355.93362621968186,Down,49
2025-12-09 10:45:00,347.7,349.5,347.7,348.9,353.52264558376544,361.2733337279657,367.1805397157487,355.93362621968186,Down,82
2025-12-09 11:00:00,348.9,349.4,348.2,348.7,353.0842232579686,360.7802618170651,366.99665374842783,355.93362621968186,Down,41
2025-12-09 11:15:00,348.7,348.8,347.1,348.0,352.62202114360775,360.27907507914097,366.8076323180952,355.73055202491764,Down,73
2025-12-09 11:30:00,348.0,348.0,346.2,348.0,352.20183740327974,359.7975427230962,366.62049169801463,354.8277745681069,Down,142
2025-12-09 11:45:00,348.0,348.0,346.4,347.2,351.7471249120725,359.3035214398376,366.4272529746513,354.80706778918807,Down,66
2025-12-09 12:00:00,347.2,347.5,345.3,346.0,351.22465901097496,358.7818147167067,366.22399672614733,354.11551617198916,Down,156
2025-12-09 12:15:00,346.0,346.9,345.9,346.2,350.76787182815906,358.28841021801236,366.0247529776285,353.77774197453556,Down,68
2025-12-09 12:30:00,346.2,346.6,346.0,346.5,350.3798834801446,357.8261196212275,365.8304768285974,353.22521997685055,Down,38
2025-12-09 12:45:00,346.5,346.7,345.8,345.8,349.9635304364951,357.35450708706173,365.6311686014472,352.8729272516823,Down,14
2025-12-09 13:00:00,345.7,346.5,345.5,346.5,349.64866403317734,356.9288401424711,365.4408087148657,352.3844793197112,Down,44
2025-12-09 13:15:00,346.5,346.5,345.5,345.5,349.271512757434,356.48065033296245,365.2423927077526,352.1677084724647,Down,30
2025-12-09 13:30:00,345.5,346.0,345.0,345.7,348.9468297794854,356.0578797316698,365.0479410390187,351.470644065877,Down,68
2025-12-09 13:45:00,345.7,347.0,345.5,346.0,348.67893616316854,355.66345307552587,364.8584092873867,351.470644065877,Down,79
2025-12-09 14:00:00,346.0,347.1,346.0,347.1,348.5353965119714,355.32763138628957,364.68170869746245,351.470644065877,Down,37
2025-12-09 14:15:00,347.1,347.7,346.2,346.4,348.34126955633764,354.97752819467036,364.499801148234,351.470644065877,Down,47
2025-12-09 14:30:00,346.4,347.1,345.9,346.8,348.2011541421251,354.6568408144872,364.32368372387344,351.470644065877,Down,33
2025-12-09 14:45:00,346.8,347.9,346.8,347.4,348.12832194738644,354.3722588217623,364.1552888609494,351.470644065877,Down,21
2025-12-09 15:00:00,347.4,350.0,347.4,348.5,348.1621108612604,354.1419741620854,363.99951484243246,351.470644065877,Down,167
2025-12-09 15:15:00,348.5,348.5,347.1,348.4,348.1837371466003,353.9167987047487,363.84429578927393,351.470644065877,Down,64
2025-12-09 15:30:00,348.4,348.9,348.0,348.9,348.24885195145487,353.72006150064095,363.69559632868413,351.470644065877,Down,62
2025-12-09 15:45:00,348.9,349.6,348.9,349.4,348.35350177404985,353.55064732414525,363.55335158909526,351.470644065877,Down,44
2025-12-09 16:00:00,349.4,349.8,346.5,347.2,348.24863797640893,353.3016023310415,363.39063167278584,351.470644065877,Down,81
2025-12-09 16:15:00,347.2,348.0,347.1,347.1,348.1442163421899,353.05840223962815,363.22853583524574,351.470644065877,Down,21
2025-12-09 16:30:00,347.1,347.2,346.6,346.6,348.00383303835446,352.80513156356426,363.0630777672334,351.470644065877,Down,42
2025-12-09 16:45:00,346.6,347.2,346.2,346.6,347.8762118530495,352.5617930708755,362.89926604815645,351.470644065877,Down,24
2025-12-09 17:00:00,346.6,346.8,346.3,346.7,347.7692835027722,352.331918832802,362.73807932130916,351.470644065877,Down,17
2025-12-09 17:15:00,346.7,346.7,345.5,345.5,347.56298500252024,352.0640004472019,362.56655614398267,351.25461036007306,Down,55
2025-12-09 17:30:00,345.5,346.0,344.7,345.7,347.39362272956384,351.8144318022136,362.39872971468935,350.5087366909755,Down,121
2025-12-09 17:45:00,345.7,345.7,344.9,345.3,347.20329339051256,351.55896388840137,362.22859310061284,350.28066971906856,Down,29
2025-12-09 18:00:00,345.3,345.3,343.4,343.9,346.902993991375,351.258612363366,362.0462190399102,349.5687906536988,Down,154
2025-12-09 18:15:00,343.9,343.9,340.8,342.1,346.4663581739773,350.89945109421444,361.84774919871705,348.22162786699886,Down,374
2025-12-09 18:30:00,342.1,344.9,341.9,343.4,346.18759833997933,350.6053549728727,361.6641895051975,348.22162786699886,Down,305
2025-12-09 18:45:00,343.4,345.6,343.0,345.4,346.11599849089026,350.4012234053091,361.50235677380255,348.22162786699886,Down,171
2025-12-09 19:00:00,345.4,345.4,343.6,344.4,345.9599986280821,350.16588131098325,361.33218406958565,348.22162786699886,Down,72
2025-12-09 19:15:00,344.4,344.6,342.0,342.4,345.6363623891655,349.8613369458467,361.14380412859475,348.22162786699886,Down,142
2025-12-09 19:30:00,342.5,343.2,341.2,341.5,345.2603294446959,349.5334413793429,360.9483433909968,348.22162786699886,Down,132
2025-12-09 19:45:00,341.5,341.9,340.1,340.6,344.83666313154174,349.1831103448589,360.74587231247943,348.22162786699886,Down,154
2025-12-09 20:00:00,340.6,342.3,340.2,341.6,344.5424210286743,348.88573346858993,360.5553661203155,348.22162786699886,Down,92
2025-12-09 20:15:00,341.6,343.3,341.0,343.0,344.4022009351585,348.6549203913903,360.38068586041186,348.22162786699886,Down,97
2025-12-09 20:30:00,343.0,343.8,341.4,341.4,344.1292735774168,348.370413709375,360.19182331453715,348.22162786699886,Down,101
2025-12-09 20:45:00,341.4,342.9,341.1,342.9,344.0175214340153,348.15588768155635,360.019765371109,348.22162786699886,Down,53
2025-12-09 21:00:00,342.9,343.5,342.0,342.0,343.8341103945594,347.9144803214954,359.84046422313776,348.22162786699886,Down,66
2025-12-09 21:15:00,342.0,344.2,342.0,343.9,343.84010035869034,347.75704972065245,359.68185263882793,348.22162786699886,Down,81
2025-12-09 21:30:00,343.9,344.8,342.8,344.4,343.8910003260821,347.6254007119994,359.5297944036157,348.22162786699886,Down,142
2025-12-09 21:45:00,344.7,345.5,342.3,343.4,343.84636393280186,347.45969872329357,359.3692989369131,348.22162786699886,Down,164
2025-12-09 22:00:00,343.4,344.8,343.0,343.4,343.8057853934562,347.3004948517918,359.21040044002837,348.22162786699886,Down,48
2025-12-09 22:15:00,343.4,343.4,342.8,342.8,343.71435035768747,347.1240048576039,359.04711287346095,348.22162786699886,Down,23
2025-12-09 22:30:00,342.8,343.6,342.1,342.8,343.6312275978977,346.9544360396587,358.8854500587997,348.22162786699886,Down,65
2025-12-09 22:45:00,342.8,343.5,341.8,342.2,343.50111599808884,346.7679875675152,358.71942568010513,348.22162786699886,Down,120
2025-12-09 23:00:00,342.2,342.4,340.5,341.1,343.2828327255353,346.54571354525973,358.5441080116464,348.22162786699886,Down,79
2025-12-09 23:15:00,341.1,341.9,340.4,340.6,343.03893884139575,346.31254830819074,358.3655596732221,348.22162786699886,Down,64
2025-12-09 23:30:00,340.6,341.4,339.6,340.5,342.8081262194506,346.0846052372813,358.18779291030444,347.7301201401463,Down,175
2025-12-09 23:45:00,340.5,340.9,339.4,340.6,342.60738747222786,345.86952267895657,358.0127899957741,347.2682910364966,Down,142
2025-12-10 00:00:00,340.6,340.6,339.1,339.6,342.33398861111624,345.6236590444877,357.8295781550201,346.866628214997,Down,117
2025-12-10 09:00:00,337.6,338.8,336.2,337.8,341.92180782828746,345.31684888588035,357.63027886989556,345.1151165590881,Down,51
2025-12-10 09:15:00,337.8,337.8,335.7,336.0,341.3834616620795,344.9514822629047,357.41505221447375,344.43646959917106,Down,321
2025-12-10 09:30:00,336.0,337.0,335.4,336.0,340.89405605643594,344.6004437427908,357.20196711781233,343.7695178174282,Down,206
2025-12-10 09:45:00,336.0,336.6,335.5,335.8,340.4309600513054,344.25532830189707,356.98901222111766,343.33137983402565,Down,108
2025-12-10 10:00:00,335.8,335.8,335.0,335.2,339.9554182284595,343.9002173880972,356.77220612936526,342.3103453036597,Down,147
2025-12-10 10:15:00,335.2,335.8,335.0,335.5,339.55038020769047,343.57079709836785,356.5605423867845,341.9730411851452,Down,55
2025-12-10 10:30:00,335.5,335.9,334.5,335.6,339.191254734264,343.25821682000054,356.35197977597073,341.6845828955865,Down,263
2025-12-10 10:45:00,335.2,335.7,335.0,335.2,338.8284133947855,342.9422083172554,356.14151231551335,341.4996208141696,Down,73
2025-12-10 11:00:00,335.2,335.4,334.8,334.9,338.47128490435045,342.62682759893164,355.93015398401576,340.90874619469963,Down,29
2025-12-10 11:15:00,334.9,335.3,334.2,334.2,338.0829862766822,342.2963637715226,355.7139335463639,340.43067835881783,Down,81
2025-12-10 11:30:00,334.2,334.6,333.3,333.4,337.6572602515293,341.94748676087465,355.49190435684784,339.58698032619805,Down,122
2025-12-10 11:45:00,333.8,334.9,333.8,334.2,337.3429638650266,341.6436637506443,355.28004461200356,339.58698032619805,Down,100
2025-12-10 12:00:00,334.2,334.5,334.0,334.0,337.0390580591151,341.34391223101125,355.06830287457075,339.5863473770232,Down,31
2025-12-10 12:15:00,334.0,334.4,333.6,334.4,336.79914369010464,341.0716019474422,354.8626481195999,339.1421339791119,Down,47
2025-12-10 12:30:00,334.4,334.5,333.9,334.0,336.54467608191334,340.79428422401315,354.65505958109645,339.09284907191994,Down,47
2025-12-10 12:45:00,334.0,336.4,334.0,336.4,336.5315237108303,340.62195935248326,354.473417197205,339.09284907191994,Down,128
2025-12-10 13:00:00,336.3,336.4,335.8,335.8,336.46502155530027,340.43286290728787,354.2876120509641,339.09284907191994,Down,72
2025-12-10 13:15:00,335.8,335.8,335.2,335.7,336.39547414118204,340.2472604403354,354.102660687273,339.09284907191994,Down,31
2025-12-10 13:30:00,335.3,336.1,335.3,335.6,336.32315831016547,340.06501493287135,353.91855461078273,339.09284907191994,Down,24
2025-12-10 13:45:00,335.6,335.6,335.1,335.4,336.23923482742316,339.8820731707979,353.7342903857998,339.09284907191994,Down,25
2025-12-10 14:00:00,335.4,335.4,334.5,334.7,336.0993043885665,339.67885461508035,353.544894461563,339.09284907191994,Down,60
2025-12-10 14:15:00,334.7,334.8,334.3,334.8,335.9811858077877,339.4875269831164,353.3583780987614,338.6860979856542,Down,14
2025-12-10 14:30:00,334.8,335.0,334.4,334.4,335.83744164344336,339.2880161210334,353.16973752066434,338.6782708960493,Down,24
2025-12-10 14:45:00,334.4,335.2,334.4,334.9,335.7522196758576,339.1159370574635,352.98794908762295,338.6782708960493,Down,16
2025-12-10 15:00:00,334.9,335.0,334.2,334.2,335.61110879623413,338.9231552120728,352.8010043205819,338.4431990876441,Down,19
2025-12-10 15:15:00,334.2,334.8,334.2,334.5,335.5100989056674,338.7496981449327,352.61890477510354,338.2119991705855,Down,7
2025-12-10 15:30:00,334.5,334.8,334.4,334.4,335.409180823334,338.57912174709224,352.43762214052543,338.1199992459869,Down,18
2025-12-10 15:45:00,334.4,335.0,334.4,334.7,335.34470983939457,338.42699932563767,352.2611283878834,338.11818113271534,Down,36
2025-12-10 16:00:00,334.7,334.7,334.0,334.0,335.2224634903587,338.25339150894604,352.0794256178547,337.711982847923,Down,37
2025-12-10 16:15:00,334.0,334.8,334.0,334.7,335.17496680941696,338.1140428223207,351.9064960097169,337.711982847923,Down,36
2025-12-10 16:30:00,334.7,334.7,333.0,333.2,334.99542437219725,337.92133526066107,351.720361721063,337.5111428495232,Down,133
2025-12-10 16:45:00,333.2,333.5,332.0,332.1,334.73220397472477,337.69304760338025,351.5251342412514,336.6237662268392,Down,165
2025-12-10 17:00:00,332.0,332.4,330.9,331.7,334.45654906793163,337.4580261287379,351.3278692239255,335.71706020621747,Down,175
2025-12-10 17:15:00,331.6,331.6,330.0,330.5,334.09686278902876,337.18516235898346,351.1206267440855,335.11550927837953,Down,148
2025-12-10 17:30:00,330.5,330.9,330.0,330.2,333.74260253548067,336.9112344233371,350.9124613038459,334.700462980345,Down,195
2025-12-10 17:45:00,330.2,331.9,329.9,331.5,333.53872957770966,336.69902915183366,350.7193024849022,334.700462980345,Down,194
2025-12-10 18:00:00,331.5,332.8,331.1,331.6,333.3624814342815,336.49906722431075,350.529060669132,334.700462980345,Down,127
2025-12-10 18:15:00,331.6,332.5,329.8,331.7,333.2113467584377,336.3108685096319,350.3417068316282,334.700462980345,Down,170
2025-12-10 18:30:00,331.7,333.3,331.7,332.3,333.12849705312516,336.1535795484699,350.16218736066674,334.700462980345,Down,150
2025-12-10 18:45:00,332.3,332.6,331.3,332.0,333.02590641193194,335.99069407598085,349.98146907847104,334.700462980345,Down,82
2025-12-10 19:00:00,332.0,333.0,330.9,332.6,332.9871876472109,335.8577256808444,349.8085191373917,334.700462980345,Down,149
2025-12-10 19:15:00,332.6,333.5,331.4,332.5,332.9428978611008,335.72605016394857,349.6362950663729,334.700462980345,Down,187
2025-12-10 19:30:00,332.5,339.7,332.5,339.0,333.4935435100916,335.8544403535977,349.53046128461796,328.08928461081814,Up,514
2025-12-10 19:45:00,339.0,340.5,336.0,338.5,333.9486759182651,335.95818779071146,349.4207054509402,329.3311678280165,Up,442
2025-12-10 20:00:00,338.5,339.9,338.5,339.4,334.4442508347865,336.0931608185267,349.32099693899056,330.58287984365137,Up,258
2025-12-10 20:15:00,339.4,340.0,336.5,336.6,334.6402280316241,336.113036864859,349.19441985502056,330.58287984365137,Up,144
2025-12-10 20:30:00,336.6,337.7,336.1,336.7,334.82748002874916,336.13605502702137,349.07009726939845,330.58287984365137,Up,110
2025-12-10 20:45:00,336.7,337.7,336.5,336.7,334.9977091170447,336.1581705161578,348.94701172442933,330.58287984365137,Up,29
2025-12-10 21:00:00,336.7,336.7,335.0,336.2,335.1070082882224,336.1598108880732,348.8201757868728,330.58287984365137,Up,98
2025-12-10 21:15:00,336.2,337.0,336.0,336.9,335.2700075347476,336.1888379120703,348.7015670725756,330.58287984365137,Up,61
2025-12-10 21:30:00,337.0,339.2,336.8,338.9,335.6000068497705,336.29515799394994,348.6040390420027,330.58287984365137,Up,122
2025-12-10 21:45:00,338.9,339.0,336.3,337.8,335.8000062270641,336.35417140595194,348.4965361659629,330.58287984365137,Up,570
2025-12-10 22:00:00,337.8,338.2,335.9,336.4,335.8545511155128,336.35596860571854,348.376172622023,330.58287984365137,Up,159
2025-12-10 22:15:00,336.4,336.4,335.0,335.5,335.82231919592067,336.32240120941583,348.2480515014058,330.58287984365137,Up,76
2025-12-10 22:30:00,335.5,336.0,335.0,335.0,335.7475629053824,336.27054233845837,348.1162300934316,330.58287984365137,Up,100
2025-12-10 22:45:00,335.0,337.1,335.0,336.3,335.7977844594385,336.2716975408718,347.99865566464126,330.58287984365137,Up,75
2025-12-10 23:00:00,336.3,336.8,336.0,336.7,335.879804054035,336.28849371573955,347.8862312301672,330.58287984365137,Up,55
2025-12-10 23:15:00,336.7,337.8,336.7,337.5,336.02709459457725,336.33600376610275,347.7828856457874,330.58287984365137,Up,47
2025-12-10 23:30:00,337.5,339.9,337.4,339.7,336.3609950859793,336.4679251870399,347.7024589229438,331.2468776271298,Up,168
2025-12-10 23:45:00,339.7,340.7,339.2,339.5,336.6463591690721,336.58683008166577,347.62084241624785,332.67443420648164,Up,176
2025-12-11 00:00:00,339.5,339.6,337.3,337.3,336.7057810627929,336.6147975294436,347.5181474668325,332.67443420648164,Up,126
2025-12-11 09:00:00,337.1,337.1,335.1,335.6,336.6052555116299,336.5750015478968,347.3995589348242,332.67443420648164,Up,30
2025-12-11 09:15:00,335.6,336.0,335.5,335.8,336.5320504651181,336.54460933033226,347.2841404379603,332.67443420648164,Up,85
2025-12-11 09:30:00,335.8,336.3,335.6,336.3,336.5109549682892,336.53501680757415,347.17484550822934,332.67443420648164,Up,56
2025-12-11 09:45:00,336.3,336.4,335.3,335.9,336.45541360753566,336.51011418766933,347.0626579907345,332.67443420648164,Up,78
2025-12-11 10:00:00,335.9,335.9,335.0,335.5,336.3685578250324,336.4705018665843,346.94760666744367,332.67443420648164,Up,53
2025-12-11 10:15:00,335.5,338.8,335.3,338.5,336.56232529548396,336.550090028679,346.86355087970793,332.67443420648164,Up,107
2025-12-11 10:30:00,338.5,338.9,337.4,337.4,336.63847754134906,336.5834198314759,346.76938619433776,332.67443420648164,Up,62
2025-12-11 10:45:00,337.4,338.0,337.2,337.6,336.7258886739537,336.62328572043765,346.67814852076225,332.67443420648164,Up,30
2025-12-11 11:00:00,337.6,338.0,337.6,338.0,336.84171697632155,336.6772745157146,346.59179878423726,332.67443420648164,Up,23
2025-12-11 11:15:00,338.0,338.4,336.5,336.5,336.810651796656,336.67032257392185,346.49138287593644,332.67443420648164,Up,68
2025-12-11 11:30:00,336.5,336.6,335.5,336.4,336.77331981514175,336.65972168867,346.39097110602665,332.67443420648164,Up,156
2025-12-11 11:45:00,336.4,336.4,334.9,335.0,336.6121089228561,336.59463456362414,346.27762810994676,332.67443420648164,Up,97
2025-12-11 12:00:00,335.0,335.6,334.6,335.6,336.5200990207783,336.5556292866193,346.1713830541264,332.67443420648164,Up,112
2025-12-11 12:15:00,335.6,335.9,335.1,335.6,336.43645365525293,336.51815362832053,346.0661951630406,332.67443420648164,Up,21
2025-12-11 12:30:00,335.6,336.0,335.6,335.6,336.3604124138663,336.4821476036806,345.96205391763726,332.67443420648164,Up,10
2025-12-11 12:45:00,335.6,336.4,335.1,336.0,336.3276476489694,336.46323985451664,345.8629290030339,332.67443420648164,Up,50
2025-12-11 13:00:00,336.0,336.5,335.5,336.1,336.30695240815396,336.4489951543395,345.76578543086447,332.67443420648164,Up,24
2025-12-11 13:15:00,336.1,336.1,335.0,335.0,336.1881385528672,336.39217181495366,345.6586631877713,332.67443420648164,Up,34
2025-12-11 13:30:00,335.0,335.1,334.2,334.2,336.0073986844247,336.3062042927986,345.5446466386393,332.67443420648164,Up,103
2025-12-11 13:45:00,334.2,335.1,334.1,334.3,335.85218062220423,336.22752961464965,345.432759607409,332.67443420648164,Up,63
2025-12-11 14:00:00,334.3,334.3,333.6,334.1,335.6928914747311,336.14409708074186,345.3199958302209,332.67443420648164,Up,101
2025-12-11 14:15:00,334.1,334.1,333.4,333.4,335.4844467952101,336.0364854305167,345.2013889065371,332.67443420648164,Up,58
2025-12-11 14:30:00,333.4,333.5,333.0,333.4,335.29495163200914,335.9330938450062,345.08396215124816,332.67443420648164,Up,22
2025-12-11 14:45:00,333.4,334.0,333.0,333.3,335.1135923927356,335.82983526284914,344.96670879650935,332.67443420648164,Up,40
2025-12-11 15:00:00,333.6,333.6,333.0,333.0,334.9214476297596,335.71886133097274,344.8476370671909,332.67443420648164,Up,72
2025-12-11 15:15:00,333.0,333.8,332.7,332.7,334.719497845236,335.6004746121111,344.7267650565721,332.67443420648164,Up,115
2025-12-11 15:30:00,332.7,333.1,332.4,332.9,334.5540889502145,335.4945736469303,344.60908580227783,332.67443420648164,Up,65
2025-12-11 15:45:00,332.9,332.9,332.3,332.7,334.3855354092859,335.3849825235213,344.49058743608606,332.67443420648164,Up,38
2025-12-11 16:00:00,332.7,332.7,330.0,330.4,334.02321400844176,335.18949301279497,344.35038258597575,335.8217680299313,Down,225
2025-12-11 16:15:00,330.4,331.2,330.4,331.2,333.7665581894925,335.0330423064109,344.21953300800584,335.15615275448295,Down,76
2025-12-11 16:30:00,331.2,331.2,329.7,329.7,333.39687108135684,334.82390339243403,344.07506004275206,334.95559341316635,Down,137
2025-12-11 16:45:00,329.6,329.9,329.0,329.6,333.05170098305166,334.61904443586803,343.9310295945655,333.8732667392421,Down,115
2025-12-11 17:00:00,329.6,330.2,329.2,330.0,332.774273620956,334.43790543838304,343.7924123846693,333.8732667392421,Down,94
2025-12-11 17:15:00,329.7,330.2,329.7,329.9,332.51297601905094,334.25994836236805,343.6541794256179,333.8732667392421,Down,80
2025-12-11 17:30:00,329.9,330.9,329.6,330.9,332.3663418355008,334.1281856814909,343.5272721676516,333.8732667392421,Down,68
2025-12-11 17:45:00,330.9,330.9,329.3,329.3,332.0875834868189,333.9388450665305,343.385707270461,333.8732667392421,Down,48
2025-12-11 18:00:00,329.3,329.9,328.6,329.1,331.8159849880172,333.7490864364705,343.2435609294614,333.7738084453012,Down,134
2025-12-11 18:15:00,329.6,329.9,328.4,328.4,331.50544089819743,333.53931834092265,343.0958638057852,333.7738084453012,Down,131
2025-12-11 18:30:00,328.4,328.8,327.5,327.9,331.17767354381584,333.31816860206294,342.944661180852,332.8572797068605,Down,313
2025-12-11 18:45:00,327.9,330.1,327.6,329.6,331.03424867619617,333.17235806864875,342.81187848253506,332.8572797068605,Down,288
2025-12-11 19:00:00,329.9,331.5,329.9,330.6,330.9947715238147,333.0714812816429,342.69036725385314,332.8572797068605,Down,220
2025-12-11 19:15:00,330.6,331.0,329.0,330.0,330.90433774892244,332.95103103530397,342.56409494286953,332.8572797068605,Down,189
2025-12-11 19:30:00,330.0,330.2,328.4,328.4,330.6766706808386,332.7725592299979,342.4231586747813,332.8572797068605,Down,118
2025-12-11 19:45:00,328.4,330.0,327.9,328.2,330.4515188007623,332.5932431817627,342.2816347078681,332.8572797068605,Down,136
2025-12-11 20:00:00,327.9,329.0,327.2,327.4,330.17410800069297,332.38958658639945,342.13355874062563,332.8572797068605,Down,295
2025-12-11 20:15:00,327.4,329.0,327.0,328.7,330.04009818244816,332.24489691634454,341.99989148947515,332.8572797068605,Down,256
2025-12-11 20:30:00,328.7,329.0,327.5,328.2,329.8728165294983,332.0862735078605,341.8625791363461,332.8572797068605,Down,134
2025-12-11 20:45:00,328.2,330.8,328.2,329.5,329.8389241177257,331.98485101735616,341.739568398671,332.8572797068605,Down,153
2025-12-11 21:00:00,329.5,331.3,329.0,329.4,329.7990219252052,331.8834843107932,341.6167866235599,332.8572797068605,Down,210
2025-12-11 21:15:00,329.4,329.9,328.2,328.9,329.7172926592774,331.7664849260562,341.4902514332758,332.8572797068605,Down,202
2025-12-11 21:30:00,328.9,329.5,328.1,328.9,329.6429933266158,331.6540737524854,341.3649752996114,332.8572797068605,Down,159
2025-12-11 21:45:00,328.9,329.0,327.5,328.2,329.5118121151052,331.5186198798389,341.23398052051084,332.8572797068605,Down,110
2025-12-11 22:00:00,328.2,329.2,326.1,326.3,329.21982919555023,331.31396811984524,341.08538369941124,332.8572797068605,Down,150
2025-12-11 22:15:00,326.3,327.7,326.0,326.5,328.97257199595475,331.1251850563219,340.9402555033972,332.8572797068605,Down,152
2025-12-11 22:30:00,326.5,326.6,324.3,324.3,328.54779272359525,330.8575307403877,340.7746808217714,332.80474725307806,Down,229
2025-12-11 22:45:00,324.3,326.0,324.0,324.8,328.20708429417755,330.61998051527445,340.61572877379365,332.4134065937073,Down,137
2025-12-11 23:00:00,324.8,325.6,324.1,325.1,327.92462208561597,330.40351069114604,340.4613434128604,332.1349150851885,Down,148
2025-12-11 23:15:00,325.1,325.8,324.4,325.7,327.7223837141963,330.21905929149324,340.31446437392646,332.1349150851885,Down,99
2025-12-11 23:30:00,325.7,326.8,324.5,325.6,327.5294397401785,330.03791971143465,340.1680517930914,332.1349150851885,Down,109
2025-12-11 23:45:00,325.6,325.6,324.0,324.3,327.23585430925317,329.81290325216276,340.0101607304736,332.0361495756488,Down,104
2025-12-12 00:00:00,324.3,326.4,324.1,324.5,326.98714028113926,329.60455410501913,339.85583077295644,332.0361495756488,Down,67
2025-12-12 09:00:00,325.0,327.2,325.0,326.5,326.9428548010357,329.4828068852145,339.7229369344196,332.0361495756488,Down,41
2025-12-12 09:15:00,326.5,326.5,324.8,325.9,326.84804981912333,329.34230465442175,339.5853952733806,332.0361495756488,Down,210
2025-12-12 09:30:00,325.9,326.6,325.4,325.5,326.72549983556667,329.19162604052286,339.4452420865808,332.0361495756488,Down,105
2025-12-12 09:45:00,325.6,326.0,325.1,325.2,326.5868180323333,329.03509168599254,339.30349838422677,332.0361495756488,Down,92
2025-12-12 10:00:00,325.2,325.3,324.1,324.4,326.3880163930303,328.85332338458113,339.15520486796584,331.5334933855785,Down,77
2025-12-12 10:15:00,324.4,324.9,324.4,324.6,326.2254694482093,328.68652638910737,339.01037695883184,331.0440848959804,Down,73
2025-12-12 10:30:00,324.6,325.5,324.6,325.3,326.1413358620084,328.5537214326718,338.8739552975499,331.0440848959804,Down,89
2025-12-12 10:45:00,325.3,325.8,324.7,324.8,326.0193962381894,328.40651667060627,338.7339159413554,331.0440848959804,Down,116
2025-12-12 11:00:00,324.8,325.3,324.5,325.0,325.9267238528995,328.2729277815629,338.59726006134196,330.6289894034413,Down,63
2025-12-12 11:15:00,325.0,325.0,324.5,324.6,325.806112593545,328.1288913979722,338.45798384182615,330.13999036676483,Down,40
2025-12-12 11:30:00,324.6,325.0,324.5,325.0,325.7328296304954,328.00618977452234,338.3240735548428,329.83180942433165,Down,39
2025-12-12 11:45:00,325.0,325.8,325.0,325.1,325.67529966408677,327.8922215480705,338.1924907334016,329.83180942433165,Down,116
2025-12-12 12:00:00,325.1,325.5,323.5,324.4,325.559363330988,327.7552716834403,338.05525201963644,329.69157803663774,Down,94
2025-12-12 12:15:00,324.4,324.4,322.6,322.6,325.2903303008982,327.5531041664426,337.90146841745104,328.87416185148885,Down,121
2025-12-12 12:30:00,322.6,322.6,320.0,321.3,324.9275730008165,327.3078843952096,337.73627967697894,327.1310562286262,Down,218
2025-12-12 12:45:00,321.3,322.0,321.0,321.4,324.60688454619685,327.07620265422105,337.57372963044185,327.1310562286262,Down,76
2025-12-12 13:00:00,321.4,322.1,321.3,321.6,324.3335314056335,326.8614496089575,337.41478704705435,327.1310562286262,Down,45
2025-12-12 13:15:00,321.6,321.9,321.0,321.9,324.1123012778486,326.66688295762583,337.2604110565364,326.7232203070069,Down,101
2025-12-12 13:30:00,321.9,322.8,321.9,322.6,323.97481934349867,326.5073973514444,337.11453631965543,326.7232203070069,Down,40
2025-12-12 13:45:00,322.6,322.8,322.2,322.5,323.84074485772607,326.35024451413284,336.9691180478181,326.7232203070069,Down,42
2025-12-12 14:00:00,322.5,323.3,322.2,322.2,323.69158623429644,326.1874898273041,336.8221616493324,326.7232203070069,Down,41
2025-12-12 14:15:00,322.2,322.3,320.9,320.9,323.4378056675422,325.98013728505686,336.6637321801848,326.5006080916652,Down,42
2025-12-12 14:30:00,320.9,321.3,320.0,320.7,323.1889142432202,325.7730730777997,336.5048890739143,325.5778255378774,Down,192
2025-12-12 14:45:00,320.7,320.7,319.4,320.0,322.89901294838205,325.54667805514094,336.34066132193504,325.00256867079764,Down,101
2025-12-12 15:00:00,320.0,320.9,319.9,320.9,322.7172844985291,325.3644553863119,336.18702290082126,325.00256867079764,Down,53
2025-12-12 15:15:00,320.9,321.1,320.0,320.9,322.55207681684465,325.1893787044957,336.0349132202161,325.00256867079764,Down,49
2025-12-12 15:30:00,320.9,320.9,320.2,320.7,322.38370619713146,325.0133246376527,335.8823270190199,325.00256867079764,Down,31
2025-12-12 15:45:00,320.7,321.2,320.4,320.4,322.2033692701195,324.8324099459801,335.7282740138555,325.00256867079764,Down,49
2025-12-12 16:00:00,320.4,320.5,320.0,320.1,322.0121538819268,324.6468252422162,335.57276879978735,324.5306990771853,Down,32
2025-12-12 16:15:00,320.1,321.6,319.9,321.6,321.97468534720616,324.5273418993842,335.43373627441633,324.5306990771853,Down,81
2025-12-12 16:30:00,321.6,322.5,321.0,322.5,322.02244122473286,324.4478382954868,335.30504238113855,324.5306990771853,Down,133
2025-12-12 16:45:00,322.5,324.8,322.0,324.6,322.2567647497571,324.453805421154,335.1985245465004,318.158903773715,Up,178
2025-12-12 17:00:00,324.5,325.2,323.0,324.3,322.4425134088701,324.4477738360107,335.09008151618696,318.5353670670137,Up,169
2025-12-12 17:15:00,324.5,325.3,323.5,325.2,322.69319400806376,324.47727290126517,334.99167274488167,318.68669733364874,Up,84
2025-12-12 17:30:00,325.2,325.6,323.9,324.0,322.8119945527852,324.4585563169018,334.8823028668231,318.93790666695344,Up,162
2025-12-12 17:45:00,324.0,325.0,322.6,324.7,322.9836314116229,324.4680246966312,334.7809864203871,318.93790666695344,Up,70
2025-12-12 18:00:00,324.7,324.9,322.0,322.2,322.91239219238446,324.37908255166525,334.65580247590566,318.93790666695344,Up,102
2025-12-12 18:15:00,322.2,324.8,321.0,324.7,323.07490199307676,324.3916675496392,334.5567397647026,318.93790666695344,Up,177
2025-12-12 18:30:00,324.7,325.1,322.8,324.5,323.2044563573425,324.3959158810259,334.45667270236726,318.93790666695344,Up,108
2025-12-12 18:45:00,324.5,324.5,323.0,324.1,323.2858694157659,324.38431133667194,334.353621232692,318.93790666695344,Up,53
2025-12-12 19:00:00,324.1,324.1,322.5,322.9,323.250790377969,324.32610304895934,334.23965485226717,318.93790666695344,Up,62
2025-12-12 19:15:00,322.9,323.4,322.0,322.0,323.13708216179,324.23488332154915,334.11786724179683,318.93790666695344,Up,55
2025-12-12 19:30:00,322.0,322.5,318.4,318.5,322.71552923799084,324.00998593639036,333.9624655776994,328.47811148143967,Down,264
2025-12-12 19:45:00,318.6,319.9,317.3,319.5,322.4232083981735,323.83312374280644,333.818560447573,326.8437377103997,Down,264
2025-12-12 20:00:00,319.5,320.0,317.6,317.6,321.98473490743044,323.5886875175983,333.6571817366519,326.8437377103997,Down,136
2025-12-12 20:15:00,317.6,319.5,316.4,317.8,321.6043044613004,323.361680163967,333.49939883379966,326.6836675292559,Down,271
2025-12-12 20:30:00,317.8,317.8,316.3,316.9,321.176640419364,323.10828094185064,333.33423068619965,325.5351522993236,Down,81
2025-12-12 20:45:00,316.9,317.0,315.1,315.2,320.63330947214905,322.79815227746434,333.1537905798693,324.454683908476,Down,182
2025-12-12 21:00:00,315.2,316.2,313.5,314.6,320.08482679286277,322.47665610972064,332.9691757482288,323.47243991679636,Down,287
2025-12-12 21:15:00,314.6,315.0,313.7,315.0,319.6225698116934,322.18345390933945,332.7903779795897,322.6613090152694,Down,152
2025-12-12 21:30:00,315.0,316.2,314.7,316.2,319.31142710153944,321.9488086579928,332.6252995917331,322.6613090152694,Down,84
2025-12-12 21:45:00,316.2,316.2,315.2,316.1,319.0194791832177,321.7194436125813,332.4608687500243,322.6613090152694,Down,41
2025-12-12 22:00:00,316.1,317.2,315.3,315.5,318.6995265301979,321.4755438630683,332.29210388684004,322.6613090152694,Down,148
2025-12-12 22:15:00,315.5,316.4,315.0,315.7,318.4268423001799,321.24905194686954,332.12700832577696,322.6613090152694,Down,79
2025-12-12 22:30:00,315.7,317.3,315.1,316.3,318.2334930001635,321.05497147836485,331.9695256558688,322.6613090152694,Down,142
2025-12-12 22:45:00,316.3,317.3,315.7,316.7,318.0940845456032,320.8841882831349,331.8175900772034,322.6613090152694,Down,126
2025-12-12 23:00:00,316.7,316.9,315.8,316.5,317.94916776873015,320.71225933085515,331.66517624558946,322.6613090152694,Down,37
2025-12-12 23:15:00,316.5,316.5,315.0,316.3,317.7992434261183,320.53922955317455,331.51228891976274,322.6613090152694,Down,48
2025-12-12 23:30:00,316.3,316.8,315.1,316.1,317.6447667510167,320.3651421197167,331.3589328111084,322.6613090152694,Down,66
2025-12-12 23:45:00,316.1,317.0,315.0,317.0,317.5861515918333,320.2331757620808,331.21605785776404,322.6613090152694,Down,121
2025-12-13 00:00:00,317.0,318.0,316.4,317.3,317.56013781075757,320.1181492616071,331.0775896203734,322.6613090152694,Down,87
2025-12-15 09:00:00,318.0,319.5,317.5,318.8,317.67285255523416,320.0664571337009,330.9554245495239,322.6613090152694,Down,42
2025-12-15 09:15:00,318.8,319.9,317.5,319.0,317.7935023229401,320.02463528532047,330.83646510126994,322.6613090152694,Down,303
2025-12-15 09:30:00,319.0,319.1,318.2,318.5,317.857729384491,319.96484566628834,330.7137142047399,322.6613090152694,Down,85
2025-12-15 09:45:00,318.5,318.9,318.4,318.5,317.9161176222645,319.90740073819865,330.59218471016544,322.6613090152694,Down,46
2025-12-15 10:00:00,318.5,318.6,317.9,318.0,317.92374329296774,319.83260070924973,330.46688933991504,322.6613090152694,Down,44
2025-12-15 10:15:00,318.0,318.0,316.6,316.6,317.80340299360705,319.7058320539851,330.32891034150794,322.6613090152694,Down,58
2025-12-15 10:30:00,316.6,317.1,316.1,316.5,317.68491181237,319.5801131499073,330.19130924358245,322.6394185850604,Down,106
2025-12-15 10:45:00,316.5,317.3,316.4,317.3,317.6499198294273,319.49069694795014,330.06303750981544,322.6394185850604,Down,44
2025-12-15 11:00:00,317.3,317.3,316.0,316.0,317.4999271176612,319.3538068715599,329.9231067883248,322.4115029628598,Down,85
2025-12-15 11:15:00,316.0,316.2,314.6,314.6,317.23629737969196,319.1673830726752,329.7706380640629,321.21954814805434,Down,99
2025-12-15 11:30:00,314.6,316.2,314.6,315.2,317.05117943608354,319.0117994227664,329.62565659078865,321.21954814805434,Down,143
2025-12-15 11:45:00,315.1,317.0,314.8,315.7,316.9283449418941,318.8819249355991,329.4870928436166,321.21954814805434,Down,165
2025-12-15 12:00:00,315.7,316.1,314.8,315.2,316.7712226744492,318.7375357224384,329.3449327158194,321.21954814805434,Down,54
2025-12-15 12:15:00,315.2,316.0,314.6,315.0,316.6102024313174,318.5909656941075,329.2021970669058,321.21954814805434,Down,45
2025-12-15 12:30:00,315.0,315.2,314.3,314.7,316.436547664834,318.43837880414253,329.0578965985784,320.5426893642724,Down,41
2025-12-15 12:45:00,314.7,315.0,314.0,314.0,316.2150433316673,318.26432473339185,328.9080667816771,320.129717603884,Down,63
2025-12-15 13:00:00,314.0,314.5,313.4,313.4,315.9591303015157,318.07356690070986,328.75375765947143,319.46792509444,Down,107
2025-12-15 13:15:00,313.4,314.0,313.3,314.0,315.78102754683243,317.91381917911343,328.60695410067075,318.9208409949454,Down,30
2025-12-15 13:30:00,314.0,314.6,313.5,314.2,315.63729776984763,317.76817921130504,328.46360132354965,318.9208409949454,Down,33
2025-12-15 13:45:00,314.2,314.8,313.9,314.3,315.515725245316,317.6321721834107,328.3226699670965,318.9208409949454,Down,48
2025-12-15 14:00:00,314.3,314.5,313.8,314.0,315.37793204119635,317.4897340585711,328.1801558380707,318.9208409949454,Down,25
2025-12-15 14:15:00,314.0,314.8,313.4,314.0,315.2526654919967,317.35288174254873,328.0390597600799,318.9208409949454,Down,80
2025-12-15 14:30:00,314.0,314.0,313.2,313.2,315.0660595381788,317.19002363499783,327.89140742415873,318.3559549428104,Down,47
2025-12-15 14:45:00,313.2,314.0,313.2,313.9,314.96005412561715,317.06100310029206,327.7521894398388,318.214504493464,Down,31
2025-12-15 15:00:00,313.9,314.0,313.2,313.2,314.8000492051065,316.9095912140061,327.6073915349648,318.0859131758763,Down,16
2025-12-15 15:15:00,313.0,313.8,313.0,313.4,314.6727720046423,316.7719601860059,327.4660244550149,317.7690119780694,Down,37
2025-12-15 15:30:00,313.3,314.3,313.2,313.7,314.58433818603845,316.6514911591037,327.32904908730336,317.7690119780694,Down,48
2025-12-15 15:45:00,313.7,314.1,313.2,313.6,314.4948528963986,316.5318248391389,327.19244163369837,317.7690119780694,Down,67
2025-12-15 16:00:00,313.6,313.7,312.9,313.5,314.4044117239987,316.412929747408,327.056198433363,317.5015116289026,Down,52
2025-12-15 16:15:00,313.5,315.0,313.5,315.0,314.45855611272606,316.3575207377057,326.93623625989676,317.5015116289026,Down,41
2025-12-15 16:30:00,315.0,315.9,314.4,315.0,314.5077782842964,316.30428463034474,326.8174677398978,317.5015116289026,Down,77
2025-12-15 16:45:00,315.0,316.0,314.3,314.5,314.50707116754216,316.2335283703312,326.6949058718391,317.5015116289026,Down,134
2025-12-15 17:00:00,314.5,314.6,313.3,313.3,314.39733742503836,316.11848804208296,326.5616232263482,317.5015116289026,Down,31
2025-12-15 17:15:00,313.3,313.3,311.0,311.5,314.1339431136712,315.93737086396203,326.41175632857363,317.3181787936136,Down,186
2025-12-15 17:30:00,311.5,312.0,310.9,311.6,313.903584648792,315.76727788890474,326.26437566858783,316.54834435783056,Down,129
2025-12-15 17:45:00,311.6,312.2,311.0,312.2,313.7487133170836,315.6273846383595,326.1244316320845,316.54834435783056,Down,143
2025-12-15 18:00:00,312.2,312.8,310.6,310.7,313.4715575609851,315.4341538682278,325.970954700422,316.54834435783056,Down,103
2025-12-15 18:15:00,310.7,312.4,310.5,310.7,313.2195977827137,315.2485007753561,325.81900490240787,316.54834435783056,Down,76
2025-12-15 18:30:00,310.7,313.4,310.7,313.4,313.2359979842852,315.17601054887155,325.6954327143242,316.54834435783056,Down,65
2025-12-15 18:45:00,313.4,313.5,311.6,313.1,313.22363453116833,315.0945983704844,325.57010502562446,316.54834435783056,Down,93
2025-12-15 19:00:00,313.1,313.4,311.0,311.0,313.0214859374257,314.93402588536736,325.4251288562152,316.54834435783056,Down,119
2025-12-15 19:15:00,311.0,312.1,309.0,309.7,312.71953267038697,314.7287699682941,325.2686599123723,316.54834435783056,Down,250
2025-12-15 19:30:00,309.7,311.7,309.6,310.7,312.5359387912609,314.5707789891453,325.12369812219947,316.54834435783056,Down,92
2025-12-15 19:45:00,310.7,310.7,308.4,308.9,312.2053989011462,314.34839549937493,324.9622682901378,316.54834435783056,Down,258
2025-12-15 20:00:00,308.7,310.0,308.4,309.1,311.92308991013294,314.1425760680269,324.80443477481305,316.4779300488232,Down,155
2025-12-15 20:15:00,309.1,309.1,304.0,304.9,311.2846271910299,313.7801221045749,324.60638069745175,315.02084549893027,Down,390
2025-12-15 20:30:00,304.9,305.9,304.1,305.4,310.74966108275447,313.45148986517984,324.4152724318055,313.35531408993654,Down,195
2025-12-15 20:45:00,305.4,306.6,304.9,306.6,310.37241916614045,313.18280398811396,324.2380060394492,313.35531408993654,Down,148
2025-12-15 21:00:00,306.6,307.0,305.2,306.6,310.0294719692186,312.92465481210945,324.062503491793,313.35531408993654,Down,112
2025-12-15 21:15:00,306.6,309.8,306.6,309.7,309.99951997201686,312.79819776065415,323.9195930092876,313.35531408993654,Down,141
2025-12-15 21:30:00,309.9,310.0,309.0,309.2,309.9268363381971,312.6570919661187,323.77312939725493,313.35531408993654,Down,89
2025-12-15 21:45:00,309.2,309.2,306.9,306.9,309.651669398361,312.4313236537219,323.6052375624564,313.35531408993654,Down,88
2025-12-15 22:00:00,306.9,307.5,306.1,306.5,309.36515399851,312.19872272612497,323.4350361936758,313.35531408993654,Down,74
2025-12-15 22:15:00,306.5,308.1,306.5,307.1,309.15923090773634,311.99877281529655,323.2724985201069,313.35531408993654,Down,76
2025-12-15 22:30:00,307.1,308.9,307.1,308.9,309.1356644615785,311.8772523127359,323.12948858458344,313.35531408993654,Down,40
2025-12-15 22:45:00,308.9,309.5,307.5,308.3,309.0596949650713,311.73696790831485,322.98193148423934,313.35531408993654,Down,66
2025-12-15 23:00:00,308.3,308.7,307.2,307.6,308.92699542279206,311.57473387269465,322.8288774396201,313.35531408993654,Down,38
2025-12-15 23:15:00,307.6,308.6,306.7,308.2,308.86090492981094,311.4423913678831,322.68331647007165,313.35531408993654,Down,85
2025-12-15 23:30:00,308.2,308.7,306.5,306.7,308.66445902710086,311.25641523580924,322.5242784952451,313.35531408993654,Down,63
2025-12-15 23:45:00,306.7,308.7,306.7,308.7,308.6676900246371,311.15616365793437,322.38672348534215,313.35531408993654,Down,116
2025-12-16 00:00:00,308.7,310.8,308.2,309.6,308.7524454769428,311.095137632133,322.259492405886,313.35531408993654,Down,129
2025-12-16 09:00:00,305.5,306.9,304.9,305.8,308.48404134267525,310.88748517597094,322.0957163620464,313.35531408993654,Down,42
2025-12-16 09:15:00,305.9,307.5,305.5,305.5,308.21276485697746,310.6762112475015,321.9305848559564,313.35531408993654,Down,203
2025-12-16 09:30:00,305.5,306.0,305.4,305.5,307.96614986997946,310.47322257112893,321.76709644942946,313.35531408993654,Down,66
2025-12-16 09:45:00,305.5,305.7,305.2,305.4,307.73286351816313,310.2742726663788,321.6042397683406,313.18424477306604,Down,59
2025-12-16 10:00:00,305.7,305.7,305.1,305.1,307.4935122892392,310.0713600127953,321.4400184771133,312.64931343006003,Down,35
2025-12-16 10:15:00,305.1,305.3,304.8,304.8,307.248647535672,309.86464001229353,321.27444615395797,311.82210311823644,Down,103
2025-12-16 10:30:00,304.8,305.2,304.8,305.0,307.0442250324291,309.673869815733,321.11251136635644,311.30191192566946,Down,49
2025-12-16 10:45:00,305.0,305.0,304.8,305.0,306.85838639311737,309.4905808033513,320.9521878701738,310.70173811424496,Down,34
2025-12-16 11:00:00,305.0,305.0,304.0,304.1,306.60762399374306,309.2791854777297,320.78450440877907,310.1379437402227,Down,113
2025-12-16 11:15:00,304.1,304.1,302.0,302.2,306.2069309034028,309.001570360956,320.5995839669007,308.9390397638388,Down,471
2025-12-16 11:30:00,302.2,302.8,301.8,302.4,305.86084627582073,308.7426852487617,320.4184935791704,308.0173088762171,Down,153
2025-12-16 11:45:00,302.4,302.4,300.8,301.6,305.4734966143825,308.46257994488866,320.2312448868404,307.3793717056519,Down,212
2025-12-16 12:00:00,301.6,302.0,300.8,301.5,305.11226964943864,308.1895375941087,320.0448643407027,307.090337914229,Down,115
2025-12-16 12:15:00,301.5,301.7,301.2,301.5,304.78388149948967,307.9272027864966,319.8603383273624,306.80485264929905,Down,70
2025-12-16 12:30:00,301.4,302.0,301.2,302.0,304.5308013631724,307.6947634615359,319.68262351813496,306.7589569539083,Down,55
2025-12-16 12:45:00,302.0,302.2,301.0,301.5,304.25527396652035,307.4518315610835,319.5017018910888,306.726324503553,Down,57
2025-12-16 13:00:00,301.5,301.5,301.0,301.1,303.96843087865483,307.20274012731556,319.31860037973473,306.09211318504816,Down,38
2025-12-16 13:15:00,301.1,302.2,301.0,301.3,303.7258462533226,306.9712601223228,319.13931082371744,306.09211318504816,Down,94
2025-12-16 13:30:00,301.3,301.3,300.1,300.5,303.4325875030205,306.7174852155651,318.953845044377,305.5348042851638,Down,118
2025-12-16 13:45:00,300.5,301.0,300.5,300.9,303.2023522754732,306.4893485404449,318.7742047951792,305.3270948046943,Down,70
2025-12-16 14:00:00,300.9,301.8,300.6,301.1,303.01122934133923,306.27800153885886,318.5983420608988,305.3270948046943,Down,62
2025-12-16 14:15:00,301.1,301.9,300.9,301.8,302.90111758303567,306.1023936353742,318.4311943787008,305.3270948046943,Down,27
2025-12-16 14:30:00,301.8,302.1,301.6,301.7,302.791925075487,305.92975074771243,318.26471483264413,305.3270948046943,Down,62
2025-12-16 14:45:00,301.7,302.1,301.0,301.0,302.62902279589724,305.7364271889786,318.09292662535415,305.3270948046943,Down,74
2025-12-16 15:00:00,301.0,302.0,300.9,302.0,302.5718389053611,305.58990063254805,317.9327980022163,305.3270948046943,Down,136
2025-12-16 15:15:00,302.0,302.5,302.0,302.3,302.547126277601,305.46088492146777,317.77724777333856,305.3270948046943,Down,79
2025-12-16 15:30:00,302.3,302.4,301.1,301.1,302.41556934327366,305.28986982650827,317.61130500942477,305.3270948046943,Down,97
2025-12-16 15:45:00,301.1,301.4,301.0,301.0,302.2868812211579,305.12163963723344,317.44601839241557,305.1765309563704,Down,68
2025-12-16 16:00:00,301.0,301.9,301.0,301.3,302.19716474650716,304.9717714161655,317.28536149298856,305.1765309563704,Down,35
2025-12-16 16:15:00,301.3,301.8,300.5,301.6,302.1428770422792,304.8395450861198,317.12928824430213,305.1765309563704,Down,92
2025-12-16 16:30:00,301.6,301.9,301.1,301.8,302.111706402072,304.7203472396053,316.97675801301557,305.1765309563704,Down,88
2025-12-16 16:45:00,301.8,302.6,301.7,302.0,302.10155127461087,304.6136669556993,316.8277355452244,305.1765309563704,Down,114
2025-12-16 17:00:00,302.0,302.5,301.7,301.8,302.0741375223735,304.5033270750836,316.6782058383068,305.1765309563704,Down,30
2025-12-16 17:15:00,301.8,303.3,301.8,303.3,302.1855795657941,304.45613777802146,316.54508936230377,305.1765309563704,Down,109
2025-12-16 17:30:00,303.3,305.6,303.3,304.6,302.4050723325401,304.4617794337853,316.4262327517336,305.1765309563704,Down,259
2025-12-16 17:45:00,304.8,305.1,303.1,303.1,302.46824757503646,304.4083763187349,316.2936334208706,305.1765309563704,Down,134
2025-12-16 18:00:00,303.1,303.2,302.1,303.2,302.5347705227604,304.36098901211784,316.16334851121024,305.1765309563704,Down,151
2025-12-16 18:15:00,303.2,303.2,302.0,302.6,302.54070047523675,304.2919306194858,316.0283898195564,305.1765309563704,Down,84
2025-12-16 18:30:00,302.7,305.1,302.6,303.6,302.6370004320334,304.2647960853883,315.9047242492126,305.1765309563704,Down,204
2025-12-16 18:45:00,303.6,304.1,302.2,303.0,302.67000039275763,304.2151962389025,315.7763190328025,305.1765309563704,Down,78
2025-12-16 19:00:00,303.0,304.3,302.4,302.4,302.6454549025069,304.14401207267105,315.64322133098364,305.1765309563704,Down,75
2025-12-16 19:15:00,302.4,303.2,301.5,302.5,302.63223172955173,304.0795410109977,315.5124430092823,305.1765309563704,Down,104
2025-12-16 19:30:00,302.5,304.3,301.7,301.7,302.54748339050155,303.98622567723305,315.3750057654089,305.1765309563704,Down,77
2025-12-16 19:45:00,301.7,302.9,300.0,301.0,302.40680308227417,303.86911878792984,315.231970882171,305.1765309563704,Down,260
2025-12-16 20:00:00,300.9,301.3,300.3,301.1,302.2880028020674,303.76052589428554,315.0913542564778,305.1765309563704,Down,129
2025-12-16 20:15:00,301.1,303.0,301.1,302.1,302.2709116382431,303.6954072317646,314.96208704994575,305.1765309563704,Down,114
2025-12-16 20:30:00,302.1,302.1,300.5,300.9,302.1462833074937,303.58578341875426,314.8221657857672,305.1765309563704,Down,99
2025-12-16 20:45:00,300.9,301.5,300.4,301.5,302.08753027953975,303.5039879905678,314.68960692222726,305.1765309563704,Down,52
2025-12-16 21:00:00,301.5,301.5,300.2,300.9,301.97957298139977,303.4018708144671,314.5523969031006,305.1765309563704,Down,61
2025-12-16 21:15:00,300.9,301.5,300.3,300.5,301.84506634672704,303.2880719589978,314.4125720582936,305.1765309563704,Down,80
2025-12-16 21:30:00,300.5,301.2,300.3,301.1,301.77733304247914,303.20226521550774,314.2801086547285,305.1765309563704,Down,63
2025-12-16 21:45:00,301.1,301.5,300.7,300.7,301.679393674981,303.1041371678408,314.1449831954775,305.1765309563704,Down,50
2025-12-16 22:00:00,300.7,301.4,300.1,300.7,301.59035788634634,303.0098572789059,314.0112022681593,305.1765309563704,Down,114
2025-12-16 22:15:00,300.7,301.2,300.5,301.2,301.5548708057694,302.9388824836547,313.8837276187249,305.1765309563704,Down,51
2025-12-16 22:30:00,301.2,303.5,300.9,302.6,301.64988255069943,302.9255929744918,313.77145172202114,305.1765309563704,Down,182
2025-12-16 22:45:00,302.6,303.5,302.5,303.5,301.81807504609037,302.94811874019797,313.66924822229953,305.1765309563704,Down,58
2025-12-16 23:00:00,303.5,305.0,302.3,305.0,302.1073409509913,303.0285846719549,313.58298704595825,305.1765309563704,Down,75
2025-12-16 23:15:00,305.0,305.2,303.4,304.1,302.2884917736284,303.0706009593292,313.488628965899,305.1765309563704,Down,97
2025-12-16 23:30:00,304.1,306.0,303.9,304.8,302.5168107032985,303.1384205295516,313.4021749463378,305.1765309563704,Down,88
2025-12-16 23:45:00,304.8,304.8,302.5,302.5,302.5152824575441,303.1133844303535,313.293695593638,305.1765309563704,Down,66
2025-12-17 00:00:00,302.5,303.0,302.0,302.0,302.4684385977674,303.0697222958298,313.1813205131043,305.1765309563704,Down,72
2025-12-17 09:00:00,306.2,306.2,304.1,304.9,302.68948963433394,303.14149789207175,313.09891931396896,305.1765309563704,Down,44
2025-12-17 09:15:00,304.9,305.2,304.1,304.4,302.8449905766672,303.1908509159121,313.0123629028847,305.1765309563704,Down,160
2025-12-17 09:30:00,304.4,304.5,300.1,301.5,302.72271870606113,303.1245430368567,312.89781202822917,305.1765309563704,Down,314
2025-12-17 09:45:00,302.0,303.1,301.9,301.9,302.6479260964192,303.0765217412937,312.78838106277414,305.1765309563704,Down,114
2025-12-17 10:00:00,301.9,303.3,301.8,303.2,302.6981146331084,303.0813640259488,312.6929742860301,305.1765309563704,Down,97
2025-12-17 10:15:00,303.2,303.4,302.5,303.0,302.7255587573713,303.07817327983315,312.5965267806965,305.1765309563704,Down,50
2025-12-17 10:30:00,303.0,303.0,302.0,302.5,302.70505341579207,303.0554998178789,312.4960638276548,305.1765309563704,Down,38
2025-12-17 10:45:00,302.5,304.1,302.5,303.3,302.7591394689019,303.065088060315,312.4045607049916,305.1765309563704,Down,89
2025-12-17 11:00:00,303.3,303.5,302.6,303.1,302.7901267899108,303.0664571559889,312.31197801140956,305.1765309563704,Down,74
2025-12-17 11:15:00,303.1,303.8,302.5,303.3,302.8364788999189,303.07561569889134,312.2223065884105,305.1765309563704,Down,94
2025-12-17 11:30:00,303.5,303.5,301.0,301.6,302.72407172719903,303.01774841658187,312.11661199549104,305.1765309563704,Down,130
2025-12-17 11:45:00,301.6,302.7,301.1,301.1,302.57642884290823,302.9425425963238,312.0069939656852,305.1765309563704,Down,167
2025-12-17 12:00:00,301.1,302.4,301.1,301.8,302.50584440264385,302.89773700431107,311.9054318366734,305.1765309563704,Down,76
2025-12-17 12:15:00,301.8,302.3,301.0,301.5,302.4144040024035,302.8429237884557,311.80189520148264,305.1765309563704,Down,50
2025-12-17 12:30:00,301.5,301.6,300.5,300.7,302.2585490930941,302.75888756145747,311.6914285825624,305.1765309563704,Down,108
2025-12-17 12:45:00,300.7,302.6,300.7,302.3,302.26231735735826,302.74089197081213,311.59798153198966,305.1765309563704,Down,77
2025-12-17 13:00:00,302.3,303.0,301.9,302.6,302.2930157794166,302.7353667954862,311.5084493774425,305.1765309563704,Down,64
2025-12-17 13:15:00,302.6,302.8,301.8,302.7,302.3300143449241,302.7339798623299,311.4208031149804,305.1765309563704,Down,25
2025-12-17 13:30:00,302.9,302.9,302.0,302.7,302.36364940447646,302.7326473187091,311.33402895463234,305.1765309563704,Down,37
2025-12-17 13:45:00,302.7,303.1,302.4,302.9,302.41240854952406,302.7392101689558,311.2501082685166,305.1765309563704,Down,30
2025-12-17 14:00:00,302.9,303.4,302.4,303.2,302.4840077722946,302.75728035840854,311.1700076887304,305.1765309563704,Down,54
2025-12-17 14:15:00,303.2,303.2,302.8,302.8,302.5127343384496,302.758955638471,311.08672403013605,305.1765309563704,Down,25
2025-12-17 14:30:00,302.8,303.2,302.6,303.2,302.5752130349542,302.77625149578586,311.00824916416457,305.1765309563704,Down,47
2025-12-17 14:45:00,303.2,303.7,303.1,303.3,302.6411027590492,302.79679065281385,310.93155016750626,305.1765309563704,Down,58
2025-12-17 15:00:00,303.3,303.5,303.2,303.3,302.7010025082265,302.8165243527035,310.85561434494406,305.1765309563704,Down,21
2025-12-17 15:15:00,303.3,303.8,303.3,303.6,302.7827295529332,302.8472488878916,310.7834191773327,305.1765309563704,Down,23
2025-12-17 15:30:00,303.6,303.9,303.6,303.6,302.8570268663029,302.8767685393468,310.71194236959803,305.1765309563704,Down,28
2025-12-17 15:45:00,303.6,303.9,303.5,303.8,302.942751696639,302.91297369466656,310.64316682363193,305.1765309563704,Down,19
2025-12-17 16:00:00,303.8,304.5,303.6,304.4,303.07522881512637,302.9712884517385,310.58104576071025,305.1765309563704,Down,51
2025-12-17 16:15:00,304.4,305.9,304.4,305.1,303.25929892284216,303.054767335984,310.52650799194697,305.1765309563704,Down,113
2025-12-17 16:30:00,305.1,305.5,304.6,304.6,303.3811808389474,303.1153646953572,310.46753776317144,305.1765309563704,Down,113
2025-12-17 16:45:00,304.6,305.0,304.0,304.1,303.4465280354067,303.1539778445589,310.40417917846327,305.1765309563704,Down,33
2025-12-17 17:00:00,304.1,305.1,304.1,304.7,303.56048003218785,303.2146061643801,310.34742117668753,305.1765309563704,Down,16
2025-12-17 17:15:00,305.0,305.4,304.8,305.4,303.72770912017074,303.300307883424,310.29819310527773,301.34628366032894,Up,56
2025-12-17 17:30:00,305.4,305.6,305.0,305.0,303.84337192742794,303.3669624762309,310.24547476592176,301.6693487821172,Up,66
2025-12-17 17:45:00,305.0,305.8,304.8,305.4,303.984883570389,303.4466894379474,310.1972610866589,301.6693487821172,Up,47
2025-12-17 18:00:00,305.4,305.8,303.4,303.4,303.9317123367172,303.4448584795965,310.1296266479857,301.6693487821172,Up,86
2025-12-17 18:15:00,303.4,304.3,303.0,304.0,303.93792030610655,303.4666287352986,310.06863533805546,301.6693487821172,Up,116
2025-12-17 18:30:00,304.0,305.2,303.9,304.0,303.9435639146423,303.48754525548304,310.00825090683105,301.6693487821172,Up,29
2025-12-17 18:45:00,304.0,307.7,304.0,307.7,304.2850581042203,303.65273955918957,309.9852832361163,301.6693487821172,Up,165
2025-12-17 19:00:00,307.7,309.2,307.5,308.9,304.7045982765639,303.85851447843703,309.97448439794596,302.89154498892066,Up,255
2025-12-17 19:15:00,308.9,309.2,307.0,307.2,304.93145297869444,303.9895531263415,309.94687758801615,302.89154498892066,Up,213
2025-12-17 19:30:00,307.2,308.5,307.0,307.4,305.1558663442677,304.1232961409948,309.9215355224638,302.89154498892066,Up,189
2025-12-17 19:45:00,307.4,307.4,305.7,305.8,305.2144239493343,304.1890492335048,309.8805252187577,302.89154498892066,Up,160
2025-12-17 20:00:00,305.8,307.7,305.8,307.7,305.4403854084857,304.32673357728896,309.85882845041186,302.89154498892066,Up,86
2025-12-17 20:15:00,307.2,307.7,306.7,306.8,305.563986734987,304.4237244173953,309.8283923464277,302.89154498892066,Up,56
2025-12-17 20:30:00,306.8,308.0,306.1,307.9,305.7763515772609,304.56004895004645,309.80920436288113,302.89154498892066,Up,90
2025-12-17 20:45:00,307.9,308.4,306.6,307.1,305.89668325205537,304.6596548735741,309.78224710553906,302.89154498892066,Up,122
2025-12-17 21:00:00,307.1,308.9,306.9,308.9,306.16971204732306,304.8259429177477,309.77346852737446,302.89154498892066,Up,141
2025-12-17 21:15:00,308.9,309.0,308.0,308.3,306.3633745884755,304.962180450385,309.7588071489927,302.89154498892066,Up,56
2025-12-17 21:30:00,308.3,308.3,307.0,307.2,306.43943144406865,305.04993807978167,309.733346381341,302.89154498892066,Up,75
2025-12-17 21:45:00,307.2,308.0,306.6,306.6,306.45402858551694,305.110724821751,309.70216880540727,302.89154498892066,Up,95
2025-12-17 22:00:00,306.6,307.4,305.6,307.3,306.53093507774264,305.19657875030975,309.67826662823904,302.89154498892066,Up,123
2025-12-17 22:15:00,307.3,307.5,306.1,306.6,306.53721370703875,305.2516148777486,309.64763710955015,302.89154498892066,Up,35
2025-12-17 22:30:00,306.4,306.7,306.1,306.5,306.5338306427625,305.30057115705256,309.6163173373158,302.89154498892066,Up,21
2025-12-17 22:45:00,306.5,306.9,306.0,306.0,306.48530058432954,305.3279997391289,309.5803340802281,302.89154498892066,Up,38
2025-12-17 23:00:00,306.0,307.9,306.0,306.7,306.50481871302685,305.38180367092775,309.55167403962884,302.89154498892066,Up,90
2025-12-17 23:15:00,306.7,307.3,306.1,307.0,306.5498351936608,305.44526235049926,309.52628424818977,302.89154498892066,Up,35
2025-12-17 23:30:00,307.0,307.4,306.2,307.4,306.627122903328,305.5219187289111,309.50512719099385,302.89154498892066,Up,52
2025-12-17 23:45:00,307.4,307.4,305.4,305.6,306.53374809393455,305.52498073954206,309.46627020401877,302.89154498892066,Up,106
2025-12-18 00:00:00,305.6,306.4,305.2,306.0,306.4852255399405,305.54360894583454,309.43177995323254,302.89154498892066,Up,93
2025-12-18 09:00:00,311.2,311.2,307.5,308.7,306.68656867267316,305.6673889871744,309.4244985606631,302.89154498892066,Up,33
2025-12-18 09:15:00,308.0,308.7,308.0,308.5,306.8514260660665,305.7784717719911,309.4152995700097,302.89154498892066,Up,131
2025-12-18 09:30:00,308.5,309.2,308.3,308.5,307.00129642369683,305.885198369168,309.4061921116017,302.89154498892066,Up,130
2025-12-18 09:45:00,308.5,309.0,308.5,308.7,307.15572402154254,305.99558274684773,309.3991653244216,302.89154498892066,Up,52
2025-12-18 10:00:00,308.7,308.9,308.6,308.8,307.30520365594776,306.1055598940302,309.3932034803975,303.1957171358361,Up,30
2025-12-18 10:15:00,308.8,308.8,308.3,308.7,307.43200332358884,306.2073026432839,309.3863059333289,303.31883375985103,Up,41
2025-12-18 10:30:00,308.7,308.8,308.0,308.0,307.4836393850808,306.27760450041006,309.3725118444401,303.35348523622815,Up,68
2025-12-18 10:45:00,308.0,308.1,307.4,307.5,307.48512671370975,306.3255415788254,309.353879885789,303.35348523622815,Up,72
2025-12-18 11:00:00,307.5,307.8,306.7,307.0,307.4410242851907,306.3519909286754,309.3304581953832,303.35348523622815,Up,91
2025-12-18 11:15:00,307.0,308.7,306.6,308.4,307.5282038956279,306.43230500990376,309.3211999048819,303.35348523622815,Up,71
2025-12-18 11:30:00,308.4,308.7,307.6,308.5,307.61654899602536,306.5133910879468,309.31302876154973,303.35348523622815,Up,63
2025-12-18 11:45:00,308.5,308.7,307.7,308.4,307.6877718145685,306.5873757511646,309.3039438982508,303.35348523622815,Up,106
2025-12-18 12:00:00,308.4,309.2,308.4,308.9,307.79797437688046,306.67806689817775,309.29992455597966,303.99431847744904,Up,58
2025-12-18 12:15:00,308.9,308.9,307.6,307.6,307.77997670625496,306.7142211374649,309.2830098837809,303.99431847744904,Up,34
2025-12-18 12:30:00,307.6,307.8,306.6,306.7,307.6817970056863,306.7136634457996,309.25730829289756,303.99431847744904,Up,78
2025-12-18 12:45:00,306.7,307.9,306.7,307.9,307.70163364153296,306.76018644792515,309.2438027377444,303.99431847744904,Up,52
2025-12-18 13:00:00,308.0,308.1,308.0,308.0,307.728757855939,306.8088065872222,309.2314265911002,303.99431847744904,Up,16
2025-12-18 13:15:00,308.0,308.5,307.6,308.5,307.7988707781264,306.87512789752725,309.22414871457187,303.99431847744904,Up,22
2025-12-18 13:30:00,308.5,308.5,307.9,307.9,307.80806434375125,306.9153189603693,309.2109731054717,303.99431847744904,Up,16
2025-12-18 13:45:00,307.9,308.4,307.5,307.5,307.7800584943193,306.9382476285901,309.1939484974571,303.99431847744904,Up,29
2025-12-18 14:00:00,307.5,307.9,307.3,307.7,307.7727804493812,306.96812027060616,309.1790833382784,303.99431847744904,Up,16
2025-12-18 14:15:00,307.7,308.9,307.7,308.6,307.84798222671014,307.03211555411184,309.17332131501195,304.2333548187049,Up,61
2025-12-18 14:30:00,308.6,308.8,308.2,308.2,307.87998384246373,307.07791494414664,309.1636365258079,304.5848680170045,Up,71
2025-12-18 14:45:00,308.2,308.6,307.8,308.6,307.9454398567852,307.13760455418014,309.158028202168,304.5848680170045,Up,36
2025-12-18 15:00:00,308.6,308.9,308.4,308.7,308.01403623344106,307.1988749638202,309.1534707076191,304.968072741326,Up,17
2025-12-18 15:15:00,308.7,309.5,308.7,309.1,308.11276021221914,307.2734288868076,309.1529386607771,305.46188431029645,Up,50
2025-12-18 15:30:00,309.2,309.2,309.0,309.0,308.1934183747446,307.3411375579132,309.15141688305795,305.7198948275422,Up,40
2025-12-18 15:45:00,309.0,309.0,308.2,309.0,308.2667439770405,307.40619098701467,309.1499102474056,305.7198948275422,Up,26
2025-12-18 16:00:00,309.0,309.2,308.8,309.2,308.35158543367316,307.4765364385043,309.1504086529041,305.7966072954894,Up,25
2025-12-18 16:15:00,309.0,309.3,308.8,309.3,308.43780493970286,307.5480448134649,309.15189712401946,305.9560066322631,Up,74
2025-12-18 16:30:00,309.3,309.5,308.4,308.4,308.4343681270026,307.58145482078,309.1444155605964,305.9560066322631,Up,203
2025-12-18 16:45:00,308.4,309.1,308.4,308.6,308.44942557000235,307.6213977689847,309.13899849034175,305.9560066322631,Up,23
2025-12-18 17:00:00,308.6,309.1,308.3,309.0,308.4994777909112,307.67546060157355,309.1376154207861,305.9560066322631,Up,27
2025-12-18 17:15:00,309.0,309.7,308.5,309.7,308.6086161735556,307.7548543034726,309.143211287246,305.9560066322631,Up,31
2025-12-18 17:30:00,309.7,310.4,309.7,310.0,308.7351056123233,307.8428992327482,309.15173654806944,306.77276398921026,Up,170
2025-12-18 17:45:00,310.0,310.4,309.8,310.4,308.8864596475666,307.9431776942091,309.16415707992945,306.90251271746394,Up,57
2025-12-18 18:00:00,310.4,311.4,310.0,310.8,309.0604178614242,308.05520994149504,309.1804341239103,307.2841024704218,Up,120
2025-12-18 18:15:00,311.3,312.7,310.6,312.2,309.3458344194765,308.2177507281031,309.2104795555132,307.78100224583795,Up,252
2025-12-18 18:30:00,312.2,314.6,311.9,314.4,309.80530401770585,308.46019187602064,309.2621165748613,308.75091113258,Up,322
2025-12-18 18:45:00,314.4,314.8,313.0,314.1,310.19573092518715,308.68136082205905,309.310254718395,309.15537375689087,Up,328
2025-12-18 19:00:00,314.1,314.8,312.6,312.7,310.42339175017014,308.8389545153116,309.3439835271672,309.15537375689087,Up,346
2025-12-18 19:15:00,312.7,313.1,311.5,311.8,310.5485379547001,308.95507394608376,309.3684215020213,309.15537375689087,Up,213
2025-12-18 19:30:00,311.8,312.1,310.0,310.0,310.4986708679092,308.99605143839426,309.3747058651853,309.15537375689087,Up,155
2025-12-18 19:45:00,310.0,310.1,308.5,309.4,310.3987916980993,309.01189255845725,309.3749575481188,309.15537375689087,Up,384
2025-12-18 20:00:00,309.5,309.8,308.0,308.6,310.23526518009027,308.995739909106,309.3672465277395,314.6441544871557,Down,126
2025-12-18 20:15:00,308.5,310.3,308.3,309.9,310.20478652735477,309.03120108914106,309.37254755731425,314.6441544871557,Down,151
2025-12-18 20:30:00,309.9,310.0,308.8,309.3,310.12253320668617,309.04174222290027,309.37182569107233,314.6441544871557,Down,64
2025-12-18 20:45:00,309.3,309.9,308.9,309.9,310.1023029151693,309.0753993906296,309.37708115683284,314.6441544871557,Down,33
2025-12-18 21:00:00,309.9,310.0,308.1,308.8,309.98391174106297,309.0645994145265,309.37133905576985,314.6441544871557,Down,167
2025-12-18 21:15:00,308.8,308.9,305.0,305.1,309.5399197646027,308.90912492768234,309.3288381696428,313.6880584331396,Down,366
2025-12-18 21:30:00,305.1,306.2,303.8,305.5,309.17265433145695,308.77543375404775,309.2907402774075,311.9982349392178,Down,254
2025-12-18 21:45:00,305.5,307.0,305.5,306.5,308.92968575586997,308.6862010578106,309.2629717174333,311.9982349392178,Down,191
2025-12-18 22:00:00,306.5,306.5,304.5,305.5,308.61789614169993,308.56125199672,309.2255292127822,311.9982349392178,Down,131
2025-12-18 22:15:00,305.5,305.5,303.3,304.1,308.20717831063627,308.3863009380251,309.17452892210775,311.56982339535523,Down,161
2025-12-18 22:30:00,304.0,304.4,303.5,304.0,307.82470755512384,308.2142891365339,309.1230410721365,310.79529399577746,Down,63
2025-12-18 22:45:00,304.0,304.4,301.3,302.7,307.35882505011256,307.9980425037287,309.05913021569734,310.20026726888864,Down,257
2025-12-18 23:00:00,302.7,302.7,301.0,301.5,306.82620459101145,307.74321730750404,308.9839149896705,309.1502429717169,Down,136
2025-12-18 23:15:00,301.5,301.5,299.0,299.9,306.1965496281922,307.43564015819015,308.8935277758429,307.79567542883353,Down,240
2025-12-18 23:30:00,299.7,300.0,296.2,297.5,305.40595420744745,307.04600721081016,308.78015934026246,306.3415231171214,Down,289
2025-12-18 23:45:00,297.5,299.6,296.5,298.3,304.75995837040676,306.7030265358764,308.67587914782206,306.3415231171214,Down,224
2025-12-19 00:00:00,298.3,298.9,296.5,296.7,304.027234882188,306.3107509854499,308.5567161712268,306.3415231171214,Down,119
2025-12-19 09:00:00,298.0,298.1,294.3,294.3,303.1429408019891,305.83974114288327,308.4148582988763,305.4988152645541,Down,33
2025-12-19 09:15:00,294.3,295.3,293.0,293.3,302.24812800180825,305.3479865882604,308.26446169888754,303.43983205868545,Down,441
2025-12-19 09:30:00,293.3,293.9,292.4,292.9,301.39829818346203,304.8598302514659,308.1115814829782,302.1407564169868,Down,285
2025-12-19 09:45:00,293.1,293.4,290.8,291.3,300.48027107587455,304.3280722023888,307.9443020652371,301.218869469988,Down,380
2025-12-19 10:00:00,291.3,291.9,291.0,291.4,299.6547918871587,303.8210889787657,307.77968214418996,300.0671540636254,Down,245
2025-12-19 10:15:00,291.4,291.9,290.3,291.4,298.90435626105335,303.33398745018667,307.6167002323075,299.5155946032959,Down,266
2025-12-19 10:30:00,291.4,293.0,291.2,293.0,298.3675966009576,302.92873304037545,307.47126042900095,299.5155946032959,Down,150
2025-12-19 10:45:00,293.0,294.1,293.0,293.0,297.8796332735978,302.53937096036077,307.32726778791636,299.5155946032959,Down,225
2025-12-19 11:00:00,293.0,293.4,292.7,293.4,297.4723938850889,302.1809642560329,307.1886880089321,299.5155946032959,Down,84
2025-12-19 11:15:00,293.4,294.6,292.4,294.6,297.2112671682626,301.8836715401101,307.06342743172877,299.5155946032959,Down,93
2025-12-19 11:30:00,294.6,294.8,293.6,293.6,296.882970152966,301.55882167579205,306.92946297967177,299.5155946032959,Down,172
2025-12-19 11:45:00,293.7,294.3,293.2,294.1,296.6299728663327,301.2663188649767,306.80180663161536,299.5155946032959,Down,102
2025-12-19 12:00:00,294.1,295.0,293.8,294.7,296.4545207875752,301.00881616438943,306.68139064523115,299.5155946032959,Down,161
2025-12-19 12:15:00,294.7,294.7,293.6,293.8,296.2132007159774,300.7261174912761,306.55321760398505,299.5155946032959,Down,102
2025-12-19 12:30:00,293.8,294.2,292.6,293.9,296.00290974179757,300.45842660926525,306.4273149412588,299.5155946032959,Down,71
2025-12-19 12:45:00,293.9,294.8,293.5,293.7,295.793554310725,300.193390271647,306.3006749915946,299.5155946032959,Down,189
2025-12-19 13:00:00,293.7,294.8,293.4,294.6,295.6850493733864,299.9740416335432,306.18425036481256,299.5155946032959,Down,103
2025-12-19 13:15:00,294.6,294.6,294.0,294.1,295.5409539758058,299.7436870596788,306.06400906765026,299.5155946032959,Down,19
2025-12-19 13:30:00,294.1,294.6,293.6,294.3,295.4281399780053,299.53020913576984,305.94695425105675,299.5155946032959,Down,38
2025-12-19 13:45:00,294.3,294.9,293.9,294.5,295.3437636163684,299.3329460324063,305.8330542087577,299.5155946032959,Down,56
2025-12-19 14:00:00,294.5,294.9,294.0,294.7,295.285239651244,299.15126187427273,305.7222775499641,299.5155946032959,Down,62
2025-12-19 14:15:00,294.7,294.8,293.8,294.8,295.24112695567635,298.98062415371305,305.61359817135747,299.5155946032959,Down,54
2025-12-19 14:30:00,294.8,295.8,294.4,295.4,295.2555699597058,298.8402075202341,305.51197032885636,299.5155946032959,Down,163
2025-12-19 14:45:00,295.4,295.7,295.0,295.3,295.259609054278,298.70137585277394,305.41035868379316,299.5155946032959,Down,77
2025-12-19 15:00:00,295.3,295.8,295.3,295.3,295.26328095843456,298.56798856442987,305.30975809987484,299.5155946032959,Down,69
2025-12-19 15:15:00,295.3,295.3,293.8,293.8,295.13025541675864,298.38100862072673,305.19523314365716,299.5155946032959,Down,123
2025-12-19 15:30:00,293.8,294.0,291.4,291.7,294.8184140152351,298.119008282659,305.0609522168546,298.1626491579079,Down,303
2025-12-19 15:45:00,291.7,293.8,291.7,293.8,294.72583092294093,297.94963540882924,304.948902941065,298.1626491579079,Down,120
2025-12-19 16:00:00,293.8,294.1,292.8,293.4,294.6053008390372,297.7712183339732,304.83398848393995,298.1626491579079,Down,126
2025-12-19 16:15:00,293.4,293.9,292.8,292.8,294.44118258094295,297.576268595386,304.7142473049953,298.1626491579079,Down,60
2025-12-19 16:30:00,292.8,292.9,292.2,292.2,294.23743870994815,297.36543453282184,304.58972743131375,297.863659693947,Down,49
2025-12-19 16:45:00,292.2,293.8,291.9,293.0,294.12494428177104,297.1942410217308,304.4744067603554,297.863659693947,Down,113
2025-12-19 17:00:00,292.7,293.7,292.4,293.1,294.0317675288827,297.0336825502904,304.36122858363547,297.863659693947,Down,52
2025-12-19 17:15:00,293.1,293.6,292.6,292.6,293.90160684443885,296.85981264635745,304.24420143354956,297.863659693947,Down,41
2025-12-19 17:30:00,292.6,292.9,291.9,291.9,293.71964258585353,296.6653101896376,304.1213735585889,297.63328986677624,Down,60
2025-12-19 17:45:00,291.9,292.7,291.1,291.2,293.49058416895775,296.4509842998479,303.9928026774089,297.239354424342,Down,83
2025-12-19 18:00:00,291.2,292.4,290.0,292.4,293.39144015359796,296.2921221704421,303.87745140698695,296.9266858403109,Down,260
2025-12-19 18:15:00,292.5,293.0,290.9,291.1,293.1831274123617,296.08850953630713,303.75031258701694,296.9266858403109,Down,146
2025-12-19 18:30:00,291.1,292.0,290.6,291.3,293.01193401123794,295.90072484860883,303.62642887968343,296.9266858403109,Down,124
2025-12-19 18:45:00,291.3,291.4,289.6,289.9,292.7290309193072,295.66540230552613,303.48984749779606,296.5510036365972,Down,203
2025-12-19 19:00:00,289.9,290.2,287.2,288.1,292.3082099266429,295.3687198621722,303.33671468687277,295.29182148781564,Down,335
2025-12-19 19:15:00,288.1,289.8,287.4,287.8,291.89837266058447,295.07190731855763,303.18212051088403,295.29182148781564,Down,221
2025-12-19 19:30:00,287.8,288.4,287.3,288.4,291.5803387823495,294.8102638943005,303.03503473465634,294.49117478331874,Down,193
2025-12-19 19:45:00,288.4,290.0,288.4,289.0,291.3457625294086,294.5824104082495,302.8953826477444,294.49117478331874,Down,232
2025-12-19 20:00:00,289.0,291.0,289.0,291.0,291.3143295721896,294.4419237255731,302.77702063134893,294.49117478331874,Down,120
2025-12-19 20:15:00,291.0,292.0,289.3,289.5,291.14939052017235,294.24812279515845,302.6449109733256,294.49117478331874,Down,217
2025-12-19 20:30:00,289.5,290.9,289.5,290.4,291.08126410924757,294.0972160188777,302.5230710631432,294.49117478331874,Down,91
2025-12-19 20:45:00,290.4,291.0,289.8,290.0,290.9829673720432,293.9365408808825,302.39846339087313,294.49117478331874,Down,92
2025-12-19 21:00:00,290.0,291.1,289.8,291.0,290.98451579276656,293.82138241496557,302.28504584469533,294.49117478331874,Down,52
2025-12-19 21:15:00,291.0,291.1,289.8,290.9,290.9768325388787,293.70681839869246,302.17176180643963,294.49117478331874,Down,28
2025-12-19 21:30:00,290.9,291.3,290.7,291.2,290.9971204898897,293.6085117948222,302.06259004717157,294.49117478331874,Down,49
2025-12-19 21:45:00,291.2,293.0,291.2,291.6,291.0519277180815,293.5297466263978,301.9584846735679,294.49117478331874,Down,184
2025-12-19 22:00:00,291.6,292.5,290.0,290.0,290.95629792552865,293.39132519006847,301.8394947763185,294.49117478331874,Down,95
2025-12-19 22:15:00,290.0,290.2,288.6,288.8,290.7602708413897,293.2112732218305,301.7097485596387,294.49117478331874,Down,222
2025-12-19 22:30:00,288.8,289.5,288.6,289.2,290.618428037627,293.05396838960183,301.58527344959253,294.49117478331874,Down,124
2025-12-19 22:45:00,289.2,289.2,288.1,288.6,290.4349345796609,292.87930296255865,301.4560667486016,294.49117478331874,Down,152
2025-12-19 23:00:00,288.6,289.4,288.4,289.3,290.3317587087826,292.73893814049757,301.3351108605558,294.49117478331874,Down,50
2025-12-19 23:15:00,289.3,291.0,289.1,289.7,290.27432609889325,292.6197640957722,301.2193386131871,294.49117478331874,Down,153
2025-12-19 23:30:00,289.7,291.0,289.0,290.1,290.2584782717211,292.5209498175066,301.10869842798127,294.49117478331874,Down,139
2025-12-19 23:45:00,290.1,291.5,289.5,289.9,290.2258893379283,292.4181674717221,300.99716909038943,294.49117478331874,Down,128
2025-12-20 00:00:00,289.9,290.8,289.9,290.8,290.27808121629846,292.3547099238114,300.89570472133084,294.49117478331874,Down,64
2025-12-22 09:00:00,293.2,295.0,293.1,294.3,290.64371019663497,292.4309958091522,300.83007581863103,294.49117478331874,Down,58
2025-12-22 09:15:00,294.5,295.0,294.1,294.7,291.0124638151227,292.519976365656,300.7690800393412,287.7482740614451,Up,193
2025-12-22 09:30:00,294.7,294.7,294.1,294.4,291.32042165011154,292.59370278268915,300.7057061086015,287.99843096495005,Up,83
2025-12-22 09:45:00,294.4,296.0,294.2,295.1,291.66401968191957,292.6919889480739,300.64992793836666,288.62584633177283,Up,232
2025-12-22 10:00:00,295.1,295.6,294.7,295.0,291.96729061992687,292.78249918540433,300.5937097499252,288.9371330288843,Up,101
2025-12-22 10:15:00,295.0,295.6,295.0,295.6,292.29753692720624,292.8929894134277,300.54402109569713,289.43375729898577,Up,33
2025-12-22 10:30:00,295.6,296.1,295.6,295.7,292.60685175200564,293.00306825996,300.4958218808146,290.3352339081689,Up,127
2025-12-22 10:45:00,295.7,296.2,295.7,296.2,292.9335015927324,293.12843813211845,300.45307738448815,290.75475809833534,Up,18
2025-12-22 11:00:00,296.2,296.8,296.0,296.4,293.2486378115749,293.2567346759569,300.4127482562843,291.3861437257594,Up,104
2025-12-22 11:15:00,296.4,297.0,296.3,296.9,293.58057982870446,293.39960782591936,300.37779553731633,291.837403387054,Up,170
2025-12-22 11:30:00,296.9,298.6,296.7,298.2,294.0005271170041,293.58785849941273,300.3561259299799,292.58400307913996,Up,165
2025-12-22 11:45:00,298.1,299.0,297.6,297.7,294.33684283364005,293.7491189504162,300.32969681624877,293.1854573446727,Up,340
2025-12-22 12:00:00,297.7,298.7,296.8,298.5,294.71531166694547,293.9354280111842,300.3114908777786,293.1854573446727,Up,144
2025-12-22 12:15:00,298.4,298.7,298.2,298.2,295.032101515405,294.1026661283926,300.29048101829824,293.41318788815926,Up,181
2025-12-22 12:30:00,298.2,298.7,297.3,297.8,295.2837286503681,294.2476596135537,300.2657001126436,293.41318788815926,Up,116
2025-12-22 12:45:00,297.8,297.8,297.3,297.5,295.485207863971,294.37520237380653,300.2381807085377,293.41318788815926,Up,44
2025-12-22 13:00:00,297.5,298.7,297.4,297.8,295.69564351270094,294.50950816306903,300.21392020397514,293.41318788815926,Up,46
2025-12-22 13:15:00,297.8,298.2,297.7,297.7,295.87785773881905,294.6346254900075,300.1889060725923,293.41318788815926,Up,24
2025-12-22 13:30:00,297.7,298.0,297.6,297.9,296.0616888534718,294.76267939236016,300.1661308877904,293.48678982940766,Up,34
2025-12-22 13:45:00,297.9,298.0,297.3,297.6,296.20153532133804,294.8739468671696,300.14059724711586,293.48678982940766,Up,69
2025-12-22 14:00:00,297.6,297.6,296.5,296.6,296.23775938303453,294.9416352253198,300.1053674237615,293.48678982940766,Up,98
2025-12-22 14:15:00,296.6,296.9,296.3,296.4,296.2525085300314,294.99882600079746,300.0684980961619,293.48678982940766,Up,102
2025-12-22 14:30:00,296.4,296.8,296.2,296.3,296.25682593639215,295.0498524321388,300.03100060266775,293.48678982940766,Up,126
2025-12-22 14:45:00,296.3,296.4,295.4,295.5,296.1880235785383,295.06750527793724,299.9859160195566,293.48678982940766,Up,76
2025-12-22 15:00:00,295.5,296.1,295.5,296.1,296.18002143503486,295.1079952670378,299.94725018851625,293.48678982940766,Up,56
2025-12-22 15:15:00,296.1,296.7,295.9,296.6,296.2182013045771,295.1665052565657,299.91394421649125,293.48678982940766,Up,49
2025-12-22 15:30:00,296.5,296.7,296.2,296.3,296.22563754961556,295.210956030818,299.87798457254604,293.48678982940766,Up,68
2025-12-22 15:45:00,296.3,296.7,295.8,296.7,296.26876140874145,295.2693499119624,299.8463628355058,293.48678982940766,Up,84
2025-12-22 16:00:00,296.7,297.3,296.6,297.1,296.3443285534013,295.3411401114933,299.8190358421176,293.48678982940766,Up,61
2025-12-22 16:15:00,297.1,297.8,297.1,297.4,296.44029868491026,295.4218797149642,299.7949658337384,294.02426536265796,Up,311
2025-12-22 16:30:00,297.4,297.6,296.8,297.2,296.5093624408275,295.49160992222045,299.7691452781788,294.02426536265796,Up,145
2025-12-22 16:45:00,297.2,297.2,296.3,296.5,296.50851130984313,295.53115463115296,299.7366164694408,294.02426536265796,Up,53
2025-12-22 17:00:00,296.5,297.5,296.5,297.3,296.5804648271301,295.6005211162058,299.71237152944633,294.02426536265796,Up,40
2025-12-22 17:15:00,297.3,297.9,297.1,297.9,296.70042257011823,295.69069675870753,299.6943379818897,294.049651910838,Up,11
2025-12-22 17:30:00,297.9,298.6,297.6,297.6,296.78220233647113,295.765571395621,299.6734987979903,294.5996835553073,Up,84
2025-12-22 17:45:00,297.6,297.6,296.8,297.4,296.8383657604283,295.82966663500844,299.65087691940334,294.5996835553073,Up,69
2025-12-22 18:00:00,297.4,297.4,295.2,295.2,296.68942341857115,295.8049738257924,299.60658958687196,294.5996835553073,Up,64
2025-12-22 18:15:00,295.2,296.5,295.2,295.9,296.61765765324645,295.808700342428,299.56970809844535,294.5996835553073,Up,157
2025-12-22 18:30:00,295.9,296.2,294.8,294.9,296.4615069574968,295.77306503488177,299.52324334124694,294.5996835553073,Up,147
2025-12-22 18:45:00,294.9,295.5,293.1,293.1,296.1559154159061,295.6682389550825,299.45933047217983,298.99938866861595,Down,131
2025-12-22 19:00:00,293.1,293.1,291.0,291.7,295.7508321962783,295.51262174115766,299.38212320379995,297.08580788055997,Down,342
2025-12-22 19:15:00,291.7,291.7,287.0,287.0,294.9553019966166,295.17879343758284,299.25891799779197,295.63709807323636,Down,451
2025-12-22 19:30:00,286.8,287.0,283.8,284.6,294.01391090601504,294.76393879297177,299.11305811721695,292.2791800665785,Down,591
2025-12-22 19:45:00,284.6,284.8,281.8,282.2,292.9399190054682,294.27123531089444,298.9447689817223,290.644709151435,Down,456
2025-12-22 20:00:00,282.2,282.2,279.5,280.6,291.81810818678923,293.7351084359574,298.76223396697884,288.50882650130455,Down,612
2025-12-22 20:15:00,280.6,280.6,278.9,278.9,290.64373471526295,293.15333947768454,298.5645997981532,287.33075136482233,Down,386
2025-12-22 20:30:00,278.9,280.1,277.3,277.5,289.44884974114814,292.53948302757925,298.3550017902114,286.6097739680203,Down,723
2025-12-22 20:45:00,277.5,278.3,276.2,277.0,288.31713612831646,291.93009153630163,298.1425142102093,285.20433997092755,Down,622
2025-12-22 21:00:00,277.0,277.2,275.0,275.2,287.1246692075604,291.2740095152702,297.91423048672465,284.1312181553887,Down,482
2025-12-22 21:15:00,275.2,277.8,274.8,277.8,286.27697200687305,290.74561698525963,297.71408888984183,284.1312181553887,Down,383
2025-12-22 21:30:00,277.8,279.2,277.6,278.0,285.5245200062482,290.24578886819063,297.5179288013857,284.1312181553887,Down,348
2025-12-22 21:45:00,278.0,279.7,277.5,279.3,284.9586545511347,289.81654224590864,297.33665587798885,284.1312181553887,Down,203
2025-12-22 22:00:00,279.3,279.3,278.2,278.7,284.38968595557697,289.38059941273576,297.1512165160188,284.1312181553887,Down,140
2025-12-22 22:15:00,278.3,278.3,276.5,277.5,283.76335086870637,288.9146935534128,296.9556820233221,284.1312181553887,Down,104
2025-12-22 22:30:00,277.5,278.3,277.1,277.4,283.1848644260967,288.46313694347504,296.7610981225925,284.1312181553887,Down,118
2025-12-22 22:45:00,277.5,277.8,276.8,277.2,282.64078584190605,288.0214452986329,296.5664603303279,284.1312181553887,Down,102
2025-12-22 23:00:00,277.2,277.4,275.6,276.0,282.03707803809635,287.5500160712355,296.3618189340063,283.851601946172,Down,141
2025-12-22 23:15:00,276.0,277.3,276.0,276.8,281.5609800346331,287.12844681354005,296.16717396948883,283.8060017692473,Down,81
2025-12-22 23:30:00,276.8,277.8,276.8,277.4,281.1827091223937,286.746939095362,295.9804359200412,283.8060017692473,Down,74
2025-12-22 23:45:00,277.3,278.5,276.7,278.4,280.92973556581245,286.41960815044587,295.805506209394,283.8060017692473,Down,194
2025-12-23 00:00:00,278.4,278.8,277.1,278.0,280.6633959689204,286.0894274386637,295.6283369933802,283.8060017692473,Down,174
2025-12-23 09:00:00,279.3,282.0,279.2,279.6,280.56672360810944,285.83494008812784,295.46885105314755,283.8060017692473,Down,71
2025-12-23 09:15:00,279.6,280.5,279.0,280.3,280.5424760073722,285.6178836140836,295.3179172118227,283.8060017692473,Down,357
2025-12-23 09:30:00,280.3,281.9,280.0,281.8,280.6567963703384,285.46816268804116,295.1834105728991,283.8060017692473,Down,295
2025-12-23 09:45:00,281.8,281.8,280.9,281.1,280.6970876093985,285.2968621904709,295.0432771343628,283.8060017692473,Down,253
2025-12-23 10:00:00,281.1,281.1,280.3,280.8,280.7064432812714,285.1205146535897,294.90155298377215,283.8060017692473,Down,274
2025-12-23 10:15:00,280.8,281.9,280.5,281.6,280.78767571024673,284.9824552554097,294.7691992227396,283.8060017692473,Down,147
2025-12-23 10:30:00,281.6,282.9,281.6,282.8,280.97061428204245,284.8968687748054,294.65010271306056,283.8060017692473,Down,233
2025-12-23 10:45:00,282.8,283.8,282.8,283.0,281.15510389276585,284.82248176402874,294.53418129303014,283.8060017692473,Down,231
2025-12-23 11:00:00,282.9,283.4,282.9,283.4,281.35918535705986,284.7666981654394,294.4233934194677,283.8060017692473,Down,103
2025-12-23 11:15:00,283.5,283.5,282.1,282.4,281.4538048700544,284.67388647267705,294.30375766405007,283.8060017692473,Down,141
2025-12-23 11:30:00,282.4,283.5,282.2,283.3,281.62164079095857,284.62000857178776,294.19426753803964,283.8060017692473,Down,183
2025-12-23 11:45:00,283.3,284.4,282.2,282.6,281.71058253723504,284.5407925493647,294.07890169189,283.8060017692473,Down,195
2025-12-23 12:00:00,282.6,283.6,282.6,283.5,281.87325685203183,284.499977155272,293.9736389884881,283.8060017692473,Down,37
2025-12-23 12:15:00,283.5,283.9,283.1,283.4,282.0120516836653,284.45684079624175,293.8684286502942,283.8060017692473,Down,93
2025-12-23 12:30:00,283.2,284.4,282.9,283.0,282.1018651669684,284.39970978462446,293.7602850816346,283.8060017692473,Down,182
2025-12-23 12:45:00,283.0,283.0,280.5,280.7,281.97442287906216,284.2546231264039,293.6303319962452,283.8060017692473,Down,358
2025-12-23 13:00:00,280.8,281.9,280.6,281.6,281.9403844355111,284.1505202587018,293.51062720026266,283.8060017692473,Down,96
2025-12-23 13:15:00,281.6,282.6,281.6,281.7,281.91853130501005,284.0544214250273,293.3931085216531,283.8060017692473,Down,56
2025-12-23 13:30:00,281.7,283.9,281.7,283.4,282.05321027728183,284.0287578397321,293.2936746060148,283.8060017692473,Down,140
2025-12-23 13:45:00,283.4,283.8,282.4,282.5,282.09382752480167,283.9688065518995,293.18627485869126,283.8060017692473,Down,89
2025-12-23 14:00:00,282.5,282.9,281.9,281.9,282.0762068407288,283.88767688319757,293.07397361631627,283.8060017692473,Down,58
2025-12-23 14:15:00,281.9,282.7,281.7,281.7,282.04200621884434,283.8018856328761,292.96079974948725,283.8060017692473,Down,65
2025-12-23 14:30:00,281.7,282.0,281.1,281.5,281.99273292622206,283.71161560805746,292.8467619410347,283.8060017692473,Down,47
2025-12-23 14:45:00,281.5,281.6,280.6,281.0,281.9024844783837,283.6052777410748,292.7288837127657,283.8060017692473,Down,94
2025-12-23 15:00:00,281.0,281.3,280.1,280.2,281.74771316216703,283.4717374375033,292.604218203186,283.8060017692473,Down,116
2025-12-23 15:15:00,280.2,280.6,278.6,278.8,281.4797392383337,283.2885320477973,292.4668627981792,283.8060017692473,Down,243
2025-12-23 15:30:00,278.8,280.5,278.7,280.2,281.3633993075761,283.1674131439621,292.34480446187894,283.8060017692473,Down,118
2025-12-23 15:45:00,280.2,280.2,279.3,279.9,281.2303630068874,283.0392792951793,292.2209755617607,283.8060017692473,Down,75
2025-12-23 16:00:00,279.9,280.4,279.6,279.7,281.09123909717033,282.9083271659566,292.0963887402507,283.8060017692473,Down,101
2025-12-23 16:15:00,279.7,281.0,279.7,280.7,281.05567190651846,282.82172610062497,291.9829918373626,283.8060017692473,Down,103
2025-12-23 16:30:00,280.7,281.1,280.3,280.5,281.00515627865315,282.73067801824754,291.8687332121152,283.8060017692473,Down,62
2025-12-23 16:45:00,280.5,280.8,280.0,280.3,280.94105116241195,282.6353573116496,291.7536214388603,283.8060017692473,Down,52
2025-12-23 17:00:00,280.3,280.5,278.4,278.4,280.71004651128356,282.4692648680555,291.6207495837473,283.8060017692473,Down,103
2025-12-23 17:15:00,278.3,280.2,278.1,279.6,280.60913319207594,282.35674467715137,291.5011401351528,283.8060017692473,Down,165
2025-12-23 17:30:00,279.6,281.6,279.2,281.4,280.6810301746145,282.31922527804744,291.4006312780866,283.8060017692473,Down,163
2025-12-23 17:45:00,281.4,282.9,281.4,281.7,280.7736637951041,282.2949419338103,291.3041075837773,283.8060017692473,Down,324
2025-12-23 18:00:00,281.7,285.0,280.8,285.0,281.15787617736737,282.40102264228835,291.2413801451327,277.93636540426303,Up,498
2025-12-23 18:15:00,285.0,287.2,284.6,287.2,281.70716016124305,282.58921783278686,291.20116740737024,278.6775277820136,Up,570
2025-12-23 18:30:00,287.0,288.8,286.6,288.7,282.3428728738573,282.82885634914817,291.17628016948595,280.334116165467,Up,524
2025-12-23 18:45:00,288.7,289.0,285.6,285.7,282.6480662489612,282.941450217809,291.1217898195409,280.334116165467,Up,577
2025-12-23 19:00:00,285.7,287.5,285.5,286.7,283.01642386269197,283.08884432691457,291.0777919108887,280.334116165467,Up,293
2025-12-23 19:15:00,286.7,288.2,286.1,287.7,283.44220351153814,283.2696739611532,291.04418204112864,280.334116165467,Up,264
2025-12-23 19:30:00,287.7,287.7,285.6,286.5,283.7201850104892,283.39635341365704,290.9989662994259,280.334116165467,Up,227
2025-12-23 19:45:00,286.3,287.9,284.8,287.8,284.0910772822629,283.5690454366509,290.96713578898385,280.334116165467,Up,351
2025-12-23 20:00:00,287.8,288.3,285.3,287.0,284.3555248020572,283.70359267442933,290.92766180103376,280.334116165467,Up,389
2025-12-23 20:15:00,287.0,287.9,286.6,286.9,284.58684072914286,283.8289419813145,290.8875855642076,280.334116165467,Up,146
2025-12-23 20:30:00,286.9,287.0,285.7,285.9,284.70621884467533,283.9101599428315,290.8379578471508,280.334116165467,Up,126
2025-12-23 20:45:00,286.0,286.0,284.0,284.4,284.67838076788667,283.9293693568381,290.7738985650896,280.334116165467,Up,286
2025-12-23 21:00:00,284.4,285.3,283.2,284.5,284.6621643344424,283.9517470291189,290.7114717136957,280.334116165467,Up,261
2025-12-23 21:15:00,284.5,285.9,284.2,285.8,284.76560394040223,284.0242275377809,290.6626013483853,280.334116165467,Up,216
2025-12-23 21:30:00,285.8,288.4,285.7,287.4,285.00509449127475,284.1566107715934,290.63013765337655,280.334116165467,Up,399
2025-12-23 21:45:00,287.4,287.7,285.6,287.5,285.231904082977,284.2877240746682,290.59899200508426,280.334116165467,Up,235
2025-12-23 22:00:00,287.3,288.5,287.1,288.5,285.52900371179726,284.4529113658577,290.5781065124964,280.334116165467,Up,224
2025-12-23 22:15:00,288.5,289.1,287.8,287.9,285.7445488289066,284.5880913122947,290.5514586865014,280.6678735849143,Up,273
2025-12-23 22:30:00,287.9,288.5,287.4,288.3,285.97686257173325,284.7336563588714,290.52905611250634,280.6678735849143,Up,131
2025-12-23 22:45:00,288.3,288.7,287.8,288.3,286.1880568833938,284.873512972249,290.5068764496953,281.1275814751357,Up,134
2025-12-23 23:00:00,288.3,288.9,288.0,288.5,286.398233530358,285.01572814980784,290.48690752979786,281.64780134103245,Up,106
2025-12-23 23:15:00,288.5,289.0,288.5,288.9,286.62566684578,285.1680525360899,290.47111740512327,282.3843648554841,Up,107
2025-12-23 23:30:00,288.9,290.1,288.6,288.6,286.8051516779818,285.30263871114516,290.4524993214902,283.01760441407646,Up,207
2025-12-23 23:45:00,288.8,292.0,288.6,291.9,287.26831970725624,285.5613587616885,290.4669023133162,283.3069131037059,Up,474
2025-12-24 00:00:00,291.9,294.0,291.9,293.5,287.8348360975057,285.872678025936,290.49708238980065,285.82901191245986,Up,243
2025-12-24 09:00:00,300.4,300.4,296.2,297.5,288.7134873613688,286.32865143668363,290.56676316204147,289.31728355678166,Up,111
2025-12-24 09:15:00,296.8,301.4,296.8,300.0,289.73953396488065,286.8647827528921,290.6606262151555,289.31728355678166,Up,772
2025-12-24 09:30:00,300.0,300.3,298.9,299.8,290.65412178625513,287.3720461743473,290.7515652577908,290.14651533618326,Up,484
2025-12-24 09:45:00,300.0,300.8,299.8,300.8,291.57647435114103,287.8986325988827,290.85154968308643,291.3422866692575,Up,209
2025-12-24 10:00:00,300.8,301.0,300.0,300.1,292.35134031921916,288.37711759500496,290.94357406434926,291.99298788114316,Up,221
2025-12-24 10:15:00,300.1,301.1,300.0,300.8,293.1194002901993,288.8642894540244,291.0416479542563,292.4163526192211,Up,179
2025-12-24 10:30:00,300.8,301.6,300.1,301.6,293.89036390018117,289.3637290832783,291.1467061835672,292.91032056292823,Up,162
2025-12-24 10:45:00,301.6,301.7,301.0,301.4,294.57305809107373,289.83573970746346,291.2487290076113,293.8775641481166,Up,133
2025-12-24 11:00:00,301.4,301.8,300.6,300.6,295.1209619009761,290.25786756207276,291.34177648017237,293.9705128619242,Up,92
2025-12-24 11:15:00,300.6,300.8,298.1,299.9,295.55541990997824,290.6359904027758,291.426932933106,293.9705128619242,Up,803
2025-12-24 11:30:00,299.9,299.9,297.4,298.5,295.8231090090711,290.9443829360003,291.49731170989105,293.9705128619242,Up,534
2025-12-24 11:45:00,298.5,299.0,295.2,295.3,295.7755536446101,291.115191448314,291.53514940432,293.9705128619242,Up,419
2025-12-24 12:00:00,295.3,297.4,295.0,295.9,295.7868669496455,291.30283099936054,291.57858075353073,293.9705128619242,Up,503
2025-12-24 12:15:00,295.9,297.9,295.8,296.8,295.8789699542232,291.5184062542876,291.63053517389363,293.9705128619242,Up,341
2025-12-24 12:30:00,296.8,297.7,295.8,297.6,296.03542723111195,291.7569001266685,291.68993283385487,293.9705128619242,Up,519
2025-12-24 12:45:00,297.6,297.6,295.6,295.8,296.0140247555563,291.9154530628776,291.7308290245628,293.9705128619242,Up,206
2025-12-24 13:00:00,295.8,296.5,295.5,296.4,296.0491134141421,292.0913176486471,291.77728843725373,293.9705128619242,Up,115
2025-12-24 13:15:00,296.4,297.2,296.4,297.2,296.15373946740186,292.2916581330138,291.8312457662363,293.9705128619242,Up,112
2025-12-24 13:30:00,297.2,297.5,297.0,297.5,296.2761267885472,292.49590683367995,291.88765128100016,293.9705128619242,Up,32
2025-12-24 13:45:00,297.5,297.5,296.5,296.8,296.32375162595196,292.66469480098664,291.9365303727315,293.9705128619242,Up,46
2025-12-24 14:00:00,296.8,297.0,295.6,296.4,296.33068329631993,292.8111773578107,291.98094300583864,293.9705128619242,Up,121
2025-12-24 14:15:00,296.4,297.3,296.4,297.1,296.40062117847265,292.9793664810338,292.0318788963278,293.9705128619242,Up,72
2025-12-24 14:30:00,297.1,298.3,297.1,298.2,296.5642010713388,293.18409720726777,292.0932532356678,293.9705128619242,Up,110
2025-12-24 14:45:00,298.2,298.2,297.2,297.7,296.6674555193989,293.36119143443375,292.14904176068603,293.9705128619242,Up,72
2025-12-24 15:00:00,297.7,298.0,296.9,297.6,296.75223229036266,293.5274192213187,292.203280151127,293.9705128619242,Up,101
2025-12-24 15:15:00,297.6,297.6,296.5,297.0,296.7747566276024,293.66359885969837,292.2510087068372,293.9705128619242,Up,117
2025-12-24 15:30:00,297.0,297.7,296.9,297.6,296.8497787523658,293.81796753186705,292.304232500799,293.9705128619242,Up,140
2025-12-24 15:45:00,297.6,298.5,296.9,297.2,296.88161704760523,293.95059625610753,292.35294660526864,293.9705128619242,Up,115
2025-12-24 16:00:00,297.2,298.1,297.2,297.7,296.95601549782293,294.0976316970445,292.40615111665903,293.9705128619242,Up,112
2025-12-24 16:15:00,297.7,297.8,296.4,297.4,296.9963777252936,294.22713633637613,292.45584115529925,293.9705128619242,Up,140
2025-12-24 16:30:00,297.4,298.3,297.0,298.0,297.0876161139032,294.3750917741653,292.511006914948,293.9705128619242,Up,108
2025-12-24 16:45:00,298.0,298.5,297.6,297.7,297.1432873762756,294.5054803320412,292.56263868693856,293.9705128619242,Up,64
2025-12-24 17:00:00,297.7,297.8,296.9,297.3,297.15753397843235,294.61506933862785,292.6097766104516,293.9705128619242,Up,98
2025-12-24 17:15:00,297.0,297.7,296.7,296.7,297.1159399803931,294.69683132534834,292.6504753506461,293.9705128619242,Up,56
2025-12-24 17:30:00,296.7,298.0,296.3,297.2,297.12358180035733,294.79499480278565,292.6957442526297,293.9705128619242,Up,191
2025-12-24 17:45:00,297.2,297.2,295.1,295.9,297.0123470912339,294.83832833993137,292.7276273943946,293.9705128619242,Up,194
2025-12-24 18:00:00,295.9,302.3,295.8,301.8,297.44758826475805,295.11133507169876,292.81789975862944,293.9705128619242,Up,916
2025-12-24 18:15:00,302.0,302.2,299.1,299.2,297.6068984225073,295.27167487280866,292.8814032436182,293.9705128619242,Up,687
2025-12-24 18:30:00,299.1,299.3,296.3,298.7,297.7062712931884,295.4061189954436,292.93929972875634,293.9705128619242,Up,697
2025-12-24 18:45:00,298.6,300.3,297.2,297.2,297.6602466301713,295.47646727013205,292.9816947563309,293.9705128619242,Up,392
2025-12-24 19:00:00,297.3,297.3,291.8,293.7,297.3002242092466,295.4068018869896,292.98884207218833,304.3289174849947,Down,822
2025-12-24 19:15:00,293.7,296.3,293.4,294.8,297.0729310993151,295.38300573455865,293.00686354410686,304.3289174849947,Down,599
2025-12-24 19:30:00,294.8,297.8,294.5,297.4,297.102664635741,295.46210354888973,293.05057634466306,304.3289174849947,Down,312
2025-12-24 19:45:00,297.4,298.0,295.0,296.0,297.0024223961282,295.48319752736467,293.07992384372113,304.3289174849947,Down,279
2025-12-24 20:00:00,296.0,296.7,294.8,295.2,296.838565814662,295.4720917419778,293.10101912885824,304.3289174849947,Down,231
2025-12-24 20:15:00,295.2,296.0,292.3,295.8,296.7441507406018,295.48495088935124,293.1278746599144,304.3289174849947,Down,499
2025-12-24 20:30:00,295.8,297.1,295.0,295.1,296.5946824914562,295.46985477604335,293.1474977976267,304.3289174849947,Down,248
2025-12-24 20:45:00,295.1,296.9,295.1,295.9,296.5315295376874,295.4867232161985,293.17488587924237,304.3289174849947,Down,190
2025-12-24 21:00:00,295.9,297.0,295.5,296.5,296.5286632160794,295.52645956066135,293.20797159188675,304.3289174849947,Down,197
2025-12-24 21:15:00,296.5,297.0,295.9,296.2,296.49878474189035,295.5528729112237,293.23774301883316,304.3289174849947,Down,128
2025-12-24 21:30:00,296.2,296.2,295.1,295.1,296.3716224926276,295.53511318921494,293.25627293904375,304.3289174849947,Down,150
2025-12-24 21:45:00,295.3,296.2,294.7,295.4,296.283293175116,295.5298146327751,293.27760355656574,303.98657670201015,Down,163
2025-12-24 22:00:00,295.4,297.9,295.3,296.9,296.33935743192364,295.5835473922741,293.3136473022716,303.98657670201015,Down,192
2025-12-24 22:15:00,296.9,297.2,294.8,295.5,296.2630522108397,295.58027102394965,293.3354020554828,303.98657670201015,Down,175
2025-12-24 22:30:00,295.5,296.2,295.1,295.1,296.15732019167245,295.5614368661477,293.3529602439855,303.98657670201015,Down,122
2025-12-24 22:45:00,295.1,295.3,294.2,294.2,295.9793819924295,295.50804718512234,293.36138850026424,302.7758293163105,Down,184
2025-12-24 23:00:00,294.2,295.7,294.2,295.7,295.95398362948134,295.51557474649013,293.3846582664308,302.7758293163105,Down,83
2025-12-24 23:15:00,295.7,296.0,293.4,293.9,295.767257844983,295.45221887407877,293.38978604487426,302.7742391043888,Down,195
2025-12-24 23:30:00,293.9,294.1,291.0,292.7,295.48841622271186,295.34428872215415,293.3829225021392,301.01749009489896,Down,351
2025-12-24 23:45:00,292.2,292.9,291.0,291.9,295.1621965661017,295.2092185761873,293.3681670543567,300.338627358999,Down,352
2025-12-25 00:00:00,291.9,293.0,291.6,292.2,294.8929059691834,295.09121000457213,293.35654350157705,300.338627358999,Down,141
2025-12-26 09:00:00,299.0,299.3,295.8,296.3,295.02082360834856,295.13861353380463,293.3858316259395,300.338627358999,Down,72
2025-12-26 09:15:00,296.3,296.7,295.6,296.2,295.12802146213505,295.180236532479,293.4138333013033,300.338627358999,Down,330
2025-12-26 09:30:00,296.2,296.6,295.6,296.4,295.2436558746682,295.2280703939504,293.4435464027829,300.338627358999,Down,165
2025-12-26 09:45:00,296.4,297.7,296.3,297.7,295.466959886062,295.32500880987396,293.4858991748945,300.338627358999,Down,153
2025-12-26 10:00:00,297.7,299.5,297.5,298.7,295.7608726236927,295.45736140556517,293.5377807751443,300.338627358999,Down,407
2025-12-26 10:15:00,299.0,300.4,298.6,300.4,296.1826114760843,295.6511903700528,293.60606156345136,291.02198373021974,Up,283
2025-12-26 10:30:00,300.4,300.8,299.4,300.3,296.55691952371296,295.8334966300507,293.67266791605385,291.8836215729271,Up,239
2025-12-26 10:45:00,300.3,301.0,299.1,299.3,296.8062904761027,295.9694379386762,293.728661270123,291.8896559753882,Up,271
2025-12-26 11:00:00,299.3,300.4,299.3,300.0,297.09662770554786,296.12749919598303,293.7910626505198,292.0315054321712,Up,255
2025-12-26 11:15:00,300.0,300.9,299.6,299.7,297.3332979141344,296.2675972667288,293.84985804703206,292.66955039288285,Up,147
2025-12-26 11:30:00,299.7,300.7,299.5,299.9,297.56663446739486,296.4100444327394,293.91005846447456,292.77231853898445,Up,205
2025-12-26 11:45:00,299.9,300.8,298.7,300.3,297.81512224308625,296.5625917098869,293.97363997229075,292.77231853898445,Up,355
2025-12-26 12:00:00,300.3,301.0,299.2,299.5,297.9682929482602,296.6777841918521,294.02862862928293,292.77231853898445,Up,257
2025-12-26 12:15:00,299.5,299.8,299.0,299.4,298.09844813478196,296.78453775295594,294.0820751105836,292.77231853898445,Up,146
2025-12-26 12:30:00,299.4,300.5,299.4,300.0,298.2713164861654,296.91063431166356,294.140959935354,293.165954196424,Up,112
2025-12-26 12:45:00,300.2,301.9,300.2,301.8,298.592105896514,297.1023741425787,294.21716928923104,294.1917765422036,Up,218
2025-12-26 13:00:00,301.8,301.9,300.7,301.2,298.8291871786491,297.26306535267366,294.2866501918258,294.62888776563966,Up,144
2025-12-26 13:15:00,301.2,302.0,300.8,301.8,299.09926107149914,297.44098435845115,294.3614098914096,294.89898887785426,Up,91
2025-12-26 13:30:00,301.8,302.7,301.4,302.4,299.3993282468174,297.6354555600805,294.4413958626394,295.6672626162311,Up,225
2025-12-26 13:45:00,302.4,302.5,300.9,300.9,299.53575295165217,297.7634769106656,294.5056605804241,295.6672626162311,Up,147
2025-12-26 14:00:00,301.0,302.0,300.8,301.8,299.74159359241105,297.9217719337767,294.5782410721612,295.6672626162311,Up,41
2025-12-26 14:15:00,301.6,302.2,301.5,302.2,299.96508508401007,298.08954558343254,294.6540794694531,295.92247379130816,Up,35
2025-12-26 14:30:00,302.2,302.3,302.0,302.1,300.15916825819096,298.2468183056509,294.7281682309511,296.6522489011892,Up,35
2025-12-26 14:45:00,302.1,302.2,301.2,301.9,300.3174256892645,298.39008033288025,294.7995297410909,296.6522489011892,Up,153
2025-12-26 15:00:00,301.9,302.2,301.7,301.7,300.4431142629677,298.5198811041398,294.86819113670197,296.89400735635473,Up,36
2025-12-26 15:15:00,301.7,302.0,301.4,301.7,300.5573766026979,298.6445916490755,294.93616933434674,296.89400735635473,Up,52
2025-12-26 15:30:00,301.7,302.0,301.3,301.8,300.670342366089,298.7683331530333,295.00446615689054,297.0186011209543,Up,78
2025-12-26 15:45:00,301.8,302.6,301.7,302.5,300.8366748782627,298.91467302938497,295.0790485831902,297.612364655413,Up,188
2025-12-26 16:00:00,302.5,303.0,302.2,303.0,301.0333407984207,299.0748819301934,295.15786402017335,298.1839678685573,Up,172
2025-12-26 16:15:00,303.1,303.6,302.9,303.1,301.22121890765516,299.2327296976368,295.23689024882833,298.9808798805066,Up,306
2025-12-26 16:30:00,303.1,303.5,301.7,302.9,301.3738353705956,299.37654421929807,295.3131400970987,298.9808798805066,Up,378
2025-12-26 16:45:00,302.9,304.3,302.9,303.8,301.59439579145055,299.55001307344327,295.3975864642918,298.9808798805066,Up,255
2025-12-26 17:00:00,303.8,303.8,302.7,303.2,301.7403598104096,299.6931498156612,295.475222419871,298.9808798805066,Up,146
2025-12-26 17:15:00,303.3,303.3,300.9,301.0,301.6730543730996,299.744398842498,295.53019533111603,298.9808798805066,Up,231
2025-12-26 17:30:00,301.0,301.8,300.8,301.0,301.61186761190874,299.79363810357654,295.5846212482194,298.9808798805066,Up,235
2025-12-26 17:45:00,301.3,302.1,300.0,300.5,301.5107887380988,299.82133857010297,295.63353048953064,298.9808798805066,Up,241
2025-12-26 18:00:00,300.5,300.9,299.4,300.8,301.44617158008987,299.8597174497068,295.68493814635127,298.9808798805066,Up,284
2025-12-26 18:15:00,300.8,301.5,299.4,301.5,301.451065072809,299.9240422556007,295.7427994583279,298.9808798805066,Up,278
2025-12-26 18:30:00,301.5,301.6,300.3,300.8,301.3918773389173,299.9583935396948,295.7931198617277,298.9808798805066,Up,289
2025-12-26 18:45:00,300.8,301.9,300.3,301.1,301.36534303537934,300.0031624204911,295.84592463922297,298.9808798805066,Up,272
2025-12-26 19:00:00,301.1,301.1,297.8,298.1,301.0684936685267,299.9285286000797,295.86835324977795,305.49540653412106,Down,615
2025-12-26 19:15:00,298.1,299.4,297.5,299.0,300.8804487895697,299.89211571380207,295.8995139139593,304.9084774600102,Down,233
2025-12-26 19:30:00,299.0,301.2,299.0,301.1,300.9004079905179,299.9394837250255,295.9512600441687,304.9084774600102,Down,265
2025-12-26 19:45:00,301.3,302.5,301.0,301.4,300.9458254459253,299.99675887306375,296.0054763621372,304.9084774600102,Down,386
2025-12-26 20:00:00,301.4,301.6,299.3,299.4,300.8052958599321,299.9733565643162,296.0392527167428,304.9084774600102,Down,213
2025-12-26 20:15:00,299.4,301.0,299.2,300.1,300.7411780544837,299.9783229735587,296.07965816234736,304.9084774600102,Down,280
2025-12-26 20:30:00,300.1,302.0,300.0,301.6,300.8192527768034,300.0419181510662,296.1345869368514,304.9084774600102,Down,226
2025-12-26 20:45:00,301.6,301.7,299.1,299.4,300.690229797094,300.0167448902401,296.1670786091216,304.9084774600102,Down,284
2025-12-26 21:00:00,299.4,301.3,299.2,300.9,300.70929981554,300.0513823455248,296.2141723543044,304.9084774600102,Down,205
2025-12-26 21:15:00,300.9,301.3,300.0,300.0,300.6448180141273,300.04936735158265,296.2518422811273,304.9084774600102,Down,121
2025-12-26 21:30:00,300.0,300.4,299.2,299.5,300.5407436492066,300.0278235338735,296.28416225842955,304.9084774600102,Down,149
2025-12-26 21:45:00,299.6,300.5,298.6,299.7,300.4643124083696,300.01496770901576,296.31815069366905,304.9084774600102,Down,295
2025-12-26 22:00:00,299.7,301.0,299.2,300.6,300.47664764397234,300.0379101517995,296.3607561594037,304.9084774600102,Down,203
2025-12-26 22:15:00,300.6,301.3,300.4,301.0,300.52422513088396,300.07563916545445,296.4069177896584,304.9084774600102,Down,207
2025-12-26 22:30:00,301.0,301.1,299.7,299.8,300.4583864826218,300.064829786417,296.4406798017016,304.9084774600102,Down,135
2025-12-26 22:45:00,299.8,301.6,299.8,301.5,300.55307862056526,300.1211109712634,296.49102129621207,304.9084774600102,Down,123
2025-12-26 23:00:00,301.3,301.5,300.9,301.0,300.5937078368775,300.1555772076845,296.53588675595125,304.9084774600102,Down,94
2025-12-26 23:15:00,301.0,301.9,300.9,301.7,300.6942798517068,300.2161428073831,296.58727096733486,304.9084774600102,Down,128
2025-12-26 23:30:00,301.7,302.4,301.4,301.9,300.8038907742789,300.28217642277986,296.6401339427843,304.9084774600102,Down,197
2025-12-26 23:45:00,301.9,302.0,300.6,301.0,300.8217188857081,300.3103263669846,296.6835156945974,304.9084774600102,Down,173
2025-12-27 00:00:00,301.0,301.7,300.2,300.8,300.8197444415528,300.32952925455385,296.7244757374373,304.9084774600102,Down,158
2025-12-29 09:00:00,302.3,304.0,302.0,303.5,301.06340403777523,300.45386144064975,296.7918938893036,304.9084774600102,Down,81
2025-12-29 09:15:00,305.0,305.0,303.9,304.1,301.33945821615924,300.59684726650664,296.8646113630419,304.9084774600102,Down,766
2025-12-29 09:30:00,304.1,304.9,304.0,304.8,301.6540529237811,300.76167678546716,296.9435704539569,304.9084774600102,Down,186
2025-12-29 09:45:00,304.8,304.9,303.7,304.0,301.867320839801,300.88866985270374,297.0137836832708,304.9084774600102,Down,136
2025-12-29 10:00:00,304.0,304.1,303.3,303.4,302.00665530890996,300.9871533878918,297.07732812423325,304.9084774600102,Down,107
2025-12-29 10:15:00,303.4,303.8,302.5,302.9,302.0878684626454,301.0621669805235,297.13526515782297,304.9084774600102,Down,195
2025-12-29 10:30:00,302.9,303.1,300.8,301.5,302.03442587513223,301.0793369028559,297.17869535525756,304.9084774600102,Down,405
2025-12-29 10:45:00,301.5,303.3,301.5,302.5,302.07675079557475,301.1350491811753,297.2316436601804,304.9084774600102,Down,261
2025-12-29 11:00:00,302.5,303.0,302.3,302.6,302.1243189050679,301.1924982328939,297.28506014117363,304.9084774600102,Down,104
2025-12-29 11:15:00,302.6,303.2,300.8,302.0,302.11301718642534,301.2241649688589,297.3319749656396,304.9084774600102,Down,232
2025-12-29 11:30:00,302.0,302.0,300.0,300.9,302.0027428967503,301.21145261713895,297.3674777022999,304.9084774600102,Down,189
2025-12-29 11:45:00,300.9,301.3,299.8,300.9,301.9024935425003,301.19923878901585,297.40262717789886,304.9084774600102,Down,283
2025-12-29 12:00:00,300.9,300.9,299.3,299.7,301.7022668568184,301.14044511101525,297.42548660896455,304.9084774600102,Down,143
2025-12-29 12:15:00,299.7,300.0,299.4,299.8,301.52933350619855,301.08787863607347,297.44911360788035,304.9084774600102,Down,101
2025-12-29 12:30:00,299.8,300.2,299.2,299.3,301.3266668238168,301.0177657483843,297.46753038790143,304.9084774600102,Down,146
2025-12-29 12:45:00,299.3,299.8,298.4,298.5,301.06969711256073,300.91902983668297,297.4778037173751,304.88452251788664,Down,277
2025-12-29 13:00:00,298.9,299.0,298.0,298.6,300.845179193237,300.82808749014634,297.4889698495405,304.12229319807875,Down,210
2025-12-29 13:15:00,298.6,299.0,298.4,298.7,300.6501629029427,300.74463307876806,297.5010199007889,304.0293574527989,Down,97
2025-12-29 13:30:00,298.7,300.0,298.4,300.0,300.59105718449337,300.71543178156145,297.5258853744129,304.0293574527989,Down,116
2025-12-29 13:45:00,300.0,301.3,300.0,300.5,300.5827792586303,300.70698347640223,297.555478554767,304.0293574527989,Down,183
2025-12-29 14:00:00,300.5,301.5,300.5,301.0,300.6207084169366,300.7184743204649,297.5897523999932,304.0293574527989,Down,120
2025-12-29 14:15:00,301.0,301.5,300.4,300.7,300.62791674266964,300.71774983730944,297.6207001373067,304.0293574527989,Down,141
2025-12-29 14:30:00,300.7,301.4,300.3,300.8,300.6435606751542,300.7209753338856,297.65233496181116,304.0293574527989,Down,98
2025-12-29 14:45:00,300.8,300.9,300.3,300.3,300.61232788650386,300.7044664972626,297.67867988756433,304.0293574527989,Down,37
2025-12-29 15:00:00,300.3,300.7,300.0,300.7,300.62029807863985,300.70429134050727,297.70874277425526,304.0293574527989,Down,46
2025-12-29 15:15:00,300.7,300.9,300.2,300.8,300.63663461694534,300.7080446212717,297.73950155262094,304.0293574527989,Down,69
2025-12-29 15:30:00,300.7,300.8,300.0,300.3,300.6060314699503,300.6920428714179,297.76497914911226,304.0293574527989,Down,62
2025-12-29 15:45:00,300.3,300.6,299.0,299.2,300.47821042722757,300.6335313862643,297.77925796354896,304.0293574527989,Down,157
2025-12-29 16:00:00,299.2,299.8,299.0,299.6,300.3983731156614,300.5930007436657,297.7973747997326,303.8542286763999,Down,100
2025-12-29 16:15:00,299.6,300.1,299.6,299.6,300.3257937415104,300.55405953803177,297.8153113688895,303.8542286763999,Down,61
2025-12-29 16:30:00,299.6,301.0,299.6,300.9,300.377994310464,300.567625830658,297.84600478810455,303.8542286763999,Down,158
2025-12-29 16:45:00,300.9,301.0,300.4,300.9,300.4254493731491,300.5806601118087,297.8763928001632,303.8542286763999,Down,70
2025-12-29 17:00:00,300.9,301.7,300.5,301.6,300.53222670286283,300.6206342250711,297.91344361807205,303.8542286763999,Down,205
2025-12-29 17:15:00,301.8,301.9,299.9,300.9,300.5656606389662,300.6315897456566,297.9431605969967,303.8542286763999,Down,388
2025-12-29 17:30:00,300.9,301.5,300.6,301.1,300.61423694451474,300.6499587752387,297.97457193434,303.8542286763999,Down,265
2025-12-29 17:45:00,301.1,301.2,299.2,299.6,300.5220335859225,300.6087839213078,297.99074534792874,303.8542286763999,Down,284
2025-12-29 18:00:00,299.6,301.6,299.4,301.5,300.6109396235659,300.6437335714526,298.0256633046658,303.8542286763999,Down,247
2025-12-29 18:15:00,301.5,303.9,301.5,303.4,300.8644905668781,300.7518224510034,298.07913929168404,303.8542286763999,Down,596
2025-12-29 18:30:00,303.4,304.0,301.5,302.8,301.04044596988916,300.8321431391994,298.12611303007526,303.8542286763999,Down,411
2025-12-29 18:45:00,302.5,304.6,301.1,304.3,301.3367690635356,300.9681375258975,298.1875447412188,298.2472510345631,Up,552
2025-12-29 19:00:00,304.6,304.6,303.1,303.5,301.533426421396,301.0674262503721,298.24040499254994,298.2472510345631,Up,266
2025-12-29 19:15:00,303.5,304.3,303.1,304.0,301.7576603830872,301.18242914251437,298.29771439560915,298.2472510345631,Up,342
2025-12-29 19:30:00,304.0,304.6,303.2,303.9,301.9524185300793,301.2890005486903,298.35345853097624,298.2472510345631,Up,487
2025-12-29 19:45:00,304.0,304.9,302.5,303.5,302.0931077546175,301.37570640952595,298.4046678988272,298.2472510345631,Up,619
2025-12-29 20:00:00,303.6,304.5,303.2,304.0,302.2664615951068,301.4786198836622,298.46034284510756,298.2472510345631,Up,220
2025-12-29 20:15:00,303.9,304.2,303.1,303.6,302.387692359188,301.56181126077354,298.51148371232046,298.2472510345631,Up,301
2025-12-29 20:30:00,303.6,306.3,303.6,305.7,302.68881123562545,301.7240931721158,298.583011237571,298.2472510345631,Up,551
2025-12-29 20:45:00,305.7,306.5,305.4,305.9,302.98073748693224,301.88785422418965,298.65581709590367,299.4054194906358,Up,350
2025-12-29 21:00:00,306.0,306.2,305.3,305.7,303.2279431699384,302.03735013696655,298.72590846808373,299.47310862785076,Up,212
2025-12-29 21:15:00,305.7,306.3,304.4,306.3,303.50722106358035,302.20451287669334,298.8012725629287,299.47310862785076,Up,363
2025-12-29 21:30:00,306.3,307.9,306.0,307.0,303.8247464214367,302.3925711952544,298.882851940412,300.44347820483534,Up,478
2025-12-29 21:45:00,307.0,307.6,306.6,307.0,304.11340583766975,302.57325467779344,298.963619582796,300.8213438225776,Up,328
2025-12-29 22:00:00,307.3,308.4,306.8,308.2,304.48491439788154,302.7939113570956,299.0555238655543,301.31031256597964,Up,444
2025-12-29 22:15:00,308.2,308.5,307.3,308.0,304.80446763443774,302.99807169603304,299.1445236280861,301.7457386963451,Up,257
2025-12-29 22:30:00,307.9,308.2,306.2,307.4,305.0404251222161,303.17069633540433,299.2266676715878,301.7457386963451,Up,303
2025-12-29 22:45:00,307.4,308.5,307.0,308.3,305.3367501111055,303.37184549872177,299.31694958530335,301.7457386963451,Up,312
2025-12-29 23:00:00,308.3,308.9,306.6,306.6,305.4515910100959,303.49843979288954,299.38941774863366,301.7457386963451,Up,337
2025-12-29 23:15:00,306.6,307.3,305.9,306.0,305.5014463728144,303.5965401931684,299.4551946864582,301.7457386963451,Up,380
2025-12-29 23:30:00,306.0,306.4,304.6,306.0,305.5467694298313,303.6907935189265,299.5203171273889,301.7457386963451,Up,411
2025-12-29 23:45:00,306.0,307.3,304.1,304.1,305.41524493621023,303.7068408319098,299.565886111196,301.7457386963451,Up,425
2025-12-30 00:00:00,304.1,308.5,302.7,305.4,305.41385903291837,303.7732392306585,299.6239369956617,301.7457386963451,Up,644
2025-12-31 09:00:00,302.9,303.9,302.0,302.0,305.10350821174393,303.7037004372993,299.64757941361535,301.7457386963451,Up,99
2025-12-31 09:15:00,302.9,303.1,302.2,302.4,304.85773473794904,303.65257492995426,299.67496668313163,301.7457386963451,Up,339
2025-12-31 09:30:00,302.4,302.7,302.0,302.0,304.5979406708627,303.58776806995604,299.698101343001,301.7457386963451,Up,381
2025-12-31 09:45:00,301.8,302.0,301.2,301.9,304.3526733371479,303.5215810868205,299.7200107823741,301.7457386963451,Up,321
2025-12-31 10:00:00,301.9,302.2,301.6,301.9,304.1297030337708,303.45798967165103,299.7417022173754,301.7457386963451,Up,156
2025-12-31 10:15:00,301.9,301.9,299.4,300.0,303.7542754852461,303.32238223354705,299.74427234456573,308.06693792081035,Down,428
2025-12-31 10:30:00,300.2,300.7,299.6,300.5,303.45843225931463,303.21170057732957,299.75179202272926,307.2926708371003,Down,259
2025-12-31 10:45:00,300.5,300.6,299.4,299.6,303.107665690286,303.07006526057154,299.75028165434395,306.9297007610003,Down,272
2025-12-31 11:00:00,299.6,299.7,298.4,298.4,302.6796960820782,302.88692544643146,299.7368460159923,305.82245523727295,Down,315
2025-12-31 11:15:00,298.4,298.9,298.1,298.8,302.3269964382529,302.7266538602969,299.7275241650869,304.94768657933906,Down,365
2025-12-31 11:30:00,298.8,299.5,298.4,298.7,301.9972694893208,302.56874586577544,299.7173000440413,304.94768657933906,Down,260
2025-12-31 11:45:00,298.7,299.0,297.8,298.2,301.6520631721098,302.39742249849013,299.70220253116526,304.52866659449506,Down,406
2025-12-31 12:00:00,298.2,298.7,297.8,298.4,301.35642106555434,302.2406608318827,299.6892452920492,304.14878781317736,Down,225
2025-12-31 12:15:00,298.4,298.6,297.9,298.1,301.0603827868676,302.0782819757304,299.6734319060586,303.86707983016123,Down,125
2025-12-31 12:30:00,298.1,298.1,297.2,297.4,300.7276207153342,301.89481993746654,299.650810693063,303.0837089365102,Down,191
2025-12-31 12:45:00,297.3,298.4,297.2,297.5,300.4342006503038,301.72247405756593,299.62940959163956,303.0837089365102,Down,147
2025-12-31 13:00:00,297.5,297.5,296.7,297.0,300.12200059118527,301.53727899648493,299.6032463121208,302.2782718483556,Down,204
2025-12-31 13:15:00,297.0,297.7,297.0,297.5,299.8836369010775,301.3789543299561,299.58231848811965,302.2782718483556,Down,89
2025-12-31 13:30:00,297.5,297.5,297.0,297.0,299.62148809188864,301.2072306307421,299.5566237767951,301.94278665153354,Down,89
2025-12-31 13:45:00,297.0,297.3,296.1,296.5,299.3377164471715,301.0226333511052,299.52620960986184,301.402533319576,Down,178
2025-12-31 14:00:00,296.5,296.5,295.1,295.5,298.98883313379224,300.8060594941991,299.486147822699,300.58412119961446,Down,436
2025-12-31 14:15:00,295.5,295.5,295.0,295.1,298.63530284890203,300.5822924552109,299.44250456078163,299.7810192723768,Down,203
2025-12-31 14:30:00,295.1,295.4,294.3,294.7,298.2775480444564,300.35161431971244,299.39531546067434,299.3691084294335,Down,308
2025-12-31 14:45:00,294.5,295.1,294.4,294.8,297.9614073131422,300.1339039542335,299.34959092872737,299.1128258449395,Down,182
2025-12-31 15:00:00,294.8,295.5,294.8,295.0,297.6921884664929,299.93257438740085,299.3063114169987,299.1128258449395,Down,288
2025-12-31 15:15:00,295.0,295.4,294.7,294.9,297.43835315135715,299.7352185290714,299.26246752230225,299.1128258449395,Down,186
2025-12-31 15:30:00,294.9,296.5,294.7,296.4,297.34395741032466,299.60442564557843,299.2339852583987,299.1128258449395,Down,280
2025-12-31 15:45:00,296.4,296.4,295.6,295.7,297.19450673665875,299.4513109143793,299.19882122597687,299.1128258449395,Down,183
2025-12-31 16:00:00,295.7,296.1,295.5,295.6,297.04955157878067,299.30027911381546,299.16301205954926,299.1128258449395,Down,113
2025-12-31 16:15:00,295.8,296.2,295.5,296.2,296.9723196170733,299.17869954072466,299.1335293524891,299.1128258449395,Down,84
2025-12-31 16:30:00,296.2,296.4,295.8,296.1,296.893017833703,299.05796622540214,299.1033449808226,299.1128258449395,Down,126
2025-12-31 16:45:00,296.1,296.6,296.0,296.4,296.8481980306391,298.95373225577856,299.07644602578955,299.1128258449395,Down,179
2025-12-31 17:00:00,296.4,296.4,295.1,295.3,296.70745275512644,298.81044863790487,299.03886944841855,299.1128258449395,Down,277
2025-12-31 17:15:00,295.4,295.5,294.2,294.8,296.53404795920585,298.65317614230077,298.99669164296165,298.814903427252,Down,303
2025-12-31 17:30:00,294.8,295.5,294.5,295.2,296.4127708720053,298.51775747005365,298.95891361666355,298.814903427252,Down,199
2025-12-31 17:45:00,295.2,295.4,293.2,293.7,296.1661553381866,298.32882580456135,298.90658611799034,298.70735820434044,Down,774
2025-12-31 18:00:00,293.7,293.8,292.8,293.3,295.90559576198785,298.13161694948053,298.85079919144323,297.6703256403095,Down,417
2025-12-31 18:15:00,293.3,293.8,292.5,293.0,295.6414506927162,297.9303770691088,298.7925822840657,297.5957505820995,Down,281
2025-12-31 18:30:00,293.0,294.0,292.7,293.8,295.4740460842874,297.76840149777115,298.7429048484033,297.5957505820995,Down,522
2025-12-31 18:45:00,293.8,295.1,293.5,294.7,295.4036782584431,297.64807202727036,298.70267693946397,297.5957505820995,Down,411
2025-12-31 19:00:00,294.6,295.1,293.9,294.2,295.294252962221,297.51285351639706,298.6578741838474,297.5957505820995,Down,319
2025-12-31 19:15:00,294.4,294.5,292.3,292.9,295.07659360201905,297.33195730006776,298.6005819034111,297.5957505820995,Down,444
2025-12-31 19:30:00,292.9,292.9,290.1,290.1,294.6241760018355,297.04835113143764,298.5159989988996,297.12655468274,Down,993
2025-12-31 19:45:00,290.1,292.1,289.5,291.8,294.3674327289413,296.8425334400087,298.449173138214,296.8605042570364,Down,417
2025-12-31 20:00:00,291.8,292.4,290.3,292.0,294.15221157176484,296.6526301678515,298.38500226121687,296.8605042570364,Down,365
2025-12-31 20:15:00,292.0,292.6,291.3,291.8,293.9383741561498,296.46233094558283,298.3194798506575,296.8605042570364,Down,330
2025-12-31 20:30:00,291.8,291.8,289.1,289.5,293.5348855964998,296.1892983594816,298.23172383224306,296.8605042570364,Down,601
2025-12-31 20:45:00,289.5,289.6,287.6,287.8,293.0135323604544,295.86030626695293,298.1279255851561,295.3236556635724,Down,751
2025-12-31 21:00:00,287.8,288.6,286.9,288.5,292.60321123677676,295.5716668055038,298.03212533057746,294.4805960577931,Down,436
2025-12-31 21:15:00,288.5,289.4,288.2,289.4,292.3120102152516,295.3296406562684,297.94623353624337,294.4805960577931,Down,392
2025-12-31 21:30:00,289.7,289.7,288.3,289.0,292.0109183775014,295.0814194540618,297.85721628712656,294.4805960577931,Down,327
2025-12-31 21:45:00,289.0,289.0,287.8,288.5,291.69174397954674,294.8233245735104,297.76410965740394,294.4805960577931,Down,218
2025-12-31 22:00:00,288.5,288.7,286.6,287.0,291.2652217995879,294.51652753141195,297.65700408867355,294.15600099569224,Down,298
2025-12-31 22:15:00,287.0,287.9,287.0,287.4,290.91383799962534,294.2374480203762,297.55494434649773,293.69181908699295,Down,188
2025-12-31 22:30:00,287.4,288.7,287.0,288.5,290.6943981814776,294.0124500587928,297.4648453977764,293.69181908699295,Down,225
2025-12-31 22:45:00,288.7,289.5,286.0,288.0,290.44945289225234,293.7766677035461,297.37066783162936,293.69181908699295,Down,993
2025-12-31 23:00:00,288.0,288.8,287.8,288.2,290.2449571747748,293.55797485242664,297.279417405444,293.69181908699295,Down,170
2025-12-31 23:15:00,288.2,289.6,287.7,288.4,290.0772337952498,293.35570132880207,297.1910649934496,293.69181908699295,Down,518
2025-12-31 23:30:00,288.4,290.9,288.4,290.8,290.14293981386345,293.2554777472804,297.1274723069476,293.69181908699295,Down,458
2025-12-31 23:45:00,290.8,291.0,288.4,288.6,290.00267255805767,293.0729099924851,297.0426218362317,293.69181908699295,Down,353
2026-01-01 00:00:00,288.6,288.6,286.5,286.8,289.71152050732513,292.8269135221916,296.9407052010454,293.69181908699295,Down,511
2026-01-01 09:00:00,284.1,287.8,283.6,286.1,289.38320046120464,292.56311299190963,296.83283748760215,293.69181908699295,Down,38
2026-01-01 09:15:00,286.1,287.1,271.4,272.0,287.80290951018605,291.7567164039916,296.58574457727775,292.5327811665789,Down,1228
2026-01-01 09:30:00,272.0,283.6,272.0,282.3,287.30264500926006,291.38586478030567,296.44359786506607,292.5327811665789,Down,2060
2026-01-01 09:45:00,282.0,282.4,278.7,280.0,286.6387681902364,290.93936027911724,296.2799799758614,292.5327811665789,Down,555
2026-01-01 10:00:00,280.0,282.0,279.0,280.6,286.0897892638513,290.53389517013227,296.1239602746091,292.5327811665789,Down,375
2026-01-01 10:15:00,280.6,285.4,275.6,281.2,285.6452629671375,290.16786006542117,295.9754631574488,292.5327811665789,Down,1749
2026-01-01 10:30:00,281.2,281.9,280.5,281.9,285.30478451557957,289.84363025893407,295.83540879767327,292.5327811665789,Down,156
2026-01-01 10:45:00,281.9,282.4,281.4,281.4,284.9498041050723,289.5125075036818,295.69177288923873,292.5327811665789,Down,86
2026-01-01 11:00:00,281.4,282.0,280.6,281.5,284.6361855500657,289.19829152314526,295.5505612186991,292.5327811665789,Down,273
2026-01-01 11:15:00,281.5,281.7,280.9,281.4,284.3419868636961,288.89247616929646,295.40975961453296,292.5327811665789,Down,50
2026-01-01 11:30:00,281.4,282.1,281.3,282.0,284.1290789669964,288.62218298618683,295.27632917060726,292.5327811665789,Down,84
2026-01-01 11:45:00,282.1,282.2,281.6,282.1,283.944617242724,288.3664111043756,295.1452214176659,292.5327811665789,Down,96
2026-01-01 12:00:00,282.1,282.8,281.1,282.3,283.79510658429456,288.12851262969417,295.01740826923145,292.5327811665789,Down,467
2026-01-01 12:15:00,282.3,282.3,280.6,280.8,283.5228241675405,287.8411199775493,294.8759415202839,292.36494875292703,Down,266
2026-01-01 12:30:00,280.8,281.0,279.2,280.7,283.2662037886731,287.56107605686105,294.73488737580345,290.6772261390246,Down,177
2026-01-01 12:45:00,280.7,281.7,280.3,280.8,283.0420034442483,287.2959358193371,294.5962317800243,290.6772261390246,Down,136
2026-01-01 13:00:00,280.8,281.3,280.8,281.0,282.85636676749846,287.0490363754415,294.4609458916659,290.43613730497896,Down,31
2026-01-01 13:15:00,281.0,281.1,280.8,280.8,282.66942433408946,286.8039761254242,294.3250160817986,289.5919430045264,Down,48
2026-01-01 13:30:00,280.8,281.0,280.5,280.9,282.508567576445,286.57244764991736,294.1914338322285,288.78813000411486,Down,61
2026-01-01 13:45:00,280.9,281.1,280.8,281.0,282.37142506949544,286.35392029109704,294.0601757841466,288.36648182192266,Down,27
2026-01-01 14:00:00,281.0,281.0,280.6,280.9,282.23765915408677,286.14004106399517,293.9292287614188,287.68771074720235,Down,39
2026-01-01 14:15:00,280.9,282.8,280.9,282.7,282.27969014007886,286.00513749285807,293.8174951419022,287.68771074720235,Down,169
2026-01-01 14:30:00,282.7,283.0,281.2,282.3,282.2815364909808,285.8598379833342,293.7028932001918,287.68771074720235,Down,169
2026-01-01 14:45:00,282.5,283.0,282.4,282.9,282.3377604463461,285.7437659055564,293.595401725563,287.68771074720235,Down,98
2026-01-01 15:00:00,282.5,283.6,282.5,282.8,282.379782223951,285.6283241053385,293.48798479297034,287.68771074720235,Down,113
2026-01-01 15:15:00,282.8,283.5,282.2,282.6,282.3998020217736,285.50956629728597,293.37964663582636,287.68771074720235,Down,98
2026-01-01 15:30:00,282.4,283.2,282.4,282.4,282.3998200197942,285.3876225209218,293.2703964205445,287.68771074720235,Down,113
2026-01-01 15:45:00,282.7,283.0,282.3,282.9,282.44529092708564,285.2900686965719,293.1672083964595,287.68771074720235,Down,33
2026-01-01 16:00:00,282.9,283.4,282.7,283.0,282.4957190246233,285.20026208102007,293.0660421437584,287.68771074720235,Down,105
2026-01-01 16:15:00,283.0,283.2,282.5,283.1,282.5506536587485,285.11789886215655,292.9668775453131,287.68771074720235,Down,38
2026-01-01 16:30:00,283.1,283.7,283.0,283.5,282.6369578715895,285.05445184795434,292.8726797587926,287.68771074720235,Down,120
2026-01-01 16:45:00,283.5,283.8,283.4,283.6,282.72450715599047,284.9974145205836,292.78041428855585,287.68771074720235,Down,98
2026-01-01 17:00:00,283.6,284.1,283.4,283.8,282.8222792327186,284.9504570884039,292.6910569324508,287.68771074720235,Down,208
2026-01-01 17:45:00,283.8,283.8,283.8,283.8,282.9111629388351,284.90534112415276,292.60258870426725,287.68771074720235,Down,0
2026-01-01 19:15:00,283.8,283.8,283.8,283.8,282.9919663080319,284.86199441340165,292.5150007569611,287.5279346177004,Down,0
2026-01-02 09:00:00,283.8,283.8,279.4,280.6,282.77451482548355,284.69485737758197,292.39644353549886,286.58903147063677,Down,96
2026-01-02 09:15:00,280.6,281.4,279.8,280.5,282.56774075043955,284.5303531666964,292.27807096300637,285.7173013369425,Down,543
2026-01-02 09:30:00,280.5,281.7,280.4,281.7,282.48885522767233,284.41935892486515,292.1728165255635,285.7173013369425,Down,301
2026-01-02 09:45:00,281.7,281.8,280.7,281.3,282.3807774797021,284.29703112389006,292.06462929645346,285.7173013369425,Down,229
2026-01-02 10:00:00,281.3,281.4,281.0,281.2,282.27343407245644,284.1755789229532,291.95652353230963,285.7173013369425,Down,59
2026-01-02 10:15:00,281.2,281.3,280.6,280.8,282.1394855204149,284.0432032789158,291.84551334790854,285.5177080369801,Down,162
2026-01-02 10:30:00,280.8,280.8,280.1,280.3,281.97225956401354,283.8964109934682,291.7306326180786,284.8570073063455,Down,149
2026-01-02 10:45:00,280.3,280.4,279.5,279.9,281.7838723309214,283.73968899372437,291.61291488058527,284.28364300576857,Down,431
2026-01-02 11:00:00,279.9,280.2,279.3,279.4,281.56715666447394,283.5695051116175,291.49139333948494,284.0169481870624,Down,213
2026-01-02 11:15:00,279.4,280.2,279.4,280.0,281.4246878767945,283.4295245190051,291.3770511172015,283.9699528973294,Down,199
2026-01-02 11:30:00,280.0,280.8,279.8,280.3,281.3224435243586,283.30679806727943,291.2668317031,283.9699528973294,Down,214
2026-01-02 11:45:00,280.2,282.0,280.1,281.0,281.29313047668967,283.2163353979743,291.164674173716,283.9699528973294,Down,250
2026-01-02 12:00:00,281.0,281.5,280.2,281.0,281.26648225153605,283.12942028432826,291.06353313716164,283.9699528973294,Down,214
2026-01-02 12:15:00,281.0,281.1,279.8,280.2,281.1695293195782,283.0145410574919,290.9554382800755,283.9699528973294,Down,174
2026-01-02 12:30:00,280.2,280.4,279.7,280.3,281.09048119961653,282.908088467002,290.8494140185822,283.9699528973294,Down,142
2026-01-02 12:45:00,280.3,280.5,279.6,279.7,280.9640738178332,282.78228107613916,290.73847457561124,283.9699528973294,Down,67
2026-01-02 13:00:00,279.7,280.2,279.5,280.0,280.8764307434847,282.6731720143298,290.6316240823216,283.9699528973294,Down,103
2026-01-02 13:15:00,280.0,280.4,279.7,280.4,280.8331188577134,282.58402801376786,290.52981687752236,283.9699528973294,Down,74
2026-01-02 13:30:00,280.4,280.5,279.2,279.6,280.7210171433758,282.46700730734557,290.4210624807311,283.9699528973294,Down,223
2026-01-02 13:45:00,279.6,280.2,279.5,280.2,280.67365194852346,282.3781050599987,290.319360366495,283.9111487308587,Down,44
2026-01-02 14:00:00,280.1,281.9,280.1,281.9,280.7851381350213,282.35935584195954,290.23558563648015,283.9111487308587,Down,289
2026-01-02 14:15:00,281.9,282.6,281.8,282.2,280.91376194092845,282.35310659325523,290.1556295604953,283.9111487308587,Down,210
2026-01-02 14:30:00,282.2,282.9,282.2,282.5,281.057965400844,282.3588671190099,290.0794541419829,283.9111487308587,Down,142
2026-01-02 14:45:00,282.5,282.8,282.1,282.2,281.16178672804,282.35263703591147,290.001051613207,283.9111487308587,Down,178
2026-01-02 15:00:00,282.2,282.7,281.7,282.3,281.26526066185454,282.35057283842474,289.92442423397114,283.9111487308587,Down,127
2026-01-02 15:15:00,282.3,282.5,281.7,282.2,281.35023696532227,282.3446680212316,289.84756429134455,283.9111487308587,Down,68
2026-01-02 15:30:00,282.2,282.2,281.6,282.0,281.40930633211116,282.33115162824214,289.76947907451523,283.9111487308587,Down,94
2026-01-02 15:45:00,282.0,282.5,282.0,282.3,281.4902784837374,282.32992999576203,289.6951558996445,283.9111487308587,Down,120
2026-01-02 16:00:00,282.3,282.5,282.0,282.2,281.55479862157944,282.3248347018106,289.6205772339764,283.9111487308587,Down,48
2026-01-02 16:15:00,282.2,282.4,280.8,281.9,281.5861805650722,282.30817451742587,289.5437555699568,283.9111487308587,Down,182
2026-01-02 16:30:00,281.8,281.8,280.7,281.6,281.58743687733835,282.2804029677229,289.4647132259771,283.9111487308587,Down,131
2026-01-02 16:45:00,281.6,282.9,281.3,282.7,281.68857897939847,282.2968577533024,289.3974026466142,283.9111487308587,Down,169
2026-01-02 17:00:00,282.7,282.9,281.7,282.5,281.7623445267259,282.304824115918,289.3287717745086,283.9111487308587,Down,202
2026-01-02 17:15:00,282.4,282.6,281.5,282.0,281.7839495697508,282.2928702290193,289.2558486722747,283.9111487308587,Down,110
2026-01-02 17:30:00,282.0,283.8,282.0,283.3,281.92177233613705,282.3323655141558,289.19658649643117,283.9111487308587,Down,299
2026-01-02 17:45:00,283.3,285.3,282.8,285.2,282.21979303285184,282.44482176850266,289.15681946661596,279.1084612049631,Up,509
2026-01-02 18:00:00,285.2,285.3,283.0,283.0,282.2907209389562,282.46659346385553,289.095557581376,279.1084612049631,Up,435
2026-01-02 18:15:00,283.0,284.0,282.6,282.8,282.3370190354147,282.4796682299788,289.0329152173822,279.1084612049631,Up,287
2026-01-02 18:30:00,282.8,282.9,281.3,282.0,282.3063809412861,282.4608577111561,288.96293596148786,279.1084612049631,Up,428
2026-01-02 18:45:00,282.1,282.7,280.3,282.1,282.28761903753275,282.4467064283657,288.89464804147303,279.1084612049631,Up,661
2026-01-02 19:00:00,282.2,284.5,281.9,282.8,282.3341991250297,282.4605610782337,288.83400477737877,279.1084612049631,Up,586
2026-01-02 19:15:00,282.8,282.9,281.0,282.6,282.3583628409361,282.4660292712441,288.77197487909643,279.1084612049631,Up,515
2026-01-02 19:30:00,282.6,283.3,281.7,281.9,282.3166934917601,282.44383204492084,288.70359701960297,279.1084612049631,Up,451
2026-01-02 19:45:00,281.9,282.0,280.5,280.6,282.1606304470546,282.3715249059043,288.6229642134378,279.1084612049631,Up,424
2026-01-02 20:00:00,280.6,281.8,280.0,280.4,282.000573133686,282.294210203712,288.5411436740006,279.1084612049631,Up,409
2026-01-02 20:15:00,280.4,281.0,279.0,279.2,281.74597557607814,282.17286862709585,288.4481969707767,279.1084612049631,Up,499
2026-01-02 20:30:00,279.0,279.7,278.5,279.5,281.5417959782529,282.06805024956265,288.3591601849978,279.1084612049631,Up,539
2026-01-02 20:45:00,279.5,280.3,279.0,279.3,281.3379963438662,281.95949925938373,288.26901928763465,279.1084612049631,Up,360
2026-01-02 21:00:00,279.3,280.3,279.1,280.2,281.2345421307875,281.8904992884275,288.188730538504,279.1084612049631,Up,239
2026-01-02 21:15:00,280.2,282.6,280.2,281.1,281.2223110279886,281.8594993163323,288.1181959062801,279.1084612049631,Up,610
2026-01-02 21:30:00,281.1,282.2,280.5,282.0,281.2930100254442,281.86500914706437,288.0573183350733,279.1084612049631,Up,503
2026-01-02 21:45:00,282.0,282.2,280.7,281.1,281.2754636594947,281.83500878835594,287.9880912869632,279.1084612049631,Up,378
2026-01-02 22:00:00,281.1,282.0,280.7,281.1,281.2595124177224,281.8061849143028,287.9195530652024,279.1084612049631,Up,345
2026-01-02 22:15:00,281.1,281.4,280.5,281.1,281.24501128883855,281.77849138825167,287.8516968157975,279.1084612049631,Up,222
2026-01-02 22:30:00,281.1,281.1,279.6,280.6,281.1863738989441,281.7322760396928,287.77954062857566,279.1084612049631,Up,388
2026-01-02 22:45:00,280.6,283.0,280.6,281.9,281.25124899904006,281.73885344990094,287.72103773674905,279.1084612049631,Up,588
2026-01-02 23:00:00,281.9,282.3,281.1,282.2,281.3374990900364,281.75693762833623,287.66610203787593,279.1084612049631,Up,205
2026-01-02 23:15:00,282.2,282.7,281.6,282.1,281.4068173545785,281.770391054676,287.6107179379966,279.1084612049631,Up,178
2026-01-02 23:30:00,282.1,282.1,280.5,281.8,281.442561231435,281.77155218978675,287.5528998490613,279.1084612049631,Up,261
2026-01-02 23:45:00,281.8,282.4,281.3,281.6,281.4568738467591,281.76482465293236,287.4936670147423,279.1084612049631,Up,300
2026-01-03 00:00:00,281.6,282.7,281.3,281.8,281.48806713341736,281.76620407830757,287.43701361161055,279.1084612049631,Up,338
2026-01-05 09:00:00,275.2,275.2,264.9,268.8,280.33460648492485,281.25772548700144,287.251570690102,281.58336435026223,Down,172
2026-01-05 09:15:00,268.6,268.7,267.0,267.7,279.1860058953862,280.72604997770725,287.0570276981607,278.9894221366021,Down,1078
2026-01-05 09:30:00,267.8,268.5,267.1,268.1,278.17818717762384,280.2309107628952,286.8684005568855,278.4358383060019,Down,855
2026-01-05 09:45:00,268.1,268.2,267.8,267.8,277.2347156160217,279.74342406631104,286.6786652279613,277.8143984600017,Down,229
2026-01-05 10:00:00,267.8,268.1,267.3,267.5,276.3497414691106,279.2632897892008,286.48783273813086,276.9130895090925,Down,326
2026-01-05 10:15:00,267.5,268.2,267.2,268.2,275.6088558810096,278.82943528766356,286.3058642531743,276.43917228099315,Down,287
2026-01-05 10:30:00,268.2,269.6,268.0,269.0,275.00805080091783,278.443967237167,286.13366659891386,276.43917228099315,Down,362
2026-01-05 10:45:00,269.2,270.0,269.1,269.6,274.5164098190162,278.0971449925722,285.9691525034023,276.43917228099315,Down,441
2026-01-05 11:00:00,269.6,270.1,269.5,269.6,274.0694634718329,277.7639236203145,285.806275364065,276.43917228099315,Down,153
2026-01-05 11:15:00,269.6,269.7,269.0,269.0,273.6086031562117,277.42024034108647,285.63904874352704,276.43917228099315,Down,162
2026-01-05 11:30:00,269.0,269.7,268.8,269.7,273.2532755965561,277.1174858179066,285.48045124359146,276.08592668222684,Down,121
2026-01-05 11:45:00,269.7,270.2,267.7,269.7,272.9302505423237,276.82660402112595,285.3234318282324,276.0735697111153,Down,530
2026-01-05 12:00:00,269.7,270.1,268.3,269.8,272.6456823112033,276.55105092225824,285.1689698199913,276.0735697111153,Down,273
2026-01-05 12:15:00,269.8,269.8,269.4,269.4,272.3506202829121,276.2706175527579,285.01206464765306,276.0735697111153,Down,29
2026-01-05 12:30:00,269.4,269.8,269.0,269.8,272.11874571173826,276.01686784480665,284.86070082031324,275.716130511732,Down,88
2026-01-05 12:45:00,269.8,270.1,269.5,269.7,271.89885973794384,275.76914753716716,284.70984807583255,275.716130511732,Down,157
2026-01-05 13:00:00,269.7,270.0,269.4,269.5,271.6807815799489,275.52329861414097,284.5585063039337,275.3364714972992,Down,66
2026-01-05 13:15:00,269.5,270.3,269.5,270.2,271.5461650726808,275.3145418057433,284.4156355944418,275.3149740884538,Down,94
2026-01-05 13:30:00,270.2,270.8,270.2,270.5,271.4510591569825,275.1257362447338,284.2771715586763,275.3149740884538,Down,97
2026-01-05 13:45:00,270.6,271.1,270.1,271.0,271.41005377907504,274.96394266650896,284.1450603988885,275.3149740884538,Down,166
2026-01-05 14:00:00,271.0,271.1,270.6,270.7,271.34550343552274,274.79672922860664,284.0112787033772,275.3149740884538,Down,103
2026-01-05 14:15:00,270.7,270.9,270.5,270.6,271.2777303959298,274.6321516117986,283.8778331441396,275.1736931141683,Down,40
2026-01-05 14:30:00,270.6,270.8,270.3,270.3,271.1888458144816,274.4622633132967,283.74273032678497,274.7988119219712,Down,64
2026-01-05 14:45:00,270.3,271.3,270.3,270.9,271.1625871040742,274.3225667127753,283.6149419653244,274.7988119219712,Down,119
2026-01-05 15:00:00,270.9,270.9,269.6,270.2,271.075079185522,274.1608974299214,283.4814599557192,274.5647205966704,Down,205
2026-01-05 15:15:00,270.2,270.8,269.8,270.6,271.03189016865633,274.02125439345394,283.3532862248165,274.5647205966704,Down,122
2026-01-05 15:30:00,270.4,270.8,270.2,270.3,270.96535469877847,273.87532284861265,283.22340277979345,274.5647205966704,Down,124
2026-01-05 15:45:00,270.4,270.6,270.1,270.5,270.9230497261622,273.7429572467063,283.09680175710895,274.27240465565023,Down,131
2026-01-05 16:00:00,270.5,271.3,270.5,271.3,270.95731793287473,273.6471550017374,282.97942064509795,274.27240465565023,Down,99
2026-01-05 16:15:00,271.4,271.5,270.4,270.4,270.9066526662497,273.5198155899046,282.8542522804701,274.27240465565023,Down,157
2026-01-05 16:30:00,270.4,271.3,270.4,271.2,270.93332060568156,273.4288424295162,282.73828957121174,274.27240465565023,Down,57
2026-01-05 16:45:00,271.2,271.2,270.1,270.5,270.89392782334687,273.3139858636528,282.6165155456276,274.27240465565023,Down,111
2026-01-05 17:00:00,270.5,270.6,269.8,270.0,270.8126616575881,273.18402563370563,282.4909780775119,274.0597442149693,Down,129
2026-01-05 17:15:00,269.7,270.4,269.0,269.9,270.7296924159892,273.05524031473675,282.36569471355654,273.7179492863357,Down,233
2026-01-05 17:30:00,269.9,270.9,268.4,268.7,270.5451749236265,272.88444657690394,282.22971765173014,273.7179492863357,Down,421
2026-01-05 17:45:00,268.9,269.5,268.0,268.3,270.34106811238775,272.7046643582018,282.0911134959915,273.44252007135185,Down,313
2026-01-05 18:00:00,268.3,268.7,267.8,268.1,270.1373346476252,272.5240892853311,281.9518984363299,272.8432000648653,Down,406
2026-01-05 18:15:00,268.1,268.4,267.0,267.4,269.88848604329564,272.323144607475,281.8071034270132,272.38472733169573,Down,715
2026-01-05 18:30:00,267.4,267.7,266.8,266.8,269.60771458481423,272.1065507012995,281.65777901480413,271.836115756087,Down,216
2026-01-05 18:45:00,266.9,267.2,263.7,266.5,269.32519507710384,271.8866859679152,281.506955343015,270.89192341462456,Down,1118
2026-01-05 19:00:00,266.5,267.1,263.2,265.7,268.9956318882762,271.64407083191855,281.3496722052736,270.89192341462456,Down,1574
2026-01-05 19:15:00,265.7,266.2,261.2,262.5,268.4051198984329,271.28547981890216,281.16211327785794,270.89192341462456,Down,1588
2026-01-05 19:30:00,262.5,264.8,261.7,262.1,267.8319271803935,270.92526492404323,280.9724405089241,270.89192341462456,Down,1185
2026-01-05 19:45:00,261.9,262.6,259.1,262.4,267.3381156185396,270.5909408093749,280.78764010585024,269.43255816858453,Down,1995
2026-01-05 20:00:00,262.5,262.7,258.6,260.5,266.71646874412687,270.1952176403798,280.58577304012044,269.43255816858453,Down,1357
2026-01-05 20:15:00,260.5,263.5,260.4,262.0,266.2876988582972,269.8738365564433,280.4008399750446,269.43255816858453,Down,1207
2026-01-05 20:30:00,262.0,263.6,260.6,260.8,265.7888171439065,269.5179998287397,280.2058067414621,269.43255816858453,Down,445
2026-01-05 20:45:00,260.8,261.8,260.6,261.0,265.35347013082406,269.1839606197695,280.01470418682067,269.43255816858453,Down,347
2026-01-05 21:00:00,261.0,261.9,260.2,261.5,265.0031546643855,268.8826288307589,279.830478274514,269.43255816858453,Down,249
2026-01-05 21:15:00,261.5,262.0,260.5,260.5,264.59377696762317,268.55389828837616,279.63813520710596,269.43255816858453,Down,270
2026-01-05 21:30:00,260.5,262.0,260.5,261.5,264.312524516021,268.2772748260869,279.45765624982135,269.43255816858453,Down,450
2026-01-05 21:45:00,261.5,262.3,261.1,261.3,264.0386586509282,268.0036562054561,279.27698305330574,269.43255816858453,Down,718
2026-01-05 22:00:00,261.3,262.5,260.7,262.5,263.8987805917529,267.7878265503402,279.1100478985465,269.43255816858453,Down,334
2026-01-05 22:15:00,262.5,263.0,261.3,262.4,263.76252781068445,267.5765392346406,278.94377876522765,269.43255816858453,Down,368
2026-01-05 22:30:00,262.4,262.7,260.6,260.9,263.5022980097131,267.31471416661554,278.7642386780115,269.43255816858453,Down,463
2026-01-05 22:45:00,260.9,262.9,260.9,262.9,263.4475436451937,267.14158812086595,278.60638555683727,269.43255816858453,Down,430
2026-01-05 23:00:00,263.0,264.3,262.5,262.8,263.3886760410852,266.97132976318494,278.44910808861005,269.43255816858453,Down,514
2026-01-05 23:15:00,262.8,264.8,262.0,262.0,263.26243276462293,266.77637565482473,278.2854353713105,269.43255816858453,Down,755
2026-01-05 23:30:00,262.0,264.0,261.7,262.9,263.22948433147536,266.624360923263,278.13234646214323,269.43255816858453,Down,515
2026-01-05 23:45:00,262.9,263.2,261.0,261.9,263.10862211952303,266.4390918674487,277.9708305769478,269.43255816858453,Down,759
2026-01-06 00:00:00,261.9,263.9,261.9,262.5,263.05329283593,266.2846176765684,277.81689196424185,269.43255816858453,Down,404
2026-01-06 09:00:00,261.0,262.0,260.6,261.3,262.8939025781182,266.08914247356574,277.6525447805181,269.43255816858453,Down,80
2026-01-06 09:15:00,261.2,261.8,260.7,261.1,262.73082052556197,265.89348982754353,277.4878428424035,269.18100526813373,Down,426
2026-01-06 09:30:00,261.3,261.3,260.3,260.5,262.5280186596018,265.6819804225418,277.31880958029,268.37364115284885,Down,330
2026-01-06 09:45:00,260.5,261.8,260.5,261.8,262.46183514509255,265.52974589616764,277.1643935645657,268.37364115284885,Down,314
2026-01-06 10:00:00,261.8,261.8,260.6,260.7,262.3016683137205,265.34034409631795,277.00056875297804,268.3253232668173,Down,266
2026-01-06 10:15:00,260.7,261.0,260.4,260.7,262.1560621033822,265.15836981803096,276.83837403901805,267.3957484243793,Down,131
2026-01-06 10:30:00,260.7,260.8,260.2,260.5,262.00551100307473,264.9756886486964,276.6758031530577,266.80522584034486,Down,127
2026-01-06 10:45:00,260.5,260.9,260.2,260.7,261.88682818461336,264.80801458404164,276.5168399376044,266.536568945768,Down,83
2026-01-06 11:00:00,260.7,261.2,260.5,260.7,261.77893471328485,264.6469159729028,276.35945844568795,266.536568945768,Down,112
2026-01-06 11:15:00,260.7,261.0,259.1,259.9,261.6081224666226,264.46076240533796,276.19568273976074,265.9198916907174,Down,400
2026-01-06 11:30:00,259.9,260.4,259.1,259.1,261.38011133329326,264.25053642865805,276.02557644384274,265.5589924461067,Down,150
2026-01-06 11:45:00,259.1,260.6,259.0,259.6,261.2182830302666,264.06816245106364,275.8621378722622,265.5589924461067,Down,326
2026-01-06 12:00:00,259.6,260.2,259.3,259.7,261.08025730024235,263.89686196278666,275.7013205800009,265.4070185505014,Down,134
2026-01-06 12:15:00,259.7,259.9,259.4,259.5,260.93659754567483,263.7244360034617,275.5401134100507,264.9745623186376,Down,64
2026-01-06 12:30:00,259.5,259.5,258.6,258.8,260.74236140515893,263.53132086607104,275.3735451174134,264.2177839260342,Down,204
2026-01-06 12:45:00,258.8,259.2,258.5,259.2,260.60214673196265,263.361465145833,275.21261432022527,263.8025308418493,Down,176
2026-01-06 13:00:00,259.2,260.4,259.0,259.6,260.5110424836024,263.2139567087415,275.05726492400413,263.8025308418493,Down,287
2026-01-06 13:15:00,259.6,260.2,259.3,259.3,260.40094771236585,263.0604682103595,274.9004762182926,263.8025308418493,Down,63
2026-01-06 13:30:00,259.3,259.7,259.3,259.4,260.30995246578715,262.9169204374042,274.74624262408076,263.8025308418493,Down,40
2026-01-06 13:45:00,259.4,259.6,259.2,259.5,260.23632042344286,262.782923557506,274.5945387173735,263.71329201683574,Down,109
2026-01-06 14:00:00,259.5,259.7,259.3,259.6,260.1784731122208,262.6581030258391,274.4453393271509,263.56662910621435,Down,48
2026-01-06 14:15:00,259.6,259.9,259.4,259.5,260.1167937383825,262.53425584835526,274.2966294830997,263.5287537329221,Down,65
2026-01-06 14:30:00,259.5,259.8,259.3,259.3,260.0425397621659,262.40742228567467,274.147409289238,263.2579579390201,Down,33
2026-01-06 14:45:00,259.3,260.1,259.3,259.7,260.01139978378717,262.30124886270704,274.00365397292717,263.2579579390201,Down,151
2026-01-06 15:00:00,259.7,260.5,259.6,260.3,260.03763616707926,262.2227685151499,273.86729920702743,263.2579579390201,Down,193
2026-01-06 15:15:00,260.3,260.6,260.1,260.2,260.0523965155266,262.1434442596538,273.73130618009185,263.2579579390201,Down,94
2026-01-06 15:30:00,260.2,261.1,260.1,261.0,260.1385422868424,262.0986033082948,273.60462651660833,263.2579579390201,Down,128
2026-01-06 15:45:00,261.0,261.8,261.0,261.6,260.27140207894763,262.0790502373813,273.4851774965426,263.2579579390201,Down,395
2026-01-06 16:00:00,261.6,261.8,260.9,261.0,260.33763825358875,262.0367345417977,273.3609468746864,263.2579579390201,Down,202
2026-01-06 16:15:00,261.0,261.8,261.0,261.5,260.4433075032625,262.0156861283939,273.242927502799,263.2579579390201,Down,167
2026-01-06 16:30:00,261.5,261.5,260.0,260.2,260.4211886393295,261.9444827508098,273.1131471296368,263.2579579390201,Down,245
2026-01-06 16:45:00,260.2,260.3,259.6,259.8,260.364716944845,261.86038538803297,272.98067800396876,263.2579579390201,Down,261
2026-01-06 17:00:00,259.5,259.7,258.7,259.6,260.29519722258635,261.7717428237964,272.84753692930246,262.9091134982959,Down,353
2026-01-06 17:15:00,259.5,260.2,259.2,259.7,260.2410883841694,261.6904980071769,272.7167156663243,262.9091134982959,Down,156
2026-01-06 17:30:00,259.8,260.2,258.8,258.8,260.1100803492449,261.5771451441504,272.57824088357484,262.9091134982959,Down,242
2026-01-06 17:45:00,258.7,258.9,257.2,257.9,259.90916395385904,261.43294337379155,272.4321887354796,262.21822952539134,Down,559
2026-01-06 18:00:00,257.7,259.5,257.5,258.8,259.80833086714455,261.3296906924664,272.2965450664699,262.21822952539134,Down,433
2026-01-06 18:15:00,258.8,258.8,257.0,258.0,259.64393715194956,261.1991145868795,272.154290886704,262.21822952539134,Down,524
2026-01-06 18:30:00,258.0,259.0,257.6,258.4,259.53085195631775,261.089345387394,272.0174322709159,262.21822952539134,Down,444
2026-01-06 18:45:00,258.4,258.6,257.0,257.3,259.32804723301615,260.9407436074962,271.8709901587675,262.21822952539134,Down,786
2026-01-06 19:00:00,257.3,257.8,256.5,257.5,259.1618611209238,260.8058124856336,271.7279952318146,262.14903851909725,Down,537
2026-01-06 19:15:00,257.5,257.7,255.4,255.6,258.8380555644762,260.6016629763931,271.56751766731895,261.93094410827024,Down,721
2026-01-06 19:30:00,255.6,257.0,254.4,254.8,258.47095960406926,260.3741467812404,271.40067669550484,261.5372219166093,Down,787
2026-01-06 19:45:00,254.9,257.4,254.9,257.4,258.37359964006293,260.257513574133,271.2613664796292,261.5372219166093,Down,467
2026-01-06 20:00:00,257.4,259.3,257.2,258.5,258.3850905818754,260.1885914731866,271.1343877086876,261.5372219166093,Down,583
2026-01-06 20:15:00,258.5,258.8,257.4,258.0,258.3500823471594,260.102764356591,271.0036972837255,261.5372219166093,Down,315
2026-01-06 20:30:00,258.0,258.2,256.9,257.0,258.2273475883267,259.9810873229992,270.86435701224565,261.5372219166093,Down,343
2026-01-06 20:45:00,257.0,257.2,256.1,256.9,258.10667962575155,259.8602603691561,270.72540818625316,261.5372219166093,Down,433
2026-01-06 21:00:00,256.9,256.9,255.6,255.9,257.90607238704683,259.7049560409539,270.5778916868874,261.5372219166093,Down,512
2026-01-06 21:15:00,255.9,257.6,255.8,257.5,257.8691567154971,259.6184871766028,270.44776341139607,261.5372219166093,Down,256
2026-01-06 21:30:00,257.5,259.0,257.3,258.5,257.9265061049974,259.5746249343831,270.32888019337224,261.5372219166093,Down,504
2026-01-06 21:45:00,258.5,258.5,257.5,257.8,257.9150055499976,259.50503179970144,270.20421471881133,261.5372219166093,Down,227
2026-01-06 22:00:00,257.8,260.5,257.6,259.9,258.0954595909069,259.5205207487328,270.1016852191217,261.5372219166093,Down,762
2026-01-06 22:15:00,259.9,260.0,258.8,259.0,258.1776905371881,259.50010817035115,269.9912206895782,261.5372219166093,Down,300
2026-01-06 22:30:00,259.0,259.8,258.6,258.9,258.24335503380735,259.4765745166119,269.8808602847068,261.5372219166093,Down,296
2026-01-06 22:45:00,258.9,259.3,257.8,258.5,258.2666863943703,259.43827747674476,269.7676178938142,261.5372219166093,Down,360
2026-01-06 23:00:00,258.5,259.8,258.5,258.8,258.3151694494275,259.41324698746064,269.65848736750763,261.5372219166093,Down,424
2026-01-06 23:15:00,258.8,259.6,258.7,259.5,258.42288131766134,259.41664906638374,269.55740789121404,261.5372219166093,Down,263
2026-01-06 23:30:00,259.5,259.5,258.5,258.8,258.4571648342376,259.39246675005495,269.4503690067244,261.5372219166093,Down,226
2026-01-06 23:45:00,258.8,259.7,258.6,259.0,258.5065134856705,259.37707589711164,269.3463852355132,261.5372219166093,Down,331
2026-01-07 00:00:00,258.6,260.0,258.6,259.2,258.5695577142459,259.37013174428375,269.24542617844344,261.5372219166093,Down,334
2026-01-07 09:00:00,261.0,264.6,261.0,262.3,258.9086888311326,259.48502853862556,269.17631746024995,255.7628843085607,Up,150
2026-01-07 09:15:00,262.4,262.9,261.5,262.1,259.1988080283024,259.5875764390716,269.10590634124253,255.7628843085607,Up,906
2026-01-07 09:30:00,262.1,262.5,259.9,260.5,259.3170982075476,259.6233577551864,269.02027543237443,255.7628843085607,Up,405
2026-01-07 09:45:00,260.5,261.5,260.5,261.3,259.49736200686147,259.68910843145363,268.94345677135584,255.7628843085607,Up,165
2026-01-07 10:00:00,261.3,261.7,261.1,261.3,259.6612381880559,259.752280649828,268.86740247512347,255.7628843085607,Up,186
2026-01-07 10:15:00,261.2,261.9,261.1,261.5,259.8283983527781,259.82081866356026,268.7940949878088,255.7628843085607,Up,135
2026-01-07 10:30:00,261.5,261.7,261.3,261.5,259.9803621388892,259.8866689120481,268.72151692822865,255.7628843085607,Up,54
2026-01-07 10:45:00,261.5,261.5,260.4,261.1,260.0821473989902,259.9342505233403,268.64568093889307,255.7628843085607,Up,135
2026-01-07 11:00:00,261.1,261.8,261.0,261.8,260.2383158172638,260.00741716948386,268.57756471064533,255.95407420071422,Up,91
2026-01-07 11:15:00,261.8,263.7,261.8,262.5,260.44392347023984,260.1051655157786,268.5170914299424,257.1082492733766,Up,766
2026-01-07 11:30:00,262.5,264.4,262.5,263.9,260.7581122456726,260.2539825543755,268.47115022168424,257.6302266121605,Up,495
2026-01-07 11:45:00,263.9,264.0,263.2,263.3,260.9891929506114,260.37343421890984,268.4196959906227,258.0183878292369,Up,187
2026-01-07 12:00:00,263.4,263.7,262.2,263.6,261.2265390460104,260.4999662103251,268.3717388165867,258.0183878292369,Up,322
2026-01-07 12:15:00,263.6,264.0,263.3,263.4,261.424126405464,260.6136930256065,268.32226877861075,258.2866841563941,Up,171
2026-01-07 12:30:00,263.4,263.8,263.1,263.6,261.62193309587633,260.7308031030337,268.27528102956984,258.31971286944923,Up,111
2026-01-07 12:45:00,263.6,264.0,263.4,263.6,261.8017573598876,260.8433206284049,268.2287608203204,258.8179207904083,Up,89
2026-01-07 13:00:00,263.6,263.6,262.8,263.0,261.9106885089887,260.92789629003613,268.1767333494715,258.8179207904083,Up,145
2026-01-07 13:15:00,263.0,263.5,262.8,262.9,262.0006259172624,261.00523369042685,268.12422854002403,258.8179207904083,Up,82
2026-01-07 13:30:00,262.9,263.5,262.2,262.3,262.02784174296585,261.0560088398219,268.0662760172377,258.8179207904083,Up,170
2026-01-07 13:45:00,262.3,263.0,262.2,262.5,262.07076522087806,261.11263594414265,268.0108901862205,258.8179207904083,Up,156
2026-01-07 14:00:00,262.5,263.5,262.5,263.5,262.2006956553437,261.2062580639802,267.9660057067556,258.8179207904083,Up,87
2026-01-07 14:15:00,263.5,263.7,263.2,263.3,262.3006324139488,261.28836559088296,267.9195777892755,259.23171950636095,Up,82
2026-01-07 14:30:00,263.3,263.3,262.4,263.0,262.364211285408,261.35548850888756,267.8706267664966,259.23171950636095,Up,91
2026-01-07 14:45:00,262.9,263.2,262.4,263.1,262.4311011685527,261.42390072422535,267.8231578434469,259.23171950636095,Up,83
2026-01-07 15:00:00,263.1,263.6,262.6,263.2,262.5010010623206,261.4935516762165,267.77715627286534,259.23171950636095,Up,119
2026-01-07 15:15:00,263.2,264.1,263.2,264.0,262.63727369301876,261.59184376734527,267.7395726283592,259.6247008444511,Up,192
2026-01-07 15:30:00,264.0,264.1,263.4,263.6,262.7247942663807,261.67059499215526,267.6983828509626,259.8360916767738,Up,64
2026-01-07 15:45:00,263.6,264.0,263.3,263.7,262.8134493330734,261.7501795022668,267.658597946973,259.8373560697943,Up,96
2026-01-07 16:00:00,263.7,264.0,263.4,263.5,262.8758630300667,261.8187999139426,267.6172188629235,260.01577824526754,Up,75
2026-01-07 16:15:00,263.5,263.9,263.3,263.4,262.9235118455152,261.8808077604547,267.57525648617803,260.032525677516,Up,66
2026-01-07 16:30:00,263.4,264.8,263.4,263.8,263.003192586832,261.95607020122117,267.5376917450221,260.34775061592364,Up,298
2026-01-07 16:45:00,263.8,264.6,263.7,263.9,263.0847205334836,262.03230274234977,267.50149580726065,260.4115914690214,Up,374
2026-01-07 17:00:00,263.9,266.2,263.9,266.2,263.3679277577124,262.19574185049294,267.48854560022323,260.8150831536558,Up,632
2026-01-07 17:15:00,265.8,266.0,264.0,264.2,263.4435706888294,262.2743402092971,267.45582375345487,260.8150831536558,Up,524
2026-01-07 17:30:00,264.1,264.5,263.1,263.3,263.4305188080267,262.3145621618737,267.414472273321,260.8150831536558,Up,371
2026-01-07 17:45:00,263.3,264.2,262.7,263.0,263.39138073456974,262.34144207709437,267.37054717607407,260.8150831536558,Up,322
2026-01-07 18:00:00,263.2,264.0,263.1,263.5,263.4012552132452,262.3868757211299,267.33203426884944,260.8150831536558,Up,280
2026-01-07 18:15:00,263.5,266.6,262.9,266.2,263.6556865574956,262.5364100065758,267.32077024627387,260.8150831536558,Up,690
2026-01-07 18:30:00,266.0,266.9,265.5,266.4,263.9051695977232,262.68792333965126,267.3116083532761,260.8150831536558,Up,660
2026-01-07 18:45:00,266.4,266.5,265.0,265.6,264.05924508883925,262.80212242437085,267.29457742438774,260.8150831536558,Up,468
2026-01-07 19:00:00,265.6,266.4,265.1,266.3,264.26295008076295,262.9392940940034,267.2846811316078,260.8150831536558,Up,275
2026-01-07 19:15:00,266.3,267.2,264.6,265.1,264.33904552796633,263.0240276589444,267.2629430108953,260.8150831536558,Up,688
2026-01-07 19:30:00,265.1,265.4,262.5,262.6,264.1809504799694,263.00739912329954,267.21654556800087,260.8150831536558,Up,745
2026-01-07 19:45:00,262.6,263.8,261.5,262.5,264.0281367999722,262.98750111846425,267.16961476632923,260.8150831536558,Up,816
2026-01-07 20:00:00,262.5,264.0,262.3,263.9,264.0164879999747,263.0232853883284,267.13708128606726,260.8150831536558,Up,383
2026-01-07 20:15:00,264.2,265.3,263.8,265.3,264.13317090906787,263.1125683142763,267.1188018702855,260.8150831536558,Up,591
2026-01-07 20:30:00,265.3,265.5,264.1,264.1,264.1301553718799,263.1512911254812,267.08876404073044,260.8150831536558,Up,336
2026-01-07 20:45:00,264.1,264.8,263.6,264.5,264.1637776107999,263.20418166957995,267.063005194554,260.8150831536558,Up,225
2026-01-07 21:00:00,264.5,264.5,263.1,263.3,264.08525237345447,263.20793925116504,267.0255623567973,260.8150831536558,Up,202
2026-01-07 21:15:00,263.3,263.7,262.6,262.7,263.9593203395041,263.18802006484486,266.98252193533665,260.8150831536558,Up,401
2026-01-07 21:30:00,262.7,263.9,261.6,263.3,263.8993821268219,263.19241143485095,266.9458799260298,260.8150831536558,Up,680
2026-01-07 21:45:00,263.3,264.5,263.2,263.2,263.83580193347444,263.19270902564114,266.9086074889549,260.8150831536558,Up,481
2026-01-07 22:00:00,263.5,265.1,263.5,264.6,263.90527448497676,263.24789690698856,266.88563627015935,260.8150831536558,Up,404
2026-01-07 22:15:00,264.6,264.6,263.7,263.7,263.8866131681607,263.2656264400478,266.85393839682445,260.8150831536558,Up,212
2026-01-07 22:30:00,263.7,265.4,263.7,264.7,263.96055742560065,263.3218763835754,266.8325061739705,260.8150831536558,Up,414
2026-01-07 22:45:00,264.7,264.9,264.2,264.7,264.02777947781874,263.3759204469646,266.81128720706533,260.8150831536558,Up,241
2026-01-07 23:00:00,264.7,264.7,262.7,263.5,263.97979952528976,263.3807863117895,266.77833907565173,260.8150831536558,Up,498
2026-01-07 23:15:00,263.5,265.3,262.7,265.2,264.0907268411725,263.4521280250527,266.7626342092273,260.8150831536558,Up,520
2026-01-07 23:30:00,265.2,267.4,265.1,266.7,264.327933491975,263.579495553482,266.7620109832649,260.8150831536558,Up,922
2026-01-07 23:45:00,266.7,267.8,265.3,265.3,264.4163031745227,263.6469663160905,266.7474636102971,260.8150831536558,Up,857
2026-01-08 00:00:00,265.3,267.6,264.6,265.5,264.5148210677479,263.7196343036948,266.7350510370603,260.8150831536558,Up,355
2026-01-08 09:00:00,267.3,268.1,267.2,267.7,264.8043827888617,263.87572707609894,266.7446525192786,260.8150831536558,Up,66
2026-01-08 09:15:00,267.7,268.0,267.1,267.6,265.05852980805605,264.0217769946833,266.7531634394848,260.8150831536558,Up,375
2026-01-08 09:30:00,267.6,268.1,267.4,267.7,265.2986634618691,264.1660210341075,266.76258469879343,260.8150831536558,Up,277
2026-01-08 09:45:00,267.7,268.0,267.6,267.6,265.5078758744265,264.30068687590716,266.77091718935276,261.30950445367944,Up,166
2026-01-08 10:00:00,267.6,268.0,267.3,267.5,265.68897806766046,264.4261501356755,266.7781717446826,261.49500404879944,Up,280
2026-01-08 10:15:00,267.5,268.9,267.5,268.1,265.9081618796913,264.5702226793745,266.791324264636,262.09545822618134,Up,320
2026-01-08 10:30:00,268.1,268.2,267.5,268.1,266.1074198906284,264.70864531939907,266.8043459137441,262.09545822618134,Up,195
2026-01-08 10:45:00,268.1,268.2,267.8,268.0,266.27947262784403,264.83771805197165,266.81624296932875,262.5780646497367,Up,108
2026-01-08 11:00:00,268.0,268.2,267.2,267.6,266.39952057076727,264.9460428342473,266.8240415467484,262.5780646497367,Up,221
2026-01-08 11:15:00,267.6,268.4,267.3,267.3,266.4813823370611,265.0383548799631,266.82877745175585,262.6384831816006,Up,230
2026-01-08 11:30:00,267.3,267.8,266.4,266.6,266.49216576096467,265.0995958650626,266.82650105920106,262.6384831816006,Up,293
2026-01-08 11:45:00,266.5,266.5,265.1,266.2,266.4656052372406,265.1427489683935,266.82026721781597,262.6384831816006,Up,464
2026-01-08 12:00:00,266.2,266.7,265.9,266.4,266.4596411247642,265.1920529304173,266.8160854544546,262.6384831816006,Up,151
2026-01-08 12:15:00,266.4,267.9,266.3,267.8,266.5814919316038,265.29432536451856,266.82587564893765,262.6384831816006,Up,299
2026-01-08 12:30:00,267.8,268.2,267.5,267.7,266.68317448327616,265.38866554630215,266.8345734036746,262.8326422571736,Up,177
2026-01-08 12:45:00,267.7,268.1,267.7,268.0,266.80288589388744,265.4910708189962,266.8461696882152,263.193311142885,Up,100
2026-01-08 13:00:00,268.0,268.3,267.4,268.2,266.9298962671704,265.59730333589835,266.85964063659117,263.24391922080457,Up,109
2026-01-08 13:15:00,268.2,268.2,267.8,268.0,267.02717842470037,265.6915267344906,266.8709874959286,263.66719929164054,Up,71
2026-01-08 13:30:00,268.2,268.2,267.7,267.7,267.08834402245486,265.77029039196157,266.8792363765661,263.82927208330955,Up,65
2026-01-08 13:45:00,267.7,268.1,267.5,267.5,267.12576729314077,265.8381221412964,266.8854131290381,263.83570189391776,Up,37
2026-01-08 14:00:00,267.5,267.8,267.0,267.0,267.1143339028552,265.8836859788927,266.8865532969084,263.83570189391776,Up,112
2026-01-08 14:15:00,267.0,267.1,266.1,266.2,267.0312126389593,265.8960904503087,266.8797219208198,263.83570189391776,Up,196
2026-01-08 14:30:00,266.2,266.8,265.8,266.2,266.9556478535994,265.90800847186523,266.8729585186226,263.83570189391776,Up,175
2026-01-08 14:45:00,266.2,266.4,265.5,265.5,266.8233162305449,265.89200813963527,266.85929723983037,263.83570189391776,Up,156
2026-01-08 15:00:00,265.5,266.4,265.5,265.9,266.73937839140444,265.89232154592406,266.84975199366295,263.83570189391776,Up,96
2026-01-08 15:15:00,265.9,266.2,265.5,265.7,266.64488944673127,265.8847795245153,266.83831167531804,263.83570189391776,Up,116
2026-01-08 15:30:00,265.7,266.3,265.7,266.0,266.58626313339204,265.8892979745343,266.8299702656134,263.83570189391776,Up,156
2026-01-08 15:45:00,266.1,266.5,266.0,266.3,266.56023921217457,265.9054039363173,266.8246969296372,263.83570189391776,Up,158
2026-01-08 16:00:00,266.3,266.5,266.1,266.2,266.527490192886,265.9169567231284,266.8184810397901,263.83570189391776,Up,56
2026-01-08 16:15:00,266.2,266.2,265.3,265.5,266.4340819935327,265.90060547908416,266.8053618254638,263.83570189391776,Up,190
2026-01-08 16:30:00,265.5,266.0,265.5,265.5,266.3491654486661,265.88489546029655,266.7923731505836,263.83570189391776,Up,106
2026-01-08 16:45:00,265.5,266.7,265.0,266.3,266.3446958624237,265.9011740696967,266.78747391525445,263.83570189391776,Up,308
2026-01-08 17:00:00,266.3,266.3,264.3,265.1,266.23154169311243,265.8697554787282,266.7706831300281,263.83570189391776,Up,286
2026-01-08 17:15:00,265.2,265.4,263.9,265.1,266.12867426646585,265.83956898936634,266.7540594172915,263.83570189391776,Up,502
2026-01-08 17:30:00,265.1,265.5,264.2,264.5,265.9806129695144,265.7870368721363,266.73163096537814,263.83570189391776,Up,492
2026-01-08 17:45:00,264.5,264.5,262.5,262.8,265.6914663359222,265.6698981712682,266.692510259255,268.07667571914646,Down,781
2026-01-08 18:00:00,262.8,263.4,261.8,261.8,265.33769666902015,265.51813745866946,266.64382856513305,267.3424324719513,Down,644
2026-01-08 18:15:00,261.8,262.5,260.8,262.5,265.07972424456375,265.39977912695696,266.6025964401069,266.57948406541027,Down,855
2026-01-08 18:30:00,262.5,262.9,259.5,260.5,264.66338567687615,265.2076309258998,266.54187408746907,266.57948406541027,Down,1003
2026-01-08 18:45:00,260.4,261.0,259.2,260.0,264.23944152443283,265.0034101052763,266.4767808129669,265.9524661697606,Down,698
2026-01-08 19:00:00,260.0,260.3,258.3,258.9,263.7540377494844,264.76406068938314,266.40138995910655,265.34769651796415,Down,614
2026-01-08 19:15:00,258.9,260.7,258.6,260.6,263.46730704498583,264.6007641917603,266.3436646858816,265.34769651796415,Down,672
2026-01-08 19:30:00,260.3,261.0,259.5,260.7,263.21573367725983,264.4477930469854,266.2875088183604,265.34769651796415,Down,506
2026-01-08 19:45:00,260.7,261.4,259.9,261.3,263.0415760702362,264.3243501823977,266.2378818649439,265.34769651796415,Down,959
2026-01-08 20:00:00,261.3,261.6,260.6,260.7,262.82870551839653,264.18221880269584,266.1827785628052,265.34769651796415,Down,293
2026-01-08 20:15:00,260.7,260.7,256.8,257.7,262.3624595621786,263.92801414376663,266.0983728059614,265.34769651796415,Down,1064
2026-01-08 20:30:00,257.7,259.1,257.0,258.8,262.03859960198054,263.7269155498934,266.02575218102646,265.0737044719116,Down,589
2026-01-08 20:45:00,258.8,260.0,258.5,260.0,261.85327236543685,263.58076199891724,265.96579444788193,265.0737044719116,Down,292
2026-01-08 21:00:00,260.0,263.0,259.5,260.1,261.6938839685789,263.4442615283715,265.90742833397263,265.0737044719116,Down,774
2026-01-08 21:15:00,259.6,260.1,256.0,257.2,261.2853490623445,263.1993885272589,265.82078725602264,265.0737044719116,Down,1131
2026-01-08 21:30:00,257.2,259.1,256.6,258.8,261.059408238495,263.02686348697426,265.7509286763608,265.0737044719116,Down,571
2026-01-08 21:45:00,258.8,259.1,258.1,258.8,260.8540074895409,262.8611041345439,265.6817652069443,265.0737044719116,Down,242
2026-01-08 22:00:00,258.8,259.7,257.3,257.4,260.5400068086735,262.6469431880912,265.5993595829946,265.0737044719116,Down,414
2026-01-08 22:15:00,257.4,258.3,257.2,257.8,260.2909152806123,262.45686698463663,265.52175401500466,265.0737044719116,Down,289
2026-01-08 22:30:00,257.8,258.0,257.3,257.6,260.04628661873846,262.2664016126901,265.4429305919698,265.0737044719116,Down,325
2026-01-08 22:45:00,257.6,258.0,257.3,257.5,259.814806017035,262.0794839023886,265.36389645672637,264.66294885795304,Down,233
2026-01-08 23:00:00,257.5,258.8,256.5,257.3,259.58618728821364,261.89205316111844,265.28365868103754,264.66294885795304,Down,483
2026-01-08 23:15:00,257.3,257.3,255.0,255.9,259.25107935292147,261.6570706842119,265.19028894291773,263.54251971731657,Down,572
2026-01-08 23:30:00,255.9,257.1,255.5,257.0,259.04643577538315,261.4744404613016,265.10879353055043,263.54251971731657,Down,342
2026-01-08 23:45:00,257.0,257.4,256.1,256.5,258.8149416139847,261.27936436477995,265.02313389343055,263.54251971731657,Down,231
2026-01-09 00:00:00,256.5,257.5,256.3,256.6,258.6135832854406,261.09585987988663,264.939321615884,263.54251971731657,Down,185
2026-01-09 09:00:00,255.3,256.7,253.1,255.5,258.33053025949147,260.8764143944009,264.845398017716,262.48278786784823,Down,184
2026-01-09 09:15:00,255.5,255.8,255.4,255.6,258.0823002359013,260.66949618285577,264.75340400758944,262.48278786784823,Down,340
2026-01-09 09:30:00,255.5,255.8,255.2,255.5,257.8475456690012,260.46677084235165,264.6613303358721,262.1171800560729,Down,229
2026-01-09 09:45:00,255.5,255.8,255.3,255.8,257.6614051536375,260.28376022108296,264.57315789471915,261.74743641461174,Down,159
2026-01-09 10:00:00,255.7,255.8,255.5,255.7,257.48309559421585,260.1040049182954,264.4848677664135,261.3931240132834,Down,121
2026-01-09 10:15:00,255.8,256.7,255.7,256.7,257.41190508565074,259.97051452934267,264.40740639560346,261.3931240132834,Down,244
2026-01-09 10:30:00,256.7,257.4,256.5,257.4,257.410822805137,259.8697100379959,264.3376809588313,261.3931240132834,Down,180
2026-01-09 10:45:00,257.4,257.4,256.7,257.1,257.3825661864882,259.76109395807447,264.26566423287284,261.3931240132834,Down,84
2026-01-09 11:00:00,257.0,258.6,257.0,258.2,257.4568783513529,259.6998745871696,264.20530936488404,261.3931240132834,Down,277
2026-01-09 11:15:00,258.2,258.3,257.4,257.8,257.4880712285026,259.6253697013982,264.1415749433429,261.3931240132834,Down,216
2026-01-09 11:30:00,257.8,258.0,256.5,257.1,257.45279202591144,259.52633559546103,264.07150952102114,261.3931240132834,Down,192
2026-01-09 11:45:00,257.1,257.5,256.4,257.0,257.4116291144649,259.4272636113253,264.00114624220504,261.3931240132834,Down,290
2026-01-09 12:00:00,256.9,257.9,256.6,257.9,257.4560264676954,259.3673709206851,263.94043831939706,261.3931240132834,Down,162
2026-01-09 12:15:00,257.9,257.9,257.2,257.2,257.4327513342685,259.28237598261904,263.8733692813931,261.3931240132834,Down,104
2026-01-09 12:30:00,257.2,257.2,256.6,257.2,257.4115921220623,259.2007141793791,263.8069675970011,261.3931240132834,Down,74
2026-01-09 12:45:00,257.2,257.2,256.6,257.0,257.3741746564203,259.1144116625407,263.73923657613545,261.38792586049004,Down,66
2026-01-09 13:00:00,256.9,257.3,256.8,256.9,257.331067869473,259.0275719894999,263.6711844709003,261.3117507822637,Down,71
2026-01-09 13:15:00,256.9,257.0,256.6,256.9,257.29187988133907,258.94413779383325,263.6038095010406,260.8197734384216,Down,144
2026-01-09 13:30:00,256.9,257.2,256.4,256.8,257.2471635284901,258.86005395878095,263.5361099040153,260.7452485803832,Down,127
2026-01-09 13:45:00,256.8,256.9,256.1,256.3,257.1610577531728,258.7596596858876,263.464108810443,260.3774987094393,Down,159
2026-01-09 14:00:00,256.3,256.5,256.2,256.2,257.07368886652074,258.6592808746763,263.3918291207869,259.9840897358539,Down,88
2026-01-09 14:15:00,256.2,256.6,255.5,255.9,256.9669898786552,258.5510737815518,263.31728355739597,259.75371794168535,Down,345
2026-01-09 14:30:00,255.9,257.4,255.5,257.3,256.9972635260502,258.50201206462816,263.25741008916316,259.75371794168535,Down,367
2026-01-09 14:45:00,257.3,257.7,256.2,256.8,256.97933047822744,258.43526649346626,263.1931572524551,259.75371794168535,Down,540
2026-01-09 15:00:00,256.8,257.9,256.4,257.7,257.0448458892977,258.40643251333034,263.1384989713361,259.75371794168535,Down,333
2026-01-09 15:15:00,257.7,258.0,257.4,257.8,257.11349626299784,258.3826508461409,263.0853795785865,259.75371794168535,Down,343
2026-01-09 15:30:00,257.8,258.0,256.9,257.7,257.1668147845435,258.35588022472365,263.0317937121329,259.75371794168535,Down,359
2026-01-09 15:45:00,257.9,258.0,253.5,255.0,256.96983162231226,258.2242770786561,262.9518753667386,259.75371794168535,Down,2416
2026-01-09 16:00:00,255.0,255.8,254.6,254.7,256.7634832930111,258.0860701343951,262.8697671541342,259.75371794168535,Down,1238
2026-01-09 16:15:00,254.7,255.2,253.4,253.8,256.49407572091917,257.91798895265407,262.77952071478956,259.75371794168535,Down,856
2026-01-09 16:30:00,253.8,254.2,253.3,253.8,256.24915974629016,257.7564991898049,262.69017224996577,259.1518999462551,Down,490
2026-01-09 16:45:00,253.8,254.6,253.1,253.9,256.0355997693547,257.60526392745965,262.6027078494686,259.1518999462551,Down,497
2026-01-09 17:00:00,253.9,254.5,253.5,253.7,255.82327251759517,257.4521163224612,262.51412369176245,259.1518999462551,Down,371
2026-01-09 17:15:00,253.9,254.0,252.7,253.9,255.64842956145017,257.312817643149,262.42841101821256,258.66262204827586,Down,396
2026-01-09 17:30:00,253.7,254.4,252.7,252.9,255.39857232859106,257.13976597086867,262.3336009583299,258.66262204827586,Down,486
2026-01-09 17:45:00,252.9,253.1,248.8,250.0,254.90779302599185,256.8597751484817,262.21087856073456,257.46621656882303,Down,1296
2026-01-09 18:00:00,249.8,251.0,246.7,246.7,254.16163002362896,256.4613525936393,262.0565414606277,256.3374696080209,Down,1896
2026-01-09 18:15:00,246.7,247.7,245.1,246.4,253.45602729420816,256.0667897468299,261.9007549784324,254.1522450982008,Down,1344
2026-01-09 18:30:00,246.4,249.3,246.0,249.1,253.0600248129165,255.79358230577776,261.77338428212965,254.1522450982008,Down,982
2026-01-09 18:45:00,249.1,251.0,248.7,249.9,252.7727498299241,255.56246143104138,261.6552411549443,254.1522450982008,Down,1132
2026-01-09 19:00:00,249.9,249.9,245.0,246.9,252.23886348174915,255.22275706119663,261.50842283499463,254.1522450982008,Down,1327
2026-01-09 19:15:00,246.9,247.7,245.3,246.3,251.69896680159013,254.8728450195811,261.3570952445967,254.1522450982008,Down,723
2026-01-09 19:30:00,246.3,247.0,245.5,245.8,251.16269709235465,254.51704717567594,261.20229827698876,254.1522450982008,Down,605
2026-01-09 19:45:00,245.8,248.0,245.5,247.2,250.80245190214058,254.23010414917886,261.06297192597395,254.1522450982008,Down,619
2026-01-09 20:00:00,247.2,247.7,246.3,247.6,250.51131991103688,253.97010006489734,260.9290120063125,254.1522450982008,Down,364
2026-01-09 20:15:00,247.6,248.8,246.8,248.6,250.33756355548806,253.7595079054896,260.8063352699313,254.1522450982008,Down,455
2026-01-09 20:30:00,248.6,248.9,246.8,246.8,250.0159668686255,253.48658602684299,260.6669687498325,254.1522450982008,Down,534
2026-01-09 20:45:00,246.8,247.0,244.5,245.5,249.60542442602318,253.17338657480994,260.5160536378939,254.1522450982008,Down,886
2026-01-09 21:00:00,245.4,245.9,245.2,245.2,249.2049312963847,252.86070474834682,260.36365509423325,253.84213647929786,Down,376
2026-01-09 21:15:00,245.2,245.7,244.0,244.6,248.78630117853155,252.5367555425293,260.2068028047384,253.00648770845257,Down,812
2026-01-09 21:30:00,244.6,246.9,244.1,246.4,248.56936470775594,252.2960984624301,260.0694216823032,253.00648770845257,Down,740
2026-01-09 21:45:00,246.4,247.7,245.8,247.3,248.45396791614178,252.10017303253088,259.9423627600912,253.00648770845257,Down,622
2026-01-09 22:00:00,247.3,248.4,247.0,247.1,248.33087992376525,251.9040878155689,259.8145780560107,253.00648770845257,Down,428
2026-01-09 22:15:00,247.0,247.6,246.4,246.7,248.18261811251386,251.70000594044856,259.68408474202056,253.00648770845257,Down,264
2026-01-09 22:30:00,246.7,246.7,245.9,246.0,247.9841982841035,251.4764762957251,259.5479246948363,253.00648770845257,Down,271
2026-01-09 22:45:00,246.0,246.4,245.5,246.2,247.8219984400941,251.26955565667706,259.4151095237434,252.993089856038,Down,231
2026-01-09 23:00:00,246.2,246.3,245.0,245.1,247.57454403644917,251.0276122975917,259.2726706230097,252.52553623276185,Down,341
2026-01-09 23:15:00,245.1,245.5,244.6,245.1,247.34958548768105,250.79515691337244,259.13164902477075,251.6277602116017,Down,514
2026-01-09 23:30:00,245.1,245.2,244.4,244.5,247.0905322615282,250.54828801480883,258.98606047726065,251.07069110145608,Down,297
2026-01-09 23:45:00,244.5,244.9,243.1,243.1,246.72775660138927,250.2561982887379,258.8279902237556,250.3551737285964,Down,633
2026-01-10 00:00:00,243.1,243.3,242.0,242.3,246.32523327399025,249.94419051270896,258.6635326095889,248.90015793508766,Down,526
2026-01-12 09:00:00,247.0,247.9,245.4,246.5,246.34112115817294,249.8091242180929,258.54250243436917,248.90015793508766,Down,233
2026-01-12 09:15:00,246.5,247.1,243.9,246.8,246.38283741652086,249.69111934679515,258.42566161412674,248.90015793508766,Down,1024
2026-01-12 09:30:00,246.8,247.1,246.2,246.5,246.3934885604735,249.5659774116267,258.3069983144837,248.90015793508766,Down,432
2026-01-12 09:45:00,246.5,246.7,246.2,246.2,246.37589869133953,249.43397829744526,258.18653066956347,248.90015793508766,Down,303
2026-01-12 10:00:00,246.2,246.3,245.5,245.9,246.33263517394502,249.29539091323176,258.0642766330504,248.90015793508766,Down,348
2026-01-12 10:15:00,245.9,246.8,245.8,246.5,246.34785015813182,249.18576774016384,257.9492092038658,248.90015793508766,Down,217
2026-01-12 10:30:00,246.5,246.5,246.1,246.1,246.3253183255744,249.0647572405496,257.83130662472286,248.90015793508766,Down,117
2026-01-12 10:45:00,246.1,246.7,245.8,246.2,246.31392575052215,248.9524138193516,257.71557223044704,248.90015793508766,Down,249
2026-01-12 11:00:00,246.2,246.4,245.7,245.7,246.25811431865648,248.824868179377,257.59601429780577,248.90015793508766,Down,111
2026-01-12 11:15:00,245.6,246.2,245.5,245.6,246.19828574423315,248.69840276057792,257.47665097145943,248.90015793508766,Down,174
2026-01-12 11:30:00,245.6,246.3,244.5,245.3,246.1166234038483,248.56513206408468,257.35549026527576,248.90015793508766,Down,469
2026-01-12 11:45:00,245.3,246.2,245.1,246.0,246.10602127622573,248.46453864980685,257.24250031238745,248.90015793508766,Down,287
2026-01-12 12:00:00,246.0,246.4,245.7,246.4,246.13274661475066,248.38357634981443,257.1346147371398,248.90015793508766,Down,206
2026-01-12 12:15:00,246.4,246.4,246.0,246.1,246.12976964977332,248.29402433609624,257.02481757557626,248.90015793508766,Down,97
2026-01-12 12:30:00,246.1,246.3,245.7,245.8,246.099790590703,248.19621946017088,256.9131278484561,248.90015793508766,Down,226
2026-01-12 12:45:00,245.9,246.4,245.9,246.3,246.11799144609364,248.1218579127132,256.8075245862824,248.90015793508766,Down,139
2026-01-12 13:00:00,246.3,247.3,246.3,246.8,246.17999222372148,248.07002034750877,256.70794722721496,248.90015793508766,Down,322
2026-01-12 13:15:00,247.2,247.6,247.0,247.5,246.2999929306559,248.0476666083908,256.61632586177,248.90015793508766,Down,278
2026-01-12 13:30:00,247.5,248.0,247.3,247.8,246.43635720968717,248.0379541923755,256.5286012263295,248.90015793508766,Down,160
2026-01-12 13:45:00,247.4,247.5,247.0,247.1,246.4966883724429,248.00117167502745,256.43478429870436,248.90015793508766,Down,80
2026-01-12 14:00:00,247.1,247.5,247.0,247.1,246.551534884039,247.9658316093401,256.3419008728466,248.90015793508766,Down,60
2026-01-12 14:15:00,247.1,247.2,246.6,247.2,246.61048625821726,247.93579899720913,256.2509366850571,248.90015793508766,Down,94
2026-01-12 14:30:00,247.2,247.9,246.8,247.6,246.70044205292476,247.9226304090833,256.1648577130665,248.90015793508766,Down,104
2026-01-12 14:45:00,247.6,247.8,246.6,246.6,246.6913109572043,247.87076254990356,256.0696849995037,248.90015793508766,Down,196
2026-01-12 15:00:00,246.6,246.6,245.2,245.6,246.59210087018573,247.78171303814264,255.9655090293594,248.90015793508766,Down,452
2026-01-12 15:15:00,245.4,246.2,245.4,246.2,246.55645533653248,247.71968507586254,255.86833978528617,248.90015793508766,Down,127
2026-01-12 15:30:00,246.2,246.6,246.0,246.2,246.5240503059386,247.66008958269148,255.77213739936295,248.90015793508766,Down,366
2026-01-12 15:45:00,246.2,247.0,246.2,246.6,246.53095482358052,247.61851744219376,255.68087235061307,248.90015793508766,Down,204
2026-01-12 16:00:00,246.6,247.0,246.3,246.7,246.54632256689138,247.58249715034304,255.59151043667666,248.90015793508766,Down,159
2026-01-12 16:15:00,246.7,247.4,246.7,246.8,246.56938415171942,247.5518109875845,255.50403272088883,248.90015793508766,Down,231
2026-01-12 16:30:00,246.8,247.2,246.8,247.0,246.60853104701766,247.53017134101256,255.41941547988498,248.90015793508766,Down,112
2026-01-12 16:45:00,247.0,247.3,246.6,247.2,246.66230095183423,247.5172234452866,255.3376302512294,248.90015793508766,Down,175
2026-01-12 17:00:00,247.2,247.2,246.5,246.6,246.65663722894018,247.4812538984126,255.25068865668982,248.90015793508766,Down,219
2026-01-12 17:15:00,246.3,247.4,245.6,247.2,246.70603384449106,247.47022433376898,255.1705823018969,248.90015793508766,Down,616
2026-01-12 17:30:00,247.2,247.5,246.3,246.4,246.67821258590095,247.42825475205257,255.08331282625613,248.90015793508766,Down,159
2026-01-12 17:45:00,246.3,247.3,246.3,247.3,246.73473871445543,247.42322515393286,255.00586692748743,248.90015793508766,Down,106
2026-01-12 18:00:00,247.3,247.3,245.8,245.8,246.64976246768674,247.35956926554334,254.9142662615423,248.90015793508766,Down,306
2026-01-12 18:15:00,245.7,246.2,244.3,245.6,246.55432951607884,247.29056654924753,254.82158699525831,248.90015793508766,Down,745
2026-01-12 18:30:00,245.6,246.0,245.2,246.0,246.50393592370804,247.23995609633587,254.73381001023088,248.90015793508766,Down,428
2026-01-12 18:45:00,246.0,246.8,243.2,244.3,246.30357811246185,247.12466370040116,254.62999100515398,248.90015793508766,Down,772
2026-01-12 19:00:00,244.3,245.8,243.1,245.4,246.22143464769258,247.0570298297972,254.53815029863506,248.90015793508766,Down,855
2026-01-12 19:15:00,245.4,246.0,244.7,245.2,246.1285769524478,246.98420513058946,254.4452333802407,248.90015793508766,Down,542
2026-01-12 19:30:00,245.2,245.7,244.3,245.4,246.06234268404344,246.9220794391938,254.35523105804927,248.90015793508766,Down,718
2026-01-12 19:45:00,245.4,246.8,245.0,245.6,246.02031153094856,246.8702331866764,254.26811433110353,248.90015793508766,Down,1053
2026-01-12 20:00:00,245.6,245.6,244.3,244.5,245.8821013917714,246.77728286563027,254.17091916362986,248.90015793508766,Down,662
2026-01-12 20:15:00,244.5,246.9,244.2,246.3,245.92009217433767,246.75856589050753,254.09260156001167,248.90015793508766,Down,1367
2026-01-12 20:30:00,246.4,246.8,245.7,246.3,245.9546292493979,246.7405829144092,254.0150632360315,248.90015793508766,Down,864
2026-01-12 20:45:00,246.3,247.1,246.0,246.2,245.9769356812708,246.7193835844324,253.9373014127874,248.90015793508766,Down,637
2026-01-12 21:00:00,246.2,246.9,245.8,246.9,246.06085061933706,246.72646658112134,253.86727851315771,248.90015793508766,Down,434
2026-01-12 21:15:00,246.9,247.0,246.3,246.8,246.12804601757915,246.7293502446068,253.7969573339223,248.90015793508766,Down,219
2026-01-12 21:30:00,246.6,248.1,245.8,245.8,246.09822365234467,246.69290513697516,253.71738561915691,248.90015793508766,Down,809
2026-01-12 21:45:00,245.8,247.3,245.2,247.0,246.18020332031335,246.70494807278007,253.65054596125486,248.90015793508766,Down,721
2026-01-12 22:00:00,247.0,248.8,246.3,248.6,246.4001848366485,246.77926383463185,253.60029177258568,248.90015793508766,Down,807
2026-01-12 22:15:00,248.6,250.2,248.3,249.5,246.681986215135,246.88595937052864,253.55949284947536,243.58342867966095,Up,1497
2026-01-12 22:30:00,249.5,249.6,248.8,249.5,246.93816928648636,246.9884707677628,253.519099885799,243.58342867966095,Up,441
2026-01-12 22:45:00,249.5,249.7,248.9,248.9,247.1165175331694,247.06343269843876,253.47313869290548,243.58342867966095,Up,382
2026-01-12 23:00:00,248.9,249.8,248.3,249.1,247.29683412106309,247.14329808281374,253.42962487506563,243.58342867966095,Up,478
2026-01-12 23:15:00,249.1,251.9,248.9,251.6,247.68803101914824,247.31807070701714,253.41141965242815,243.90844383009957,Up,954
2026-01-12 23:30:00,251.6,251.8,250.2,250.6,247.95275547195294,247.44677381654589,253.38344532752836,244.51676711827233,Up,676
2026-01-12 23:45:00,250.6,252.5,250.6,252.3,248.34795951995721,247.63709641197548,253.3726647770057,244.96524283479303,Up,515
2026-01-13 00:00:00,252.4,253.0,252.1,253.0,248.7708722908702,247.84740635660387,253.36895666977182,246.2365843952664,Up,415
2026-01-13 09:00:00,253.4,254.0,252.2,253.9,249.23715662806381,248.08476297007041,253.3742406830079,246.70598581387853,Up,114
2026-01-13 09:15:00,253.6,254.4,253.3,254.0,249.6701423891489,248.31673304967552,253.38046714387352,247.63725983079868,Up,757
2026-01-13 09:30:00,254.1,254.1,253.4,253.9,250.05467489922628,248.5356846947863,253.385636625029,247.84750893708969,Up,242
2026-01-13 09:45:00,253.9,254.0,253.2,253.3,250.34970445384207,248.72252058910843,253.38478451930732,247.9431899428088,Up,158
2026-01-13 10:00:00,253.4,253.7,253.2,253.7,250.65427677622006,248.9177158601238,253.38792099175203,248.12562722073528,Up,193
2026-01-13 10:15:00,253.6,254.0,253.2,254.0,250.9584334329273,249.1170211205111,253.39401133014258,248.46875201885024,Up,120
2026-01-13 10:30:00,254.0,254.3,253.6,253.8,251.21675766629753,249.3006673510793,253.39805101839988,249.0306836535002,Up,166
2026-01-13 10:45:00,253.8,254.3,253.8,254.3,251.49705242390684,249.4967196118213,253.40702563513224,249.3960760486366,Up,162
2026-01-13 11:00:00,254.3,254.3,253.7,254.3,251.7518658399153,249.68508354861262,253.4159109521956,249.55097822603324,Up,157
2026-01-13 11:15:00,254.3,254.3,252.3,253.5,251.9107871271957,249.8346881153337,253.4167476591389,249.55097822603324,Up,437
2026-01-13 11:30:00,253.4,254.2,253.0,254.0,252.1007155701779,249.9980336794383,253.42255116501815,249.55097822603324,Up,262
2026-01-13 11:45:00,253.9,256.2,253.7,255.5,252.40974142743443,250.21379706455838,253.44322229770455,249.70054712699715,Up,706
2026-01-13 12:00:00,255.2,256.1,254.3,254.8,252.627037661304,250.3936481600659,253.45672257334928,249.77322466090655,Up,517
2026-01-13 12:15:00,254.8,256.6,254.6,256.3,252.9609433284582,250.62526980084766,253.48501389102742,249.93929514627865,Up,296
2026-01-13 12:30:00,256.6,257.6,256.5,257.0,253.32813029859835,250.87525922042227,253.51998887718636,251.43117740570787,Up,568
2026-01-13 12:45:00,256.8,257.4,256.3,256.3,253.59830027145304,251.08799415295474,253.54765067940343,251.43117740570787,Up,253
2026-01-13 13:00:00,256.3,256.5,255.4,255.4,253.7620911558664,251.25709242146633,253.56608201592678,251.43117740570787,Up,265
2026-01-13 13:15:00,255.4,255.7,254.9,254.9,253.86553741442398,251.39995154219315,253.57935483168873,251.43117740570787,Up,162
2026-01-13 13:30:00,255.0,256.7,254.9,256.1,254.06867037674905,251.58426716798948,253.6044358781396,251.43117740570787,Up,239
2026-01-13 13:45:00,256.0,256.8,255.2,256.7,254.30788216068095,251.7848841417938,253.63523751119297,251.43117740570787,Up,162
2026-01-13 14:00:00,256.7,257.0,256.2,256.5,254.50716560061903,251.9697906460372,253.66374261058408,251.43117740570787,Up,234
2026-01-13 14:15:00,256.5,256.5,255.9,256.0,254.64287781874458,252.12783807168282,253.68698895276734,251.43117740570787,Up,105
2026-01-13 14:30:00,256.0,257.0,256.0,256.6,254.82079801704054,252.30321697083252,253.71597413731695,251.5804971433434,Up,186
2026-01-13 14:45:00,256.6,256.7,256.2,256.4,254.96436183367322,252.4638751288391,253.74268086231876,251.79590649394854,Up,84
2026-01-13 15:00:00,256.4,257.0,256.4,256.8,255.13123803061202,252.63391924143366,253.77310194826586,252.25082408540774,Up,113
2026-01-13 15:15:00,256.8,256.8,256.4,256.6,255.26476184601094,252.78945182020098,253.8012302870891,252.40984007764342,Up,79
2026-01-13 15:30:00,256.5,256.6,256.2,256.3,255.3588744054645,252.92712037627155,253.82609366731708,252.44530916149398,Up,201
2026-01-13 15:45:00,256.5,256.5,256.2,256.4,255.4535221867859,253.06331173406483,253.8517046756025,252.64573560135818,Up,139
2026-01-13 16:00:00,256.4,256.8,256.4,256.8,255.57592926071445,253.20984852880738,253.88104094748707,253.08703236487108,Up,134
2026-01-13 16:15:00,256.8,257.0,256.4,256.8,255.68720841883132,253.35063878257964,253.91008531616882,253.28821124079184,Up,213
2026-01-13 16:30:00,256.8,258.3,256.8,257.9,255.88837128984665,253.52904510483143,253.94978595978904,253.90291930981078,Up,548
2026-01-13 16:45:00,257.9,259.8,257.9,259.8,256.2439738998606,253.77496490464196,254.00799704476626,254.8435630089189,Up,762
2026-01-13 17:00:00,259.8,260.8,259.6,260.2,256.60361263623685,254.02692706524425,254.06960901447007,256.12142091719903,Up,716
2026-01-13 17:15:00,260.2,261.2,260.0,261.2,257.02146603294256,254.30822404307781,254.14055817850522,256.45583719745366,Up,681
2026-01-13 17:30:00,261.2,261.5,260.8,261.3,257.41042366631143,254.58241133550615,254.21179640558478,257.1280338158669,Up,691
2026-01-13 17:45:00,261.2,261.7,260.7,261.5,257.7822033330104,254.85368932234906,254.28431584433517,257.1800307416972,Up,620
2026-01-13 18:00:00,261.5,261.8,260.7,261.8,258.147457575464,255.1260936626491,254.35909877125724,257.195482492452,Up,663
2026-01-13 18:15:00,261.8,263.0,261.8,262.6,258.55223415951275,255.41918802881975,254.44109778845868,258.27771135677455,Up,171
2026-01-13 18:30:00,263.3,263.3,261.6,261.8,258.84748559955705,255.6694159492582,254.5143206960362,258.27771135677455,Up,810
2026-01-13 18:45:00,261.6,263.5,261.6,262.8,259.2068050905064,255.94904669634613,254.5967652662249,258.27771135677455,Up,798
2026-01-13 19:00:00,262.8,262.9,260.0,261.0,259.3698228095513,256.14712329648944,254.66047904467044,258.27771135677455,Up,1127
2026-01-13 19:15:00,260.8,261.9,259.3,261.8,259.59074800868297,256.3688047358428,254.73151905417623,258.27771135677455,Up,1117
2026-01-13 19:30:00,261.8,262.7,258.6,258.7,259.5097709169845,256.4602241579666,254.77100642677152,258.27771135677455,Up,1356
2026-01-13 19:45:00,258.7,259.2,255.8,256.3,259.217973560895,256.4539408576542,254.78622029317182,264.7441628025464,Down,1671
2026-01-13 20:00:00,256.4,257.3,255.2,256.2,258.9436123280864,256.44398239264814,254.80028775294124,263.6936958977911,Down,1010
2026-01-13 20:15:00,256.3,256.4,254.4,255.4,258.62146575280576,256.40304190666194,254.80625503898165,262.8942689979919,Down,1123
2026-01-13 20:30:00,255.4,256.3,254.1,256.2,258.4013325025507,256.3950794789497,254.8201231480465,262.81297181635625,Down,862
2026-01-13 20:45:00,256.3,257.8,256.1,257.0,258.27393863868247,256.41880185232424,254.84181346498139,262.81297181635625,Down,713
2026-01-13 21:00:00,256.9,257.3,255.3,256.3,258.0944896715295,256.41414295615465,254.8563227837378,262.81297181635625,Down,1051
2026-01-13 21:15:00,256.5,259.1,256.0,258.9,258.16771788320864,256.51162754610937,254.8965583779295,262.81297181635625,Down,1134
2026-01-13 21:30:00,258.9,259.6,257.9,259.0,258.24337989382605,256.6092107795953,254.93738864282574,262.81297181635625,Down,788
2026-01-13 21:45:00,259.0,260.4,258.1,259.9,258.39398172166,256.7382613372582,254.98676786031007,262.81297181635625,Down,755
2026-01-13 22:00:00,259.9,260.1,256.4,257.9,258.34907429241815,256.78381971618927,255.0157552447846,262.81297181635625,Down,1450
2026-01-13 22:15:00,257.9,259.1,257.2,259.0,258.4082493567438,256.87072874692694,255.05539947120465,262.81297181635625,Down,529
2026-01-13 22:30:00,259.0,259.5,258.2,259.2,258.48022668794886,256.9620727176357,255.09663927746132,262.81297181635625,Down,450
2026-01-13 22:45:00,259.1,260.2,258.2,258.3,258.46384244358984,257.014540454199,255.12851351350648,262.81297181635625,Down,742
2026-01-13 23:00:00,258.7,258.7,256.7,257.3,258.35803858508166,257.02573494619116,255.15012034421787,262.81297181635625,Down,619
2026-01-13 23:15:00,257.3,258.3,256.4,258.1,258.3345805318924,257.067862987517,255.1794723805938,262.81297181635625,Down,597
2026-01-13 23:30:00,258.0,258.5,256.7,258.0,258.30416411990217,257.1044173801634,255.2075373320307,262.81297181635625,Down,685
2026-01-13 23:45:00,257.9,260.1,257.9,259.3,258.3946946544565,257.1905186593727,255.24825835360255,262.81297181635625,Down,956
2026-01-14 00:00:00,259.3,259.6,257.2,259.6,258.5042678676877,257.285008123711,255.291559265507,262.81297181635625,Down,723
2026-01-14 09:00:00,259.9,260.0,258.3,259.5,258.5947889706252,257.37187055023213,255.33343429769104,262.81297181635625,Down,33
2026-01-14 09:15:00,259.5,260.0,259.2,260.0,258.7225354278411,257.47493445022303,255.37986778726625,262.81297181635625,Down,378
2026-01-14 09:30:00,260.1,260.1,258.8,259.4,258.7841231162192,257.55042721688096,255.41986910281585,262.81297181635625,Down,303
2026-01-14 09:45:00,259.4,260.1,259.3,259.9,258.88556646929015,257.6425673260229,255.46444751970327,262.81297181635625,Down,346
2026-01-14 10:00:00,259.9,260.5,259.7,260.4,259.02324224480924,257.75070194068866,255.51355749463158,262.81297181635625,Down,320
2026-01-14 10:15:00,260.4,261.0,260.4,260.4,259.1484020407357,257.85459598223025,255.56217881309297,262.81297181635625,Down,256
2026-01-14 10:30:00,260.4,260.8,260.3,260.5,259.27127458248697,257.95833731626044,255.61131136221644,262.81297181635625,Down,129
2026-01-14 10:45:00,260.5,261.1,260.2,260.4,259.37388598407904,258.05408879405417,255.65896000537847,262.81297181635625,Down,267
2026-01-14 11:00:00,260.2,261.2,260.2,260.9,259.51262362189,258.16569315507166,255.71110965706626,262.81297181635625,Down,255
2026-01-14 11:15:00,260.9,261.1,260.3,260.5,259.60238511080905,258.2572345999708,255.75876030724473,262.81297181635625,Down,114
2026-01-14 11:30:00,260.5,260.6,260.2,260.4,259.67489555528095,258.3412646156582,255.80494179672488,262.81297181635625,Down,95
2026-01-14 11:45:00,260.4,261.9,260.4,260.8,259.77717777752815,258.43768561112256,255.85464386839928,262.81297181635625,Down,505
2026-01-14 12:00:00,260.8,261.0,258.3,258.9,259.6974343432074,258.45581558715696,255.88494591946,262.81297181635625,Down,684
2026-01-14 12:15:00,258.8,258.9,257.4,258.8,259.61584940291584,258.4693130151116,255.9139514326992,262.81297181635625,Down,405
2026-01-14 12:30:00,258.8,259.2,258.5,258.6,259.52349945719624,258.47443799491117,255.94067828411514,262.81297181635625,Down,185
2026-01-14 12:45:00,258.6,259.2,258.6,258.9,259.4668176883602,258.4911267009931,255.97012427133788,262.81297181635625,Down,73
2026-01-14 13:00:00,258.9,259.4,257.7,257.7,259.30619789850925,258.46010212448357,255.9873369651554,262.81297181635625,Down,281
2026-01-14 13:15:00,257.7,257.8,257.1,257.4,259.13290718046295,258.4185294921509,256.00139331376084,262.49764046181997,Down,262
2026-01-14 13:30:00,257.4,257.7,257.3,257.4,258.9753701640572,258.3785871591254,256.01530979820103,262.2342186016545,Down,111
2026-01-14 13:45:00,257.4,257.5,256.0,257.0,258.7957910582338,258.3245249175911,256.02510771065675,261.59928963786774,Down,488
2026-01-14 14:00:00,257.0,257.3,256.5,256.9,258.6234464165762,258.26866119533264,256.0338131065706,261.59928963786774,Down,396
2026-01-14 14:15:00,256.9,257.0,255.5,257.0,258.47586037870565,258.21890977590783,256.04342690650526,261.06759474203943,Down,471
2026-01-14 14:30:00,257.0,257.2,256.6,256.8,258.32350943518696,258.163266255284,256.0509549969878,261.06759474203943,Down,133
2026-01-14 14:45:00,256.8,257.2,256.2,257.1,258.2122813047154,258.1215695393905,256.0613932557243,261.06759474203943,Down,293
2026-01-14 15:00:00,257.1,257.1,256.7,256.8,258.08389209519584,258.0697432829439,256.06874257656284,261.06759474203943,Down,62
2026-01-14 15:15:00,256.8,257.4,256.5,257.4,258.0217200865417,258.0434788404755,256.0819889190846,261.06759474203943,Down,238
2026-01-14 15:30:00,257.4,258.6,257.4,258.5,258.06520007867425,258.0613816310451,256.106048730835,261.06759474203943,Down,288
2026-01-14 15:45:00,258.5,259.1,258.4,258.5,258.10472734424934,258.0785823513963,256.1298691414735,261.06759474203943,Down,251
2026-01-14 16:00:00,258.5,259.5,258.2,259.4,258.222479403863,258.1304026513415,256.1624077569812,261.06759474203943,Down,300
2026-01-14 16:15:00,259.4,260.7,259.4,259.5,258.33861763987545,258.1841123512889,256.1956176300461,261.06759474203943,Down,817
2026-01-14 16:30:00,259.5,259.5,258.5,258.7,258.37147058170495,258.20434323947364,256.22053685760784,261.06759474203943,Down,321
2026-01-14 16:45:00,258.6,260.6,258.0,260.2,258.53770052882265,258.28260428890604,256.26013350579086,261.06759474203943,Down,482
2026-01-14 17:00:00,260.2,260.2,258.8,259.2,258.59790957165694,258.3185805913019,256.2893859087183,261.06759474203943,Down,177
2026-01-14 17:15:00,259.1,259.4,256.7,257.1,258.4617359742336,258.2707931171332,256.29745172057187,261.06759474203943,Down,699
2026-01-14 17:30:00,257.2,257.9,257.2,257.5,258.37430543112146,258.2405659360692,256.3094173750936,261.06759474203943,Down,456
2026-01-14 17:45:00,257.5,258.0,256.7,256.8,258.231186755565,258.18407315426253,256.3142987942469,261.06759474203943,Down,547
2026-01-14 18:00:00,256.7,257.0,256.2,256.6,258.0828970505136,258.12195263840914,256.3171415923141,261.06759474203943,Down,761
2026-01-14 18:15:00,256.6,256.9,253.7,254.7,257.7753609550124,257.9877584172951,256.3010506311966,261.0592783269587,Down,1005
2026-01-14 18:30:00,254.7,255.0,253.3,253.7,257.4048735954658,257.8196110283816,256.27516953038867,260.0038893881443,Down,761
2026-01-14 18:45:00,253.5,253.8,251.0,251.8,256.89533963224164,257.583547850798,256.23064048033507,258.7398994437675,Down,1482
2026-01-14 19:00:00,251.9,252.7,250.5,251.0,256.35939966567423,257.3253695037079,256.1785943064014,258.1635449488796,Down,871
2026-01-14 19:15:00,251.0,251.4,249.8,250.3,255.80854515061293,257.04986481728804,256.12010083071584,257.14867722625416,Down,885
2026-01-14 19:30:00,250.3,250.6,248.5,248.6,255.15322286419357,256.71849756955123,256.0452739567784,256.2669792965947,Down,789
2026-01-14 19:45:00,248.5,249.5,247.4,248.0,254.5029298765396,256.3765957040786,255.9652214795965,255.3199811787224,Down,1323
2026-01-14 20:00:00,248.0,248.1,247.0,247.5,253.86629988776326,256.0284939117618,255.88099042009804,254.19543743520222,Down,890
2026-01-14 20:15:00,247.7,248.5,247.3,247.8,253.31481807978477,255.70580787600645,255.80058255522144,254.19543743520222,Down,644
2026-01-14 20:30:00,247.8,248.7,247.5,247.7,252.80438007253161,255.391854625967,255.71997974372673,254.19543743520222,Down,623
2026-01-14 20:45:00,247.5,247.8,246.4,247.4,252.31307279321055,255.0784485622036,255.63719387562995,253.35923173193254,Down,671
2026-01-14 21:00:00,247.4,247.9,246.1,246.1,251.74824799382776,254.7263525401564,255.54229642413114,253.34475611993867,Down,567
2026-01-14 21:15:00,246.1,246.9,244.5,245.1,251.1438618125707,254.34884851897382,255.43839297712486,252.34068738176242,Down,883
2026-01-14 21:30:00,245.1,245.9,244.6,244.7,250.55805619324607,253.9704623025435,255.33154329576044,251.7597158016022,Down,512
2026-01-14 21:45:00,244.7,244.9,243.7,244.4,249.99823290295097,253.59515005538495,255.22277172067828,250.65428709236565,Down,742
2026-01-14 22:00:00,244.4,244.8,243.0,243.5,249.40748445722815,253.19926181791888,255.1061272259452,250.33117008396877,Down,913
2026-01-14 22:15:00,243.5,243.6,243.0,243.0,248.8249858702074,252.7992907662358,254.9856682485726,249.36470007633525,Down,815
2026-01-14 22:30:00,243.0,243.0,240.1,242.2,248.22271442746128,252.3836323048148,254.85844766898484,248.11790916030478,Down,1165
2026-01-14 22:45:00,242.2,243.5,241.5,243.1,247.7570131158739,252.0195682928613,254.74144818969148,248.11790916030478,Down,765
2026-01-14 23:00:00,243.1,244.9,243.0,244.9,247.49728465079443,251.7403695362785,254.64352333208262,248.11790916030478,Down,539
2026-01-14 23:15:00,244.8,245.3,242.3,242.7,247.06116786435857,251.3858452407382,254.52468230390272,248.11790916030478,Down,683
2026-01-14 23:30:00,243.1,243.9,242.5,243.9,246.7737889675987,251.0922826822779,254.4189640720231,248.11790916030478,Down,555
2026-01-14 23:45:00,243.9,244.4,242.5,242.6,246.3943536069079,250.75925198885523,254.30136243946566,248.11790916030478,Down,601
2026-01-15 00:00:00,242.6,242.6,241.8,241.8,245.97668509718903,250.407908773606,254.17697077340134,248.11790916030478,Down,647
2026-01-15 17:00:00,245.0,248.0,245.0,247.1,246.0788046338082,250.27818686091558,254.10655315376553,248.11790916030478,Down,173
2026-01-15 17:15:00,247.1,250.0,247.0,248.4,246.2898223943711,250.20453247421304,254.049771530345,241.77484509487422,Up,1478
2026-01-15 17:30:00,248.3,248.7,248.1,248.4,246.48165672215555,250.13376649483214,253.9935548982023,241.77484509487422,Up,741
2026-01-15 17:45:00,248.4,248.6,246.7,247.9,246.6105970201414,250.0461678087603,253.9329225111555,241.77484509487422,Up,1129
2026-01-15 18:00:00,247.9,249.7,247.2,248.9,246.8187245637649,250.001220051554,253.88284368019873,241.77484509487422,Up,976
2026-01-15 18:15:00,248.9,249.5,246.3,246.7,246.80793142160445,249.87176044168913,253.81137259880373,241.77484509487422,Up,1084
2026-01-15 18:30:00,246.7,247.9,245.6,247.0,246.82539220145858,249.7591423851523,253.74359774707435,241.77484509487422,Up,969
2026-01-15 18:45:00,247.0,248.0,246.0,247.3,246.86853836496232,249.66270542887182,253.67948234660597,241.77484509487422,Up,788
2026-01-15 19:00:00,247.3,247.6,244.0,244.3,246.63503487723847,249.45240325519057,253.5861541640527,241.77484509487422,Up,1050
2026-01-15 19:15:00,244.3,245.7,243.0,243.8,246.37730443385314,249.230740382438,253.48877949575365,241.77484509487422,Up,861
2026-01-15 19:30:00,243.8,244.5,242.5,243.5,246.11573130350283,249.00600546547966,253.3893886549999,241.77484509487422,Up,821
2026-01-15 19:45:00,243.6,243.9,240.8,241.6,245.70521027591167,248.7155738785981,253.27208130519892,251.8620176846137,Down,1153
2026-01-15 20:00:00,241.7,242.7,241.2,242.1,245.37746388719242,248.45613960884916,253.16091631708753,251.14274334964878,Down,613
2026-01-15 20:15:00,242.0,242.0,240.6,241.4,245.015876261084,248.1794282516394,253.04389227413145,250.20249395422618,Down,776
2026-01-15 20:30:00,241.4,243.2,241.2,243.2,244.85079660098546,247.98415655549667,252.94594309727444,250.20249395422618,Down,671
2026-01-15 20:45:00,243.2,244.4,242.9,244.2,244.79163327362312,247.83575825920266,252.85891878784884,250.20249395422618,Down,824
2026-01-15 21:00:00,244.2,244.5,240.5,240.9,244.43784843056648,247.56376773923392,252.73992457105433,250.20249395422618,Down,866
2026-01-15 21:15:00,241.1,241.1,237.1,238.4,243.8889531186968,247.20440429847966,252.59723875442694,248.9545823060079,Down,2447
2026-01-15 21:30:00,238.4,239.5,238.0,239.0,243.4445028351789,246.88266295344124,252.4619428464227,248.25416573273446,Down,810
2026-01-15 21:45:00,239.0,241.0,239.0,240.0,243.13136621379897,246.6127546023259,252.33794341511503,248.25416573273446,Down,1004
2026-01-15 22:00:00,240.0,240.3,238.7,239.8,242.82851473981725,246.34558775517587,252.21318775924325,248.25416573273446,Down,798
2026-01-15 22:15:00,239.8,240.5,239.5,240.2,242.5895588543793,246.1045843137964,252.09365355268363,248.25416573273446,Down,341
2026-01-15 22:30:00,240.2,241.2,240.0,240.8,242.42687168579937,245.89656139952987,251.9812788904679,248.25416573273446,Down,385
2026-01-15 22:45:00,240.8,241.5,240.2,240.8,242.2789742598176,245.69669624660713,251.8700223840951,248.25416573273446,Down,297
2026-01-15 23:00:00,240.8,241.0,240.1,240.8,242.14452205437965,245.50466894281863,251.75987290763646,248.15468385380717,Down,251
2026-01-15 23:15:00,240.8,244.7,240.8,244.5,242.3586564130724,245.4652701607473,251.68763536626696,248.15468385380717,Down,1242
2026-01-15 23:30:00,244.5,244.5,242.9,244.2,242.52605128461124,245.41565172307094,251.61313153177676,248.15468385380717,Down,882
2026-01-15 23:45:00,244.2,245.6,243.7,244.3,242.68731934964657,245.37190067510738,251.54036405384863,248.15468385380717,Down,807
2026-01-16 00:00:00,244.3,245.5,243.6,245.5,242.94301759058777,245.37692417804436,251.4802609289347,248.15468385380717,Down,603
2026-01-16 09:00:00,245.4,246.3,244.5,245.5,243.17547053689796,245.38175068086616,251.42075584506472,248.15468385380717,Down,93
2026-01-16 09:15:00,245.5,245.7,245.0,245.4,243.37770048808906,245.38246634044003,251.36084782670588,248.15468385380717,Down,483
2026-01-16 09:30:00,245.4,245.9,245.3,245.3,243.55245498917188,245.37923236630513,251.30054088315657,248.15468385380717,Down,343
2026-01-16 09:45:00,245.3,245.7,245.0,245.1,243.69314089924714,245.36828207743045,251.23884395894606,248.15468385380717,Down,158
2026-01-16 10:00:00,245.1,246.0,245.0,245.5,243.8574008174974,245.37344748615868,251.18174103398144,248.15468385380717,Down,292
2026-01-16 10:15:00,245.5,246.0,245.4,245.9,244.04309165227033,245.39409660434856,251.1291863968274,248.15468385380717,Down,150
2026-01-16 10:30:00,245.9,245.9,245.4,245.8,244.202810592973,245.4100143845702,251.07615966651073,248.15468385380717,Down,70
2026-01-16 10:45:00,245.8,246.0,245.5,245.8,244.34800962997545,245.42530793811645,251.02366056535143,248.15468385380717,Down,141
2026-01-16 11:00:00,245.8,246.4,245.6,245.6,244.4618269363413,245.4321586072099,250.9696937935569,248.15468385380717,Down,328
2026-01-16 11:15:00,245.6,247.4,245.6,247.3,244.7198426694012,245.5054072892801,250.93317942745188,248.15468385380717,Down,606
2026-01-16 11:30:00,247.3,247.5,245.6,245.6,244.7998569721829,245.50911680734754,250.8801129654872,248.15468385380717,Down,540
2026-01-16 11:45:00,245.6,246.3,245.1,245.8,244.89077906562082,245.52052399137312,250.82956457777092,248.15468385380717,Down,655
2026-01-16 12:00:00,245.8,246.1,244.8,245.5,244.946162786928,245.51971912896633,250.77653408445977,248.15468385380717,Down,601
2026-01-16 12:15:00,245.5,245.5,244.6,244.8,244.93287526084362,245.49149484939903,250.7170660836194,248.15468385380717,Down,258
2026-01-16 12:30:00,244.8,245.8,244.4,245.8,245.0117047825851,245.50359309059905,250.66814005293662,248.15468385380717,Down,516
2026-01-16 12:45:00,245.8,246.5,244.9,245.6,245.06518616598646,245.5073737537128,250.61771079867856,248.15468385380717,Down,392
2026-01-16 13:00:00,245.6,246.0,245.3,245.6,245.11380560544222,245.511006155528,250.56778332804495,248.15468385380717,Down,101
2026-01-16 13:15:00,245.6,245.8,245.4,245.5,245.14891418676564,245.51057454158573,250.5173576232883,248.15468385380717,Down,222
2026-01-16 13:30:00,245.5,246.2,245.5,245.7,245.19901289705967,245.51800299093532,250.4694237165889,248.15468385380717,Down,124
2026-01-16 13:45:00,245.7,246.2,245.7,245.9,245.26273899732695,245.53298326580062,250.42395681393626,248.15468385380717,Down,183
2026-01-16 14:00:00,246.1,246.2,245.9,246.0,245.32976272484268,245.55129764753394,250.37993734315083,248.15468385380717,Down,182
2026-01-16 14:15:00,246.0,246.1,245.6,245.8,245.3725115680388,245.56105068096397,250.3343658272986,248.15468385380717,Down,126
2026-01-16 14:30:00,246.1,246.1,245.7,245.9,245.42046506185343,245.57434281112228,250.2902427842409,248.15468385380717,Down,70
2026-01-16 14:45:00,245.9,246.0,245.6,245.8,245.45496823804856,245.58319211264688,250.2455637515619,248.15468385380717,Down,53
2026-01-16 15:00:00,245.8,246.3,245.7,246.3,245.53178930731687,245.61130222587641,250.20630441075036,248.15468385380717,Down,126
2026-01-16 15:15:00,246.3,246.3,245.8,246.1,245.58344482483352,245.6304668444695,250.16544566039462,248.15468385380717,Down,135
2026-01-16 15:30:00,246.1,246.7,246.1,246.6,245.67585893166682,245.66848775252953,250.12996858914693,248.15468385380717,Down,311
2026-01-16 15:45:00,246.7,247.0,246.4,246.6,245.75987175606073,245.7050176445872,250.09484452358328,248.15468385380717,Down,234
2026-01-16 16:00:00,246.6,246.7,245.7,245.7,245.75442886914612,245.70482087421124,250.05111472732872,248.15468385380717,Down,349
2026-01-16 16:15:00,245.7,245.9,245.2,245.5,245.73129897195102,245.6967886830657,250.0058300036737,248.15468385380717,Down,370
2026-01-16 16:30:00,245.5,245.8,245.0,245.6,245.71936270177366,245.69299304843568,249.96199089915956,248.15468385380717,Down,699
2026-01-16 16:45:00,245.6,246.3,245.0,246.2,245.7630570016124,245.71287567398724,249.9245581538943,248.15468385380717,Down,1379
2026-01-16 17:00:00,246.2,247.3,246.2,247.0,245.87550636510218,245.76335113775247,249.89545807276104,248.15468385380717,Down,945
2026-01-16 17:15:00,246.9,248.0,246.6,247.9,246.05955124100197,245.84714128921317,249.87560276855447,248.15468385380717,Down,685
2026-01-16 17:30:00,247.9,248.2,247.3,247.4,246.1814102190927,245.908037709244,249.85096990518576,248.15468385380717,Down,458
2026-01-16 17:45:00,247.4,250.5,247.4,249.9,246.5194638355388,246.064585250058,249.85145776682572,244.504683540825,Up,1284
2026-01-16 18:00:00,249.9,250.7,247.8,248.1,246.6631489413989,246.14440543633023,249.8340303263598,244.504683540825,Up,1255
2026-01-16 18:15:00,248.3,248.8,246.8,247.7,246.75740812854445,246.20540914470945,249.81279619375923,244.504683540825,Up,826
2026-01-16 18:30:00,247.7,248.6,246.6,248.6,246.92491648049494,246.29931466844633,249.80072856994076,244.504683540825,Up,538
2026-01-16 18:45:00,248.6,249.3,247.3,247.5,246.97719680044995,246.34640036772296,249.77783574834933,244.504683540825,Up,618
2026-01-16 19:00:00,247.5,248.2,246.5,247.2,246.99745163677267,246.37987486310638,249.7521856414006,244.504683540825,Up,731
2026-01-16 19:15:00,247.2,247.6,243.8,243.8,246.70677421524786,246.2787032998473,249.69295991362546,252.45205632725882,Down,1480
2026-01-16 19:30:00,243.7,244.2,242.2,242.8,246.3516129229526,246.1422835625984,249.62437324781826,250.06550575205347,Down,1315
2026-01-16 19:45:00,242.8,244.9,242.2,244.6,246.19237538450236,246.08180185426122,249.57437948415838,250.06550575205347,Down,781
2026-01-16 20:00:00,244.5,244.7,242.7,243.5,245.9476139859112,245.9805547227216,249.51393789725134,250.06550575205347,Down,524
2026-01-16 20:15:00,243.5,244.7,243.2,243.9,245.76146725991927,245.8989643414384,249.45807781867174,250.06550575205347,Down,318
2026-01-16 20:30:00,243.9,245.3,243.6,245.2,245.71042478174476,245.87155397510747,249.41570888515264,250.06550575205347,Down,447
2026-01-16 20:45:00,245.2,246.0,243.3,243.4,245.5003861652225,245.77463028980912,249.35585108530037,250.06550575205347,Down,820
2026-01-16 21:00:00,243.5,244.2,243.0,243.5,245.31853287747498,245.68542910197348,249.2975839103223,250.06550575205347,Down,458
2026-01-16 21:15:00,243.5,244.6,242.8,244.2,245.21684807043178,245.62717698032745,249.2468616823589,250.06550575205347,Down,479
2026-01-16 21:30:00,244.2,244.3,243.3,243.5,245.0607709731198,245.5437582752166,249.18967897905188,250.06550575205347,Down,362
2026-01-16 21:45:00,243.6,243.6,242.1,242.3,244.80979179374526,245.41655206834537,249.12112495935983,249.70003431573303,Down,738
2026-01-16 22:00:00,242.3,242.8,241.8,242.7,244.6179925397684,245.3100206146848,249.05723316871945,248.89094028703005,Down,571
2026-01-16 22:15:00,242.7,243.0,242.1,242.8,244.45272049069854,245.21158843371677,248.99497214216504,248.86903662457277,Down,401
2026-01-16 22:30:00,242.9,243.3,242.7,242.8,244.3024731733623,245.11701633827693,248.93333062831266,248.86903662457277,Down,195
2026-01-16 22:45:00,242.8,243.0,241.9,242.0,244.09315743032937,244.99478040344255,248.86434226385185,248.27069142526673,Down,366
2026-01-16 23:00:00,242.0,242.4,241.4,242.2,243.92105220939035,244.88518117193502,248.79803040052997,247.55517402296977,Down,467
2026-01-16 23:15:00,242.2,243.4,242.2,242.9,243.82822928126396,244.80733092989837,248.73934353087296,247.55517402296977,Down,439
2026-01-16 23:30:00,242.9,242.9,242.0,242.6,243.71657207387634,244.72076893264745,248.6782555355409,247.55517402296977,Down,262
2026-01-16 23:45:00,242.6,244.0,242.4,244.0,243.74233824897848,244.69250348430833,248.63170572921712,247.55517402296977,Down,622
2026-01-17 00:00:00,244.0,244.5,243.6,244.1,243.7748529536168,244.66926805355115,248.58661412992143,247.55517402296977,Down,558
2026-01-19 09:00:00,247.1,258.0,247.1,258.0,245.06804813965164,245.19204185537268,248.680279660967,242.66174719624854,Up,13748
2026-01-19 09:15:00,258.0,258.0,258.0,258.0,246.24368012695604,245.69431472378946,248.77301319667876,249.01067926931685,Up,1365
2026-01-19 09:30:00,258.0,297.4,258.0,262.8,247.74880011541458,246.36512591109184,248.912585204672,255.20061751756077,Up,9413
2026-01-19 09:45:00,262.8,311.4,262.7,263.9,249.21709101401325,247.0527680322255,249.0617137100982,255.20061751756077,Up,9757
2026-01-19 10:00:00,263.8,264.5,263.2,264.4,250.59735546728476,247.73305163880488,249.2143334741768,255.20061751756077,Up,1479
2026-01-19 10:15:00,264.4,264.8,264.0,264.5,251.86123224298615,248.39057902551843,249.36642965851337,255.20061751756077,Up,628
2026-01-19 10:30:00,264.5,265.3,264.5,265.1,253.06475658453286,249.04585043628242,249.52298259723463,255.20061751756077,Up,982
2026-01-19 10:45:00,265.0,265.3,265.0,265.3,254.1770514404844,249.68326806623213,249.67996784502336,255.20061751756077,Up,569
2026-01-19 11:00:00,265.3,265.8,264.6,264.6,255.12459221862218,250.26823794598775,249.8284258764162,255.20061751756077,Up,1249
2026-01-19 11:15:00,264.6,264.8,263.8,264.4,255.96781110783834,250.82242469320394,249.97341666371554,255.20061751756077,Up,758
2026-01-19 11:30:00,264.4,265.0,263.7,264.2,256.71619191621664,251.3470354895489,250.11497470686265,255.20061751756077,Up,704
2026-01-19 11:45:00,264.2,264.2,261.0,262.4,257.23290174201514,251.78048507819403,250.2372137645058,255.20061751756077,Up,1795
2026-01-19 12:00:00,262.4,264.6,262.4,264.1,257.85718340183195,252.2636033104217,250.37515193600328,255.20061751756077,Up,709
2026-01-19 12:15:00,264.1,264.7,264.1,264.5,258.4610758198472,252.74346200413066,250.51569768788386,255.20061751756077,Up,427
2026-01-19 12:30:00,264.7,264.9,264.3,264.3,258.991887108952,253.19665957259613,250.65285492482036,255.20061751756077,Up,293
2026-01-19 12:45:00,264.3,264.6,264.0,264.4,259.48353373541096,253.63600625602376,250.78964243800624,255.20061751756077,Up,235
2026-01-19 13:00:00,264.5,265.0,264.3,264.4,259.93048521401,254.05812365774833,250.92506888140917,255.20061751756077,Up,440
2026-01-19 13:15:00,264.4,264.7,264.2,264.3,260.3277138309181,254.45976586724842,251.05815277313647,255.20061751756077,Up,158
2026-01-19 13:30:00,264.3,264.3,263.2,263.3,260.597921664471,254.8064417155916,251.1799621982794,255.20061751756077,Up,428
2026-01-19 13:45:00,263.4,263.4,262.9,262.9,260.80720151315546,255.12383615811743,251.29657948983885,255.20061751756077,Up,289
2026-01-19 14:00:00,262.9,263.1,262.2,262.5,260.9610922846868,255.41309748525006,251.40805631083546,255.20061751756077,Up,255
2026-01-19 14:15:00,262.5,263.0,262.3,262.9,261.13735662244255,255.70670150543634,251.52240400923515,255.20061751756077,Up,465
2026-01-19 14:30:00,262.9,264.2,262.9,264.0,261.39759692949326,256.03192889738006,251.64655919322286,255.20061751756077,Up,394
2026-01-19 14:45:00,264.0,264.6,263.8,264.6,261.6887244813575,256.36793168571813,251.77544915149926,255.2669190954283,Up,307
2026-01-19 15:00:00,264.7,264.7,264.1,264.7,261.96247680123406,256.6946794627488,251.90405164750425,256.0608355412984,Up,147
2026-01-19 15:15:00,264.7,264.7,263.9,264.1,262.15679709203096,256.9850841896998,252.0254043674296,256.42803231027125,Up,159
2026-01-19 15:30:00,264.1,264.9,263.8,264.8,262.3970882654827,257.2915514763783,252.1525147717338,256.7936657366103,Up,303
2026-01-19 15:45:00,264.8,265.1,264.7,264.9,262.62462569589337,257.5899220067164,252.27935542077128,257.88515066964567,Up,358
2026-01-19 16:00:00,264.9,265.5,264.8,265.1,262.84965972353945,257.8844348691981,252.4069240235497,258.518318790587,Up,236
2026-01-19 16:15:00,265.1,265.7,265.0,265.7,263.108781566854,258.1909276194257,252.53919343625068,259.0666534459882,Up,297
2026-01-19 16:30:00,265.7,265.7,264.7,265.3,263.30798324259456,258.4697147716051,252.66616663589,259.1242304054438,Up,273
2026-01-19 16:45:00,265.3,265.8,265.2,265.4,263.49816658417683,258.74149066291466,252.79287144548314,259.7583912776762,Up,208
2026-01-19 17:00:00,265.3,266.7,265.3,266.7,263.78924234925165,259.05358906829053,252.93125083408532,260.27126479788745,Up,858
2026-01-19 17:15:00,266.8,267.4,266.5,267.2,264.0993112265924,259.3730561636517,253.07322843772627,261.4147861798977,Up,871
2026-01-19 17:30:00,267.0,267.3,266.2,266.3,264.2993738423567,259.6447010199791,253.20483810501258,261.4147861798977,Up,528
2026-01-19 17:45:00,266.3,267.4,266.3,266.9,264.53579440214247,259.92922254860736,253.34110837262443,261.51180676024603,Up,439
2026-01-19 18:00:00,266.8,268.8,266.6,268.5,264.89617672922043,260.26533146826984,253.4919431151854,262.04709705476915,Up,1166
2026-01-19 18:15:00,268.5,269.1,268.1,268.8,265.25106975383676,260.6000243518671,253.64426208916368,263.09736095888104,Up,579
2026-01-19 18:30:00,268.8,269.4,268.0,269.4,265.6282452307607,260.9451214361076,253.8010356007143,263.1885099626191,Up,645
2026-01-19 18:45:00,269.4,272.0,269.2,271.9,266.19840475523694,261.3747245170446,253.98112479871716,264.57137269329013,Up,1501
2026-01-19 19:00:00,271.9,272.6,271.8,272.6,266.7803679593063,261.8149313987292,254.16638723853092,266.4285206302638,Up,1346
2026-01-19 19:15:00,272.6,277.0,272.1,272.5,267.30033450846025,262.2339536968182,254.34881124610774,267.52138239114885,Up,1244
2026-01-19 19:30:00,272.7,273.4,272.0,272.7,267.79121318950934,262.6443868851783,254.5314101391813,267.52138239114885,Up,1364
2026-01-19 19:45:00,272.7,275.7,272.7,275.6,268.5011028995539,263.15245014458304,254.7410478492392,267.52138239114885,Up,1743
2026-01-19 20:00:00,275.5,276.9,275.3,276.9,269.26463899959447,263.6915697467563,254.96153493531645,268.82500555307956,Up,1456
2026-01-19 20:15:00,276.9,276.9,273.4,275.8,269.85876272690405,264.1664101488443,255.16888284640783,268.82500555307956,Up,1820
2026-01-19 20:30:00,275.8,277.0,275.0,275.6,270.3806933880946,264.61478622143864,255.37217754445354,268.82500555307956,Up,1528
2026-01-19 20:45:00,275.6,275.7,274.4,274.8,270.78244853463144,265.0142063696175,255.5654892106779,268.82500555307956,Up,707
2026-01-19 21:00:00,274.8,276.2,274.6,276.1,271.26586230421043,265.44894337473056,255.76981270111892,268.82500555307956,Up,979
2026-01-19 21:15:00,276.1,276.2,273.1,273.3,271.45078391291855,265.75682794827054,255.9442424254859,268.82500555307956,Up,998
2026-01-19 21:30:00,273.5,274.0,272.1,273.8,271.66434901174415,266.0722464601031,256.12191165508307,268.82500555307956,Up,1580
2026-01-19 21:45:00,273.8,275.2,273.0,274.4,271.91304455613107,266.39882503029514,256.3037831809031,268.82500555307956,Up,762
2026-01-19 22:00:00,274.3,274.8,271.8,272.8,271.99367686921005,266.64985149969533,256.46792464178964,268.82500555307956,Up,925
2026-01-19 22:15:00,272.7,273.4,271.7,272.8,272.0669789720091,266.89103379382493,256.63043285430916,268.82500555307956,Up,718
2026-01-19 22:30:00,272.8,273.9,272.7,273.7,272.2154354290992,267.15805207642006,256.8002792935698,268.82500555307956,Up,467
2026-01-19 22:45:00,273.7,274.7,273.2,274.3,272.40494129918113,267.43812846558006,256.97440586776315,268.82500555307956,Up,575
2026-01-19 23:00:00,274.3,274.6,273.8,274.1,272.5590375447101,267.69937832967497,257.144809789477,268.82500555307956,Up,435
2026-01-19 23:15:00,274.1,274.3,273.6,274.3,272.7173068588274,267.95822623831515,257.31550819953196,268.82500555307956,Up,386
2026-01-19 23:30:00,274.3,274.6,273.0,273.5,272.78846078075213,268.17555069955773,257.4765479189396,268.82500555307956,Up,556
2026-01-19 23:45:00,273.5,274.0,273.0,273.5,272.8531461643201,268.3843526329084,257.6359852530795,268.82500555307956,Up,571
2026-01-20 00:00:00,273.5,273.5,272.0,272.2,272.793769240291,268.53398586299045,257.78090082270063,268.82500555307956,Up,800
2026-01-20 09:00:00,269.5,269.9,266.0,268.6,272.4125174911736,268.53657465267713,257.88855355083297,276.1686125892548,Down,246
2026-01-20 09:15:00,268.6,268.6,267.0,267.6,271.9750159010669,268.4998462349251,257.9851848587849,275.8532841720498,Down,1581
2026-01-20 09:30:00,267.5,268.5,267.4,268.2,271.63183263733356,268.48808755904565,258.0868248104388,275.67116742913623,Down,861
2026-01-20 09:45:00,268.2,269.4,268.0,268.6,271.35621148848503,268.49247628222037,258.1914335187927,275.67116742913623,Down,905
2026-01-20 10:00:00,268.6,268.8,268.0,268.7,271.11473771680454,268.50061446723134,258.295996369352,275.53484911498856,Down,386
2026-01-20 10:15:00,268.7,269.4,268.0,268.7,270.89521610618596,268.5084335077321,258.3995187935376,275.53484911498856,Down,622
2026-01-20 10:30:00,268.7,269.2,268.5,268.8,270.70474191471453,268.51986748782105,258.5030061687263,275.46392488842037,Down,430
2026-01-20 10:45:00,268.8,268.8,268.0,268.7,270.52249264974046,268.5269315079065,258.60446879391316,274.70356808038207,Down,186
2026-01-20 11:00:00,268.7,269.1,268.2,269.1,270.3931751361277,268.54940478210625,258.7089019402424,274.70356808038207,Down,192
2026-01-20 11:15:00,269.1,271.5,269.0,271.3,270.47561376011606,268.6572712612393,258.83418649805094,274.70356808038207,Down,914
2026-01-20 11:30:00,271.3,272.9,271.0,272.7,270.6778306910146,268.8158096431515,258.97215479160263,274.70356808038207,Down,1358
2026-01-20 11:45:00,272.8,273.5,270.7,271.8,270.77984608274056,268.93283671596913,259.0997950424325,274.70356808038207,Down,1277
2026-01-20 12:00:00,271.8,273.2,271.3,272.1,270.89986007521867,269.0570391976959,259.22915031564213,274.70356808038207,Down,1062
2026-01-20 12:15:00,272.1,273.3,272.1,273.2,271.1089637047442,269.2195082487666,259.36816374533726,274.70356808038207,Down,463
2026-01-20 12:30:00,273.2,274.3,273.0,274.0,271.3717851861311,269.40697851352087,259.5137541558314,274.70356808038207,Down,767
2026-01-20 12:45:00,274.0,274.3,273.0,273.0,271.51980471466464,269.5478813169122,259.64794565676846,274.70356808038207,Down,664
2026-01-20 13:00:00,273.0,273.6,272.6,273.5,271.6998224678769,269.7028663633078,259.7857770432683,274.70356808038207,Down,638
2026-01-20 13:15:00,273.5,273.9,273.1,273.5,271.8634749707972,269.85177356474674,259.92223697318605,274.70356808038207,Down,392
2026-01-20 13:30:00,273.5,273.7,273.4,273.4,272.0031590643611,269.9909196994626,260.05634406798026,274.70356808038207,Down,247
2026-01-20 13:45:00,273.4,273.5,272.5,272.7,272.0665082403283,270.0971581426209,260.1821515896919,274.70356808038207,Down,482
2026-01-20 14:00:00,272.7,273.6,272.6,273.4,272.1877347639348,270.22668135271425,260.31367246939647,274.70356808038207,Down,373
2026-01-20 14:15:00,273.4,274.7,273.0,274.6,272.4070316035771,270.39818404476466,260.4558249821388,274.70356808038207,Down,598
2026-01-20 14:30:00,274.6,274.6,273.1,273.1,272.47002873052463,270.5041376116366,260.58163766888373,274.70356808038207,Down,346
2026-01-20 14:45:00,273.1,273.2,272.4,272.7,272.49093520956785,270.5902498621607,260.7022183885963,274.70356808038207,Down,507
2026-01-20 15:00:00,272.7,273.9,272.4,273.4,272.5735774632435,270.700436142076,260.8285644742819,274.70356808038207,Down,341
2026-01-20 15:15:00,273.4,274.1,273.2,274.0,272.7032522393123,270.8298308031711,260.9596235342393,274.70356808038207,Down,260
2026-01-20 15:30:00,274.0,277.0,274.0,276.7,273.0665929448293,271.06003351677225,261.1162441955902,269.6913302082357,Up,1254
2026-01-20 15:45:00,276.7,277.5,276.4,276.4,273.3696299498448,271.2694439670949,261.2683213677734,271.26939109839606,Up,975
2026-01-20 16:00:00,276.5,276.7,275.7,276.5,273.65420904531345,271.47456381152256,261.41988035913886,271.26939109839606,Up,423
2026-01-20 16:15:00,276.5,277.0,276.3,276.5,273.9129173139213,271.6716397404824,261.56993130083896,271.3701579325587,Up,418
2026-01-20 16:30:00,276.6,277.2,276.3,276.8,274.1753793762921,271.87275190752234,261.72147427296994,271.6228708477807,Up,393
2026-01-20 16:45:00,276.8,277.5,276.5,277.0,274.4321630693564,272.0738204601685,261.87349940458216,271.9753371343461,Up,402
2026-01-20 17:00:00,277.0,278.0,277.0,277.3,274.69287551759675,272.27876867741685,262.0269969229446,272.56848830395097,Up,692
2026-01-20 17:15:00,277.2,277.9,275.9,276.5,274.85715956145157,272.4443071606554,262.1710069038108,272.56848830395097,Up,21995
2026-01-20 17:30:00,276.6,277.9,276.3,277.0,275.05196323768325,272.62296178180617,262.31855907392213,272.56848830395097,Up,860
2026-01-20 17:45:00,277.0,277.1,273.2,274.1,274.9654211251666,272.6808848491863,262.4357873418433,272.56848830395097,Up,2068
2026-01-20 18:00:00,274.0,276.8,274.0,276.5,275.104928295606,272.83065407078686,262.5757297563523,272.56848830395097,Up,1083
2026-01-20 18:15:00,276.5,279.3,276.4,278.7,275.4317529960054,273.0608244993835,262.7361702562891,272.56848830395097,Up,1952
2026-01-20 18:30:00,278.7,280.0,278.4,279.6,275.8106845418231,273.31726275430964,262.90396955722156,272.56848830395097,Up,1343
2026-01-20 18:45:00,279.6,283.0,279.6,282.9,276.4551677652937,273.69305637178775,263.10293503426414,273.62713816897843,Up,1748
2026-01-20 19:00:00,282.7,289.4,282.4,286.7,277.38651615026697,274.20313259250196,263.33773170058987,276.3792165172531,Up,3452
2026-01-20 19:15:00,286.7,292.9,286.5,289.5,278.48774195478813,274.8030097457372,263.598052778196,278.7174695611392,Up,3838
2026-01-20 19:30:00,289.4,357.3,288.0,290.2,279.55249268617104,275.40681328512005,263.86274877045275,287.46588141921745,Up,45001
2026-01-20 19:45:00,290.2,291.2,288.4,290.5,280.54772062379186,275.9987029602134,264.12779604636864,287.46588141921745,Up,1988
2026-01-20 20:00:00,290.4,291.0,287.2,287.2,281.15247329435624,276.43796951079327,264.3573702150615,295.42078348274686,Down,1727
2026-01-20 20:15:00,287.6,287.7,282.6,283.5,281.36588481305114,276.714911882919,264.54784414326986,295.42078348274686,Down,3074
2026-01-20 20:30:00,283.5,286.3,283.1,284.6,281.6598952845919,277.0241310247654,264.74736808214277,295.42078348274686,Down,1982
2026-01-20 20:45:00,284.6,284.9,282.3,284.1,281.8817229859926,277.3016160826177,264.939931583813,295.42078348274686,Down,1435
2026-01-20 21:00:00,284.1,284.6,281.3,283.0,281.98338453272055,277.52508211859356,265.11963375710843,295.42078348274686,Down,1418
2026-01-20 21:15:00,283.0,285.9,282.2,285.5,282.30307684792774,277.83782399629575,265.32242347096803,295.42078348274686,Down,1465
2026-01-20 21:30:00,285.5,287.5,285.5,286.0,282.6391607708434,278.1579093297743,265.5281705011077,295.42078348274686,Down,1417
2026-01-20 21:45:00,286.0,286.6,284.8,286.4,282.9810552462213,278.48112857174397,265.73585039661907,295.42078348274686,Down,966
2026-01-20 22:00:00,286.4,289.0,286.1,287.9,283.4282320420193,278.8504960787344,265.95638919864274,295.42078348274686,Down,1259
2026-01-20 22:15:00,287.7,288.5,287.1,287.2,283.7711200381994,279.1779276050585,266.1677684105966,295.42078348274686,Down,756
2026-01-20 22:30:00,287.2,289.0,286.8,288.7,284.2192000347267,279.5513422087817,266.39196971994386,295.42078348274686,Down,710
2026-01-20 22:45:00,288.7,290.0,288.7,289.5,284.6992727588425,279.9414856515746,266.6219003694967,295.42078348274686,Down,905
2026-01-20 23:00:00,289.5,290.7,288.9,290.5,285.2266115989477,280.35554503778735,266.859493400646,295.42078348274686,Down,1053
2026-01-20 23:15:00,290.5,291.0,286.9,288.3,285.5060105444979,280.6670922912075,267.07283177476893,295.42078348274686,Down,1640
2026-01-20 23:30:00,288.3,290.8,287.3,290.4,285.95091867681623,281.0487749464543,267.30494290138813,295.42078348274686,Down,1257
2026-01-20 23:45:00,290.4,290.9,289.1,289.4,286.2644715243784,281.37627396816197,267.5247942158022,295.42078348274686,Down,1178
2026-01-21 00:00:00,289.3,291.6,289.0,291.2,286.7131559312531,281.7615181262733,267.7603684027096,295.42078348274686,Down,982
2026-01-21 09:00:00,292.5,292.7,288.5,290.8,287.0846872102301,282.1159683958312,267.9896184683543,295.42078348274686,Down,238
2026-01-21 09:15:00,290.8,292.9,290.4,292.2,287.5497156456637,282.5114206156025,268.23051778707713,295.42078348274686,Down,1752
2026-01-21 09:30:00,292.2,293.8,291.7,293.8,288.1179233142397,282.95411000322594,268.4849404956634,295.42078348274686,Down,1077
2026-01-21 09:45:00,293.8,295.2,293.6,294.3,288.67993028567247,283.3990468658445,268.74180675938817,295.42078348274686,Down,1272
2026-01-21 10:00:00,294.3,294.5,293.2,294.5,289.2090275324295,283.8343783613016,268.99810718964306,295.42078348274686,Down,672
2026-01-21 10:15:00,294.5,296.4,294.4,296.3,289.8536613931177,284.32322626870155,269.26976781462173,283.1947582138905,Up,816
2026-01-21 10:30:00,296.2,299.0,296.2,299.0,290.6851467210161,284.8987860228701,269.5655910204464,285.4861438308096,Up,1306
2026-01-21 10:45:00,299.0,301.6,298.7,300.5,291.57740611001464,285.5105983356988,269.87339608491953,288.0828580280087,Up,11165
2026-01-21 11:00:00,300.1,372.0,299.6,300.8,292.415823736377,286.110182714691,270.18112348705966,298.50259820728064,Up,12456
2026-01-21 11:15:00,300.8,302.0,300.1,302.0,293.2871124876154,286.733312804311,270.49772922350684,298.50259820728064,Up,1226
2026-01-21 11:30:00,302.0,306.6,302.0,305.1,294.3610113523776,287.45357504727923,270.842030425263,298.50259820728064,Up,1868
2026-01-21 11:45:00,305.2,307.8,305.2,306.0,295.41910122943415,288.1808858297389,271.1918609682952,298.50259820728064,Up,21920
2026-01-21 12:00:00,306.2,310.5,305.2,310.0,296.74463748130376,289.0365373658276,271.57801160542664,298.50259820728064,Up,2058
2026-01-21 12:15:00,309.7,314.0,309.7,314.0,298.31330680118526,290.01549668481476,272.00012094268607,298.50259820728064,Up,25117
2026-01-21 12:30:00,313.9,316.2,313.8,315.4,299.86664254653203,291.01096740305735,272.4319605352962,298.50259820728064,Up,3237
2026-01-21 12:45:00,315.5,316.5,315.5,316.5,301.3787659513927,292.01053730881983,272.8704484901688,298.50259820728064,Up,1497
2026-01-21 13:00:00,316.5,317.2,313.2,313.4,302.47160541035703,292.8493397672975,273.27372760966966,298.50259820728064,Up,3332
2026-01-21 13:15:00,313.4,315.1,311.9,314.8,303.59236855487,293.7101499725016,273.68692434987196,298.50259820728064,Up,38143
2026-01-21 13:30:00,315.1,316.4,313.6,316.3,304.74760777715454,294.59602644416816,274.11093505285834,298.50259820728064,Up,2966
2026-01-21 13:45:00,316.3,318.5,314.5,316.3,305.79782525195867,295.4471626620439,274.5307267438747,298.50259820728064,Up,3437
2026-01-21 14:00:00,316.3,317.6,315.7,316.0,306.7252956835988,296.25315628314024,274.94335632851283,298.50259820728064,Up,1837
2026-01-21 14:15:00,316.0,316.0,312.6,313.0,307.29572334872614,296.90989525242884,275.3220293998709,298.50259820728064,Up,1839
2026-01-21 14:30:00,313.0,314.4,312.3,313.1,307.8233848624783,297.544801320961,275.69792960484733,298.50259820728064,Up,1184
2026-01-21 14:45:00,313.1,314.6,312.2,313.7,308.35762260225295,298.1783385240606,276.0760596585305,298.50259820728064,Up,1467
2026-01-21 15:00:00,313.7,313.9,311.0,313.7,308.84329327477536,298.7870311309602,276.4504272241173,298.50259820728064,Up,1741
2026-01-21 15:15:00,313.7,316.4,312.8,314.7,309.3757211588867,299.4110691258245,276.8310199880564,298.50259820728064,Up,2727
2026-01-21 15:30:00,314.7,315.3,313.1,314.1,309.8052010535333,299.98710563069415,277.2018556100658,298.50259820728064,Up,1239
2026-01-21 15:45:00,314.1,316.7,314.0,315.5,310.32291004866664,300.5954544294905,277.5829316736473,299.55455063196274,Up,1635
2026-01-21 16:00:00,315.5,316.8,315.1,315.7,310.81173640787875,301.1877895499026,277.9622059853523,300.9723187563298,Up,1998
2026-01-21 16:15:00,315.7,317.1,315.5,316.7,311.3470330980716,301.79611152833786,278.3476566720652,302.10210796029975,Up,1771
2026-01-21 16:30:00,316.7,320.0,316.7,319.6,312.09730281642874,302.49430323310895,278.7581277499551,304.24282541845434,Up,2487
2026-01-21 16:45:00,319.6,324.0,318.8,323.6,313.1430025603898,303.3219776161243,279.2043155335376,306.68438674404933,Up,2727
2026-01-21 17:00:00,323.6,325.2,323.2,325.0,314.22091141853616,304.17209614098215,279.6599939859402,310.0948970400449,Up,3229
2026-01-21 17:15:00,324.9,324.9,319.0,319.5,314.7008285623056,304.7731904099632,280.0564119562294,310.0948970400449,Up,71684
2026-01-21 17:30:00,319.5,320.5,317.2,319.7,315.1552986930051,305.3585554919255,280.450875518854,310.0948970400449,Up,2008
2026-01-21 17:45:00,319.5,320.5,318.6,319.7,315.56845335727735,305.92096508047746,280.8414140709052,310.0948970400449,Up,1478
2026-01-21 18:00:00,320.0,324.7,319.8,323.5,316.28950305207036,306.61033899889014,281.2658776124883,310.0948970400449,Up,3131
2026-01-21 18:15:00,323.5,327.7,323.0,323.7,316.9631845927912,307.2805217832474,281.6881076859959,310.2670691520357,Up,4245
2026-01-21 18:30:00,323.7,327.7,323.3,326.8,317.8574405389011,308.0459915172377,282.136982236384,310.2670691520357,Up,2853
2026-01-21 18:45:00,326.8,330.0,324.2,328.0,318.77949139900096,308.82850165381666,282.59333067184286,311.071131530608,Up,4338
2026-01-21 19:00:00,328.0,329.2,327.0,327.5,319.57226490818266,309.5607172752357,283.0401632024713,312.7283013914618,Up,2816
2026-01-21 19:15:00,327.5,328.0,324.0,324.1,319.983877189257,310.1308852252264,283.4487187924965,312.7283013914618,Up,2262
2026-01-21 19:30:00,324.2,327.5,324.1,326.3,320.5580701720518,310.7649681575705,283.87509970003384,312.7283013914618,Up,2588
2026-01-21 19:45:00,326.3,327.6,324.1,324.9,320.9527910655017,311.31928313178344,284.28330766321756,312.7283013914618,Up,1728
2026-01-21 20:00:00,325.0,326.6,322.2,322.5,321.0934464231833,311.7577426168115,284.66357325860844,312.7283013914618,Up,2527
2026-01-21 20:15:00,322.8,323.4,320.6,321.5,321.13040583925755,312.1397919259562,285.0301048679755,312.7283013914618,Up,2426
2026-01-21 20:30:00,321.5,324.2,321.3,323.8,321.3730962175068,312.5970549876834,285.4158749687917,312.7283013914618,Up,108874
2026-01-21 20:45:00,323.6,325.3,321.9,322.5,321.47554201591527,312.98540577248014,285.7848712377589,312.7283013914618,Up,2392
2026-01-21 21:00:00,322.5,322.7,315.8,317.0,321.06867455992295,313.14284084022603,286.09546953390065,312.7283013914618,Up,3610
2026-01-21 21:15:00,317.2,317.6,313.0,316.0,320.60788596356633,313.25488629747207,286.3930270509763,312.7283013914618,Up,3292
2026-01-21 21:30:00,316.1,316.4,311.2,314.0,320.00716905778756,313.28410644266927,286.66772329922526,312.7283013914618,Up,3091
2026-01-21 21:45:00,314.0,317.0,313.8,316.4,319.67924459798866,313.4062983468783,286.9635668484867,312.7283013914618,Up,2609
2026-01-21 22:00:00,316.4,319.3,315.6,319.2,319.6356769072624,313.63350233327526,287.2843273773575,312.7283013914618,Up,2686
2026-01-21 22:15:00,319.2,319.8,317.7,319.4,319.61425173387494,313.8596394966762,287.60388630892606,312.7283013914618,Up,2134
2026-01-21 22:30:00,319.5,321.4,318.1,320.9,319.7311379398863,314.135732065434,287.9351909227676,312.7283013914618,Up,2169
2026-01-21 22:45:00,320.8,321.8,319.6,320.6,319.8101253998966,314.38923276875033,288.26021389866054,312.7283013914618,Up,1667
2026-01-21 23:00:00,320.6,322.1,319.3,321.7,319.9819321817242,314.675929522917,288.59294808872363,312.7283013914618,Up,1471
2026-01-21 23:15:00,321.9,324.3,321.8,323.2,320.27448380156744,315.0102067965281,288.9372968639602,312.7283013914618,Up,1772
2026-01-21 23:30:00,323.4,323.4,321.3,323.3,320.5495307286977,315.335296726076,289.27921430809994,312.7283013914618,Up,1741
2026-01-21 23:45:00,323.1,323.3,318.5,319.7,320.4723006624524,315.5064615603476,289.581908693094,312.7283013914618,Up,1886
2026-01-22 00:00:00,319.7,321.4,318.6,321.3,320.5475460567749,315.7336591462163,289.8975115916702,312.7283013914618,Up,1234
2026-01-22 09:00:00,315.1,333.8,312.3,331.3,321.52504186979536,316.3441038855804,290.30947665045954,312.7283013914618,Up,1844
2026-01-22 09:15:00,331.1,334.6,330.8,334.2,322.677310790723,317.04433510575376,290.7461982758281,312.91452304978844,Up,4996
2026-01-22 09:30:00,334.2,336.1,333.9,334.9,323.78846435520273,317.7445572584693,291.18553958651637,316.2132027725349,Up,1984
2026-01-22 09:45:00,335.0,336.9,334.3,336.4,324.9349675956388,318.47614324833324,291.6354347150088,317.57563888412267,Up,1951
2026-01-22 10:00:00,336.4,337.8,333.2,334.2,325.7772432687625,319.09276508173195,292.0589627277948,317.57563888412267,Up,19020
2026-01-22 10:15:00,334.6,335.8,332.0,332.9,326.42476660796586,319.6342252746052,292.4653412081152,317.57563888412267,Up,3134
2026-01-22 10:30:00,332.9,335.4,332.2,332.4,326.96796964360533,320.1348438912874,292.86270099708923,317.57563888412267,Up,1854
2026-01-22 10:45:00,332.3,335.1,330.9,334.4,327.6436087669139,320.6942617779036,293.27600745482965,317.57563888412267,Up,2716
2026-01-22 11:00:00,334.4,335.5,333.4,334.7,328.28509887901265,321.24350641406426,293.68818648512985,317.96386510119316,Up,1384
2026-01-22 11:15:00,334.7,336.2,334.0,335.1,328.90463534455694,321.78689831939505,294.10024433104894,319.3126046374484,Up,987
2026-01-22 11:30:00,335.1,337.2,334.8,336.2,329.5678503132336,322.35211799314425,294.51914737253105,320.77509512495305,Up,1441
2026-01-22 11:45:00,336.2,336.8,334.2,334.8,330.0435002847578,322.8402702287072,294.919951876287,320.77509512495305,Up,1073
2026-01-22 12:00:00,334.8,336.8,334.0,334.5,330.4486366225071,323.2975145334638,295.31378320090107,320.9397480371512,Up,1359
2026-01-22 12:15:00,334.5,334.7,331.7,332.7,330.653306020461,323.66623945372015,295.68578535810605,320.9397480371512,Up,2395
2026-01-22 12:30:00,332.7,336.0,332.7,336.0,331.13936910951,324.149916337888,296.0869218222045,320.9397480371512,Up,1295
2026-01-22 12:45:00,335.8,336.8,333.8,336.0,331.5812446450091,324.6146255011081,296.4840668787,321.3524027326456,Up,1140
2026-01-22 13:00:00,336.0,337.8,335.5,337.7,332.1374951318264,325.1277774422411,296.8941756659766,323.13400248422323,Up,1528
2026-01-22 13:15:00,337.5,338.3,336.2,336.6,332.5431773925695,325.57766852293753,297.2892584951709,324.19909316747567,Up,1082
2026-01-22 13:30:00,336.6,336.9,335.1,336.0,332.85743399324497,325.986387404391,297.67444000268165,324.19909316747567,Up,671
2026-01-22 13:45:00,336.0,336.1,333.9,334.1,332.9703945393136,326.30456829049336,298.03688338573954,324.19909316747567,Up,767
2026-01-22 14:00:00,334.1,334.4,329.3,330.1,332.7094495811942,326.4534087496897,298.35591937195113,324.19909316747567,Up,2308
2026-01-22 14:15:00,330.1,331.1,329.2,330.0,332.4631359829038,326.5924907595058,298.67078584586204,324.19909316747567,Up,1036
2026-01-22 14:30:00,330.0,330.3,327.1,328.0,332.05739634809436,326.6476872003095,298.96261882252014,324.19909316747567,Up,1585
2026-01-22 14:45:00,328.0,328.1,323.5,324.7,331.3885421346312,326.5713073101013,299.2187121675697,324.19909316747567,Up,1866
2026-01-22 15:00:00,324.7,325.3,322.2,322.2,330.553220122392,326.3998834940189,299.4473816982407,336.70877624952556,Down,1451
2026-01-22 15:15:00,322.0,322.9,319.7,321.6,329.7392910203564,326.2116527687633,299.66780576094476,334.2443420450232,Down,2608
2026-01-22 15:30:00,321.6,325.2,321.1,325.1,329.31753729123307,326.1680585425373,299.92086242003984,334.2443420450232,Down,1886
2026-01-22 15:45:00,325.2,326.7,324.4,326.3,329.0432157193028,326.17323271733983,300.183341400935,334.2443420450232,Down,1954
2026-01-22 16:00:00,326.3,329.6,326.1,327.7,328.9211051993662,326.23310594411083,300.45713899893565,334.2443420450232,Down,1803
2026-01-22 16:15:00,327.7,329.8,327.0,329.5,328.97373199942376,326.3612194364987,300.7461226904885,334.2443420450232,Down,1431
2026-01-22 16:30:00,329.5,331.3,329.4,331.2,329.17611999947616,326.5509755370282,301.0491463453095,334.2443420450232,Down,1669
2026-01-22 16:45:00,331.0,334.0,330.9,332.1,329.44192727225106,326.76858433949764,301.3581100632666,334.2443420450232,Down,3050
2026-01-22 17:00:00,332.2,336.8,331.5,336.6,330.0926611565919,327.1541300516742,301.70877563477643,320.989280178214,Up,2233
2026-01-22 17:15:00,337.4,338.6,335.8,337.2,330.73878286962895,327.5480857359223,302.0619221458732,324.2175274347401,Up,71015
2026-01-22 17:30:00,337.3,339.1,336.5,337.3,331.33525715420814,327.93051374627834,302.4125497862128,325.0522976679455,Up,3223
2026-01-22 17:45:00,337.3,338.3,333.6,338.3,331.96841559473467,328.33716026603213,302.7696388430664,325.0522976679455,Up,4721
2026-01-22 18:00:00,338.1,339.8,333.4,333.9,332.1440141770315,328.55531084383483,303.07939368044885,325.0522976679455,Up,4727
2026-01-22 18:15:00,334.0,334.0,328.3,331.5,332.085467433665,328.67078884995897,303.362185783131,325.0522976679455,Up,6754
2026-01-22 18:30:00,331.5,332.6,324.9,329.6,331.8595158487864,328.7072285029018,303.6232585614083,325.0522976679455,Up,7435
2026-01-22 18:45:00,329.6,334.8,329.6,331.8,331.8541053170785,328.82851365965075,303.903624147862,325.0522976679455,Up,4829
2026-01-22 19:00:00,331.7,336.7,331.5,336.0,332.23100483370774,329.1097484180958,304.2229910717639,325.0522976679455,Up,2851
2026-01-22 19:15:00,335.7,340.0,334.8,335.4,332.51909530337065,329.3564249507195,304.5332100660747,325.0522976679455,Up,6661
2026-01-22 19:30:00,335.5,338.9,335.5,337.3,332.9537230030642,329.6679376977501,304.85924777686,325.0522976679455,Up,3071
2026-01-22 19:45:00,337.6,338.7,335.1,337.1,333.3306572755129,329.9593911213678,305.18005128156784,325.0522976679455,Up,2682
2026-01-22 20:00:00,336.9,338.0,335.2,336.1,333.5824157050117,330.2001993126867,305.4877124628458,325.0522976679455,Up,1797
2026-01-22 20:15:00,336.2,339.0,336.2,338.3,334.0112870045561,330.5178385553265,305.8142028861011,325.0522976679455,Up,2740
2026-01-22 20:30:00,338.2,338.7,336.8,338.3,334.4011700041419,330.82302135707835,306.1374446484284,325.0522976679455,Up,1909
2026-01-22 20:45:00,338.0,340.0,337.8,339.3,334.84651818558353,331.1554518920949,306.46742032356843,325.0522976679455,Up,2500
2026-01-22 21:00:00,339.3,340.0,335.5,339.4,335.26047107780323,331.47876750416964,306.79510768353293,325.0522976679455,Up,5955
2026-01-22 21:15:00,338.8,340.2,335.7,336.2,335.34588279800295,331.66391387655517,307.0876936767316,325.0522976679455,Up,7041
2026-01-22 21:30:00,336.3,337.3,334.2,336.6,335.45989345272994,331.85748588139614,307.38134846601787,325.0522976679455,Up,5010
2026-01-22 21:45:00,336.7,338.8,336.3,338.0,335.6908122297545,332.0983687880081,307.686011665361,325.0522976679455,Up,3343
2026-01-22 22:00:00,338.0,339.0,335.7,338.8,335.9734656634132,332.36117785514506,307.9956035890887,325.0522976679455,Up,3077
2026-01-22 22:15:00,338.9,339.2,336.1,336.8,336.04860514855744,332.535249311806,308.28221449865003,325.0522976679455,Up,1750
2026-01-22 22:30:00,336.8,337.9,332.5,332.7,335.7441864986886,332.54171012310775,308.5251775384645,325.0522976679455,Up,2047
2026-01-22 22:45:00,333.0,334.2,331.4,332.0,335.4038059078987,332.5204665888682,308.75875786146486,325.0522976679455,Up,2138
2026-01-22 23:00:00,332.1,332.6,328.2,329.7,334.8852780980897,332.4098600559714,308.9671284300075,325.0522976679455,Up,3180
2026-01-22 23:15:00,329.8,333.5,329.8,331.4,334.568434634627,332.3702577008353,309.1903410824453,325.0522976679455,Up,2545
2026-01-22 23:30:00,331.4,332.0,327.5,328.7,334.03494057693365,332.2263260262927,309.38446704182394,325.0522976679455,Up,2676
2026-01-22 23:45:00,329.0,331.0,325.8,325.8,333.2863096153942,331.9743132409479,309.5478056782237,325.0522976679455,Up,2589
2026-01-23 00:00:00,325.7,325.7,320.6,321.4,332.20573601399474,331.5596342903225,309.66573796003246,339.29773532780933,Down,3405
2026-01-23 09:00:00,329.8,329.8,322.2,326.1,331.65066910363157,331.3455309848197,309.8292629554551,339.29773532780933,Down,275
2026-01-23 09:15:00,326.3,328.1,325.0,327.1,331.23697191239233,331.17903957365024,310.0011110852516,339.29773532780933,Down,2656
2026-01-23 09:30:00,327.1,327.5,326.0,326.1,330.7699744658112,330.97986155115416,310.1612990346521,339.29773532780933,Down,876
2026-01-23 09:45:00,326.1,326.5,324.0,324.5,330.19997678710104,330.72574933346186,310.30397267609834,339.29773532780933,Down,1698
2026-01-23 10:00:00,324.4,324.4,321.4,321.8,329.4363425337282,330.37571994783593,310.4183610076795,338.2642134030893,Down,2547
2026-01-23 10:15:00,321.6,326.4,321.4,326.0,329.1239477579347,330.2041230871365,310.5734021916827,338.2642134030893,Down,2293
2026-01-23 10:30:00,326.0,326.1,324.0,324.1,328.66722523448607,329.96474571117034,310.7079952047008,338.2642134030893,Down,1171
2026-01-23 10:45:00,324.1,324.2,320.6,321.5,328.01565930407827,329.63279489896763,310.81537833699235,337.4492963208785,Down,2156
2026-01-23 11:00:00,321.4,322.4,320.7,320.7,327.3505993673439,329.28248921665516,310.91373278140037,335.8493602917077,Down,996
2026-01-23 11:15:00,320.7,321.0,317.8,319.1,326.6005448794035,328.88317591404126,310.9951881766103,333.5630548106434,Down,2681
2026-01-23 11:30:00,319.1,319.8,315.8,315.9,325.62776807218495,328.3740317605494,311.0439922743555,332.13004982785765,Down,2302
2026-01-23 11:45:00,315.9,317.5,315.4,317.2,324.8616073383499,327.93583443660634,311.1052460825709,330.2409543889615,Down,23853
2026-01-23 12:00:00,317.2,318.5,315.9,316.6,324.1105521257727,327.4912919096806,311.1599202509035,330.2409543889615,Down,2562
2026-01-23 12:15:00,316.5,316.8,315.6,316.1,323.3823201143388,327.04457457988923,311.20907527328256,328.89335073467896,Down,1083
2026-01-23 12:30:00,316.1,316.6,315.6,316.0,322.7112001039444,326.6114540081289,311.25674616608575,328.0030461224354,Down,745
2026-01-23 12:45:00,316.0,316.3,313.8,315.9,322.0920000944949,326.19139698820226,311.30294769677147,326.78004192948674,Down,1958
2026-01-23 13:00:00,315.9,316.2,313.7,314.8,321.42909099499536,325.74467553768454,311.3377442371021,326.52276539044243,Down,1943
2026-01-23 13:15:00,314.8,317.7,314.5,317.4,321.0628099954503,325.41743335973615,311.39806518996676,326.52276539044243,Down,1760
2026-01-23 13:30:00,317.7,318.4,316.3,318.1,320.7934636322276,325.1304751887661,311.4647511084746,326.52276539044243,Down,2043
2026-01-23 13:45:00,318.1,322.6,316.6,321.8,320.8849669383887,324.99986831861844,311.56758940590277,326.52276539044243,Down,3161
2026-01-23 14:00:00,322.3,324.2,320.8,322.5,321.0317881258079,324.9018342669079,311.67636961081917,326.52276539044243,Down,3292
2026-01-23 14:15:00,322.7,324.5,322.3,323.9,321.2925346598254,324.86254664859774,311.79799777389564,326.52276539044243,Down,1816
2026-01-23 14:30:00,323.9,323.9,322.2,322.9,321.43866787256854,324.7855840349273,311.90846545773746,326.52276539044243,Down,1513
2026-01-23 14:45:00,322.9,326.0,322.7,325.4,321.7987889750623,324.8096787786556,312.0427095825361,326.52276539044243,Down,1991
2026-01-23 15:00:00,325.5,325.6,323.8,324.5,322.044353613693,324.797534512826,312.1666627210183,326.52276539044243,Down,1166
2026-01-23 15:15:00,324.5,325.0,322.4,322.8,322.1130487397209,324.71919982604857,312.27246707205296,326.52276539044243,Down,1640
2026-01-23 15:30:00,322.9,324.3,322.1,324.1,322.29368067247356,324.694917479929,312.3901539668584,326.52276539044243,Down,1535
2026-01-23 15:45:00,324.1,325.0,322.2,322.6,322.3215278840668,324.6127638532651,312.4917444746509,326.52276539044243,Down,1565
2026-01-23 16:00:00,322.4,323.5,319.5,323.3,322.41047989460617,324.56128291784296,312.59928930574887,326.52276539044243,Down,3340
2026-01-23 16:15:00,323.3,324.9,322.7,323.9,322.54589081327833,324.5353502543981,312.71173418827874,326.52276539044243,Down,2131
2026-01-23 16:30:00,323.9,324.0,322.1,322.2,322.5144461938894,324.44376789148055,312.8061447933705,326.52276539044243,Down,1286
2026-01-23 16:45:00,323.0,323.5,322.1,322.7,322.5313147217176,324.37538483691264,312.9045911138345,326.52276539044243,Down,915
2026-01-23 17:00:00,322.7,324.8,322.2,323.5,322.6193770197433,324.3410560197788,313.0100180679257,326.52276539044243,Down,1025
2026-01-23 17:15:00,323.5,326.6,323.5,326.2,322.94488819976664,324.41395578370907,313.1412616692399,326.52276539044243,Down,2425
2026-01-23 17:30:00,326.2,327.5,324.7,325.3,323.1589892725151,324.4487026157205,313.2622441401927,326.52276539044243,Down,3323
2026-01-23 17:45:00,325.1,330.0,324.7,329.2,323.70817206592284,324.63502800333936,313.4208287756137,315.6767394429586,Up,4486
2026-01-23 18:00:00,329.3,330.8,328.0,329.9,324.2710655144753,324.8414974934045,313.58480062859263,317.7697631299623,Up,4208
2026-01-23 18:15:00,330.0,330.5,325.4,325.6,324.3918777404321,324.87124268974156,313.7043548511937,317.7697631299623,Up,5305
2026-01-23 18:30:00,325.6,327.7,321.5,323.0,324.26534340039285,324.7978606234772,313.7968488327739,317.7697631299623,Up,6427
2026-01-23 18:45:00,322.8,326.8,318.0,326.3,324.4503121821753,324.85676805000753,313.92125829712444,317.7697631299623,Up,9296
2026-01-23 19:00:00,326.1,327.9,323.2,325.6,324.554829256523,324.88591440098764,314.0374646822277,317.7697631299623,Up,5963
2026-01-23 19:15:00,325.6,330.3,323.9,328.2,324.8862084150209,325.0158785421254,314.1783854316583,317.7697631299623,Up,8097
2026-01-23 19:30:00,327.9,332.1,326.7,331.3,325.46928037729174,325.26231467772834,314.34874975572137,317.7697631299623,Up,9182
2026-01-23 19:45:00,331.3,336.0,331.3,335.7,326.39934579753793,325.67163567075863,314.5612000069083,317.7697631299623,Up,9078
2026-01-23 20:00:00,335.7,337.5,334.5,335.6,327.2357689068526,326.06098329151325,314.7705413003719,319.179838641704,Up,6116
2026-01-23 20:15:00,335.6,335.6,329.2,329.2,327.414335369866,326.18408198596376,314.91411800385083,319.179838641704,Up,7109
2026-01-23 20:30:00,329.4,331.1,326.0,331.1,327.74939579078733,326.37686308455346,315.0751715560514,319.179838641704,Up,8043
2026-01-23 20:45:00,330.9,334.2,329.4,333.6,328.28126890071576,326.66012335574743,315.25949820723497,319.179838641704,Up,5764
2026-01-23 21:00:00,333.8,335.4,332.1,333.1,328.7193353642871,326.912667537875,315.43701563800875,319.179838641704,Up,5048
2026-01-23 21:15:00,333.2,335.1,331.9,332.4,329.053941240261,327.12785704619364,315.60580155205844,319.179838641704,Up,3386
2026-01-23 21:30:00,332.0,334.5,331.7,332.5,329.36721930932816,327.338529318892,315.7739030291524,319.179838641704,Up,2500
2026-01-23 21:45:00,332.5,335.1,329.7,332.0,329.6065630084801,327.5213320907001,315.93535673035484,319.179838641704,Up,5109
2026-01-23 22:00:00,332.0,332.6,328.5,329.4,329.5877845531637,327.5950053420452,316.0693332803016,319.179838641704,Up,5209
2026-01-23 22:15:00,329.3,330.9,327.6,329.4,329.57071323014884,327.6657894462788,316.2019767302489,319.179838641704,Up,4303
2026-01-23 22:30:00,329.4,331.4,328.4,330.4,329.64610293649895,327.773013389562,316.3432505936295,319.179838641704,Up,3260
2026-01-23 22:45:00,330.3,331.9,327.8,327.9,329.48736630590815,327.777993256638,316.4582431250362,319.179838641704,Up,3008
2026-01-23 23:00:00,328.0,328.1,325.8,327.1,329.27033300537107,327.7514052857895,316.56413125314526,319.179838641704,Up,4704
2026-01-23 23:15:00,327.1,331.6,326.7,331.0,329.4275754594282,327.878801156935,316.7077717381886,319.179838641704,Up,5922
2026-01-23 23:30:00,331.0,332.7,327.5,328.8,329.37052314493474,327.91492660176107,316.82809241741063,319.179838641704,Up,4030
2026-01-23 23:45:00,328.8,329.9,326.1,329.0,329.33683922266795,327.9574784997312,316.94920592569514,319.179838641704,Up,4161
2026-01-24 00:00:00,329.0,332.0,329.0,331.2,329.5062174751527,328.0846362056241,317.0910048717081,319.179838641704,Up,3022
2026-01-27 09:00:00,337.0,348.7,337.0,345.0,330.9147431592297,328.7479838054036,317.36870631577074,322.03199300530594,Up,3987
2026-01-27 09:15:00,344.8,349.6,344.1,349.0,332.5588574174816,329.5421805189172,317.6834455564098,325.92453909573265,Up,220443
2026-01-27 09:30:00,349.3,349.7,345.3,345.7,333.7535067431651,330.1758204985675,317.9622172424157,326.8768537233933,Up,5035
2026-01-27 09:45:00,345.7,532.5,344.9,345.7,334.8395515846955,330.7846118515648,318.23821508079965,367.7754609042674,Down,2536
2026-01-27 10:00:00,345.7,346.3,344.0,344.9,335.7541378042687,331.33815648483676,318.50350647303054,367.7754609042674,Down,2169
2026-01-27 10:15:00,344.8,561.4,344.4,345.9,336.67648891297154,331.9092091717059,318.776108398672,367.7754609042674,Down,19975
2026-01-27 10:30:00,345.8,347.0,345.3,346.5,337.56953537542864,332.4813970473253,319.0519680165957,367.7754609042674,Down,1399
2026-01-27 10:45:00,346.5,347.0,341.2,341.5,337.92685034129875,332.83506775135174,319.27533151891816,367.7754609042674,Down,23838
2026-01-27 11:00:00,341.2,342.3,337.9,340.8,338.18804576481705,333.1474180356125,319.4895073247001,367.7754609042674,Down,34568
2026-01-27 11:15:00,340.8,341.8,338.0,339.0,338.2618597861973,333.3769310538238,319.6836415801758,367.7754609042674,Down,3971
2026-01-27 11:30:00,338.8,343.9,338.5,341.9,338.5925998056339,333.7111690517131,319.9046998729104,367.7754609042674,Down,4054
2026-01-27 11:45:00,341.8,342.8,340.4,340.7,338.78418164148536,333.98524085360674,320.11161828213517,367.7754609042674,Down,2007
2026-01-27 12:00:00,340.7,346.5,339.0,343.3,339.1947105831685,334.3505255260143,320.34234844848214,367.7754609042674,Down,5158
2026-01-27 12:15:00,344.4,345.8,344.3,345.7,339.7861005301532,334.7956029563667,320.59466338929326,367.7754609042674,Down,2330
2026-01-27 12:30:00,345.8,346.6,345.3,346.1,340.3600913910484,335.2389126443523,320.8484478331809,367.7754609042674,Down,2412
2026-01-27 12:45:00,345.8,346.4,344.4,344.6,340.7455376282258,335.60601410927967,321.0847816855871,367.7754609042674,Down,1790
2026-01-27 13:00:00,344.6,347.1,343.5,346.9,341.305034207478,336.04891551675894,321.3416495295116,367.7754609042674,Down,1749
2026-01-27 13:15:00,346.9,347.3,344.8,345.9,341.7227583704345,336.43523255531744,321.5860112257353,367.7754609042674,Down,46096
2026-01-27 13:30:00,345.9,346.9,343.7,343.9,341.9206894276677,336.7279685335403,321.8080409647827,367.7754609042674,Down,1751
2026-01-27 13:45:00,343.9,346.9,343.8,346.2,342.3097176615161,337.09942074791127,322.05074702483466,367.7754609042674,Down,1164
2026-01-27 14:00:00,346.2,347.1,345.3,346.6,342.699743328651,337.4719924832873,322.29501819871695,367.7754609042674,Down,997
2026-01-27 14:15:00,346.6,346.9,343.2,344.4,342.85431211695544,337.74367905257014,322.5149682663914,367.7754609042674,Down,1612
2026-01-27 14:30:00,344.4,345.4,343.5,344.8,343.03119283359587,338.0203975210968,322.7367098756811,367.7754609042674,Down,740
2026-01-27 14:45:00,344.8,345.3,344.1,345.0,343.21017530326895,338.29410742223024,322.95823515054997,367.7754609042674,Down,452
2026-01-27 15:00:00,345.0,345.6,344.5,345.0,343.37288663933543,338.5570836017506,323.17755619382814,367.7754609042674,Down,506
2026-01-27 15:15:00,345.0,345.5,344.3,345.0,343.5208060357595,338.80974698991724,323.3946949381682,367.7754609042674,Down,595
2026-01-27 15:30:00,345.1,345.2,340.6,340.8,343.27346003250864,338.8877961275676,323.56788205321135,367.7754609042674,Down,2924
2026-01-27 15:45:00,340.8,343.4,340.8,341.9,343.1486000295533,339.0059217696238,323.75029118701025,367.7754609042674,Down,1801
2026-01-27 16:00:00,341.8,342.6,339.3,339.7,342.8350909359575,339.0331405237562,323.9089947572888,367.7330169384449,Down,1673
