date,open,high,low,close,EMA_21,EMA_50,EMA_200,ST_11_4,ST_DIR_11_4,volume
2025-12-01 09:00:00,347.0,347.0,343.8,344.0,344.0,344.0,344.0,,Up,11
2025-12-01 10:00:00,344.0,346.0,343.7,345.5,344.1363636363636,344.05882352941177,344.0149253731343,332.6,Up,471
2025-12-01 11:00:00,345.5,347.7,345.2,345.2,344.23305785123966,344.1035755478662,344.0267171604663,334.2020661157025,Up,412
2025-12-01 12:00:00,345.2,346.8,344.0,346.2,344.4118707738543,344.18578827147934,344.0483418653373,334.2020661157025,Up,256
2025-12-01 13:00:00,346.2,346.2,342.5,342.5,344.2380643398675,344.11967892749976,344.03293547861756,334.2020661157025,Up,202
2025-12-01 14:00:00,342.5,343.2,342.1,342.9,344.11642212715225,344.0718483813233,344.02166248878063,334.2020661157025,Up,81
2025-12-01 15:00:00,342.6,344.2,341.6,343.0,344.014929206502,344.0298151114675,344.01149669287236,334.2020661157025,Up,150
2025-12-01 16:00:00,343.0,343.3,341.6,342.9,343.9135720059109,343.985508636508,344.0004370242866,334.2020661157025,Up,100
2025-12-01 17:00:00,342.9,344.4,341.6,343.5,343.8759745508281,343.9664690821351,343.99545755140815,334.2020661157025,Up,143
2025-12-01 18:00:00,343.5,345.5,342.5,345.1,343.9872495916619,344.0109212749926,344.00644802353344,334.2020661157025,Up,219
2025-12-01 19:00:00,345.1,349.5,344.1,349.4,344.4793178106017,344.2222576955811,344.0601152073789,334.64886583714843,Up,533
2025-12-01 20:00:00,349.4,352.4,346.4,349.0,344.8902889187288,344.4096201388917,344.10926828989255,336.17169621558946,Up,695
2025-12-01 21:00:00,349.0,349.0,344.0,346.6,345.04571719884433,344.4955173883469,344.13405168999316,336.17169621558946,Up,528
2025-12-01 22:00:00,346.6,348.9,345.1,347.0,345.22337927167666,344.5937323927255,344.1625685886002,336.17169621558946,Up,265
2025-12-01 23:00:00,347.0,347.6,344.5,345.5,345.24852661061516,344.6292722988931,344.17587636383803,336.17169621558946,Up,198
2025-12-02 00:00:00,345.5,348.0,344.6,348.0,345.49866055510466,344.7614576989365,344.21392734529235,336.17169621558946,Up,253
2025-12-02 09:00:00,348.8,348.8,346.6,346.6,345.5987823228224,344.83355739701744,344.2376693617571,336.17169621558946,Up,11
2025-12-02 10:00:00,346.6,348.7,346.6,347.5,345.77162029347494,344.938123773605,344.2701303631327,336.17169621558946,Up,294
2025-12-02 11:00:00,347.5,348.8,347.1,348.5,346.01965481224994,345.07780519424796,344.3122186182259,336.17169621558946,Up,145
2025-12-02 12:00:00,348.5,350.0,347.0,349.5,346.3360498293181,345.2512245983951,344.36383833346747,336.1864340486968,Up,474
2025-12-02 13:00:00,349.5,351.0,349.0,349.9,346.66004529938004,345.4335295161051,344.41892451920415,338.0785764079062,Up,257
2025-12-02 14:00:00,349.9,350.5,349.5,349.5,346.91822299943635,345.5929989468461,344.4694824841872,338.79870582536927,Up,65
2025-12-02 15:00:00,349.5,350.5,349.0,350.4,347.2347481813058,345.7815087920678,344.5284926087227,339.02155075033573,Up,113
2025-12-02 16:00:00,350.4,350.4,348.4,348.4,347.3406801648235,345.88419472179066,344.5670150703274,339.02155075033573,Up,202
2025-12-02 17:00:00,348.4,350.0,348.0,349.3,347.51880014983954,346.0181478699557,344.61410944773706,339.02155075033573,Up,176
2025-12-02 18:00:00,349.3,352.3,348.9,352.1,347.93527286349047,346.2566518750555,344.68859592089393,340.0409847861275,Up,568
2025-12-02 19:00:00,352.1,352.5,347.0,348.1,347.95024805771857,346.32894003681804,344.722540240089,340.0409847861275,Up,445
2025-12-02 20:00:00,348.1,351.0,347.7,350.9,348.21840732519865,346.50819729027614,344.7840075013817,340.0409847861275,Up,397
2025-12-02 21:00:00,350.9,351.0,348.8,349.6,348.34400665927154,346.62944445536334,344.8319278247511,340.0409847861275,Up,292
2025-12-02 22:00:00,349.6,352.3,349.5,349.9,348.4854605993378,346.7577015355452,344.8823564036093,340.0409847861275,Up,285
2025-12-02 23:00:00,349.9,352.4,349.9,350.8,348.69587327212525,346.9162230439552,344.94123842944407,340.0409847861275,Up,138
2025-12-03 00:00:00,350.8,351.8,349.5,349.5,348.768975701932,347.01754763046677,344.9865992410914,340.0409847861275,Up,154
2025-12-03 09:00:00,351.0,351.0,351.0,351.0,348.97179609266544,347.17372223319353,345.0464340745134,340.3390164155318,Up,2
2025-12-03 10:00:00,351.0,352.2,351.0,351.7,349.21981462969586,347.35122332208795,345.11263871058793,341.4718331050289,Up,161
2025-12-03 11:00:00,351.7,353.1,351.6,353.1,349.572558754269,347.5766655447512,345.19211494232337,342.59712100457176,Up,166
2025-12-03 12:00:00,353.1,356.5,353.1,356.4,350.1932352311536,347.9226786606434,345.3036361866784,344.6973827314289,Up,496
2025-12-03 13:00:00,356.4,357.0,355.3,357.0,350.8120320283214,348.2786520465005,345.42001791616417,346.3476206649353,Up,305
2025-12-03 14:00:00,357.0,357.0,356.1,356.2,351.301847298474,348.5892931427162,345.5272814194859,347.31147333175943,Up,104
2025-12-03 15:00:00,356.2,357.0,355.9,356.7,351.7925884531582,348.907360078296,345.6384527486453,347.65133939250853,Up,110
2025-12-03 16:00:00,356.7,358.0,356.3,357.0,352.2659895028711,349.2247185065981,345.75150297005183,348.53303581137135,Up,195
2025-12-03 17:00:00,357.0,358.5,356.6,357.1,352.7054450026101,349.5335530749668,345.864423338509,349.02548710124677,Up,172
2025-12-03 18:00:00,357.1,360.0,357.1,359.1,353.286768184191,349.90870785634064,345.9961206187229,349.7458973647698,Up,301
2025-12-03 19:00:00,359.1,361.2,357.7,358.0,353.71524380381,350.2260134306018,346.1155622046063,350.1735430588816,Up,524
2025-12-03 20:00:00,358.4,361.0,358.0,360.0,354.2865852761909,350.6093070215586,346.25371581451077,350.1735430588816,Up,299
2025-12-03 21:00:00,360.0,361.9,359.2,361.2,354.9150775238099,351.02462831483086,346.4024350601375,350.90995294122445,Up,252
2025-12-03 22:00:00,361.2,365.9,361.1,365.8,355.90461593073627,351.6040546554258,346.5954456565541,352.99086631020407,Up,680
2025-12-03 23:00:00,365.8,367.8,365.5,367.5,356.95874175521476,352.2274250610954,346.80345117240927,356.25987846382185,Up,488
2025-12-04 00:00:00,367.5,367.5,365.0,365.2,357.70794705019523,352.73615349007207,346.9865014094998,356.25987846382185,Up,457
2025-12-04 09:00:00,367.0,369.2,366.8,368.3,358.67086095472297,353.34650041203,347.1985760223406,357.13213096183625,Up,64
2025-12-04 10:00:00,368.3,370.0,367.7,369.6,359.6644190497482,353.98389255273474,347.4214757634119,358.1337554198512,Up,711
2025-12-04 11:00:00,369.6,370.5,367.0,368.1,360.43129004522564,354.537465393804,347.62723222347745,358.1337554198512,Up,485
2025-12-04 12:00:00,368.1,370.5,366.8,369.1,361.2193545865688,355.1085451822823,347.84089160433837,358.1337554198512,Up,503
2025-12-04 13:00:00,369.1,370.0,368.0,369.6,361.9812314423353,355.67683752807517,348.05740014558876,358.1337554198512,Up,164
2025-12-04 14:00:00,369.6,369.7,368.2,368.2,362.5465740384866,356.1679419387389,348.25782402473715,358.35588444768194,Up,87
2025-12-04 15:00:00,368.2,369.0,368.0,368.5,363.08779458044233,356.65155205878835,348.4592387110582,358.50534949789267,Up,85
2025-12-04 16:00:00,368.5,368.9,368.0,368.3,363.56163143676577,357.1083539388359,348.65665922139596,359.03668136172064,Up,71
2025-12-04 17:00:00,368.3,370.0,368.0,368.6,364.01966494251434,357.5590067255482,348.8551004231731,359.7151648742915,Up,160
2025-12-04 18:00:00,368.5,369.0,367.2,367.2,364.30878631137665,357.9370848931738,349.0376367373704,359.7151648742915,Up,214
2025-12-04 19:00:00,367.3,369.0,365.7,366.7,364.52616937397875,358.28072862285325,349.2133816454563,359.7151648742915,Up,193
2025-12-04 20:00:00,366.7,366.7,362.0,363.3,364.41469943088975,358.47756279450607,349.35354700221797,359.7151648742915,Up,381
2025-12-04 21:00:00,363.3,364.8,361.4,364.1,364.38609039171797,358.69805052805486,349.5002778778178,359.7151648742915,Up,274
2025-12-04 22:00:00,364.1,366.9,362.0,366.3,364.56008217428905,358.9961661936214,349.6674392919689,359.7151648742915,Up,317
2025-12-04 23:00:00,366.3,367.2,364.4,364.4,364.54552924935365,359.20808124485194,349.81403193582986,359.7151648742915,Up,171
2025-12-05 00:00:00,364.4,370.0,364.2,369.6,365.0050265903215,359.61560747054403,350.010907239951,359.7151648742915,Up,311
2025-12-05 09:00:00,372.8,375.4,372.7,373.2,365.75002417301954,360.14832874620896,350.2416444813445,360.59301264163224,Up,40
2025-12-05 10:00:00,373.2,374.4,373.0,374.0,366.5000219754723,360.6915315404753,350.47804602879387,360.9572842196657,Up,649
2025-12-05 11:00:00,374.0,375.1,374.0,375.1,367.2818381595203,361.25656951928016,350.72304059567153,362.56571292696884,Up,202
2025-12-05 12:00:00,375.1,376.4,372.5,373.9,367.8834892359275,361.7523903224457,350.9536571071574,362.56571292696884,Up,533
2025-12-05 13:00:00,373.9,374.5,373.1,374.4,368.4758993053887,362.24837501568317,351.18695405136486,362.56571292696884,Up,120
2025-12-05 14:00:00,374.4,374.4,373.0,373.0,368.88718118671693,362.67000736800935,351.40399928468463,362.56571292696884,Up,57
2025-12-05 15:00:00,373.0,374.7,373.0,374.0,369.3519828970154,363.114320804558,351.62883511269774,363.0973416617505,Up,78
2025-12-05 16:00:00,374.0,374.2,372.5,374.0,369.7745299063776,363.54121018477144,351.85143376829285,363.0973416617505,Up,150
2025-12-05 17:00:00,374.0,375.0,373.3,374.0,370.15866355125235,363.9513588049765,352.071817511892,364.0833402163227,Up,144
2025-12-05 18:00:00,374.4,377.1,373.2,377.1,370.7896941375021,364.4669917930167,352.3208541535647,364.5803092875661,Up,376
2025-12-05 19:00:00,377.2,382.3,377.2,380.1,371.6360855795474,365.0800509383886,352.597263564972,368.25028117051465,Up,1333
2025-12-05 20:00:00,380.1,382.4,378.8,382.1,372.58735052686126,365.7474999211969,352.8908231314897,368.8366192459224,Up,726
2025-12-05 21:00:00,382.1,389.0,382.0,387.0,373.8975913880557,366.58093129683624,353.23021792620125,372.26056295083856,Up,1186
2025-12-05 22:00:00,387.0,390.7,385.3,389.3,375.29781035277784,367.47187516754855,353.58912123041813,374.0005117734896,Up,1029
2025-12-05 23:00:00,389.3,391.8,387.7,390.7,376.69800941161617,368.3827820237231,353.9583837057374,375.5322834304451,Up,569
2025-12-06 00:00:00,390.7,391.8,386.2,387.2,377.6527358287419,369.1207121404399,354.2891460569241,375.5322834304451,Up,532
2025-12-08 09:00:00,374.1,378.6,373.6,377.9,377.6752143897654,369.464997938854,354.52407992700444,375.5322834304451,Up,51
2025-12-08 10:00:00,377.6,380.8,377.0,378.1,377.7138312634231,369.8036254706637,354.7586661963875,375.5322834304451,Up,1121
2025-12-08 11:00:00,378.1,378.6,377.0,377.3,377.67621023947555,370.0976009424024,354.9829580750304,375.5322834304451,Up,371
2025-12-08 12:00:00,377.3,378.7,375.8,378.6,377.760191126796,370.4310283564258,355.21795351706993,375.5322834304451,Up,401
2025-12-08 13:00:00,378.1,379.0,377.0,377.7,377.75471920617815,370.71608606793853,355.441655472124,375.5322834304451,Up,225
2025-12-08 14:00:00,377.7,377.7,376.4,377.0,377.68610836925285,370.9625140652743,355.6561663629486,375.5322834304451,Up,74
2025-12-08 15:00:00,377.0,377.5,375.4,375.5,377.4873712447753,371.14045469016554,355.85361744391435,390.76135230340884,Down,192
2025-12-08 16:00:00,375.4,375.7,374.0,374.5,377.21579204070486,371.27220156506104,356.039153588751,388.47850209400804,Down,373
2025-12-08 17:00:00,374.5,375.4,373.8,374.0,376.92344730973167,371.3791740527057,356.2178684784152,387.5713655400073,Down,183
2025-12-08 18:00:00,374.1,374.6,369.9,370.1,376.3031339179378,371.3290103643643,356.35599914032156,385.7512414000066,Down,521
2025-12-08 19:00:00,370.1,370.6,367.6,368.2,375.5664853799435,371.2063040755657,356.4738498951442,382.46476490909697,Down,591
2025-12-08 20:00:00,368.2,368.8,361.4,364.8,374.58771398176685,370.9550764647592,356.55669715986915,379.9406953719064,Down,783
2025-12-08 21:00:00,364.8,366.6,361.0,361.8,373.42519452887893,370.5960538582981,356.60886932743267,379.32790488355124,Down,788
2025-12-08 22:00:00,361.8,362.2,356.0,356.1,371.8501768444354,370.02758115797263,356.60380595104033,375.4708226214102,Down,991
2025-12-08 23:00:00,356.1,358.8,355.0,355.0,370.3183425858503,369.4382642498169,356.5878476828708,373.16438420128196,Down,624
2025-12-09 00:00:00,355.0,358.5,354.0,354.1,368.84394780531846,368.83676369100056,356.5630929795587,372.6721674557109,Down,504
2025-12-09 09:00:00,351.1,351.1,348.0,348.8,367.02177073210765,368.0510082521378,356.4858482732945,366.6974249597372,Down,45
2025-12-09 10:00:00,348.9,349.6,346.8,347.2,365.2197915746433,367.2333216540148,356.3934517730627,364.8067499633975,Down,708
2025-12-09 11:00:00,347.2,349.5,346.6,348.7,363.7179923405848,366.5065247264064,356.31690001412676,364.2015908758159,Down,261
2025-12-09 12:00:00,348.7,348.8,345.3,346.0,362.10726576416795,365.70234728615515,356.21424429259315,363.00599170528716,Down,437
2025-12-09 13:00:00,346.0,346.9,345.5,346.5,360.68842342197087,364.9493140592471,356.1175851454032,361.2145379138974,Down,164
2025-12-09 14:00:00,346.5,347.1,345.0,347.1,359.45311220179167,364.2493409588845,356.02785793002613,360.4632162853613,Down,214
2025-12-09 15:00:00,347.1,350.0,345.9,348.5,358.4573747289015,363.6317197448106,355.9529538710209,360.4632162853613,Down,268
2025-12-09 16:00:00,348.5,349.8,346.5,347.2,357.4339770262741,362.9873385783475,355.86585980265255,360.4632162853613,Down,251
2025-12-09 17:00:00,347.2,348.0,346.2,346.7,356.4581609329764,362.34861941841234,355.7746572175516,360.4632162853613,Down,104
2025-12-09 18:00:00,346.7,346.7,343.4,343.9,355.3165099390694,361.62514414710205,355.65650142434214,358.80133958429155,Down,359
2025-12-09 19:00:00,343.9,345.6,340.8,344.4,354.3240999446086,360.9496482981961,355.54449643504523,357.44667234935605,Down,922
2025-12-09 20:00:00,344.4,344.6,340.1,341.6,353.1673635860078,360.19083856101196,355.40574522673637,356.93788395396,Down,520
2025-12-09 21:00:00,341.6,343.8,341.0,342.0,352.1521487145526,359.4774723429331,355.2723547269679,356.67989450359994,Down,317
2025-12-09 22:00:00,342.0,345.5,342.0,343.4,351.3564988314114,358.8469832314455,355.15422184411244,356.67989450359994,Down,435
2025-12-09 23:00:00,343.4,343.6,340.5,341.1,350.4240898467376,358.1510231047222,355.01437884068844,356.1358632261157,Down,287
2025-12-10 00:00:00,341.1,341.9,339.1,339.6,349.4400816788524,357.4235320025762,354.86100193680096,354.32351202374156,Down,498
2025-12-10 09:00:00,337.6,338.8,336.2,337.8,348.3818924353203,356.6539817279654,354.6912407234995,351.30319274885596,Down,51
2025-12-10 10:00:00,337.8,337.8,335.0,335.2,347.1835385775639,355.81264911118245,354.4972980297334,349.9665388625963,Down,782
2025-12-10 11:00:00,335.2,335.9,334.5,334.9,346.0668532523308,354.99254522446944,354.30230003938783,348.0423080569057,Down,420
2025-12-10 12:00:00,334.9,335.3,333.3,334.0,344.96986659302803,354.1693081568432,354.10028710367254,346.70209823355066,Down,334
2025-12-10 13:00:00,334.0,336.4,333.6,335.8,344.1362423572982,353.44894313108466,353.9181946946808,346.70209823355066,Down,294
2025-12-10 14:00:00,335.8,336.1,334.5,334.7,343.2784021429984,352.7136904592774,353.72696887682326,346.70209823355066,Down,140
2025-12-10 15:00:00,334.7,335.2,334.2,334.2,342.45309285727126,351.98766338244303,353.5326706790439,345.7519145255828,Down,73
2025-12-10 16:00:00,334.2,335.0,334.0,334.0,341.6846298702466,351.2822648184257,353.33831574691413,344.91083138689345,Down,98
2025-12-10 17:00:00,334.0,334.8,330.9,331.7,340.7769362456787,350.5143328647619,353.1230091225667,343.73257398808494,Down,509
2025-12-10 18:00:00,331.6,332.8,329.9,331.6,339.94266931425335,349.77259432104574,352.9088498278148,342.2977945346227,Down,664
2025-12-10 19:00:00,331.6,333.3,329.8,332.6,339.2751539220485,349.09915924963224,352.7067717200753,342.2977945346227,Down,551
2025-12-10 20:00:00,332.6,340.5,331.4,339.4,339.28650356549866,348.71880006337216,352.5743660313184,342.2977945346227,Down,1401
2025-12-10 21:00:00,339.4,340.0,335.0,336.2,339.0059123322715,348.22786672755365,352.4114370160814,342.2977945346227,Down,381
2025-12-10 22:00:00,336.2,339.2,335.9,336.4,338.7690112111559,347.76402881666917,352.25211923482686,342.2977945346227,Down,912
2025-12-10 23:00:00,336.4,337.1,335.0,336.7,338.580919282869,347.33014533366253,352.097371779754,342.2977945346227,Down,306
2025-12-11 00:00:00,336.7,340.7,336.7,337.3,338.46447207533544,346.9368063009699,351.9501342496072,342.2977945346227,Down,517
2025-12-11 09:00:00,337.1,337.1,335.1,335.6,338.20406552303217,346.49222566171625,351.78744634662604,342.2977945346227,Down,30
2025-12-11 10:00:00,335.6,336.4,335.0,335.5,337.9582413845747,346.0611579887078,351.6253822038735,342.2977945346227,Down,272
2025-12-11 11:00:00,335.5,338.9,335.3,338.0,337.96203762234063,345.7450341460134,351.48980626154645,342.2977945346227,Down,222
2025-12-11 12:00:00,338.0,338.4,334.6,335.6,337.74730692940057,345.34718966969916,351.33169873655595,342.2977945346227,Down,433
2025-12-11 13:00:00,335.6,336.5,335.1,336.1,337.5975517540005,344.9845547806914,351.1801395451475,342.2977945346227,Down,105
2025-12-11 14:00:00,336.1,336.1,333.6,334.1,337.2795925036368,344.5577094951741,351.0101879078823,342.2977945346227,Down,301
2025-12-11 15:00:00,334.1,334.1,333.0,333.0,336.8905386396698,344.10446598555944,350.83098205805265,342.2977945346227,Down,192
2025-12-11 16:00:00,333.0,333.8,330.0,330.4,336.3004896724271,343.56703594691004,350.62768870424117,342.2977945346227,Down,443
2025-12-11 17:00:00,330.4,331.2,329.0,330.0,335.7277178840246,343.03499532154103,350.4224380703681,341.574599538811,Down,422
2025-12-11 18:00:00,329.7,330.9,328.6,329.1,335.125198076386,342.48852491677474,350.21027450747886,341.0178177625554,Down,330
2025-12-11 19:00:00,329.6,331.5,327.5,330.6,334.7138164330782,342.0223082533718,350.01514739795175,341.0178177625554,Down,952
2025-12-11 20:00:00,330.6,331.0,327.2,327.4,334.0489240300711,341.4488844002984,349.7901210556836,341.0178177625554,Down,738
2025-12-11 21:00:00,327.4,331.3,327.0,329.4,333.6262945727919,340.9763791296985,349.58723427901015,341.0178177625554,Down,753
2025-12-11 22:00:00,329.4,329.9,326.1,326.3,332.9602677934472,340.4008348501025,349.35552050508966,340.73419695550535,Down,621
2025-12-11 23:00:00,326.3,327.7,324.0,325.1,332.2456979940429,339.80080211088284,349.1141720423525,338.7719972322776,Down,666
2025-12-12 00:00:00,325.1,326.8,324.0,324.5,331.5415436309481,339.20077065555415,348.86925490760274,338.16545202934327,Down,379
2025-12-12 09:00:00,325.0,327.2,325.0,326.5,331.08322148268013,338.7027012180815,348.64667525678084,338.16545202934327,Down,41
2025-12-12 10:00:00,326.5,326.6,324.1,324.4,330.47565589334556,338.14181097423517,348.40541480646465,337.70161324739115,Down,484
2025-12-12 11:00:00,324.4,325.8,324.4,325.0,329.9778689939505,337.6264458379907,348.17252510689787,336.83783022490104,Down,341
2025-12-12 12:00:00,325.0,325.8,323.5,324.4,329.4707899945004,337.1077616874813,347.93598256852084,336.1571183862737,Down,289
2025-12-12 13:00:00,324.4,324.4,320.0,321.6,328.755263631364,336.4996141703252,347.6739329907246,334.2610167147942,Down,460
2025-12-12 14:00:00,321.6,323.3,321.0,322.2,328.1593305739673,335.9388449871752,347.4204610206677,333.9509242861766,Down,224
2025-12-12 15:00:00,322.2,322.3,319.4,320.9,327.49939143087937,335.3490863602271,347.15657583638244,332.6326584419788,Down,388
2025-12-12 16:00:00,320.9,321.2,320.0,320.1,326.82671948261765,334.75108297355155,346.887356176319,331.74787131088976,Down,161
2025-12-12 17:00:00,320.1,325.2,319.9,324.3,326.5970177114706,334.34123658243186,346.6626063636193,331.74787131088976,Down,561
2025-12-12 18:00:00,324.5,325.6,322.0,322.2,326.19728882860966,333.8651096576306,346.4191973450759,331.74787131088976,Down,418
2025-12-12 19:00:00,322.2,325.1,321.0,322.9,325.89753529873605,333.4351053573314,346.18517548094576,331.74787131088976,Down,400
2025-12-12 20:00:00,322.9,323.4,317.3,317.6,325.14321390794186,332.8141208335145,345.9007458741702,331.74787131088976,Down,719
2025-12-12 21:00:00,317.6,319.5,313.5,314.6,324.1847399163108,332.09984158514135,345.589295666467,331.1523469651786,Down,821
2025-12-12 22:00:00,314.6,317.2,313.7,315.5,323.39521810573706,331.4488674053319,345.2898996896863,330.04304269561686,Down,425
2025-12-12 23:00:00,315.5,317.3,315.0,316.5,322.7683800961246,330.8626373110052,345.00343302610736,330.04304269561686,Down,384
2025-12-13 00:00:00,316.5,318.0,315.0,317.3,322.27125463284057,330.3307691811618,344.7277769760963,330.04304269561686,Down,322
2025-12-15 09:00:00,318.0,319.5,317.5,318.8,321.9556860298551,329.8785821544496,344.46978914548845,330.04304269561686,Down,42
2025-12-15 10:00:00,318.8,319.9,317.5,318.0,321.59607820895917,329.41275540329474,344.2064081589662,330.04304269561686,Down,478
2025-12-15 11:00:00,318.0,318.0,316.0,316.0,321.0873438263265,328.8867649953224,343.9257473812651,329.63381332349184,Down,293
2025-12-15 12:00:00,316.0,317.0,314.6,315.2,320.5521307512059,328.3500291131529,343.63991904911325,328.15801211226534,Down,461
2025-12-15 13:00:00,315.2,316.0,313.4,313.4,319.9019370465508,327.76375346165673,343.3390243322067,326.88001101115026,Down,256
2025-12-15 14:00:00,313.4,314.8,313.3,314.0,319.3653973150462,327.2239984239447,343.0470937418365,325.66819182831847,Down,136
2025-12-15 15:00:00,314.0,314.8,313.2,313.2,318.804906650042,326.6740377014371,342.750107734455,325.1438107530168,Down,174
2025-12-15 16:00:00,313.0,314.3,312.9,313.5,318.3226424091291,326.157408771969,342.459061886351,324.239827957288,Down,204
2025-12-15 17:00:00,313.5,316.0,313.3,313.3,317.86603855375375,325.6531966632644,342.1689219670838,324.239827957288,Down,283
2025-12-15 18:00:00,313.3,313.3,310.6,310.7,317.2145805034125,325.0667967941168,341.85579836542126,322.61762641098187,Down,561
2025-12-15 19:00:00,310.7,313.5,310.5,311.0,316.64961863946587,324.5151577041514,341.5487754961136,322.61762641098187,Down,353
2025-12-15 20:00:00,311.0,312.1,308.4,309.1,315.96328967224173,323.91064171575334,341.22590210809255,321.4034102570098,Down,755
2025-12-15 21:00:00,309.1,309.1,304.0,306.6,315.11208152021976,323.2317930210179,340.8813657687086,318.54400932455434,Down,845
2025-12-15 22:00:00,306.6,310.0,306.1,306.5,314.3291650183816,322.5756442750956,340.5392626267314,318.54400932455434,Down,392
2025-12-15 23:00:00,306.5,309.5,306.5,307.6,313.71742274398326,321.9883641074448,340.211508769749,318.54400932455434,Down,220
2025-12-16 00:00:00,307.6,310.8,306.5,309.6,313.3431115854393,321.50254590715286,339.90691664268684,318.54400932455434,Down,393
2025-12-16 09:00:00,305.5,306.9,304.9,305.8,312.6573741685812,320.8867597931469,339.5675443377845,318.54400932455434,Down,42
2025-12-16 10:00:00,305.9,307.5,305.1,305.1,311.9703401532557,320.2676711738078,339.22458369760756,318.54400932455434,Down,363
2025-12-16 11:00:00,305.1,305.3,304.0,304.1,311.25485468477785,319.63364485326633,338.87508535235776,316.89936117048995,Down,299
2025-12-16 12:00:00,304.1,304.1,300.8,301.5,310.3680497134344,318.9225215256873,338.5031939558169,314.7857828822636,Down,951
2025-12-16 13:00:00,301.5,302.2,301.0,301.1,309.52549973948584,318.2235991129152,338.1310228716795,313.25071171114877,Down,220
2025-12-16 14:00:00,301.1,302.2,300.1,301.1,308.7595452177144,317.55208542221266,337.76255498240903,312.5051924646806,Down,344
2025-12-16 15:00:00,301.1,302.1,300.9,302.0,308.14504110701307,316.9421997193808,337.4067086641761,312.2592658769824,Down,299
2025-12-16 16:00:00,302.0,302.5,301.0,301.3,307.5227646427391,316.32878012254236,337.0474379311992,312.0766053427113,Down,279
2025-12-16 17:00:00,301.3,302.6,300.5,301.8,307.00251331158097,315.7590240393054,336.6967171557644,311.7014594024648,Down,324
2025-12-16 18:00:00,301.8,305.6,301.8,303.2,306.65683028325543,315.266513292666,336.36341648754785,311.7014594024648,Down,653
2025-12-16 19:00:00,303.2,305.1,302.0,302.4,306.26984571205037,314.761944143934,336.0254720448857,311.7014594024648,Down,441
2025-12-16 20:00:00,302.4,304.3,300.0,301.1,305.7998597382276,314.2261816284856,335.6779549101107,311.7014594024648,Down,570
2025-12-16 21:00:00,301.1,303.0,300.2,300.9,305.3544179438433,313.7035862705058,335.3319056075225,311.7014594024648,Down,326
2025-12-16 22:00:00,300.9,301.5,300.1,300.7,304.9312890398575,313.1936417108782,334.9873095318258,311.62096690021474,Down,307
2025-12-16 23:00:00,300.7,305.0,300.5,305.0,304.93753549077957,312.87232242809864,334.68892834245446,311.62096690021474,Down,366
2025-12-17 00:00:00,305.0,306.0,302.0,302.0,304.67048680979957,312.445956842683,334.36366537387283,311.62096690021474,Down,323
2025-12-17 09:00:00,306.2,306.2,304.1,304.9,304.6913516452723,312.1500369664994,334.07049457413285,311.62096690021474,Down,44
2025-12-17 10:00:00,304.9,305.2,300.1,303.2,304.5557742229748,311.7990551246759,333.76332547389273,311.62096690021474,Down,685
2025-12-17 11:00:00,303.2,304.1,302.0,303.1,304.42343111179525,311.4579157080219,333.4582177577346,311.62096690021474,Down,251
2025-12-17 12:00:00,303.1,303.8,301.0,301.8,304.1849373743593,311.0791739155504,333.14321061586656,311.62096690021474,Down,467
2025-12-17 13:00:00,301.8,303.0,300.5,302.6,304.04085215850847,310.7466572914112,332.8392980724251,311.62096690021474,Down,299
2025-12-17 14:00:00,302.6,303.4,301.8,303.2,303.9644110531895,310.45070994665,332.54437968364476,311.62096690021474,Down,146
2025-12-17 15:00:00,303.2,303.7,302.6,303.3,303.90401004835405,310.17028994874215,332.2533908310712,311.62096690021474,Down,151
2025-12-17 16:00:00,303.3,304.5,303.3,304.4,303.94910004395825,309.94400406839935,331.9762426635979,311.62096690021474,Down,121
2025-12-17 17:00:00,304.4,305.9,304.0,304.7,304.01736367632566,309.73835685003075,331.7048372639601,311.62096690021474,Down,275
2025-12-17 18:00:00,305.0,305.8,303.4,303.4,303.9612397057506,309.48979383630405,331.42319709217935,311.62096690021474,Down,255
2025-12-17 19:00:00,303.4,309.2,303.0,308.9,304.4102179143187,309.46666466625294,331.1990856783268,311.62096690021474,Down,565
2025-12-17 20:00:00,308.9,309.2,305.7,307.7,304.70928901301704,309.3973836989489,330.96526393028375,311.62096690021474,Down,648
2025-12-17 21:00:00,307.2,308.9,306.1,308.9,305.0902627391064,309.37787845585285,330.7457090653058,311.62096690021474,Down,409
2025-12-17 22:00:00,308.9,309.0,305.6,307.3,305.29114794464215,309.2963930262116,330.5124184278401,311.62096690021474,Down,349
2025-12-17 23:00:00,307.3,307.9,306.0,306.7,305.41922540422013,309.19457369185034,330.2754789409959,311.62096690021474,Down,184
2025-12-18 00:00:00,306.7,307.4,305.2,306.0,305.47202309474557,309.06929629216995,330.03393188685664,311.62096690021474,Down,286
2025-12-18 09:00:00,311.2,311.2,307.5,308.7,305.76547554067776,309.0548140846339,329.8216539576342,311.62096690021474,Down,33
2025-12-18 10:00:00,308.0,309.2,308.0,308.8,306.04134140061615,309.0448213754326,329.61248327148866,311.62096690021474,Down,343
2025-12-18 11:00:00,308.8,308.8,306.7,307.0,306.12849218237835,308.96463230188624,329.3874834379415,311.62096690021474,Down,272
2025-12-18 12:00:00,307.0,309.2,306.6,308.9,306.3804474385257,308.9620977018123,329.18362788134505,311.62096690021474,Down,298
2025-12-18 13:00:00,308.9,308.9,306.6,308.0,306.5276794895688,308.9243683801726,328.97284551436655,311.62096690021474,Down,180
2025-12-18 14:00:00,308.0,308.5,307.3,307.7,306.6342540814262,308.8763539338913,328.761175409746,311.62096690021474,Down,83
2025-12-18 15:00:00,307.7,308.9,307.7,308.7,306.8220491649329,308.8694380933466,328.5615617240769,311.62096690021474,Down,185
2025-12-18 16:00:00,308.7,309.5,308.2,309.2,307.03822651357535,308.88240130537224,328.3689093686135,311.62096690021474,Down,141
2025-12-18 17:00:00,309.0,309.5,308.3,309.0,307.21656955779576,308.88701301888705,328.17618390225914,311.62096690021474,Down,327
2025-12-18 18:00:00,309.0,311.4,308.5,310.8,307.5423359616325,308.9620321161856,328.0032865499979,311.62096690021474,Down,378
2025-12-18 19:00:00,311.3,314.8,310.6,312.7,308.011214510575,309.10861909202146,327.8510150420377,302.7643782364763,Up,1248
2025-12-18 20:00:00,312.7,313.1,308.0,308.6,308.06474046415906,309.0886732452756,327.65946265355973,302.7643782364763,Up,878
2025-12-18 21:00:00,308.5,310.3,308.1,308.8,308.13158224014455,309.077352725853,327.4718063087482,302.7643782364763,Up,415
2025-12-18 22:00:00,308.8,308.9,303.8,305.5,307.8923474910405,308.93706438366274,327.2531813703527,302.7643782364763,Up,942
2025-12-18 23:00:00,305.5,305.5,301.0,301.5,307.311224991855,308.6454147999897,326.9969308094537,315.41298187522966,Down,617
2025-12-19 00:00:00,301.5,301.5,296.2,296.7,306.3465681744137,308.1769671607744,326.6954688113497,311.8345289774815,Down,872
2025-12-19 09:00:00,298.0,298.1,294.3,294.3,305.2514256131033,307.6327723701558,326.37312583810245,309.38593543407416,Down,33
2025-12-19 10:00:00,294.3,295.3,290.8,291.4,303.9922051028212,306.99619306152226,326.0251345362308,306.6735776673401,Down,1351
2025-12-19 11:00:00,291.4,294.1,290.3,293.4,303.0292773662011,306.46300901989395,325.70050633189015,305.966888788491,Down,725
2025-12-19 12:00:00,293.4,295.0,292.4,294.7,302.27207033291006,306.00171454852557,325.3920435823191,305.966888788491,Down,528
2025-12-19 13:00:00,294.7,294.8,292.6,294.6,301.5746093935546,305.5545884877991,325.0856550889627,305.966888788491,Down,465
2025-12-19 14:00:00,294.6,294.9,293.6,294.7,300.9496449032315,305.12891835102266,324.78331026220684,305.966888788491,Down,175
2025-12-19 15:00:00,294.7,295.8,293.8,295.3,300.43604082111955,304.7434705725512,324.48994399094113,305.966888788491,Down,363
2025-12-19 16:00:00,295.3,295.3,291.4,293.4,299.79640074647233,304.29862858931386,324.18059131441436,305.6149873571049,Down,672
2025-12-19 17:00:00,293.4,293.9,291.9,293.1,299.18763704224756,303.8594666838506,323.87133169934555,304.7772612337317,Down,274
2025-12-19 18:00:00,293.1,293.6,290.0,292.4,298.57057912931595,303.4100758335035,323.55818412024763,303.9066011215743,Down,444
2025-12-19 19:00:00,292.5,293.0,287.2,288.1,297.6187082993781,302.80968070277794,323.20536636780736,303.21509192870394,Down,808
2025-12-19 20:00:00,288.1,291.0,287.3,291.0,297.01700754488917,302.3465559693357,322.8849149611625,302.4182653897308,Down,766
2025-12-19 21:00:00,291.0,292.0,289.3,291.0,296.47000685899013,301.9015929901461,322.56765212572805,302.4182653897308,Down,452
2025-12-19 22:00:00,291.0,293.0,289.8,290.0,295.8818244172638,301.43486385327765,322.243595885671,302.4182653897308,Down,356
2025-12-19 23:00:00,290.0,290.2,288.1,289.3,295.2834767429671,300.95898683942363,321.91579891168425,301.7515517578744,Down,548
2025-12-20 00:00:00,289.3,291.5,289.0,290.8,294.8758879481519,300.56059519866193,321.6061889722645,301.7515517578744,Down,484
2025-12-22 09:00:00,293.2,295.0,293.1,294.3,294.8235344983199,300.31508166145954,321.33448559940615,301.7515517578744,Down,58
2025-12-22 10:00:00,294.5,296.0,294.1,295.0,294.8395768166544,300.10664708650035,321.072450916825,301.7515517578744,Down,609
2025-12-22 11:00:00,295.0,296.8,295.0,296.4,294.98143346968584,299.96128837722586,320.826953892777,301.7515517578744,Down,282
2025-12-22 12:00:00,296.4,299.0,296.3,298.5,295.3013031542598,299.90398295066797,320.60479514757526,301.7515517578744,Down,819
2025-12-22 13:00:00,298.4,298.7,297.3,297.8,295.52845741296346,299.82147381534764,320.3778817630223,301.7515517578744,Down,387
2025-12-22 14:00:00,297.8,298.2,296.5,296.6,295.6258703754213,299.6951415088634,320.1412859245843,301.7515517578744,Down,225
2025-12-22 15:00:00,296.6,296.9,295.4,296.1,295.6689730685648,299.55415556733936,319.9020691492153,301.7515517578744,Down,360
2025-12-22 16:00:00,296.1,297.3,295.8,297.1,295.79906642596796,299.45791417254173,319.6751828890241,301.7515517578744,Down,262
2025-12-22 17:00:00,297.1,297.8,296.3,297.3,295.93551493269814,299.37329008734406,319.4525442533124,301.7515517578744,Down,549
2025-12-22 18:00:00,297.3,298.6,295.2,295.2,295.8686499388165,299.20963165254625,319.21122540502074,301.7515517578744,Down,228
2025-12-22 19:00:00,295.2,296.5,291.0,291.7,295.4896817625604,298.9151362936229,318.93748186865236,301.7515517578744,Down,777
2025-12-22 20:00:00,291.7,291.7,279.5,280.6,294.1360743296003,298.1968956546573,318.5560143873723,300.0847472491647,Down,2110
2025-12-22 21:00:00,280.6,280.6,275.0,275.2,292.41461302690936,297.2950566093766,318.1246112591397,293.0043156810588,Down,2213
2025-12-22 22:00:00,275.2,279.7,274.8,278.7,291.167830024463,296.5658387031266,317.7323265699941,292.8539233464171,Down,1074
2025-12-22 23:00:00,278.3,278.3,275.6,276.0,289.78893638587545,295.7593352245726,317.3170795394469,292.2626575876519,Down,465
2025-12-23 00:00:00,276.0,278.8,276.0,278.0,288.71721489625037,295.06289070596193,316.9258648176614,292.2626575876519,Down,523
2025-12-23 09:00:00,279.3,282.0,279.2,279.6,287.8883771784094,294.4565028351399,316.5544631776847,292.2626575876519,Down,71
2025-12-23 10:00:00,279.6,281.9,279.0,280.8,287.24397925309944,293.9209537043501,316.19869737492166,292.2626575876519,Down,1179
2025-12-23 11:00:00,280.8,283.8,280.5,283.4,286.89452659372677,293.5083672845717,315.8723421771613,292.2626575876519,Down,714
2025-12-23 12:00:00,283.5,284.4,282.1,283.5,286.5859332670243,293.11588229301987,315.5502293196771,292.2626575876519,Down,556
2025-12-23 13:00:00,283.5,284.4,280.5,281.6,286.1326666063857,292.66427906584266,315.2124160926156,292.2626575876519,Down,729
2025-12-23 14:00:00,281.6,283.9,281.6,281.9,285.7478787330779,292.2421504750253,314.88094926582346,292.2626575876519,Down,343
2025-12-23 15:00:00,281.9,282.7,280.1,280.2,285.24352612097994,291.7699092799263,314.5358651935267,292.2626575876519,Down,322
2025-12-23 16:00:00,280.2,280.6,278.6,279.7,284.73956920089086,291.2965795042429,314.18923966921307,292.2626575876519,Down,537
2025-12-23 17:00:00,279.7,281.1,278.4,278.4,284.1632447280826,290.7908312883903,313.83312783170845,292.2626575876519,Down,320
2025-12-23 18:00:00,278.3,285.0,278.1,285.0,284.239313389166,290.56373986531617,313.5462310373631,292.2626575876519,Down,1150
2025-12-23 19:00:00,285.0,289.0,284.6,286.7,284.46301217196907,290.4122206549116,313.2791043603744,292.2626575876519,Down,1964
2025-12-23 20:00:00,286.7,288.3,284.8,287.0,284.69364742906276,290.2784080802092,313.017620734898,292.2626575876519,Down,1231
2025-12-23 21:00:00,287.0,287.9,283.2,284.5,284.6760431173298,290.0518038417696,312.73386331465025,292.2626575876519,Down,819
2025-12-23 22:00:00,284.5,288.5,284.2,288.5,285.0236755612089,289.99094878915116,312.4927303463453,292.2626575876519,Down,1074
2025-12-23 23:00:00,288.5,289.1,287.4,288.5,285.33970505564446,289.93248020918446,312.2539967110583,292.2626575876519,Down,644
2025-12-24 00:00:00,288.5,294.0,288.5,293.5,286.08155005058586,290.0723829460792,312.06738977860994,276.2779162711596,Up,1031
2025-12-24 09:00:00,300.4,300.4,296.2,297.5,287.1195909550781,290.36366204623295,311.92244062658403,282.1799238828723,Up,111
2025-12-24 10:00:00,296.8,301.4,296.8,300.1,288.2996281409801,290.74547922089045,311.8048044014439,282.77265807533854,Up,1686
2025-12-24 11:00:00,300.1,301.8,300.0,300.6,289.41784376452733,291.1319310161497,311.6933138103848,285.4024164321259,Up,566
2025-12-24 12:00:00,300.6,300.8,295.0,295.9,290.00713069502484,291.3189141135556,311.5361664092864,285.4024164321259,Up,2259
2025-12-24 13:00:00,295.9,297.9,295.5,296.4,290.58830063184075,291.51817238361224,311.3855577882985,285.4024164321259,Up,1181
2025-12-24 14:00:00,296.4,297.5,295.6,296.4,291.116636938037,291.70961660386274,311.23644776055426,285.4024164321259,Up,311
2025-12-24 15:00:00,296.4,298.3,296.4,297.6,291.70603358003365,291.9406120311623,311.10076171318553,285.4024164321259,Up,355
2025-12-24 16:00:00,297.6,298.5,296.5,297.7,292.2509396182124,292.1664703828814,310.96742080061654,285.4024164321259,Up,484
2025-12-24 17:00:00,297.7,298.5,296.4,297.3,292.7099451074658,292.36778526982727,310.8314265637945,285.4024164321259,Up,410
2025-12-24 18:00:00,297.0,302.3,295.1,301.8,293.5363137340598,292.73767604355953,310.7415616228612,285.4024164321259,Up,1357
2025-12-24 19:00:00,302.0,302.2,291.8,293.7,293.5511943036907,292.77541423792974,310.57199384551933,285.4024164321259,Up,2598
2025-12-24 20:00:00,293.7,298.0,293.4,295.2,293.7010857306279,292.87049603252075,310.4190386828774,285.4024164321259,Up,1421
2025-12-24 21:00:00,295.2,297.1,292.3,296.5,293.95553248238895,293.0128295214415,310.2805407855353,285.4024164321259,Up,1134
2025-12-24 22:00:00,296.5,297.9,294.7,296.9,294.2232113476263,293.1652675794242,310.1474010762265,285.4024164321259,Up,633
2025-12-24 23:00:00,296.9,297.2,294.2,295.7,294.35746486147843,293.26466885081936,310.0036458416372,285.4024164321259,Up,564
2025-12-25 00:00:00,295.7,296.0,291.0,292.2,294.1613316922531,293.2229171311794,309.8264951367453,285.4024164321259,Up,1039
2025-12-26 09:00:00,299.0,299.3,295.8,296.3,294.3557560838664,293.3435870476037,309.6919031453349,285.4024164321259,Up,72
2025-12-26 10:00:00,296.3,299.5,295.6,298.7,294.75068734896945,293.5536424575016,309.5825309747346,285.4024164321259,Up,1055
2025-12-26 11:00:00,299.0,301.0,298.6,300.0,295.2278975899722,293.8064407925015,309.4871824078219,285.4024164321259,Up,1048
2025-12-26 12:00:00,300.0,301.0,298.7,299.5,295.6162705363384,294.02971762416814,309.38780745849033,285.4024164321259,Up,964
2025-12-26 13:00:00,299.5,301.9,299.0,301.2,296.12388230576215,294.3109051683184,309.3063367375104,285.4024164321259,Up,620
2025-12-26 14:00:00,301.2,302.7,300.8,301.8,296.6398930052383,294.60459516171767,309.2316468197242,286.6934541999812,Up,504
2025-12-26 15:00:00,301.6,302.3,301.2,301.7,297.0999027320348,294.8828463318464,309.156705060324,287.662231090892,Up,259
2025-12-26 16:00:00,301.7,303.0,301.3,303.0,297.63627521094077,295.2011660835387,309.09544431345506,288.72475553717453,Up,490
2025-12-26 17:00:00,303.1,304.3,301.7,303.2,298.1420683735825,295.51484584496853,309.03678317600776,289.8497777610678,Up,1085
2025-12-26 18:00:00,303.3,303.3,299.4,300.8,298.38369852143865,295.7221067922247,308.95482513445546,289.8497777610678,Up,991
2025-12-26 19:00:00,300.8,301.9,297.8,298.1,298.3579077467624,295.8153575062551,308.8468169241624,289.8497777610678,Up,1454
2025-12-26 20:00:00,298.1,302.5,297.5,299.4,298.4526434061476,295.9559317216961,308.75281874581253,289.8497777610678,Up,1097
2025-12-26 21:00:00,299.4,302.0,299.1,300.9,298.6751303692251,296.1498167522179,308.6746812458542,289.8497777610678,Up,995
2025-12-26 22:00:00,300.9,301.3,298.6,300.6,298.8501185174773,296.324333742327,308.59433615883074,289.8497777610678,Up,768
2025-12-26 23:00:00,300.6,301.6,299.7,301.0,299.0455622886157,296.5076932034122,308.518770624912,289.8497777610678,Up,559
2025-12-27 00:00:00,301.0,302.4,300.2,300.8,299.2050566260143,296.67601896014116,308.441966937102,289.8497777610678,Up,656
2025-12-29 09:00:00,302.3,304.0,302.0,303.5,299.59550602364936,296.94362605974345,308.39279313673285,290.2472139808697,Up,81
2025-12-29 10:00:00,305.0,305.0,303.3,303.4,299.9413691124085,297.19681719465547,308.343113603034,291.93837634624515,Up,1195
2025-12-29 11:00:00,303.4,303.8,300.8,302.6,300.18306282946224,297.4087067164337,308.28596819404856,291.93837634624515,Up,965
2025-12-29 12:00:00,302.6,303.2,299.3,299.7,300.13914802678386,297.49856135500494,308.2005356747048,291.93837634624515,Up,847
2025-12-29 13:00:00,299.7,300.2,298.0,298.6,299.9992254788944,297.5417550273577,308.10500795654855,291.93837634624515,Up,734
2025-12-29 14:00:00,298.6,301.5,298.4,301.0,300.0902049808131,297.67737247726524,308.03431135996595,291.93837634624515,Up,516
2025-12-29 15:00:00,301.0,301.5,300.0,300.7,300.1456408916482,297.7959068899215,307.96133313747873,291.93837634624515,Up,322
2025-12-29 16:00:00,300.7,300.9,299.0,299.6,300.09603717422567,297.8666556393364,307.87813579282727,291.93837634624515,Up,388
2025-12-29 17:00:00,299.6,301.7,299.6,301.6,300.2327610674779,298.0130613005389,307.81566677996335,291.93837634624515,Up,494
2025-12-29 18:00:00,301.8,301.9,299.2,301.5,300.3479646067981,298.1498039946354,307.75282432444135,291.93837634624515,Up,1184
2025-12-29 19:00:00,301.5,304.6,301.1,303.5,300.6345132789073,298.3596156026889,307.7105076644967,291.93837634624515,Up,1825
2025-12-29 20:00:00,303.5,304.9,302.5,304.0,300.94046661718846,298.5808071476815,307.6735871902231,292.59531573693545,Up,1668
2025-12-29 21:00:00,303.9,306.5,303.1,305.7,301.37315147017136,298.8599911811058,307.6539495067383,293.46846885175955,Up,1414
2025-12-29 22:00:00,305.7,308.4,304.4,308.2,301.9937740637921,299.22626603674865,307.6593828449797,294.64406259250865,Up,1613
2025-12-29 23:00:00,308.2,308.9,306.2,306.6,302.41252187617465,299.51543207452323,307.6488417221441,295.88096599318965,Up,1209
2025-12-30 00:00:00,306.6,308.5,302.7,305.4,302.68411079652236,299.7461994441498,307.62646518759544,295.88096599318965,Up,1860
2025-12-31 09:00:00,302.9,303.9,302.0,302.0,302.6219189059294,299.8345837796734,307.5704804593607,295.88096599318965,Up,99
2025-12-31 10:00:00,302.9,303.1,301.2,301.9,302.5562899144813,299.915580494196,307.51405776822276,295.88096599318965,Up,1197
2025-12-31 11:00:00,301.9,301.9,298.4,298.4,302.17844537680116,299.8561459650118,307.4233706262504,295.88096599318965,Up,1274
2025-12-31 12:00:00,298.4,299.5,297.8,298.4,301.8349503425465,299.799042201678,307.33358584389964,295.88096599318965,Up,1256
2025-12-31 13:00:00,298.4,298.6,296.7,297.0,301.395409402315,299.68927584082786,307.2307640942091,295.88096599318965,Up,667
2025-12-31 14:00:00,297.0,297.7,295.1,295.5,300.85946309301363,299.52499051373655,307.1140400733712,307.85883773833064,Down,792
2025-12-31 15:00:00,295.5,295.5,294.3,295.0,300.32678463001236,299.3475399053547,306.99350236119835,305.7534888530279,Down,981
2025-12-31 16:00:00,295.0,296.5,294.7,295.6,299.89707693637484,299.20057755612515,306.8801341784999,305.7534888530279,Down,762
2025-12-31 17:00:00,295.8,296.6,295.1,295.3,299.4791608512499,299.04761373039474,306.7649089627934,305.7534888530279,Down,666
2025-12-31 18:00:00,295.4,295.5,292.8,293.3,298.91741895568174,298.8222171135165,306.6309297691338,304.32301942376245,Down,1693
2025-12-31 19:00:00,293.3,295.1,292.5,294.2,298.4885626869834,298.6409536973002,306.5072389256598,303.9936540216023,Down,1533
2025-12-31 20:00:00,294.4,294.5,289.5,292.0,297.8986933518031,298.3805241405433,306.3628882895836,303.0851400196384,Down,2219
2025-12-31 21:00:00,292.0,292.6,286.9,288.5,297.04426668345735,297.99305260562005,306.18514810759774,301.90012729058043,Down,2118
2025-12-31 22:00:00,288.5,289.7,286.6,287.0,296.13115153041576,297.5619525034389,305.99425111150225,300.3228429914367,Down,1235
2025-12-31 23:00:00,287.0,289.5,286.0,288.2,295.4101377549234,297.1948171111472,305.8171938865122,300.08894817403336,Down,1576
2026-01-01 00:00:00,288.2,291.0,286.5,286.8,294.62739795902127,296.78717722443554,305.62796807669616,300.08894817403336,Down,1840
2026-01-01 09:00:00,284.1,287.8,283.6,286.1,293.85217996274656,296.36807223524204,305.43365993662957,298.91235386283756,Down,38
2026-01-01 10:00:00,286.1,287.1,271.4,280.6,292.64743632976956,295.749716461311,305.1865588427328,296.97032169348864,Down,4218
2026-01-01 11:00:00,280.6,285.4,275.6,281.5,291.6340330270632,295.1909040510635,304.9508716900688,296.97032169348864,Down,2264
2026-01-01 12:00:00,281.5,282.8,280.9,282.3,290.78548457005746,294.6853784020022,304.72548988220746,296.97032169348864,Down,697
2026-01-01 13:00:00,282.3,282.3,279.2,281.0,289.8958950636886,294.1486968960413,304.48941535601637,296.97032169348864,Down,610
2026-01-01 14:00:00,281.0,281.1,280.5,280.9,289.0780864215351,293.6291401550201,304.25469480521025,296.97032169348864,Down,175
2026-01-01 15:00:00,280.9,283.6,280.9,282.8,288.5073512923046,293.2044679920781,304.0412152549096,296.97032169348864,Down,549
2026-01-01 16:00:00,282.8,283.5,282.2,283.0,288.0066829930042,292.80429277670254,303.83184992899015,296.97032169348864,Down,349
2026-01-01 17:00:00,283.0,284.1,282.5,283.8,287.6242572663674,292.45118325604756,303.63252803914946,296.97032169348864,Down,464
2026-01-01 18:00:00,283.8,283.8,283.8,283.8,287.2765975148795,292.11192116757513,303.43518945169524,296.7916025888793,Down,0
2026-01-01 20:00:00,283.8,283.8,283.8,283.8,286.960543195345,291.78596347472904,303.2398144322754,295.6105478080721,Down,0
2026-01-02 09:00:00,283.8,283.8,279.4,280.6,286.38231199576813,291.34729824042597,303.01454264687965,293.93686164370195,Down,96
2026-01-02 10:00:00,280.6,281.8,279.8,281.2,285.9111927234256,290.9493649760955,302.79748252104,292.7426014942745,Down,1132
2026-01-02 11:00:00,281.2,281.3,279.3,279.4,285.31926611220507,290.49644870252314,302.56467174968645,291.8841831766132,Down,955
2026-01-02 12:00:00,279.4,282.0,279.4,281.0,284.92660555655004,290.124038949483,302.3500979014309,291.8841831766132,Down,877
2026-01-02 13:00:00,281.0,281.1,279.5,280.0,284.4787323241364,289.7270178142092,302.1277088675858,291.3150274186886,Down,486
2026-01-02 14:00:00,280.0,281.9,279.2,281.9,284.24430211285124,289.4200759391422,301.92643813258496,291.3150274186886,Down,630
2026-01-02 15:00:00,281.9,282.9,281.7,282.3,284.06754737531935,289.14085727486207,301.73115019096724,291.3150274186886,Down,657
2026-01-02 16:00:00,282.3,282.5,281.6,282.2,283.89777034119936,288.8686667934949,301.53681038807207,291.3150274186886,Down,330
2026-01-02 17:00:00,282.2,282.9,280.7,282.5,283.7707003101812,288.6189151545343,301.34738938918576,291.3150274186886,Down,684
2026-01-02 18:00:00,282.4,285.3,281.5,283.0,283.7006366456193,288.398565540631,301.1648283007362,291.3150274186886,Down,1353
2026-01-02 19:00:00,283.0,284.5,280.3,282.8,283.6187605869266,288.1790139508023,300.9820936907786,291.3150274186886,Down,1962
2026-01-02 20:00:00,282.8,283.3,280.0,280.4,283.3261459881151,287.8739545801826,300.77729673863155,291.3150274186886,Down,1799
2026-01-02 21:00:00,280.4,281.0,278.5,280.2,283.0419508982865,287.57301518488134,300.57254751735167,290.688746148189,Down,1637
2026-01-02 22:00:00,280.2,282.6,280.2,281.1,282.86540990753315,287.3191714521409,300.37879082563677,290.688746148189,Down,1836
2026-01-02 23:00:00,281.1,283.0,279.6,282.2,282.80491809775737,287.1184196304883,300.19790733483444,290.688746148189,Down,1403
2026-01-03 00:00:00,282.2,282.7,280.5,281.8,282.71356190705217,286.90985415478286,300.01484358025897,290.688746148189,Down,1077
2026-01-05 09:00:00,275.2,275.2,264.9,268.8,281.4486926427747,286.1996637957718,299.70424812174895,286.07151912313975,Down,172
2026-01-05 10:00:00,268.6,268.7,267.0,267.5,280.1806296752497,285.466343646918,299.38380784193055,283.06956283921807,Down,2488
2026-01-05 11:00:00,267.5,270.1,267.2,269.6,279.218754250227,284.8441340921369,299.08745154499593,283.06956283921807,Down,1243
2026-01-05 12:00:00,269.6,270.2,267.7,269.8,278.3625038638427,284.254168049308,298.7960341166875,283.06956283921807,Down,1086
2026-01-05 13:00:00,269.8,270.1,269.0,269.5,277.5568216944024,283.67557322384494,298.5045312896558,283.06956283921807,Down,340
2026-01-05 14:00:00,269.5,271.1,269.5,270.7,276.93347426763853,283.1667272150667,298.2278692867737,283.06956283921807,Down,460
2026-01-05 15:00:00,270.7,271.3,269.6,270.2,276.32134024330776,282.65822810859356,297.9489850152635,282.78111923503616,Down,428
2026-01-05 16:00:00,270.2,271.3,269.8,271.3,275.8648547666434,282.21280739845264,297.68382098526087,282.30556294094197,Down,476
2026-01-05 17:00:00,271.4,271.5,269.8,270.0,275.331686151494,281.7338737749839,297.4083600799349,281.9550572190381,Down,454
2026-01-05 18:00:00,269.7,270.9,267.8,268.1,274.67426013772183,281.19921205831787,297.1167346065027,280.75459747185283,Down,1373
2026-01-05 19:00:00,268.1,268.4,263.2,265.7,273.8584183070198,280.5913998207368,296.8041302820599,278.05872497441163,Down,3623
2026-01-05 20:00:00,265.7,266.2,258.6,260.5,272.64401664274527,279.80350178855105,296.44289515487526,276.3079317949197,Down,6125
2026-01-05 21:00:00,260.5,263.6,260.2,261.5,271.6309242206775,279.0857174046863,296.09520465582176,275.7799379953815,Down,2248
2026-01-05 22:00:00,261.5,262.5,260.5,262.5,270.80084020061594,278.4352971143065,295.7609240124803,274.8453981776196,Down,1772
2026-01-05 23:00:00,262.5,264.3,260.6,262.8,270.073491091469,277.8221482078631,295.4329546193213,274.8453981776196,Down,1775
2026-01-06 00:00:00,262.8,264.8,261.0,262.5,269.38499190133547,277.22127965069205,295.1052635285818,274.8453981776196,Down,2433
2026-01-06 09:00:00,261.0,262.0,260.6,261.3,268.6499926375777,276.5969157428218,294.7688927472029,274.3856485181214,Down,80
2026-01-06 10:00:00,261.2,261.8,260.3,260.7,267.92726603416156,275.973507282319,294.4298987895193,273.49149865283766,Down,1336
2026-01-06 11:00:00,260.7,261.2,260.2,260.7,267.2702418492378,275.3745462124242,294.0942779060415,272.3740896843978,Down,453
2026-01-06 12:00:00,260.7,261.0,259.0,259.7,266.5820380447616,274.7598581256625,293.75204628508584,271.34008153127076,Down,1010
2026-01-06 13:00:00,259.7,260.4,258.5,259.6,265.9473073134196,274.1653538854405,293.4122249290154,270.45007411933705,Down,731
2026-01-06 14:00:00,259.6,260.2,259.2,259.6,265.37027937583605,273.59416353699186,293.0757848799705,270.06370374485186,Down,260
2026-01-06 15:00:00,259.6,260.5,259.3,260.3,264.90934488712367,273.0728237904431,292.7496576672345,269.75791249531983,Down,442
2026-01-06 16:00:00,260.3,261.8,260.1,261.0,264.55394989738517,272.5993797202297,292.4337406755207,269.75791249531983,Down,819
2026-01-06 17:00:00,261.0,261.8,258.7,259.6,264.1035908158047,272.08960012335797,292.10703678820215,269.75791249531983,Down,1026
2026-01-06 18:00:00,259.5,260.2,257.2,258.8,263.62144619618607,271.5684393342067,291.77562348682704,268.73299210767834,Down,1390
2026-01-06 19:00:00,258.8,259.0,256.5,257.5,263.0649510874419,271.0167358309045,291.4345725068587,267.77999282516214,Down,2291
2026-01-06 20:00:00,257.5,259.3,254.4,258.5,262.6499555340381,270.52588344537884,291.1068653177357,267.74999347742016,Down,2558
2026-01-06 21:00:00,258.5,258.8,255.6,255.9,262.0363232127619,269.95231938869733,290.7565482498975,267.74999347742016,Down,1603
2026-01-06 22:00:00,255.9,260.5,255.8,259.9,261.84211201160167,269.558110785219,290.44951791905277,267.74999347742016,Down,1749
2026-01-06 23:00:00,259.9,260.0,257.8,258.8,261.5655563741833,269.13622408775944,290.1345973427438,267.74999347742016,Down,1380
2026-01-07 00:00:00,258.8,260.0,258.5,259.2,261.3505057947121,268.7465682411807,289.82679040401007,267.74999347742016,Down,1154
2026-01-07 09:00:00,261.0,264.6,261.0,262.3,261.43682344973826,268.49376164348735,289.55289199202986,267.74999347742016,Down,150
2026-01-07 10:00:00,262.4,262.9,259.9,261.3,261.4243849543075,268.21165334374274,289.2717686886266,267.74999347742016,Down,1662
2026-01-07 11:00:00,261.2,261.9,260.4,261.8,261.4585317766432,267.9602159577136,288.99841775640147,267.74999347742016,Down,415
2026-01-07 12:00:00,261.8,264.4,261.8,263.6,261.65321070603926,267.7892270966268,288.7456971817109,267.74999347742016,Down,1770
2026-01-07 13:00:00,263.6,264.0,262.8,263.0,261.7756460963993,267.6014142693081,288.48952109035065,267.74999347742016,Down,516
2026-01-07 14:00:00,263.0,263.5,262.2,263.5,261.9324055421812,267.44057449404113,288.24086913920286,267.74999347742016,Down,495
2026-01-07 15:00:00,263.5,263.7,262.4,263.2,262.0476414019829,267.2742774550591,287.99170626219586,267.74999347742016,Down,375
2026-01-07 16:00:00,263.2,264.1,263.2,263.5,262.17967400180265,267.12626657446856,287.7480076924228,267.74999347742016,Down,427
2026-01-07 17:00:00,263.5,266.2,263.3,266.2,262.545158183457,267.0899423950776,287.5335996556823,267.74999347742016,Down,1370
2026-01-07 18:00:00,265.8,266.0,262.7,263.5,262.63196198496087,266.9491603403687,287.29445936060085,267.74999347742016,Down,1497
2026-01-07 19:00:00,263.5,266.9,262.9,266.3,262.9654199863281,266.92370307211894,287.08555926746055,267.74999347742016,Down,2093
2026-01-07 20:00:00,266.3,267.2,261.5,263.9,263.0503818057528,266.8051264810555,286.85485718519726,267.74999347742016,Down,2632
2026-01-07 21:00:00,264.2,265.5,263.1,263.3,263.0730743688662,266.66767054062194,286.62048049678737,267.74999347742016,Down,1354
2026-01-07 22:00:00,263.3,265.1,261.6,264.6,263.21188578987835,266.58658542138187,286.4013712381129,267.74999347742016,Down,1966
2026-01-07 23:00:00,264.6,265.4,262.7,263.5,263.2380779907985,266.4655428558375,286.17349689743514,267.74999347742016,Down,1365
2026-01-08 00:00:00,263.5,267.8,262.7,265.5,263.4437072643623,266.4276784301184,285.9677904606448,267.74999347742016,Down,2654
2026-01-08 09:00:00,267.3,268.1,267.2,267.7,263.83064296760205,266.4775733936432,285.7860214013349,267.74999347742016,Down,66
2026-01-08 10:00:00,267.7,268.1,267.1,267.5,264.1642208796382,266.5176685546768,285.6040709396301,267.74999347742016,Down,1098
2026-01-08 11:00:00,267.5,268.9,267.2,267.6,264.4765644360347,266.5601129250816,285.4249259551562,267.74999347742016,Down,844
2026-01-08 12:00:00,267.6,268.4,265.1,266.4,264.651422214577,266.55383398684313,285.2356232093337,267.74999347742016,Down,1138
2026-01-08 13:00:00,266.4,268.3,266.3,268.2,264.97402019507,266.61838951677083,285.06611452068364,257.0539952967145,Up,685
2026-01-08 14:00:00,268.2,268.2,267.0,267.0,265.15820017733637,266.63335463376023,284.8863521871445,257.24928271729124,Up,285
2026-01-08 15:00:00,267.0,267.1,265.5,265.9,265.2256365248512,266.60459562851474,284.69743325990925,257.24928271729124,Up,623
2026-01-08 16:00:00,265.9,266.5,265.5,266.2,265.314215022592,266.5887291332789,284.5133791976216,257.24928271729124,Up,486
2026-01-08 17:00:00,266.2,266.7,264.3,265.1,265.2947409296291,266.5303475986405,284.3202112454065,257.24928271729124,Up,890
2026-01-08 18:00:00,265.2,265.5,261.8,261.8,264.9770372087537,266.34484377124284,284.09612954147207,257.24928271729124,Up,2419
2026-01-08 19:00:00,261.8,262.9,258.3,258.9,264.4245792806852,266.05288911354705,283.8454217848405,257.24928271729124,Up,3170
2026-01-08 20:00:00,258.9,261.6,258.6,260.7,264.08598116425924,265.842971893408,283.61511908051375,257.24928271729124,Up,2430
2026-01-08 21:00:00,260.7,263.0,256.8,260.1,263.7236192402357,265.6177573093528,283.38113779613053,257.24928271729124,Up,2719
2026-01-08 22:00:00,259.6,260.1,256.0,257.4,263.1487447638506,265.29549231682915,283.12261901208944,257.24928271729124,Up,2358
2026-01-08 23:00:00,257.4,258.8,256.5,257.3,262.6170406944096,264.98194359852215,282.8656775293821,257.24928271729124,Up,1330
2026-01-09 00:00:00,257.3,257.5,255.0,256.6,262.0700369949178,264.6532399279919,282.60432750421415,268.2435461910545,Down,1330
2026-01-09 09:00:00,255.3,256.7,253.1,255.5,261.47276090447076,264.29428934258044,282.3346327031772,267.11231471914044,Down,184
2026-01-09 10:00:00,255.5,255.8,255.2,255.7,260.94796445860976,263.95725838796943,282.0696114822501,266.8202861083095,Down,849
2026-01-09 11:00:00,255.8,258.6,255.7,258.2,260.69814950782705,263.7314835492256,281.8321029102874,266.8202861083095,Down,785
2026-01-09 12:00:00,258.2,258.3,256.4,257.9,260.4437722798428,263.50279791984417,281.59397253307066,266.8202861083095,Down,860
2026-01-09 13:00:00,257.9,257.9,256.6,256.9,260.12161116349347,263.24386466808556,281.34826136358737,266.8202861083095,Down,315
2026-01-09 14:00:00,256.9,257.2,256.1,256.2,259.7651010577213,262.9676346811018,281.0980299072333,266.57495465358204,Down,518
2026-01-09 15:00:00,256.2,257.9,255.5,257.7,259.57736459792847,262.761060772039,280.8652136892509,266.57495465358204,Down,1585
2026-01-09 16:00:00,257.7,258.0,253.5,254.7,259.1339678162986,262.444940741763,280.6048633042832,266.38219392858025,Down,4356
2026-01-09 17:00:00,254.7,255.2,253.1,253.7,258.63997074208964,262.10200188914484,280.3371532216535,264.57926720780017,Down,2214
2026-01-09 18:00:00,253.9,254.4,246.7,246.7,257.5545188564451,261.4980018150607,280.00245517964703,262.83115200709113,Down,4074
2026-01-09 19:00:00,246.7,251.0,245.0,246.9,256.5859262331319,260.9255311556466,279.67307751616795,261.34650182462826,Down,4785
2026-01-09 20:00:00,246.9,248.0,245.3,247.6,255.76902384830169,260.40296130640553,279.3539424165046,259.76500165875296,Down,2311
2026-01-09 21:00:00,247.6,248.9,244.5,245.2,254.80820349845607,259.80676674537,279.0141021934548,259.76500165875296,Down,2251
2026-01-09 22:00:00,245.2,248.4,244.0,247.1,254.10745772586915,259.30846216712024,278.6965489377985,259.76500165875296,Down,2602
2026-01-09 23:00:00,247.0,247.6,245.0,245.1,253.28859793260833,258.75126757233124,278.36225491851695,259.76500165875296,Down,1107
2026-01-10 00:00:00,245.1,245.5,242.0,242.3,252.28963448418938,258.1061198243967,278.00342651136754,257.36437173605145,Down,1970
2026-01-12 09:00:00,247.0,247.9,245.4,246.5,251.76330407653577,257.6509778704988,277.6899595809062,257.36437173605145,Down,233
2026-01-12 10:00:00,246.5,247.1,243.9,245.9,251.23027643321433,257.19015520891065,277.37364157512604,257.36437173605145,Down,2107
2026-01-12 11:00:00,245.9,246.8,245.7,245.7,250.72752403019484,256.7395608869926,277.05848096243824,257.36437173605145,Down,694
2026-01-12 12:00:00,245.6,246.4,244.5,246.4,250.33411275472258,256.3340879110321,276.75342145037416,257.36437173605145,Down,1136
2026-01-12 13:00:00,246.4,247.3,245.7,246.8,250.01282977702053,255.96020211059948,276.45537745584306,257.36437173605145,Down,784
2026-01-12 14:00:00,247.2,248.0,247.0,247.1,249.74802707001865,255.61274320430147,276.1632841478247,257.36437173605145,Down,578
2026-01-12 15:00:00,247.1,247.9,245.2,245.6,249.37093370001696,255.22008660805434,275.85917186774685,257.36437173605145,Down,846
2026-01-12 16:00:00,245.4,247.0,245.4,246.7,249.12812154546998,254.88596556460126,275.56903085413745,257.2454324306962,Down,856
2026-01-12 17:00:00,246.7,247.4,246.5,246.6,248.8982923140636,254.56102573853846,275.2807817909122,257.2454324306962,Down,737
2026-01-12 18:00:00,246.3,247.5,245.6,245.8,248.61662937642146,254.21745610173303,274.98744067856484,256.66688630636054,Down,1187
2026-01-12 19:00:00,245.7,246.8,243.1,245.4,248.3242085240195,253.8716735095082,274.69303828375325,255.49262391487318,Down,2800
2026-01-12 20:00:00,245.4,246.8,244.3,244.5,247.97655320365408,253.50415690129222,274.3926100421239,255.49262391487318,Down,2975
2026-01-12 21:00:00,244.5,247.1,244.2,246.9,247.8786847305946,253.24517035614352,274.1190517332471,255.49262391487318,Down,3302
2026-01-12 22:00:00,246.9,248.8,245.2,248.6,247.94425884599508,253.06300681276534,273.8651308204785,255.49262391487318,Down,2556
2026-01-12 23:00:00,248.6,250.2,248.3,249.1,248.04932622363188,252.9075947808922,273.6187116083345,255.49262391487318,Down,2798
2026-01-13 00:00:00,249.1,253.0,248.9,253.0,248.49938747602897,252.91121851497485,273.4135502987988,255.49262391487318,Down,2560
2026-01-13 09:00:00,253.4,254.0,252.2,253.9,248.99035225093544,252.94999425948566,273.21938561920877,255.49262391487318,Down,114
2026-01-13 10:00:00,253.6,254.4,253.2,253.7,249.41850204630495,252.97940624930976,273.0251628767291,255.49262391487318,Down,1350
2026-01-13 11:00:00,253.6,254.3,253.2,254.3,249.86227458754996,253.0311942395329,272.83884284810495,255.49262391487318,Down,605
2026-01-13 12:00:00,254.3,256.2,252.3,254.8,250.3111587159545,253.10055917131595,272.65935187449196,255.49262391487318,Down,1922
2026-01-13 13:00:00,254.8,257.6,254.6,255.4,250.7737806508677,253.1907333214604,272.48761702996967,255.49262391487318,Down,1382
2026-01-13 14:00:00,255.4,257.0,254.9,256.5,251.29434604624336,253.32050848532472,272.3285362635023,245.71791264947586,Up,797
2026-01-13 15:00:00,256.5,257.0,255.9,256.8,251.7948600420394,253.45695913295904,272.1740234648605,246.74810240861441,Up,488
2026-01-13 16:00:00,256.8,256.8,256.2,256.8,252.24987276549035,253.58805877480378,272.0210481070012,247.46191128055855,Up,553
2026-01-13 17:00:00,256.8,260.8,256.4,260.2,252.97261160499122,253.8473505875566,271.9034257377773,248.78355570959872,Up,2239
2026-01-13 18:00:00,260.2,261.8,260.0,261.8,253.77510145908292,254.15921919196617,271.8028941383964,251.32141428145331,Up,2655
2026-01-13 19:00:00,261.8,263.5,260.0,261.0,254.4319104173481,254.4274851060067,271.69540265443226,251.76946752859394,Up,2906
2026-01-13 20:00:00,260.8,262.7,255.2,256.2,254.5926458339528,254.49699549400646,271.54121954344293,251.76946752859394,Up,5154
2026-01-13 21:00:00,256.3,257.8,254.1,256.3,254.74785984904798,254.56770155306504,271.3895656176375,251.76946752859394,Up,3749
2026-01-13 22:00:00,256.5,260.4,256.0,257.9,255.03441804458907,254.69837992353308,271.2553410841287,251.76946752859394,Up,4127
2026-01-13 23:00:00,257.9,260.2,256.7,257.3,255.24038004053554,254.80040424025728,271.11648196886375,251.76946752859394,Up,2340
2026-01-14 00:00:00,257.3,260.1,256.4,259.6,255.63670912775956,254.98862368181582,271.0018901084771,251.76946752859394,Up,2961
2026-01-14 09:00:00,259.9,260.0,258.3,259.5,255.98791738887232,255.165540400176,270.8874434407311,251.76946752859394,Up,33
2026-01-14 10:00:00,259.5,260.5,258.8,260.4,256.3890158080657,255.37081332565933,270.78309076967906,251.76946752859394,Up,1347
2026-01-14 11:00:00,260.4,261.2,260.2,260.9,256.79910528005973,255.58764417563347,270.6847515580405,251.76946752859394,Up,907
2026-01-14 12:00:00,260.9,261.9,258.3,258.9,256.99009570914524,255.71754048247138,270.56749034850776,251.76946752859394,Up,1398
2026-01-14 13:00:00,258.8,259.4,257.4,257.7,257.0546324628593,255.79528399296268,270.43945561867184,251.76946752859394,Up,944
2026-01-14 14:00:00,257.7,257.8,256.0,256.9,257.0405749662357,255.8386061893171,270.30473466724226,251.76946752859394,Up,1257
2026-01-14 15:00:00,256.9,257.2,255.5,256.8,257.0187045147597,255.87630790738308,270.17035919791647,251.76946752859394,Up,959
2026-01-14 16:00:00,256.8,259.5,256.5,259.4,257.2351859225088,256.0144919110151,270.06319144470336,251.76946752859394,Up,1077
2026-01-14 17:00:00,259.4,260.7,258.0,259.2,257.41380538409885,256.1394137968577,269.95509998754216,251.76946752859394,Up,1797
2026-01-14 18:00:00,259.1,259.4,256.2,256.6,257.3398230764535,256.15747600090253,269.82221342050195,251.76946752859394,Up,2463
2026-01-14 19:00:00,256.6,256.9,250.5,251.0,256.76347552404866,255.95522204008284,269.6349277148253,265.5380887194414,Down,4119
2026-01-14 20:00:00,251.0,251.4,247.0,247.5,255.92134138549878,255.62364470517767,269.4146796778619,261.8155075744579,Down,3887
2026-01-14 21:00:00,247.7,248.7,246.1,246.1,255.02849216863524,255.25016844222952,269.1826928153956,259.8140977949617,Down,2505
2026-01-14 22:00:00,246.1,246.9,243.0,243.5,253.98044742603201,254.78937752292643,268.9271436331529,257.653725268147,Down,3050
2026-01-14 23:00:00,243.5,244.9,240.1,244.9,253.15495220548365,254.40155879653716,268.68806757710166,255.79429569831547,Down,3284
2026-01-15 00:00:00,244.8,245.3,241.8,241.8,252.12268382316694,253.90738002020237,268.4205246161355,255.79429569831547,Down,2486
2026-01-15 17:00:00,245.0,248.0,245.0,247.1,251.66607620287903,253.64042394097876,268.2083800925918,255.79429569831547,Down,173
2026-01-15 18:00:00,247.1,250.0,246.7,248.9,251.41461472989002,253.45452496290116,268.0162569075909,255.79429569831547,Down,4324
2026-01-15 19:00:00,248.9,249.5,244.0,244.3,250.7678315726273,253.0955239839639,267.78027425179397,255.79429569831547,Down,3891
2026-01-15 20:00:00,244.3,245.7,240.8,242.1,249.9798468842066,252.66432696498492,267.5247491348607,255.79429569831547,Down,3448
2026-01-15 21:00:00,242.0,244.5,240.5,240.9,249.15440625836965,252.20298080949533,267.2598262578969,255.79429569831547,Down,3137
2026-01-15 22:00:00,241.1,241.1,237.1,239.8,248.30400568942696,251.7165894052014,266.9865941558283,254.61207473794707,Down,5059
2026-01-15 23:00:00,239.8,241.5,239.5,240.8,247.6218233540245,251.2884878598994,266.7260310298997,254.61207473794707,Down,1274
2026-01-16 00:00:00,240.8,245.6,240.8,245.5,247.42893032184045,251.06148833598178,266.51482674104494,254.61207473794707,Down,3534
2026-01-16 09:00:00,245.4,246.3,244.5,245.5,247.25357301985494,250.84339075417859,266.3057239874027,254.61207473794707,Down,93
2026-01-16 10:00:00,245.5,246.0,245.0,245.5,247.09415729077722,250.63384601872062,266.0987018581748,254.61207473794707,Down,1276
2026-01-16 11:00:00,245.5,246.4,245.4,245.6,246.9583248097975,250.4364402924963,265.8947346755064,254.61207473794707,Down,689
2026-01-16 12:00:00,245.6,247.5,244.8,245.5,246.8257498270886,250.2428543986729,265.69180199216805,254.61207473794707,Down,2402
2026-01-16 13:00:00,245.5,246.5,244.4,245.6,246.71431802462598,250.0607816771563,265.4918835643853,254.61207473794707,Down,1267
2026-01-16 14:00:00,245.6,246.2,245.4,246.0,246.64938002238725,249.9015353368757,265.29793447419246,254.61207473794707,Down,711
2026-01-16 15:00:00,246.0,246.3,245.6,246.3,246.61761820217023,249.76029865699823,265.1089003003199,254.61207473794707,Down,375
2026-01-16 16:00:00,246.3,247.0,245.7,245.7,246.5341983656093,249.60107125868458,264.9157769142471,254.61207473794707,Down,1029
2026-01-16 17:00:00,245.7,247.3,245.0,247.0,246.57654396873573,249.49906846422638,264.73751047728945,254.61207473794707,Down,3393
2026-01-16 18:00:00,246.9,250.7,246.6,248.1,246.71503997157794,249.44420303425673,264.5719631093562,254.61207473794707,Down,3682
2026-01-16 19:00:00,248.3,249.3,246.5,247.2,246.75912724688902,249.35619507212903,264.39910775503427,254.61207473794707,Down,2713
2026-01-16 20:00:00,247.2,247.6,242.2,243.5,246.46284295171728,249.12654036341812,264.19115643408867,254.61207473794707,Down,4100
2026-01-16 21:00:00,243.5,246.0,243.0,243.5,246.19349359247025,248.90589172171548,263.9852742805157,254.61207473794707,Down,2043
2026-01-16 22:00:00,243.5,244.6,241.8,242.7,245.87590326588204,248.66252341890313,263.7734805065802,254.61207473794707,Down,2150
2026-01-16 23:00:00,242.7,243.3,241.4,242.2,245.54173024171095,248.40909112796575,263.5588190090023,253.59859702382275,Down,1429
2026-01-17 00:00:00,242.2,244.5,242.0,244.1,245.41066385610085,248.24010716216318,263.3651989193605,253.59859702382275,Down,1881
2026-01-19 09:00:00,247.1,258.0,247.1,258.0,246.55514896009169,248.62284805776463,263.31181385548626,238.08545800716323,Up,13748
2026-01-19 10:00:00,258.0,311.4,258.0,264.4,248.1774081455379,249.2415598986366,263.32264157831725,251.4842246252271,Up,22014
2026-01-19 11:00:00,264.4,265.8,264.0,264.6,249.67037104139808,249.84385166731752,263.33535161236387,251.4842246252271,Up,3428
2026-01-19 12:00:00,264.6,265.0,261.0,264.1,250.98215549218006,250.40291630781488,263.3429600540319,251.4842246252271,Up,3966
2026-01-19 13:00:00,264.1,265.0,264.0,264.4,252.2019595383455,250.9518215506457,263.3534778644395,251.4842246252271,Up,1395
2026-01-19 14:00:00,264.4,264.7,262.2,262.5,253.13814503485955,251.40469129375762,263.3449855473805,251.4842246252271,Up,1130
2026-01-19 15:00:00,262.5,264.7,262.3,264.7,254.1892227589632,251.92607594890438,263.35846827825236,251.4842246252271,Up,1313
2026-01-19 16:00:00,264.7,265.5,263.8,265.1,255.18111159905746,252.4427004214964,263.37579695210064,251.4842246252271,Up,1056
2026-01-19 17:00:00,265.1,266.7,264.7,266.7,256.2282832718704,253.0018102088887,263.40887359934345,251.4842246252271,Up,1636
2026-01-19 18:00:00,266.8,268.8,266.2,268.5,257.34389388351855,253.60958235755976,263.4595315734793,251.4842246252271,Up,3004
2026-01-19 19:00:00,268.5,272.6,268.0,272.6,258.7308126213805,254.35430461804762,263.5504815080716,251.4842246252271,Up,4071
2026-01-19 20:00:00,272.6,277.0,272.0,276.9,260.3825569285277,255.23844953498693,263.6833125378421,254.4072296679896,Up,5807
2026-01-19 21:00:00,276.9,277.0,273.4,276.1,261.81141538957064,256.05654955322274,263.80686166681875,255.6247542436269,Up,5034
2026-01-19 22:00:00,276.1,276.2,271.8,272.8,262.81037762688237,256.71315545309636,263.896345630333,255.6247542436269,Up,4265
2026-01-19 23:00:00,272.7,274.7,271.7,274.1,263.8367069335294,257.39499249415144,263.99787452953365,255.6247542436269,Up,2195
2026-01-20 00:00:00,274.1,274.6,272.0,272.2,264.5970063032085,257.9755810237926,264.07948771829456,255.6247542436269,Up,2313
2026-01-20 09:00:00,269.5,269.9,266.0,268.6,264.96091482109864,258.3922249052125,264.12446794000306,255.6247542436269,Up,246
2026-01-20 10:00:00,268.6,269.4,267.0,268.7,265.3008316555442,258.7964513795179,264.1699956221921,255.6247542436269,Up,3733
2026-01-20 11:00:00,268.7,269.4,268.0,269.1,265.64621059594924,259.2005121097329,264.21905039212055,255.6247542436269,Up,1430
2026-01-20 12:00:00,269.1,273.5,269.0,272.1,266.2329187235902,259.70637437993946,264.2974678011542,255.6247542436269,Up,4611
2026-01-20 13:00:00,272.1,274.3,272.1,273.5,266.8935624759911,260.2473008748438,264.38903528571984,257.1401903743037,Up,2532
2026-01-20 14:00:00,273.5,273.9,272.5,273.4,267.48505679635554,260.763092997399,264.47869662616046,258.0910821584578,Up,1494
2026-01-20 15:00:00,273.4,274.7,272.4,273.4,268.0227789057778,261.25865797789317,264.56746581395987,258.9782565076889,Up,1792
2026-01-20 16:00:00,273.4,277.5,273.2,276.5,268.7934353688889,261.8563576650346,264.68619749740304,260.53932409789905,Up,2912
2026-01-20 17:00:00,276.5,278.0,276.3,277.3,269.5667594262626,262.46199069777833,264.81170797006575,263.0675673617264,Up,1905
2026-01-20 18:00:00,277.2,277.9,273.2,276.5,270.19705402387507,263.0125008664929,264.9280093832989,263.0675673617264,Up,26006
2026-01-20 19:00:00,276.5,289.4,276.4,286.7,271.6973218398864,263.94142240114024,265.14464610585316,264.98063418324494,Up,8495
2026-01-20 20:00:00,286.7,357.3,286.5,287.2,273.1066562180785,264.8535234834485,265.3641023635064,279.864212893859,Up,52554
2026-01-20 21:00:00,287.6,287.7,281.3,283.0,274.0060511073441,265.56515001350937,265.53958393202873,279.864212893859,Up,7909
2026-01-20 22:00:00,283.0,289.0,282.2,287.9,275.2691373703128,266.44102648356784,265.7620756341976,279.864212893859,Up,5107
2026-01-20 23:00:00,287.7,290.7,286.8,290.5,276.6537612457389,267.384515641075,266.00822413534985,279.864212893859,Up,3424
2026-01-21 00:00:00,290.5,291.6,286.9,291.2,277.9761465870354,268.3184562041701,266.258888571814,279.864212893859,Up,5057
2026-01-21 09:00:00,292.5,292.7,288.5,290.8,279.1419514427594,269.200085372634,266.5030787352785,279.864212893859,Up,238
2026-01-21 10:00:00,290.8,295.2,290.4,294.5,280.5381376752358,270.1922388874327,266.7816550662708,279.864212893859,Up,4773
2026-01-21 11:00:00,294.5,372.0,294.4,300.8,282.3801251593053,271.3925432447883,267.1201460606363,279.864212893859,Up,25743
2026-01-21 12:00:00,300.8,310.5,300.1,310.0,284.89102287209573,272.90656115675745,267.54681127396327,279.864212893859,Up,27072
2026-01-21 13:00:00,309.7,317.2,309.7,313.4,287.48274806554156,274.49453915061014,268.0030619080532,279.864212893859,Up,33183
2026-01-21 14:00:00,313.4,318.5,311.9,316.0,290.0752255141287,276.1222042819588,268.480643381605,279.864212893859,Up,46383
2026-01-21 15:00:00,316.0,316.0,311.0,313.7,292.2229322855715,277.5958433297251,268.9305872285542,279.864212893859,Up,6231
2026-01-21 16:00:00,313.7,316.8,312.8,315.7,294.3572111687014,279.09012398346135,269.3959545198124,279.864212893859,Up,7599
2026-01-21 17:00:00,315.7,325.2,315.5,325.0,297.14291924427397,280.89051127822756,269.9492286041924,279.864212893859,Up,10214
2026-01-21 18:00:00,324.9,324.9,317.2,323.5,299.5390174947945,282.56147162025786,270.4820721006681,279.864212893859,Up,78301
2026-01-21 19:00:00,323.5,330.0,323.0,327.5,302.0809249952677,284.323766850836,271.0494146668306,284.2198080328615,Up,14252
2026-01-21 20:00:00,327.5,328.0,322.2,322.5,303.9372045411524,285.82087403315614,271.5613607895487,284.554370938965,Up,9105
2026-01-21 21:00:00,322.8,325.3,315.8,317.0,305.12473140104765,287.04358485538535,272.01348655283675,284.554370938965,Up,117302
2026-01-21 22:00:00,317.2,319.3,311.2,319.2,306.40430127367966,288.30462074340943,272.4830040995747,284.554370938965,Up,11678
2026-01-21 23:00:00,319.2,322.1,317.7,321.7,307.7948193397088,289.61424345935416,272.9727254518178,284.554370938965,Up,7441
2026-01-22 00:00:00,321.9,324.3,318.5,321.3,309.02256303609886,290.85682214722266,273.4535938552823,285.1134423461273,Up,6633
2026-01-22 09:00:00,315.1,333.8,312.3,331.3,311.04778457827166,292.4428291218414,274.0291799860755,285.1134423461273,Up,1844
2026-01-22 10:00:00,331.1,337.8,330.8,334.2,313.1525314347924,294.08036523471037,274.6278946130797,294.65821681498124,Up,27951
2026-01-22 11:00:00,334.6,335.8,330.9,334.7,315.11139221344763,295.6732920882512,275.2256270049894,295.5301971045284,Up,9088
2026-01-22 12:00:00,334.7,337.2,334.0,334.5,316.873992921316,297.19590808479035,275.8154217611587,300.05472464048034,Up,4860
2026-01-22 13:00:00,334.5,337.8,331.7,337.7,318.76726629210543,298.78430384617116,276.43118870880886,300.2179314913458,Up,6358
2026-01-22 14:00:00,337.5,338.3,329.3,330.1,319.79751481100493,300.0123703620076,276.96520673160677,300.2179314913458,Up,4828
2026-01-22 15:00:00,330.1,331.1,322.2,322.2,320.01592255545904,300.8824734850661,277.41530417706343,300.2179314913458,Up,5938
2026-01-22 16:00:00,322.0,329.6,319.7,327.7,320.7144750504173,301.93414119153414,277.91564940913247,300.2179314913458,Up,8251
2026-01-22 17:00:00,327.7,336.8,327.0,336.6,322.1586136821976,303.2935866350034,278.4995732956088,300.2179314913458,Up,8383
2026-01-22 18:00:00,337.4,339.8,333.4,333.9,323.22601243836147,304.49383813951306,279.0508213225182,301.94930890919386,Up,83686
2026-01-22 19:00:00,334.0,336.7,324.9,336.0,324.3872840348741,305.72937389874784,279.6174798168215,301.94930890919386,Up,21869
2026-01-22 20:00:00,335.7,340.0,334.8,336.1,325.4520763953401,306.920378843895,280.17949494302235,302.97132967701964,Up,14211
2026-01-22 21:00:00,336.2,340.0,335.5,339.4,326.7200694503092,308.19408947746774,280.7687536998082,304.814845160927,Up,13104
2026-01-22 22:00:00,338.8,340.2,334.2,338.8,327.8182449548266,309.39432126266513,281.3461790361285,305.07713196447907,Up,18471
2026-01-22 23:00:00,338.9,339.2,328.2,329.7,327.9893135952969,310.1906223896195,281.8273115830327,305.07713196447907,Up,9115
2026-01-23 00:00:00,329.8,333.5,320.6,321.4,327.3902850866335,310.63020582532073,282.2210696767339,305.07713196447907,Up,11215
2026-01-23 09:00:00,329.8,329.8,322.2,326.1,327.2729864423941,311.2368644204062,282.6576759486072,305.07713196447907,Up,275
2026-01-23 10:00:00,326.3,328.1,321.4,321.8,326.77544222035823,311.6511050313707,283.04715180981515,305.07713196447907,Up,7777
2026-01-23 11:00:00,321.6,326.4,320.6,320.7,326.2231292912347,312.00596365759145,283.42180701568765,305.07713196447907,Up,6616
2026-01-23 12:00:00,320.7,321.0,315.4,316.6,325.34829935566796,312.18612194552907,283.7519382891634,305.07713196447907,Up,31398
2026-01-23 13:00:00,316.5,316.8,313.7,314.8,324.38936305060724,312.28862696727305,284.06087422658464,305.07713196447907,Up,5729
2026-01-23 14:00:00,314.8,324.2,314.5,322.5,324.2176027732793,312.68907296855645,284.4433530900017,305.07713196447907,Up,10256
2026-01-23 15:00:00,322.7,326.0,322.2,324.5,324.2432752484357,313.1522465776327,284.8419266910962,305.07713196447907,Up,6486
2026-01-23 16:00:00,324.5,325.0,319.5,323.3,324.1575229531233,313.5501976922354,285.2245940872047,305.07713196447907,Up,8080
2026-01-23 17:00:00,323.3,324.9,322.1,323.5,324.097748139203,313.9403860180301,285.6054438972823,305.07713196447907,Up,5357
2026-01-23 18:00:00,323.5,330.8,323.5,329.9,324.6252255810937,314.5662532330093,286.04618574905066,305.07713196447907,Up,14442
2026-01-23 19:00:00,330.0,330.5,318.0,325.6,324.71384143735787,314.998949184656,286.4397560401049,305.07713196447907,Up,26991
2026-01-23 20:00:00,325.6,337.5,323.9,335.6,325.7034922157799,315.8068335303558,286.9289126964223,305.07713196447907,Up,32473
2026-01-23 21:00:00,335.6,335.6,326.0,333.1,326.37590201434534,316.48499692132225,287.388326500438,305.07713196447907,Up,25964
2026-01-23 22:00:00,333.2,335.1,328.5,329.4,326.6508200130412,316.99146763029,287.8063531024237,305.07713196447907,Up,16204
2026-01-23 23:00:00,329.3,331.9,325.8,327.1,326.6916545573102,317.3878806643963,288.1973346635936,305.07713196447907,Up,15275
2026-01-24 00:00:00,327.1,332.7,326.1,331.2,327.10150414300927,317.9295324030474,288.62522188087127,305.07713196447907,Up,17135
2026-01-27 09:00:00,337.0,348.7,337.0,345.0,328.72864013000844,318.99111936763376,289.1861649467333,308.5405990534054,Up,3987
2026-01-27 10:00:00,344.8,532.5,344.0,344.9,330.1987637545531,320.0071539022363,289.7405314646763,338.51418095764126,Up,230183
2026-01-27 11:00:00,344.8,561.4,337.9,340.8,331.1625125041392,320.8225596315604,290.24858587796314,338.51418095764126,Up,79780
2026-01-27 12:00:00,340.8,346.5,338.0,343.3,332.26592045830836,321.70402788130315,290.7764606453466,338.51418095764126,Up,15190
2026-01-27 13:00:00,344.4,347.1,343.5,346.9,333.5962913257349,322.6921052192913,291.3349038230049,338.51418095764126,Up,8281
2026-01-27 14:00:00,346.9,347.3,343.7,346.6,334.77844665975897,323.6296697204956,291.8848052775024,338.51418095764126,Up,50008
2026-01-27 15:00:00,346.6,346.9,343.2,345.0,335.70767878159904,324.46772188831926,292.41331467772625,338.51418095764126,Up,3310
2026-01-27 16:00:00,345.0,345.5,339.3,341.5,336.2342534378173,325.13565436328713,292.90173940730114,338.51418095764126,Up,7990
2026-01-27 17:00:00,341.3,346.0,338.9,346.0,337.12204857983386,325.9538639960994,293.430080308721,338.51418095764126,Up,10220
2026-01-27 18:00:00,345.9,350.3,341.4,342.6,337.6200441634853,326.60665364331123,293.91933324097255,338.51418095764126,Up,24799
2026-01-27 19:00:00,342.6,347.3,336.8,344.8,338.2727674213503,327.3201182063186,294.42560853210716,338.51418095764126,Up,32670
2026-01-27 20:00:00,344.8,351.2,340.0,343.6,338.75706129213665,327.95854494332576,294.9149059596484,338.51418095764126,Up,38779
2026-01-27 21:00:00,344.1,346.3,336.6,341.0,338.9609648110333,328.4699745533914,295.37346410930365,338.51418095764126,Up,28753
2026-01-27 22:00:00,341.0,346.7,339.2,346.4,339.637240737303,329.1731128061996,295.88119083458423,338.51418095764126,Up,22541
2026-01-27 23:00:00,346.4,350.8,344.3,348.8,340.4702188520936,329.9427946569369,296.407746149663,338.51418095764126,Up,24830
2026-01-28 00:00:00,348.8,354.4,348.0,352.5,341.5638353200851,330.8273909449001,296.9658780287709,338.51418095764126,Up,20191
2026-01-28 09:00:00,355.0,357.9,346.0,348.0,342.14894120007733,331.5008265941197,297.4736802374398,338.51418095764126,Up,634
2026-01-28 10:00:00,347.7,349.5,343.0,344.0,342.31721927279756,331.9909902570954,297.93662869278864,338.51418095764126,Up,6390
2026-01-28 11:00:00,344.0,346.1,341.7,342.0,342.2883811570887,332.3835004430917,298.37507019833305,338.51418095764126,Up,6879
2026-01-28 12:00:00,342.0,344.7,338.8,340.6,342.13489196098965,332.70571611199006,298.7952187535735,338.51418095764126,Up,11354
2026-01-28 13:00:00,340.6,342.2,338.7,339.3,341.8771745099906,332.9643154801473,299.1982514027917,338.51418095764126,Up,5553
2026-01-28 14:00:00,339.2,341.1,338.7,341.1,341.80652228180963,333.28336193190626,299.6151842246545,338.51418095764126,Up,3709
2026-01-28 15:00:00,341.1,342.3,332.8,334.1,341.1059293470997,333.3153869541845,299.9583167199316,385.94309950912293,Down,10090
2026-01-28 16:00:00,334.2,334.2,329.1,331.6,340.2417539519088,333.2481168775498,300.27315933963376,377.49827228102083,Down,13460
2026-01-28 17:00:00,331.7,335.5,331.4,333.8,339.6561399562807,333.26975935294,300.6067597442145,376.62115661910985,Down,8479
2026-01-28 18:00:00,333.8,344.0,333.5,343.0,339.9601272329825,333.6513374175306,301.02858303034174,376.62115661910985,Down,24391
2026-01-28 19:00:00,342.8,345.1,335.9,342.8,340.21829748452956,334.01010849919606,301.4442190200896,376.62115661910985,Down,38304
2026-01-28 20:00:00,342.6,345.7,336.6,345.7,340.716634076845,334.46853561687465,301.8845750497404,376.62115661910985,Down,31566
2026-01-28 21:00:00,345.9,352.8,342.9,352.3,341.76966734258633,335.1678087299384,302.386221069146,376.62115661910985,Down,30738
2026-01-28 22:00:00,352.4,359.9,351.0,358.6,343.2996975841694,336.0867181915094,302.9455621530351,376.62115661910985,Down,32779
2026-01-28 23:00:00,358.6,359.1,354.2,356.2,344.47245234924486,336.87547434086196,303.475457056985,376.62115661910985,Down,16388
2026-01-29 00:00:00,356.3,356.4,340.9,344.0,344.4295021356771,337.1548675039654,303.8786863400001,376.62115661910985,Down,30078
2026-01-30 09:00:00,350.8,355.1,350.7,354.0,345.2995473960701,337.81546093518244,304.3774058789056,376.62115661910985,Down,445
2026-01-30 10:00:00,353.7,354.3,351.6,353.3,346.02686126915467,338.42269776125374,304.8641978602101,376.62115661910985,Down,6867
2026-01-30 11:00:00,353.3,356.6,352.7,354.6,346.8062375174133,339.0571017706163,305.3590814635911,376.62115661910985,Down,6726
2026-01-30 12:00:00,354.6,357.7,352.1,356.1,347.65112501583025,339.7254507207882,305.8639662251474,376.62115661910985,Down,10344
2026-01-30 13:00:00,356.1,358.3,356.0,357.2,348.51920455984566,340.41072716311027,306.3747725313649,376.62115661910985,Down,6162
2026-01-30 14:00:00,357.2,357.9,355.2,356.9,349.2810950544051,341.05736531357655,306.87751111314236,376.62115661910985,Down,3678
2026-01-30 15:00:00,356.9,359.3,356.1,358.2,350.09190459491373,341.7296254973579,307.38818264435486,376.62115661910985,Down,6731
2026-01-30 16:00:00,358.2,358.2,355.4,356.9,350.71082235901247,342.32454214452036,307.880837543416,376.62115661910985,Down,6564
2026-01-30 17:00:00,356.9,360.2,356.0,358.2,351.3916566900113,342.94710911924506,308.3815257270636,376.62115661910985,Down,9557
2026-01-30 18:00:00,358.3,360.0,352.4,355.2,351.7378697181921,343.4276146439806,308.84738119246595,376.62115661910985,Down,23095
2026-01-30 19:00:00,355.2,359.7,352.5,359.1,352.4071542892655,344.04221799127544,309.3474072502524,376.62115661910985,Down,20640
2026-01-30 20:00:00,359.0,379.8,358.8,375.1,354.47014026296864,345.26017022691167,310.00166190447874,376.62115661910985,Down,27782
2026-01-30 21:00:00,375.1,379.7,372.2,378.1,356.6183093299715,346.5480066886014,310.6792573084143,343.81571081476056,Up,22523
2026-01-30 22:00:00,378.0,393.6,378.0,393.6,359.980281209065,348.3931828968915,311.504339325246,350.91428255887325,Up,25144
2026-01-30 23:00:00,393.6,404.2,390.6,395.5,363.20934655369547,350.24050905779774,312.34011704340276,360.74025687170297,Up,25944
2026-01-31 00:00:00,395.6,398.5,382.4,383.3,365.0357695942686,351.5369596829821,313.0461855305331,360.74025687170297,Up,21007
2026-02-01 09:00:00,398.8,406.4,396.0,402.4,368.4325178129714,353.531588715022,313.9352782118213,360.74025687170297,Up,620
2026-02-01 10:00:00,400.2,425.9,399.8,425.9,373.6568343754285,356.3695656281584,315.0493550455345,363.3412523453817,Up,7473
2026-02-01 11:00:00,425.9,425.9,384.3,409.0,376.86984943220773,358.43350423097576,315.98418733363866,363.3412523453817,Up,8546
2026-02-01 12:00:00,409.7,418.3,404.0,410.5,379.92713584746156,360.47532759446693,316.92464318106516,363.3412523453817,Up,8284
2026-02-01 13:00:00,410.5,410.5,395.7,403.9,382.1064871340559,362.17825592409565,317.79006961707444,363.3412523453817,Up,8483
2026-02-01 14:00:00,403.9,404.2,399.7,402.5,383.9604428491417,363.7595007898174,318.63295449650656,363.3412523453817,Up,2449
2026-02-01 15:00:00,402.4,404.1,401.4,403.2,385.7094934992198,365.306187033354,319.4744176358448,363.3412523453817,Up,1230
2026-02-01 16:00:00,403.2,412.3,401.0,407.0,387.64499409019976,366.94123852224203,320.3453189529011,363.3412523453817,Up,8216
2026-02-01 17:00:00,407.1,409.0,402.7,407.0,389.40454008199976,368.5121703448992,321.2075545852106,363.3412523453817,Up,6198
2026-02-02 09:00:00,391.0,391.0,380.7,380.7,388.61321825636344,368.9901244490208,321.7995192162035,363.3412523453817,Up,339
2026-02-02 10:00:00,380.7,380.7,344.2,344.2,384.5756529603304,368.01796270592195,322.0224095722612,424.8439689816547,Down,1830
2026-02-02 11:00:00,344.2,344.2,333.4,335.5,380.1142299639367,366.7427484821603,322.15651494965164,399.4490627105952,Down,9653
2026-02-02 12:00:00,335.5,339.3,332.1,332.1,375.74929996721517,365.3842093259972,322.25545509940633,393.4536933732684,Down,9073
2026-02-02 13:00:00,332.1,335.3,332.1,332.1,371.7811817883774,364.07894621517374,322.353410770059,387.3669939756985,Down,4087
2026-02-02 14:00:00,332.1,332.7,330.6,331.6,368.1283470803431,362.8052620498728,322.44541663304346,381.20181270518043,Down,1144
2026-02-02 15:00:00,331.5,336.1,328.7,334.1,365.03486098213006,361.67956549889743,322.56138263669476,380.13801155016404,Down,5354
2026-02-02 16:00:00,334.1,337.5,333.7,335.5,362.3498736201182,360.65291587148965,322.6901250980212,380.13801155016404,Down,6456
2026-02-02 17:00:00,335.5,335.8,329.1,333.3,359.70897601828926,359.58025250398026,322.79569599256826,375.5954640910447,Down,8205
2026-02-02 18:00:00,333.3,335.2,329.7,332.0,357.1899781984448,358.4986739744124,322.88728110707007,373.67314917367696,Down,10745
2026-02-02 19:00:00,332.0,333.6,325.1,327.7,354.5090710894953,357.29088283816094,322.9351688572485,369.91649924879727,Down,13144
2026-02-02 20:00:00,327.6,329.5,323.8,326.2,351.9355191722684,356.0716325307821,322.967654739266,365.601362953452,Down,8828
2026-02-02 21:00:00,326.3,328.8,322.3,324.3,349.4231992475167,354.825686157026,322.98091190603947,363.32396632132003,Down,8877
2026-02-02 22:00:00,324.3,325.1,311.1,311.5,345.97563567956064,353.1266396410642,322.86667397662615,357.5308784739273,Down,16957
2026-02-02 23:00:00,311.6,316.3,295.6,301.2,341.90512334505513,351.0903008316107,322.65108518083883,349.3235258853885,Down,14785
2026-02-03 00:00:00,300.6,301.5,291.8,297.1,337.8319303136865,348.97303413233186,322.3968455272981,339.60775080489856,Down,9970
2026-02-03 09:00:00,284.1,292.6,284.1,292.6,333.7199366488059,346.7623269114561,322.10035950215087,332.1297734589987,Down,189
2026-02-03 10:00:00,291.9,295.5,290.3,290.4,329.78176058982353,344.55203958159507,321.7849330394429,332.1297734589987,Down,9949
2026-02-03 11:00:00,290.4,291.6,286.5,290.1,326.17432780893046,342.4166654803561,321.4696600738763,328.80518467685846,Down,9777
2026-02-03 12:00:00,290.1,296.3,289.4,295.4,323.3766616444822,340.5728746772048,321.2102604711512,328.80518467685846,Down,8610
2026-02-03 13:00:00,295.3,297.3,292.5,294.6,320.76060149498386,338.7700168467262,320.94548175999546,328.80518467685846,Down,5980
2026-02-03 14:00:00,294.6,296.2,291.7,295.0,318.4187286318035,337.053545597835,320.68731776238354,328.80518467685846,Down,4475
2026-02-03 15:00:00,295.0,296.2,289.1,289.4,315.7806623925486,335.1847791038023,320.37600116773297,327.2003890969595,Down,5742
2026-02-03 16:00:00,289.5,294.0,287.8,291.9,313.60969308413513,333.48733678600615,320.0926578725317,324.563990088145,Down,6206
2026-02-03 17:00:00,291.9,294.6,290.6,292.4,311.68153916739556,331.876068676751,319.81710903797915,324.563990088145,Down,6420
2026-02-03 18:00:00,292.4,294.4,288.4,292.8,309.96503560672323,330.34367382668233,319.5482820823774,322.725611643095,Down,12689
2026-02-03 19:00:00,292.9,298.8,290.8,295.3,308.6318505515666,328.9694121079889,319.30700564374683,322.725611643095,Down,35155
2026-02-03 20:00:00,295.1,300.4,293.5,296.6,307.53804595596955,327.7000233978717,319.08106528908274,322.725611643095,Down,20348
2026-02-03 21:00:00,296.6,305.6,296.6,304.4,307.2527690508814,326.786296990112,318.9349850374501,322.725611643095,Down,14409
2026-02-03 22:00:00,304.4,306.9,301.1,303.0,306.8661536826195,325.85350102971546,318.7764279724008,322.725611643095,Down,12508
2026-02-03 23:00:00,303.1,306.2,301.3,303.8,306.587412438745,324.9886578520796,318.62740878859586,322.725611643095,Down,8818
2026-02-04 00:00:00,303.8,304.6,299.5,300.3,306.0158294897682,324.02047519121373,318.44504651209246,322.725611643095,Down,7536
2026-02-04 09:00:00,302.1,303.1,301.1,302.5,305.696208627062,323.1765349876367,318.2863893328677,322.725611643095,Down,148
2026-02-04 10:00:00,302.5,304.1,301.0,302.3,305.3874623882382,322.3578473410628,318.1273207822919,322.725611643095,Down,3169
2026-02-04 11:00:00,302.3,302.6,298.2,298.3,304.7431476256711,321.4144023472956,317.9300340083388,322.725611643095,Down,3156
2026-02-04 12:00:00,298.5,302.0,297.9,300.2,304.33013420515556,320.58246500034284,317.7536157594996,322.725611643095,Down,4265
2026-02-04 13:00:00,300.2,300.5,296.5,296.7,303.6364856410505,319.6458977454274,317.54412704547474,322.1060809843011,Down,2877
2026-02-04 14:00:00,296.7,298.4,295.7,297.0,303.0331687645914,318.7578233240381,317.33970787089294,319.49189180391005,Down,2804
2026-02-04 15:00:00,297.0,299.3,296.8,299.2,302.6846988769012,317.99084986035035,317.1592132652124,319.3608107308274,Down,2392
2026-02-04 16:00:00,299.2,301.2,297.7,300.3,302.4679080699102,317.2970910422974,316.9914598993894,319.3608107308274,Down,4426
2026-02-04 17:00:00,300.4,305.4,299.7,304.7,302.6708255181002,316.8030874720112,316.86915681581337,319.3608107308274,Down,6785
2026-02-04 18:00:00,304.6,305.8,300.8,301.1,302.5280231982729,316.18728012016766,316.7122497828202,319.3608107308274,Down,8274
2026-02-04 19:00:00,301.1,307.2,301.0,305.2,302.77093018024806,315.75640638996504,316.5977000337374,319.3608107308274,Down,10847
2026-02-04 20:00:00,305.2,319.9,304.2,316.9,304.0553910729528,315.8012531982017,316.6007079936007,319.3608107308274,Down,19631
2026-02-04 21:00:00,316.7,317.0,306.9,311.0,304.6867191572298,315.61296875905657,316.5449795558534,319.3608107308274,Down,17393
2026-02-04 22:00:00,311.0,315.7,307.3,314.4,305.5697446883907,315.5654013567406,316.52363647569564,319.3608107308274,Down,11844
2026-02-04 23:00:00,314.5,316.0,310.5,315.1,306.4361315349006,315.54715032314294,316.5094709386241,319.3608107308274,Down,7528
2026-02-05 00:00:00,314.9,317.8,313.8,314.5,307.16921048627324,315.5060856045883,316.48947620291636,319.3608107308274,Down,6542
2026-02-05 09:00:00,319.2,324.8,310.0,312.0,307.6083731693393,315.3685920514672,316.44480479791224,319.3608107308274,Down,323
2026-02-05 10:00:00,312.4,314.1,311.3,314.1,308.19852106303574,315.3188433435665,316.42147340688825,319.3608107308274,Down,4158
2026-02-05 11:00:00,313.9,315.6,313.3,314.9,308.80774642094156,315.3024181144071,316.40633436801375,319.3608107308274,Down,3611
2026-02-05 12:00:00,314.7,316.9,313.0,316.9,309.5434058372196,315.36506838443034,316.4112464638544,319.3608107308274,Down,3522
2026-02-05 13:00:00,316.8,321.7,316.8,318.0,310.3121871247451,315.46839903602137,316.4270549567514,319.3608107308274,Down,7912
2026-02-05 14:00:00,317.8,318.9,317.1,317.8,310.99289738613186,315.5598343679421,316.44071610146034,319.3608107308274,Down,2486
2026-02-05 15:00:00,317.8,318.0,313.0,313.0,311.17536126011987,315.4594487064541,316.4064801203513,319.3608107308274,Down,4738
2026-02-05 16:00:00,313.2,313.9,311.0,311.1,311.1685102364726,315.288489933652,316.3536793231339,319.3608107308274,Down,4331
2026-02-05 17:00:00,311.2,320.0,310.4,319.1,311.88955476042963,315.43796091664603,316.3810058970331,319.3608107308274,Down,9165
2026-02-05 18:00:00,319.1,320.9,316.9,320.5,312.6723225094815,315.63647225324814,316.42199091298306,296.6326200712536,Up,11338
2026-02-05 19:00:00,320.5,322.5,316.4,317.0,313.0657477358923,315.6899439295914,316.42774224718227,296.98874551932147,Up,14229
2026-02-05 20:00:00,317.1,322.6,314.7,314.7,313.2143161235384,315.6511225990192,316.4105507820362,296.98874551932147,Up,18668
2026-02-05 21:00:00,314.9,318.5,311.5,313.2,313.21301465776224,315.55500014415566,316.37860500311047,296.98874551932147,Up,13646
2026-02-05 22:00:00,313.0,313.0,300.9,306.8,312.6300133252384,315.2116668051692,316.2832955005919,296.98874551932147,Up,22490
2026-02-05 23:00:00,307.1,318.1,306.9,313.9,312.7454666593076,315.16022889124105,316.2595811175015,296.98874551932147,Up,22081
2026-02-06 00:00:00,313.9,318.4,313.1,317.7,313.19587878118875,315.2598277582512,316.2739136436955,296.98874551932147,Up,9243
2026-02-06 09:00:00,317.6,318.3,317.1,317.5,313.5871625283534,315.3476776500845,316.28611350793733,296.98874551932147,Up,128
2026-02-06 10:00:00,317.5,319.2,316.8,317.3,313.92469320759403,315.4242393108655,316.2962019307439,296.98874551932147,Up,2864
2026-02-06 11:00:00,317.3,317.8,314.8,315.9,314.1042665523582,315.44289659279235,316.29225962297534,296.98874551932147,Up,2991
2026-02-06 12:00:00,315.9,316.4,312.8,312.9,313.99478777487104,315.3431751577809,316.2585057958811,296.98874551932147,Up,3292
2026-02-06 13:00:00,313.1,316.2,312.9,316.2,314.1952616135191,315.37677613198554,316.2579236486584,296.98874551932147,Up,2255
2026-02-06 14:00:00,316.2,318.0,315.7,317.3,314.47751055774467,315.45219667582927,316.2682925675772,296.98874551932147,Up,2612
2026-02-06 15:00:00,317.3,319.4,316.7,318.6,314.8522823252224,315.57563994344383,316.29149363655654,298.8513658199071,Up,3196
2026-02-06 16:00:00,318.6,320.2,316.0,319.6,315.2838930229295,315.7334579848774,316.32441409788436,299.11942347264284,Up,4335
2026-02-06 17:00:00,319.6,322.0,317.9,321.7,315.8671754753904,315.96744002468614,316.37790251482085,301.2040213387662,Up,5091
2026-02-06 18:00:00,321.7,330.1,320.1,329.1,317.0701595230822,316.48244237665926,316.5044905494992,304.42183758069655,Up,15908
2026-02-06 19:00:00,329.1,332.1,323.6,324.6,317.7546904755293,316.8007779697315,316.58504288234,305.9607614369969,Up,18487
2026-02-06 20:00:00,324.6,330.0,319.5,322.0,318.1406277050266,317.00466902974205,316.638923052665,305.9607614369969,Up,17650
2026-02-06 21:00:00,321.5,326.5,318.0,322.9,318.57329791366055,317.2358584795561,316.70122232577285,305.9607614369969,Up,15117
2026-02-06 22:00:00,322.8,326.1,320.6,323.2,318.99390719423684,317.46974638231865,316.76588678024274,305.9607614369969,Up,11087
2026-02-06 23:00:00,323.2,323.8,319.6,322.8,319.3399156311244,317.67877593595324,316.8259277078025,305.9607614369969,Up,10027
2026-02-07 00:00:00,323.0,325.8,315.5,316.8,319.1090142101131,317.6443141345433,316.82566972066024,305.9607614369969,Up,13358
2026-02-09 09:00:00,307.2,307.2,307.2,307.2,318.02637655464827,317.2347331880907,316.72989191249445,305.9607614369969,Up,131
2026-02-09 10:00:00,307.2,307.2,291.2,292.0,315.66034232240753,316.24513580816557,316.48382333625074,329.1077579618936,Down,6309
2026-02-09 11:00:00,291.9,292.6,290.8,291.7,313.48212938400684,315.2825814627473,316.23721812892484,319.5434163289942,Down,3849
2026-02-09 12:00:00,291.6,291.8,289.0,289.6,311.31102671273345,314.2754214053847,315.97217118236836,316.73037848090377,Down,4555
2026-02-09 13:00:00,289.6,290.7,289.0,289.7,309.34638792066676,313.31167938948727,315.71075654373783,314.4048895280944,Down,2426
2026-02-09 14:00:00,289.7,291.2,289.3,291.1,307.6876253824243,312.44063313891917,315.4658733940489,313.26353593463125,Down,1606
2026-02-09 15:00:00,291.1,292.1,289.3,290.8,306.1523867112948,311.59198085896156,315.2204418179887,312.6395781223921,Down,2029
2026-02-09 16:00:00,290.8,292.4,287.8,290.5,304.7294424648135,310.76484435468853,314.9744672725361,311.71779829308366,Down,5165
2026-02-09 17:00:00,290.5,290.5,287.8,289.5,303.344947695285,309.9309288897988,314.7209899862423,309.7843620846215,Down,3904
2026-02-09 18:00:00,289.5,291.7,289.1,290.3,302.15904335934994,309.16108854117925,314.4779950610061,309.7843620846215,Down,6855
2026-02-09 19:00:00,290.3,292.9,286.2,286.2,300.70822123577267,308.26065369642714,314.1966219758219,309.7843620846215,Down,10107
2026-02-09 20:00:00,286.2,288.5,282.8,286.3,299.3983829416115,307.3994515906849,313.9190436477043,306.22187234006117,Down,13915
2026-02-09 21:00:00,286.3,291.8,285.7,289.3,298.4803481287377,306.689669175364,313.67407803926943,306.22187234006117,Down,9409
2026-02-09 22:00:00,289.3,293.0,288.4,288.9,297.60940738976154,305.9920350900556,313.4275698000727,306.22187234006117,Down,8184
2026-02-09 23:00:00,288.8,290.0,287.3,288.1,296.7449158088741,305.29038665515145,313.1755541801715,306.22187234006117,Down,5197
2026-02-10 00:00:00,288.1,289.1,286.5,287.0,295.8590143717037,304.57311659024356,312.9151009047469,306.22187234006117,Down,5751
2026-02-10 09:00:00,282.4,283.9,282.3,283.1,294.6991039742761,303.7310335867046,312.61843323405293,302.02532200362697,Down,315
2026-02-10 10:00:00,283.4,284.4,282.9,283.7,293.6991854311601,302.94550285781423,312.330687629734,301.4002927305699,Down,3112
2026-02-10 11:00:00,283.7,284.0,282.1,282.8,292.70835039196373,302.1554831378999,312.0368499418759,299.8775388459727,Down,2085
2026-02-10 12:00:00,282.8,282.8,279.8,280.6,291.60759126542155,301.31017007366853,311.72404546484233,297.688671678157,Down,4321
2026-02-10 13:00:00,280.6,281.9,278.4,278.6,290.425082968565,300.4195751688188,311.39445297265485,296.3215197074154,Down,2598
2026-02-10 14:00:00,278.6,282.8,278.3,282.3,289.68643906233183,299.709003593571,311.10495592815084,296.3215197074154,Down,3046
2026-02-10 15:00:00,282.3,282.6,280.2,280.5,288.85130823848345,298.9557093349996,310.80042900349264,296.3215197074154,Down,1889
2026-02-10 16:00:00,280.5,283.7,279.9,283.7,288.3830074895304,298.35744622382316,310.53077299350764,296.3215197074154,Down,2947
2026-02-10 17:00:00,283.7,284.9,282.1,284.1,287.9936431723004,297.798330685634,310.2677802274031,296.3215197074154,Down,4230
2026-02-10 18:00:00,284.3,286.6,282.9,285.6,287.7760392475458,297.3199647763935,310.0223296778767,296.3215197074154,Down,7192
2026-02-10 19:00:00,285.6,286.6,282.2,283.7,287.4054902250416,296.78584851065256,309.7604159497386,296.3215197074154,Down,10193
2026-02-10 20:00:00,283.7,288.6,281.6,287.8,287.4413547500378,296.4334622945486,309.5419043482487,296.3215197074154,Down,14083
2026-02-10 21:00:00,287.8,288.9,285.7,288.0,287.49214068185256,296.1027382829977,309.32755704130096,296.3215197074154,Down,7399
2026-02-10 22:00:00,288.0,290.4,287.2,290.0,287.7201278925932,295.8634152130762,309.13524304089,296.3215197074154,Down,5673
2026-02-10 23:00:00,290.0,290.4,286.8,288.9,287.82738899326654,295.5903401066811,308.93389733899056,296.3215197074154,Down,5973
2026-02-11 00:00:00,289.0,291.8,286.4,288.4,287.8794445393332,295.30836598485047,308.72957995253296,296.3215197074154,Down,6472
2026-02-11 09:00:00,285.0,285.0,283.4,284.5,287.5722223084847,294.8845084952485,308.4884896047466,296.3215197074154,Down,322
2026-02-11 10:00:00,284.7,285.1,283.4,284.0,287.24747482589515,294.4576650248466,308.2448230415153,296.3215197074154,Down,2891
2026-02-11 11:00:00,284.0,284.6,283.2,283.9,286.94315893263195,294.0436389454409,308.0025859963261,296.3215197074154,Down,1709
2026-02-11 12:00:00,284.0,284.2,280.3,283.7,286.64832630239266,293.63800604561965,307.7607692202433,296.3215197074154,Down,5043
2026-02-11 13:00:00,283.7,286.2,283.3,285.5,286.5439330021751,293.31886855363456,307.53926902899707,296.3215197074154,Down,2891
2026-02-11 14:00:00,285.5,286.1,284.1,284.3,286.3399390928865,292.9651874338842,307.3080325212459,296.3215197074154,Down,1627
2026-02-11 15:00:00,284.4,285.9,283.9,284.7,286.1908537208059,292.641062436477,307.0830769737708,296.3215197074154,Down,1578
2026-02-11 16:00:00,284.7,285.0,282.3,284.9,286.07350338255077,292.3374913605368,306.8623498397034,296.3215197074154,Down,4343
2026-02-11 17:00:00,284.8,286.6,283.4,284.6,285.9395485295916,292.03406032679027,306.64083392090043,296.3215197074154,Down,4516
2026-02-11 18:00:00,284.6,287.7,283.7,283.7,285.73595320871965,291.70723443162206,306.41256691671236,296.3215197074154,Down,8318
2026-02-11 19:00:00,283.7,284.2,278.2,280.9,285.2963210988361,291.2834213166565,306.1587105294814,295.5945784989758,Down,16930
2026-02-11 20:00:00,280.9,283.3,278.6,282.7,285.06029190803275,290.94681655914053,305.925290524213,295.5945784989758,Down,9877
2026-02-11 21:00:00,282.7,287.9,282.2,286.6,285.20026537093884,290.77635316466444,305.73299907621083,295.5945784989758,Down,11530
2026-02-11 22:00:00,286.6,289.2,285.5,288.2,285.4729685190353,290.67531970722666,305.55854137396,295.5945784989758,Down,8622
2026-02-11 23:00:00,288.2,291.0,287.8,288.9,285.7845168354866,290.6056993265511,305.39278474337334,295.5945784989758,Down,8848
2026-02-12 00:00:00,288.9,289.9,286.6,289.0,286.076833486806,290.54273072550984,305.22967245736965,295.5945784989758,Down,6807
2026-02-12 09:00:00,292.6,293.6,292.4,292.4,286.6516668061872,290.6155648147055,305.10201402495807,295.5945784989758,Down,366
2026-02-12 10:00:00,292.4,293.4,292.0,293.2,287.2469698238065,290.71691521412885,304.9835860247098,295.5945784989758,Down,2868
2026-02-12 11:00:00,293.2,294.0,292.2,292.6,287.7336089307332,290.7907616763199,304.8603662632699,295.5945784989758,Down,2054
2026-02-12 12:00:00,292.6,293.5,289.3,289.6,287.9032808461211,290.74406513999367,304.7085218228394,295.5945784989758,Down,4036
2026-02-12 13:00:00,289.6,291.1,288.7,291.1,288.1938916782919,290.75802336979785,304.5731136454977,295.5945784989758,Down,2746
2026-02-12 14:00:00,291.0,291.4,289.2,289.9,288.34899243481084,290.7243753945117,304.4271125146968,295.5945784989758,Down,2212
2026-02-12 15:00:00,289.9,291.5,289.5,291.5,288.6354476680098,290.75479204570735,304.29848452947596,295.5945784989758,Down,1373
2026-02-12 16:00:00,291.5,292.9,290.5,292.7,289.0049524254635,290.8310747105816,304.18307672321254,295.5945784989758,Down,2657
2026-02-12 17:00:00,292.7,297.4,291.7,296.5,289.686320386785,291.0533855062451,304.10662819860346,281.1511594487698,Up,7992
2026-02-12 18:00:00,296.6,298.7,293.6,295.1,290.1784730788954,291.21207627070606,304.0170100075726,282.1146904079726,Up,12694
2026-02-12 19:00:00,295.1,298.0,295.0,296.9,290.789520980814,291.4351321032274,303.94619398759676,282.6497185527024,Up,10076
2026-02-12 20:00:00,296.9,299.3,294.0,299.2,291.5541099825582,291.73963672663024,303.8989681767749,282.6497185527024,Up,12297
2026-02-12 21:00:00,299.2,300.9,293.7,294.2,291.79464543868926,291.8361215608801,303.8024610307373,282.6497185527024,Up,15192
2026-02-12 22:00:00,294.1,295.7,289.9,292.6,291.86785948971755,291.8660775781005,303.69099375679957,282.6497185527024,Up,20432
2026-02-12 23:00:00,292.5,298.4,291.0,297.6,292.3889631724705,292.0909372809201,303.6303868537468,282.6497185527024,Up,16278
2026-02-13 00:00:00,297.3,298.0,295.3,295.6,292.6808756113368,292.22854758362917,303.55048250694335,282.6497185527024,Up,4937
