date,open,high,low,close,EMA_21,EMA_50,EMA_200,ST_11_4,ST_DIR_11_4,volume
2025-12-01 09:00:00,347.0,347.0,343.8,345.45,345.45,345.45,345.45,,Up,11
2025-12-01 09:10:00,346.225,346.225,343.7,344.6,345.3727272727272,345.41666666666663,345.44154228855723,332.6,Up,84
2025-12-01 09:20:00,345.4125,345.6,344.6,345.15,345.3524793388429,345.4062091503268,345.43864137026316,333.32314049586785,Up,152
2025-12-01 09:30:00,345.28125,345.7,345.2,345.35,345.3522539444026,345.40400486992183,345.437759366579,334.5437640871525,Up,27
2025-12-01 09:40:00,345.31562499999995,345.5,345.1,345.27500000000003,345.3452308585478,345.39894585541515,345.43613987039413,335.23978553377503,Up,38
2025-12-01 09:50:00,345.2953125,345.9,345.2,345.4,345.35020987140706,345.3989871944185,345.43578026969374,336.14980503070456,Up,87
2025-12-01 10:00:00,345.34765625,346.0,344.9,345.42499999999995,345.35700897400636,345.4000073044413,345.43567300332865,336.5043682097314,Up,83
2025-12-01 10:10:00,345.386328125,346.0,345.3,345.67499999999995,345.3859172490967,345.41079133171814,345.4380543664796,337.26306200884676,Up,36
2025-12-01 10:20:00,345.5306640625,346.0,345.5306640625,345.8,345.4235611355424,345.4260544167488,345.4416558155694,337.97017533474707,Up,23
2025-12-01 10:30:00,345.66533203125,347.7,345.5,346.52500000000003,345.52369194140215,345.4691503219743,345.45243535969314,338.7134939122701,Up,174
2025-12-01 10:40:00,346.095166015625,347.2,346.0,346.8,345.6397199467292,345.52134050542634,345.4658439630793,338.994085374791,Up,48
2025-12-01 10:50:00,346.4475830078125,347.2,345.7,346.57500000000005,345.72474540611745,345.56266048560576,345.4768803415561,338.994085374791,Up,101
2025-12-01 11:00:00,346.51129150390625,346.7,345.2,345.925,345.7429503691977,345.5768698783271,345.4813392436302,338.994085374791,Up,30
2025-12-01 11:10:00,346.2181457519531,346.2181457519531,344.0,344.77500000000003,345.6549548810888,345.54542400074564,345.4743109924498,338.994085374791,Up,65
2025-12-01 11:20:00,345.49657287597654,346.2,344.7,345.29999999999995,345.62268625553526,345.5357995301282,345.47257655471395,338.994085374791,Up,28
2025-12-01 11:30:00,345.39828643798825,346.8,345.39828643798825,346.175,345.67289659594115,345.5608662152212,345.47956584272674,338.994085374791,Up,37
2025-12-01 11:40:00,345.78664321899413,346.7,344.9,346.25,345.7253605417647,345.5878910695263,345.4872318542419,338.994085374791,Up,61
2025-12-01 11:50:00,346.0183216094971,346.7,345.2,346.2,345.7685095834225,345.61189534130955,345.4943240745977,338.994085374791,Up,37
2025-12-01 12:00:00,346.1091608047485,346.8,345.9,346.27500000000003,345.8145541667477,345.6378994455719,345.5020919942535,339.5667031954443,Up,28
2025-12-01 12:10:00,346.19208040237424,346.2,342.6,344.85,345.72686742431614,345.6070014280985,345.4956035166987,339.5667031954443,Up,67
2025-12-01 12:20:00,345.52104020118713,345.52104020118713,343.0,343.875,345.5585158402874,345.5390798034672,345.4794781085723,339.5667031954443,Up,30
2025-12-01 12:30:00,344.6980201005936,344.6980201005936,343.1,343.475,345.36910530935216,345.4581354974489,345.4595330527656,339.5667031954443,Up,18
2025-12-01 12:40:00,344.08651005029674,344.08651005029674,342.6,343.125,345.1650957357747,345.36663998774503,345.436303868161,339.5667031954443,Up,39
2025-12-01 12:50:00,343.6057550251484,343.6057550251484,342.7,343.02500000000003,344.970541577977,345.27481096861777,345.412310794846,339.5667031954443,Up,14
2025-12-01 13:00:00,343.3153775125742,343.3153775125742,342.5,342.675,344.76185597997903,345.1728575972994,345.3850738715142,339.5667031954443,Up,34
2025-12-01 13:10:00,342.9951887562871,343.2,342.5,342.8,344.5835054363446,345.0798043581896,345.35935174343945,339.5667031954443,Up,21
2025-12-01 13:20:00,342.8975943781436,343.1,342.7,342.875,344.4281867603133,344.9933414421822,345.33463182559433,339.5667031954443,Up,21
2025-12-01 13:30:00,342.8862971890718,342.8862971890718,342.1,342.425,344.24607887301204,344.8926221699398,345.30568026514067,339.5667031954443,Up,11
2025-12-01 13:40:00,342.65564859453593,342.7,342.2,342.325,344.07143533910187,344.791931104452,345.2760217550398,339.5667031954443,Up,6
2025-12-01 13:50:00,342.490324297268,342.7,342.2,342.45,343.9240321264562,344.7000906689833,345.2479021355866,339.5667031954443,Up,17
2025-12-01 14:00:00,342.470162148634,342.9,342.470162148634,342.75,343.817301933142,344.6236165251016,345.22304738796885,339.5667031954443,Up,5
2025-12-01 14:10:00,342.610081074317,344.2,342.6,343.3,343.77027448467453,344.5717099947055,345.2039125880886,339.5667031954443,Up,39
2025-12-01 14:20:00,342.95504053715854,343.9,342.1,343.02500000000003,343.702522258795,344.51105470079546,345.18223186581906,339.5667031954443,Up,14
2025-12-01 14:30:00,342.9900202685793,342.9900202685793,341.9,342.15,343.56138387163185,344.41846432037215,345.15206040446765,339.5667031954443,Up,52
2025-12-01 14:40:00,342.57001013428965,342.57001013428965,341.8,341.9,343.41034897421076,344.31970101369086,345.119701594473,339.5667031954443,Up,3
2025-12-01 14:50:00,342.2350050671448,342.9,341.6,342.30000000000007,343.3094081583734,344.2404970523697,345.0916448621897,339.5667031954443,Up,26
2025-12-01 15:00:00,342.26750253357244,343.5,342.26750253357244,343.125,343.29264378033946,344.1967520699238,345.0720762565958,339.5667031954443,Up,16
2025-12-01 15:10:00,342.69625126678625,343.0,342.4,342.82500000000005,343.2501307093995,344.14295787110325,345.04971728886846,339.5667031954443,Up,11
2025-12-01 15:20:00,342.76062563339315,343.3,342.0,342.65,343.19557337218134,344.08441050360904,345.02583950489964,339.5667031954443,Up,52
2025-12-01 15:30:00,342.70531281669656,342.70531281669656,341.9,342.15,343.1005212474376,344.0085512681734,344.99722418644296,339.5667031954443,Up,5
2025-12-01 15:40:00,342.4276564083483,342.5,341.9,342.2,343.01865567948875,343.93762768902934,344.96939110996095,339.5667031954443,Up,15
2025-12-01 15:50:00,342.3138282041741,342.6,341.6,342.07500000000005,342.93286879953524,343.8645834659302,344.9405911984191,339.5667031954443,Up,8
2025-12-01 16:00:00,342.1944141020871,343.0,341.6,342.275,342.87306254503204,343.8022468594232,344.91406790291245,339.5667031954443,Up,9
2025-12-01 16:10:00,342.2347070510436,342.9,341.6,342.27500000000003,342.8186932227564,343.7423548257203,344.8878085207939,339.5667031954443,Up,25
2025-12-01 16:20:00,342.2548535255217,342.2548535255217,341.7,341.95,342.7397211115967,343.6720664011823,344.85857659521383,339.5667031954443,Up,4
2025-12-01 16:30:00,342.10242676276084,342.2,342.0,342.1,342.6815646469061,343.6104167383909,344.83112807187837,339.5667031954443,Up,1
2025-12-01 16:40:00,342.10121338138043,342.4,342.10121338138043,342.35,342.6514224062783,343.560988631003,344.8064402303671,339.5667031954443,Up,2
2025-12-01 16:50:00,342.22560669069026,344.4,342.22560669069026,343.4,342.7194749147984,343.5546753513558,344.7924458002142,339.5667031954443,Up,45
2025-12-01 17:00:00,342.8128033453451,344.4,342.8128033453451,343.825,342.8199771952713,343.56527631796934,344.7828194738439,339.5667031954443,Up,66
2025-12-01 17:10:00,343.3189016726725,343.8,342.5,343.15,342.84997926842846,343.5489909721666,344.76657251390515,339.5667031954443,Up,29
2025-12-01 17:20:00,343.23445083633624,344.1,342.8,343.45000000000005,342.90452660766226,343.54510897325815,344.75347228988625,339.5667031954443,Up,16
2025-12-01 17:30:00,343.34222541816814,344.1,342.8,343.75,342.9813878251475,343.55314391548336,344.7434874909819,339.5667031954443,Up,29
2025-12-01 17:40:00,343.54611270908407,344.5,343.3,343.775,343.05353438649774,343.5618441540919,344.7338507995294,339.5667031954443,Up,31
2025-12-01 17:50:00,343.660556354542,344.8,343.3,343.975,343.1373039877252,343.57804634412753,344.72630004530527,339.5667031954443,Up,51
2025-12-01 18:00:00,343.817778177271,345.5,343.817778177271,344.9,343.2975490797502,343.62988766396563,344.72802840306343,339.7115992210783,Up,63
2025-12-01 18:10:00,344.35888908863546,345.5,344.1,344.975,343.4500446179547,343.6826371673395,344.7304858318887,339.79337284767524,Up,39
2025-12-01 18:20:00,344.66694454431774,345.8,344.66694454431774,345.45,343.6318587435952,343.7519455137184,344.73764517684504,340.26997287707013,Up,38
2025-12-01 18:30:00,345.05847227215884,346.0,344.4,345.55,343.8062352214502,343.82245745435694,344.7457283094138,340.26997287707013,Up,53
2025-12-01 18:40:00,345.30423613607945,347.5,345.30423613607945,346.7,344.0693047467729,343.93530226006845,344.7651737988724,340.97266724554896,Up,178
2025-12-01 18:50:00,346.0021180680397,348.0,346.0021180680397,347.475,344.37891340615715,344.0741139361442,344.7921372436598,341.33869212922446,Up,72
2025-12-01 19:00:00,346.7385590340199,349.5,346.7385590340199,348.375,344.7421940055974,344.24277613472685,344.8277876193448,341.9675128886578,Up,153
2025-12-01 19:10:00,347.55677951700994,349.5,347.55677951700994,348.925,345.12244909599764,344.4263927568944,344.8685559017394,342.229249011643,Up,104
2025-12-01 19:20:00,348.240889758505,349.2,346.4,347.95,345.3794991781796,344.5645734330946,344.8992170370455,342.229249011643,Up,130
2025-12-01 19:30:00,348.09544487925245,348.8,346.6,347.6,345.5813628892542,344.6836097690517,344.92609049936345,342.229249011643,Up,45
2025-12-01 19:40:00,347.84772243962624,351.4,347.84772243962624,349.70000000000005,345.95578444477655,344.8803309545791,344.97359208643445,342.229249011643,Up,224
2025-12-01 19:50:00,348.7738612198132,352.4,348.7738612198132,350.525,346.3711676770696,345.10169052498776,345.0288299761217,342.2836063605839,Up,126
2025-12-01 20:00:00,349.6494306099066,349.7,348.5,349.125,346.62151607006325,345.25946736714513,345.069587886807,342.2836063605839,Up,66
2025-12-01 20:10:00,349.3872153049533,349.3872153049533,346.0,347.7,346.71956006369385,345.3551745292179,345.0957611416647,342.2836063605839,Up,92
2025-12-01 20:20:00,348.5436076524767,348.5436076524767,345.4,346.85,346.7314182397217,345.4137951359153,345.113216254683,342.2836063605839,Up,83
2025-12-01 20:30:00,347.69680382623835,347.69680382623835,345.1,346.57500000000005,346.71719839974696,345.4593325815657,345.1277613665767,342.2836063605839,Up,85
2025-12-01 20:40:00,347.1359019131192,347.1359019131192,344.0,345.05,346.5656349088609,345.44328032346516,345.12698762163564,342.2836063605839,Up,158
2025-12-01 20:50:00,346.0929509565596,346.0929509565596,344.2,344.82500000000005,346.40739537169173,345.41903403627043,345.1239827696791,342.2836063605839,Up,54
2025-12-01 21:00:00,345.45897547827985,346.6,344.3,345.625,346.33626851971974,345.4271111328873,345.128968015752,342.2836063605839,Up,56
2025-12-01 21:10:00,345.5419877391399,347.0,345.5419877391399,346.20000000000005,346.3238804724725,345.45742050022506,345.13962505042116,342.2836063605839,Up,16
2025-12-01 21:20:00,345.87099386957,346.7,345.4,345.79999999999995,346.276254974975,345.4708549904123,345.1461959454419,342.2836063605839,Up,40
2025-12-01 21:30:00,345.83549693478494,347.7,345.5,346.275,346.27614088634095,345.5023900888275,345.1574278265818,342.2836063605839,Up,47
2025-12-01 21:40:00,346.05524846739246,346.4,345.1,345.875,346.2396735330372,345.51700224220684,345.16456784820787,342.2836063605839,Up,22
2025-12-01 21:50:00,345.9651242336962,348.5,345.6,347.05,346.3133395754884,345.577119801336,345.1833283671312,342.2836063605839,Up,58
2025-12-01 22:00:00,346.50756211684813,348.9,345.7,347.525,346.42349052317127,345.6535072601071,345.20662858238364,342.2836063605839,Up,82
2025-12-01 22:10:00,347.01628105842406,347.6,345.1,346.475,346.428173202883,345.68572266167155,345.2192491935042,342.2836063605839,Up,68
2025-12-01 22:20:00,346.74564052921204,346.74564052921204,345.3,345.79999999999995,346.3710665480754,345.6902041259197,345.22502780849425,342.2836063605839,Up,17
2025-12-01 22:30:00,346.272820264606,346.272820264606,345.1,345.4,346.2827877709776,345.6788235719621,345.22676882532517,342.2836063605839,Up,51
2025-12-01 22:40:00,345.836410132303,346.5,345.1,345.8,346.238897973616,345.6835755887479,345.23247261810803,342.2836063605839,Up,14
2025-12-01 22:50:00,345.8182050661515,346.5,345.8182050661515,346.20000000000005,346.2353617941964,345.70382752644406,345.24209975623637,342.2836063605839,Up,1
2025-12-01 23:00:00,346.00910253307575,346.00910253307575,344.5,345.45,346.1639652674513,345.6938735057992,345.24416841537834,342.2836063605839,Up,47
2025-12-01 23:10:00,345.7295512665379,345.7295512665379,344.6,345.20000000000005,346.07633206131936,345.67450591733655,345.2437289286582,342.2836063605839,Up,14
2025-12-01 23:20:00,345.46477563326897,345.7,344.6,345.17500000000007,345.9943927830176,345.65491744999,345.2430450587213,342.2836063605839,Up,51
2025-12-01 23:30:00,345.3198878166345,345.4,344.7,345.2,345.9221752572887,345.63707754999047,345.2426167496793,342.2836063605839,Up,18
2025-12-01 23:40:00,345.25994390831727,347.0,345.25994390831727,345.85,345.91561387026246,345.64542744999085,345.2486603641104,342.2836063605839,Up,60
2025-12-01 23:50:00,345.55497195415865,348.0,345.55497195415865,346.65,345.9823762456931,345.68482245195196,345.26260404207943,342.2836063605839,Up,65
2025-12-02 00:00:00,346.1024859770793,348.0,346.1024859770793,347.475,346.11806931426645,345.7550254930519,345.284617932208,342.2836063605839,Up,45
2025-12-02 09:00:00,346.78874298853964,348.8,346.6,347.70000000000005,346.2618811947877,345.8312990031283,345.3086515846238,342.2836063605839,Up,11
2025-12-02 09:10:00,347.24437149426984,347.6,346.6,347.02500000000003,346.3312556316252,345.8781108069272,345.32572967830913,342.2836063605839,Up,63
2025-12-02 09:20:00,347.13468574713494,347.4,347.1,347.30000000000007,346.41932330147745,345.9338711674399,345.345374159122,342.2836063605839,Up,23
2025-12-02 09:30:00,347.2173428735676,347.8,347.2173428735676,347.475,346.515293910434,345.99430759224623,345.3665644659964,342.2836063605839,Up,48
2025-12-02 09:40:00,347.3461714367837,348.0,347.1,347.5,346.60481264584905,346.0533543533346,345.38779268026514,342.2836063605839,Up,29
2025-12-02 09:50:00,347.42308571839186,348.7,347.3,347.9,346.72255695077183,346.1257718296744,345.41278976802374,342.2836063605839,Up,93
2025-12-02 10:00:00,347.66154285919595,348.5,347.5,347.875,346.82732450070165,346.19436901282444,345.437289372322,342.32937485223323,Up,38
2025-12-02 10:10:00,347.768271429598,348.2,347.5,347.725,346.9089313642742,346.25439375741956,345.4600526621497,342.44034077475754,Up,14
2025-12-02 10:20:00,347.746635714799,348.1,347.1,347.5,346.96266487661296,346.3032410610502,345.48035064561094,342.44034077475754,Up,65
2025-12-02 10:30:00,347.6233178573995,347.6233178573995,347.1,347.175,346.98196806964813,346.33742768610705,345.4972128282417,342.44034077475754,Up,2
2025-12-02 10:40:00,347.39915892869976,348.0,347.2,347.5,347.02906188149825,346.3830187572401,345.5171410588065,342.7621193970712,Up,17
2025-12-02 10:50:00,347.4495794643499,348.3,347.4495794643499,347.95,347.11278352863474,346.44446900205423,345.54134861046015,343.16747262563956,Up,15
2025-12-02 11:00:00,347.69978973217496,348.8,347.6,348.3,347.2207122987589,346.51723492354233,345.5687978780178,343.484257175877,Up,32
2025-12-02 11:10:00,347.9998948660875,348.9,347.9998948660875,348.5,347.3370111806899,346.5949904167368,345.5979640682863,343.83559754423646,Up,90
2025-12-02 11:20:00,348.24994743304376,348.8,347.6,348.27500000000003,347.42228289153627,346.66087314549225,345.6246012417362,343.83559754423646,Up,69
2025-12-02 11:30:00,348.26247371652187,348.9,347.0,348.25,347.4975299013966,346.723191845669,345.6507246124652,343.83559754423646,Up,121
2025-12-02 11:40:00,348.25623685826093,349.5,348.25623685826093,349.04999999999995,347.6386635467242,346.81443922427025,345.68454824816206,343.9680133285991,Up,62
2025-12-02 11:50:00,348.6531184291305,349.8,348.6,349.40000000000003,347.79878504247654,346.91583376449495,345.7215179173346,344.2999044540624,Up,37
2025-12-02 12:00:00,349.0265592145653,350.0,349.0265592145653,349.675,347.96935003861506,347.0240363619657,345.7608560475104,344.7046688253631,Up,95
2025-12-02 12:10:00,349.3507796072827,350.2,349.0,349.675,348.1244091260137,347.12799572032,345.79980275350533,344.7921720164368,Up,49
2025-12-02 12:20:00,349.5128898036413,350.4,349.5128898036413,350.225,348.3153719327397,347.24944686854275,345.8438345669033,345.26310666354186,Up,36
2025-12-02 12:30:00,349.86894490182067,351.0,349.86894490182067,350.4,348.50488357521795,347.37299797173716,345.88916954633714,345.756508562228,Up,60
2025-12-02 12:40:00,350.1344724509103,350.5,349.3,350.0,348.64080325019813,347.47601765912003,345.9300733319458,345.756508562228,Up,88
2025-12-02 12:50:00,350.0672362254552,350.2,349.4,349.925,348.757548409271,347.5720561822918,345.9698238460558,345.756508562228,Up,15
2025-12-02 13:00:00,349.9961181127276,350.2,349.9,350.04999999999995,348.8750440084282,347.66923044965296,346.01042261375676,345.8011916689088,Up,9
2025-12-02 13:10:00,350.02305905636376,350.02305905636376,349.5,349.75,348.95458546220743,347.7508292555489,346.047632338993,345.8011916689088,Up,6
2025-12-02 13:20:00,349.8865295281819,350.1,349.5,349.82500000000005,349.0337140565522,347.83216928474314,346.0852180868638,345.88858815612303,Up,6
2025-12-02 13:30:00,349.85576476409096,350.4,349.6,350.025,349.12383096050195,347.9181626461258,346.12441989694474,346.1532619601119,Up,24
2025-12-02 13:40:00,349.94038238204547,350.5,349.6,349.92499999999995,349.1966645095472,347.9968621501993,346.1622366143881,346.2256926910108,Up,14
2025-12-02 13:50:00,349.93269119102274,350.0,349.5,349.65,349.2378768268611,348.0616910854856,346.1969407276778,346.2256926910108,Up,11
2025-12-02 14:00:00,349.79134559551136,349.79134559551136,349.5,349.5,349.26170620623736,348.11809535664304,346.229806989094,346.2256926910108,Up,4
2025-12-02 14:10:00,349.64567279775565,349.64567279775565,349.5,349.5,349.2833692783976,348.1722876955982,346.2623462230334,346.4000302342438,Up,16
2025-12-02 14:20:00,349.5728363988778,349.5728363988778,349.5,349.5,349.3030629803614,348.2243548447904,346.2945616835007,346.6255629956342,Up,0
2025-12-02 14:30:00,349.5364181994389,349.9,349.5,349.625,349.33232998214675,348.27928210577903,346.3277003732171,346.9083134510866,Up,10
2025-12-02 14:40:00,349.58070909971946,349.9,349.0,349.45,349.343027256497,348.3251926114348,346.35876803119504,346.9083134510866,Up,32
2025-12-02 14:50:00,349.5153545498597,350.5,349.3,349.775,349.38229750590637,348.3820478031432,346.3927603890936,346.9083134510866,Up,41
2025-12-02 15:00:00,349.64517727492984,350.4,349.64517727492984,350.20000000000005,349.45663409627855,348.4533400461572,346.43064337029665,346.9835046796532,Up,14
2025-12-02 15:10:00,349.92258863746497,350.4,349.6,350.02500000000003,349.5083037238896,348.51497376983735,346.46640811288074,346.9835046796532,Up,18
2025-12-02 15:20:00,349.97379431873253,349.97379431873253,348.8,349.3,349.4893670217178,348.54575911219666,346.49460305703116,346.9835046796532,Up,71
2025-12-02 15:30:00,349.6368971593663,349.6368971593663,348.7,349.15,349.4585154742889,348.569454833287,346.5210249171602,346.9835046796532,Up,53
2025-12-02 15:40:00,349.39344857968314,349.7,349.2,349.375,349.4509231584444,348.6010448398248,346.5494226791785,346.9835046796532,Up,9
2025-12-02 15:50:00,349.38422428984154,349.38422428984154,349.3,349.3,349.4372028713131,348.6284548461062,346.5767916077439,346.9835046796532,Up,13
2025-12-02 16:00:00,349.34211214492075,349.34211214492075,348.4,348.85,349.3838207921028,348.637142891357,346.5994105967216,346.9835046796532,Up,38
2025-12-02 16:10:00,349.0960560724604,349.0960560724604,348.2,348.5,349.3034734473662,348.6317647387548,346.6183219340677,346.9835046796532,Up,15
2025-12-02 16:20:00,348.7980280362302,350.0,348.7,349.05,349.28043040669655,348.64816612154874,346.64251773571874,346.9835046796532,Up,50
2025-12-02 16:30:00,348.92401401811514,348.92401401811514,348.3,348.57500000000005,349.21630036972414,348.6452968618802,346.6617464149653,346.9835046796532,Up,20
2025-12-02 16:40:00,348.7495070090576,348.7495070090576,348.0,348.225,349.12618215429467,348.62881463200256,346.6773011770055,346.9835046796532,Up,28
2025-12-02 16:50:00,348.4872535045288,348.4872535045288,348.0,348.125,349.0351655948133,348.60905719545343,346.69170614041843,346.9835046796532,Up,20
2025-12-02 17:00:00,348.3061267522644,349.3,348.0,348.65,349.00015054073936,348.61066279563175,346.71119165145905,346.9835046796532,Up,43
2025-12-02 17:10:00,348.4780633761322,350.2,348.4780633761322,349.65000000000003,349.0592277643085,348.6514211173717,346.7404335255739,346.9835046796532,Up,58
2025-12-02 17:20:00,349.0640316880661,351.0,349.0640316880661,350.55,349.1947525130077,348.72587519120026,346.7783396596478,346.9835046796532,Up,118
2025-12-02 17:30:00,349.80701584403306,351.4,349.80701584403306,350.6,349.32250228455246,348.79937028174146,346.8163661306961,346.9835046796532,Up,86
2025-12-02 17:40:00,350.20350792201657,352.0,350.0,350.975,349.4727293495932,348.8846890942222,346.8577455721818,346.9835046796532,Up,72
2025-12-02 17:50:00,350.5892539610083,352.3,350.5892539610083,351.82500000000005,349.6865721359938,348.99999540425273,346.90717098937404,346.9835046796532,Up,163
2025-12-02 18:00:00,351.2071269805042,352.3,351.2071269805042,351.9,349.88779285090345,349.11372107467423,346.95685088002705,347.00629259114663,Up,71
2025-12-02 18:10:00,351.5535634902521,352.5,351.4,352.075,350.0866298644577,349.22984965998114,347.0077777369422,347.2342991826314,Up,58
2025-12-02 18:20:00,351.81428174512604,352.3,350.4,351.375,350.2037544222342,349.31397320272697,347.0512326848334,347.2342991826314,Up,62
2025-12-02 18:30:00,351.594640872563,351.594640872563,349.9,350.65,350.2443222020311,349.3663664104632,347.08704131483506,347.2342991826314,Up,48
2025-12-02 18:40:00,351.1223204362815,351.4,347.0,349.275,350.15620200184645,349.3627834139744,347.1088120480208,347.2342991826314,Up,162
2025-12-02 18:50:00,350.1986602181408,350.1986602181408,347.4,348.44999999999993,350.00109272895133,349.32698798597545,347.12215720177187,347.2342991826314,Up,61
2025-12-02 19:00:00,349.3243301090704,350.0,348.1,348.82500000000005,349.89417520813754,349.3073021826039,347.139100911207,347.2342991826314,Up,54
2025-12-02 19:10:00,349.0746650545352,349.3,348.0,348.35,349.7537956437614,349.26976092054105,347.15114965835915,347.2342991826314,Up,79
2025-12-02 19:20:00,348.7123325272676,348.9,348.0,348.3,349.6216324034195,349.23173108051986,347.16258100504217,347.2342991826314,Up,36
2025-12-02 19:30:00,348.5061662636338,349.1,347.7,348.42500000000007,349.5128476394723,349.2000945675583,347.1751423880766,347.2342991826314,Up,81
2025-12-02 19:40:00,348.46558313181697,350.4,348.46558313181697,349.325,349.49577058133843,349.2049928198109,347.1965340061057,347.2342991826314,Up,56
2025-12-02 19:50:00,348.89529156590845,350.5,348.4,349.775,349.52115507394404,349.2273460425634,347.2221903841544,347.2342991826314,Up,90
2025-12-02 20:00:00,349.3351457829542,351.0,349.3351457829542,350.6,349.6192318854037,349.2811756095217,347.2558004300832,347.2342991826314,Up,55
2025-12-02 20:10:00,349.9675728914771,351.0,349.8,350.375,349.6879380776397,349.32407068365814,347.2868372417242,347.2342991826314,Up,58
2025-12-02 20:20:00,350.1712864457386,351.0,349.8,350.2,349.7344891614906,349.3584208529265,347.31582393583636,347.2342991826314,Up,26
2025-12-02 20:30:00,350.1856432228693,350.9,348.8,349.69999999999993,349.7313537831733,349.371816113596,347.3395470807534,347.2342991826314,Up,99
2025-12-02 20:40:00,349.9428216114346,350.7,348.8,349.725,349.7307761665212,349.38566646208244,347.36328293069613,347.2342991826314,Up,58
2025-12-02 20:50:00,349.8339108057173,351.0,349.6,350.25,349.7779783332011,349.419561894942,347.3920064836246,347.2342991826314,Up,29
2025-12-02 21:00:00,350.04195540285866,350.9,349.6,350.0,349.7981621210919,349.44232417357176,347.41795666786714,347.2342991826314,Up,22
2025-12-02 21:10:00,350.02097770142933,350.7,349.6,349.925,349.80969283735624,349.4612526373533,347.44290237266455,347.2342991826314,Up,13
2025-12-02 21:20:00,349.97298885071467,350.8,349.5,350.125,349.8383571248693,349.4872819456924,347.469589911245,347.2342991826314,Up,34
2025-12-02 21:30:00,350.04899442535736,351.7,350.04899442535736,351.05,349.9485064771539,349.5485650066457,347.5052158822774,347.2342991826314,Up,44
2025-12-02 21:40:00,350.5494972126787,352.0,350.5494972126787,351.67499999999995,350.1054604337762,349.6319546142282,347.5467062715085,347.2342991826314,Up,96
2025-12-02 21:50:00,351.11224860633934,352.3,351.0,351.475,350.2299640307056,349.70423090386635,347.5857937712945,347.2342991826314,Up,56
2025-12-02 22:00:00,351.2936243031697,351.2936243031697,349.9,350.5,350.2545127551869,349.73543753508727,347.61479084819706,347.2342991826314,Up,42
2025-12-02 22:10:00,350.89681215158487,350.89681215158487,349.9,350.20000000000005,350.24955705016987,349.7536556709662,347.64051432234436,347.2342991826314,Up,19
2025-12-02 22:20:00,350.54840607579246,351.0,350.4,350.7,350.2905064092453,349.7907672132813,347.67095696590314,347.2342991826314,Up,8
2025-12-02 22:30:00,350.6242030378962,351.5,350.3,350.775,350.33455128113206,349.8293645774664,347.70184296624245,347.2342991826314,Up,35
2025-12-02 22:40:00,350.6996015189481,352.4,350.3,351.2,350.4132284373928,349.88311498619316,347.7366504989167,347.2342991826314,Up,54
2025-12-02 22:50:00,350.94980075947404,351.8,350.94980075947404,351.45000000000005,350.50748039762976,349.9445614573229,347.7735992501713,347.2342991826314,Up,11
2025-12-02 23:00:00,351.1999003797371,351.4,350.8,351.025,350.5545276342089,349.9869315962514,347.80595149643824,347.2342991826314,Up,11
2025-12-02 23:10:00,351.1124501898685,351.8,350.8,351.1,350.604116031099,350.03058133757486,347.8387280984637,347.2342991826314,Up,36
2025-12-02 23:20:00,351.1062250949343,351.4,350.8,351.15,350.65374184645367,350.07448010865033,347.87167607758346,347.2342991826314,Up,15
2025-12-02 23:30:00,351.12811254746714,351.6,350.9,351.225,350.70567440586694,350.11959853576207,347.9050424847717,347.2342991826314,Up,11
2025-12-02 23:40:00,351.1765562737336,351.7,350.1,350.75000000000006,350.70970400533355,350.14432016181064,347.93335051974907,347.2342991826314,Up,38
2025-12-02 23:50:00,350.96327813686685,351.6,350.1,350.525,350.6929127321214,350.1592487829161,347.9591380767665,347.2342991826314,Up,30
2025-12-03 00:00:00,350.7441390684334,350.9,349.5,350.0,350.6299206655649,350.1530037326057,347.9794451605798,347.2342991826314,Up,24
2025-12-03 09:00:00,350.37206953421673,351.0,350.37206953421673,351.0,350.66356424142265,350.18621927250354,348.00950043261383,347.2342991826314,Up,2
2025-12-03 09:10:00,350.6860347671084,352.2,350.6860347671084,351.425,350.7327856740206,350.234798908876,348.0434855029361,347.2342991826314,Up,45
2025-12-03 09:20:00,351.05551738355416,352.0,351.05551738355416,351.675,350.8184415218369,350.2912773830377,348.0796199755437,347.2342991826314,Up,26
2025-12-03 09:30:00,351.36525869177706,351.8,351.1,351.55,350.88494683803356,350.34063905429116,348.1141511200657,347.2342991826314,Up,20
2025-12-03 09:40:00,351.45762934588856,351.8,351.2,351.575,350.94767894366686,350.3890453658876,348.1485874273287,347.2342991826314,Up,23
2025-12-03 09:50:00,351.5163146729443,351.9,351.5163146729443,351.725,351.0183444942426,350.441435743696,348.1841736220817,347.4447999958116,Up,23
2025-12-03 10:00:00,351.62065733647216,352.0,351.5,351.7,351.08031317658424,350.49079120472754,348.21915696912566,347.6924024175813,Up,24
2025-12-03 10:10:00,351.66032866823605,351.9,351.6,351.69999999999993,351.1366483423493,350.5382111574834,348.2537922231642,347.952184015983,Up,8
2025-12-03 10:20:00,351.680164334118,352.2,351.6,351.90000000000003,351.2060439475903,350.59161464150367,348.2900728975606,348.2292581963482,Up,31
2025-12-03 10:30:00,351.79008216705904,353.0,351.79008216705904,352.375,351.31231267962755,350.661551322229,348.3307189383809,348.6180329591403,Up,41
2025-12-03 10:40:00,352.0825410835295,352.7,352.0825410835295,352.525,351.4225569814796,350.7346277409651,348.37245307829755,348.73309627723984,Up,35
2025-12-03 10:50:00,352.3037705417647,352.8,352.3037705417647,352.625,351.5318699831633,350.80875998641744,348.414766978016,349.04582522741055,Up,13
2025-12-03 11:00:00,352.4643852708824,353.1,352.3,352.75,351.642609075603,350.8848870457736,348.457903625001,349.2217635968438,Up,38
2025-12-03 11:10:00,352.60719263544115,353.9,352.60719263544115,353.475,351.80919006872995,350.98646010280214,348.5078249819662,349.62145145501165,Up,94
2025-12-03 11:20:00,353.04109631772053,355.0,353.04109631772053,354.375,352.0424455170272,351.1193440203393,348.56620483289197,350.0062696719324,Up,160
2025-12-03 11:30:00,353.70804815886027,355.0,353.70804815886027,354.725,352.2863141063884,351.26074229405157,348.6274863768433,350.23487933089945,Up,68
2025-12-03 11:40:00,354.21652407943014,354.9,354.1,354.55000000000007,352.49210373308034,351.389732792324,348.6864168606558,350.4644138649721,Up,18
2025-12-03 11:50:00,354.3832620397151,355.7,354.3832620397151,355.225,352.7405488482549,351.54013542791915,348.7514773894055,350.89410254791034,Up,68
2025-12-03 12:00:00,354.80413101985755,356.5,354.80413101985755,356.025,353.0391353165954,351.7160124699615,348.8238507487149,351.2649054517432,Up,88
2025-12-03 12:10:00,355.4145655099288,356.8,355.3,356.175,353.3242139241776,351.8908747260415,348.89699651240926,351.5162181289222,Up,118
2025-12-03 12:20:00,355.7947827549644,356.7,355.7947827549644,356.225,353.58792174925236,352.0608404230595,348.96991196999727,351.7966015873985,Up,45
2025-12-03 12:30:00,356.0098913774822,357.0,355.6,356.3,353.8344743175021,352.22708197509644,349.04284816930084,351.7966015873985,Up,55
2025-12-03 12:40:00,356.1549456887411,356.9,356.1549456887411,356.6,354.0858857431837,352.3985689564652,349.11804370990484,352.1153954170668,Up,34
2025-12-03 12:50:00,356.3774728443706,357.0,356.3,356.70000000000005,354.3235324938034,352.56725252679996,349.1934860610501,352.3844750660875,Up,37
2025-12-03 13:00:00,356.5387364221853,357.0,356.5387364221853,356.925,354.56002953982124,352.7381445845725,349.27041654800485,352.7238860610578,Up,16
2025-12-03 13:10:00,356.73186821109266,357.0,356.7,356.85,354.76820867256475,352.89939381655006,349.34583528882075,353.06319804542284,Up,12
2025-12-03 13:20:00,356.79093410554634,356.79093410554634,356.6,356.675,354.94155333869526,353.04745680413635,349.4187623008723,353.1620107304303,Up,27
2025-12-03 13:30:00,356.7329670527732,356.7329670527732,356.3,356.525,355.08550303517745,353.1838310471114,349.48947113369945,353.1620107304303,Up,26
2025-12-03 13:40:00,356.6289835263866,356.6289835263866,356.4,356.45000000000005,355.2095482137977,353.31191610408746,349.558730127394,353.3678835854559,Up,1
2025-12-03 13:50:00,356.5394917631933,356.7,356.2,356.42499999999995,355.3200438307251,353.43399782549585,349.6270512206538,353.40762892932963,Up,21
2025-12-03 14:00:00,356.48224588159667,356.5,356.1,356.3,355.4091307552046,353.5463900676333,349.69344872094587,353.40762892932963,Up,17
2025-12-03 14:10:00,356.3911229407984,356.7,356.0,356.32500000000005,355.4923915956405,353.65535516302026,349.7594343058121,353.4488668837435,Up,14
2025-12-03 14:20:00,356.3580614703992,356.8,355.9,356.475,355.58171963240045,353.76592947035283,349.826255855008,353.4488668837435,Up,39
2025-12-03 14:30:00,356.4165307351996,356.8,356.2,356.54999999999995,355.66974512036404,353.8751087068096,349.8931587818239,353.58666684606897,Up,7
2025-12-03 14:40:00,356.48326536759976,357.0,356.4,356.7,355.7634046548764,353.98588875752296,349.9608885451889,353.83333349642635,Up,28
2025-12-03 14:50:00,356.59163268379984,356.6,356.1,356.35,355.81673150443305,354.07859900232603,350.02446179349545,353.83333349642635,Up,8
2025-12-03 15:00:00,356.47081634189993,356.8,356.3,356.6,355.88793773130277,354.17747747282306,350.0898900343562,353.83333349642635,Up,14
2025-12-03 15:10:00,356.53540817094995,356.8,356.3,356.525,355.94585248300245,354.2695371797712,350.153920979288,353.8688080363834,Up,11
2025-12-03 15:20:00,356.53020408547496,357.3,356.3,356.625,356.0075931663659,354.3619082707606,350.21830982526524,353.9989163967122,Up,35
2025-12-03 15:30:00,356.57760204273745,357.3,356.57760204273745,356.8,356.0796301512417,354.4575197111229,350.2837992797402,354.1296712157389,Up,27
2025-12-03 15:40:00,356.6888010213687,358.0,356.6888010213687,357.225,356.18375468294704,354.5660483499024,350.35286595357366,354.3138465133368,Up,88
2025-12-03 15:50:00,356.9569005106844,357.6,356.9569005106844,357.375,356.29204971177006,354.6762033165729,350.4227379341351,354.3138465133368,Up,20
2025-12-03 16:00:00,357.1659502553422,357.5,357.0,357.2,356.37459064706366,354.77517573553087,350.4901733775766,354.35099686522824,Up,14
2025-12-03 16:10:00,357.18297512767106,357.3,356.6,356.875,356.4200824064215,354.8575217851179,350.5537039907351,354.35099686522824,Up,40
2025-12-03 16:20:00,357.0289875638355,357.2,356.6,356.90000000000003,356.463711278565,354.93761897001525,350.6168512147079,354.35099686522824,Up,4
2025-12-03 16:30:00,356.9644937819178,357.3,356.9,357.07500000000005,356.5192829805136,355.0214378339362,350.6811114016262,354.36776623984093,Up,21
2025-12-03 16:40:00,357.0197468909589,357.3,356.9,357.1,356.5720754368306,355.1029500757426,350.7449809399185,354.47069658167356,Up,9
2025-12-03 16:50:00,357.0598734454794,358.5,357.0598734454794,357.875,356.69052312439146,355.2116579159096,350.81592640320287,354.8659785044354,Up,72
2025-12-03 17:00:00,357.4674367227397,358.4,357.1,357.75,356.7868392039922,355.3112007427367,350.884922160385,354.8659785044354,Up,26
2025-12-03 17:10:00,357.6087183613698,357.9,357.1,357.5,356.8516720036293,355.39703600772737,350.9507438304309,354.8659785044354,Up,27
2025-12-03 17:20:00,357.5543591806849,358.3,357.5543591806849,358.075,356.962883639663,355.5020542035028,351.02163195152116,354.8659785044354,Up,26
2025-12-03 17:30:00,357.81467959034245,358.8,357.81467959034245,358.42499999999995,357.0958033087845,355.6166795288556,351.09529730523735,355.09871824991757,Up,40
2025-12-03 17:40:00,358.1198397951712,360.0,358.1198397951712,359.15,357.28254846253134,355.75524111595934,351.17544360070764,355.45929660014446,Up,136
2025-12-03 17:50:00,358.6349198975856,360.0,358.6349198975856,359.775,357.50913496593756,355.91287871925505,351.26101132607374,355.54777327751384,Up,42
2025-12-03 18:00:00,359.20495994879275,359.8,359.1,359.45000000000005,357.6855772417614,356.05158935771567,351.3424938004412,355.7684666624737,Up,30
2025-12-03 18:10:00,359.3274799743964,359.5,358.7,359.1,357.814161128874,356.17113487309933,351.41968291685475,355.7684666624737,Up,63
2025-12-03 18:20:00,359.2137399871982,359.2137399871982,357.7,358.525,357.87878284443093,356.2634433094484,351.4903825893239,355.7684666624737,Up,96
2025-12-03 18:30:00,358.8693699935991,359.8,357.8,358.925,357.9738934949372,356.3678180816269,351.5643588819674,355.7684666624737,Up,77
2025-12-03 18:40:00,358.8971849967995,361.0,358.8971849967995,360.25,358.1808122681247,356.52006050979844,351.6507831716991,355.7684666624737,Up,108
2025-12-03 18:50:00,359.57359249839976,361.2,359.2,360.15000000000003,358.35982933465885,356.66241107804166,351.7353524933738,355.7684666624737,Up,91
2025-12-03 19:00:00,359.86179624919987,360.3,358.0,358.875,358.40666303150806,356.74917927105963,351.8063937620965,355.7684666624737,Up,89
2025-12-03 19:10:00,359.36839812459993,359.36839812459993,358.0,358.45,358.4106027559164,356.81587812317497,351.872499296802,355.7684666624737,Up,65
2025-12-03 19:20:00,358.9091990623,361.0,358.2,359.45000000000005,358.50509341446946,356.9191770203054,351.9478973137493,355.7684666624737,Up,54
2025-12-03 19:30:00,359.17959953115,360.4,358.5,359.575,358.60235764951767,357.0233269410778,352.0237888827667,355.7684666624737,Up,65
2025-12-03 19:40:00,359.377299765575,359.377299765575,358.1,358.725,358.613506954107,357.0900592178983,352.0904676003512,355.7684666624737,Up,53
2025-12-03 19:50:00,359.0511498827875,360.0,358.5,359.325,358.6781881400973,357.17770395445126,352.1624529973626,355.7684666624737,Up,39
2025-12-03 20:00:00,359.1880749413938,360.0,359.0,359.75,358.7756255819066,357.27857830917867,352.23795097748837,355.7684666624737,Up,23
2025-12-03 20:10:00,359.4690374706969,360.0,359.2,359.725,358.8619323471878,357.3745164147011,352.31244897771234,355.7684666624737,Up,6
2025-12-03 20:20:00,359.59701873534846,360.3,359.2,359.675,358.93584758835254,357.46473145726185,352.38570819186447,355.7684666624737,Up,64
2025-12-03 20:30:00,359.6360093676742,360.0,359.2,359.57500000000005,358.99395235304775,357.54748708638886,352.4572434337365,355.7684666624737,Up,13
2025-12-03 20:40:00,359.6055046838371,361.0,359.5,359.9,359.0763203209525,357.63974249476576,352.5313007130028,355.7684666624737,Up,50
2025-12-03 20:50:00,359.7527523419185,361.0,359.4,360.225,359.18074574632044,357.74112514202983,352.60785493476396,355.7684666624737,Up,25
2025-12-03 21:00:00,359.9888761709593,361.9,359.9888761709593,361.1,359.35522340574585,357.87284572469537,352.692353890637,355.7684666624737,Up,94
2025-12-03 21:10:00,360.54443808547967,362.5,360.54443808547967,361.65,359.56383945976893,358.02096942176615,352.7814846976953,355.7684666624737,Up,82
2025-12-03 21:20:00,361.0972190427399,362.8,361.0972190427399,362.275,359.81030859978995,358.18779415032435,352.8759475365242,356.02629651916675,Up,54
2025-12-03 21:30:00,361.68610952137,362.8,361.68610952137,362.525,360.0570987270817,358.35788065423316,352.9719580087976,356.45408276645304,Up,70
2025-12-03 21:40:00,362.105554760685,363.0,362.105554760685,362.625,360.29054429734697,358.52521866779267,353.06800817786433,356.96482275310797,Up,78
2025-12-03 21:50:00,362.3652773803425,364.2,362.3652773803425,363.425,360.57549481576996,358.71736695533025,353.1710628228607,357.5355080764462,Up,219
2025-12-03 22:00:00,362.8951386901713,365.9,362.8951386901713,364.625,360.94363165069996,358.949038839435,353.28503234701134,358.0802283108525,Up,177
2025-12-03 22:10:00,363.7600693450856,366.8,363.7600693450856,366.075,361.4101196824545,359.2284882967121,353.4122957067426,358.43156803963467,Up,149
2025-12-03 22:20:00,364.9175346725429,366.7,364.9175346725429,366.325,361.85692698404955,359.50678287331164,353.54078032657605,358.9347193690978,Up,72
2025-12-03 22:30:00,365.6212673362714,366.7,365.5,366.35,362.2653881673178,359.77514432926023,353.66823524869966,359.41450184802403,Up,76
2025-12-03 22:40:00,365.9856336681357,366.8,365.9856336681357,366.375,362.63898924301617,360.03396219870103,353.7946707188619,360.0189580297754,Up,42
2025-12-03 22:50:00,366.1803168340679,366.5,365.7,366.0750000000001,362.9513538572875,360.27086564188926,353.9168630500175,360.0189580297754,Up,48
2025-12-03 23:00:00,366.127658417034,367.8,365.9,366.775,363.29895805207946,360.5259297343642,354.0448047112114,360.6269761947996,Up,101
2025-12-03 23:10:00,366.451329208517,367.5,365.9,366.725,363.6104164109813,360.769030529095,354.1709758086123,360.6269761947996,Up,115
2025-12-03 23:20:00,366.5881646042585,366.9,365.8,366.125,363.83901491907386,360.9790685475619,354.28992132295446,360.6269761947996,Up,40
2025-12-03 23:30:00,366.35658230212925,366.6,365.6,365.95,364.0309226537035,361.1740070358928,354.4059420063081,360.6269761947996,Up,61
2025-12-03 23:40:00,366.1532911510647,366.2,365.5,365.925,364.2031115033668,361.3603204854657,354.5205594987827,360.6269761947996,Up,45
2025-12-03 23:50:00,366.0391455755323,366.9,365.4,365.975,364.36419227578796,361.5412883095651,354.6345340311331,360.6269761947996,Up,136
2025-12-04 00:00:00,366.00707278776616,366.2,365.0,365.45,364.4629020688981,361.6945711209547,354.74215060793773,360.6269761947996,Up,60
2025-12-04 09:00:00,365.7285363938831,369.2,365.7285363938831,367.825,364.76854733536186,361.93498009660357,354.8723282138289,361.04335153068945,Up,64
2025-12-04 09:10:00,366.77676819694153,369.6,366.77676819694153,368.4500000000001,365.10322485032896,362.19047107320733,355.0074294256316,361.32455738258403,Up,264
2025-12-04 09:20:00,367.6133840984708,369.0,367.6133840984708,368.6,365.42111350029904,362.4418251487678,355.142678884083,361.56262561605496,Up,81
2025-12-04 09:30:00,368.1066920492354,369.4,368.1066920492354,369.125,365.7578304548173,362.70391043705143,355.28180645737575,362.1520827396302,Up,175
2025-12-04 09:40:00,368.61584602461767,369.6,368.61584602461767,369.35,366.08439132256115,362.96454140030437,355.4217884826755,362.74890039854483,Up,96
2025-12-04 09:50:00,368.9829230123089,369.6,368.9829230123089,369.45,366.39035574778285,363.21887311009635,355.56137267687774,363.2861402253904,Up,45
2025-12-04 10:00:00,369.2164615061544,370.0,369.2164615061544,369.65,366.68668704343895,363.4710741646024,355.70155802337644,363.8639246818933,Up,50
2025-12-04 10:10:00,369.4332307530772,370.0,369.4332307530772,369.775,366.9674427667627,363.71828694246113,355.8415922719001,364.28842104021766,Up,40
2025-12-04 10:20:00,369.6041153765386,370.4,369.6041153765386,370.125,367.2544934243297,363.9695305917764,355.9837157318812,364.7779229739915,Up,76
2025-12-04 10:30:00,369.8645576882693,370.5,369.8645576882693,370.3,367.53135765848157,364.21778429405964,356.1261663216137,365.20199553598013,Up,34
2025-12-04 10:40:00,370.0822788441346,370.5,369.0,369.75,367.7330524168014,364.43473392958674,356.26172685572703,365.20199553598013,Up,64
2025-12-04 10:50:00,369.9161394220673,369.9161394220673,367.0,368.1,367.7664112880012,364.57846985391666,356.37952061835665,365.20199553598013,Up,179
2025-12-04 11:00:00,369.00806971103367,369.00806971103367,367.0,367.675,367.7581011709102,364.699902408665,356.4919134480248,365.20199553598013,Up,92
2025-12-04 11:10:00,368.3415348555168,369.5,368.1,368.8,367.852819246282,364.86069054950167,356.61438197093,365.20199553598013,Up,52
2025-12-04 11:20:00,368.5707674277584,369.5,366.8,368.45,367.9071084057109,365.00144778285454,356.73214931450286,365.20199553598013,Up,80
2025-12-04 11:30:00,368.5103837138792,368.5103837138792,367.6,368.025,367.9178258233735,365.1200184580367,356.84451598799046,365.20199553598013,Up,70
2025-12-04 11:40:00,368.2676918569396,370.3,368.0,369.175,368.032114384885,365.27903734203534,356.96720737119455,365.20199553598013,Up,75
2025-12-04 11:50:00,368.72134592846976,370.5,368.72134592846976,369.75000000000006,368.1882858044409,365.45436921097513,357.0943993376503,365.20199553598013,Up,172
2025-12-04 12:00:00,369.2356729642349,369.6,368.7,369.15,368.2757143676736,365.599295908584,357.2143555631464,365.20199553598013,Up,54
2025-12-04 12:10:00,369.1928364821175,369.9,369.1,369.45,368.3824676069759,365.75030391216893,357.33610326898577,365.20199553598013,Up,7
2025-12-04 12:20:00,369.3214182410587,370.0,369.1,369.55000000000007,368.4886069154327,365.8993116018878,357.45763457974215,365.20199553598013,Up,25
2025-12-04 12:30:00,369.4357091205294,370.0,369.4357091205294,369.9,368.6169153776661,366.0562013429902,357.5814392107895,365.20199553598013,Up,26
2025-12-04 12:40:00,369.6678545602647,370.0,369.4,369.8,368.724468525151,366.20301697659846,357.70301693008514,365.20199553598013,Up,15
2025-12-04 12:50:00,369.7339272801323,370.0,369.0,369.475,368.7926986592282,366.3313300363397,357.82015108998485,365.20199553598013,Up,49
2025-12-04 13:00:00,369.6044636400662,369.7,368.0,369.0750000000001,368.8183624174802,366.4389249368754,357.9321396363532,365.20199553598013,Up,42
2025-12-04 13:10:00,369.3397318200331,369.7,369.3,369.575,368.8871476522547,366.56190827268426,358.0479889932054,365.20199553598013,Up,24
2025-12-04 13:20:00,369.4573659100165,369.7,369.4,369.6,368.95195241114067,366.68104912473586,358.1629343763576,365.20199553598013,Up,17
2025-12-04 13:30:00,369.52868295500826,369.7,369.3,369.575,369.0085931010369,366.7945373943541,358.27648726813516,365.20199553598013,Up,10
2025-12-04 13:40:00,369.5518414775041,369.7,368.8,369.275,369.03281191003356,366.8918104377128,358.38592520576566,365.20199553598013,Up,5
2025-12-04 13:50:00,369.41342073875205,369.41342073875205,368.9,368.9500000000001,369.025283554576,366.972523753881,358.4910403778476,365.20199553598013,Up,11
2025-12-04 14:00:00,369.1817103693761,369.1817103693761,368.2,368.575,368.98434868597815,367.0353659596111,358.5913782845357,365.20199553598013,Up,20
2025-12-04 14:10:00,368.878355184688,368.878355184688,368.0,368.45,368.9357715327074,367.09084180433223,358.68947402299807,365.20199553598013,Up,26
2025-12-04 14:20:00,368.664177592344,369.0,368.664177592344,368.8,368.9234286660976,367.15786761592705,358.7900762715255,365.20199553598013,Up,8
2025-12-04 14:30:00,368.732088796172,369.0,368.0,368.4500000000001,368.88038969645237,367.208539474126,358.8861949155899,365.20199553598013,Up,14
2025-12-04 14:40:00,368.591044398086,368.7,368.1,368.3250000000001,368.8298997240476,367.25232223984654,358.98011337414124,365.20199553598013,Up,27
2025-12-04 14:50:00,368.4580221990431,368.6,368.1,368.425,368.7930906582251,367.29830960298983,359.07409234554285,365.20199553598013,Up,9
2025-12-04 15:00:00,368.4415110995215,368.6,368.4415110995215,368.55,368.77099150747733,367.3473955009118,359.16837998389565,365.20199553598013,Up,1
2025-12-04 15:10:00,368.4957555497608,368.5,368.4957555497608,368.5,368.7463559158885,367.3925956773466,359.26123192435443,365.45606820637494,Up,5
2025-12-04 15:20:00,368.4978777748804,368.6,368.0,368.4,368.7148690144441,367.4321017292154,359.35216494003254,365.45606820637494,Up,10
2025-12-04 15:30:00,368.4489388874402,368.5,368.2,368.4,368.68624455858554,367.4700585241481,359.44219314958445,365.5286697780947,Up,4
2025-12-04 15:40:00,368.4244694437201,368.9,368.3,368.625,368.6806768714414,367.51535034673054,359.5335643620264,365.8169725255406,Up,17
2025-12-04 15:50:00,368.52473472186006,368.9,368.3,368.6,368.6733426104012,367.5578856272509,359.6237776519565,365.8517932050369,Up,21
2025-12-04 16:00:00,368.56236736093,368.56236736093,368.1,368.25,368.6348569185466,367.58502736735875,359.709610710146,365.8517932050369,Up,14
2025-12-04 16:10:00,368.406183680465,368.7,368.0,368.375,368.6112335623151,367.61600668628586,359.7958334891496,365.8517932050369,Up,24
2025-12-04 16:20:00,368.3905918402325,370.0,368.3905918402325,369.225,368.6670305111955,367.67910446329427,359.8896560414964,366.1579504693551,Up,58
2025-12-04 16:30:00,368.8077959201163,370.0,368.8077959201163,369.675,368.7586641010868,367.75737487649843,359.98702264804865,366.2091460666812,Up,39
2025-12-04 16:40:00,369.2413979600582,369.7,368.7,369.25,368.803331000988,367.81590919506715,360.0791915769238,366.2091460666812,Up,32
2025-12-04 16:50:00,369.2456989800291,369.2456989800291,368.9,369.0,368.8212100008982,367.862344128594,360.16795583984,366.2091460666812,Up,1
2025-12-04 17:00:00,369.1228494900146,369.5,368.6,368.9500000000001,368.8329181826347,367.9049973000217,360.2553393638217,366.2091460666812,Up,6
2025-12-04 17:10:00,369.0364247450073,369.0364247450073,367.7,368.1,368.7662892569407,367.9126444647267,360.33339568855985,366.2091460666812,Up,48
2025-12-04 17:20:00,368.5682123725037,368.5682123725037,367.3,367.7000000000001,368.66935386994606,367.90430546611003,360.40669523394735,366.2091460666812,Up,23
2025-12-04 17:30:00,368.1341061862519,368.2,367.3,367.775,368.5880489726782,367.8992346635175,360.48001169928125,366.2091460666812,Up,59
2025-12-04 17:40:00,367.9545530931259,368.7,367.9,368.275,368.55958997516205,367.91397055906583,360.5575737719252,366.2091460666812,Up,27
2025-12-04 17:50:00,368.11477654656295,369.0,368.11477654656295,368.625,368.5655363410564,367.94185406655345,360.637846669717,366.2091460666812,Up,11
2025-12-04 18:00:00,368.3698882732815,368.8,367.2,367.925,368.5073057645967,367.94119312276706,360.7103556580781,366.2091460666812,Up,46
2025-12-04 18:10:00,368.14744413664073,368.14744413664073,367.2,367.67500000000007,368.4316416041788,367.93075417677625,360.7796556017788,366.2091460666812,Up,17
2025-12-04 18:20:00,367.9112220683204,369.0,367.8,368.475,368.4355832765262,367.952097150236,360.85622619280593,366.2091460666812,Up,21
2025-12-04 18:30:00,368.1931110341602,369.0,367.0,368.0,368.39598479684196,367.95397569336404,360.9273085192457,366.2091460666812,Up,18
2025-12-04 18:40:00,368.0965555170801,368.9,367.0,367.8250000000001,368.34407708803815,367.9489178230361,360.99594226532287,366.2091460666812,Up,30
2025-12-04 18:50:00,367.9607777585401,368.9,367.5,368.15,368.32643371639836,367.9568033986033,361.0671269193993,366.2091460666812,Up,30
2025-12-04 19:00:00,368.05538887927,368.05538887927,365.7,367.0,368.2058488330894,367.9192816966973,361.12616048239033,366.2091460666812,Up,77
2025-12-04 19:10:00,367.527694439635,367.527694439635,366.0,366.35,368.03713530280857,367.8577412380033,361.1781389850531,366.2091460666812,Up,60
2025-12-04 19:20:00,366.9388472198175,366.9388472198175,363.2,364.975,367.7587593661896,367.7446925620032,361.2159186966446,371.011371675886,Down,115
2025-12-04 19:30:00,365.9569236099088,365.9569236099088,363.5,364.3,367.444326696536,367.60960657917957,361.2466060727974,371.011371675886,Down,42
2025-12-04 19:40:00,365.1284618049543,365.1284618049543,362.0,362.925,367.0334788150327,367.425896517251,361.26330650988405,370.574820671159,Down,84
2025-12-04 19:50:00,364.02673090247714,364.02673090247714,362.0,362.6,366.6304352863933,367.23664567343724,361.2766069426215,370.12362193275914,Down,51
2025-12-04 20:00:00,363.3133654512386,363.3133654512386,362.6,362.95,366.29585026035755,367.06854192153776,361.29325761980937,369.67995787290664,Down,29
2025-12-04 20:10:00,363.13168272561927,363.5,362.2,362.8,365.9780456912342,366.90114812069316,361.3082500813038,369.434795588443,Down,35
2025-12-04 20:20:00,362.96584136280967,363.2,361.4,362.375,365.65049608294015,366.7236521159601,361.3188645083555,368.9407232622209,Down,68
2025-12-04 20:30:00,362.6704206814048,363.0,362.0,362.475,365.36181462085466,366.55703830749104,361.33036834409324,368.90065751110996,Down,26
2025-12-04 20:40:00,362.5727103407024,363.6,362.0,362.675,365.11755874623145,366.4048015111189,361.34374776355503,368.90065751110996,Down,53
2025-12-04 20:50:00,362.6238551703512,363.0,362.3,362.775,364.9045988602104,366.26245635382014,361.3579890793406,368.72327067033876,Down,29
2025-12-04 21:00:00,362.6994275851756,364.8,362.6994275851756,363.65,364.7905444183731,366.1600070850429,361.38079515815315,368.72327067033876,Down,63
2025-12-04 21:10:00,363.1747137925878,365.5,362.0,364.2,364.73685856215735,366.0831440621,361.4088469476243,368.72327067033876,Down,102
2025-12-04 21:20:00,363.68735689629386,365.5,363.68735689629386,365.15,364.7744168746885,366.04655017731176,361.4460723511305,368.72327067033876,Down,48
2025-12-04 21:30:00,364.4186784481469,366.3,364.4186784481469,365.7,364.85856079517134,366.0329599742799,361.4883999894277,368.72327067033876,Down,53
2025-12-04 21:40:00,365.0593392240735,366.2,365.0593392240735,365.975,364.96005526833756,366.0306870341121,361.53304277560255,368.72327067033876,Down,28
2025-12-04 21:50:00,365.5171696120368,366.4,365.5171696120368,365.975,365.0523229712159,366.0285032288528,361.5772413549498,368.72327067033876,Down,23
2025-12-04 22:00:00,365.7460848060184,366.9,365.2,366.075,365.1452936101963,366.03032663164294,361.6219951723135,368.72327067033876,Down,63
2025-12-04 22:10:00,365.9105424030092,367.2,365.9105424030092,366.425,365.26163055472387,366.04580401863734,361.66978626512633,368.72327067033876,Down,53
2025-12-04 22:20:00,366.1677712015046,366.6,365.8,366.1,365.3378459588399,366.0479293512398,361.7138679938315,368.72327067033876,Down,29
2025-12-04 22:30:00,366.13388560075225,367.0,365.8,366.35,365.42985996258176,366.0597752590343,361.7599986605596,368.72327067033876,Down,9
2025-12-04 22:40:00,366.24194280037614,366.9,366.24194280037614,366.625,365.5385090568925,366.0819409351506,361.8084066340864,368.72327067033876,Down,12
2025-12-04 22:50:00,366.43347140018807,366.7,366.0,366.3,365.6077355062659,366.0904922710271,361.85309910538905,368.72327067033876,Down,22
2025-12-04 23:00:00,366.36673570009407,366.36673570009407,364.4,365.2000000000001,365.5706686420599,366.0555710054966,361.88640160185287,368.72327067033876,Down,46
2025-12-04 23:10:00,365.7833678500471,365.7833678500471,364.4,364.875,365.5074260382363,366.00927410332025,361.9161388993469,368.72327067033876,Down,11
2025-12-04 23:20:00,365.32918392502353,366.4,364.2,365.3,365.48856912566936,365.9814594326018,361.9498091590549,368.72327067033876,Down,40
2025-12-04 23:30:00,365.3145919625117,367.5,365.3145919625117,366.425,365.57369920515396,365.9988531803429,361.9943384211538,368.72327067033876,Down,38
2025-12-04 23:40:00,365.86979598125583,368.0,365.86979598125583,367.5,365.74881745923085,366.0577216830746,362.0491211234309,368.72327067033876,Down,33
2025-12-04 23:50:00,366.6848979906279,369.5,366.6848979906279,368.7,366.0171067811189,366.16134044060107,362.11529902270024,368.72327067033876,Down,95
2025-12-05 00:00:00,367.692448995314,370.0,367.692448995314,369.55,366.3382788919263,366.2942290507736,362.18927614685254,361.78036846220886,Up,94
2025-12-05 09:00:00,368.62122449765695,375.4,368.62122449765695,373.525,366.9916171744784,366.57778869584126,362.30206941902316,363.1220974884782,Up,40
2025-12-05 09:10:00,371.07311224882847,374.0,371.07311224882847,373.375,367.57192470407125,366.8443460018867,362.4122478327642,363.3917653418516,Up,252
2025-12-05 09:20:00,372.22405612441423,373.6,372.22405612441423,373.425,368.10402245824656,367.10241086455784,362.5218274563188,364.09823866875536,Up,110
2025-12-05 09:30:00,372.8245280622072,373.5,372.8245280622072,373.275,368.5741113256787,367.3444731835948,362.628824198047,364.90410205967737,Up,100
2025-12-05 09:40:00,373.0497640311036,373.5,373.0497640311036,373.3,369.0037375687988,367.57802325482635,362.7350050517978,365.6037398710202,Up,59
2025-12-05 09:50:00,373.1748820155518,374.3,373.1748820155518,373.9,369.4488523352716,367.82594391149985,362.8460995288944,366.35454160931147,Up,100
2025-12-05 10:00:00,373.5374410077759,374.4,373.5374410077759,374.175,369.87850212297417,368.07492650320575,362.95882490671636,366.94333596265693,Up,28
2025-12-05 10:10:00,373.8562205038879,374.3,373.8562205038879,374.125,370.26454738452196,368.3121842873938,363.06993112655005,367.53002267042046,Up,10
2025-12-05 10:20:00,373.990610251944,374.5,373.990610251944,374.25,370.6268612586563,368.5450398055352,363.1811755929525,368.1072655980212,Up,30
2025-12-05 10:30:00,374.120305125972,374.9,374.120305125972,374.5750000000001,370.9857829624148,368.78150883276913,363.2945469800873,368.6465912197478,Up,38
2025-12-05 10:40:00,374.347652562986,375.0,374.3,374.8,371.3325299658316,369.0175280942292,363.4090290996885,369.0649442334198,Up,44
2025-12-05 10:50:00,374.573826281493,375.0,374.573826281493,374.8,371.6477545143924,369.2442916983771,363.52237209372146,369.55461745530744,Up,32
2025-12-05 11:00:00,374.68691314074647,375.1,374.6,374.85,371.93886774035667,369.4641233964799,363.63508480920683,369.9115493768736,Up,48
2025-12-05 11:10:00,374.7684565703733,376.0,374.7684565703733,375.525,372.2648797639606,369.7018048319121,363.7533924230456,370.44689374429834,Up,74
2025-12-05 11:20:00,375.1467282851866,376.4,375.1467282851866,375.775,372.5839816036006,369.9399693483077,363.873010408886,370.8291430273082,Up,140
2025-12-05 11:30:00,375.4608641425933,375.6,375.2,375.4,372.8399832760005,370.1540881973937,363.98770682272794,370.8291430273082,Up,36
2025-12-05 11:40:00,375.4304320712967,375.4304320712967,373.3,374.35,372.9772575236368,370.31863375828027,364.09081421752666,370.8291430273082,Up,133
2025-12-05 11:50:00,374.89021603564834,374.89021603564834,372.5,373.2,372.9975068396698,370.4316285128575,364.18145288202885,370.8291430273082,Up,111
2025-12-05 12:00:00,374.0451080178242,374.7,372.8,373.55,373.0477334906089,370.55391759078464,364.27467225633706,370.8291430273082,Up,39
2025-12-05 12:10:00,373.7975540089121,374.1,373.4,373.8,373.116121355099,370.68121494016566,364.369451636871,370.8291430273082,Up,27
2025-12-05 12:20:00,373.798777004456,374.0,373.1,373.5750000000001,373.1578375955445,370.79469670721795,364.46104913302156,370.8291430273082,Up,22
2025-12-05 12:30:00,373.686888502228,373.7,373.3,373.425,373.1821250868586,370.8978458559545,364.55024267398653,370.8291430273082,Up,36
2025-12-05 12:40:00,373.555944251114,374.1,373.3,373.625,373.2223864425987,371.00479307728955,364.6405387667827,370.8291430273082,Up,12
2025-12-05 12:50:00,373.59047212555697,374.5,373.59047212555697,374.0,373.2930785841806,371.1222521722978,364.73366773427745,370.8291430273082,Up,15
2025-12-05 13:00:00,373.7952360627785,374.4,373.7952360627785,374.225,373.37779871289143,371.2439285576979,364.8281088513493,370.8291430273082,Up,8
2025-12-05 13:10:00,374.01011803138925,374.4,374.01011803138925,374.325,373.46390792081036,371.36475488876863,364.9226052806892,370.8291430273082,Up,3
2025-12-05 13:20:00,374.1675590156946,374.3,373.7,374.125,373.52400720073666,371.4729997950914,365.01417139729926,370.8291430273082,Up,11
2025-12-05 13:30:00,374.14627950784734,374.4,373.9,374.1,373.57637018248784,371.5760194109702,365.1045776520525,370.8291430273082,Up,8
2025-12-05 13:40:00,374.1231397539237,374.4,374.1231397539237,374.375,373.6489728931707,371.6857833556381,365.19682066048983,370.8291430273082,Up,7
2025-12-05 13:50:00,374.2490698769618,374.4,374.1,374.3250000000001,373.7104299028825,371.78928204757386,365.2876483156094,370.86439617370974,Up,3
2025-12-05 14:00:00,374.2870349384809,374.4,373.0,373.7,373.7094817298931,371.86421216335526,365.37135330749385,370.86439617370974,Up,25
2025-12-05 14:10:00,373.9935174692405,373.9935174692405,373.0,373.25,373.6677106635392,371.91855678440015,365.44974780194667,370.86439617370974,Up,16
2025-12-05 14:20:00,373.6217587346202,374.4,373.4,373.9,373.6888278759447,371.9962604399139,365.53382991337014,370.86439617370974,Up,12
2025-12-05 14:30:00,373.7608793673101,374.5,373.7608793673101,374.45,373.7580253417679,372.0924855207016,365.6225480236849,370.86439617370974,Up,6
2025-12-05 14:40:00,374.1054396836551,374.7,374.1,374.475,373.82320485615264,372.18591746106625,365.7106321229517,370.87053210622713,Up,12
2025-12-05 14:50:00,374.29021984182754,374.6,374.1,374.35,373.8710953237751,372.27078344298525,365.79659598242483,370.95957464202473,Up,15
2025-12-05 15:00:00,374.32010992091375,374.6,373.9,374.15,373.896450294341,372.34447820992705,365.87971443036093,370.95957464202473,Up,17
2025-12-05 15:10:00,374.23505496045686,374.23505496045686,373.9,374.025,373.90813663121907,372.41038102522407,365.9607620479693,370.95957464202473,Up,9
2025-12-05 15:20:00,374.1300274802284,374.1300274802284,372.5,373.425,373.86421511929007,372.450170004627,366.03503307236764,370.95957464202473,Up,41
2025-12-05 15:30:00,373.7775137401142,373.8,372.8,373.3,373.8129228357182,372.4834966711122,366.1073213005033,370.95957464202473,Up,37
2025-12-05 15:40:00,373.5387568700571,373.5387568700571,372.5,373.05,373.7435662142893,372.50571248793136,366.1764026805978,370.95957464202473,Up,17
2025-12-05 15:50:00,373.2943784350285,373.9,372.5,373.3,373.70324201299024,372.5368610178164,366.247284245965,370.95957464202473,Up,25
2025-12-05 16:00:00,373.29718921751424,374.1,373.29718921751424,373.875,373.7188563754457,372.5893370563335,366.32318191515935,370.95957464202473,Up,21
2025-12-05 16:10:00,373.5860946087571,374.5,373.3,373.975,373.74214215949604,372.64367677961457,366.39931940854086,370.95957464202473,Up,36
2025-12-05 16:20:00,373.78054730437856,374.3,373.78054730437856,374.125,373.77694741772365,372.70176788629635,366.476191852237,370.95957464202473,Up,4
2025-12-05 16:30:00,373.9527736521893,374.3,373.9527736521893,374.175,373.8131340161124,372.7595416946769,366.5527969084336,370.95957464202473,Up,9
2025-12-05 16:40:00,374.0638868260946,375.0,374.0638868260946,374.575,373.88239456010217,372.8307361380229,366.6326198247676,371.0628284184929,Up,40
2025-12-05 16:50:00,374.31944341304734,375.0,374.2,374.525,373.9408132364565,372.89717785810046,366.7111509707898,371.15535000495055,Up,47
2025-12-05 17:00:00,374.4222217065237,374.4222217065237,374.0,374.125,373.9575574876877,372.9453277460181,366.7849206128715,371.15535000495055,Up,8
2025-12-05 17:10:00,374.27361085326186,374.9,373.3,373.975,373.95914317062517,372.98570705009587,366.85646369135037,371.15535000495055,Up,21
2025-12-05 17:20:00,374.1243054266309,374.2,373.2,373.525,373.91967560965924,373.00685579322936,366.9228172864613,371.15535000495055,Up,30
2025-12-05 17:30:00,373.82465271331546,374.7,373.4,373.75,373.90425055423566,373.0359987032988,366.99074945276516,371.15535000495055,Up,19
2025-12-05 17:40:00,373.7873263566577,375.8,373.5,374.65,373.97204595839605,373.0992928717969,367.0669609009964,371.15535000495055,Up,55
2025-12-05 17:50:00,374.2186631783288,376.8,374.2186631783288,376.05,374.1609508712691,373.2150068768245,367.1563443746183,371.15535000495055,Up,147
2025-12-05 18:00:00,375.1343315891644,377.1,375.1343315891644,376.5750000000001,374.38040988297195,373.34677131302743,367.25006234104006,371.15535000495055,Up,104
2025-12-05 18:10:00,375.8546657945822,377.9,375.8546657945822,377.5,374.6640089845199,373.5096430262421,367.35205177048243,371.49762521180935,Up,118
2025-12-05 18:20:00,376.6773328972911,379.3,376.6773328972911,378.3250000000001,374.99682634956355,373.6984805546247,367.46123533495523,372.14432596994976,Up,287
2025-12-05 18:30:00,377.5011664486456,379.9,377.5011664486456,378.85,375.3471148632396,373.9005009250316,367.5745563763985,372.5152433159251,Up,262
2025-12-05 18:40:00,378.1755832243228,380.0,378.1755832243228,379.225,375.6996498756724,374.1093048103245,367.69048118857364,372.8013310497354,Up,229
2025-12-05 18:50:00,378.70029161216144,382.3,378.70029161216144,380.6,376.14513625061124,374.3638418765863,367.81893411207045,373.47619679011575,Up,283
2025-12-05 19:00:00,379.6501458060807,381.9,379.6501458060807,380.625,376.5523965914648,374.6093774892692,367.9463576532439,373.5715359089197,Up,154
2025-12-05 19:10:00,380.13757290304034,380.6,378.8,379.95,376.86126962860436,374.8188136661606,368.06579688057485,373.5715359089197,Up,138
2025-12-05 19:20:00,380.0437864515202,382.0,379.8,380.875,377.22615420782216,375.05631116944846,368.19325163798203,373.5715359089197,Up,101
2025-12-05 19:30:00,380.4593932257601,382.4,380.4593932257601,381.45,377.6101401889292,375.3070440647642,368.3251595818827,374.0361649277916,Up,105
2025-12-05 19:40:00,380.95469661288007,381.6,380.0,380.925,377.9114910808447,375.52735606222444,368.45053112833165,374.0361649277916,Up,172
2025-12-05 19:50:00,380.93984830644,382.3,380.93984830644,381.625,378.2490828007679,375.7664793539019,368.5816203708358,374.4806417688494,Up,105
2025-12-05 20:00:00,381.28242415322,382.3,381.28242415322,382.0,378.5900752734254,376.010931143945,368.7151365860514,374.93092778289855,Up,105
2025-12-05 20:10:00,381.64121207661,383.3,381.64121207661,382.675,378.9614320667504,376.2722671775158,368.85404069962306,375.6307883446073,Up,165
2025-12-05 20:20:00,382.15810603830505,387.0,382.15810603830505,384.85,379.4967564243185,376.60864885682895,369.01320447375616,376.6003482206292,Up,291
2025-12-05 20:30:00,383.5040530191525,386.8,383.5040530191525,386.075,380.0947785675623,376.9798783134239,369.18297358347,376.700132336065,Up,166
2025-12-05 20:40:00,384.78952650957626,387.6,384.78952650957626,387.0,380.7225259705112,377.3728242619171,369.36025742841065,377.48923273689655,Up,151
2025-12-05 20:50:00,385.8947632547881,389.0,385.8947632547881,387.8,381.3659327004647,377.78173311439093,369.54373745399863,378.40408597650645,Up,232
2025-12-05 21:00:00,386.8473816273941,388.1,386.5,387.3,381.9053933640588,378.15499848245406,369.7204166833121,378.49700395373856,Up,181
2025-12-05 21:10:00,387.073690813697,388.0,385.9,386.775,382.3480848764171,378.49303775765196,369.8901140297468,378.49700395373856,Up,147
2025-12-05 21:20:00,386.9243454068485,388.2,385.3,386.975,382.76871352401554,378.82566372794014,370.0601128951225,378.49700395373856,Up,153
2025-12-05 21:30:00,386.94967270342426,390.0,386.94967270342426,388.85,383.32155774910507,379.21877495429544,370.2470769459173,379.16202308514255,Up,197
2025-12-05 21:40:00,387.8998363517121,390.7,387.8998363517121,389.9,383.91959795373185,379.63764652471525,370.4426284190923,379.8154829705063,Up,154
2025-12-05 21:50:00,388.8999181758561,390.7,387.4,389.05,384.3859981397562,380.00675842570683,370.6277763950217,379.8154829705063,Up,243
2025-12-05 22:00:00,388.974959087928,389.3,386.5,388.125,384.7259073997784,380.325120840385,370.80187812243446,379.8154829705063,Up,135
2025-12-05 22:10:00,388.549979543964,389.9,387.7,388.925,385.10764309070765,380.6623710035072,370.9822076933555,379.8154829705063,Up,150
2025-12-05 22:20:00,388.7374897719821,390.0,388.4,389.15,385.4751300824615,380.99521919944806,371.162981746158,379.8154829705063,Up,44
2025-12-05 22:30:00,388.943744885991,389.8,388.3,389.225,385.8160273476922,381.3179557014305,371.3427033208231,379.8407835372958,Up,57
2025-12-05 22:40:00,389.0843724429955,391.8,389.0843724429955,390.6,386.25093395244744,381.6819574386293,371.5343182131532,381.0826703255832,Up,217
2025-12-05 22:50:00,389.84218622149774,391.8,389.84218622149774,390.9,386.67357632040677,382.0434493037811,371.7270115642661,381.6005100131893,Up,72
2025-12-05 23:00:00,390.37109311074886,390.7,390.0,390.35,387.00779665491524,382.3691963899073,371.91231493178583,381.64037900221865,Up,29
2025-12-05 23:10:00,390.3605465553744,390.7,388.1,390.0,387.279815140832,382.6684435903031,372.09229189763875,381.64037900221865,Up,93
2025-12-05 23:20:00,390.1802732776872,391.8,389.7,390.925,387.61119558257457,382.9922301161736,372.2796820280105,381.9288256216683,Up,106
2025-12-05 23:30:00,390.5526366388437,391.8,390.2,391.2,387.9374505296132,383.31410344495106,372.46794389837856,382.3989323833348,Up,57
2025-12-05 23:40:00,390.8763183194218,391.3,389.0,390.175,388.14086411783023,383.58315821181577,372.64413351133004,382.3989323833348,Up,115
2025-12-05 23:50:00,390.52565915971087,390.52565915971087,387.0,388.25,388.15078556166384,383.766171615274,372.79941576494866,382.3989323833348,Up,84
2025-12-06 00:00:00,389.3878295798554,389.3878295798554,386.2,387.175,388.0620777833307,383.89985115977305,372.94245640410344,382.3989323833348,Up,77
2025-12-08 09:00:00,388.2814147899277,388.2814147899277,373.6,376.05000000000007,386.97007071211885,383.5920138593898,372.9733772359034,393.60392068308744,Down,51
2025-12-08 09:10:00,382.1657073949639,382.1657073949639,377.0,378.6,386.20915519283534,383.396248610002,373.0293635320636,393.60392068308744,Down,390
2025-12-08 09:20:00,380.382853697482,380.382853697482,378.5,379.25,385.57650472075943,383.23365062529604,373.0912604123416,393.60392068308744,Down,175
2025-12-08 09:30:00,379.816426848741,379.816426848741,379.0,379.4,385.0150042915995,383.08331138508834,373.15403394057705,392.6501237794948,Down,143
2025-12-08 09:40:00,379.6082134243705,379.7,378.8,379.2,384.4863675378177,382.9310246641045,373.21419280683995,391.61537305011296,Down,195
2025-12-08 09:50:00,379.4041067121853,379.9,378.8,379.25,384.01033412528886,382.78667075570826,373.2742505898565,390.9912482273754,Down,142
2025-12-08 10:00:00,379.3270533560926,379.5,378.1,378.725,383.52984920480804,382.62738954960207,373.32848690239524,389.89204384306856,Down,76
2025-12-08 10:10:00,379.0260266780463,379.0260266780463,377.0,377.825,383.01122654982544,382.4390605476569,373.373228326252,388.8334265338296,Down,142
2025-12-08 10:20:00,378.4255133390232,378.6,377.3,378.05,382.56020595438673,382.2669405261801,373.4197633677818,388.2594665407332,Down,63
2025-12-08 10:30:00,378.2377566695116,378.6,377.6,378.25000000000006,382.16836904944245,382.10941344672204,373.4678254238238,387.8358786733938,Down,39
2025-12-08 10:40:00,378.2438783347558,378.6,377.7,378.05,381.7939718631295,381.95022076253684,373.51341920070115,387.328071521267,Down,81
2025-12-08 10:50:00,378.1469391673779,378.4,377.5,377.9,381.4399744210268,381.7913885757707,373.55706677084345,386.62097411024274,Down,30
2025-12-08 11:00:00,378.02346958368895,378.1,377.3,377.65,381.09543129184254,381.6289811806425,373.59779247461614,385.8736128274935,Down,16
2025-12-08 11:10:00,377.8367347918445,377.8367347918445,377.0,377.4,380.75948299258414,381.4631387814016,373.63562538531653,385.1531917088597,Down,41
2025-12-08 11:20:00,377.61836739592223,377.9,376.7,377.3,380.44498453871284,381.29987843703293,373.67208682426866,384.7680221026704,Down,38
2025-12-08 11:30:00,377.4591836979611,378.3,375.8,377.35,380.1636223079208,381.14498124342384,373.70868297527096,384.7482019115186,Down,130
2025-12-08 11:40:00,377.4045918489805,378.6,377.3,378.05,379.97147482538253,381.02360942995625,373.7518801595966,384.7482019115186,Down,126
2025-12-08 11:50:00,377.7272959244903,378.7,377.5,378.0750000000001,379.799068023075,380.907977687605,373.79489627741157,384.7482019115186,Down,47
2025-12-08 12:00:00,377.9011479622452,378.6,377.2,378.125,379.6468800209773,380.7988413076989,373.8379818865916,384.7482019115186,Down,19
2025-12-08 12:10:00,378.0130739811226,379.0,377.8,378.4,379.5335272917975,380.70476909955386,373.8833751016504,384.7482019115186,Down,85
2025-12-08 12:20:00,378.2065369905613,378.7,377.5,378.2000000000001,379.4122975379977,380.60654286035566,373.9263265931763,384.7482019115186,Down,43
2025-12-08 12:30:00,378.2032684952807,378.2032684952807,377.0,377.225,379.21345230727064,380.47393333642015,373.95914921413976,384.11600224809445,Down,50
2025-12-08 12:40:00,377.7141342476404,378.1,377.4,377.6,379.0667748247915,380.36123006832526,373.99537658514333,383.9903345458673,Down,16
2025-12-08 12:50:00,377.6570671238202,377.6570671238202,377.2,377.475,378.9220680225377,380.2480445754498,374.02999970369916,383.2677711940877,Down,24
2025-12-08 13:00:00,377.5660335619101,377.7,377.3,377.575,378.79960729321607,380.1432192979812,374.0652733384882,382.95385239288873,Down,7
2025-12-08 13:10:00,377.570516780955,377.7,377.0,377.375,378.6700975392873,380.03466167845255,374.0982059420854,382.56259308444436,Down,7
2025-12-08 13:20:00,377.4727583904775,377.4727583904775,377.0,377.1,378.5273613993521,379.91957690674855,374.12807453967656,382.1470123230891,Down,19
2025-12-08 13:30:00,377.28637919523874,377.3,376.4,376.8250000000001,378.3726012721383,379.79822094962117,374.1549096188838,381.6414846616821,Down,22
2025-12-08 13:40:00,377.0556895976194,377.0556895976194,376.5,376.7,378.2205466110348,379.6767220888517,374.180233901283,381.33580889038234,Down,10
2025-12-08 13:50:00,376.8778447988097,377.1,376.8,376.9500000000001,378.10504237366797,379.56979181085757,374.2077937629618,381.23905826506603,Down,8
2025-12-08 14:00:00,376.9139223994049,377.4,376.9139223994049,377.125,378.0159476124254,379.4739176221965,374.23682069069355,381.2328605681607,Down,8
2025-12-08 14:10:00,377.0194611997025,377.5,376.8,377.025,377.92586146584125,379.37788163701236,374.2645637683981,381.1099085167802,Down,28
2025-12-08 14:20:00,377.0222305998512,377.0222305998512,376.0,376.4,377.78714678712845,379.2611019649727,374.2858118901056,380.48375940608935,Down,33
2025-12-08 14:30:00,376.7111152999256,376.7111152999256,375.9,376.125,377.63604253375314,379.13811757418944,374.3041122693085,380.21200331008464,Down,63
2025-12-08 14:40:00,376.4180576499628,376.8,375.6,376.2000000000001,377.5054932125028,379.02289727716243,374.32297682384274,380.1876778728381,Down,32
2025-12-08 14:50:00,376.3090288249814,376.3090288249814,375.7,375.975,377.3663574659116,378.9033718937443,374.3394148653966,379.85114114233676,Down,10
2025-12-08 15:00:00,376.1420144124907,376.2,375.4,375.775,377.2216886053742,378.7806906430092,374.35369929459665,379.58784248167814,Down,26
2025-12-08 15:10:00,375.9585072062454,375.9585072062454,374.7,375.05,377.02426236852193,378.6343890491657,374.36062765982456,379.2303857523739,Down,82
2025-12-08 15:20:00,375.5042536031227,375.5042536031227,374.1,374.65,376.80842033501995,378.478138498218,374.36350698659254,378.85924824747076,Down,72
2025-12-08 15:30:00,375.07712680156135,375.07712680156135,374.0,374.55,376.6031093954727,378.32409385122907,374.3653626384673,378.6185380976297,Down,69
2025-12-08 15:40:00,374.8135634007807,374.8135634007807,374.4,374.55,376.4164630867934,378.1760901707887,374.36719982614426,378.4662362978097,Down,49
2025-12-08 15:50:00,374.6817817003903,375.7,374.4,375.1,376.29678462435766,378.05545918369893,374.37449137016273,378.4662362978097,Down,40
2025-12-08 16:00:00,374.8908908501951,375.7,374.5,375.1,376.1879860221433,377.93955882355385,374.3817103615044,378.4662362978097,Down,61
2025-12-08 16:10:00,374.9954454250976,375.1,374.5,374.8,376.06180547467574,377.816438869689,374.38587244745963,378.4662362978097,Down,28
2025-12-08 16:20:00,374.8977227125488,375.3,374.6,374.9500000000001,375.9607322497052,377.70402950225025,374.3914856569377,378.4662362978097,Down,44
2025-12-08 16:30:00,374.9238613562744,375.4,374.6,375.0,375.8733929542774,377.597989129613,374.39754052602285,378.4662362978097,Down,5
2025-12-08 16:40:00,374.9619306781372,375.4,374.0,374.7,375.7667208675249,377.4843424970791,374.4005500730276,378.4662362978097,Down,71
2025-12-08 16:50:00,374.8309653390686,374.8309653390686,373.8,373.9500000000001,375.6015644250226,377.34574083052706,374.3960669877238,378.2521748616629,Down,14
2025-12-08 17:00:00,374.3904826695343,374.3904826695343,373.9,374.0,375.4559676591115,377.2145353077613,374.3921260226719,377.9024097528966,Down,21
2025-12-08 17:10:00,374.1952413347672,374.3,373.8,374.025,375.3258796901013,377.0894554917707,374.3884730274214,377.6474258346631,Down,21
2025-12-08 17:20:00,374.1101206673836,374.6,373.9,374.1,375.21443608191026,376.97222194307386,374.38560264903913,377.6474258346631,Down,52
2025-12-08 17:30:00,374.10506033369177,374.2,372.5,373.625,375.0699418926457,376.8409583374631,374.3780344634766,377.17266597906047,Down,135
2025-12-08 17:40:00,373.8650301668459,373.8650301668459,371.5,372.875,374.870401720587,376.6854305595234,374.36307889667586,377.01767694324,Down,80
2025-12-08 17:50:00,373.3700150834229,373.3700150834229,370.0,371.325,374.54809247326085,376.47521759640483,374.33284925591295,376.85152380824445,Down,157
2025-12-08 18:00:00,372.3475075417115,372.3475075417115,369.9,370.32499999999993,374.1641749756917,376.23403259262426,374.2929701588392,376.7105894828717,Down,76
2025-12-08 18:10:00,371.3362537708557,371.3362537708557,368.7,369.6,373.74924997790157,375.97387445173706,374.2462739383532,376.0557061766626,Down,118
2025-12-08 18:20:00,370.4681268854279,370.5,369.5,369.95,373.4038636162741,375.7376440810807,374.2035249439418,375.8523448102134,Down,90
2025-12-08 18:30:00,370.209063442714,370.3,368.2,369.25,373.0262396511583,375.4832266661364,374.1542361385294,375.33394982746677,Down,104
2025-12-08 18:40:00,369.729531721357,370.5,368.2,369.3250000000001,372.68976331923477,375.2417275811899,374.1061840376485,375.33394982746677,Down,65
2025-12-08 18:50:00,369.52726586067854,370.6,368.8,369.9,372.4361484720316,375.032248068202,374.06433146015945,375.33394982746677,Down,77
2025-12-08 19:00:00,369.71363293033926,369.8,367.6,368.85,372.1101349745742,374.78980696748823,374.0124475650335,375.33394982746677,Down,137
2025-12-08 19:10:00,369.2818164651696,369.2818164651696,368.0,368.25,371.75921361324924,374.5333439491554,373.95510977831674,375.1920925188515,Down,124
2025-12-08 19:20:00,368.7659082325848,368.7659082325848,366.6,367.5,371.37201237568115,374.2575265393846,373.8908798302738,374.42617918838386,Down,121
2025-12-08 19:30:00,368.1329541162924,368.1329541162924,365.7,366.425,370.92228397789194,373.9503686358794,373.81659246877854,373.9313922568811,Down,143
2025-12-08 19:40:00,367.2789770581462,367.2789770581462,365.7,365.7,370.4475308889927,373.62682476780566,373.73583035466135,373.44085763997623,Down,60
2025-12-08 19:50:00,366.4894885290731,366.4894885290731,361.4,364.125,369.8727553536297,373.254204188676,373.64020020187866,372.11489383047507,Down,234
2025-12-08 20:00:00,365.30724426453656,365.30724426453656,363.3,364.15,369.3525048669361,372.8971765734338,373.5457703491237,372.11489383047507,Down,101
2025-12-08 20:10:00,364.7286221322682,366.6,364.0,364.85,368.9431862426692,372.5816010215344,373.459245271023,372.11489383047507,Down,267
2025-12-08 20:20:00,364.7893110661341,364.7893110661341,362.0,363.175,368.4188056751538,372.21271470696445,373.3569144723064,372.0321065261198,Down,231
2025-12-08 20:30:00,363.98215553306704,363.98215553306704,361.7,362.275,367.86027788650347,371.8230004047305,373.24664666661187,371.5231806813331,Down,115
2025-12-08 20:40:00,363.1285777665335,363.3,362.1,362.6,367.38207080591224,371.46131411434897,373.14070988385953,371.02918446799964,Down,52
2025-12-08 20:50:00,362.8642888832668,362.8642888832668,362.2,362.475,366.9359734599202,371.1089096392764,373.0345834173535,370.34568991554823,Down,31
2025-12-08 21:00:00,362.6696444416334,362.6696444416334,361.0,361.875,366.4758849635638,370.7467955357754,372.9235427863351,369.5451888122424,Down,92
2025-12-08 21:10:00,362.2723222208167,362.2723222208167,361.0,361.675,366.03944087596705,370.39103884809793,372.8116169874661,369.1082479101832,Down,74
2025-12-08 21:20:00,361.97366111040833,361.97366111040833,358.4,360.125,365.5017644326973,369.988449089349,372.6853819925659,368.2791498678752,Down,266
2025-12-08 21:30:00,361.04933055520416,361.2,358.7,359.65,364.9697858479066,369.5830197132961,372.55567669910755,368.21574482970095,Down,120
2025-12-08 21:40:00,360.34966527760207,360.34966527760207,358.1,359.125,364.43844167991506,369.17290129316683,372.4220381249871,367.5572062212936,Down,111
2025-12-08 21:50:00,359.73733263880104,359.73733263880104,356.3,357.875,363.8417651635591,368.7298463404937,372.2772914769773,366.8434905357759,Down,204
2025-12-08 22:00:00,358.8061663194005,358.8061663194005,356.0,357.0,363.21978651232644,368.2698523663567,372.12527862646016,366.4460747452781,Down,216
2025-12-08 22:10:00,357.90308315970026,358.8,355.6,356.925,362.647533193024,367.824956195127,371.97403207296304,366.4460747452781,Down,188
2025-12-08 22:20:00,357.41404157985016,357.9,355.5,356.65,362.1023029027491,367.38672261884756,371.8215541418888,366.104125277337,Down,113
2025-12-08 22:30:00,357.03202078992507,357.3,356.0,356.6,361.60209354795376,366.9637138886967,371.67009589172073,365.67193207030635,Down,53
2025-12-08 22:40:00,356.8160103949625,357.1,355.0,356.32500000000005,361.12235777086704,366.5465094224733,371.51740837041007,365.01539279118765,Down,125
2025-12-08 22:50:00,356.5705051974813,356.5705051974813,355.0,355.875,360.64532524624275,366.1280188568861,371.36176251597817,364.5067024807226,Down,60
2025-12-08 23:00:00,356.2227525987406,356.6,355.0,355.65,360.1912047693116,365.7171161566161,371.20542657054557,364.31040898362,Down,85
2025-12-08 23:10:00,355.9363762993703,356.5,354.5,355.3,359.74654979028327,365.30860179753313,371.04716361959487,363.9640081669273,Down,58
2025-12-08 23:20:00,355.6181881496851,356.5,354.0,355.55,359.3650452638939,364.9259115309632,370.8929629865641,363.8536437881157,Down,94
2025-12-08 23:30:00,355.5840940748426,358.5,355.5840940748426,356.975,359.1477684217217,364.6141110787686,370.75447579266796,363.8536437881157,Down,133
2025-12-08 23:40:00,356.2795470374213,358.0,356.2795470374213,357.125,358.9638803833834,364.3204204482287,370.618859118114,363.8536437881157,Down,72
2025-12-08 23:50:00,356.7022735187106,358.0,355.0,356.2,358.71261853034855,364.0019725875138,370.47538788310794,363.8536437881157,Down,92
2025-12-09 00:00:00,356.45113675935534,356.45113675935534,354.0,354.75,358.35238048213506,363.63915013310157,370.318916361883,363.8536437881157,Down,55
2025-12-09 09:00:00,355.60056837967767,355.60056837967767,348.0,349.75,357.57034589285007,363.09447757886227,370.1142505274364,362.82090819602666,Down,45
2025-12-09 09:10:00,352.67528418983886,352.67528418983886,348.5,349.025,356.79349626622735,362.5427333600834,369.9044072386062,362.1246763513952,Down,172
2025-12-09 09:20:00,350.8501420949194,350.8501420949194,348.0,348.6,356.04863296929756,361.99595950282526,369.6924230869783,360.94969931513566,Down,150
2025-12-09 09:30:00,349.7250710474597,349.7250710474597,347.0,347.54999999999995,355.2760299720886,361.4294512870282,369.4721004691974,359.8304052388752,Down,123
2025-12-09 09:40:00,348.63753552372987,348.63753552372987,346.8,347.175,354.53957270189875,360.87045319734085,369.2502387729865,358.81229860244423,Down,109
2025-12-09 09:50:00,347.9062677618649,347.9062677618649,347.1,347.525,353.90188427445344,360.34710209156276,369.03406724290704,357.8813501948645,Down,54
2025-12-09 10:00:00,347.71563388093244,348.5,347.2,347.7,353.3380766131395,359.85113730365833,368.8217879668582,357.7574693763019,Down,100
2025-12-09 10:10:00,347.7078169404662,347.7078169404662,346.8,347.025,352.7641605573995,359.3481515270443,368.6049045045014,356.59081406340437,Down,61
2025-12-09 10:20:00,347.36640847023307,348.0,346.6,347.35,352.27196414309043,358.8776357808857,368.3934129173919,356.2971869028829,Down,39
2025-12-09 10:30:00,347.35820423511655,348.5,347.35820423511655,347.975,351.8813310391731,358.45008143653723,368.1902446296567,356.2971869028829,Down,38
2025-12-09 10:40:00,347.6666021175583,349.5,347.6666021175583,348.6,351.58302821743007,358.06380373314363,367.9953168223965,356.2971869028829,Down,54
2025-12-09 10:50:00,348.1333010587791,349.5,348.1333010587791,349.20000000000005,351.3663892885728,357.71620358674585,367.80829874456174,356.2971869028829,Down,37
2025-12-09 11:00:00,348.6666505293896,348.9,348.2,348.675,351.1217175350662,357.36164658334405,367.61791766252634,356.2971869028829,Down,32
2025-12-09 11:10:00,348.6708252646948,348.8,347.1,347.975,350.8356523046056,356.9935427957619,367.4224657454863,355.68255196099886,Down,50
2025-12-09 11:20:00,348.3229126323474,348.3229126323474,346.2,347.02500000000003,350.48922936782327,356.6026195488693,367.21950588732227,355.06301723793536,Down,83
2025-12-09 11:30:00,347.67395631617376,348.0,346.7,347.35,350.2038448798393,356.2397717234235,367.02179936108024,354.9150553834197,Down,82
2025-12-09 11:40:00,347.5119781580869,348.0,346.4,347.3,349.9398589816721,355.889192440152,366.8255625515173,354.65914125765426,Down,35
2025-12-09 11:50:00,347.4059890790435,347.5,346.5,346.85,349.65896271061104,355.5347143052441,366.6268007350843,354.1446738705948,Down,53
2025-12-09 12:00:00,347.1279945395217,347.5,345.3,346.35,349.3581479187373,355.17452943052865,366.42504152378996,353.69515806417706,Down,134
2025-12-09 12:10:00,346.7389972697609,346.9,345.9,346.225,349.0733162897612,354.82356749207656,366.2240460857423,353.39559824016095,Down,64
2025-12-09 12:20:00,346.4819986348805,346.4819986348805,346.0,346.125,348.80528753614647,354.48244719826965,366.0240555774265,352.7759063120886,Down,22
2025-12-09 12:30:00,346.30349931744024,346.6,346.0,346.3,348.5775341237695,354.16156691598457,365.8277963179496,352.4590063587712,Down,20
2025-12-09 12:40:00,346.3017496587201,346.7,346.0,346.32500000000005,348.37275829433594,353.8542505663381,365.63373864314417,352.2036421443375,Down,12
2025-12-09 12:50:00,346.3133748293601,346.4,345.5,346.1,348.1661439039417,353.5501623088347,365.4393730845059,351.5987655857613,Down,31
2025-12-09 13:00:00,346.20668741468006,346.5,346.1,346.375,348.003312639947,353.2687833947627,365.2496778299338,351.5806959870558,Down,15
2025-12-09 13:10:00,346.29084370734006,346.5,345.8,346.15,347.8348296726791,352.98961541849746,365.0596312843623,351.20517817005066,Down,15
2025-12-09 13:20:00,346.22042185367,346.22042185367,345.0,345.42499999999995,347.6157542478901,352.69296383345835,364.8642618188463,350.6496172100338,Down,33
2025-12-09 13:30:00,345.822710926835,346.0,345.0,345.45,347.4188674980819,352.40892603606784,364.6710850843304,350.444914802908,Down,50
2025-12-09 13:40:00,345.6363554634175,346.8,345.5,346.2,347.30806136189267,352.16543874053576,364.48729319294404,350.444914802908,Down,58
2025-12-09 13:50:00,345.91817773170874,347.0,345.91817773170874,346.7,347.252783056266,351.9511078095344,364.3103052009745,350.444914802908,Down,33
2025-12-09 14:00:00,346.3090888658544,347.1,346.3090888658544,346.9,347.2207118693328,351.753025150337,364.1370683333031,350.444914802908,Down,25
2025-12-09 14:10:00,346.6045444329272,347.7,346.6045444329272,347.15,347.21428351757527,351.57251436012774,363.9680427777479,350.444914802908,Down,33
2025-12-09 14:20:00,346.87727221646355,347.1,346.2,346.75,347.1720759250684,351.3833961499267,363.7967189690141,350.444914802908,Down,18
2025-12-09 14:30:00,346.8136361082318,347.1,345.9,346.6,347.12006902278944,351.19581198718447,363.62560733748165,350.444914802908,Down,29
2025-12-09 14:40:00,346.70681805411584,347.5,346.70681805411584,347.15,347.1227900207177,351.0371526935694,363.4616709460639,350.444914802908,Down,8
2025-12-09 14:50:00,346.9284090270579,350.0,346.9284090270579,348.725,347.2684454733797,350.9464800389196,363.315037404312,350.444914802908,Down,87
2025-12-09 15:00:00,347.82670451352897,350.0,347.82670451352897,349.125,347.4372231576179,350.8750494491581,363.17384300227906,350.444914802908,Down,93
2025-12-09 15:10:00,348.4758522567645,348.5,347.1,347.95,347.48383923419806,350.7603416276225,363.0223619773808,350.444914802908,Down,26
2025-12-09 15:20:00,348.21292612838226,348.5,347.4,348.0,347.53076294018,350.6520929363432,362.8728857387999,350.444914802908,Down,59
2025-12-09 15:30:00,348.10646306419113,348.9,348.0,348.54999999999995,347.6234208547091,350.5696579192317,362.73036946279194,350.444914802908,Down,41
2025-12-09 15:40:00,348.3282315320955,349.6,348.3282315320955,349.1,347.7576553224628,350.51202427534025,362.594743895998,350.444914802908,Down,33
2025-12-09 15:50:00,348.71411576604777,349.8,348.71411576604777,349.225,347.891050293148,350.46155273513085,362.4617116184259,350.444914802908,Down,23
2025-12-09 16:00:00,348.96955788302387,349.1,346.5,347.975,347.89868208468,350.3640408631649,362.317565234163,350.444914802908,Down,69
2025-12-09 16:10:00,348.47227894151195,348.47227894151195,347.2,347.425,347.8556200769818,350.2487843587271,362.1693805054649,350.444914802908,Down,17
2025-12-09 16:20:00,347.948639470756,347.948639470756,347.1,347.3,347.8051091608925,350.1331457564241,362.0214264705847,350.444914802908,Down,13
2025-12-09 16:30:00,347.624319735378,347.624319735378,346.6,346.9,347.7228265099023,350.00635572676043,361.8709645156535,350.444914802908,Down,33
2025-12-09 16:40:00,347.262159867689,347.262159867689,346.6,346.77500000000003,347.6366604635475,349.8796358943385,361.72075591350773,350.444914802908,Down,19
2025-12-09 16:50:00,347.01857993384453,347.01857993384453,346.2,346.525,347.5356004214068,349.7480815455409,361.56955436212957,350.444914802908,Down,8
2025-12-09 17:00:00,346.77178996692226,346.77178996692226,346.3,346.525,347.4437276558244,349.6216861908138,361.4198573038,350.444914802908,Down,14
2025-12-09 17:10:00,346.6483949834611,346.7,345.6,346.175,347.3283887780222,349.48652202646815,361.2681671813741,350.444914802908,Down,38
2025-12-09 17:20:00,346.4116974917306,346.4116974917306,345.5,345.70000000000005,347.18035343456563,349.33803096660665,361.1132600452411,350.444914802908,Down,46
2025-12-09 17:30:00,346.0558487458653,346.0558487458653,344.7,345.475,347.02532130415057,349.1865395561515,360.95765546767655,350.05295233887887,Down,92
2025-12-09 17:40:00,345.76542437293267,345.76542437293267,345.0,345.45000000000005,346.88211027650055,349.04000859316517,360.80335043814745,349.9110737456657,Down,21
2025-12-09 17:50:00,345.6077121864664,345.6077121864664,344.9,345.025,346.713282069546,348.8825572757861,360.6463519263251,349.6278983057659,Down,36
2025-12-09 18:00:00,345.31635609323314,345.31635609323314,343.4,344.32500000000005,346.4961655177691,348.70382953948075,360.4839504146204,349.0314368191856,Down,126
2025-12-09 18:10:00,344.8206780466166,344.8206780466166,341.6,342.85,346.16469592524464,348.474267596756,360.3084882214401,348.62991174259525,Down,237
2025-12-09 18:20:00,343.8353390233083,344.2,340.8,342.65,345.8451781138587,348.24586494590284,360.132781870978,348.62991174259525,Down,245
2025-12-09 18:30:00,343.2426695116541,344.9,342.2,343.525,345.63425283078067,348.06073298724004,359.9675303100728,348.62991174259525,Down,197
2025-12-09 18:40:00,343.383834755827,344.2,343.0,343.525,345.44250257343697,347.8828611053875,359.80392304330593,348.62991174259525,Down,70
2025-12-09 18:50:00,343.4544173779135,345.6,343.4544173779135,344.275,345.3363659758518,347.74137635615665,359.6494063961089,348.62991174259525,Down,137
2025-12-09 19:00:00,343.86470868895674,345.2,343.6,344.42500000000007,345.2535145235016,347.6113223814054,359.49791976530184,348.62991174259525,Down,36
2025-12-09 19:10:00,344.1448543444784,344.6,343.5,344.075,345.146376839547,347.4726430723307,359.3444578770899,348.62991174259525,Down,105
2025-12-09 19:20:00,344.1099271722392,344.1099271722392,342.0,343.075,344.9580698541336,347.3001864812589,359.182572724084,348.62991174259525,Down,63
2025-12-09 19:30:00,343.5924635861196,343.5924635861196,341.2,342.1,344.6982453219397,347.0962575996409,359.0125968760832,348.62991174259525,Down,106
2025-12-09 19:40:00,342.8462317930598,342.8462317930598,340.1,341.025,344.3643139290361,346.8581690663217,358.8336158126396,348.62991174259525,Down,132
2025-12-09 19:50:00,341.9356158965299,341.9356158965299,340.2,340.85,344.04483084457826,346.62255459313263,358.6546743617676,348.27287269412193,Down,56
2025-12-09 20:00:00,341.39280794826493,342.3,341.2,341.6,343.82257349507114,346.42559166791176,358.4849761094117,348.27287269412193,Down,58
2025-12-09 20:10:00,341.4964039741325,343.3,341.0,342.225,343.6773395409738,346.26086258289564,358.3231853023529,348.27287269412193,Down,74
2025-12-09 20:20:00,341.86070198706625,343.8,341.86070198706625,343.325,343.6453086736125,346.1457307168997,358.1739496277026,348.27287269412193,Down,60
2025-12-09 20:30:00,342.59285099353315,343.8,341.4,342.6,343.55028061237493,346.0066824534919,358.01898495479014,348.27287269412193,Down,64
2025-12-09 20:40:00,342.5964254967666,342.5964254967666,341.1,341.8,343.3911641930681,345.84171451413926,357.8576020199166,348.27287269412193,Down,42
2025-12-09 20:50:00,342.1982127483833,343.4,342.0,342.7,343.3283310846074,345.7185100233887,357.7067801092707,348.27287269412193,Down,39
2025-12-09 21:00:00,342.4491063741916,343.5,342.0,342.675,343.2689373496431,345.59915668913817,357.55721015793466,348.27287269412193,Down,38
2025-12-09 21:10:00,342.5620531870958,344.2,342.0,343.05,343.24903395422103,345.4991897601524,357.4128598081045,348.27287269412193,Down,63
2025-12-09 21:20:00,342.8060265935479,344.0,342.7,343.4,343.26275814020096,345.41686859308754,357.27342836722784,348.27287269412193,Down,33
2025-12-09 21:30:00,343.10301329677395,344.8,342.8,343.725,343.3047801274554,345.3505208051234,357.1386181347181,348.27287269412193,Down,127
2025-12-09 21:40:00,343.414006648387,345.5,342.8,343.95,343.36343647950486,345.29559842060877,357.0073881035269,348.27287269412193,Down,125
2025-12-09 21:50:00,343.6820033241935,344.2,342.3,343.4,343.36676043591353,345.2212612276437,356.8719912069744,348.27287269412193,Down,58
2025-12-09 22:00:00,343.54100166209673,344.8,343.0,343.85,343.4106913053759,345.16748627754004,356.74241915516376,348.27287269412193,Down,29
2025-12-09 22:10:00,343.6955008310484,343.6955008310484,343.3,343.375,343.4074466412508,345.09719269802866,356.6094100093413,348.27287269412193,Down,18
2025-12-09 22:20:00,343.53525041552416,343.53525041552416,342.1,342.875,343.35904240113706,345.0100478863413,356.47274921322844,348.27287269412193,Down,34
2025-12-09 22:30:00,343.2051252077621,343.6,342.3,342.825,343.3104930919428,344.9243597339358,356.3369507135943,348.27287269412193,Down,36
2025-12-09 22:40:00,343.015062603881,343.5,342.0,342.67499999999995,343.2527209926753,344.83614954829125,356.20101090549883,348.27287269412193,Down,78
2025-12-09 22:50:00,342.8450313019405,342.8450313019405,341.8,342.15,343.1524736297048,344.7308103503191,356.0611998517128,348.27287269412193,Down,60
2025-12-09 23:00:00,342.49751565097023,342.49751565097023,340.5,341.5,343.0022487542771,344.6041119052085,355.91631229099926,348.0970868054661,Down,61
2025-12-09 23:10:00,341.9987578254851,341.9987578254851,340.4,340.975,342.8179534129792,344.4617937912788,355.7676425169595,347.77922628562897,Down,45
2025-12-09 23:20:00,341.4868789127425,341.4868789127425,340.0,340.325,342.59132128452654,344.29956658377773,355.6139843824624,347.26580212726526,Down,105
2025-12-09 23:30:00,340.90593945637124,341.4,339.6,340.375,342.38983753138774,344.14566201186494,355.4623526970648,347.0839660644491,Down,89
2025-12-09 23:40:00,340.6404697281856,340.9,339.4,340.225,342.1930341194434,343.9919105604192,355.3107372473428,346.6808782404083,Down,58
2025-12-09 23:50:00,340.4327348640928,340.6,339.1,339.75,341.9709401085849,343.8255611266773,355.1559040409016,346.33261658218936,Down,107
2025-12-10 00:00:00,340.0913674320464,340.0913674320464,339.2,339.5,341.74630918962265,343.6559312785723,355.00012390119116,345.86310512966674,Down,94
2025-12-10 09:00:00,339.7956837160232,339.7956837160232,336.2,337.6,341.36937199056604,343.41844377745184,354.8269883399853,344.95756449442325,Down,51
2025-12-10 09:10:00,338.6978418580116,338.6978418580116,336.0,337.025,340.97442908233273,343.16772049206156,354.64985412764713,344.6569749104751,Down,240
2025-12-10 09:20:00,337.8614209290058,337.8614209290058,335.4,336.125,340.5335718930298,342.89153537472583,354.4655272209044,344.16945805820444,Down,171
2025-12-10 09:30:00,336.9932104645029,337.0,336.0,336.325,340.15097444820884,342.63402418356014,354.28502446248746,343.71704326700143,Down,116
2025-12-10 09:40:00,336.6591052322515,336.6591052322515,336.0,336.2,339.79179495291714,342.38170950969504,354.1050739703234,343.1301756705821,Down,66
2025-12-10 09:50:00,336.42955261612576,336.42955261612576,335.5,335.85,339.4334499571974,342.1255640387266,353.92343144325554,342.4851800361599,Down,75
2025-12-10 10:00:00,336.1397763080629,336.1397763080629,335.0,335.375,339.06449996108853,341.8608360372079,353.7388699363575,341.91199201886974,Down,114
2025-12-10 10:10:00,335.75738815403145,335.8,335.0,335.425,338.7336363282623,341.60845031025855,353.5566423748017,341.4564580589439,Down,48
2025-12-10 10:20:00,335.59119407701576,335.7,334.5,335.15,338.40785120751116,341.3551777490719,353.37349170440564,341.04223459903994,Down,167
2025-12-10 10:30:00,335.37059703850787,335.9,334.6,335.2,338.1162283704647,341.11379822950045,353.19266094117773,341.04223459903994,Down,103
2025-12-10 10:40:00,335.285298519254,335.7,335.0,335.275,337.8579348822406,340.8848257499122,353.01437575768347,340.9452352058181,Down,55
2025-12-10 10:50:00,335.28014925962697,335.5,335.0,335.275,337.62312262021874,340.66483258324894,352.8378645561145,340.51839564165283,Down,26
2025-12-10 11:00:00,335.27757462981344,335.4,334.8,335.125,337.39602056383524,340.44758424665093,352.66161714759596,340.10763240150254,Down,21
2025-12-10 11:10:00,335.2012873149067,335.3,334.5,334.8,337.16001869439566,340.2261103546254,352.4838896137891,339.7433021831841,Down,27
2025-12-10 11:20:00,335.00064365745334,335.00064365745334,334.0,334.375,336.9068351767233,339.9966550466009,352.30370165743295,339.26719423433167,Down,83
2025-12-10 11:30:00,334.68782182872667,334.68782182872667,333.3,333.82500000000005,336.62666834247574,339.75462935849896,352.11983397924956,338.8320937662685,Down,93
2025-12-10 11:40:00,334.25641091436336,334.9,333.8,334.25,336.4106075840688,339.53876154051864,351.94202468592374,338.8320937662685,Down,88
2025-12-10 11:50:00,334.2532054571817,334.5,334.0,334.375,336.2255523491535,339.3362610879493,351.7672284203922,338.79395277016954,Down,33
2025-12-10 12:00:00,334.31410272859085,334.5,334.0,334.25,336.0459566810486,339.1367998688141,351.59292764008984,338.56268433651775,Down,10
2025-12-10 12:10:00,334.2820513642954,334.3,333.6,333.975,335.8576878918624,338.9343763445469,351.4176248775019,338.1251675786525,Down,31
2025-12-10 12:20:00,334.1285256821477,334.4,333.9,334.04999999999995,335.6933526289658,338.7428321741725,351.2448126896661,338.1251675786525,Down,29
2025-12-10 12:30:00,334.08926284107383,334.5,333.9,334.075,335.54622966269613,338.5597799320481,351.0739687823063,338.03402279227475,Down,34
2025-12-10 12:40:00,334.08213142053694,336.0,334.0,335.0,335.49657242063284,338.42018071902663,350.9140287944226,338.03402279227475,Down,80
2025-12-10 12:50:00,334.54106571026847,336.4,334.54106571026847,336.0,335.54233856421166,338.3252716712217,350.76563049796073,338.03402279227475,Down,77
2025-12-10 13:00:00,335.2705328551342,336.2,335.2705328551342,336.0,335.58394414928335,338.23408454686006,350.61870880146364,338.03402279227475,Down,43
2025-12-10 13:10:00,335.6352664275671,335.8,335.2,335.575,335.58313104480305,338.129806721493,350.46902015667297,338.03402279227475,Down,27
2025-12-10 13:20:00,335.6051332137836,335.8,335.3,335.575,335.5823918589119,338.02961822261096,350.32082095113395,338.03402279227475,Down,14
2025-12-10 13:30:00,335.5900666068918,336.1,335.5900666068918,335.75,335.59762896264715,337.94022142956743,350.17583765808786,338.03402279227475,Down,14
2025-12-10 13:40:00,335.6700333034459,335.6700333034459,335.2,335.40000000000003,335.5796626933156,337.84060490291773,350.0288143978084,338.03402279227475,Down,18
2025-12-10 13:50:00,335.53501665172297,335.53501665172297,334.7,335.0,335.52696608483234,337.7292086322151,349.8792739560391,338.03402279227475,Down,51
2025-12-10 14:00:00,335.2675083258615,335.2675083258615,334.5,334.725,335.4540600771203,337.61139652899095,349.72848516045667,338.03402279227475,Down,16
2025-12-10 14:10:00,334.9962541629308,334.9962541629308,334.3,334.575,335.3741455246548,337.49232215530503,349.5777042135865,338.03402279227475,Down,12
2025-12-10 14:20:00,334.7856270814653,335.0,334.4,334.725,335.31513229514076,337.3837997178421,349.42991611195885,338.03402279227475,Down,8
2025-12-10 14:30:00,334.7553135407327,335.0,334.4,334.7,335.2592111774007,337.2785526700836,349.28334978248665,338.03402279227475,Down,18
2025-12-10 14:40:00,334.7276567703664,335.2,334.4,334.79999999999995,335.21746470672787,337.18135452615877,349.13923684932763,338.03402279227475,Down,7
2025-12-10 14:50:00,334.7638283851832,335.2,334.7638283851832,335.04999999999995,335.20224064247986,337.0977719957212,348.99904543789154,338.03402279227475,Down,12
2025-12-10 15:00:00,334.9069141925916,334.9069141925916,334.2,334.55,335.14294603861805,336.997859368438,348.85527384149464,337.7898408354082,Down,16
2025-12-10 15:10:00,334.72845709629576,334.8,334.2,334.5,335.0844963987437,336.8999040990875,348.7124352958082,337.6603488537386,Down,6
2025-12-10 15:20:00,334.6142285481479,334.8,334.4,334.7,335.0495421806761,336.8136333501037,348.5730080789345,337.61849895794415,Down,13
2025-12-10 15:30:00,334.65711427407393,334.8,334.4,334.6,335.00867470970553,336.7268241991193,348.4339731726764,337.489544507222,Down,6
2025-12-10 15:40:00,334.628557137037,335.0,334.4,334.625,334.9737951906414,336.64439972072245,348.29657045454036,337.489544507222,Down,25
2025-12-10 15:50:00,334.6267785685185,334.9,334.6267785685185,334.75,334.95345017331033,336.5701095355961,348.161778708724,337.44978970345096,Down,14
2025-12-10 16:00:00,334.68838928425924,334.7,334.0,334.35,334.89859106664574,336.4830464165531,348.02434807480637,337.0649094719925,Down,34
2025-12-10 16:10:00,334.5191946421296,334.5191946421296,334.0,334.15,334.8305373333143,336.39155440021773,347.8862948601317,336.91649489274147,Down,19
2025-12-10 16:20:00,334.3345973210648,334.8,333.1,333.82500000000005,334.73912484846755,336.2909052080523,347.7463814784389,336.91649489274147,Down,76
2025-12-10 16:30:00,334.07979866053245,334.07979866053245,333.0,333.27500000000003,334.606022589516,336.1726344155797,347.6023876328823,336.6903199768042,Down,74
2025-12-10 16:40:00,333.6773993302662,333.6773993302662,332.2,332.85,334.44638417228725,336.04233502673344,347.455597706187,336.3399545548098,Down,124
2025-12-10 16:50:00,333.2636996651331,333.2636996651331,331.9,332.3,334.25125833844294,335.8955767903909,347.3047957389613,336.16979051959385,Down,109
2025-12-10 17:00:00,332.78184983256654,332.78184983256654,330.9,331.8,334.0284166713118,335.7349659358658,347.1505191644443,335.78699820724137,Down,107
2025-12-10 17:10:00,332.2909249162833,332.2909249162833,330.0,330.82500000000005,333.73719697391977,335.54241825210636,346.98807618768365,335.5658654194793,Down,122
2025-12-10 17:20:00,331.5579624581417,331.5579624581417,330.1,330.425,333.4360881581089,335.3417351833963,346.823269459448,335.3776975423384,Down,71
2025-12-10 17:30:00,330.9914812290708,330.9914812290708,330.0,330.375,333.1578074164626,335.14696125463564,346.6596050867172,334.9914758917135,Down,150
2025-12-10 17:40:00,330.6832406145354,331.8,329.9,330.875,332.95027946951143,334.979433362297,346.50254433958565,334.9914758917135,Down,156
2025-12-10 17:50:00,330.7791203072677,332.0,330.7791203072677,331.65,332.83207224501035,334.8488673480893,346.354757828744,334.9914758917135,Down,81
2025-12-10 18:00:00,331.21456015363384,332.8,331.21456015363384,331.975,332.754156586373,334.73616666777207,346.21167566129384,334.9914758917135,Down,84
2025-12-10 18:10:00,331.59478007681696,332.5,330.3,331.225,332.6151423512482,334.59847385727124,346.06255451043523,334.9914758917135,Down,80
2025-12-10 18:20:00,331.4098900384085,332.6,329.8,331.375,332.50240213749834,334.4720631177704,345.9164096894359,334.9914758917135,Down,147
2025-12-10 18:30:00,331.3924450192043,333.3,331.3924450192043,332.625,332.51354739772574,334.3996292700147,345.78415685670524,334.9914758917135,Down,93
2025-12-10 18:40:00,332.00872250960214,332.6,331.3,331.875,332.45549763429614,334.3006242006024,345.64575728599175,334.9914758917135,Down,63
2025-12-10 18:50:00,331.9418612548011,332.2,330.9,331.375,332.35727057663286,334.18589383979446,345.50375970105654,334.9914758917135,Down,43
2025-12-10 19:00:00,331.6584306274005,333.0,331.0,331.925,332.31797325148443,334.0972313362731,345.3686476642301,334.9914758917135,Down,125
2025-12-10 19:10:00,331.79171531370025,333.5,331.4,332.575,332.3413393195313,334.03753598975266,345.24134768747155,334.9914758917135,Down,168
2025-12-10 19:20:00,332.1833576568501,334.0,332.0,333.2,332.4193993813921,334.0046914411349,345.1215332826211,334.9914758917135,Down,55
2025-12-10 19:30:00,332.6916788284251,339.7,332.6916788284251,336.625,332.8017267103565,334.1074486395218,345.0369906628935,327.8055047142009,Up,478
2025-12-10 19:40:00,334.6583394142125,340.5,334.6583394142125,338.45,333.3152061003241,334.27774477130527,344.97144846724285,327.827352494082,Up,313
2025-12-10 19:50:00,336.55416970710627,339.5,336.0,338.0,333.7410964548401,334.42371556458744,344.9020808208026,327.827352494082,Up,184
2025-12-10 20:00:00,337.2770848535531,339.9,337.2770848535531,339.275,334.2441785953091,334.613962013035,344.84608996686427,328.41837723879235,Up,203
2025-12-10 20:10:00,338.27604242677654,340.0,337.7,338.9,334.6674350866446,334.7820419340925,344.78692489256713,328.7680316472871,Up,79
2025-12-10 20:20:00,338.5880212133883,338.5880212133883,336.5,337.75,334.947668260586,334.898432446481,344.71690573940725,328.7680316472871,Up,138
2025-12-10 20:30:00,338.16901060669414,338.16901060669414,336.1,337.0,335.13424387326,334.9808468603445,344.6401206076719,328.7680316472871,Up,37
2025-12-10 20:40:00,337.5845053033471,337.7,336.5,337.15,335.3174944302363,335.0659116893506,344.5655920444115,328.7680316472871,Up,16
2025-12-10 20:50:00,337.36725265167354,337.7,335.0,336.575,335.43181311839663,335.1250916231016,344.4860836658602,328.7680316472871,Up,64
2025-12-10 21:00:00,336.97112632583674,336.97112632583674,335.3,335.925,335.4766482894515,335.15646057905843,344.4008987537621,328.7680316472871,Up,47
2025-12-10 21:10:00,336.4480631629184,337.0,336.0,336.35,335.55604389950133,335.20326604654633,344.320790308451,328.7680316472871,Up,41
2025-12-10 21:20:00,336.3990315814592,337.4,336.0,336.625,335.6532217268194,335.2590203192308,344.24421528050624,328.7680316472871,Up,40
2025-12-10 21:30:00,336.5120157907296,339.2,336.5120157907296,338.275,335.89156520619946,335.37729403220214,344.1848201035858,329.1187290240614,Up,102
2025-12-10 21:40:00,337.3935078953648,339.0,336.3,338.0,336.08324109654495,335.48014524662557,344.1232796050427,329.1187290240614,Up,379
2025-12-10 21:50:00,337.6967539476824,338.0,337.0,337.45,336.20749190594995,335.55739445264027,344.05687881295273,329.1187290240614,Up,224
2025-12-10 22:00:00,337.5733769738412,338.2,335.9,336.875,336.2681744599545,335.6090652584191,343.98541733222686,329.1187290240614,Up,126
2025-12-10 22:10:00,337.2241884869206,337.2241884869206,335.0,335.92499999999995,336.23697678177683,335.6214548561282,343.9052141746923,329.1187290240614,Up,65
2025-12-10 22:20:00,336.5745942434603,336.5745942434603,335.1,335.65,336.18361525616075,335.62257427353495,343.8230727401182,329.1187290240614,Up,30
2025-12-10 22:30:00,336.11229712173014,336.11229712173014,335.0,335.4,336.1123775056007,335.61384587065123,343.7392610710623,329.1187290240614,Up,81
2025-12-10 22:40:00,335.7561485608651,336.6,335.0,335.8,336.08397955054613,335.6211460325865,343.66026344846466,329.1187290240614,Up,45
2025-12-10 22:50:00,335.7780742804325,337.1,335.7780742804325,336.5,336.12179959140553,335.6556108940537,343.5890170459924,329.1187290240614,Up,49
2025-12-10 23:00:00,336.13903714021626,336.8,336.0,336.425,336.1493632649141,335.6857830158555,343.517733294291,329.1967292593568,Up,36
2025-12-10 23:10:00,336.2820185701081,337.5,336.2820185701081,336.975,336.22442114992185,335.7363405446455,343.4526314704672,329.8996790008723,Up,37
2025-12-10 23:20:00,336.62850928505407,339.0,336.62850928505407,338.0,336.38583740901987,335.825111503679,343.39837643096007,330.5961395787451,Up,78
2025-12-10 23:30:00,337.31425464252703,339.9,337.31425464252703,339.275,336.6484885536544,335.9604012486328,343.3573478097565,331.10493349692615,Up,100
2025-12-10 23:40:00,338.29462732126353,340.6,338.29462732126353,340.0,336.9531714124131,336.1188168859413,343.32394136388825,331.7888201189663,Up,92
2025-12-10 23:50:00,339.14731366063177,340.7,338.3,339.475,337.1824285567392,336.2504319100221,343.2856434398695,331.7888201189663,Up,138
2025-12-11 00:00:00,339.3111568303159,339.3111568303159,337.3,338.04999999999995,337.2612986879447,336.3210032076683,343.23354748524395,331.7888201189663,Up,72
2025-12-11 09:00:00,338.6805784151579,338.6805784151579,335.1,336.225,337.16708971631334,336.31723837599503,343.163810694346,331.7888201189663,Up,30
2025-12-11 09:10:00,337.452789207579,337.452789207579,335.5,335.725,337.0359906511939,336.2940133416423,343.08979267748686,331.7888201189663,Up,66
2025-12-11 09:20:00,336.5888946037895,336.5888946037895,335.6,335.75,336.91908241017626,336.27267948510735,343.0167599145268,331.7888201189663,Up,46
2025-12-11 09:30:00,336.1694473018948,336.3,335.6,335.95000000000005,336.83098400925115,336.2600253876522,342.9464438954768,331.7888201189663,Up,29
2025-12-11 09:40:00,336.0597236509474,336.4,335.3,335.975,336.7531672811374,336.2488479214698,342.8770762945268,331.7888201189663,Up,70
2025-12-11 09:50:00,336.0173618254737,336.0173618254737,335.2,335.55,336.64378843739763,336.2214421206279,342.80417006274047,331.7888201189663,Up,34
2025-12-11 10:00:00,335.7836809127368,335.7836809127368,335.0,335.3,336.5216258521797,336.18530713550524,342.72950170390726,331.7888201189663,Up,27
2025-12-11 10:10:00,335.5418404563684,338.8,335.3,336.825,336.54920532016337,336.2103931301913,342.67075044317187,331.7888201189663,Up,95
2025-12-11 10:20:00,336.1834202281842,338.9,336.1834202281842,338.025,336.68336847287577,336.2815541839093,342.624524070603,331.7888201189663,Up,56
2025-12-11 10:30:00,337.1042101140921,338.4,337.1042101140921,337.825,336.78715315715976,336.34208147081483,342.57676761218903,331.7888201189663,Up,18
2025-12-11 10:40:00,337.464605057046,337.7,337.2,337.5,336.85195741559977,336.38749004058684,342.52625251157025,331.7888201189663,Up,25
2025-12-11 10:50:00,337.482302528523,338.0,337.482302528523,337.725,336.9313249232725,336.4399414115442,342.47847885473874,331.7888201189663,Up,16
2025-12-11 11:00:00,337.60365126426154,338.0,337.6,337.8,337.01029538479315,336.49327704246406,342.43192682633344,331.7888201189663,Up,12
2025-12-11 11:10:00,337.70182563213075,338.4,337.70182563213075,338.125,337.1116321679938,336.5572661780537,342.3890718330366,332.3188078050903,Up,27
2025-12-11 11:20:00,337.9134128160654,338.1,335.5,336.925,337.0946656072671,336.5716871122476,342.3347029590761,332.3188078050903,Up,87
2025-12-11 11:30:00,337.41920640803266,337.41920640803266,335.9,336.225,337.0156050975155,336.5580915392183,342.27390989480665,332.3188078050903,Up,110
2025-12-11 11:40:00,336.82210320401634,336.82210320401634,335.4,335.9,336.91418645228686,336.5322840278764,342.2104879058036,332.3188078050903,Up,57
2025-12-11 11:50:00,336.36105160200816,336.36105160200816,334.6,335.05,336.74471495662436,336.4741552424695,342.139239269925,332.3188078050903,Up,127
2025-12-11 12:00:00,335.7055258010041,335.7055258010041,334.6,335.1,336.59519541511304,336.42026680158835,342.0691970881347,332.3188078050903,Up,25
2025-12-11 12:10:00,335.40276290050207,335.7,335.1,335.525,336.49790492283,336.3851582995653,342.004080699198,332.3188078050903,Up,16
2025-12-11 12:20:00,335.46388145025105,335.9,335.46388145025105,335.7,336.4253681116636,336.35828934664124,341.94135352806177,332.3188078050903,Up,6
2025-12-11 12:30:00,335.5819407251255,336.0,335.5819407251255,335.70000000000005,336.3594255560578,336.33247407814554,341.8792505078821,332.3188078050903,Up,9
2025-12-11 12:40:00,335.6409703625628,336.4,335.1,335.85,336.3131141418707,336.3135535260614,341.81925796551513,332.3188078050903,Up,44
2025-12-11 12:50:00,335.7454851812814,336.3,335.5,336.075,336.29146740170063,336.30419848582375,341.7621011698384,332.3188078050903,Up,20
2025-12-11 13:00:00,335.9102425906407,336.5,335.9102425906407,336.20000000000005,336.2831521833642,336.30011227069343,341.70675687959124,332.3188078050903,Up,10
2025-12-11 13:10:00,336.0551212953204,336.1,335.5,335.8,336.2392292576038,336.2805000247839,341.6479831792968,332.3188078050903,Up,18
2025-12-11 13:20:00,335.9275606476602,335.9275606476602,334.8,335.17499999999995,336.1424811432762,336.23714708263554,341.58357538646794,332.3188078050903,Up,56
2025-12-11 13:30:00,335.55128032383004,335.55128032383004,334.2,334.55,335.9977101302511,336.170984451944,341.513589561727,332.3188078050903,Up,63
2025-12-11 13:40:00,335.050640161915,335.1,334.1,334.45,335.85700920931913,336.10349486559323,341.443305088476,332.3188078050903,Up,51
2025-12-11 13:50:00,334.7503200809575,334.7503200809575,334.1,334.25,335.7109174630174,336.03080879243277,341.3717299134663,332.3188078050903,Up,23
2025-12-11 14:00:00,334.5001600404788,334.5001600404788,333.6,334.02500000000003,335.5576522391067,335.9521496241021,341.2986281232826,332.3188078050903,Up,90
2025-12-11 14:10:00,334.2625800202394,334.2625800202394,333.5,333.82500000000005,335.40013839918794,335.86873199178444,341.22426366434445,332.3188078050903,Up,20
2025-12-11 14:20:00,334.0437900101197,334.0437900101197,333.0,333.425,335.2205803628981,335.77289936465564,341.1466590507689,332.3188078050903,Up,47
2025-12-11 14:30:00,333.73439500505987,333.73439500505987,333.1,333.3,335.0459821480892,335.67592291898285,341.0685828413085,332.3188078050903,Up,13
2025-12-11 14:40:00,333.51719750252994,334.0,333.0,333.55,334.90998377099015,335.59255339274824,340.99377107174325,332.3188078050903,Up,20
2025-12-11 14:50:00,333.533598751265,333.9,333.3,333.575,334.788621609991,335.51343365185613,340.91995245411397,332.3188078050903,Up,48
2025-12-11 15:00:00,333.55429937563247,333.55429937563247,333.0,333.2,334.64420146362824,335.4227107635481,340.8431370068094,332.3188078050903,Up,44
2025-12-11 15:10:00,333.3771496878162,333.8,333.0,333.375,334.5288195123893,335.34240838066387,340.76882718584613,332.3188078050903,Up,75
2025-12-11 15:20:00,333.3760748439081,333.7,332.7,333.225,334.4102904658085,335.2593727578927,340.69376422877303,332.3188078050903,Up,59
2025-12-11 15:30:00,333.300537421954,333.300537421954,332.4,332.8,334.26390042346225,335.16292676738715,340.6152193110738,332.3188078050903,Up,46
2025-12-11 15:40:00,333.050268710977,333.050268710977,332.3,332.7,334.12172765769293,335.0663414039602,340.53646090996864,332.3188078050903,Up,30
2025-12-11 15:50:00,332.8751343554885,332.9,330.6,331.7,333.9015705979026,334.93432801556963,340.4485359257898,335.8875311435237,Down,91
2025-12-11 16:00:00,332.2875671777442,332.2875671777442,330.0,330.4,333.5832459980933,334.75651123064534,340.3485504936924,335.7370181476188,Down,142
2025-12-11 16:10:00,331.3437835888721,331.3437835888721,330.4,330.575,333.3097690891757,334.592530398071,340.25130123504874,335.390753607432,Down,59
2025-12-11 16:20:00,330.95939179443604,331.2,330.7,331.02500000000003,333.10206280834154,334.4526272452055,340.1594972426602,335.2853289209054,Down,27
2025-12-11 16:30:00,330.99219589721804,331.2,329.7,330.45,332.86096618940144,334.2956614708837,340.06288532979795,334.93666265536854,Down,127
2025-12-11 16:40:00,330.721097948609,330.721097948609,329.0,329.4,332.5463328994558,334.1036747465354,339.9567869683075,334.5651870059519,Down,86
2025-12-11 16:50:00,330.0605489743045,330.0605489743045,329.1,329.35,332.2557571813235,333.9172561290242,339.8512467994686,334.2065086883969,Down,55
2025-12-11 17:00:00,329.7052744871522,330.2,329.4,329.775,332.03023380120317,333.75481471219973,339.7509856372848,334.2065086883969,Down,68
2025-12-11 17:10:00,329.7401372435761,330.2,329.7,329.9,331.836576182912,333.60364550779974,339.6529658796999,334.2065086883969,Down,29
2025-12-11 17:20:00,329.82006862178804,330.1,329.6,329.925,331.66279652992,333.45938489965073,339.55617019930486,333.9283126981553,Down,81
2025-12-11 17:30:00,329.872534310894,330.9,329.872534310894,330.45,331.55254229992727,333.3413698055468,339.46556154060534,333.9283126981553,Down,38
2025-12-11 17:40:00,330.16126715544704,330.9,329.8,330.45,331.45231118175207,333.22798275434883,339.3758544605993,333.9283126981553,Down,24
2025-12-11 17:50:00,330.3056335777235,330.3056335777235,329.0,329.725,331.2952828925019,333.0906108816293,339.27982605800634,333.91660264445727,Down,57
2025-12-11 18:00:00,330.0153167888617,330.0153167888617,328.6,329.20000000000005,331.1048026295472,332.9380379058791,339.1795292813098,333.6984880045583,Down,101
2025-12-11 18:10:00,329.6076583944309,329.9,328.9,329.55,330.96345693595197,332.80517367427603,339.0837130695555,333.6984880045583,Down,65
2025-12-11 18:20:00,329.57882919721544,329.9,328.0,329.07500000000005,330.7917790326836,332.65889235371617,338.9841238847838,333.600272405064,Down,219
2025-12-11 18:30:00,329.32691459860774,329.32691459860774,327.5,328.20000000000005,330.55616275698515,332.484033830041,338.8768191695124,333.3053102488558,Down,160
2025-12-11 18:40:00,328.7634572993039,329.9,327.6,328.825,330.3987843245319,332.3405423072943,338.7768010683232,333.3053102488558,Down,157
2025-12-11 18:50:00,328.7942286496519,331.5,328.7942286496519,330.3,330.38980393139263,332.2605210403416,338.69245478903645,333.3053102488558,Down,265
2025-12-11 19:00:00,329.547114324826,331.4,329.547114324826,330.57500000000005,330.4066399376297,332.1944221760144,338.61168409461817,333.3053102488558,Down,86
2025-12-11 19:10:00,330.061057162413,330.6,329.0,329.82500000000005,330.35376357966334,332.101503659308,338.5242544021344,333.3053102488558,Down,144
2025-12-11 19:20:00,329.94302858120653,331.0,329.1,329.625,330.28751234514846,332.0043858687469,338.43570460708827,333.3053102488558,Down,76
2025-12-11 19:30:00,329.7840142906033,330.2,328.4,329.075,330.17728395013495,331.8895079915411,338.3425632677143,333.3053102488558,Down,87
2025-12-11 19:40:00,329.4295071453016,330.0,328.2,328.9,330.0611672273954,331.7722723840297,338.2486074143042,333.3053102488558,Down,58
2025-12-11 19:50:00,329.1647535726508,329.1647535726508,327.5,328.375,329.9078792976322,331.63904601602854,338.1503625644106,333.3053102488558,Down,169
2025-12-11 20:00:00,328.7698767863254,328.7698767863254,327.2,327.725,329.70943572512016,331.4855540154,338.04662761352097,333.3053102488558,Down,204
2025-12-11 20:10:00,328.2474383931627,328.3,327.0,327.525,329.5108506592001,331.33023817165883,337.94193480144617,333.3053102488558,Down,137
2025-12-11 20:20:00,327.8862191965813,329.0,327.0,327.85,329.35986423563645,331.1937582433585,337.84151753974027,333.3053102488558,Down,170
2025-12-11 20:30:00,327.8681095982907,329.0,327.5,328.175,329.252149305124,331.0753755671484,337.7453332856135,333.3053102488558,Down,83
2025-12-11 20:40:00,328.0215547991453,329.1,328.0215547991453,328.575,329.19059027738547,330.97732162333864,337.65408618824426,333.3053102488558,Down,44
2025-12-11 20:50:00,328.29827739957267,330.8,328.29827739957267,329.57500000000005,329.2255366158049,330.92232861850187,337.5736972709483,333.3053102488558,Down,126
2025-12-11 21:00:00,328.9366386997864,331.3,328.9366386997864,329.9,329.28685146891354,330.88223730012925,337.49734207422244,333.3053102488558,Down,193
2025-12-11 21:10:00,329.4183193498932,329.9,328.4,329.025,329.2630467899214,330.80940446483004,337.41304016303616,333.3053102488558,Down,127
2025-12-11 21:20:00,329.2216596749466,329.2216596749466,328.1,328.54999999999995,329.198224354474,330.72080036817005,337.3248507086776,333.3053102488558,Down,116
2025-12-11 21:30:00,328.88582983747324,329.5,328.3,328.79999999999995,329.1620221404309,330.6454748635359,337.24002632351664,333.3053102488558,Down,118
2025-12-11 21:40:00,328.8429149187366,328.9,327.5,328.42499999999995,329.09502012766444,330.5583974179071,337.15231461880506,333.3053102488558,Down,86
2025-12-11 21:50:00,328.6339574593683,329.2,328.0,328.525,329.0432001160586,330.47865634269505,337.06647069224977,333.3053102488558,Down,44
2025-12-11 22:00:00,328.5794787296841,328.5794787296841,326.1,327.35,328.88927283278053,330.35596393709915,336.9697893918294,333.3053102488558,Down,130
2025-12-11 22:10:00,327.9647393648421,327.9647393648421,326.0,326.25,328.6493389388914,330.19494574348744,336.8631248207665,333.3053102488558,Down,99
2025-12-11 22:20:00,327.10736968242105,327.7,324.8,325.85,328.3948535808103,330.02455571433103,336.7535414892166,333.3053102488558,Down,164
2025-12-11 22:30:00,326.4786848412105,326.4786848412105,324.3,324.75,328.06350325528206,329.8177103922004,336.63410326544334,332.611014888807,Down,118
2025-12-11 22:40:00,325.6143424206052,325.6143424206052,324.0,324.725,327.7600029593473,329.61799625917297,336.51560472548874,331.9593616070697,Down,83
2025-12-11 22:50:00,325.1696712103026,326.0,324.8,325.25,327.5318208721339,329.446702288225,336.40350915608093,331.9593616070697,Down,94
2025-12-11 23:00:00,325.2098356051513,325.5,324.1,324.975,327.2993826110308,329.271341414177,336.2897926470652,331.64147966674966,Down,108
2025-12-11 23:10:00,325.09241780257565,325.6,324.4,325.175,327.1062569191189,329.11070057440537,336.17919769535314,331.64147966674966,Down,81
2025-12-11 23:20:00,325.13370890128783,326.8,324.5,325.6,326.96932447192626,328.97302604207573,336.07393204664316,331.64147966674966,Down,70
2025-12-11 23:30:00,325.3668544506439,325.9,324.6,325.4,326.826658610842,328.83290737375904,335.96772376757207,331.64147966674966,Down,57
2025-12-11 23:40:00,325.38342722532195,325.6,324.5,325.125,326.6719623734927,328.68749924145476,335.8598359688898,331.57163080851694,Down,54
2025-12-11 23:50:00,325.254213612661,325.254213612661,324.0,324.475,326.472238521357,328.52230319277027,335.74655401895063,331.01193976413174,Down,77
2025-12-12 00:00:00,324.86460680633047,326.4,324.2,324.825,326.32248956487,328.3773109107009,335.6378818396576,331.01193976413174,Down,40
2025-12-12 09:00:00,324.8448034031652,327.2,324.8448034031652,325.925,326.2863541498818,328.28114185537925,335.5412362492133,331.01193976413174,Down,41
2025-12-12 09:10:00,325.38490170158263,326.5,324.8,325.85,326.24668559080163,328.18580295908987,335.4448060377784,331.01193976413174,Down,175
2025-12-12 09:20:00,325.61745085079133,326.0,325.5,325.775,326.2038050825469,328.09126166657654,335.34858906227817,331.01193976413174,Down,62
2025-12-12 09:30:00,325.69622542539565,326.6,325.4,325.875,326.17391371140627,328.00434944435784,335.2543244944943,331.01193976413174,Down,78
2025-12-12 09:40:00,325.7856127126978,326.0,325.1,325.45000000000005,326.10810337400574,327.90417887791244,335.15676902688745,331.01193976413174,Down,56
2025-12-12 09:50:00,325.6178063563489,325.6178063563489,325.0,325.15,326.02100306727795,327.79617186309235,335.0571991858239,331.01193976413174,Down,45
2025-12-12 10:00:00,325.3839031781745,325.3839031781745,324.1,324.7,325.90091187934354,327.67475335865737,334.9541424775073,330.3960037053634,Down,68
2025-12-12 10:10:00,325.04195158908726,325.04195158908726,324.4,324.575,325.7803744357668,327.55319440341594,334.85086742797984,330.0944601144627,Down,51
2025-12-12 10:20:00,324.8084757945436,325.2,324.6,324.9,325.70034039615166,327.4491475640663,334.7518538217313,330.01225847265374,Down,57
2025-12-12 10:30:00,324.8542378972718,325.5,324.8542378972718,325.25,325.65940036013785,327.3629064831226,334.65730801255984,330.01225847265374,Down,54
2025-12-12 10:40:00,325.0521189486359,325.8,325.0521189486359,325.375,325.6335457819435,327.28494936613737,334.56494673880303,330.01225847265374,Down,69
2025-12-12 10:50:00,325.21355947431795,325.3,324.7,325.04999999999995,325.5804961654032,327.19730429295555,334.4702706518498,329.5276716576598,Down,92
2025-12-12 11:00:00,325.1317797371589,325.1317797371589,324.5,324.85,325.5140874230938,327.1052531442122,334.3745465657617,329.1616930981462,Down,18
2025-12-12 11:10:00,324.9908898685795,325.0,324.5,324.85,325.4537158391762,327.0168118444392,334.2797749581422,328.88254839051524,Down,16
2025-12-12 11:20:00,324.9204449342898,325.0,324.6,324.775,325.3920143992511,326.9288976544612,334.18520008293683,328.7023167186502,Down,29
2025-12-12 11:30:00,324.8477224671449,325.0,324.5,324.8,325.33819490841006,326.84541147193335,334.09181500748474,328.4793788351365,Down,34
2025-12-12 11:40:00,324.8238612335724,325.8,324.8238612335724,325.29999999999995,325.3347226440091,326.78480710048495,334.0043342611416,328.4793788351365,Down,106
2025-12-12 11:50:00,325.0619306167862,325.5,325.0619306167862,325.375,325.33838422182646,326.72952054752477,333.91847023864267,328.4793788351365,Down,24
2025-12-12 12:00:00,325.2184653083931,325.5,323.5,324.725,325.2826220198422,326.65091189860226,333.8269929228353,328.47455248966986,Down,80
2025-12-12 12:10:00,324.97173265419656,324.97173265419656,322.8,323.65,325.1342018362202,326.53322907904925,333.72572931166286,328.2888168283242,Down,86
2025-12-12 12:20:00,324.31086632709827,324.31086632709827,320.0,322.0,324.84927439656377,326.3554553896748,333.6090553881637,327.7257031926993,Down,179
2025-12-12 12:30:00,323.1554331635491,323.1554331635491,321.0,321.425,324.5379767241489,326.1621041979229,333.48782100619195,327.7257031926993,Down,74
2025-12-12 12:40:00,322.29021658177453,322.29021658177453,321.0,321.42499999999995,324.2549788401353,325.97633540584746,333.36779293647857,327.4303467954746,Down,45
2025-12-12 12:50:00,321.85760829088724,321.9,321.0,321.54999999999995,324.0090716728503,325.80275362522605,333.25020295701114,327.0365804587157,Down,50
2025-12-12 13:00:00,321.7038041454436,322.1,321.5,321.775,323.80597424804574,325.6448025026682,333.1360218330608,327.0365804587157,Down,26
2025-12-12 13:10:00,321.73940207272176,321.73940207272176,321.0,321.45,323.5917947709507,325.4803004437401,333.01974300885126,326.4668749691838,Down,58
2025-12-12 13:20:00,321.5947010363609,322.8,321.5,322.025,323.4493588826824,325.3447984655542,332.9103425809025,326.4668749691838,Down,61
2025-12-12 13:30:00,321.80985051818044,322.6,321.80985051818044,322.45000000000005,323.35850807516584,325.2312769571011,332.8062595701473,326.4668749691838,Down,22
2025-12-12 13:40:00,322.1299252590902,322.8,322.1299252590902,322.475,323.27818915924166,325.12318766466575,332.70346096745925,326.4668749691838,Down,34
2025-12-12 13:50:00,322.3024626295451,322.9,322.3,322.575,323.21426287203786,325.0232587366396,332.60268026131536,326.4668749691838,Down,14
2025-12-12 14:00:00,322.4387313147725,323.3,322.2,322.625,323.1606935200344,324.9292093744184,332.5033998607053,326.4668749691838,Down,35
2025-12-12 14:10:00,322.5318656573863,322.5318656573863,321.7,322.05,323.0597213818494,324.8162992028726,332.3993859317431,326.4668749691838,Down,23
2025-12-12 14:20:00,322.29093282869314,322.29093282869314,320.0,321.325,322.9020194380449,324.6793855086423,332.2891930368999,326.0164143218683,Down,117
2025-12-12 14:30:00,321.80796641434654,321.80796641434654,320.2,320.875,322.7177449436772,324.5301939200681,332.1756189768313,326.0164143218683,Down,94
2025-12-12 14:40:00,321.34148320717327,321.34148320717327,319.4,320.17499999999995,322.4865863124338,324.35940200163407,332.0562098327832,325.63387142541853,Down,75
2025-12-12 14:50:00,320.7582416035866,320.8,319.8,320.225,322.280987556758,324.1972685898053,331.93848635186004,325.448299838029,Down,45
2025-12-12 15:00:00,320.4916208017933,320.9,320.2,320.6,322.12817050614365,324.05619923334234,331.82566559214007,325.448299838029,Down,34
2025-12-12 15:10:00,320.5458104008967,321.1,320.0,320.775,322.00515500558515,323.9275247536034,331.71570872057646,325.4361982132471,Down,41
2025-12-12 15:20:00,320.66040520044834,321.1,320.6,320.875,321.90241364144106,323.8078179005209,331.607840972113,325.4361982132471,Down,11
2025-12-12 15:30:00,320.7677026002242,320.7677026002242,320.2,320.575,321.7817396740373,323.6810407279514,331.49806145995274,324.9327754432915,Down,28
2025-12-12 15:40:00,320.67135130011206,321.2,320.4,320.67499999999995,321.6811269763975,323.5631567778357,331.3903693061224,324.9327754432915,Down,41
2025-12-12 15:50:00,320.673175650056,320.8,320.0,320.32500000000005,321.55784270581586,323.4361702375284,331.28026612894706,324.6321687133714,Down,13
2025-12-12 16:00:00,320.499087825028,320.5,320.0,320.175,321.4321297325599,323.30828120860576,331.16976596846007,324.27924428488313,Down,27
2025-12-12 16:10:00,320.337043912514,320.9,319.9,320.45,321.342845211418,323.1961917494448,331.06310163046544,324.27924428488313,Down,53
2025-12-12 16:20:00,320.393521956257,322.0,320.393521956257,321.15,321.32531382856183,323.115948935741,330.96446380329667,324.27924428488313,Down,90
2025-12-12 16:30:00,320.7717609781285,322.5,320.7717609781285,321.875,321.3752852986926,323.0672842715943,330.87402137739326,324.27924428488313,Down,71
2025-12-12 16:40:00,321.3233804890642,323.0,321.3233804890642,322.625,321.48889572608414,323.04993979035527,330.7919415626929,324.27924428488313,Down,72
2025-12-12 16:50:00,321.9741902445321,325.2,321.9741902445321,323.65,321.6853597509856,323.0734715632825,330.72087746754175,324.27924428488313,Down,203
2025-12-12 17:00:00,322.81209512226604,324.5,322.81209512226604,323.825,321.879872500896,323.1029432666832,330.65226177134736,324.27924428488313,Down,72
2025-12-12 17:10:00,323.318547561133,324.5,323.318547561133,324.1,322.08170227354185,323.14204353073484,330.5870651368066,324.27924428488313,Down,38
2025-12-12 17:20:00,323.7092737805665,325.6,323.7092737805665,324.525,322.3038202486744,323.19627711776485,330.52674608071897,318.985305620963,Up,155
2025-12-12 17:30:00,324.11713689028323,325.1,323.9,324.45000000000005,322.4989274987949,323.2454427209898,330.46628094558747,318.985305620963,Up,53
2025-12-12 17:40:00,324.28356844514167,324.7,322.6,323.90000000000003,322.62629772617714,323.27111163389213,330.4009448167757,318.985305620963,Up,51
2025-12-12 17:50:00,324.0917842225708,325.0,324.0,324.35,322.7829979328883,323.3134209815827,330.3407364106386,318.985305620963,Up,44
2025-12-12 18:00:00,324.2208921112854,324.4,322.0,323.175,322.81863448444386,323.30799270779517,330.2694355508313,318.985305620963,Up,77
2025-12-12 18:10:00,323.6979460556427,323.6979460556427,321.0,321.95,322.73966771313076,323.25473809180323,330.1866550975892,318.985305620963,Up,115
2025-12-12 18:20:00,322.8239730278213,325.1,321.5,323.07500000000005,322.7701524664825,323.2476895391835,330.11589236029977,318.985305620963,Up,135
2025-12-12 18:30:00,322.9494865139107,324.7,322.8,323.975,322.8796840604386,323.2762115180391,330.05478895372966,318.985305620963,Up,35
2025-12-12 18:40:00,323.46224325695533,324.5,323.0,323.975,322.97925823676235,323.3036149879199,329.99429354125476,318.985305620963,Up,34
2025-12-12 18:50:00,323.71862162847765,324.5,323.0,323.65,323.04023476069307,323.31719871388384,329.9311662423368,318.985305620963,Up,45
2025-12-12 19:00:00,323.6843108142388,323.6843108142388,322.5,323.025,323.03884978244827,323.3057399407904,329.8624481702738,318.985305620963,Up,36
2025-12-12 19:10:00,323.35465540711937,323.4,322.5,322.825,323.0194088931348,323.28688739409273,329.7924238103706,318.985305620963,Up,13
2025-12-12 19:20:00,323.08982770355965,323.08982770355965,321.3,321.975,322.92446263012255,323.23544082961854,329.7146384988247,318.985305620963,Up,71
2025-12-12 19:30:00,322.5324138517798,322.5324138517798,318.4,319.875,322.6472387546568,323.1036588363002,329.61673164809014,318.985305620963,Up,235
2025-12-12 19:40:00,321.2037069258899,321.2037069258899,317.3,318.375,322.25885341332435,322.9182212348767,329.504873621741,327.4825867805653,Down,199
2025-12-12 19:50:00,319.789353462945,320.0,317.5,318.625,321.9285031030221,322.7498596178227,329.39661617276846,327.14157574329124,Down,125
2025-12-12 20:00:00,319.2071767314725,319.2071767314725,317.6,318.35,321.60318463911096,322.57731610339835,329.28669959393494,326.61672148926374,Down,76
2025-12-12 20:10:00,318.77858836573625,318.8,316.4,317.90000000000003,321.2665314901008,322.39389194248076,329.173399100463,325.9392119304796,Down,222
2025-12-12 20:20:00,318.3392941828681,319.5,317.0,318.125,320.9809377182735,322.2264844153247,329.06346478105536,325.9392119304796,Down,72
2025-12-12 20:30:00,318.23214709143406,318.23214709143406,316.3,316.92499999999995,320.61221610752136,322.01858306570415,328.94268403696526,325.6870294553952,Down,58
2025-12-12 20:40:00,317.578573545717,317.578573545717,316.0,316.525,320.2406510068376,321.8031484356766,328.81912499182135,325.01872798009936,Down,112
2025-12-12 20:50:00,317.05178677285846,317.05178677285846,315.0,315.7,319.82786455167053,321.5638092813363,328.68858643468883,324.2533078558694,Down,139
2025-12-12 21:00:00,316.3758933864292,316.3758933864292,313.5,314.92499999999995,319.38214959242777,321.30346381932316,328.55163532588597,323.4631938059527,Down,218
2025-12-12 21:10:00,315.6504466932146,315.6504466932146,313.7,314.375,318.9269541749343,321.03175935582027,328.4105742778672,323.1347013375381,Down,118
2025-12-12 21:20:00,315.0127233466073,316.1,314.2,315.15,318.5835947044857,320.8011021261803,328.2786282651521,323.1347013375381,Down,66
2025-12-12 21:30:00,315.0813616733036,316.2,314.8,315.85,318.33508609498693,320.6069412584869,328.1549603222153,323.1347013375381,Down,52
2025-12-12 21:40:00,315.4656808366518,316.2,315.3,315.85,318.1091691772608,320.4203945424678,328.03252290607384,323.1347013375381,Down,32
2025-12-12 21:50:00,315.6578404183259,316.4,315.2,315.92499999999995,317.91060834296434,320.2441045604103,327.9120500413368,323.1347013375381,Down,48
2025-12-12 22:00:00,315.79142020916294,317.2,315.3,316.1,317.74600758451305,320.08159065608044,327.79451720510457,323.1347013375381,Down,109
2025-12-12 22:10:00,315.94571010458145,316.4,315.0,315.475,317.5395523495573,319.90094004211653,327.67193494435725,322.99557694650696,Down,65
2025-12-12 22:20:00,315.7103550522908,315.9,315.0,315.45,317.3495930450521,319.72639337379826,327.55032365137856,322.40961540591536,Down,29
2025-12-12 22:30:00,315.5801775261453,317.3,315.1,316.15000000000003,317.24053913186555,319.5861426532571,327.43688759514595,322.40961540591536,Down,127
2025-12-12 22:40:00,315.86508876307266,317.0,315.7,316.3,317.1550355744232,319.4572743139137,327.3260727932042,322.40961540591536,Down,58
2025-12-12 22:50:00,316.0825443815363,317.3,315.7,316.525,317.097759613112,319.3422831643485,327.21859943207784,322.40961540591536,Down,86
2025-12-12 23:00:00,316.30377219076814,316.7,315.8,316.425,317.0365996482836,319.2278799030015,327.11120043275366,322.40961540591536,Down,19
2025-12-12 23:10:00,316.3643860953841,316.5,315.0,316.1,316.9514542257123,319.10521794602107,327.00163624934316,322.2967680460943,Down,43
2025-12-12 23:20:00,316.232193047692,316.8,315.5,316.25,316.88768565973845,318.99324861480454,326.8946547941258,322.2967680460943,Down,31
2025-12-12 23:30:00,316.241096523846,316.3,315.1,315.95000000000005,316.8024415088532,318.873905531871,326.7857527563733,321.9766678066896,Down,40
2025-12-12 23:40:00,316.095548261923,316.5,315.0,315.9,316.72040137168466,318.7572817855231,326.67743680854875,321.9766678066896,Down,110
2025-12-12 23:50:00,315.9977741309615,317.5,315.9,316.625,316.71172851971335,318.6736628919732,326.57741256169754,321.9766678066896,Down,28
2025-12-13 00:00:00,316.31138706548074,318.0,316.31138706548074,317.3,316.76520774519395,318.61979375895464,326.48509999889455,321.9766678066896,Down,70
2025-12-15 09:00:00,316.8056935327404,319.5,316.8056935327404,318.45,316.91837067744905,318.61313518017215,326.40514875512446,321.9766678066896,Down,42
2025-12-15 09:10:00,317.6278467663702,319.9,317.5,318.725,317.08260970677185,318.61752203585166,326.3287293645262,321.9766678066896,Down,267
2025-12-15 09:20:00,318.1764233831851,319.1,318.1764233831851,318.79999999999995,317.2387360970653,318.6246780344457,326.25381663453095,321.9766678066896,Down,61
2025-12-15 09:30:00,318.48821169159254,318.8,318.2,318.575,317.3602146336957,318.62272987623214,326.177410498864,321.9766678066896,Down,60
2025-12-15 09:40:00,318.53160584579626,318.9,318.4,318.54999999999995,317.4683769397233,318.61987772422304,326.1015158670345,321.9766678066896,Down,40
2025-12-15 09:50:00,318.54080292289814,318.6,318.0,318.3,317.5439790361121,318.60733349974373,326.0238888434819,321.9766678066896,Down,15
2025-12-15 10:00:00,318.42040146144905,318.6,317.9,318.125,317.59679912373826,318.58841846053815,325.9452929345916,321.9766678066896,Down,35
2025-12-15 10:10:00,318.2727007307245,318.2727007307245,317.6,317.8,317.6152719306711,318.55750008953663,325.8642452437001,321.9766678066896,Down,29
2025-12-15 10:20:00,318.0363503653623,318.0363503653623,316.1,316.875,317.5479744824283,318.49151969386855,325.7748000173947,321.9766678066896,Down,68
2025-12-15 10:30:00,317.45567518268115,317.45567518268115,316.2,316.425,317.4458858931166,318.41047970587374,325.6817671814007,321.9766678066896,Down,67
2025-12-15 10:40:00,316.9403375913406,316.9403375913406,316.4,316.625,317.3712599028333,318.34046089387874,325.5916500950186,321.6873642883181,Down,12
2025-12-15 10:50:00,316.7826687956703,317.3,316.7,316.875,317.3261453662121,318.28299183921683,325.5049172582523,321.6873642883181,Down,68
2025-12-15 11:00:00,316.8288343978352,317.0,316.0,316.425,317.2442230601928,318.21012941414955,325.41456982284683,321.23321941541144,Down,49
2025-12-15 11:10:00,316.6269171989176,316.6269171989176,315.5,315.82500000000005,317.1152027819934,318.11659492732014,325.3191512176444,320.77617341307564,Down,25
2025-12-15 11:20:00,316.2259585994588,316.2259585994588,314.6,315.40000000000003,316.9592752563576,318.01006179291545,325.2204531955783,320.2885231664569,Down,142
2025-12-15 11:30:00,315.8129792997294,316.2,315.0,315.5,316.826613869416,317.91162799711486,325.1237322682591,320.2885231664569,Down,75
2025-12-15 11:40:00,315.65648964986474,315.9,314.8,315.375,316.6946489721964,317.8121523893849,325.02672995713215,320.1760693113451,Down,82
2025-12-15 11:50:00,315.5157448249324,317.0,315.4,316.05,316.63604452017853,317.7430483741149,324.9374092610413,320.1760693113451,Down,105
2025-12-15 12:00:00,315.7828724124662,316.1,314.8,315.55,316.5373132001623,317.6570464770908,324.84400220371754,320.1760693113451,Down,32
2025-12-15 12:10:00,315.6664362062332,316.0,315.1,315.35,316.4293756365112,317.56657406622446,324.7495345200985,320.1760693113451,Down,13
2025-12-15 12:20:00,315.5082181031166,315.5082181031166,314.6,315.0,316.29943239682837,317.46592410284313,324.6525242263662,319.81280355975053,Down,41
2025-12-15 12:30:00,315.2541090515583,315.2541090515583,314.3,314.8,316.16312036075306,317.3613780595944,324.5544891594372,319.4500891883388,Down,32
2025-12-15 12:40:00,315.02705452577914,315.02705452577914,314.2,314.55,316.01647305523005,317.2511279396103,324.4549420036219,319.1624876927725,Down,36
2025-12-15 12:50:00,314.7885272628896,314.7885272628896,314.0,314.225,315.85361186839094,317.13245625570397,324.35315153592416,318.816419390571,Down,53
2025-12-15 13:00:00,314.5067636314448,314.5067636314448,313.4,313.9,315.6760107894463,317.0056932652842,324.2491400778553,318.37598291727164,Down,81
2025-12-15 13:10:00,314.2033818157224,314.2033818157224,313.3,313.525,315.4804643540421,316.86919549017506,324.1424322163841,318.10073984225954,Down,25
2025-12-15 13:20:00,313.8641909078612,314.1,313.7,313.85,315.3322403218565,316.75079566703096,324.0400199555246,318.06277175854393,Down,9
2025-12-15 13:30:00,313.8570954539306,314.6,313.5,314.05,315.21567301986954,316.64488211146113,323.94061677188756,318.06277175854393,Down,29
2025-12-15 13:40:00,313.9535477269653,314.8,313.9,314.2,315.1233391089723,316.5490043815999,323.8436952119683,318.06277175854393,Down,42
2025-12-15 13:50:00,314.0767738634827,314.3,313.8,314.025,315.0234900990657,316.4500238176156,323.74599675214773,317.9874693903411,Down,12
2025-12-15 14:00:00,314.05088693174133,314.5,313.8,314.1,314.9395364536961,316.35786602084636,323.65001668496217,317.9840630821282,Down,19
2025-12-15 14:10:00,314.07544346587065,314.8,313.4,314.075,314.8609422306328,316.26834186316614,323.55474288710184,317.9840630821282,Down,75
2025-12-15 14:20:00,314.07522173293535,314.1,313.5,313.8,314.7644929369389,316.171544143042,323.45768076882223,317.64963891084983,Down,17
2025-12-15 14:30:00,313.9376108664677,313.9376108664677,313.2,313.45000000000005,314.6449935790354,316.0648169217463,323.3581018556996,317.336699303631,Down,35
2025-12-15 14:40:00,313.6938054332339,314.0,313.2,313.6,314.5499941627594,315.968157434619,323.2610063148469,317.31626715490654,Down,17
2025-12-15 14:50:00,313.646902716617,314.0,313.646902716617,313.95,314.4954492388722,315.8890140058104,323.16835948584344,317.31626715490654,Down,14
2025-12-15 15:00:00,313.7984513583085,314.0,313.2,313.575,314.41177203533834,315.7982683585237,323.0729031725515,317.094435665212,Down,16
2025-12-15 15:10:00,313.6867256791543,313.8,313.0,313.29999999999995,314.31070185030757,315.70029705034636,322.97566035491417,316.86766878655635,Down,28
2025-12-15 15:20:00,313.4933628395771,313.5,313.2,313.4,314.2279107730069,315.61008932288183,322.88038015237777,316.61151707868765,Down,17
2025-12-15 15:30:00,313.44668141978855,314.3,313.2,313.675,314.17764615727896,315.5342034670826,322.78878432996606,316.61151707868765,Down,40
2025-12-15 15:40:00,313.56084070989425,314.1,313.2,313.775,314.14104196116267,315.4652150958245,322.699094933648,316.61151707868765,Down,64
2025-12-15 15:50:00,313.6679203549471,314.1,313.0,313.55,314.08731087378425,315.3901086214784,322.60805916316394,316.61151707868765,Down,41
2025-12-15 16:00:00,313.6089601774736,313.7,312.9,313.275,314.013464430713,315.30716318534206,322.515192902834,316.61151707868765,Down,14
2025-12-15 16:10:00,313.4419800887368,314.2,313.4419800887368,313.8,313.9940585733754,315.2480587467012,322.42847456549237,316.61151707868765,Down,20
2025-12-15 16:20:00,313.6209900443684,315.9,313.6209900443684,314.65,314.0536896121595,315.2246054625168,322.35107680862177,316.61151707868765,Down,73
2025-12-15 16:30:00,314.13549502218416,315.2,314.13549502218416,314.85,314.1260814655995,315.2099150522221,322.2764392284365,316.61151707868765,Down,25
2025-12-15 16:40:00,314.4927475110921,316.0,314.3,315.1,314.2146195141813,315.2056046580173,322.20503187292974,316.61151707868765,Down,129
2025-12-15 16:50:00,314.796373755546,315.1,314.5,314.8,314.267835921983,315.18969859299705,322.13134996374635,316.61151707868765,Down,10
2025-12-15 17:00:00,314.798186877773,314.798186877773,313.3,313.925,314.23666901998456,315.1401025697423,322.04969474022647,316.61151707868765,Down,26
2025-12-15 17:10:00,314.36159343888653,314.36159343888653,311.2,312.325,314.0628809272587,315.0297063905367,321.9529316084829,316.61151707868765,Down,117
2025-12-15 17:20:00,313.3432967194433,313.3432967194433,311.0,311.54999999999995,313.83443720659875,314.893247316398,321.8494198511846,316.61151707868765,Down,105
2025-12-15 17:30:00,312.4466483597216,312.4466483597216,310.9,311.475,313.6199429150898,314.7591984020294,321.74619179296394,316.61151707868765,Down,93
2025-12-15 17:40:00,311.9608241798608,311.9608241798608,311.0,311.425,313.4204026500816,314.62844552351845,321.64349336716333,316.61151707868765,Down,82
2025-12-15 17:50:00,311.6929120899304,312.8,311.2,311.85,313.2776387728015,314.5194868755374,321.5460456719677,316.61151707868765,Down,79
2025-12-15 18:00:00,311.77145604496525,312.1,310.6,311.375,313.1046716116377,314.396173664732,321.4448412374208,316.61151707868765,Down,85
2025-12-15 18:10:00,311.5732280224826,312.4,310.5,311.35,312.9451560105797,314.27671587395815,321.34439505595395,316.61151707868765,Down,60
2025-12-15 18:20:00,311.4616140112413,312.0,310.7,311.4,312.8046872823452,314.1639034867441,321.24544585141706,316.61151707868765,Down,30
2025-12-15 18:30:00,311.43080700562064,313.4,311.0,312.225,312.75198843849563,314.0878680558914,321.15569017130343,316.61151707868765,Down,51
2025-12-15 18:40:00,311.8279035028104,313.5,311.7,312.65,312.74271676226874,314.0314810733074,321.07105643825565,316.61151707868765,Down,61
2025-12-15 18:50:00,312.2389517514051,313.5,311.6,312.55,312.72519705660795,313.97338377631496,320.9862698070292,316.61151707868765,Down,78
2025-12-15 19:00:00,312.3944758757026,313.4,311.0,312.125,312.6706336878254,313.90089813802814,320.89809796815325,316.61151707868765,Down,73
2025-12-15 19:10:00,312.2597379378513,312.2597379378513,310.3,310.925,312.5119397162049,313.7841962502623,320.79886316249997,316.61151707868765,Down,89
2025-12-15 19:20:00,311.59236896892565,311.59236896892565,309.0,310.29999999999995,312.31085428745894,313.64756110319325,320.6943968623756,316.61151707868765,Down,206
2025-12-15 19:30:00,310.94618448446283,311.7,310.6,310.975,312.18941298859903,313.542754785421,320.59768644583454,316.61151707868765,Down,47
2025-12-15 19:40:00,310.9605922422314,310.9605922422314,308.9,309.79999999999995,311.9721936259991,313.3959800879535,320.4902467797068,316.61151707868765,Down,175
2025-12-15 19:50:00,310.3802961211157,310.3802961211157,308.4,309.225,311.7224487509083,313.23241224136706,320.3781547719485,316.478491393612,Down,132
2025-12-15 20:00:00,309.8026480605579,309.8026480605579,308.9,309.325,311.5044988644621,313.0791803887644,320.2681731324266,316.12350817325824,Down,106
2025-12-15 20:10:00,309.56382403027897,309.56382403027897,306.0,307.55,311.1449989676928,312.86234978528347,320.1416241460343,315.23437906522213,Down,180
2025-12-15 20:20:00,308.55691201513946,308.55691201513946,304.0,305.3,310.61363542517523,312.5657870486057,319.993946293835,314.7104849676956,Down,330
2025-12-15 20:30:00,306.9284560075697,306.9284560075697,304.7,305.275,310.1283049319775,312.2798738310134,319.8474891167819,314.2900565157428,Down,75
2025-12-15 20:40:00,306.10172800378484,306.10172800378484,304.9,305.5,309.7075499381613,312.01399642587563,319.70472803104275,313.6431546505032,Down,84
2025-12-15 20:50:00,305.8008640018924,307.0,305.1,306.02500000000003,309.3727726710557,311.77913382093936,319.5686113342165,313.6431546505032,Down,120
2025-12-15 21:00:00,305.9129320009462,306.6,305.2,306.17500000000007,309.08206606459606,311.559363867177,319.4353415696969,313.6431546505032,Down,56
2025-12-15 21:10:00,306.0439660004731,308.6,306.0439660004731,307.55,308.9427873314509,311.4021339116015,319.3170794645258,313.6431546505032,Down,99
2025-12-15 21:20:00,306.79698300023654,310.0,306.79698300023654,309.075,308.9548066649554,311.31087375820533,319.2151682260728,313.6431546505032,Down,73
2025-12-15 21:30:00,307.93599150011823,309.9,307.93599150011823,309.4,308.99527878632307,311.23593753239334,319.11750486063926,313.6431546505032,Down,58
2025-12-15 21:40:00,308.6679957500591,309.2,307.1,308.15,308.9184352602937,311.11492037426024,319.0083754590409,313.6431546505032,Down,72
2025-12-15 21:50:00,308.4089978750295,308.4089978750295,306.9,307.2,308.76221387299427,310.9613940850736,318.89087918581663,313.6431546505032,Down,41
2025-12-15 22:00:00,307.8044989375147,307.8044989375147,306.1,306.8,308.58383079363114,310.7982021601688,318.7705719302364,313.6431546505032,Down,49
2025-12-15 22:10:00,307.3022494687574,308.1,306.5,307.3,308.467118903301,310.6610177617308,318.65643688615444,313.6431546505032,Down,55
2025-12-15 22:20:00,307.30112473437873,308.1,307.1,307.75,308.4019262757282,310.54686020244725,318.54791512609324,313.6431546505032,Down,37
2025-12-15 22:30:00,307.52556236718937,308.9,307.5,308.25,308.38811479611655,310.45678725333164,318.4454483089182,313.6431546505032,Down,24
2025-12-15 22:40:00,307.8877811835947,309.5,307.5,308.375,308.38692254192415,310.37514853751475,318.3452448431578,313.6431546505032,Down,50
2025-12-15 22:50:00,308.13139059179736,308.7,307.6,308.15,308.36538412902195,310.2878878105534,318.2437996208378,313.6431546505032,Down,19
2025-12-15 23:00:00,308.1406952958987,308.7,307.2,308.04999999999995,308.3367128445654,310.2001275042572,318.14236877883945,313.6431546505032,Down,35
2025-12-15 23:10:00,308.0953476479493,308.0953476479493,306.7,307.525,308.2629207677867,310.0952205433059,318.0367233183535,313.6431546505032,Down,65
2025-12-15 23:20:00,307.81017382397465,308.6,307.4,308.075,308.24583706162423,310.0159962082743,317.9376016932953,313.6431546505032,Down,24
2025-12-15 23:30:00,307.9425869119873,308.7,306.5,307.575,308.1848518742038,309.92027086677336,317.8344912286854,313.6431546505032,Down,59
2025-12-15 23:40:00,307.75879345599367,308.5,306.7,307.6,308.1316835220034,309.82927985239013,317.73265549506664,313.6431546505032,Down,31
2025-12-15 23:50:00,307.67939672799685,309.8,307.3,308.6,308.1742577472758,309.78107279935523,317.64178330108587,313.6431546505032,Down,117
2025-12-16 00:00:00,308.1396983639984,310.8,308.1396983639984,309.35,308.2811434066144,309.7641679836942,317.55927799460744,313.6431546505032,Down,97
2025-12-16 09:00:00,308.7448491819992,308.7448491819992,304.9,305.775,308.05331218783124,309.6077300235494,317.4420214971487,313.6431546505032,Down,42
2025-12-16 09:10:00,307.2599245909996,307.5,305.6,306.15,307.88028380711927,309.4721327677239,317.3296630742915,313.6431546505032,Down,142
2025-12-16 09:20:00,306.7049622954998,306.7049622954998,305.5,305.775,307.6888943701084,309.32714716898965,317.214691302408,313.6431546505032,Down,89
2025-12-16 09:30:00,306.23998114774986,306.23998114774986,305.4,305.725,307.5103585182804,309.18588649569597,317.1003660158169,313.4749646441263,Down,38
2025-12-16 09:40:00,305.98249057387494,305.98249057387494,305.2,305.40000000000003,307.31850774389125,309.0374203586099,316.98394446342076,312.8348546503933,Down,38
2025-12-16 09:50:00,305.6912452869375,305.7,305.2,305.4,307.144097948992,308.89477642297817,316.8686813344315,312.21691760314167,Down,41
2025-12-16 10:00:00,305.54562264346873,305.7,305.1,305.35,306.98099813544724,308.7557655828614,316.7540675898103,311.7699250937651,Down,15
2025-12-16 10:10:00,305.4478113217344,305.4478113217344,304.9,305.15000000000003,306.8145437594975,308.61436301098445,316.6386042307077,311.1639507721934,Down,78
2025-12-16 10:20:00,305.2989056608672,305.3,304.8,305.07500000000005,306.656403417725,308.4755644615341,316.5235434920937,310.67731373756936,Down,43
2025-12-16 10:30:00,305.1869528304336,305.2,304.9,305.0,306.50582128884093,308.3392678159837,316.4088813677943,310.27483067051753,Down,31
2025-12-16 10:40:00,305.0934764152168,305.0934764152168,304.8,304.9,306.3598375353099,308.2043945682981,316.29436513527895,309.80330296815777,Down,28
2025-12-16 10:50:00,304.9967382076084,305.0,304.5,304.725,306.2112159411908,308.0679477224825,316.1792470742314,309.34687705504484,Down,36
2025-12-16 11:00:00,304.8608691038042,304.8608691038042,304.0,304.375,306.0442872192644,307.92312624316946,316.06179187946293,308.9224570033262,Down,83
2025-12-16 11:10:00,304.61793455190207,304.61793455190207,302.0,303.375,305.8016247447858,307.74476835128047,315.93555514434394,308.34460025066466,Down,352
2025-12-16 11:20:00,303.99646727595103,303.99646727595103,302.0,302.775,305.5264770407143,307.5498754747597,315.8046043468878,308.3020698971519,Down,160
2025-12-16 11:30:00,303.3857336379755,303.3857336379755,301.8,302.375,305.23997912792214,307.34693918163185,315.6709764429387,307.991166559321,Down,112
2025-12-16 11:40:00,302.88036681898774,302.88036681898774,300.8,301.92499999999995,304.9386173890201,307.13431411568547,315.53420055793435,307.5042256530651,Down,148
2025-12-16 11:50:00,302.4026834094939,302.4026834094939,301.2,301.7,304.6441976263819,306.9212037582076,315.3965468210395,307.38781043871853,Down,90
2025-12-16 12:00:00,302.05134170474696,302.05134170474696,300.8,301.3,304.3401796603472,306.70076439514065,315.2562826735665,306.9593121395284,Down,89
2025-12-16 12:10:00,301.6756708523735,301.7,301.2,301.52500000000003,304.08425423667927,306.49779324239006,315.11965299522257,306.6624011701408,Down,59
2025-12-16 12:20:00,301.6003354261868,301.7,301.4,301.6,303.85841294243573,306.30572291915905,314.98512908482235,306.3976374274007,Down,22
2025-12-16 12:30:00,301.6001677130934,302.0,301.2,301.725,303.6644663113052,306.12608672625083,314.8531875018888,306.29785220672795,Down,44
2025-12-16 12:40:00,301.6625838565467,302.2,301.0,301.55,303.47224210118657,305.94663234482925,314.72081747699434,306.29785220672795,Down,40
2025-12-16 12:50:00,301.6062919282733,301.6062919282733,301.0,301.175,303.2634019101696,305.7595095077771,314.58603322349194,305.80283245601123,Down,22
2025-12-16 13:00:00,301.39064596413664,301.5,301.0,301.20000000000005,303.075819918336,305.5807052133545,314.4528388630592,305.5224422653405,Down,33
2025-12-16 13:10:00,301.29532298206834,302.2,301.0,301.42499999999995,302.9257453803054,305.41773638145827,314.32320862561585,305.5224422653405,Down,83
2025-12-16 13:20:00,301.36016149103415,301.5,301.0,301.25,302.7734048911867,305.25429573904813,314.193126947749,305.35945641763675,Down,46
2025-12-16 13:30:00,301.3050807455171,301.3050807455171,300.1,300.70000000000005,302.58491353744245,305.0756959061443,314.0588669781197,304.8766210235255,Down,83
2025-12-16 13:40:00,301.0025403727586,301.0025403727586,300.5,300.6,302.40446685222037,304.90017841962884,313.9249479037105,304.7286309135342,Down,47
2025-12-16 13:50:00,300.80127018637927,301.8,300.6,301.225,302.2972425929276,304.75605377572185,313.7985802628776,304.7286309135342,Down,53
2025-12-16 14:00:00,301.01313509318965,301.7,300.6,301.275,302.20431144811596,304.61954186294844,313.6739675239435,304.7286309135342,Down,32
2025-12-16 14:10:00,301.1440675465948,301.8,300.9,301.32500000000005,302.12437404374174,304.49034414283284,313.55109222519775,304.7286309135342,Down,23
2025-12-16 14:20:00,301.2345337732974,301.9,301.2345337732974,301.625,302.0789764034016,304.377977705859,313.4324246408674,304.7286309135342,Down,9
2025-12-16 14:30:00,301.42976688664874,302.1,301.42976688664874,301.75,302.0490694576378,304.2749197566096,313.316181609615,304.7286309135342,Down,57
2025-12-16 14:40:00,301.5898834433244,302.1,301.1,301.5,301.999154052398,304.1660993739975,313.1986076632507,304.7286309135342,Down,38
2025-12-16 14:50:00,301.5449417216622,302.0,300.9,301.475,301.9515036839982,304.06056606521327,313.08195485068103,304.7286309135342,Down,96
2025-12-16 15:00:00,301.5099708608311,302.0,301.2,301.775,301.93545789454384,303.9709360234402,312.96944783724143,304.7286309135342,Down,76
2025-12-16 15:10:00,301.64248543041555,302.4,301.64248543041555,302.15,301.95496172231253,303.899526767619,312.86179163985594,304.7286309135342,Down,43
2025-12-16 15:20:00,301.8962427152078,302.5,301.8,302.15,301.97269247482956,303.8309178747713,312.7552066484146,304.7286309135342,Down,72
2025-12-16 15:30:00,302.0231213576039,302.1,301.1,301.6,301.93881134075417,303.74343089929005,312.6442095673359,304.7286309135342,Down,61
2025-12-16 15:40:00,301.8115606788019,301.8115606788019,301.0,301.175,301.8693739461401,303.6427081189257,312.53008807910373,304.7286309135342,Down,49
2025-12-16 15:50:00,301.49328033940094,301.5,301.0,301.3,301.81761267830916,303.5508372123012,312.4183459091624,304.7286309135342,Down,32
2025-12-16 16:00:00,301.3966401697005,301.9,301.1,301.45,301.78419334391737,303.46845143926976,312.309208138922,304.7286309135342,Down,22
2025-12-16 16:10:00,301.4233200848503,301.8,300.5,301.15,301.7265394035612,303.3775317749847,312.1981712420173,304.7286309135342,Down,71
2025-12-16 16:20:00,301.2866600424251,301.8,301.0,301.4,301.69685400323743,303.299981509299,312.090726752047,304.7286309135342,Down,51
2025-12-16 16:30:00,301.3433300212125,301.9,301.1,301.65000000000003,301.69259454839766,303.2352763520716,311.9868389236684,304.7286309135342,Down,58
2025-12-16 16:40:00,301.4966650106063,302.6,301.4966650106063,302.07500000000005,301.7273586803615,303.18977531865704,311.8882136607464,304.7286309135342,Down,95
2025-12-16 16:50:00,301.7858325053032,302.3,301.7,302.125,301.7635078912377,303.1480194238078,311.79106725616185,304.7286309135342,Down,28
2025-12-16 17:00:00,301.9554162526516,302.5,301.7,302.075,301.7918253556706,303.10594023071735,311.6943899700309,304.7286309135342,Down,21
2025-12-16 17:10:00,302.0152081263258,303.0,301.8,302.4,301.84711395970055,303.07825630010103,311.6019084777918,304.7286309135342,Down,73
2025-12-16 17:20:00,302.2076040631629,304.1,302.2076040631629,303.45,301.992830872455,303.0928344844108,311.5207949605999,304.7286309135342,Down,98
2025-12-16 17:30:00,302.8288020315814,305.6,302.8288020315814,304.55,302.2253007931409,303.14997823012015,311.45143381671335,304.7286309135342,Down,197
2025-12-16 17:40:00,303.68940101579074,305.1,303.6,304.35,302.4184552664917,303.1970379073704,311.3807727837113,304.7286309135342,Down,109
2025-12-16 17:50:00,304.0197005078954,304.0197005078954,302.1,303.0,302.47132296953794,303.18931093061076,311.297382009744,304.7286309135342,Down,78
2025-12-16 18:00:00,303.50985025394766,303.50985025394766,302.1,302.65,302.48756633594354,303.16816148235154,311.211338407657,304.7286309135342,Down,98
2025-12-16 18:10:00,303.0799251269738,303.2,302.0,302.725,302.5091512144941,303.1507826006907,311.1268972294714,304.7286309135342,Down,49
2025-12-16 18:20:00,302.9024625634869,303.9,302.0,303.075,302.56059201317646,303.14781073399695,311.0467788490787,304.7286309135342,Down,74
2025-12-16 18:30:00,302.9887312817434,305.1,302.9887312817434,303.925,302.6846291028877,303.17828874442847,310.9759153779436,304.7286309135342,Down,165
2025-12-16 18:40:00,303.4568656408717,304.1,302.6,303.225,302.7337537298979,303.18012055837244,310.8987918418447,304.7286309135342,Down,46
2025-12-16 18:50:00,303.34093282043585,303.7,302.2,303.05,302.7625033908163,303.17501779137746,310.8206944105826,304.7286309135342,Down,37
2025-12-16 19:00:00,303.19546641021793,304.3,302.4,303.2,302.80227580983296,303.17599748583325,310.7448666055022,304.7286309135342,Down,70
2025-12-16 19:10:00,303.197733205109,303.197733205109,301.5,302.2,302.7475234634845,303.13772307462415,310.6598430571887,304.7286309135342,Down,89
2025-12-16 19:20:00,302.6988666025545,303.2,302.2,302.6,302.7341122395314,303.11663589522715,310.5796456138336,304.7286309135342,Down,35
2025-12-16 19:30:00,302.6494333012772,304.3,301.7,302.625,302.7241929450285,303.09735605619863,310.50049491120836,304.7286309135342,Down,57
2025-12-16 19:40:00,302.6372166506386,302.9,300.0,301.25,302.59017540457137,303.02491072066147,310.4084501857237,304.7286309135342,Down,231
2025-12-16 19:50:00,301.9436083253193,301.9436083253193,300.1,300.6,302.40925036779214,302.92981618259637,310.3108536664628,304.7286309135342,Down,74
2025-12-16 20:00:00,301.2718041626597,301.2718041626597,300.3,300.79999999999995,302.262954879811,302.8462939793573,310.2162183065975,304.7286309135342,Down,84
2025-12-16 20:10:00,301.0359020813298,303.0,301.0359020813298,301.9,302.22995898164635,302.8091844115394,310.13346986573583,304.7286309135342,Down,95
2025-12-16 20:20:00,301.4679510406649,302.3,301.0,301.65,302.1772354378603,302.76372619932215,310.04905723025587,304.7286309135342,Down,61
2025-12-16 20:30:00,301.5589755203324,301.5589755203324,300.5,300.9,302.0611231253276,302.69063889738794,309.9580218349299,304.7286309135342,Down,57
2025-12-16 20:40:00,301.2294877601662,301.2294877601662,300.5,300.825,301.94874829575235,302.6174765876865,309.8671459957764,304.7286309135342,Down,27
2025-12-16 20:50:00,301.0272438800831,301.5,300.2,300.65000000000003,301.83068026886576,302.54032064307137,309.7754331002961,304.7286309135342,Down,52
2025-12-16 21:00:00,300.83862194004155,300.9,300.2,300.54999999999995,301.71425478987794,302.462268853147,309.68363774606433,304.7286309135342,Down,34
2025-12-16 21:10:00,300.69431097002075,301.5,300.3,300.925,301.6425043544345,302.40198380008246,309.5964871217254,304.7286309135342,Down,36
2025-12-16 21:20:00,300.80965548501035,301.0,300.3,300.825,301.56818577675864,302.34014129811845,309.50920864290225,304.7286309135342,Down,61
2025-12-16 21:30:00,300.8173277425052,301.2,300.5,300.95000000000005,301.51198706978056,302.2856259530942,309.424042387749,304.7286309135342,Down,46
2025-12-16 21:40:00,300.8836638712526,301.5,300.7,301.025,301.4677155179823,302.23618964120817,309.3404698266769,304.7286309135342,Down,31
2025-12-16 21:50:00,300.9543319356263,301.1,300.3,300.65,301.39337774362025,302.1739861258667,309.25399749009307,304.7286309135342,Down,41
2025-12-16 22:00:00,300.80216596781315,301.4,300.1,300.65,301.3257979487457,302.114221964068,309.1683855747688,304.7286309135342,Down,92
2025-12-16 22:10:00,300.72608298390657,301.2,300.5,300.75,301.27345268067785,302.0607230635163,309.08462054417413,304.7286309135342,Down,35
2025-12-16 22:20:00,300.73804149195325,302.4,300.6,301.325,301.2781388006162,302.03187117867253,309.0074103895057,304.7286309135342,Down,121
2025-12-16 22:30:00,301.03152074597665,303.5,301.03152074597665,302.375,301.37785345510565,302.04532721088145,308.9414162562768,304.7286309135342,Down,77
2025-12-16 22:40:00,301.7032603729883,303.4,301.7032603729883,302.975,301.5230485955506,302.0817849673175,308.88204893034373,304.7286309135342,Down,46
2025-12-16 22:50:00,302.3391301864942,303.6,302.3391301864942,303.25,301.68004417777325,302.12759732154035,308.8260086424796,304.7286309135342,Down,27
2025-12-16 23:00:00,302.7945650932471,305.0,302.3,303.825,301.87504016161205,302.19416213246035,308.77624736245497,304.7286309135342,Down,60
2025-12-16 23:10:00,303.3097825466235,305.2,303.3097825466235,304.375,302.10230923782916,302.27968518608935,308.7324538563609,304.7286309135342,Down,59
2025-12-16 23:20:00,303.84239127331176,306.0,303.4,304.45,302.3157356707538,302.3647955709486,308.68984237520306,304.7286309135342,Down,107
2025-12-16 23:30:00,304.1461956366559,304.8,303.9,304.52500000000003,302.51657788250344,302.4495094701271,308.6484011575394,304.7286309135342,Down,19
2025-12-16 23:40:00,304.335597818328,304.8,303.1,304.15,302.6650708022758,302.5161953732594,308.60364094701663,304.7286309135342,Down,29
2025-12-16 23:50:00,304.242798909164,304.242798909164,302.5,303.2,302.7137007293416,302.5430112409747,308.54987337540456,304.7286309135342,Down,44
2025-12-17 00:00:00,303.721399454582,303.721399454582,302.0,302.375,302.68290975394694,302.53642256485807,308.48843184928114,304.7286309135342,Down,65
2025-12-17 09:00:00,303.048199727291,306.2,303.048199727291,305.35,302.9253725035881,302.64675893486367,308.4572036716763,299.60270877102334,Up,44
2025-12-17 09:10:00,304.1990998636456,305.2,304.1,304.825,303.0980659123528,302.7321801531043,308.4210623416099,299.60270877102334,Up,130
2025-12-17 09:20:00,304.5120499318228,305.1,301.6,303.675,303.1505144657753,302.7691534804336,308.3738378406984,299.60270877102334,Up,163
2025-12-17 09:30:00,304.09352496591134,304.09352496591134,300.1,301.85,303.03228587797753,302.7331082459068,308.3089240313382,299.60270877102334,Up,181
2025-12-17 09:40:00,302.9717624829557,303.1,301.9,302.325,302.96798716179774,302.7171040009693,308.24938249868814,299.60270877102334,Up,82
2025-12-17 09:50:00,302.64838124147786,302.7,301.8,302.3,302.9072610561798,302.70074698132345,308.1901846628803,299.60270877102334,Up,62
2025-12-17 10:00:00,302.4741906207389,303.3,302.0,302.625,302.88160096016344,302.6977765114676,308.1348096911104,299.60270877102334,Up,67
2025-12-17 10:10:00,302.54959531036945,303.4,302.5,302.975,302.89009178196676,302.70864802082184,308.0834683011491,299.60270877102334,Up,40
2025-12-17 10:20:00,302.76229765518474,303.0,302.1,302.5,302.85462889269706,302.70046574549553,308.0279114026302,299.60270877102334,Up,25
2025-12-17 10:30:00,302.6311488275924,302.6311488275924,302.0,302.275,302.8019353569973,302.68378081429967,307.97066850310154,299.60270877102334,Up,23
2025-12-17 10:40:00,302.4530744137962,304.1,302.4530744137962,303.3,302.84721396090663,302.7079462725624,307.9241941896379,299.60270877102334,Up,57
2025-12-17 10:50:00,302.8765372068981,304.1,302.8765372068981,303.625,302.9179217826424,302.7439091638345,307.88141613799974,299.60270877102334,Up,52
2025-12-17 11:00:00,303.25076860344905,303.5,302.6,303.125,302.93674707512946,302.7588539025076,307.83408861423857,299.60270877102334,Up,54
2025-12-17 11:10:00,303.1878843017245,303.8,302.7,303.17500000000007,302.9584064319359,302.77517335731125,307.7877295235496,299.60270877102334,Up,62
2025-12-17 11:20:00,303.18144215086227,303.5,302.5,302.95,302.9576422108508,302.7820293040834,307.739592911375,299.60270877102334,Up,45
2025-12-17 11:30:00,303.0657210754312,303.3,301.0,302.15,302.8842201916825,302.7572438411782,307.68397507146085,299.60270877102334,Up,117
2025-12-17 11:40:00,302.6078605377156,302.6078605377156,301.2,301.525,302.7606547197114,302.70892055328886,307.6226917374165,299.60270877102334,Up,108
2025-12-17 11:50:00,302.06643026885774,302.7,301.1,301.75,302.66877701791947,302.6713158257089,307.56425699376064,299.60270877102334,Up,79
2025-12-17 12:00:00,301.9082151344289,302.4,301.5,301.8,302.58979728901767,302.6371465776419,307.50690120277795,299.60270877102334,Up,56
2025-12-17 12:10:00,301.85410756721444,302.3,301.7,301.875,302.5248157172888,302.6072584765579,307.45086238483987,299.60270877102334,Up,18
2025-12-17 12:20:00,301.8645537836072,301.8645537836072,301.0,301.45,302.42710519753524,302.5618757912027,307.3911523113589,299.60270877102334,Up,71
2025-12-17 12:30:00,301.6572768918036,301.6572768918036,300.5,301.0,302.2973683613957,302.5006257601751,307.327558756022,299.60270877102334,Up,69
2025-12-17 12:40:00,301.3286384459018,302.6,300.7,301.65,302.2385166921779,302.4672678872271,307.27106563407153,299.60270877102334,Up,47
2025-12-17 12:50:00,301.4893192229509,302.6,301.4893192229509,302.35,302.24865153834355,302.46266914655155,307.2220998068668,299.60270877102334,Up,35
2025-12-17 13:00:00,301.9196596114755,303.0,301.9196596114755,302.5,302.27150139849414,302.46413310158874,307.17511373913686,299.60270877102334,Up,59
2025-12-17 13:10:00,302.20982980573774,302.6,301.8,302.3,302.2740921804492,302.4576965093696,307.1266051447176,299.60270877102334,Up,15
2025-12-17 13:20:00,302.2549149028689,302.9,302.0,302.275,302.2741747094993,302.45053194037473,307.0783304666607,299.60270877102334,Up,22
2025-12-17 13:30:00,302.26495745143444,302.7,302.0,302.35,302.2810679177266,302.44658951134045,307.0312824023158,299.60270877102334,Up,25
2025-12-17 13:40:00,302.30747872571726,303.1,302.30747872571726,302.725,302.3214253797514,302.45750756971927,306.98843382119827,299.60270877102334,Up,25
2025-12-17 13:50:00,302.51623936285864,302.9,302.4,302.6,302.34675034522854,302.46309550816164,306.9447678130271,299.60270877102334,Up,11
2025-12-17 14:00:00,302.5581196814293,303.4,302.4,302.85,302.39250031384415,302.4782682333318,306.90402385468855,299.60270877102334,Up,48
2025-12-17 14:10:00,302.70405984071465,303.2,302.70405984071465,303.075,302.4545457398583,302.5016694790835,306.86592411484094,299.60270877102334,Up,23
2025-12-17 14:20:00,302.8895299203573,303.0,302.6,302.825,302.4882233998712,302.51434910735475,306.8257159146933,299.60270877102334,Up,19
2025-12-17 14:30:00,302.85726496017867,303.2,302.6,302.925,302.52793036351926,302.5304530639291,306.7869028210148,299.60270877102334,Up,30
2025-12-17 14:40:00,302.89113248008937,303.7,302.89113248008937,303.375,302.6049366941084,302.5635725516181,306.75295353921365,299.60270877102334,Up,46
2025-12-17 14:50:00,303.1330662400447,303.5,303.1330662400447,303.425,302.67948790373487,302.5973540201821,306.7198395736493,299.77558868034316,Up,30
2025-12-17 15:00:00,303.27903312002235,303.5,303.27903312002235,303.4,302.7449890033953,302.6288303331161,306.68680634406076,300.09012456758376,Up,3
2025-12-17 15:10:00,303.33951656001113,303.8,303.3,303.55,302.81817182126844,302.6649546337782,306.6555943406373,300.3687345523387,Up,19
2025-12-17 15:20:00,303.44475828000554,303.9,303.3,303.675,302.89606529206225,302.70456425598303,306.6259366855066,300.4897586839443,Up,10
2025-12-17 15:30:00,303.55987914000275,303.9,303.55987914000275,303.7,302.96915026551113,302.74360095182686,306.5968228876409,300.7787671517699,Up,22
2025-12-17 15:40:00,303.6299395700014,303.7,303.5,303.6,303.02650024137375,302.7771852282258,306.5670037544305,300.8443887106987,Up,3
2025-12-17 15:50:00,303.6149697850007,303.9,303.6,303.75,303.0922729467034,302.81533482711893,306.5389738663267,301.13580791881697,Up,26
2025-12-17 16:00:00,303.6824848925004,304.5,303.6824848925004,304.125,303.1861572242758,302.8666942456633,306.51495422586584,301.41742596972034,Up,41
2025-12-17 16:10:00,303.9037424462502,305.8,303.9037424462502,305.1,303.3601429311598,302.9542748634804,306.5008750793398,301.7315807703707,Up,85
2025-12-17 16:20:00,304.50187122312514,305.9,304.50187122312514,305.35,303.5410390283271,303.04822486883415,306.489423586013,301.85589746292226,Up,81
2025-12-17 16:30:00,304.9259356115626,305.5,304.6,304.9,303.6645809348428,303.1208435014289,306.4736084259532,301.85589746292226,Up,60
2025-12-17 16:40:00,304.91296780578125,305.0,304.1,304.65,303.7541644862207,303.1808104229415,306.45546306848104,301.85589746292226,Up,23
2025-12-17 16:50:00,304.7814839028906,304.9,304.0,304.54999999999995,303.82651316929156,303.2345041318457,306.43650323695385,301.85589746292226,Up,14
2025-12-17 17:00:00,304.6657419514453,305.1,304.4,304.65,303.90137560844687,303.29001377373413,306.41872708534237,301.85589746292226,Up,12
2025-12-17 17:10:00,304.65787097572263,305.1,304.65787097572263,304.975,303.9989778258608,303.3560916649602,306.4043616417071,301.85589746292226,Up,26
2025-12-17 17:20:00,304.8164354878613,305.6,304.8164354878613,305.225,304.11043438714614,303.429382187903,306.39262669999863,302.0033427542362,Up,62
2025-12-17 17:30:00,305.0207177439307,305.5,305.0,305.225,304.2117585337692,303.49979857269113,306.38100852387925,302.1546591002778,Up,34
2025-12-17 17:40:00,305.1228588719654,305.3,304.8,305.025,304.28568957615386,303.5596103933699,306.36751590175106,302.1546591002778,Up,23
2025-12-17 17:50:00,305.0739294359827,305.8,305.0,305.2,304.3688087055944,303.62393939755145,306.35589882810183,302.3856686779155,Up,33
2025-12-17 18:00:00,305.1369647179913,305.3,303.4,304.275,304.3602806414495,303.64947118588276,306.3351933671257,302.3856686779155,Up,77
2025-12-17 18:10:00,304.70598235899564,304.70598235899564,303.0,303.5,304.2820733104086,303.6436095707501,306.30698248785086,302.3856686779155,Up,83
2025-12-17 18:20:00,304.10299117949785,305.1,303.3,304.15,304.2700666458259,303.663468018956,306.28551997553393,302.3856686779155,Up,47
2025-12-17 18:30:00,304.1264955897489,305.2,303.9,304.5,304.29096967802354,303.6962731946832,306.2677536076182,302.3856686779155,Up,15
2025-12-17 18:40:00,304.3132477948744,305.7,304.0,304.85,304.341790616385,303.741517383127,306.2536466065474,302.3856686779155,Up,52
2025-12-17 18:50:00,304.5816238974372,309.2,304.5816238974372,307.29999999999995,304.6107187421682,303.8810657210436,306.2640580830992,302.3856686779155,Up,227
2025-12-17 19:00:00,305.9408119487186,308.9,305.9408119487186,308.5,304.9642897656075,304.0622003986498,306.2863062613768,302.3856686779155,Up,141
2025-12-17 19:10:00,307.2204059743593,309.2,307.0,308.29999999999995,305.2675361505522,304.2283886183106,306.306343014995,302.3856686779155,Up,178
2025-12-17 19:20:00,307.76020298717964,308.2,307.0,307.85,305.5023055914111,304.3704125940631,306.32170278599006,302.3856686779155,Up,82
2025-12-17 19:30:00,307.80510149358986,308.5,307.4,307.9,305.7202778103737,304.5088277864528,306.33740723588073,302.3856686779155,Up,142
2025-12-17 19:40:00,307.8525507467949,307.8525507467949,305.9,306.725,305.8116161912488,304.5957365007095,306.34126388029983,302.3856686779155,Up,120
2025-12-17 19:50:00,307.28877537339747,307.28877537339747,305.7,306.27500000000003,305.8537419920444,304.6615899712699,306.34060453820734,302.3856686779155,Up,55
2025-12-17 20:00:00,306.7818876866987,307.7,306.0,306.9,305.94885635640395,304.74937075671033,306.3461706622053,302.3856686779155,Up,71
2025-12-17 20:10:00,306.8409438433493,307.7,306.7,307.075,306.0512330512763,304.84057190350603,306.3534226954172,302.3856686779155,Up,40
2025-12-17 20:20:00,306.9579719216747,307.6,306.6,306.875,306.1261209557057,304.9203533974862,306.35861251934335,302.3856686779155,Up,43
2025-12-17 20:30:00,306.9164859608373,308.0,306.1,307.15,306.21920086882335,305.00779051915345,306.3664870216385,302.3856686779155,Up,63
2025-12-17 20:40:00,307.03324298041866,308.4,306.6,307.45,306.3310916989303,305.10356343997097,306.37726824530375,302.3856686779155,Up,114
2025-12-17 20:50:00,307.2416214902093,307.2416214902093,306.9,307.0,306.39190154448215,305.17793350114863,306.3834645811714,302.3856686779155,Up,14
2025-12-17 21:00:00,307.1208107451047,308.9,307.0,307.95,306.5335468586201,305.28664199129963,306.39905199827416,302.3856686779155,Up,135
2025-12-17 21:10:00,307.5354053725523,309.0,307.5354053725523,308.55,306.71686078056376,305.4146168151703,306.42045446595307,302.3856686779155,Up,40
2025-12-17 21:20:00,308.04270268627613,308.5,307.2,307.8,306.8153279823307,305.50816125379106,306.43418128718736,302.3856686779155,Up,61
2025-12-17 21:30:00,307.9213513431381,307.9213513431381,307.0,307.225,306.8525708930279,305.57548826344635,306.44205013010094,302.3856686779155,Up,30
2025-12-17 21:40:00,307.57317567156906,308.0,306.9,307.25,306.88870081184353,305.64115539037005,306.450089432289,302.3856686779155,Up,53
2025-12-17 21:50:00,307.41158783578453,307.5,305.6,306.45,306.84881891985776,305.6728747868261,306.45008854241553,302.3856686779155,Up,125
2025-12-17 22:00:00,306.9307939178923,307.4,305.6,306.52500000000003,306.8193808362343,305.7062914618526,306.4508339300532,302.3856686779155,Up,40
2025-12-17 22:10:00,306.7278969589462,307.5,306.1,306.75,306.8130734874857,305.74722120844655,306.4538107068686,302.3856686779155,Up,24
2025-12-17 22:20:00,306.7389484794731,306.8,306.1,306.425,306.7777940795325,305.7738007688996,306.45352403316843,302.3856686779155,Up,25
2025-12-17 22:30:00,306.5819742397365,306.7,306.3,306.55,306.75708552684773,305.80423995443294,306.4544839930374,302.3856686779155,Up,7
2025-12-17 22:40:00,306.5659871198683,306.9,306.4,306.54999999999995,306.73825956986155,305.833485446416,306.45543440106684,302.3856686779155,Up,9
2025-12-17 22:50:00,306.5579935599341,307.5,306.0,306.725,306.7370541544196,305.86844680145845,306.4581166458323,302.3856686779155,Up,69
2025-12-17 23:00:00,306.64149677996704,307.9,306.6,307.05,306.7655037767451,305.91478222100915,306.464006032441,302.3856686779155,Up,50
2025-12-17 23:10:00,306.8457483899836,306.8457483899836,306.1,306.55,306.7459125243137,305.93969272214605,306.4648616938097,302.3856686779155,Up,23
2025-12-17 23:20:00,306.6978741949917,307.3,306.3,306.725,306.7440113857397,305.97048908598344,306.46745013466733,302.3856686779155,Up,20
2025-12-17 23:30:00,306.7114370974959,307.4,306.2,306.92499999999995,306.76046489612696,306.00792088653316,306.4720028696458,302.3856686779155,Up,44
2025-12-17 23:40:00,306.81821854874795,307.4,306.5,306.975,306.77996808738817,306.04584555764956,306.4770078162165,302.3856686779155,Up,23
2025-12-17 23:50:00,306.896609274374,307.1,305.4,306.15,306.72269826126194,306.04993004558486,306.4737540070999,302.3856686779155,Up,140
2025-12-18 00:00:00,306.523304637187,306.523304637187,305.2,305.625,306.6229075102381,306.0332661222286,306.46530869359646,302.3856686779155,Up,36
2025-12-18 09:00:00,306.0741523185935,311.2,306.0741523185935,309.65,306.8980977365801,306.1750988233177,306.49699716430695,302.3856686779155,Up,33
2025-12-18 09:10:00,307.86207615929675,308.7,307.86207615929675,308.20000000000005,307.01645248780005,306.2545067125993,306.5139424661547,302.3856686779155,Up,106
2025-12-18 09:20:00,308.0310380796484,308.7,308.0310380796484,308.4,307.1422295343637,306.33864370426215,306.532709207785,302.3856686779155,Up,63
2025-12-18 09:30:00,308.2155190398242,309.2,308.2155190398242,308.725,307.28611775851243,306.432226304095,306.5545230465135,302.6791718260132,Up,92
2025-12-18 09:40:00,308.47025951991213,309.0,308.47025951991213,308.75,307.419197962284,306.523119390209,306.5763685883392,303.06196259092513,Up,28
2025-12-18 09:50:00,308.61012975995607,309.0,308.6,308.85,307.5492708748036,306.6143696102008,306.5989917864652,303.4971207554264,Up,33
2025-12-18 10:00:00,308.73006487997804,308.9,308.6,308.77500000000003,307.660700795276,306.6991002137224,306.62064360948546,303.8201097776604,Up,21
2025-12-18 10:10:00,308.75253243998907,308.8,308.3,308.57500000000005,307.74381890479634,306.7726649112235,306.64008994172934,303.88646343423676,Up,25
2025-12-18 10:20:00,308.66376621999456,308.8,308.3,308.475,307.81028991345124,306.8394231499991,306.6583477532545,304.1286031220334,Up,38
2025-12-18 10:30:00,308.56938310999726,308.6,308.0,308.25,307.8502635576829,306.8947398892148,306.67418508904296,304.1286031220334,Up,46
2025-12-18 10:40:00,308.40969155499863,308.40969155499863,307.6,307.875,307.8525123251663,306.9331814621868,306.6861334961172,304.1286031220334,Up,55
2025-12-18 10:50:00,308.1423457774993,308.1423457774993,306.9,307.35,307.8068293865148,306.9495272871991,306.6927391329718,304.1286031220334,Up,41
2025-12-18 11:00:00,307.7461728887497,307.8,306.7,307.1,307.7425721695589,306.9554281778972,306.6967914799074,304.1286031220334,Up,67
2025-12-18 11:10:00,307.42308644437486,308.2,306.6,307.475,307.7182474268717,306.97580354346985,306.7045348482665,304.1286031220334,Up,57
2025-12-18 11:20:00,307.44904322218747,308.7,307.44904322218747,308.0,307.74386129715606,307.0159681103926,306.7174250487813,304.1286031220334,Up,16
2025-12-18 11:30:00,307.72452161109373,308.7,307.6,308.1,307.7762375428691,307.058479164887,306.73118201347006,304.1286031220334,Up,61
2025-12-18 11:40:00,307.9122608055469,308.5,307.9122608055469,308.25,307.8193068571537,307.1052054721463,306.74629463025144,304.1286031220334,Up,25
2025-12-18 11:50:00,308.08113040277345,309.2,307.7,308.375,307.8698244155943,307.1550013359837,306.76250065383107,304.1286031220334,Up,124
2025-12-18 12:00:00,308.2280652013867,308.9,308.2280652013867,308.75,307.94984037781296,307.2175503032,306.7822767667283,304.282565961046,Up,15
2025-12-18 12:10:00,308.4890326006933,308.9,308.0,308.45,307.99530943437543,307.26588166385886,306.79887102775587,304.282565961046,Up,20
2025-12-18 12:20:00,308.46951630034664,308.46951630034664,307.2,307.675,307.9661903948868,307.2819255201781,306.8075887289723,304.282565961046,Up,30
2025-12-18 12:30:00,308.0722581501733,308.0722581501733,306.6,307.075,307.8851730862607,307.27381079389664,306.81024953763927,304.282565961046,Up,62
2025-12-18 12:40:00,307.5736290750866,307.6,306.7,307.15,307.8183391693279,307.2689554686458,306.8136301392548,304.282565961046,Up,43
2025-12-18 12:50:00,307.3618145375433,308.0,307.2,307.7,307.80758106302534,307.2858591757577,306.8224497398593,304.282565961046,Up,20
2025-12-18 13:00:00,307.53090726877167,308.1,307.53090726877167,308.025,307.8273464209321,307.3148450904339,306.83441541408956,304.282565961046,Up,5
2025-12-18 13:10:00,307.7779536343858,308.2,307.6,307.85,307.82940583721097,307.3358315574757,306.84452073335234,304.282565961046,Up,15
2025-12-18 13:20:00,307.8139768171929,308.5,307.6,308.025,307.8471871247372,307.36285777090797,306.85626679570703,304.282565961046,Up,18
2025-12-18 13:30:00,307.91948840859646,308.4,307.9,308.15,307.8747155679429,307.39372609361743,306.86913976291396,304.41301161728694,Up,5
2025-12-18 13:40:00,308.03474420429825,308.4,307.9,308.15,307.8997414254026,307.4233838938677,306.88188464089495,304.57091965207906,Up,11
2025-12-18 13:50:00,308.0923721021491,308.4,307.3,307.95,307.90431038672966,307.4440355058729,306.8925126544184,304.57091965207906,Up,32
2025-12-18 14:00:00,308.0211860510745,308.0211860510745,307.7,307.7,307.8857367152088,307.454073329172,306.90054735437445,304.57091965207906,Up,2
2025-12-18 14:10:00,307.86059302553724,308.6,307.7,308.05,307.9006697410989,307.47744300253777,306.91198469413195,304.69695551435484,Up,37
2025-12-18 14:20:00,307.95529651276865,308.9,307.95529651276865,308.6,307.96424521918084,307.5214648455755,306.92878086632965,304.94498836498644,Up,43
2025-12-18 14:30:00,308.27764825638434,308.7,308.2,308.40000000000003,308.0038592901644,307.5559172045726,306.9434198626846,305.10212737145645,Up,52
2025-12-18 14:40:00,308.3388241281922,308.6,308.0,308.275,308.028508445604,307.5841165298835,306.95666941628974,305.10212737145645,Up,13
2025-12-18 14:50:00,308.3069120640961,308.7,307.8,308.29999999999995,308.0531894960036,307.6121903914567,306.9700358897595,305.10212737145645,Up,28
2025-12-18 15:00:00,308.303456032048,308.9,308.303456032048,308.675,308.1097177236396,307.65386919963487,306.9870007067768,305.39040372711077,Up,12
2025-12-18 15:10:00,308.489228016024,309.5,308.489228016024,309.1,308.19974338512696,307.7105802114139,307.0080255753661,305.7076748420996,Up,46
2025-12-18 15:20:00,308.794614008012,309.5,308.794614008012,309.25,308.29522125920636,307.7709496148879,307.0303337785963,305.9026764924536,Up,23
2025-12-18 15:30:00,309.022307004006,309.1,309.0,309.025,308.36156478109666,307.82012806136294,307.05018120368493,306.0094268076797,Up,21
2025-12-18 15:40:00,309.02365350200296,309.02365350200296,308.2,308.65,308.3877861646333,307.85267205895656,307.0660997986731,306.0094268076797,Up,20
2025-12-18 15:50:00,308.83682675100147,309.0,308.4,308.65,308.4116237860303,307.88393982135045,307.08185999968134,306.0094268076797,Up,13
2025-12-18 16:00:00,308.7434133755007,309.2,308.7434133755007,309.0,308.4651125327548,307.92770688717985,307.1009459698338,306.0409980534,Up,18
2025-12-18 16:10:00,308.8717066877504,309.3,308.8,309.025,308.5160113934134,307.9707379896434,307.1200907860544,306.2039012414997,Up,39
2025-12-18 16:20:00,308.9483533438752,309.3,308.8,309.025,308.56228308492126,308.0120815978927,307.1390451065912,306.28081931045426,Up,43
2025-12-18 16:30:00,308.9866766719376,309.5,308.4,308.825,308.5861664408375,308.04396075091654,307.1558207771724,306.28081931045426,Up,195
2025-12-18 16:40:00,308.9058383359688,309.1,308.4,308.625,308.5896967643977,308.0667466038218,307.170439475907,306.28081931045426,Up,18
2025-12-18 16:50:00,308.7654191679844,308.7654191679844,308.3,308.54999999999995,308.5860879676342,308.08569771739747,307.18416644629605,306.28081931045426,Up,14
2025-12-18 17:00:00,308.6577095839922,309.1,308.4,308.775,308.60326178875835,308.11272917946036,307.19999563588516,306.28081931045426,Up,18
2025-12-18 17:10:00,308.7163547919961,309.0,308.5,308.875,308.6279652625076,308.14262215281485,307.21666234597586,306.28081931045426,Up,5
2025-12-18 17:20:00,308.79567739599804,310.3,308.7,309.475,308.7049684204614,308.19487226446915,307.23913336740895,306.43001258954655,Up,93
2025-12-18 17:30:00,309.13533869799903,310.4,309.13533869799903,310.0,308.8226985640558,308.26566158743117,307.266604677186,306.5168948660415,Up,103
2025-12-18 17:40:00,309.5676693489995,310.2,309.5676693489995,309.95,308.925180512778,308.33171407419854,307.29330512815926,306.6986467259923,Up,29
2025-12-18 17:50:00,309.7588346744998,310.5,309.7588346744998,310.075,309.02970955707093,308.4000782281516,307.320983684098,306.9642772656976,Up,52
2025-12-18 18:00:00,309.91691733724986,311.4,309.91691733724986,310.7,309.18155414279175,308.49027123881234,307.35460573699254,307.2417558171228,Up,96
2025-12-18 18:10:00,310.3084586686249,312.4,310.3084586686249,311.625,309.40368558435614,308.6132017784668,307.39709722219663,307.4875753488105,Up,192
2025-12-18 18:20:00,310.96672933431245,312.7,310.96672933431245,312.275,309.66471416759646,308.75680170872306,307.4456335682445,307.68794443826806,Up,103
2025-12-18 18:30:00,311.6208646671562,314.6,311.6208646671562,313.32500000000005,309.9974674250877,308.93594673975355,307.50413472676945,308.2585465499184,Up,279
2025-12-18 18:40:00,312.4729323335781,314.8,312.4729323335781,313.8,310.34315220462514,309.1266939264299,307.5667801523738,308.3794544847632,Up,266
2025-12-18 18:50:00,313.1364661667891,314.2,313.0,313.55,310.6346838223865,309.30015690970714,307.6263146782208,308.38453483452196,Up,118
2025-12-18 19:00:00,313.3432330833946,314.8,312.6,313.525,310.89743983853316,309.4658370308951,307.6850080645072,308.38453483452196,Up,290
2025-12-18 19:10:00,313.4341165416973,313.4341165416973,311.5,312.42499999999995,311.036308944121,309.5818826375267,307.73217216336786,308.38453483452196,Up,139
2025-12-18 19:20:00,312.9295582708486,312.9295582708486,310.8,311.775,311.1034626764736,309.66788723997666,307.77239930602093,308.38453483452196,Up,125
2025-12-18 19:30:00,312.3522791354243,312.3522791354243,310.0,310.675,311.0645115240669,309.7073818580168,307.801280904966,308.38453483452196,Up,104
2025-12-18 19:40:00,311.5136395677122,311.5136395677122,308.5,309.375,310.91091956733356,309.69434727534946,307.81693980143405,308.38453483452196,Up,307
2025-12-18 19:50:00,310.4443197838561,310.4443197838561,308.6,309.2,310.7553814248487,309.6749611076887,307.83070159445464,308.38453483452196,Up,105
2025-12-18 20:00:00,309.82215989192804,309.82215989192804,308.0,308.95000000000005,310.5912558407715,309.6465312603284,307.8418388920223,308.38453483452196,Up,98
2025-12-18 20:10:00,309.38607994596407,309.6,308.3,308.975,310.4443234916104,309.62019670109987,307.8531141269275,308.38453483452196,Up,77
2025-12-18 20:20:00,309.18053997298205,310.3,309.18053997298205,309.75,310.3812031741913,309.6252870265469,307.87198861322673,308.38453483452196,Up,97
2025-12-18 20:30:00,309.465269986491,309.7,308.8,309.375,310.2897301583557,309.61547184903526,307.8869439504086,308.38453483452196,Up,41
2025-12-18 20:40:00,309.4201349932455,309.6,308.9,309.3,310.1997546894143,309.6031004039751,307.90100420960846,308.38453483452196,Up,20
2025-12-18 20:50:00,309.3600674966227,310.0,309.3,309.5,310.13614062674026,309.599057250878,307.916914615483,308.38453483452196,Up,33
2025-12-18 21:00:00,309.43003374831136,310.0,308.1,309.05,310.03740056976386,309.57752559398085,307.928189096921,308.38453483452196,Up,147
2025-12-18 21:10:00,309.2400168741557,309.2400168741557,305.0,307.125,309.7726368816035,309.4813481197071,307.9201971656084,314.0521074056206,Down,290
2025-12-18 21:20:00,308.18250843707784,308.18250843707784,305.0,305.825,309.4137608014577,309.3379619189343,307.89934943261727,314.0504381670606,Down,147
2025-12-18 21:30:00,307.0037542185389,307.0037542185389,303.8,305.425,309.0511461831434,309.1845124319173,307.87472904025293,313.3479549601215,Down,183
2025-12-18 21:40:00,306.21437710926944,307.0,305.5,306.15,308.7874056210394,309.0655119443911,307.8575675572653,313.3479549601215,Down,140
2025-12-18 21:50:00,306.1821885546347,306.8,304.5,305.625,308.49991420094494,308.9305899073562,307.8353529547055,313.3479549601215,Down,97
2025-12-18 22:00:00,305.9035942773173,305.9035942773173,304.5,305.05,308.1862856372227,308.7784099109893,307.80763799993235,312.9158598592249,Down,85
2025-12-18 22:10:00,305.47679713865864,305.5,303.8,304.67499999999995,307.8670778520206,308.61749187526425,307.7764674725699,312.28096610960563,Down,107
2025-12-18 22:20:00,305.0758985693293,305.0758985693293,303.3,303.775,307.49507077456417,308.4275902330971,307.73665187582793,311.77097250042596,Down,86
2025-12-18 22:30:00,304.42544928466464,304.42544928466464,303.5,303.85,307.1637007041492,308.2480768906227,307.69797872283465,311.1929091238115,Down,31
2025-12-18 22:40:00,304.1377246423324,304.4,301.4,302.79999999999995,306.7670006401356,308.0344268164807,307.6492426161398,310.563804074072,Down,161
2025-12-18 22:50:00,303.46886232116617,303.46886232116617,301.3,302.125,306.34500058194146,307.80268458838344,307.59427502791954,310.14020298107255,Down,119
2025-12-18 23:00:00,302.7969311605831,302.7969311605831,301.0,301.75,305.9272732563104,307.5653244084468,307.536123037592,309.6025967482213,Down,113
2025-12-18 23:10:00,302.27346558029154,302.27346558029154,300.0,300.75,305.45661205119126,307.2980567845862,307.46859942527766,308.96720315382424,Down,122
2025-12-18 23:20:00,301.51173279014574,301.51173279014574,298.6,299.375,304.9037382283557,306.9873486753868,307.38806609766294,308.2332877402882,Down,179
2025-12-18 23:30:00,300.44336639507287,300.44336639507287,296.2,297.825,304.26021657123243,306.6280408841952,307.292911211119,307.29874492775866,Down,228
2025-12-18 23:40:00,299.13418319753646,299.6,296.5,298.2,303.7092877920295,306.2975294769718,307.2024344826502,307.29874492775866,Down,155
2025-12-18 23:50:00,298.66709159876825,299.3,298.0,298.75,303.25844344729956,306.00154792885525,307.1183306569522,307.29874492775866,Down,90
2025-12-19 00:00:00,298.7085457993841,298.7085457993841,296.5,297.55,302.7394940429996,305.6701146767433,307.0231233867338,306.5284364836306,Down,98
2025-12-19 09:00:00,298.12927289969207,298.12927289969207,294.3,296.175,302.14272185727236,305.29775723843966,306.9151818604977,305.71997530786,Down,33
2025-12-19 09:10:00,297.152136449846,297.152136449846,293.6,294.20000000000005,301.42065623388396,304.8625510722264,306.7886626380052,305.3089713503343,Down,277
2025-12-19 09:20:00,295.67606822492303,295.67606822492303,293.0,293.5,300.70059657625814,304.4169608340999,306.6564371391196,304.3410617628074,Down,209
2025-12-19 09:30:00,294.5880341124615,294.5880341124615,292.4,293.125,300.01190597841645,303.9741388406058,306.52179597355627,303.38332732471304,Down,240
2025-12-19 09:40:00,293.8565170562308,293.8565170562308,291.0,292.125,299.2949145258331,303.50946672920946,306.37854427232685,302.457274065365,Down,260
2025-12-19 09:50:00,292.9907585281154,292.9907585281154,290.8,291.125,298.5521950234846,303.0238013672797,306.2267677124032,301.8093055808721,Down,228
2025-12-19 10:00:00,292.0578792640577,292.0578792640577,291.1,291.4,297.9019954758951,302.56796601954323,306.0792376854141,300.93991965242657,Down,137
2025-12-19 10:10:00,291.72893963202887,291.72893963202887,290.3,291.025,297.2768140689955,302.1153006854435,305.92944427560906,300.0440660643864,Down,210
2025-12-19 10:20:00,291.3769698160144,292.0,290.9,291.42499999999995,296.7448309718141,301.696073207583,305.7851214469961,300.0440660643864,Down,104
2025-12-19 10:30:00,291.4009849080072,293.0,291.4009849080072,292.35,296.34530088346736,301.3295605327758,305.65143864652845,300.0440660643864,Down,102
2025-12-19 10:40:00,291.8754924540036,294.1,291.8754924540036,293.55,296.0911826213339,301.0244797275689,305.53102632168736,300.0440660643864,Down,199
2025-12-19 10:50:00,292.71274622700184,293.9,292.7,293.32500000000005,295.83971147393993,300.72253934609563,305.40957332346164,300.0440660643864,Down,63
2025-12-19 11:00:00,293.01887311350094,293.4,292.9,293.15,295.59519224903624,300.42557701879775,305.28758751924806,300.0440660643864,Down,47
2025-12-19 11:10:00,293.08443655675046,293.5,292.4,293.0,295.35926568094203,300.1343779200214,305.1653229668177,300.0440660643864,Down,43
2025-12-19 11:20:00,293.04221827837523,294.8,292.7,293.57500000000005,295.19705970994727,299.8771474133539,305.049996370133,300.0440660643864,Down,152
2025-12-19 11:30:00,293.30860913918764,294.1,293.30860913918764,293.85,295.0745997363157,299.64078869126155,304.93855362018144,300.0440660643864,Down,70
2025-12-19 11:40:00,293.57930456959383,294.3,293.2,293.8,294.9587270330142,299.41173815434934,304.82772224087614,300.0440660643864,Down,54
2025-12-19 11:50:00,293.6896522847969,294.6,293.5,293.975,294.8692973027402,299.1985327365317,304.71973495489726,300.0440660643864,Down,124
2025-12-19 12:00:00,293.8323261423985,295.0,293.8,294.325,294.81981572976383,299.00741380568735,304.6163047563411,300.0440660643864,Down,85
2025-12-19 12:10:00,294.07866307119923,294.7,293.6,294.225,294.7657415725126,298.8198681662487,304.51290868911383,300.0440660643864,Down,93
2025-12-19 12:20:00,294.1518315355996,294.2,293.3,293.67499999999995,294.6665832477387,298.61810863031735,304.40506880166,299.7279200277583,Down,34
2025-12-19 12:30:00,293.9134157677998,294.1,292.6,293.475,294.5582574979443,298.4164180957951,304.29631189816087,299.32992729796206,Down,46
2025-12-19 12:40:00,293.69420788389994,294.8,293.5,294.15,294.5211431799493,298.24910758223456,304.195353570816,299.32992729796206,Down,134
2025-12-19 12:50:00,293.92210394195,294.5,293.4,294.04999999999995,294.4783119817721,298.0844366966567,304.09440477906656,299.32992729796206,Down,111
2025-12-19 13:00:00,293.9860519709749,294.8,293.9,294.3,294.46210180161097,297.93602741443493,303.99694801509577,299.32992729796206,Down,47
2025-12-19 13:10:00,294.1430259854875,294.6,294.0,294.35,294.45191072873723,297.7953988883787,303.9009584826073,299.32992729796206,Down,9
2025-12-19 13:20:00,294.24651299274376,294.3,293.6,293.90000000000003,294.40173702612475,297.642638147658,303.8014464579047,299.03422629972005,Down,24
2025-12-19 13:30:00,294.07325649637187,294.6,293.6,294.02500000000003,294.36748820556795,297.5007699850047,303.70416838369675,299.03422629972005,Down,24
2025-12-19 13:40:00,294.049128248186,294.7,293.9,294.25,294.35680745960724,297.3732888091222,303.6100970564958,299.03422629972005,Down,39
2025-12-19 13:50:00,294.149564124093,294.9,294.0,294.3,294.35164314509746,297.2527676793527,303.51745927483915,299.03422629972005,Down,38
2025-12-19 14:00:00,294.22478206204653,294.9,294.0,294.4,294.35603922281587,297.14089443702517,303.4267382870298,299.03422629972005,Down,41
2025-12-19 14:10:00,294.31239103102325,294.7,293.8,294.35,294.35549020255985,297.03144759635757,303.3364224831788,298.76910407244907,Down,42
2025-12-19 14:20:00,294.33119551551164,295.0,294.2,294.6,294.3777183659635,296.9360967102259,303.24949290623175,298.76910407244907,Down,62
2025-12-19 14:30:00,294.46559775775586,295.8,294.46559775775586,295.275,294.45928942360314,296.87095566276605,303.17014471811007,298.76910407244907,Down,113
2025-12-19 14:40:00,294.8702988788779,295.7,294.8702988788779,295.35,294.5402631123665,296.8113103426576,303.0923323328552,298.76910407244907,Down,34
2025-12-19 14:50:00,295.11014943943894,295.8,295.11014943943894,295.475,294.62523919306045,296.7589060154945,303.01653798128456,298.76910407244907,Down,74
2025-12-19 15:00:00,295.2925747197195,295.7,295.2925747197195,295.475,294.7024901755095,296.7085567599849,302.9414978023663,298.76910407244907,Down,38
2025-12-19 15:10:00,295.3837873598597,295.3837873598597,294.1,294.70000000000005,294.70226379591776,296.6297898282208,302.85949284910896,298.76910407244907,Down,55
2025-12-19 15:20:00,295.0418936799299,295.0418936799299,293.0,293.825,294.6225125417434,296.51979807025134,302.76959739787407,298.5195031286381,Down,125
2025-12-19 15:30:00,294.433446839965,294.433446839965,291.4,292.775,294.45455685613035,296.372943243967,302.670148667547,298.10939162421806,Down,246
2025-12-19 15:40:00,293.6042234199825,293.6042234199825,291.7,292.625,294.28823350557303,296.2259650775369,302.57019693951173,298.06516404838084,Down,85
2025-12-19 15:50:00,293.1146117099912,294.1,293.1,293.55,294.22112136870277,296.12102527057465,302.4804437361335,298.06516404838084,Down,96
2025-12-19 16:00:00,293.33230585499564,293.5,292.8,293.29999999999995,294.13738306245705,296.01039682859135,302.3890960372665,298.06516404838084,Down,65
2025-12-19 16:10:00,293.3161529274978,293.9,292.9,293.275,294.0589846022337,295.90312636472504,302.2984085145076,298.06516404838084,Down,34
2025-12-19 16:20:00,293.2955764637489,293.2955764637489,292.5,292.75,293.93998600203065,295.7794743504221,302.2033994745623,297.84322723719475,Down,32
2025-12-19 16:30:00,293.0227882318744,293.0227882318744,292.2,292.45,293.80453272911876,295.6489067288369,302.1063507235716,297.4064434778191,Down,43
2025-12-19 16:40:00,292.7363941159372,293.8,291.9,292.9,293.72230248101704,295.54110646496093,302.01474524373504,297.4064434778191,Down,102
2025-12-19 16:50:00,292.8181970579686,293.7,292.4,293.075,293.66345680092456,295.4443964075115,301.92579255474266,297.4064434778191,Down,33
2025-12-19 17:00:00,292.9465985289843,293.7,292.4,292.925,293.59632436447686,295.3455965483934,301.83623242981986,297.4064434778191,Down,30
2025-12-19 17:10:00,292.9357992644922,293.6,292.9357992644922,293.27500000000003,293.56711305861535,295.26439668375053,301.7510460374834,297.4064434778191,Down,15
2025-12-19 17:20:00,293.1053996322461,293.5,292.5,292.95,293.5110118714685,295.1736360294858,301.6634734400955,297.4064434778191,Down,34
2025-12-19 17:30:00,293.027699816123,293.027699816123,291.9,292.225,293.394101701335,295.05800324401577,301.5695582814876,297.2210827068348,Down,52
2025-12-19 17:40:00,292.6263499080615,292.7,291.9,292.225,293.28781972848634,294.9469050775838,301.4765776020699,296.915666180703,Down,36
2025-12-19 17:50:00,292.42567495403074,292.5,290.5,291.475,293.12301793498756,294.8107519372864,301.37705941697465,296.4233328915482,Down,139
2025-12-19 18:00:00,291.9503374770154,292.4,290.0,291.35,292.9618344863523,294.6750361750399,301.2772876814824,296.4233328915482,Down,168
2025-12-19 18:10:00,291.6501687385077,293.0,291.0,291.875,292.8630313512294,294.5652308348423,301.18373258017414,296.4233328915482,Down,101
2025-12-19 18:20:00,291.7625843692539,291.7625843692539,290.6,291.15000000000003,292.70730122839035,294.4313002138681,301.08389444504803,296.4233328915482,Down,92
2025-12-19 18:30:00,291.45629218462693,292.0,291.0,291.4,292.58845566217303,294.31242569567723,300.9875372863909,296.4233328915482,Down,77
2025-12-19 18:40:00,291.42814609231345,291.42814609231345,289.6,290.55,292.4031415110664,294.1648795899644,300.883681193989,296.0921001115277,Down,172
2025-12-19 18:50:00,290.9890730461567,290.9890730461567,288.6,289.4,292.130128646424,293.9780215668286,300.76941570947173,295.7342240538362,Down,124
2025-12-19 19:00:00,290.19453652307834,290.19453652307834,287.2,288.20000000000005,291.7728442240218,293.7514324857765,300.6443468964422,295.1859065706203,Down,242
2025-12-19 19:10:00,289.1972682615392,289.8,287.4,288.75,291.49804020365616,293.55529787849116,300.52599518602983,295.1859065706203,Down,188
2025-12-19 19:20:00,288.9736341307696,289.7,287.4,288.67499999999995,291.24140018514197,293.3639136479621,300.4080748359201,295.1859065706203,Down,105
2025-12-19 19:30:00,288.8243170653848,288.8243170653848,287.3,288.0,290.94672744103815,293.15356409314006,300.28461140471694,294.97305843406525,Down,121
2025-12-19 19:40:00,288.4121585326924,290.0,288.4,289.04999999999995,290.774297673671,292.99264001105615,300.1728242265606,294.97305843406525,Down,156
2025-12-19 19:50:00,288.73107926634617,289.5,288.7,289.225,290.63345243061,292.84488942238727,300.06389065216695,294.97305843406525,Down,90
2025-12-19 20:00:00,288.97803963317307,291.0,288.97803963317307,290.15,290.58950220964545,292.73920748425445,299.9652449740359,294.97305843406525,Down,106
2025-12-19 20:10:00,289.5640198165865,292.0,289.5640198165865,291.0,290.6268201905867,292.6710032691857,299.87603855638383,294.97305843406525,Down,172
2025-12-19 20:20:00,290.2820099082933,290.9,289.3,290.35,290.60165471871517,292.57998353313917,299.7812521030865,294.97305843406525,Down,64
2025-12-19 20:30:00,290.31600495414665,290.9,290.31600495414665,290.6,290.60150428974106,292.50233712007486,299.68989636076725,294.97305843406525,Down,72
2025-12-19 20:40:00,290.4580024770733,291.0,289.8,290.525,290.59454935431006,292.42479448791505,299.59870336215266,294.97305843406525,Down,60
2025-12-19 20:50:00,290.49150123853667,290.9,289.8,290.54999999999995,290.5904994130092,292.3512731354478,299.50866651277806,294.97305843406525,Down,68
2025-12-19 21:00:00,290.5207506192683,291.1,290.4,290.775,290.6072721936447,292.28945850268514,299.4217643584221,294.97305843406525,Down,16
2025-12-19 21:10:00,290.6478753096342,291.1,289.8,290.55,290.6020656305861,292.2212444437563,299.33348809614927,294.97305843406525,Down,26
2025-12-19 21:20:00,290.59893765481706,291.0,290.3,290.625,290.6041505732601,292.1586466224325,299.24683647330204,294.97305843406525,Down,16
2025-12-19 21:30:00,290.61196882740853,291.3,290.61196882740853,291.02500000000003,290.6424096120546,292.1141898921411,299.16502715515975,294.97305843406525,Down,35
2025-12-19 21:40:00,290.81848441370425,293.0,290.81848441370425,291.925,290.7590087382315,292.1067706806846,299.09298708396415,294.97305843406525,Down,161
2025-12-19 21:50:00,291.3717422068521,292.5,291.3717422068521,292.2,290.8900079438468,292.1104267324224,299.0244001478053,294.97305843406525,Down,50
2025-12-19 22:00:00,291.7858711034261,292.5,290.0,291.25,290.9227344944062,292.07668450762156,298.94704293240426,294.97305843406525,Down,68
2025-12-19 22:10:00,291.51793555171304,291.51793555171304,288.6,289.45000000000005,290.78884954036926,291.97367727202857,298.85254499277835,294.97305843406525,Down,118
2025-12-19 22:20:00,290.4839677758565,290.4839677758565,288.6,289.025,290.62849958215384,291.8580428692039,298.75475847543726,294.97305843406525,Down,143
2025-12-19 22:30:00,289.75448388792825,289.75448388792825,288.7,289.1,290.48954507468534,291.7498843253136,298.65869122692544,294.97305843406525,Down,85
2025-12-19 22:40:00,289.42724194396413,289.42724194396413,288.1,288.75,290.3314046133503,291.6322418027523,298.56009728436896,294.97305843406525,Down,124
2025-12-19 22:50:00,289.0886209719821,289.0886209719821,288.3,288.625,290.17627692122755,291.51431075166397,298.46124059497225,294.6699607802815,Down,42
2025-12-19 23:00:00,288.85681048599105,289.4,288.6,289.02500000000003,290.0716153829341,291.41669072218696,298.36734765372876,294.6699607802815,Down,36
2025-12-19 23:10:00,288.94090524299554,291.0,288.94090524299554,289.85,290.0514685299401,291.35525187033653,298.28259792583094,294.6699607802815,Down,112
2025-12-19 23:20:00,289.3954526214978,290.0,289.0,289.625,290.0126986635819,291.28739885581354,298.1964526728376,294.6699607802815,Down,92
2025-12-19 23:30:00,289.51022631074886,291.0,289.2,289.92499999999995,290.00472605780175,291.23397144970323,298.1141496611676,294.6699607802815,Down,88
2025-12-19 23:40:00,289.7176131553744,291.5,289.7176131553744,290.525,290.0520236889107,291.20616864775405,298.0386357341908,294.6699607802815,Down,68
2025-12-19 23:50:00,290.1213065776872,290.7,289.5,290.25,290.07002153537337,291.1686718380382,297.961136871164,294.6699607802815,Down,86
2025-12-20 00:00:00,290.1856532888436,290.8,290.1856532888436,290.55,290.1136559412485,291.14441019733084,297.88739421572956,294.6699607802815,Down,38
2025-12-22 09:00:00,290.3678266444218,295.0,290.3678266444218,293.90000000000003,290.45786903749865,291.25247254253355,297.84771865139396,294.6699607802815,Down,58
2025-12-22 09:10:00,292.1339133222109,295.0,292.1339133222109,294.475,290.8230627613624,291.37884616831656,297.81415926182785,294.6699607802815,Down,173
2025-12-22 09:20:00,293.30445666110546,294.7,293.30445666110546,294.325,291.1414206921476,291.4943816126963,297.7794412592226,294.6699607802815,Down,55
2025-12-22 09:30:00,293.8147283305527,294.6,293.8147283305527,294.325,291.43083699286143,291.6053862553357,297.7450687093796,294.6699607802815,Down,48
2025-12-22 09:40:00,294.0698641652764,294.6,294.0698641652764,294.425,291.703033629874,291.71595934336176,297.71203319983357,294.6699607802815,Down,92
2025-12-22 09:50:00,294.24743208263817,296.0,294.24743208263817,295.05,292.00730329988545,291.84670603577894,297.68554530729796,288.77992095263033,Up,184
2025-12-22 10:00:00,294.64871604131906,295.4,294.64871604131906,295.075,292.2861848180777,291.97330579908174,297.659569732101,288.98407740960397,Up,57
2025-12-22 10:10:00,294.8618580206595,295.2,294.8618580206595,295.1,292.5419861982524,292.09592125794126,297.6341013765577,289.4168040987008,Up,17
2025-12-22 10:20:00,294.98092901032976,296.1,294.98092901032976,295.625,292.8222601802294,292.2343165027279,297.6141103180845,290.0297796801676,Up,107
2025-12-22 10:30:00,295.3029645051649,296.0,295.3029645051649,295.825,293.0952365274813,292.375127620268,297.59630822536724,290.3883013226449,Up,36
2025-12-22 10:40:00,295.56398225258243,295.9,295.56398225258243,295.775,293.33885138861933,292.508455948885,297.5781857554631,290.8250929181961,Up,7
2025-12-22 10:50:00,295.6694911262912,296.8,295.6694911262912,296.27500000000003,293.6057739896539,292.65616355873266,297.5652187330207,291.36283487443774,Up,48
2025-12-22 11:00:00,295.97224556314563,296.7,295.97224556314563,296.5,293.8688854451399,292.8069022427039,297.55461954164736,291.64247508752777,Up,67
2025-12-22 11:10:00,296.2361227815728,297.0,296.2361227815728,296.55,294.1126231319453,292.95369039004885,297.5446233273026,292.07333540768104,Up,129
2025-12-22 11:20:00,296.39306139078644,297.0,296.3,296.625,294.34102102904114,293.0976633159293,297.5354728464339,292.2638854699042,Up,45
2025-12-22 11:30:00,296.5090306953932,298.6,296.5090306953932,297.55,294.6327463900374,293.27226475452034,297.5356173952256,292.80678602775254,Up,161
2025-12-22 11:40:00,297.0295153476966,299.0,297.0295153476966,298.325,294.96840580912493,293.4704112347352,297.5434719485069,292.9821002366979,Up,256
2025-12-22 11:50:00,297.6772576738483,298.6,296.8,297.7,295.2167325537499,293.63627746082403,297.5450294415566,292.9821002366979,Up,146
2025-12-22 12:00:00,297.6886288369242,298.7,297.4,298.0,295.46975686704536,293.8074038349094,297.5495565117899,292.9821002366979,Up,82
2025-12-22 12:10:00,297.8443144184621,298.7,297.8443144184621,298.5,295.7452335154958,293.9914272139325,297.5590136609263,293.2091900727812,Up,159
2025-12-22 12:20:00,298.17215720923105,298.7,298.0,298.4,295.98657592317795,294.1643124212293,297.56738168420065,293.49275714868196,Up,89
2025-12-22 12:30:00,298.2860786046155,298.5,297.3,297.975,296.1673417483436,294.3137511498085,297.5714375878405,293.49275714868196,Up,49
2025-12-22 12:40:00,298.13053930230774,298.13053930230774,297.3,297.6,296.2975834075851,294.4426236537376,297.5717217909465,293.49275714868196,Up,40
2025-12-22 12:50:00,297.8652696511539,298.5,297.4,297.95,296.4478030978046,294.5801678241793,297.5754857532257,293.49275714868196,Up,29
2025-12-22 13:00:00,297.9076348255769,298.7,297.8,298.225,296.60936645254964,294.7231024193095,297.58194858155184,293.66408363886796,Up,21
2025-12-22 13:10:00,298.0663174127884,298.2,297.8,297.95,296.7312422295905,294.8496474224738,297.5856107847205,293.6764396716981,Up,21
2025-12-22 13:20:00,298.00815870639417,298.00815870639417,297.7,297.9,296.83749293599135,294.96926909218075,297.5887390356188,293.8115122524157,Up,11
2025-12-22 13:30:00,297.9540793531971,297.9540793531971,297.6,297.825,296.92726630544666,295.08125853954624,297.59108989098576,293.97322254745285,Up,26
2025-12-22 13:40:00,297.88953967659853,298.0,297.3,297.675,296.9952420958606,295.1829738909366,297.5919248174436,293.97322254745285,Up,54
2025-12-22 13:50:00,297.78226983829927,297.78226983829927,297.1,297.32500000000005,297.025220087146,295.26697491482145,297.58926884911085,293.97322254745285,Up,36
2025-12-22 14:00:00,297.55363491914966,297.55363491914966,296.5,296.85,297.00929098831455,295.32905432992646,297.5819129401645,293.97322254745285,Up,77
2025-12-22 14:10:00,297.20181745957484,297.20181745957484,296.3,296.575,296.9698099893768,295.37791494443917,297.571893905934,293.97322254745285,Up,84
2025-12-22 14:20:00,296.88840872978744,296.88840872978744,296.3,296.6,296.9361908994334,295.4258398485788,297.56222331980536,293.97322254745285,Up,75
2025-12-22 14:30:00,296.7442043648937,296.8,296.2,296.525,296.8988099085758,295.4689441682424,297.5519026897576,293.97322254745285,Up,69
2025-12-22 14:40:00,296.6346021824468,296.6346021824468,295.7,296.07500000000005,296.8239180987053,295.49271106360544,297.53720714060574,293.97322254745285,Up,51
2025-12-22 14:50:00,296.3548010912234,296.3548010912234,295.4,295.725,296.72401645336845,295.50182043366016,297.5191752287589,293.97322254745285,Up,44
2025-12-22 15:00:00,296.03990054561166,296.1,295.5,295.85,296.6445604121531,295.51547453430095,297.5025665200151,293.97322254745285,Up,37
2025-12-22 15:10:00,295.94495027280584,296.7,295.9,296.275,296.6109640110483,295.54525984668135,297.49035192777615,293.97322254745285,Up,36
2025-12-22 15:20:00,296.1099751364029,296.6,296.1099751364029,296.475,296.5986036464075,295.5817202448507,297.4802489235197,293.97322254745285,Up,31
2025-12-22 15:30:00,296.29248756820147,296.7,296.2,296.45,296.5850942240068,295.6157704313272,297.4699976904499,293.97322254745285,Up,50
2025-12-22 15:40:00,296.3712437841007,296.4,295.8,296.1,296.5409947490971,295.6347598261771,297.4563658726345,293.97322254745285,Up,65
2025-12-22 15:50:00,296.2356218920504,297.0,295.9,296.45,296.53272249917916,295.66673002907214,297.44635228186206,293.97322254745285,Up,35
2025-12-22 16:00:00,296.3428109460252,297.3,296.3428109460252,297.1,296.5842931810719,295.72293669459873,297.44290599050026,293.97322254745285,Up,45
2025-12-22 16:10:00,296.7214054730126,297.8,296.7214054730126,297.45000000000005,296.6629938009745,295.7906646673596,297.44297657765946,293.97322254745285,Up,260
2025-12-22 16:20:00,297.08570273650633,297.8,297.08570273650633,297.57500000000005,296.74590345543135,295.86063860197294,297.44429024355344,294.1168851234677,Up,141
2025-12-22 16:30:00,297.3303513682532,297.6,296.8,297.3,296.7962758685739,295.91708414699366,297.442854519737,294.1168851234677,Up,55
2025-12-22 16:40:00,297.31517568412664,297.31517568412664,296.5,296.85,296.8011598805217,295.95366908240567,297.43695546978944,294.1168851234677,Up,30
2025-12-22 16:50:00,297.08258784206333,297.2,296.3,296.675,296.7896908004743,295.98195656937014,297.4293738233239,294.1168851234677,Up,29
2025-12-22 17:00:00,296.8787939210317,297.5,296.6,297.02500000000003,296.8110825458857,296.0228602333164,297.42535020319133,294.1168851234677,Up,34
2025-12-22 17:10:00,296.95189696051585,297.3,296.95189696051585,297.20000000000005,296.8464386780779,296.06902257710794,297.4231079126123,294.1168851234677,Up,2
2025-12-22 17:20:00,297.0759484802579,298.5,297.0759484802579,297.8,296.9331260709799,296.13690404467235,297.4268580826361,294.37818688588675,Up,59
2025-12-22 17:30:00,297.43797424012894,298.6,297.43797424012894,298.07500000000005,297.0369327917999,296.2129078076264,297.4333072559432,294.49662561261846,Up,34
2025-12-22 17:40:00,297.7564871200645,297.7564871200645,297.0,297.32500000000005,297.06312071981813,296.25651926615086,297.4322295718045,294.49662561261846,Up,48
2025-12-22 17:50:00,297.5407435600323,297.5407435600323,296.5,296.875,297.0460188361983,296.2807734125763,297.42668499895075,294.49662561261846,Up,33
2025-12-22 18:00:00,297.2078717800161,297.2078717800161,295.2,295.95,296.94638076018026,296.2678019062008,297.4119916158766,294.49662561261846,Up,52
2025-12-22 18:10:00,296.5789358900081,296.5789358900081,295.2,295.6,296.8239825092548,296.2416135961537,297.39396184855445,294.49662561261846,Up,110
2025-12-22 18:20:00,296.089467945004,296.5,295.1,295.65,296.71725682659525,296.2184130629712,297.37660899433996,294.49662561261846,Up,98
2025-12-22 18:30:00,295.869733972502,295.869733972502,294.8,295.125,296.57250620599564,296.1755341193253,297.3542049247446,294.49662561261846,Up,96
2025-12-22 18:40:00,295.497366986251,295.5,294.4,294.92499999999995,296.4227329145415,296.1264935656263,297.3300337314635,294.49662561261846,Up,44
2025-12-22 18:50:00,295.2111834931255,295.2111834931255,292.1,293.55,296.16157537685586,296.0254546022684,297.29242145552854,298.7078108878665,Down,208
2025-12-22 19:00:00,294.38059174656274,294.38059174656274,291.0,291.825,295.7673412516871,295.8607308923755,297.238019251991,298.51252845503484,Down,221
2025-12-22 19:10:00,293.10279587328137,293.10279587328137,287.9,290.15,295.2566738651701,295.63678066130194,297.16749169724477,297.686262419428,Down,353
2025-12-22 19:20:00,291.62639793664067,291.62639793664067,285.8,287.65,294.5651580592455,295.32357357654496,297.07279028732194,297.3635841114509,Down,278
2025-12-22 19:30:00,289.63819896832035,289.63819896832035,283.8,285.17499999999995,293.7115073265868,294.9255902990334,296.95440431431376,296.7060674209408,Down,411
2025-12-22 19:40:00,287.4065994841601,287.4065994841601,282.3,283.85,292.81500666053347,294.4912534245615,296.8240122315843,295.789306769757,Down,310
2025-12-22 19:50:00,285.6282997420801,285.6282997420801,280.2,282.1,291.8409151459395,294.00532191771595,296.6775046471904,294.8299016205937,Down,352
2025-12-22 20:00:00,283.86414987104007,283.86414987104007,279.5,280.5,290.809922859945,293.47570145035456,296.516534451696,294.10154011549247,Down,406
2025-12-22 20:10:00,282.18207493552006,282.18207493552006,278.9,279.775,289.8067480544955,292.93841904053676,296.34995201934083,293.0249421533786,Down,311
2025-12-22 20:20:00,280.97853746776,280.97853746776,278.9,279.1,288.8334073222686,292.39573594090785,296.17831070571555,292.0441047999915,Down,205
2025-12-22 20:30:00,280.03926873388,280.1,277.3,278.525,287.89627938388054,291.85178551185265,296.00265587282286,290.72257824191956,Down,593
2025-12-22 20:40:00,279.28213436694,279.28213436694,276.2,277.3,286.9329812580732,291.2811272564859,295.81655979448635,289.79145990046595,Down,483
2025-12-22 20:50:00,278.29106718347,278.29106718347,275.9,276.725,286.00498296188476,290.7102987366237,295.626594025387,288.91991503753854,Down,330
2025-12-22 21:00:00,277.50803359173494,277.50803359173494,275.0,275.625,285.06134814716796,290.118718394011,295.42757318931353,287.91546668904704,Down,291
2025-12-22 21:10:00,276.56651679586747,276.56651679586747,274.8,275.225,284.1671346792436,289.5346510060106,295.22655256056413,286.9269462265943,Down,227
2025-12-22 21:20:00,275.8957583979337,279.2,275.3,277.0,283.51557698113055,289.04309606459844,295.0451938286182,286.9269462265943,Down,299
2025-12-22 21:30:00,276.44787919896686,279.1,276.44787919896686,278.25,283.03688816466416,288.6198373953985,294.87807747211457,286.9269462265943,Down,205
2025-12-22 21:40:00,277.3489395994834,278.7,277.3489395994834,278.125,282.5903528769674,288.2082751445986,294.7113801838348,286.9269462265943,Down,74
2025-12-22 21:50:00,277.7369697997417,279.7,277.7369697997417,278.775,282.24350261542486,287.83834278598687,294.552809236732,286.9269462265943,Down,234
2025-12-22 22:00:00,278.25598489987084,278.9,278.2,278.65000000000003,281.9168205594771,287.47801561790897,294.39457232890385,286.9269462265943,Down,35
2025-12-22 22:10:00,278.45299244993544,278.45299244993544,276.5,277.45,281.510745963161,287.0847601034812,294.22596961916355,286.9269462265943,Down,77
2025-12-22 22:20:00,277.95149622496774,278.3,276.7,277.3,281.1279508756009,286.70104402099173,294.0575520110127,286.9269462265943,Down,68
2025-12-22 22:30:00,277.62574811248385,278.3,277.1,277.575,280.80495534145535,286.34315994173716,293.89354651836584,286.82666704095305,Down,77
2025-12-22 22:40:00,277.6003740562419,277.8,276.9,277.29999999999995,280.48632303768665,285.9885262185318,293.72843660276027,285.9742427645028,Down,82
2025-12-22 22:50:00,277.4501870281209,277.4501870281209,276.8,277.1,280.17847548880604,285.6399565629031,293.5629795221358,285.2017458556524,Down,41
2025-12-22 23:00:00,277.2750935140605,277.2750935140605,275.6,276.5,279.8440686261873,285.28152689376964,293.39319863136825,284.38908289086305,Down,120
2025-12-22 23:10:00,276.88754675703024,277.2,276.0,276.55,279.54460784198847,284.9391140744062,293.22560461513575,284.2650328489389,Down,50
2025-12-22 23:20:00,276.71877337851515,277.6,276.6,277.05,279.31782531089857,284.62973705188045,293.0646533254329,284.2650328489389,Down,57
2025-12-22 23:30:00,276.88438668925755,277.8,276.88438668925755,277.275,279.1321139189987,284.3413159910224,292.90754234707043,284.2650328489389,Down,48
2025-12-22 23:40:00,277.0796933446288,277.5,276.7,277.2,278.95646719908973,284.0612643835313,292.75124839336826,283.76799602228823,Down,57
2025-12-22 23:50:00,277.1398466723144,278.8,277.1398466723144,278.05,278.87406109008157,283.8255285253536,292.60496731482726,283.76799602228823,Down,189
2025-12-23 00:00:00,277.5949233361572,278.8,277.1,278.175,278.81051008189235,283.6039391714182,292.46138555050067,283.76799602228823,Down,122
2025-12-23 09:00:00,277.88496166807863,282.0,277.88496166807863,280.025,278.92091825626574,283.4635886156763,292.33764042064496,283.76799602228823,Down,71
2025-12-23 09:10:00,278.9549808340393,280.2,278.9549808340393,279.7,278.9917438693325,283.31599690525763,292.2118927547679,283.76799602228823,Down,292
2025-12-23 09:20:00,279.32749041701965,280.5,279.32749041701965,280.15,279.09703988121134,283.191840163875,292.09187392138716,283.76799602228823,Down,115
2025-12-23 09:30:00,279.73874520850984,281.9,279.73874520850984,281.175,279.28594534655576,283.1127483927426,291.9832483102291,283.76799602228823,Down,245
2025-12-23 09:40:00,280.4568726042549,281.8,280.4568726042549,281.45,279.48267758777797,283.04754257341943,291.8784398693313,283.76799602228823,Down,184
2025-12-23 09:50:00,280.95343630212744,281.4,280.5,280.975,279.61834326161636,282.96626639406963,291.769947930333,283.76799602228823,Down,244
2025-12-23 10:00:00,280.96421815106373,281.0,280.3,280.7,279.7166756923785,282.87739320214536,291.6597991947078,283.76799602228823,Down,99
2025-12-23 10:10:00,280.8321090755319,281.5,280.5,281.025,279.8356142657986,282.804750331473,291.55398029724796,283.76799602228823,Down,117
2025-12-23 10:20:00,280.92855453776593,282.6,280.92855453776593,281.85,280.0187402416351,282.76730914200346,291.4574232793649,283.76799602228823,Down,157
2025-12-23 10:30:00,281.389277268883,282.9,281.389277268883,282.525,280.2465820378501,282.7578068227092,291.36854344573936,283.76799602228823,Down,106
2025-12-23 10:40:00,281.9571386344415,283.8,281.9571386344415,283.20000000000005,280.5150745798637,282.7751477316226,291.2872644064783,283.76799602228823,Down,183
2025-12-23 10:50:00,282.57856931722074,283.4,282.57856931722074,283.25,280.76370416351244,282.79376938920603,291.2072916263144,283.76799602228823,Down,85
2025-12-23 11:00:00,282.9142846586104,283.4,282.9,283.25,280.9897310577386,282.8116607857078,291.1281145952068,283.76799602228823,Down,66
2025-12-23 11:10:00,283.0821423293052,283.5,282.1,282.95,281.1679373252169,282.81708585293495,291.04674032062763,283.76799602228823,Down,115
2025-12-23 11:20:00,283.01607116465254,283.01607116465254,282.2,282.525,281.29130665928807,282.805631505761,290.9619468846015,283.76799602228823,Down,43
2025-12-23 11:30:00,282.77053558232626,283.5,282.4,282.9,281.4375515084437,282.80933223102534,290.8817285076403,283.76799602228823,Down,166
2025-12-23 11:40:00,282.8352677911631,284.4,282.8,283.325,281.6091377349488,282.82955449647534,290.80653717920603,283.76799602228823,Down,163
2025-12-23 11:50:00,283.0801338955815,283.0801338955815,282.2,282.65,281.70376157722615,282.8225131436724,290.7253776052836,283.76799602228823,Down,45
2025-12-23 12:00:00,282.86506694779075,283.6,282.6,283.07500000000005,281.82841961566015,282.8324145890186,290.64925444503206,283.76799602228823,Down,24
2025-12-23 12:10:00,282.9700334738954,283.9,282.9700334738954,283.425,281.9735632869637,282.8556532325865,290.5773713162258,283.76799602228823,Down,39
2025-12-23 12:20:00,283.1975167369477,283.6,282.9,283.225,282.0873302608761,282.87013741954394,290.50421339268127,283.76799602228823,Down,105
2025-12-23 12:30:00,283.21125836847386,284.4,282.9,283.375,282.204391146251,282.8899359521109,290.43327594598793,283.76799602228823,Down,131
2025-12-23 12:40:00,283.29312918423693,283.29312918423693,280.7,281.95000000000005,282.18126467841,282.85307571869475,290.3488652400577,283.76799602228823,Down,280
2025-12-23 12:50:00,282.6215645921185,282.6215645921185,280.5,281.075,282.0806951621909,282.7833472591381,290.2565879739875,283.76799602228823,Down,130
2025-12-23 13:00:00,281.8482822960592,281.9,281.3,281.54999999999995,282.03245014744624,282.7349806999562,290.16995525782846,283.76799602228823,Down,44
2025-12-23 13:10:00,281.6991411480296,282.6,281.6,281.95000000000005,282.02495467949655,282.7041971430952,290.0881646582481,283.76799602228823,Down,51
2025-12-23 13:20:00,281.82457057401484,282.2,281.7,282.0,282.02268607226955,282.6765815688562,290.0076854079173,283.76799602228823,Down,19
2025-12-23 13:30:00,281.9122852870074,283.9,281.9,282.825,282.0956237020632,282.68240189948926,289.9362159013708,283.76799602228823,Down,126
2025-12-23 13:40:00,282.3686426435037,283.8,282.3686426435037,283.15,282.19147609278474,282.7007390799015,289.8686913650388,283.76799602228823,Down,78
2025-12-23 13:50:00,282.7593213217518,282.9,282.4,282.725,282.2399782661679,282.7016904885328,289.797609858919,283.76799602228823,Down,32
2025-12-23 14:00:00,282.7421606608759,282.7421606608759,281.9,282.29999999999995,282.2454347874254,282.68593792035506,289.72300677574566,283.76799602228823,Down,37
2025-12-23 14:10:00,282.52108033043794,282.7,281.9,282.225,282.24357707947763,282.66786192347837,289.64839974315123,283.76799602228823,Down,23
2025-12-23 14:20:00,282.373040165219,282.4,281.1,281.825,282.20552461770694,282.6348085147145,289.5705549695876,283.76799602228823,Down,58
2025-12-23 14:30:00,282.0990200826095,282.0990200826095,281.4,281.575,282.1482041979154,282.5932473964904,289.49099720869623,283.76799602228823,Down,31
2025-12-23 14:40:00,281.8370100413048,281.8370100413048,280.6,281.1,282.05291290719583,282.53468867505944,289.407504699157,283.76799602228823,Down,87
2025-12-23 14:50:00,281.4685050206524,281.4685050206524,280.7,280.875,281.9458299156326,282.46960284466496,289.3226041548868,283.76799602228823,Down,45
2025-12-23 15:00:00,281.1717525103262,281.3,280.1,280.65,281.8280271960296,282.3982458703644,289.23630958618145,283.76799602228823,Down,78
2025-12-23 15:10:00,280.9108762551631,280.9108762551631,279.1,279.75,281.63911563275417,282.29439309113445,289.14191844602044,283.76799602228823,Down,153
2025-12-23 15:20:00,280.33043812758154,280.33043812758154,278.6,279.375,281.4332869388674,282.17990708756054,289.04473517790086,283.76799602228823,Down,145
2025-12-23 15:30:00,279.8527190637908,280.5,279.8,280.1,281.31207903533397,282.09834210373464,288.95573283782227,283.76799602228823,Down,63
2025-12-23 15:40:00,279.9763595318954,280.2,279.3,279.9,281.18370821393995,282.01213260947054,288.86562604341606,283.76799602228823,Down,69
2025-12-23 15:50:00,279.93817976594767,280.4,279.8,280.0,281.07609837630906,281.9332254483149,288.7774108589045,283.76799602228823,Down,36
2025-12-23 16:00:00,279.96908988297383,280.1,279.6,279.825,280.9623621602809,281.85054994053786,288.68833214389053,283.76799602228823,Down,71
2025-12-23 16:10:00,279.8970449414869,281.0,279.7,280.32500000000005,280.90442014570993,281.79072445267366,288.60511490862797,283.76799602228823,Down,91
2025-12-23 16:20:00,280.1110224707435,281.1,280.1110224707435,280.825,280.8972001324636,281.75285290551,288.52770082993516,283.76799602228823,Down,40
2025-12-23 16:30:00,280.4680112353717,281.0,280.3,280.7,280.87927284769415,281.7115645562743,288.44981325948805,283.76799602228823,Down,34
2025-12-23 16:40:00,280.5840056176859,280.8,280.1,280.375,280.83342986154014,281.65915025994985,288.3694668588961,283.76799602228823,Down,14
2025-12-23 16:50:00,280.47950280884294,280.5,280.0,280.275,280.78266351049103,281.6048698575989,288.2889249001011,283.76799602228823,Down,46
2025-12-23 17:00:00,280.3772514044215,280.5,278.4,279.45,280.66151228226454,281.5203651573009,288.20097539860757,283.76799602228823,Down,95
2025-12-23 17:10:00,279.9136257022108,279.9136257022108,278.1,278.85,280.4968293475132,281.4156449550538,288.1079308672781,283.6190835204256,Down,115
2025-12-23 17:20:00,279.3818128511054,280.2,279.2,279.475,280.40393577046655,281.33954123132617,288.0220310576535,283.6190835204256,Down,70
2025-12-23 17:30:00,279.4284064255527,281.6,279.2,280.35,280.39903251860596,281.3007356928428,287.94569244016446,283.6190835204256,Down,143
2025-12-23 17:40:00,279.88920321277635,282.6,279.88920321277635,281.9,280.5354841078236,281.3242362539078,287.8855362964813,283.6190835204256,Down,216
2025-12-23 17:50:00,280.89460160638816,282.9,280.8,281.75,280.64589464347597,281.34093287140166,287.82448618407847,283.6190835204256,Down,260
2025-12-23 18:00:00,281.3223008031941,285.0,281.1,283.05,280.8644496758872,281.4079551117389,287.77697885886374,283.6190835204256,Down,346
2025-12-23 18:10:00,282.18615040159705,286.0,282.18615040159705,285.35,281.2722269780793,281.562545107357,287.75282981549196,278.65656013539547,Up,382
2025-12-23 18:20:00,283.76807520079853,287.5,283.76807520079853,286.32500000000005,281.7315699800721,281.7493080443234,287.7386225536463,278.65656013539547,Up,385
2025-12-23 18:30:00,285.0465376003993,288.8,285.0465376003993,287.85,282.28779089097463,281.9885508661147,287.73973078694337,278.65656013539547,Up,327
2025-12-23 18:40:00,286.4482688001996,289.0,286.3,287.9,282.79799171906785,282.22037240077685,287.74132550548126,278.65656013539547,Up,457
2025-12-23 18:50:00,287.1741344000998,287.7,285.5,287.075,283.18681065369805,282.41074995368757,287.73469540094914,278.65656013539547,Up,206
2025-12-23 19:00:00,287.1245672000499,287.5,286.0,286.85,283.5198278669982,282.5848381907979,287.7258924616362,278.65656013539547,Up,207
2025-12-23 19:10:00,286.98728360002497,288.2,286.2,286.825,283.8202980609074,282.7511190460607,287.7169283575403,278.65656013539547,Up,221
2025-12-23 19:20:00,286.9061418000125,287.7,285.6,286.35,284.05027096446133,282.8922516324897,287.7033270803509,278.65656013539547,Up,148
2025-12-23 19:30:00,286.62807090000626,287.6,285.6,286.4,284.2638826949649,283.02981039199994,287.6903586516907,278.65656013539547,Up,122
2025-12-23 19:40:00,286.5140354500031,287.0,284.8,286.15,284.4353479045135,283.1521707687843,287.6750316999326,278.65656013539547,Up,256
2025-12-23 19:50:00,286.33201772500155,288.3,286.33201772500155,287.29999999999995,284.695770822285,283.31483073863586,287.67130004122686,278.67628226915696,Up,199
2025-12-23 20:00:00,286.8160088625008,287.9,285.3,287.025,284.90751892935,283.4603275724148,287.6648691950455,278.67628226915696,Up,285
2025-12-23 20:10:00,286.9205044312504,287.9,286.6,287.25,285.1204717539545,283.60894217741816,287.6607411433535,278.777498683187,Up,115
2025-12-23 20:20:00,287.0852522156252,287.6,286.1,286.82500000000005,285.27542886723137,283.73506209202924,287.65242531108134,278.777498683187,Up,81
2025-12-23 20:30:00,286.9551261078126,286.9551261078126,285.7,286.07500000000005,285.3481171520285,283.8268243629301,287.63672953684176,278.777498683187,Up,76
2025-12-23 20:40:00,286.5150630539063,286.5150630539063,284.0,285.075,285.32328832002594,283.87577242712894,287.611239690704,278.777498683187,Up,211
2025-12-23 20:50:00,285.79503152695315,285.79503152695315,284.0,284.4,285.2393530182054,283.89633037116306,287.57928705696565,278.777498683187,Up,142
2025-12-23 21:00:00,285.09751576347657,285.09751576347657,283.2,284.15,285.1403209256413,283.9062781997449,287.5451647976924,278.777498683187,Up,194
2025-12-23 21:10:00,284.62375788173824,285.3,284.2,284.725,285.1025644778557,283.93838493700986,287.51710345642186,278.777498683187,Up,112
2025-12-23 21:20:00,284.67437894086913,286.2,284.67437894086913,285.54999999999995,285.1432404344142,284.00158552771535,287.49753028770124,278.777498683187,Up,167
2025-12-23 21:30:00,285.11218947043454,288.4,285.11218947043454,287.04999999999995,285.3165822131038,284.1211311932951,287.4930772500127,278.777498683187,Up,336
2025-12-23 21:40:00,286.0810947352172,287.7,285.6,287.075,285.4764383755489,284.23696918571494,287.4889172773758,278.777498683187,Up,209
2025-12-23 21:50:00,286.57804736760863,287.6,286.57804736760863,287.325,285.6444894323172,284.3580684333339,287.48728625969045,279.35571382911377,Up,73
2025-12-23 22:00:00,286.95152368380434,288.5,286.95152368380434,287.82500000000005,285.8427176657429,284.49402653398755,287.49064659541494,280.13239785902147,Up,177
2025-12-23 22:10:00,287.3882618419022,289.1,287.3882618419022,288.625,286.0956524234026,284.656025493439,287.501933693968,280.71862251538755,Up,225
2025-12-23 22:20:00,288.0066309209511,288.9,287.4,288.17499999999995,286.2846840212751,284.7940244936963,287.5086308711425,280.7631741767604,Up,115
2025-12-23 22:30:00,288.09081546047554,288.5,287.4,287.925,286.43380365570465,284.91680784688475,287.51277384754906,280.83470379705494,Up,64
2025-12-23 22:40:00,288.0079077302378,288.7,287.8,288.2,286.5943669597315,285.04556048034027,287.51961191871777,281.4542761791409,Up,103
2025-12-23 22:50:00,288.1039538651189,288.5,287.8,288.1,286.73124269066494,285.1653424222877,287.5253869245017,281.71752379921895,Up,60
2025-12-23 23:00:00,288.10197693255947,288.9,288.1,288.4,286.88294790060445,285.29219173906074,287.5340895421683,282.3613852720173,Up,77
2025-12-23 23:10:00,288.2509884662797,289.0,288.2509884662797,288.65,287.0435890005495,285.4238704943917,287.5451931288134,282.77256755907547,Up,85
2025-12-23 23:20:00,288.45049423313986,289.8,288.45049423313986,289.15000000000003,287.23508090959047,285.56999322010176,287.56116135638746,283.313675315835,Up,90
2025-12-23 23:30:00,288.80024711656995,290.1,288.6,289.25,287.41825537235496,285.7143072114703,287.57796572100057,283.5212983629682,Up,139
2025-12-23 23:40:00,289.025123558285,292.0,288.6,290.125,287.66432306577724,285.88727555611854,287.60330934566724,283.7648166936075,Up,267
2025-12-23 23:50:00,289.5750617791425,293.2,289.5750617791425,292.025,288.06074824161567,286.12797063234916,287.6473062676009,284.12829580344805,Up,360
2025-12-24 00:00:00,290.80003088957125,294.0,290.80003088957125,293.475,288.5529529469233,286.4160894310806,287.70529326991334,284.63708568997225,Up,90
2025-12-24 09:00:00,292.13751544478566,300.4,292.13751544478566,298.625,289.46859358811207,286.8948702377049,287.8139470682227,286.20700901612094,Up,111
2025-12-24 09:10:00,295.38125772239283,301.4,295.38125772239283,298.975,290.33281235282914,287.3686008166184,287.9250023212752,287.05495102727394,Up,630
2025-12-24 09:20:00,297.17812886119646,301.0,297.17812886119646,300.075,291.2184657752992,287.8668909806726,288.04589782056604,287.39413144019466,Up,330
2025-12-24 09:30:00,298.62656443059825,299.9,298.62656443059825,299.45,291.9667870684538,288.321130550058,288.1593714740927,288.10482110787706,Up,296
2025-12-24 09:40:00,299.0382822152991,300.5,299.0382822152991,300.17499999999995,292.7129882440489,288.7859881755459,288.2789299668878,289.09355181555645,Up,117
2025-12-24 09:50:00,299.6066411076495,301.0,299.6066411076495,300.54999999999995,293.4254438582263,289.2473219725834,288.40103016622226,290.0915634183399,Up,147
2025-12-24 10:00:00,300.0783205538247,300.7,300.0,300.35,294.0549489620239,289.68272111091346,288.5199253884489,290.8120389677411,Up,166
2025-12-24 10:10:00,300.2141602769124,301.1,300.0,300.4,294.6317717836581,290.1030065575443,288.6381350860763,291.4791263343101,Up,138
2025-12-24 10:20:00,300.3070801384562,301.0,300.3,300.5,295.1652470760528,290.5107317905818,288.7561635926825,292.14920575846367,Up,76
2025-12-24 10:30:00,300.4035400692281,301.6,300.1,300.90000000000003,295.68658825095713,290.9181540733041,288.87699778579014,292.5765506895125,Up,127
2025-12-24 10:40:00,300.65177003461406,301.7,300.65177003461406,301.4,296.2059893190519,291.3292068547432,289.0016047729962,293.2733929294507,Up,87
2025-12-24 10:50:00,301.025885017307,301.8,301.025885017307,301.475,296.6849902900472,291.72708109573364,289.1257181583395,293.9473624350776,Up,80
2025-12-24 11:00:00,301.2504425086535,301.6,300.6,301.1,297.0863548091338,292.09464654295977,289.24486524134113,293.9494726603856,Up,58
2025-12-24 11:10:00,301.17522125432674,301.17522125432674,299.0,299.85,297.3375952810307,292.398778051079,289.350388970283,293.9494726603856,Up,373
2025-12-24 11:20:00,300.5126106271634,300.5126106271634,297.6,298.625,297.45463207366424,292.64294361770334,289.4426736571459,293.9494726603856,Up,736
2025-12-24 11:30:00,299.5688053135817,299.5688053135817,297.4,298.15,297.51784733969475,292.8589066130875,289.52931372025887,293.9494726603856,Up,228
2025-12-24 11:40:00,298.85940265679085,299.0,296.5,297.625,297.5275884906316,293.0458122361037,289.60986781259464,293.9494726603856,Up,248
2025-12-24 11:50:00,298.2422013283954,298.2422013283954,295.0,296.45,297.4296259005742,293.1793097954722,289.67792882938477,293.9494726603856,Up,400
2025-12-24 12:00:00,297.3461006641977,297.4,295.3,296.375,297.3337508187038,293.30463097996346,289.7445663534705,293.9494726603856,Up,274
2025-12-24 12:10:00,296.86055033209885,297.9,295.8,296.7,297.2761371079125,293.43778270623943,289.8137746484608,293.9494726603856,Up,271
2025-12-24 12:20:00,296.7802751660494,297.4,295.8,296.725,297.22603373446594,293.5666931883477,289.88254305991893,293.9494726603856,Up,407
2025-12-24 12:30:00,296.7526375830247,297.7,296.2,297.04999999999995,297.2100306676963,293.7032934554713,289.95386103942224,293.9494726603856,Up,182
2025-12-24 12:40:00,296.9013187915123,297.6,296.4,297.15,297.20457333426936,293.8384584180018,290.0254644121643,293.9494726603856,Up,130
2025-12-24 12:50:00,297.0256593957562,297.0256593957562,295.5,296.5,297.1405212129721,293.942832597688,290.08988765184426,293.9494726603856,Up,137
2025-12-24 13:00:00,296.7628296978781,296.7628296978781,296.0,296.35,297.06865564815644,294.0372313193473,290.1521773269503,293.9494726603856,Up,54
2025-12-24 13:10:00,296.5564148489391,297.0,296.4,296.6,297.0260505892331,294.13773205192194,290.2163347664832,293.9494726603856,Up,57
2025-12-24 13:20:00,296.57820742446955,297.4,296.57820742446955,297.0,297.02368235384824,294.24997785380737,290.2838339230357,293.9494726603856,Up,70
2025-12-24 13:30:00,296.7891037122348,297.5,296.7891037122348,297.25,297.04425668531655,294.36762578110904,290.35314900837864,293.9494726603856,Up,17
2025-12-24 13:40:00,297.0195518561174,297.5,297.0,297.25,297.06296062301504,294.48066006420277,290.42177439137987,293.9494726603856,Up,18
2025-12-24 13:50:00,297.1347759280588,297.1347759280588,295.6,296.45,297.0072369300137,294.55788908129284,290.4817567357443,293.9494726603856,Up,130
2025-12-24 14:00:00,296.79238796402933,296.79238796402933,296.2,296.375,296.949760845467,294.62914833300687,290.5403959722045,293.9494726603856,Up,19
2025-12-24 14:10:00,296.58369398201467,297.3,296.4,296.825,296.93841895042453,294.715260163085,290.60292934561545,293.9494726603856,Up,43
2025-12-24 14:20:00,296.70434699100736,297.5,296.70434699100736,297.29999999999995,296.97128995493136,294.81662250963075,290.66956686456456,293.9494726603856,Up,62
2025-12-24 14:30:00,297.00217349550365,298.3,297.00217349550365,297.85,297.05117268630124,294.93557848964525,290.74101396043955,293.9494726603856,Up,77
2025-12-24 14:40:00,297.4260867477518,298.2,297.2,297.775,297.11697516936476,295.04692835279644,290.81100387128095,293.9494726603856,Up,54
2025-12-24 14:50:00,297.6005433738759,298.0,297.5,297.725,297.172250153968,295.1519507703339,290.8797998526613,293.9494726603856,Up,49
2025-12-24 15:00:00,297.662771686938,297.9,296.9,297.575,297.2088637763345,295.24697230875216,290.9464187596,293.9494726603856,Up,70
2025-12-24 15:10:00,297.618885843469,297.618885843469,296.5,297.275,297.2148761603041,295.32650280644816,291.0093897172159,293.9494726603856,Up,101
2025-12-24 15:20:00,297.4469429217345,297.7,296.9,297.29999999999995,297.22261469118547,295.4038948532541,291.07198285435805,293.9494726603856,Up,56
2025-12-24 15:30:00,297.3734714608672,297.6,296.9,297.325,297.2319224465322,295.47923230998924,291.13420193043413,293.9494726603856,Up,100
2025-12-24 15:40:00,297.34923573043363,298.5,297.34923573043363,297.75,297.27902040593835,295.56828202332304,291.20003076694724,293.9494726603856,Up,86
2025-12-24 15:50:00,297.5496178652168,297.8,296.9,297.45,297.2945640053985,295.64207488515353,291.2622195155348,293.9494726603856,Up,58
2025-12-24 16:00:00,297.4998089326084,298.1,297.3,297.675,297.32914909581683,295.72179743867696,291.3260282765743,293.9494726603856,Up,83
2025-12-24 16:10:00,297.5874044663042,297.8,296.4,297.2,297.31740826892434,295.77976616657196,291.38447575640936,293.9494726603856,Up,103
2025-12-24 16:20:00,297.3937022331521,297.5,297.0,297.2,297.30673478993117,295.8354616110201,291.4423416692809,293.9494726603856,Up,44
2025-12-24 16:30:00,297.296851116576,298.3,297.296851116576,297.725,297.3447588999374,295.909561155686,291.5048556825219,293.9494726603856,Up,101
2025-12-24 16:40:00,297.510925558288,298.3,297.510925558288,298.1,297.4134171817613,295.9954607182081,291.570479009064,293.9494726603856,Up,30
2025-12-24 16:50:00,297.805462779144,298.5,297.4,297.92499999999995,297.45992471069206,296.07112892533723,291.63370807365044,293.9494726603856,Up,56
2025-12-24 17:00:00,297.865231389572,297.865231389572,296.9,297.35,297.4499315551746,296.1212807321868,291.69058660028077,293.9494726603856,Up,76
2025-12-24 17:10:00,297.607615694786,297.7,296.9,297.325,297.43857414106776,296.168485409356,291.74665041520336,293.9494726603856,Up,32
2025-12-24 17:20:00,297.4663078473929,297.7,296.3,297.3,297.42597649187974,296.21285853055775,291.80190762500234,293.9494726603856,Up,86
2025-12-24 17:30:00,297.38315392369645,298.0,297.0,297.425,297.4258877198907,296.26039349014377,291.85785879291274,293.9494726603856,Up,129
2025-12-24 17:40:00,297.4040769618482,297.4040769618482,295.1,296.325,297.3258070180824,296.2629270787656,291.90230795915244,293.9494726603856,Up,152
2025-12-24 17:50:00,296.8645384809241,299.6,295.8,297.6,297.3507336528022,296.3153613109709,291.9590014122952,293.9494726603856,Up,271
2025-12-24 18:00:00,297.2322692404621,302.3,297.2322692404621,300.575,297.6438487752747,296.48240596544264,292.0447327415261,293.9494726603856,Up,687
2025-12-24 18:10:00,298.90363462023106,302.2,298.90363462023106,301.125,297.96031706843155,296.66446847660177,292.1350836595209,293.9494726603856,Up,423
2025-12-24 18:20:00,300.0143173101156,300.6,296.8,299.125,298.0661973349378,296.76095990889195,292.2046350658938,293.9494726603856,Up,529
2025-12-24 18:30:00,299.56965865505776,299.56965865505776,296.3,298.15000000000003,298.07381575903435,296.8154320693276,292.26379292593464,293.9494726603856,Up,432
2025-12-24 18:40:00,298.8598293275289,300.3,297.9,298.82500000000005,298.14210523548576,296.8942386548442,292.32907856846265,293.9494726603856,Up,338
2025-12-24 18:50:00,298.8424146637645,298.8424146637645,294.4,296.625,298.0041865777143,296.88368027622283,292.3718240553436,293.9494726603856,Up,403
2025-12-24 19:00:00,297.7337073318822,297.7337073318822,291.8,293.85,297.6265332524675,296.7647124222533,292.38653227369844,305.7320915731991,Down,473
2025-12-24 19:10:00,295.7918536659411,296.3,293.4,294.525,297.34457568406134,296.67688056255713,292.40781055953227,305.7320915731991,Down,502
2025-12-24 19:20:00,295.1584268329706,296.0,294.1,295.0,297.13143244005573,296.6111205404961,292.43360348928815,305.7320915731991,Down,178
2025-12-24 19:30:00,295.0792134164853,297.8,294.5,296.225,297.04902949095975,296.59597855851587,292.4713288277032,305.7320915731991,Down,231
2025-12-24 19:40:00,295.6521067082426,298.0,295.0,296.6,297.0082086281452,296.59613626210347,292.5124101329002,305.7320915731991,Down,226
2025-12-24 19:50:00,296.1260533541213,296.6,295.4,295.95,296.9120078437683,296.5707975851583,292.5466150071997,305.7320915731991,Down,114
2025-12-24 20:00:00,296.03802667706066,296.7,294.8,295.6,296.79273440342575,296.53272709162263,292.5769969474266,305.7320915731991,Down,170
2025-12-24 20:10:00,295.81901333853034,295.81901333853034,292.3,294.375,296.5729403667507,296.44811034293156,292.59488752506417,304.61827490856786,Down,394
2025-12-24 20:20:00,295.0970066692652,297.1,294.1,295.625,296.48676396977334,296.41583150595386,292.62503789794914,304.61827490856786,Down,233
2025-12-24 20:30:00,295.3610033346326,296.6,295.0,295.82500000000005,296.4266036088848,296.3926616429753,292.656878316875,304.61827490856786,Down,120
2025-12-24 20:40:00,295.59300166731634,296.9,295.1,295.8,296.3696396444407,296.3694200099175,292.6881531594932,304.61827490856786,Down,161
2025-12-24 20:50:00,295.6965008336582,296.4,295.5,296.025,296.3383087676734,296.355913342862,292.72135561561765,304.61827490856786,Down,83
2025-12-24 21:00:00,295.8607504168291,297.0,295.6,296.3,296.33482615243037,296.35372066274977,292.7569640174523,304.61827490856786,Down,143
2025-12-24 21:10:00,296.0803752084146,297.0,295.9,296.475,296.34756922948213,296.35847671519093,292.7939594003632,304.61827490856786,Down,99
2025-12-24 21:20:00,296.2776876042073,296.7,295.1,295.85,296.30233566316554,296.33853645185013,292.8243677645387,304.3545097281194,Down,114
2025-12-24 21:30:00,296.06384380210363,296.06384380210363,295.1,295.3,296.21121423924143,296.2978095321697,292.8490009211105,303.61832849101626,Down,65
2025-12-24 21:40:00,295.68192190105185,296.2,295.2,295.525,296.1488311265831,296.26750327600615,292.87562777761684,303.3694605363313,Down,75
2025-12-24 21:50:00,295.6034609505259,295.9,294.7,295.475,296.0875737514392,296.2364247161628,292.9014921778396,302.70860048757385,Down,101
2025-12-24 22:00:00,295.53923047526297,297.9,295.53923047526297,296.575,296.13188522858104,296.24970217827405,292.93804449447805,302.70860048757385,Down,179
2025-12-24 22:10:00,296.0571152376315,297.2,295.7,296.45,296.1608047532555,296.2575569948123,292.9729893253788,302.70860048757385,Down,89
2025-12-24 22:20:00,296.25355761881576,296.25355761881576,294.8,295.525,296.1030043211413,296.22882926952553,292.99838246641986,302.70860048757385,Down,113
2025-12-24 22:30:00,295.88927880940787,296.2,295.1,295.425,296.0413675646739,296.19730655307353,293.0225279145152,302.70860048757385,Down,95
2025-12-24 22:40:00,295.6571394047039,295.6571394047039,294.4,294.82500000000005,295.9307886951581,296.14349060981573,293.04046296014195,301.95747520964136,Down,142
2025-12-24 22:50:00,295.241069702352,295.241069702352,294.2,294.55,295.80526245014374,296.0810007819798,293.05548322919526,301.398110658658,Down,68
2025-12-24 23:00:00,294.895534851176,295.7,294.5,295.1,295.74114768194886,296.04253016307865,293.075826679651,301.398110658658,Down,57
2025-12-24 23:10:00,294.997767425588,296.0,294.6,295.25,295.6964978926807,296.0114505488403,293.0974602450276,301.398110658658,Down,89
2025-12-24 23:20:00,295.123883712794,295.123883712794,293.4,294.175,295.558179902437,295.9394328802583,293.1081820336343,300.77507168921596,Down,142
2025-12-24 23:30:00,294.649441856397,294.649441856397,291.0,292.90000000000003,295.31652718403365,295.8202394339737,293.10611057061305,300.07281781490553,Down,315
2025-12-24 23:40:00,293.7747209281985,293.7747209281985,291.6,292.225,295.0354792582124,295.67924965224927,293.0973433012538,300.0673470622687,Down,190
2025-12-24 23:50:00,292.99986046409924,292.99986046409924,291.0,292.05,294.76407205292037,295.5369261364748,293.0869219748732,299.43623094460344,Down,211
2025-12-25 00:00:00,292.52493023204966,293.0,292.2,292.475,294.5559745935639,295.41685060171113,293.08083319900385,299.43623094460344,Down,92
2025-12-26 09:00:00,292.49996511602484,299.3,292.49996511602484,297.6,294.8327041759672,295.5024643036048,293.1258000328446,299.43623094460344,Down,72
2025-12-26 09:10:00,295.0499825580124,296.7,295.0499825580124,296.175,294.9547310690611,295.52883825248307,293.15614033102526,299.43623094460344,Down,268
2025-12-26 09:20:00,295.61249127900624,296.5,295.6,296.05,295.0543009718737,295.549275968072,293.1849349545971,299.43623094460344,Down,137
2025-12-26 09:30:00,295.8312456395031,296.6,295.8312456395031,296.25,295.16300088352153,295.5767553418731,293.2154331142529,299.43623094460344,Down,90
2025-12-26 09:40:00,296.04062281975155,296.8,296.04062281975155,296.575,295.291364439565,295.6159021912114,293.2488616404793,299.43623094460344,Down,90
2025-12-26 09:50:00,296.30781140987574,298.2,296.30781140987574,297.375,295.48078585415,295.68488641900706,293.2899177435591,299.43623094460344,Down,138
2025-12-26 10:00:00,296.84140570493787,299.5,296.84140570493787,298.45,295.7507144128636,295.79332224571266,293.34126184561325,299.43623094460344,Down,332
2025-12-26 10:10:00,297.64570285246896,300.0,297.64570285246896,299.4,296.0824676480578,295.9347605890181,293.4015477973982,299.43623094460344,Down,192
2025-12-26 10:20:00,298.52285142623447,300.8,298.52285142623447,300.125,296.44997058914345,296.09908370317424,293.4684478193147,291.54509043069726,Up,200
2025-12-26 10:30:00,299.3239257131172,300.3,299.3239257131172,300.0,296.77270053558493,296.2520608128537,293.53343838827675,292.0785401318558,Up,130
2025-12-26 10:40:00,299.6619628565586,300.9,299.6619628565586,300.5,297.11154594144085,296.41864666333004,293.6027574092889,292.80040180820714,Up,160
2025-12-26 10:50:00,300.0809814282793,301.0,299.1,300.15,297.38776903767354,296.5649742451602,293.6679041017338,292.80040180820714,Up,224
2025-12-26 11:00:00,300.11549071413964,300.4,299.7,299.95,297.6206991251577,296.6977203531931,293.730412518632,292.9850581652296,Up,142
2025-12-26 11:10:00,300.0327453570698,300.9,300.0,300.275,297.86199920468886,296.8380058295385,293.79553279207846,293.6818710592997,Up,85
2025-12-26 11:20:00,300.15387267853487,300.3,299.5,300.05,298.06090836789895,296.9639663852428,293.8577662966349,293.6818710592997,Up,105
2025-12-26 11:30:00,300.10193633926747,300.7,299.5,300.075,298.24400760718083,297.0859677034686,293.919629318559,293.8056785614047,Up,162
2025-12-26 11:40:00,300.08846816963376,300.8,298.7,299.70000000000005,298.3763705519826,297.18847877392085,293.97714544474246,293.8056785614047,Up,220
2025-12-26 11:50:00,299.8942340848169,301.0,299.3,300.05,298.52851868362046,297.3006952925906,294.03757185822764,293.8056785614047,Up,280
2025-12-26 12:00:00,299.97211704240846,300.5,299.2,299.925,298.65547153056406,297.40360920268506,294.0961532327726,293.8056785614047,Up,112
2025-12-26 12:10:00,299.94855852120423,299.94855852120423,299.0,299.5,298.7322468459673,297.48582060650136,294.14992285234706,293.8056785614047,Up,122
2025-12-26 12:20:00,299.7242792606021,300.5,299.3,300.0,298.8474971326975,297.5844158768346,294.20813257520933,293.86507814587645,Up,63
2025-12-26 12:30:00,299.86213963030104,300.5,299.5,300.125,298.96363375699775,297.68404662676267,294.2670068779436,294.1500710417059,Up,73
2025-12-26 12:40:00,299.9935698151505,301.7,299.9935698151505,300.85,299.1351215972707,297.8082016610073,294.3325092970685,294.9081476055445,Up,137
2025-12-26 12:50:00,300.4217849075752,301.9,300.4217849075752,301.45000000000005,299.3455650884279,297.9510172821442,294.40333010008277,295.2245985092415,Up,130
2025-12-26 13:00:00,300.93589245378763,301.5,300.7,301.2,299.514150080389,298.07842836911897,294.47095865630087,295.4124600504127,Up,95
2025-12-26 13:10:00,301.0679462268938,302.0,300.8,301.4,299.6855909821718,298.20868608013393,294.5399043413128,295.7931455003751,Up,64
2025-12-26 13:20:00,301.2339731134469,301.9,301.2339731134469,301.6,299.85962816561073,298.34167878287377,294.6101540493595,296.22765450740883,Up,74
2025-12-26 13:30:00,301.4169865567235,302.7,301.4169865567235,302.025,300.05648015055516,298.48612275217283,294.68393361105745,296.7380047087025,Up,178
2025-12-26 13:40:00,301.72099327836173,302.5,301.5,302.05,300.2377092277774,298.62588264424454,294.75722780398223,296.79955584576425,Up,119
2025-12-26 13:50:00,301.8854966391809,301.9,300.8,301.425,300.34564475252483,298.7356519523134,294.82357379598244,296.79955584576425,Up,53
2025-12-26 14:00:00,301.65524831959044,302.0,301.2,301.55,300.4551315932044,298.84601854241873,294.89050340995277,296.79955584576425,Up,16
2025-12-26 14:10:00,301.60262415979525,301.9,301.5,301.725,300.57057417564033,298.95891977604936,294.95850835114726,297.00725457983793,Up,12
2025-12-26 14:20:00,301.66381207989764,302.3,301.66381207989764,302.025,300.70279470512753,299.0791582162043,295.0288217008871,297.4844327779461,Up,35
2025-12-26 14:30:00,301.8444060399488,302.3,301.8444060399488,302.1,300.8298133682977,299.1976225998826,295.09918168396285,297.8179204326805,Up,23
2025-12-26 14:40:00,301.9722030199744,302.2,301.2,301.725,300.9111939711797,299.29673543910286,295.1651102244209,297.8179204326805,Up,126
2025-12-26 14:50:00,301.84860150998725,302.1,301.4,301.725,300.9851763374361,299.3919615003145,295.2303827595013,297.8179204326805,Up,36
2025-12-26 15:00:00,301.78680075499364,302.2,301.7,301.925,301.0706148522146,299.4912963434394,295.29699586637196,298.0399454640918,Up,27
2025-12-26 15:10:00,301.8559003774968,302.0,301.4,301.625,301.1210135020133,299.57497099663783,295.3599610816319,298.0399454640918,Up,39
2025-12-26 15:20:00,301.7404501887484,302.0,301.4,301.67499999999995,301.17137591092114,299.6573250752011,295.4227972897749,298.0520210447039,Up,25
2025-12-26 15:30:00,301.7077250943741,301.9,301.3,301.725,301.22170537356465,299.73841036636964,295.48550577445377,298.0654736770036,Up,66
2025-12-26 15:40:00,301.71636254718703,302.6,301.7,302.17500000000007,301.30836852142244,299.83396290102183,295.55206790605126,298.60952152454865,Up,124
2025-12-26 15:50:00,301.94568127359355,302.7,301.94568127359355,302.525,301.4189713831113,299.93949376764846,295.6214503149463,298.82992612223865,Up,123
2025-12-26 16:00:00,302.2353406367968,303.0,302.2,302.65,301.53088307555566,300.04578812970146,295.69138613270803,299.1337140776745,Up,113
2025-12-26 16:10:00,302.4426703183984,303.6,302.4426703183984,303.2,301.68262097777784,300.1694827128504,295.766098708502,299.4493189819573,Up,246
2025-12-26 16:20:00,302.8213351591992,303.5,302.8,303.1,301.81147361616166,300.2844049594053,295.839072850706,299.6481671115982,Up,162
2025-12-26 16:30:00,302.9606675795996,303.0,301.7,302.625,301.885430560147,300.376193000213,295.906594513883,299.6481671115982,Up,276
2025-12-26 16:40:00,302.79283378979983,304.3,302.79283378979983,303.4,302.02311869104267,300.4947736668713,295.9811557625011,299.6481671115982,Up,218
2025-12-26 16:50:00,303.0964168948999,303.9,303.0964168948999,303.4,302.14828971912965,300.6087041113077,296.05497510814786,299.6481671115982,Up,113
2025-12-26 17:00:00,303.24820844744994,303.5,302.7,303.125,302.2370815628451,300.7073823814525,296.12532361453447,299.6481671115982,Up,70
2025-12-26 17:10:00,303.186604223725,303.3,302.5,302.975,302.3041650571319,300.796308562572,296.1934795984695,299.6481671115982,Up,118
2025-12-26 17:20:00,303.0808021118625,303.0808021118625,300.9,301.875,302.26515005193806,300.83861018756915,296.2500121397782,299.6481671115982,Up,215
2025-12-26 17:30:00,302.4779010559313,302.4779010559313,300.8,301.125,302.1615000472164,300.84984116060565,296.298519481671,299.6481671115982,Up,133
2025-12-26 17:40:00,301.80145052796564,302.1,300.4,301.05,302.06045458837855,300.8576905268564,296.34579789478875,299.6481671115982,Up,100
2025-12-26 17:50:00,301.4257252639828,301.4257252639828,299.4,300.15,301.88677689852597,300.82993795717573,296.38365065205454,299.6481671115982,Up,295
2025-12-26 18:00:00,300.7878626319914,300.9,300.0,300.425,301.75388808956905,300.8140580372865,296.4238630833774,299.6481671115982,Up,130
2025-12-26 18:10:00,300.6064313159957,300.8,299.4,300.175,301.61035280869913,300.78899693778504,296.46118782881643,299.6481671115982,Up,211
2025-12-26 18:20:00,300.3907156579978,301.6,299.5,300.575,301.5162298260901,300.7806049010092,296.5021212832561,299.6481671115982,Up,225
2025-12-26 18:30:00,300.48285782899893,301.5,300.48285782899893,301.15,301.4829362055365,300.7950909833226,296.54836883267643,299.6481671115982,Up,131
2025-12-26 18:40:00,300.81642891449945,301.9,300.3,301.15,301.45266927776044,300.80900898397664,296.5941562074757,299.6481671115982,Up,233
2025-12-26 18:50:00,300.9832144572497,301.6,299.6,300.65000000000003,301.37969934341857,300.8027733375462,296.63451286212774,299.6481671115982,Up,237
2025-12-26 19:00:00,300.8166072286249,300.8166072286249,297.8,298.875,301.15199940310777,300.7271743831327,296.65680626648464,305.02075754612935,Down,417
2025-12-26 19:10:00,299.84580361431244,299.84580361431244,297.5,298.5,300.9109085482798,300.63983421124516,296.67514650263905,305.02075754612935,Down,197
2025-12-26 19:20:00,299.1729018071562,299.8,298.7,299.07500000000005,300.7440077711634,300.57846816374536,296.6990256419163,305.02075754612935,Down,90
2025-12-26 19:30:00,299.12395090357813,301.2,299.0,300.1,300.6854616101486,300.55970470634355,296.73286618279275,305.02075754612935,Down,211
2025-12-26 19:40:00,299.6119754517891,302.5,299.6119754517891,301.6,300.76860146377146,300.60050060021246,296.78129537500377,305.02075754612935,Down,311
2025-12-26 19:50:00,300.6059877258945,301.6,300.6,301.0,300.78963769433767,300.6161672433414,296.8232725354515,305.02075754612935,Down,132
2025-12-26 20:00:00,300.80299386294723,300.80299386294723,299.3,300.025,300.7201251766706,300.5929842141908,296.85513052017336,305.02075754612935,Down,156
2025-12-26 20:10:00,300.4139969314736,301.0,299.2,300.075,300.66147743333687,300.57267110775194,296.8871690224602,305.02075754612935,Down,207
2025-12-26 20:20:00,300.2444984657368,300.8,300.0,300.55,300.6513431212153,300.5717820447029,296.9236151018388,305.02075754612935,Down,110
2025-12-26 20:30:00,300.3972492328684,302.0,300.3972492328684,301.175,300.6989482920139,300.595437650793,296.96591743913393,305.02075754612935,Down,189
2025-12-26 20:40:00,300.7861246164342,301.7,300.2,300.95,300.72177117455806,300.60934205664427,297.0055600516799,305.02075754612935,Down,161
2025-12-26 20:50:00,300.8680623082171,300.8680623082171,299.1,299.85,300.6425192495982,300.57956393677586,297.03386293673776,305.02075754612935,Down,180
2025-12-26 21:00:00,300.3590311541085,301.3,299.7,300.4,300.6204720450893,300.572522213765,297.0673568378648,305.02075754612935,Down,148
2025-12-26 21:10:00,300.37951557705424,301.3,300.37951557705424,300.95000000000005,300.65042913189933,300.5873252642056,297.1059901031597,305.02075754612935,Down,54
2025-12-26 21:20:00,300.66475778852714,301.0,299.6,300.325,300.62084466536305,300.5770379989426,297.138020052382,305.02075754612935,Down,106
2025-12-26 21:30:00,300.4948788942636,300.4948788942636,299.2,299.7,300.5371315139664,300.5426443519253,297.1635123901692,305.02075754612935,Down,110
2025-12-26 21:40:00,300.0974394471318,300.5,299.1,299.57500000000005,300.44966501269676,300.5046975145949,297.1875072917596,305.02075754612935,Down,129
2025-12-26 21:50:00,299.83621972356593,300.7,298.6,299.775,300.38833182972434,300.47608192578724,297.21325348786144,305.02075754612935,Down,223
2025-12-26 22:00:00,299.8056098617829,301.0,299.8056098617829,300.57500000000005,300.4053016633857,300.47996106595247,297.24670370191257,305.02075754612935,Down,146
2025-12-26 22:10:00,300.1903049308915,301.0,300.1903049308915,300.725,300.43436514853244,300.48957043591514,297.2813136153264,305.02075754612935,Down,113
2025-12-26 22:20:00,300.4576524654458,301.3,300.1,300.725,300.4607864986658,300.49880296784005,297.31557915149233,305.02075754612935,Down,164
2025-12-26 22:30:00,300.5913262327229,300.6,299.7,300.175,300.434805907878,300.48610481223847,297.3440311002337,305.02075754612935,Down,65
2025-12-26 22:40:00,300.38316311636146,300.9,299.8,300.3,300.42255082534365,300.4788065843075,297.37344372610204,305.02075754612935,Down,51
2025-12-26 22:50:00,300.34158155818074,301.6,300.34158155818074,301.1,300.48413711394875,300.50316711041313,297.4105238880314,305.02075754612935,Down,100
2025-12-26 23:00:00,300.7207907790904,301.3,300.7207907790904,301.1,300.5401246490443,300.5265723217695,297.4472350931256,305.02075754612935,Down,66
2025-12-26 23:10:00,300.9103953895452,301.9,300.9,301.325,300.6114769536766,300.55788321111186,297.4858198185671,305.02075754612935,Down,88
2025-12-26 23:20:00,301.1176976947726,302.2,301.1176976947726,301.775,300.7172517760696,300.6056132812643,297.52849822833264,305.02075754612935,Down,108
2025-12-26 23:30:00,301.4463488473863,302.4,301.4,301.9,300.82477434188144,300.6563735447441,297.571995758399,305.02075754612935,Down,129
2025-12-26 23:40:00,301.6731744236931,302.0,300.6,301.375,300.87479485625585,300.68455497436196,297.60983659662395,305.02075754612935,Down,129
2025-12-26 23:50:00,301.52408721184656,301.7,300.4,300.875,300.87481350568714,300.69202340673996,297.6423257847173,305.02075754612935,Down,144
2025-12-27 00:00:00,301.1995436059233,301.1995436059233,300.2,300.55,300.8452850051701,300.68645386137763,297.6712578664614,305.02075754612935,Down,58
2025-12-29 09:00:00,300.8747718029616,304.0,300.8747718029616,302.95,301.03662273197284,300.7752203766177,297.7237826638101,305.02075754612935,Down,81
2025-12-29 09:10:00,301.9123859014808,305.0,301.9123859014808,304.55,301.35602066542987,300.9232509500837,297.7917052243692,305.02075754612935,Down,627
2025-12-29 09:20:00,303.2311929507404,305.0,303.2311929507404,304.425,301.6350187867544,301.0605744422373,297.8577081574601,305.02075754612935,Down,214
2025-12-29 09:30:00,303.8280964753702,304.9,303.8280964753702,304.5,301.89547162432217,301.19545387587505,297.9238006136048,305.02075754612935,Down,111
2025-12-29 09:40:00,304.1640482376851,304.9,304.0,304.425,302.1254287493838,301.3221027434878,297.9884891647132,305.02075754612935,Down,93
2025-12-29 09:50:00,304.29452411884256,304.3,303.7,303.975,302.2935715903489,301.4261379300177,298.0480564367061,305.02075754612935,Down,67
2025-12-29 10:00:00,304.1347620594213,304.1347620594213,303.3,303.67499999999995,302.41915599122626,301.51432859942884,298.10404592489806,305.02075754612935,Down,83
2025-12-29 10:10:00,303.9048810297106,303.9048810297106,303.1,303.375,302.50605090111475,301.58729610533356,298.15649322912793,305.02075754612935,Down,118
2025-12-29 10:20:00,303.6399405148553,303.6399405148553,302.5,303.0,302.5509553646498,301.6426962580656,298.20468732635055,305.02075754612935,Down,182
2025-12-29 10:30:00,303.31997025742766,303.31997025742766,300.8,302.05,302.50541396786343,301.65866895382777,298.2429491439988,305.02075754612935,Down,300
2025-12-29 10:40:00,302.68498512871383,303.3,301.5,302.225,302.47992178896675,301.680878014462,298.282571540576,305.02075754612935,Down,174
2025-12-29 10:50:00,302.4549925643569,302.8,302.3,302.475,302.4794743536061,301.71202005311056,298.3242872466399,305.02075754612935,Down,121
2025-12-29 11:00:00,302.46499628217845,303.0,302.3,302.54999999999995,302.48588577600555,301.74488201181214,298.3663341397082,305.02075754612935,Down,70
2025-12-29 11:10:00,302.5074981410892,303.2,300.8,302.0,302.4417143418232,301.7548866387999,298.4024900189151,305.02075754612935,Down,188
2025-12-29 11:20:00,302.2537490705446,302.2537490705446,301.1,301.45,302.3515584925665,301.74293030002343,298.432813501314,305.02075754612935,Down,65
2025-12-29 11:30:00,301.85187453527226,301.85187453527226,300.0,300.92499999999995,302.22187135687864,301.7108546019833,298.45761137692284,305.02075754612935,Down,168
2025-12-29 11:40:00,301.3884372676361,301.3884372676361,299.8,300.4,302.0562466880715,301.65944853916045,298.47693862690375,305.02075754612935,Down,188
2025-12-29 11:50:00,300.894218633818,301.3,299.9,300.45,301.9102242618832,301.6120191846836,298.49657107837737,305.02075754612935,Down,140
2025-12-29 12:00:00,300.672109316909,300.672109316909,299.3,300.05,301.7411129653483,301.5507635303823,298.5120280825726,305.02075754612935,Down,98
2025-12-29 12:10:00,300.36105465845446,300.36105465845446,299.4,299.775,301.5623754230439,301.48112574487715,298.52459496732314,305.02075754612935,Down,64
2025-12-29 12:20:00,300.0680273292272,300.0680273292272,299.4,299.775,301.3998867482217,301.4142188529212,298.53703680844427,305.02075754612935,Down,88
2025-12-29 12:30:00,299.9215136646136,300.2,299.2,299.625,301.2385334074743,301.3440534077086,298.5478623128379,304.8739444514941,Down,95
2025-12-29 12:40:00,299.7732568323068,299.8,298.4,299.025,301.0373030977039,301.2531101368181,298.55260995151616,304.31267677408556,Down,224
2025-12-29 12:50:00,299.3991284161534,299.3991284161534,298.4,298.725,300.82709372518536,301.15396856282524,298.55432527538164,304.001680699483,Down,86
2025-12-29 13:00:00,299.06206420807666,299.06206420807666,298.0,298.57500000000005,300.62235793198664,301.0528325407536,298.55453099403456,303.55552499007194,Down,177
2025-12-29 13:10:00,298.81853210403835,299.0,298.4,298.7,300.44759811998784,300.960564597979,298.5559784468303,303.4859026236669,Down,75
2025-12-29 13:20:00,298.75926605201914,298.8,298.4,298.7,300.2887255636253,300.87191500590137,298.55741149711065,303.0962751124245,Down,47
2025-12-29 13:30:00,298.72963302600954,300.0,298.72963302600954,299.5,300.21702323965934,300.8181144174347,298.56679048718917,303.0962751124245,Down,91
2025-12-29 13:40:00,299.1148165130048,301.3,299.1148165130048,300.4,300.2336574905994,300.8017177736137,298.5850313778639,303.0962751124245,Down,169
2025-12-29 13:50:00,299.75740825650234,301.0,299.75740825650234,300.525,300.2601431732722,300.7908660962171,298.60433454823345,303.0962751124245,Down,44
2025-12-29 14:00:00,300.1412041282512,301.5,300.1412041282512,300.875,300.31603924842926,300.7941654649929,298.6269282343207,303.0962751124245,Down,90
2025-12-29 14:10:00,300.5081020641256,301.5,300.4,301.025,300.38049022584477,300.80321779969904,298.6507896449245,303.0962751124245,Down,71
2025-12-29 14:20:00,300.7665510320628,301.4,300.3,300.94999999999993,300.43226384167707,300.80897396441674,298.6736673599004,303.0962751124245,Down,133
2025-12-29 14:30:00,300.85827551603137,301.4,300.8,300.975,300.4816034924337,300.8154847893416,298.69656619214015,303.0962751124245,Down,35
2025-12-29 14:40:00,300.91663775801567,300.91663775801567,300.5,300.75,300.5060031749397,300.8129167583871,298.71699836933277,303.0962751124245,Down,20
2025-12-29 14:50:00,300.83331887900783,300.83331887900783,300.0,300.475,300.5031847044906,300.7996651208033,298.73449092287177,303.0962751124245,Down,43
2025-12-29 15:00:00,300.6541594395039,300.7,300.1,300.45,300.49834973135506,300.7859527631248,298.75156066493275,303.0962751124245,Down,20
2025-12-29 15:10:00,300.552079719752,300.9,300.2,300.65,300.51213611941364,300.78062128221796,298.7704506085653,303.0962751124245,Down,30
2025-12-29 15:20:00,300.601039859876,300.9,300.6,300.725,300.5314873812851,300.77844005546433,298.7898988612164,303.0962751124245,Down,54
2025-12-29 15:30:00,300.663019929938,300.663019929938,300.0,300.375,300.5172612557137,300.76261887681864,298.8056710118511,303.0962751124245,Down,47
2025-12-29 15:40:00,300.519009964969,300.6,300.1,300.32500000000005,300.4997829597397,300.7454573522375,298.82078871322574,303.0962751124245,Down,70
2025-12-29 15:50:00,300.4220049824845,300.4220049824845,299.0,299.625,300.42025723612704,300.7015178482282,298.8287908155817,303.0962751124245,Down,154
2025-12-29 16:00:00,300.02350249124225,300.02350249124225,299.3,299.525,300.338870214661,300.6553798933957,298.83571827015305,303.0962751124245,Down,33
2025-12-29 16:10:00,299.77425124562114,300.1,299.6,299.75,300.2853365587827,300.61987479953706,298.8448156007983,303.0962751124245,Down,46
2025-12-29 16:20:00,299.7621256228106,300.3,299.6,299.925,300.2525786898024,300.59262480739835,298.855563704273,303.0962751124245,Down,50
2025-12-29 16:30:00,299.84356281140526,301.0,299.84356281140526,300.525,300.2773442634567,300.58997285416706,298.87217501069813,303.0962751124245,Down,123
2025-12-29 16:40:00,300.1842814057026,301.0,300.1842814057026,300.75,300.3203129667788,300.5962484285135,298.8908598364623,303.0962751124245,Down,41
2025-12-29 16:50:00,300.46714070285134,301.0,300.4,300.7,300.35482996979886,300.60031711759143,298.9088612311244,303.0962751124245,Down,36
2025-12-29 17:00:00,300.5835703514257,301.7,300.5,301.125,300.42484542708985,300.6208929169016,298.930912363153,303.0962751124245,Down,198
2025-12-29 17:10:00,300.85428517571285,301.9,299.9,300.875,300.4657685700817,300.63085790055254,298.9502565187436,303.0962751124245,Down,359
2025-12-29 17:20:00,300.86464258785645,301.3,299.9,300.45,300.4643350637106,300.62376543386426,298.9651793394526,303.0962751124245,Down,86
2025-12-29 17:30:00,300.65732129392825,301.5,300.6,300.975,300.51075914882784,300.6375393384186,298.9851775549805,303.0962751124245,Down,208
2025-12-29 17:40:00,300.81616064696414,301.2,299.2,300.225,300.48478104438897,300.6213613251473,298.997514096722,303.0962751124245,Down,239
2025-12-29 17:50:00,300.5205803234821,300.5205803234821,299.4,299.9,300.43161913126266,300.59307264572976,299.0064940559586,303.0962751124245,Down,99
2025-12-29 18:00:00,300.210290161741,301.6,300.0,300.8,300.4651083011479,300.60118744393645,299.0243398862476,303.0962751124245,Down,193
2025-12-29 18:10:00,300.50514508087053,303.9,300.50514508087053,302.525,300.6523711828617,300.676631073586,299.05917232519045,303.0962751124245,Down,455
2025-12-29 18:20:00,301.51507254043526,303.6,301.5,302.45,300.8157919844197,300.74617495305324,299.0929119040443,303.0962751124245,Down,262
2025-12-29 18:30:00,301.9825362702176,304.0,301.5,302.45,300.96435634947244,300.81299162156097,299.1263157656956,303.0962751124245,Down,290
2025-12-29 18:40:00,302.2162681351088,303.5,301.1,302.45,301.09941486315677,300.8771880285586,299.15938725061403,303.0962751124245,Down,310
2025-12-29 18:50:00,302.3331340675544,304.6,302.2,303.175,301.28810442105157,300.96729830194846,299.19934359637904,298.48714046170875,Up,368
2025-12-29 19:00:00,302.75406703377723,303.8,302.75406703377723,303.4,301.48009492822865,301.0626983685387,299.24114117253447,298.48714046170875,Up,140
2025-12-29 19:10:00,303.0770335168886,304.3,303.0770335168886,303.65,301.67735902566244,301.1641611776156,299.2850104145988,298.48714046170875,Up,275
2025-12-29 19:20:00,303.3635167584443,304.6,303.3635167584443,304.025,301.8907809324204,301.27635093535616,299.33217449007543,298.48714046170875,Up,208
2025-12-29 19:30:00,303.6942583792221,304.6,303.2,303.975,302.08025539310944,301.3821803104403,299.3783717588309,298.48714046170875,Up,346
2025-12-29 19:40:00,303.83462918961106,304.9,302.5,303.975,302.25250490282673,301.48385951395244,299.42410935327035,298.48714046170875,Up,479
2025-12-29 19:50:00,303.90481459480554,304.5,303.2,304.05,302.41591354802426,301.58449247418963,299.4701381159244,298.48714046170875,Up,234
2025-12-29 20:00:00,303.9774072974028,304.5,303.6,303.975,302.55764868002206,301.6782378673587,299.51496261228334,298.48714046170875,Up,126
2025-12-29 20:10:00,303.9762036487014,304.2,303.1,303.75,302.6660442545655,301.7594834411878,299.55710228778304,298.48714046170875,Up,244
2025-12-29 20:20:00,303.8631018243507,304.5,303.4,304.04999999999995,302.79185841324136,301.84930761996475,299.60180773765586,298.48714046170875,Up,150
2025-12-29 20:30:00,303.9565509121753,306.3,303.9565509121753,305.2,303.01078037567396,301.98070732114263,299.6575111432513,298.9844951649001,Up,458
2025-12-29 20:40:00,304.5782754560877,306.5,304.5782754560877,305.8,303.26434579606723,302.13048350462725,299.7186304353583,299.25507399281435,Up,286
2025-12-29 20:50:00,305.1891377280439,306.2,305.1891377280439,305.67499999999995,303.48349617824294,302.2694841515046,299.77789779421045,299.6141973694656,Up,107
2025-12-29 21:00:00,305.4320688640219,306.2,305.3,305.7,303.6849965256754,302.404014184779,299.83682418431783,299.89511682313065,Up,169
2025-12-29 21:10:00,305.5660344320109,306.1,304.4,305.29999999999995,303.8318150233412,302.51758225596416,299.89118414268285,299.89511682313065,Up,264
2025-12-29 21:20:00,305.43301721600545,307.0,304.4,305.85,304.01528638485564,302.6482653047499,299.9504758427557,299.89511682313065,Up,248
2025-12-29 21:30:00,305.6415086080027,307.9,305.6415086080027,307.225,304.30707853168695,302.8277450967205,300.0228591677034,300.1802261217353,Up,329
2025-12-29 21:40:00,306.43325430400137,307.6,306.43325430400137,307.1,304.5609804833518,302.9952845046923,300.0932784794676,300.6009667332139,Up,200
2025-12-29 21:50:00,306.7666271520007,307.6,306.7666271520007,307.17499999999995,304.7986186212289,303.159194916273,300.16374337021915,301.04785034146715,Up,267
2025-12-29 22:00:00,306.9708135760003,308.4,306.8,307.6,305.05328965566264,303.3333441352427,300.23773597350055,301.4404879686062,Up,305
2025-12-29 22:10:00,307.28540678800016,308.2,307.28540678800016,307.875,305.3098087778751,303.51144828680185,300.31372865038117,301.8105676520057,Up,121
2025-12-29 22:20:00,307.5802033940001,308.5,307.5,307.975,305.55209888897735,303.6864895304567,300.3899602060988,302.24351296182334,Up,206
2025-12-29 22:30:00,307.777601697,308.1,306.2,307.45000000000005,305.7246353536158,303.83407817632116,300.4602093582769,302.24351296182334,Up,233
2025-12-29 22:40:00,307.61380084850003,308.3,307.0,307.75,305.908759412378,303.9876437380341,300.53274458854287,302.24351296182334,Up,226
2025-12-29 22:50:00,307.68190042425,308.9,307.68190042425,308.275,306.1238721930709,304.1557753561504,300.60978195582106,302.52231968407114,Up,269
2025-12-29 23:00:00,307.978450212125,308.0,306.6,307.3,306.23079290279173,304.2790782833602,300.676351289594,302.52231968407114,Up,154
2025-12-29 23:10:00,307.6392251060625,307.6392251060625,305.9,306.475,306.2529935479925,304.3651928604833,300.73404928671243,302.52231968407114,Up,329
2025-12-29 23:20:00,307.0571125530313,307.0571125530313,305.1,305.7,306.2027214072659,304.4175382385036,300.7834617316208,302.52231968407114,Up,227
2025-12-29 23:30:00,306.3785562765156,306.4,304.6,305.54999999999995,306.14338309751446,304.4619485036603,300.8308899730972,302.52231968407114,Up,235
2025-12-29 23:40:00,305.9642781382578,307.3,305.7,306.5,306.1758028159222,304.54187209175205,300.88729902809126,302.52231968407114,Up,163
2025-12-29 23:50:00,306.2321390691289,306.8,302.7,305.1,306.0780025599293,304.56375946070295,300.9292164506973,302.52231968407114,Up,641
2025-12-30 00:00:00,305.6660695345645,308.5,303.7,305.42499999999995,306.0186386908448,304.59753359949895,300.97395061536696,302.52231968407114,Up,265
2025-12-31 09:00:00,305.5455347672822,305.5455347672822,302.0,302.7,305.71694426440433,304.5231205171657,300.9911252361096,302.52231968407114,Up,99
2025-12-31 09:10:00,304.1227673836411,304.1227673836411,302.2,302.65,305.43813114945846,304.4496648106102,301.00763145266575,302.52231968407114,Up,246
2025-12-31 09:20:00,303.3863836918205,303.3863836918205,302.2,302.42499999999995,305.1642101358713,304.37026619058634,301.021734622291,309.612856553694,Down,177
2025-12-31 09:30:00,302.90569184591027,302.90569184591027,302.0,302.2,304.89473648715574,304.28515771252415,301.0334586559,309.612856553694,Down,297
2025-12-31 09:40:00,302.5528459229552,302.5528459229552,301.2,301.70000000000005,304.6043058974143,304.18377897869965,301.0400909080802,309.5846944822012,Down,255
2025-12-31 09:50:00,302.1264229614776,302.1264229614776,301.6,301.85,304.3539144521948,304.0922582344369,301.04814970501474,309.06215757647936,Down,140
2025-12-31 10:00:00,301.9882114807388,302.2,301.7,301.92499999999995,304.13310404744976,304.00726771543935,301.0568745835718,308.6763146324914,Down,82
2025-12-31 10:10:00,301.9566057403693,301.9566057403693,300.3,301.25,303.8710036794998,303.89913956973584,301.0587962295064,307.84553644167477,Down,232
2025-12-31 10:20:00,301.6033028701847,301.6033028701847,299.4,300.325,303.5486397086362,303.75897723366774,301.0514947744865,307.40942845287776,Down,287
2025-12-31 10:30:00,300.96415143509233,300.96415143509233,299.8,300.25,303.2487633714874,303.6213702833278,301.04351970210354,307.0852008010211,Down,168
2025-12-31 10:40:00,300.6070757175462,300.6070757175462,299.5,300.05,302.9579667013522,303.4813165467267,301.0336339339234,306.549860922858,Down,189
2025-12-31 10:50:00,300.3285378587731,300.3285378587731,299.4,299.65,302.6572424557747,303.33106883901195,301.01986643209335,306.1076672999266,Down,122
2025-12-31 11:00:00,299.9892689293865,299.9892689293865,298.4,299.0,302.32476586888606,303.16122300218797,300.9997682586397,305.4483671395067,Down,276
2025-12-31 11:10:00,299.49463446469326,299.49463446469326,298.1,298.525,301.9793326080782,302.9794103354355,300.97514369885226,304.98966856024725,Down,291
2025-12-31 11:20:00,299.0098172323466,299.5,298.2,298.70000000000005,301.6812114618893,302.8115903222811,300.95250545309256,304.95213757081876,Down,239
2025-12-31 11:30:00,298.85490861617336,299.0,298.4,298.625,301.403374056263,302.6474103096426,300.9293461948529,304.46557960983523,Down,95
2025-12-31 11:40:00,298.7399543080867,299.0,297.8,298.35,301.1257945966027,302.4788844151468,300.90368105858573,304.0777996453047,Down,301
2025-12-31 11:50:00,298.5449771540433,298.8,297.8,298.125,300.85299508782066,302.30814384984694,300.8760324908386,303.8252724048225,Down,234
2025-12-31 12:00:00,298.3349885770217,298.7,297.8,298.225,300.61408644347335,302.14802056161767,300.84965405809396,303.60024764074774,Down,96
2025-12-31 12:10:00,298.27999428851086,298.6,298.1,298.375,300.41053313043034,302.000058970966,300.82503063463037,303.3956796734071,Down,65
2025-12-31 12:20:00,298.3274971442554,298.4,297.3,297.95,300.1868483003912,301.84123312896736,300.79642336463405,302.83698152127914,Down,154
2025-12-31 12:30:00,298.1387485721277,298.1387485721277,297.2,297.525,299.9448620912647,301.6719690846942,300.763871888369,302.54435696800044,Down,97
2025-12-31 12:40:00,297.83187428606385,298.4,297.3,297.725,299.74305644660427,301.51718598333366,300.7336343571415,302.54435696800044,Down,98
2025-12-31 12:50:00,297.778437143032,297.9,297.0,297.5,299.5391422241857,301.35964927810494,300.70145889090134,302.16982039829463,Down,116
2025-12-31 13:00:00,297.639218571516,297.639218571516,296.7,297.1,299.317402021987,301.1926042083753,300.66562347905153,301.8018891283953,Down,137
2025-12-31 13:10:00,297.369609285758,297.7,297.0,297.32500000000005,299.13627456544276,301.04093345510574,300.63238344443414,301.8018891283953,Down,50
2025-12-31 13:20:00,297.347304642879,297.7,297.0,297.35,298.97388596858434,300.89619096667025,300.5997229126487,301.6642808616837,Down,77
2025-12-31 13:30:00,297.34865232143954,297.5,297.0,297.15,298.80807815325846,300.74928151699686,300.5653973115278,301.35389169243973,Down,51
2025-12-31 13:40:00,297.24932616071976,297.3,296.4,296.79999999999995,298.6255255938713,300.5944077320166,300.5279306716121,300.9080833567634,Down,109
2025-12-31 13:50:00,297.02466308035986,297.02466308035986,295.4,296.075,298.3936596307921,300.41717605625126,300.4836229037354,300.49228480282295,Down,267
2025-12-31 14:00:00,296.5498315401799,296.5498315401799,295.1,295.675,298.14650875526553,300.2312083677709,300.4357759096684,300.24299384164914,Down,238
2025-12-31 14:10:00,296.11241577009,296.11241577009,295.2,295.35,297.89228068660503,300.03978843177987,300.3851711742488,300.0044300483133,Down,63
2025-12-31 14:20:00,295.731207885045,295.731207885045,295.0,295.225,297.64980062418635,299.85097319916105,300.33382618744037,299.5844269582373,Down,175
2025-12-31 14:30:00,295.47810394252247,295.47810394252247,294.3,294.85,297.39527329471485,299.65485660311555,300.27926075273945,299.15274705555555,Down,273
2025-12-31 14:40:00,295.16405197126124,295.16405197126124,294.4,294.67499999999995,297.14797572246806,299.4595681088757,300.22349696415495,298.9359495063569,Down,128
2025-12-31 14:50:00,294.91952598563057,295.5,294.7,295.1,296.9617961113346,299.28860465362567,300.1725168948599,298.9359495063569,Down,202
2025-12-31 15:00:00,295.00976299281524,295.5,295.0,295.2,296.80163282848594,299.1282672162286,300.12303911481155,298.9359495063569,Down,140
2025-12-31 15:10:00,295.10488149640764,295.4,294.7,294.95,296.63330257135084,298.9644135999059,300.07156608879353,298.8386728179761,Down,141
2025-12-31 15:20:00,295.02744074820384,295.1,294.7,294.9,296.4757296103189,298.8050248312822,300.02010771975085,298.4897025617965,Down,87
2025-12-31 15:30:00,294.9637203741019,296.5,294.9637203741019,295.775,296.4120269184717,298.6862003280947,299.9778678419424,298.4897025617965,Down,238
2025-12-31 15:40:00,295.3693601870509,296.4,295.3693601870509,296.325,296.40411538042883,298.59360423679686,299.9415208982415,298.4897025617965,Down,97
2025-12-31 15:50:00,295.8471800935255,296.4,295.6,296.075,296.3741958003899,298.494835443197,299.90304805348285,298.4897025617965,Down,128
2025-12-31 16:00:00,295.9610900467627,296.0,295.5,295.75,296.31745072762715,298.3871948375815,299.86172419225414,298.4897025617965,Down,71
2025-12-31 16:10:00,295.8555450233813,295.9,295.5,295.775,296.26813702511555,298.28475582434305,299.8210602699432,298.4897025617965,Down,57
2025-12-31 16:20:00,295.81527251169064,296.2,295.7,295.975,296.2414882046505,298.1941771645649,299.7827910135258,298.4897025617965,Down,46
2025-12-31 16:30:00,295.89513625584533,296.4,295.8,296.1,296.2286256405914,298.1120525698761,299.7461463268241,298.4897025617965,Down,107
2025-12-31 16:40:00,295.9975681279227,296.6,295.9975681279227,296.32500000000005,296.23738694599217,298.04197207693977,299.7121050698408,298.4897025617965,Down,131
2025-12-31 16:50:00,296.1612840639614,296.6,295.4,296.0,296.2158063145383,297.96189474058923,299.67516870098666,298.4897025617965,Down,143
2025-12-31 17:00:00,296.0806420319807,296.0806420319807,295.1,295.35,296.1370966495803,297.85946749586026,299.63213219649924,298.4897025617965,Down,182
2025-12-31 17:10:00,295.7153210159904,295.7153210159904,294.2,294.975,296.03145149961847,297.7463511234736,299.58579257265353,298.4897025617965,Down,243
2025-12-31 17:20:00,295.3451605079952,295.4,294.3,294.95,295.93313772692585,297.6366902951021,299.5396652833734,298.4897025617965,Down,131
2025-12-31 17:30:00,295.1475802539976,295.5,294.5,295.125,295.85967066084163,297.5381926364706,299.4957382656284,298.4897025617965,Down,128
2025-12-31 17:40:00,295.1362901269988,295.4,293.2,294.25,295.7133369644015,297.40924390562867,299.44354186497543,298.48758852756066,Down,575
2025-12-31 17:50:00,294.6931450634994,294.6931450634994,293.0,293.35,295.4984881494559,297.25005787011384,299.38290960761253,298.2691603071683,Down,394
2025-12-31 18:00:00,294.0215725317497,294.0215725317497,292.8,293.15,295.28498922677807,297.0892712869721,299.32089060654175,297.87552880052806,Down,222
2025-12-31 18:10:00,293.58578626587484,293.8,292.5,293.1,295.0863538425255,296.93282927571835,299.2589911975214,297.68158412241195,Down,236
2025-12-31 18:20:00,293.34289313293743,293.5,292.7,293.15,294.91032167502317,296.78448302961175,299.19820521545654,297.5105310203745,Down,184
2025-12-31 18:30:00,293.2464465664687,294.0,292.7,293.5,294.78211061365744,296.65567977354857,299.1415066560988,297.5105310203745,Down,383
2025-12-31 18:40:00,293.3732232832343,295.0,293.3732232832343,294.15,294.72464601241586,296.5574178216447,299.0918399232023,297.5105310203745,Down,345
2025-12-31 18:50:00,293.76161164161715,295.1,293.76161164161715,294.625,294.7155872840144,296.48163673059986,299.0473937548123,297.5105310203745,Down,177
2025-12-31 19:00:00,294.1933058208086,295.1,293.9,294.575,294.70280662183126,296.4068666627332,299.00289232441617,297.5105310203745,Down,208
2025-12-31 19:10:00,294.3841529104043,294.5,292.6,293.625,294.60482420166477,296.29777385242994,298.94938095800404,297.5105310203745,Down,248
2025-12-31 19:20:00,294.00457645520214,294.00457645520214,291.1,292.1,294.37711291060435,296.1331552699817,298.8812279136458,297.5105310203745,Down,521
2025-12-31 19:30:00,293.0522882276011,293.0522882276011,290.1,290.8,294.05192082782213,295.92401192606087,298.8008176856493,297.5105310203745,Down,668
2025-12-31 19:40:00,291.92614411380055,291.92614411380055,289.5,290.45000000000005,293.7244734798383,295.7093447917055,298.7177249723593,297.21803342330975,Down,303
2025-12-31 19:50:00,291.1880720569003,292.3,290.4,290.925,293.4699758907621,295.52172342732496,298.64018542039554,297.21803342330975,Down,265
2025-12-31 20:00:00,291.0565360284502,292.4,290.3,291.325,293.274978082511,295.35714603801813,298.56739750576475,297.21803342330975,Down,214
2025-12-31 20:10:00,291.1907680142251,292.6,291.1907680142251,291.9,293.14998007501,295.22157168358603,298.5010552420258,297.21803342330975,Down,257
2025-12-31 20:20:00,291.54538400711255,292.0,290.7,291.275,292.9795273409182,295.0668041665827,298.4291541948415,297.21803342330975,Down,169
2025-12-31 20:30:00,291.4101920035563,291.4101920035563,289.1,290.07500000000005,292.71547940083474,294.8710471404422,298.346028282455,297.03312935300676,Down,505
2025-12-31 20:40:00,290.74259600177817,290.74259600177817,288.0,288.85,292.364072182577,294.6349276447386,298.2515404388485,296.53045413901623,Down,521
2025-12-31 20:50:00,289.7962980008891,289.7962980008891,287.6,288.0,291.96733834779724,294.37473440376846,298.14953506134754,296.0051265808835,Down,307
2025-12-31 21:00:00,288.89814900044456,288.89814900044456,286.9,287.975,291.60439849799747,294.1237644271501,298.04829590650826,295.26838102805567,Down,359
2025-12-31 21:10:00,288.43657450022226,289.4,288.2,288.825,291.3517259072704,293.91596974373243,297.9565218178863,295.26838102805567,Down,338
2025-12-31 21:20:00,288.6307872501111,289.7,288.6,289.125,291.14929627933674,293.72808857731155,297.86864597890235,295.26838102805567,Down,181
2025-12-31 21:30:00,288.87789362505555,289.2,288.3,288.875,290.9425420721243,293.5377713782013,297.7791569641869,295.26838102805567,Down,200
2025-12-31 21:40:00,288.8764468125278,289.0,287.8,288.45,290.7159473382948,293.3382509319973,297.68632953170743,294.88711599469525,Down,180
2025-12-31 21:50:00,288.6632234062639,288.7,287.1,287.77500000000003,290.44858848935894,293.12008422878176,297.5877093373621,294.37919635881383,Down,125
2025-12-31 22:00:00,288.21911170313194,288.21911170313194,286.6,287.05,290.13962589941724,292.88204171000604,297.48285650813466,293.88850225162656,Down,211
2025-12-31 22:10:00,287.634555851566,287.9,287.0,287.275,289.87920536310656,292.6621577213783,297.38128579661094,293.66722400005506,Down,139
2025-12-31 22:20:00,287.454777925783,287.8,287.0,287.425,289.65609578464233,292.45677898720663,297.2822182762466,293.34293090914093,Down,89
2025-12-31 22:30:00,287.4398889628915,288.7,287.4,288.04999999999995,289.51008707694757,292.28396412496323,297.19035540782625,293.34293090914093,Down,185
2025-12-31 22:40:00,287.7449444814457,289.5,286.0,288.125,289.38417006995235,292.12086749261175,297.1001528664549,293.34293090914093,Down,622
2025-12-31 22:50:00,287.93497224072286,288.5,287.8,288.17499999999995,289.27424551813846,291.96612759094074,297.0113453752464,293.34293090914093,Down,412
2025-12-31 23:00:00,288.0549861203614,288.8,288.0,288.27500000000003,289.1834050164895,291.82137748933525,296.92441656554246,293.34293090914093,Down,129
2025-12-31 23:10:00,288.1649930601807,289.6,287.8,288.375,289.109913651354,291.68622543092994,296.8393477439948,293.34293090914093,Down,397
2025-12-31 23:20:00,288.26999653009034,289.7,287.7,288.725,289.0749215012309,291.5700989434425,296.7586079654476,293.34293090914093,Down,269
2025-12-31 23:30:00,288.4974982650452,290.9,288.4974982650452,290.175,289.17492863748265,291.5153891809545,296.693099428478,293.34293090914093,Down,310
2025-12-31 23:40:00,289.3362491325226,291.0,288.8,289.9,289.24084421589333,291.45204058562297,296.6255063993389,293.34293090914093,Down,245
2025-12-31 23:50:00,289.61812456626126,289.61812456626126,287.2,288.17499999999995,289.14394928717576,291.32352919010833,296.5414217585495,293.34293090914093,Down,323
2026-01-01 00:00:00,288.8965622831306,288.8965622831306,286.5,287.025,288.9513175337961,291.1549594179472,296.44673099478285,293.34293090914093,Down,296
2026-01-01 09:00:00,287.9607811415653,287.9607811415653,283.6,285.40000000000003,288.6284704852692,290.9292747348905,296.33681327344175,293.34293090914093,Down,38
2026-01-01 09:10:00,286.68039057078266,287.1,282.0,284.35,288.239518622972,290.6712639609732,296.21754149957667,293.34293090914093,Down,476
2026-01-01 09:20:00,285.5151952853913,285.5151952853913,271.4,278.775,287.37910783906545,290.20474380564093,296.0439838727152,292.12033756880874,Down,1945
2026-01-01 09:30:00,282.14509764269565,282.9,277.7,280.15,286.7219162173322,289.81044012698834,295.88583477945434,292.12033756880874,Down,867
2026-01-01 09:40:00,281.1475488213478,282.4,278.7,281.25,286.2244692884838,289.4747365925966,295.7402045826439,292.12033756880874,Down,443
2026-01-01 09:50:00,281.1987744106739,281.9,279.5,280.7,285.7222448077125,289.1306292752399,295.59055080570215,292.12033756880874,Down,245
2026-01-01 10:00:00,280.94938720533696,282.0,279.0,280.275,285.2270407342841,288.78334969581874,295.43815726534694,292.12033756880874,Down,242
2026-01-01 10:10:00,280.61219360266847,285.4,275.6,280.925,284.8359461220765,288.4751791195121,295.2937477403186,292.12033756880874,Down,1677
2026-01-01 10:20:00,280.76859680133424,282.6,280.5,281.55,284.5372237473423,288.2036034677666,295.15699403145976,292.12033756880874,Down,140
2026-01-01 10:30:00,281.1592984006671,281.9,280.5,281.2,284.2338397703112,287.92895235138354,295.01811846895765,292.12033756880874,Down,88
2026-01-01 10:40:00,281.1796492003336,282.4,281.1796492003336,281.9,284.0216725184647,287.69252284740776,294.887589926978,292.12033756880874,Down,74
2026-01-01 10:50:00,281.53982460016675,281.9,280.6,281.3,283.7742477440588,287.4418356769212,294.7523900272071,292.12033756880874,Down,93
2026-01-01 11:00:00,281.4199123000834,282.0,280.6,281.225,283.5424979491444,287.19803819939483,294.61778913141404,292.12033756880874,Down,192
2026-01-01 11:10:00,281.3224561500417,281.7,281.0,281.35,283.3431799537676,286.968703368046,294.4857713291114,292.12033756880874,Down,37
2026-01-01 11:20:00,281.33622807502087,282.1,280.9,281.54999999999995,283.18016359433415,286.7562051967501,294.3570571865332,292.12033756880874,Down,48
2026-01-01 11:30:00,281.44311403751044,282.1,281.44311403751044,281.9,283.0637850857583,286.56576577726975,294.2331063687568,291.7709042150631,Down,49
2026-01-01 11:40:00,281.6715570187552,282.2,281.6,282.025,282.9693500779621,286.38769653110234,294.11163267354533,291.208497451189,Down,69
2026-01-01 11:50:00,281.8482785093776,282.8,281.1,281.925,282.8744091617837,286.2126888240003,293.9903726469429,291.0304522283537,Down,445
2026-01-01 12:00:00,281.8866392546888,282.5,281.7,282.175,282.81082651071245,286.0543480858042,293.8728067499584,290.64586566213967,Down,49
2026-01-01 12:10:00,282.0308196273444,282.3,280.6,281.475,282.68938773701126,285.8747658079295,293.74944548876476,289.83715060194515,Down,246
2026-01-01 12:20:00,281.7529098136722,281.7529098136722,280.7,280.8,282.51762521546476,285.67575538408914,293.62059528489647,289.2340135681216,Down,57
2026-01-01 12:30:00,281.2764549068361,281.2764549068361,279.2,280.375,282.32284110496795,285.4678826239288,293.48879831688754,288.2729007479816,Down,140
2026-01-01 12:40:00,280.82572745341804,281.7,280.3,280.875,282.19121918633454,285.28776957985315,293.3632878858737,288.2729007479816,Down,124
2026-01-01 12:50:00,280.850363726709,281.3,280.4,280.875,282.0715628966678,285.1147197924079,293.23902631487,288.2729007479816,Down,18
2026-01-01 13:00:00,280.8626818633545,281.1,280.8,280.975,281.9718753606071,284.9523778397645,293.1169962022842,287.81391682536713,Down,25
2026-01-01 13:10:00,280.91884093167727,281.1,280.8,280.95000000000005,281.87897760055193,284.7954218460482,292.9959315634555,287.2990152957883,Down,18
2026-01-01 13:20:00,280.9344204658387,281.1,280.5,280.85,281.78543418231993,284.64069942071296,292.87507652302315,286.7900139052621,Down,56
2026-01-01 13:30:00,280.8922102329193,280.9,280.5,280.75,281.691303802109,284.4881229728419,292.7544289954309,286.2909217320564,Down,35
2026-01-01 13:40:00,280.82110511645965,281.1,280.8,280.95,281.62391254737184,284.3493730523383,292.6369719905012,286.15992884732407,Down,16
2026-01-01 13:50:00,280.88555255822985,281.0,280.7,280.9,281.5581023157926,284.21410352087406,292.52018619955095,285.6953898612037,Down,16
2026-01-01 14:00:00,280.8927762791149,280.9,280.6,280.825,281.4914566507205,284.0811975004476,292.4038161876151,285.2639907829124,Down,34
2026-01-01 14:10:00,280.85888813955745,282.1,280.85888813955745,281.475,281.4899605915641,283.9789936769007,292.29507174793736,285.2639907829124,Down,72
2026-01-01 14:20:00,281.1669440697788,282.8,281.1669440697788,281.925,281.52950962869465,283.8984449052576,292.1918869544255,285.2639907829124,Down,180
2026-01-01 14:30:00,281.54597203488936,283.0,281.54597203488936,282.175,281.58819057154057,283.8308588305416,292.09221643746605,285.2639907829124,Down,86
2026-01-01 14:40:00,281.8604860174447,283.0,281.8604860174447,282.625,281.6824459741278,283.7835702489517,291.99801527888434,285.2639907829124,Down,76
2026-01-01 14:50:00,282.2427430087224,283.3,282.2427430087224,282.925,281.7954054310253,283.74990082742426,291.9077365198905,285.2639907829124,Down,71
2026-01-01 15:00:00,282.5838715043612,283.6,282.5,283.05,281.90945948275026,283.7224537361528,291.8195998381005,285.2639907829124,Down,64
2026-01-01 15:10:00,282.8169357521806,283.5,282.2,282.7,281.98132680250023,283.68235751120557,291.72885755115425,285.2639907829124,Down,64
2026-01-01 15:20:00,282.7584678760903,283.0,282.3,282.525,282.03075163863656,283.63697094213865,291.6372768790035,285.2639907829124,Down,56
2026-01-01 15:30:00,282.64173393804515,283.2,282.4,282.625,282.0847742169423,283.5972858071528,291.54760248219753,285.2639907829124,Down,91
2026-01-01 15:40:00,282.6333669690226,283.0,282.3,282.75,282.1452492881294,283.5640589127546,291.46006414904133,285.2639907829124,Down,24
2026-01-01 15:50:00,282.69168348451126,283.0,282.69168348451126,282.925,282.2161357164813,283.5389977789211,291.3751381376081,285.2639907829124,Down,22
2026-01-01 16:00:00,282.8083417422556,283.4,282.8,283.05,282.2919415604375,283.519821395434,291.292300942209,285.2639907829124,Down,92
2026-01-01 16:10:00,282.9291708711278,283.0,282.5,282.8,282.3381286913068,283.491593105417,291.20780043532136,285.2639907829124,Down,24
2026-01-01 16:20:00,282.86458543556387,283.5,282.7,283.1,282.4073897193698,283.47623651304775,291.12712580412415,285.2639907829124,Down,51
2026-01-01 16:30:00,282.98229271778195,283.7,282.98229271778195,283.525,282.5089906539725,283.47814880665373,291.05148276129705,285.2639907829124,Down,83
2026-01-01 16:40:00,283.25364635889093,283.7,283.25364635889093,283.525,282.60135513997494,283.4799861083536,290.97659238556275,285.2639907829124,Down,40
2026-01-01 16:50:00,283.38932317944546,284.0,283.38932317944546,283.7,282.7012319454318,283.48861410410444,290.9041884812288,285.2639907829124,Down,129
2026-01-01 17:00:00,283.54466158972275,284.1,283.5,283.825,282.8033926776653,283.50180570786506,290.8337487948484,285.2639907829124,Down,137
2026-01-01 17:40:00,283.68483079486134,283.8,283.68483079486134,283.8,282.89399334333206,283.51349960167425,290.76376124465094,285.2639907829124,Down,0
2026-01-01 19:20:00,283.7424153974307,283.8,283.7424153974307,283.8,282.97635758484734,283.5247349114125,290.6944700879877,285.2639907829124,Down,0
2026-01-02 09:00:00,283.77120769871533,283.8,279.4,281.9,282.87850689531575,283.46101981684734,290.6069629229332,285.2639907829124,Down,96
2026-01-02 09:10:00,282.83560384935765,282.83560384935765,279.8,280.575,282.66909717755976,283.34784256912786,290.50714239633686,285.2639907829124,Down,458
2026-01-02 09:20:00,281.7053019246788,281.7053019246788,280.4,280.65,282.48554288869065,283.2420448213189,290.4090613774678,285.2639907829124,Down,173
2026-01-02 09:30:00,281.1776509623394,281.7,280.6,281.15,282.36412989880967,283.16000384793387,290.3169314135129,285.2639907829124,Down,213
2026-01-02 09:40:00,281.1638254811697,281.8,280.7,281.3,282.2673908170997,283.0870625205639,290.22721070293073,285.2639907829124,Down,188
2026-01-02 09:50:00,281.23191274058485,281.4,280.8,281.1,282.16126437918155,283.0091385001496,290.1363926859862,285.2639907829124,Down,71
2026-01-02 10:00:00,281.1659563702924,281.4,281.1,281.225,282.0761494356196,282.93917228445747,290.04772211199634,285.2639907829124,Down,29
2026-01-02 10:10:00,281.19547818514616,281.3,280.7,280.975,281.97604494147237,282.8621459203611,289.95744627008594,285.10129001401697,Down,125
2026-01-02 10:20:00,281.0852390925731,281.0852390925731,280.3,280.57499999999993,281.8486772195203,282.7724539234842,289.86408859575675,284.7066065017831,Down,90
2026-01-02 10:30:00,280.8301195462865,280.8301195462865,280.1,280.375,281.7147065632003,282.67843612256326,289.76966980375914,284.3796368404261,Down,96
2026-01-02 10:40:00,280.60255977314324,280.60255977314324,279.7,280.02500000000003,281.5610968756366,282.57437980403137,289.67270791516455,284.0381898652445,Down,274
2026-01-02 10:50:00,280.31377988657164,280.31377988657164,279.5,279.9,281.41008806876056,282.4695021646576,289.5754670403868,283.7363644281054,Down,211
2026-01-02 11:00:00,280.1068899432858,280.2,279.3,279.775,281.2614436988732,282.36383541310244,289.47794995540784,283.55861316801776,Down,159
2026-01-02 11:10:00,279.9409449716429,280.0,279.4,279.7,281.11949427170293,282.25937127925533,289.3806569210257,283.3805574254707,Down,101
2026-01-02 11:20:00,279.8204724858215,280.2,279.8,280.0,281.0177220651845,282.17076848399046,289.2873170511648,283.3805574254707,Down,146
2026-01-02 11:30:00,279.91023624291074,280.8,279.9,280.25,280.94792915016774,282.09544422971635,289.1973934984169,283.3805574254707,Down,166
2026-01-02 11:40:00,280.08011812145537,281.3,280.08011812145537,280.725,280.92766286378884,282.0417013187471,289.11309107554706,283.3805574254707,Down,109
2026-01-02 11:50:00,280.4025590607277,282.0,280.2,281.15,280.9478753307171,282.0067326395805,289.03385633847694,283.3805574254707,Down,285
2026-01-02 12:00:00,280.7762795303638,281.4,280.6,281.025,280.95488666428827,281.9682333203813,288.95416622565625,283.3805574254707,Down,70
2026-01-02 12:10:00,280.9006397651819,281.1,280.0,280.65,280.9271696948075,281.9165378960526,288.871537705998,283.3805574254707,Down,110
2026-01-02 12:20:00,280.7753198825909,280.7753198825909,279.8,280.225,280.86333608618867,281.8502030765996,288.7855025049433,283.3805574254707,Down,92
2026-01-02 12:30:00,280.50015994129546,280.50015994129546,279.7,280.1,280.79394189653516,281.781567661831,288.69907959444635,283.3805574254707,Down,114
2026-01-02 12:40:00,280.30007997064774,280.5,279.9,280.15,280.7354017241228,281.717584616269,288.6140141258449,283.3805574254707,Down,39
2026-01-02 12:50:00,280.22503998532386,280.22503998532386,279.6,279.875,280.6571833855662,281.64532639602317,288.5270587614087,283.3805574254707,Down,97
2026-01-02 13:00:00,280.050019992662,280.2,279.5,279.875,280.5860758050602,281.5759018314733,288.4409686244793,283.3805574254707,Down,34
2026-01-02 13:10:00,279.96250999633094,280.0,279.7,279.875,280.5214325500547,281.5091997988665,288.3557351058278,283.1924035377931,Down,24
2026-01-02 13:20:00,279.91875499816547,280.5,279.6,279.875,280.4626659545952,281.4451135322443,288.27134968188926,283.1924035377931,Down,132
2026-01-02 13:30:00,279.89687749908273,279.89687749908273,279.2,279.5,280.37515086781383,281.3688345701955,288.18407257062665,282.8616863837475,Down,141
2026-01-02 13:40:00,279.69843874954137,280.2,279.5,279.825,280.325137152558,281.30829203803097,288.1008977191776,282.8616863837475,Down,35
2026-01-02 13:50:00,279.7617193747707,281.0,279.7617193747707,280.45,280.33648832050727,281.27463352673567,288.02476938366345,282.8616863837475,Down,105
2026-01-02 14:00:00,280.1058596873853,281.9,280.1058596873853,281.35,280.42862574591567,281.27758907470684,287.9583537679056,282.8616863837475,Down,193
2026-01-02 14:10:00,280.72792984369266,282.6,280.72792984369266,282.225,280.591932496287,281.31474244432616,287.90130547170753,282.8616863837475,Down,176
2026-01-02 14:20:00,281.47646492184634,282.9,281.47646492184634,282.475,280.76312045117,281.3602427406271,287.8473123824368,282.8616863837475,Down,89
2026-01-02 14:30:00,281.97573246092315,282.8,281.97573246092315,282.525,280.92329131924544,281.4059194958966,287.7943540502733,282.8616863837475,Down,87
2026-01-02 14:40:00,282.2503662304616,282.8,282.1,282.425,281.05981029022314,281.445883437234,287.74092764181285,282.8616863837475,Down,157
2026-01-02 14:50:00,282.3376831152308,282.6,281.7,282.20000000000005,281.1634639002029,281.4754566357738,287.6857940334366,282.8616863837475,Down,85
2026-01-02 15:00:00,282.2688415576154,282.7,282.0,282.3,281.2667853638208,281.50779166966504,287.6322040430542,282.8616863837475,Down,63
2026-01-02 15:10:00,282.2844207788077,282.5,281.7,282.2,281.3516230580189,281.5349370943841,287.5781522615313,282.8616863837475,Down,49
2026-01-02 15:20:00,282.24221038940385,282.3,281.6,282.025,281.4128391436535,281.5541552475455,287.52289701514786,282.8616863837475,Down,48
2026-01-02 15:30:00,282.1336051947019,282.1336051947019,281.6,281.82500000000005,281.4503083124123,281.5647766103869,287.46620152245987,282.8616863837475,Down,65
2026-01-02 15:40:00,281.97930259735097,282.5,281.97930259735097,282.175,281.51618937492026,281.58870693939133,287.4135527510921,282.8616863837475,Down,103
2026-01-02 15:50:00,282.0771512986755,282.5,282.0,282.3,281.58744488629117,281.6166007849054,287.3626716291907,282.8616863837475,Down,41
2026-01-02 16:00:00,282.18857564933774,282.5,282.18857564933774,282.35,281.65676807844653,281.6453615384385,287.312794299547,282.8616863837475,Down,24
2026-01-02 16:10:00,282.2692878246689,282.4,281.0,281.65,281.65615279858775,281.64554343889193,287.25644808761126,282.8616863837475,Down,109
2026-01-02 16:20:00,281.9596439123344,281.9596439123344,280.7,281.125,281.6078661805343,281.6251299707001,287.1954386539037,282.8616863837475,Down,124
2026-01-02 16:30:00,281.5423219561672,281.8,281.1,281.425,281.59124198230387,281.617281736555,287.1380213538648,282.8616863837475,Down,80
2026-01-02 16:40:00,281.4836609780836,281.9,281.3,281.625,281.5943108930035,281.6175844135529,287.0831654199955,282.8616863837475,Down,43
2026-01-02 16:50:00,281.55433048904183,282.9,281.55433048904183,282.125,281.6425553572759,281.6374830640018,287.0338304406921,282.8616863837475,Down,213
2026-01-02 17:00:00,281.8396652445209,282.9,281.7,282.375,281.7091412338872,281.666405296786,286.9874739188942,282.8616863837475,Down,115
2026-01-02 17:10:00,282.10733262226046,282.6,282.0,282.275,281.76058293989746,281.6902717557356,286.940583631144,282.8616863837475,Down,53
2026-01-02 17:20:00,282.19116631113025,282.5,281.5,282.15,281.79598449081584,281.70830031433417,286.8929161323267,282.8616863837475,Down,92
2026-01-02 17:30:00,282.1705831555651,283.8,282.1705831555651,283.0,281.9054404461962,281.7589552039681,286.854180648423,279.16845295453703,Up,264
2026-01-02 17:40:00,282.5852915777825,284.7,282.5852915777825,283.825,282.0799458601784,281.8399765685184,286.82403954744365,279.3540859622345,Up,281
2026-01-02 17:50:00,283.2051457888913,285.3,283.2051457888913,284.45,282.2954053274349,281.9423304285765,286.8004172633895,279.59211697526354,Up,349
2026-01-02 18:00:00,283.82757289444567,284.6,283.0,283.65,282.4185502976681,282.00929786275,286.76906982793287,279.59211697526354,Up,314
2026-01-02 18:10:00,283.7387864472228,284.0,283.0,283.375,282.50550027060734,282.0628548093088,286.73529798884897,279.59211697526354,Up,143
2026-01-02 18:20:00,283.5568932236114,283.5568932236114,281.9,282.75,282.5277275187339,282.089801679532,286.69564328249226,279.59211697526354,Up,317
2026-01-02 18:30:00,283.1534466118057,283.1534466118057,281.3,281.95,282.47520683521265,282.08431926072683,286.6484229513232,279.59211697526354,Up,255
2026-01-02 18:40:00,282.55172330590284,282.7,280.3,281.525,282.3888243956478,282.0623851720709,286.5974436184742,279.59211697526354,Up,523
2026-01-02 18:50:00,282.0383616529514,284.0,281.0,282.375,282.3875676324071,282.0746445770877,286.5554292541113,279.59211697526354,Up,363
2026-01-02 19:00:00,282.2066808264757,284.5,282.2066808264757,283.475,282.4864251203701,282.12956047602546,286.52477821675694,279.59211697526354,Up,361
2026-01-02 19:10:00,282.84084041323786,282.9,281.0,282.025,282.4444773821546,282.12546006520097,286.48000430415243,279.59211697526354,Up,372
2026-01-02 19:20:00,282.4329202066189,283.3,281.2,282.20000000000005,282.4222521655951,282.12838319989896,286.4374171966484,279.59211697526354,Up,254
2026-01-02 19:30:00,282.3164601033095,283.1,281.7,282.4,282.4202292414501,282.1390348391186,286.39724389120914,279.59211697526354,Up,340
2026-01-02 19:40:00,282.35823005165474,282.35823005165474,280.5,281.25,282.31384476495464,282.1041707277806,286.34602753408274,279.59211697526354,Up,330
2026-01-02 19:50:00,281.8041150258274,281.8041150258274,280.5,280.79999999999995,282.17622251359506,282.05302677767156,286.2908431805098,279.59211697526354,Up,162
2026-01-02 20:00:00,281.3020575129137,281.8,280.0,280.775,282.0488386487228,282.00290808050795,286.2359591687635,279.59211697526354,Up,341
2026-01-02 20:10:00,281.0385287564568,281.0385287564568,279.7,280.35,281.89439877156616,281.93808815578217,286.17739241086537,279.59211697526354,Up,301
2026-01-02 20:20:00,280.69426437822835,280.69426437822835,278.6,279.55,281.6812716105147,281.8444376398691,286.1114482077722,286.41989569038674,Down,426
2026-01-02 20:30:00,280.1221321891141,280.1221321891141,278.5,279.175,281.45342873683154,281.7397538108546,286.0424288226202,286.05799007357365,Down,311
2026-01-02 20:40:00,279.64856609455705,280.3,279.1,279.625,281.2872079425741,281.65682228886027,285.9785738094598,286.05799007357365,Down,308
2026-01-02 20:50:00,279.6367830472785,279.8,279.0,279.52500000000003,281.12700722052193,281.5732214147873,285.91435914468906,285.66357353637727,Down,143
2026-01-02 21:00:00,279.58089152363925,280.3,279.3,279.875,281.01318838229264,281.5066244965604,285.8542660188713,285.66357353637727,Down,148
2026-01-02 21:10:00,279.7279457618196,282.2,279.7279457618196,281.2,281.03017125662967,281.4946000064992,285.8079549142059,285.66357353637727,Down,343
2026-01-02 21:20:00,280.4639728809098,282.6,280.4639728809098,281.725,281.09333750602696,281.50363530036196,285.76732849714915,285.66357353637727,Down,456
2026-01-02 21:30:00,281.09448644045494,282.2,281.09448644045494,281.8,281.1575795509336,281.51525744544585,285.7278525917049,285.66357353637727,Down,314
2026-01-02 21:40:00,281.4472432202275,282.2,280.7,281.5,281.18870868266686,281.5146591142519,285.68578440671286,285.66357353637727,Down,276
2026-01-02 21:50:00,281.4736216101137,282.0,280.7,281.2,281.18973516606076,281.502319541144,285.6411497359993,285.66357353637727,Down,215
2026-01-02 22:00:00,281.33681080505687,282.0,280.7,281.25,281.195213787328,281.49242465717754,285.59745670380033,285.66357353637727,Down,232
2026-01-02 22:10:00,281.29340540252844,281.4,280.6,280.925,281.1706488975709,281.47017270983724,285.55096459729486,285.66357353637727,Down,146
2026-01-02 22:20:00,281.1092027012642,281.1092027012642,280.5,280.8,281.13695354324625,281.44389142709855,285.5036913177198,285.66357353637727,Down,133
2026-01-02 22:30:00,280.9546013506321,281.1,279.6,280.55,281.08359413022384,281.40883686133,285.454400856847,285.66357353637727,Down,331
2026-01-02 22:40:00,280.75230067531606,283.0,280.6,281.65,281.1350855729308,281.41829423931705,285.416546121953,285.66357353637727,Down,496
2026-01-02 22:50:00,281.201150337658,282.4,281.201150337658,282.0,281.2137141572098,281.4411062299321,285.38255063815245,285.66357353637727,Down,148
2026-01-02 23:00:00,281.600575168829,282.3,281.1,281.675,281.25564923382706,281.45027853464063,285.34565958702655,285.66357353637727,Down,149
2026-01-02 23:10:00,281.63778758441447,282.7,281.6,282.025,281.32559021257003,281.4728166313214,285.3126181981009,285.66357353637727,Down,92
2026-01-02 23:20:00,281.8313937922072,282.7,281.1,281.625,281.3528092841546,281.4787846065637,285.2759254797118,285.66357353637727,Down,200
2026-01-02 23:30:00,281.7281968961036,281.8,280.5,281.3,281.3480084401405,281.471773445522,285.2363640321525,285.66357353637727,Down,147
2026-01-02 23:40:00,281.5140984480518,282.3,281.3,281.75,281.38455312740047,281.48268429079565,285.20167384277784,285.66357353637727,Down,136
2026-01-02 23:50:00,281.6320492240259,282.4,281.4,281.75,281.41777557036403,281.49316725978406,285.1673288294169,285.66357353637727,Down,303
2026-01-03 00:00:00,281.69102461201294,282.7,281.3,281.85,281.4570687003309,281.50716070057683,285.134320582358,285.66357353637727,Down,199
2026-01-05 09:00:00,281.7705123060065,281.7705123060065,264.9,271.025,280.5086988184826,281.096095575064,284.9939293327823,284.41645951659086,Down,172
2026-01-05 09:10:00,276.39775615300323,276.39775615300323,267.0,267.92499999999995,279.3647261986206,280.5795820231007,284.8240892399188,284.41645951659086,Down,858
2026-01-05 09:20:00,272.1613780765016,272.1613780765016,267.1,267.6,278.2952056351096,280.07057880650854,284.6527052673823,283.7359057146554,Down,589
2026-01-05 09:30:00,269.8806890382508,269.8806890382508,267.7,268.04999999999995,277.36382330464505,279.5991835591945,284.48750421994566,282.4426102388571,Down,486
2026-01-05 09:40:00,268.9653445191254,268.9653445191254,267.8,268.0,276.5125666405864,279.14431361569666,284.32344945158803,281.2175845571826,Down,155
2026-01-05 09:50:00,268.4826722595627,268.4826722595627,267.8,268.0,275.7386969459876,278.70728170919875,284.1610270689852,280.0576826765496,Down,141
2026-01-05 10:00:00,268.24133612978136,268.24133612978136,267.3,267.725,275.0101790418069,278.2766039951125,283.9974845110849,278.9460144273277,Down,259
2026-01-05 10:10:00,267.9831680648907,268.1,267.2,267.725,274.34789003800626,277.86281560314734,283.8355692423179,278.13667851130634,Down,249
2026-01-05 10:20:00,267.85408403244537,268.2,267.8,268.04999999999995,273.7753545800057,277.4779993049847,283.6784989015983,277.7060713739149,Down,108
2026-01-05 10:30:00,267.95204201622266,269.6,267.95204201622266,268.70000000000005,273.3139587090961,277.1337640381226,283.5294591115327,277.7060713739149,Down,292
2026-01-05 10:40:00,268.3260210081113,270.0,268.3260210081113,269.45000000000005,272.96268973554186,276.83243995819623,283.38936499101993,277.7060713739149,Down,403
2026-01-05 10:50:00,268.8880105040557,269.9,268.8880105040557,269.625,272.65926339594716,276.5497952539532,283.25240613538796,277.7060713739149,Down,67
2026-01-05 11:00:00,269.25650525202786,270.1,269.25650525202786,269.725,272.39251217813376,276.2821562243864,283.11780507931445,277.7060713739149,Down,124
2026-01-05 11:10:00,269.49075262601394,269.7,269.2,269.475,272.12728379830344,276.0152089214693,282.9820557750427,277.1172270546065,Down,118
2026-01-05 11:20:00,269.4828763130069,269.4828763130069,268.8,269.2,271.86116708936675,275.74794582650975,282.84492089170897,276.3599632290573,Down,88
2026-01-05 11:30:00,269.3414381565035,269.7,269.0,269.45,271.6419700812425,275.5009675588035,282.7116380967666,276.16684097504896,Down,77
2026-01-05 11:40:00,269.3957190782518,270.2,267.7,269.0,271.4017909829477,275.2460276545367,282.5752038868485,276.0562190682263,Down,418
2026-01-05 11:50:00,269.1978595391259,270.1,268.4,269.1,271.1925372572252,275.00500696220195,282.4411222561336,276.0562190682263,Down,185
2026-01-05 12:00:00,269.148929769563,269.8,268.3,269.275,271.01821568838653,274.7803008068215,282.3101160645303,276.0303463373771,Down,200
2026-01-05 12:10:00,269.2119648847815,269.8,269.2119648847815,269.6,270.8892869894423,274.5771517555736,282.1836472479678,276.0303463373771,Down,19
2026-01-05 12:20:00,269.4059824423907,269.7,269.0,269.275,270.74253362676575,274.3692242357472,282.0552029967443,275.56781849873107,Down,45
2026-01-05 12:30:00,269.3404912211953,269.8,269.0,269.4,270.6204851152416,274.17435269709046,281.9292805788662,275.3434713624827,Down,53
2026-01-05 12:40:00,269.37024561059764,270.1,269.37024561059764,269.8,270.5458955593105,274.0028094540673,281.8085912198725,275.3434713624827,Down,136
2026-01-05 12:50:00,269.58512280529885,270.0,269.4,269.65,270.4644505084641,273.83211104410384,281.68761021270956,275.0713827423502,Down,40
2026-01-05 13:00:00,269.6175614026494,270.0,269.4,269.575,270.383591371331,273.6651655129625,281.56708672800596,274.8012570385002,Down,47
2026-01-05 13:10:00,269.5962807013247,270.2,269.5,269.85,270.3350830648464,273.51555117912085,281.45049880036413,274.742051853182,Down,71
2026-01-05 13:20:00,269.72314035066233,270.5,269.72314035066233,270.275,270.3296209680422,273.38847074072396,281.3392998073257,274.742051853182,Down,52
2026-01-05 13:30:00,269.9990701753312,270.8,269.9990701753312,270.475,270.3428372436747,273.27421698618576,281.23119732168067,274.742051853182,Down,68
2026-01-05 13:40:00,270.2370350876656,271.0,270.1,270.65,270.37076113061335,273.1713065161393,281.12591177619134,274.742051853182,Down,94
2026-01-05 13:50:00,270.4435175438328,271.1,270.4435175438328,270.875,270.4166010278303,273.08125528021225,281.0239126540402,274.742051853182,Down,107
2026-01-05 14:00:00,270.6592587719164,271.1,270.6592587719164,270.85,270.4560009343912,272.9937550731451,280.92267969230846,274.742051853182,Down,68
2026-01-05 14:10:00,270.7546293859582,270.9,270.6,270.75,270.48272812217385,272.90576467811985,280.8214589988527,274.58373363279594,Down,22
2026-01-05 14:20:00,270.7523146929791,270.9,270.4,270.675,270.5002073837944,272.81828371035044,280.72049920781933,274.317030575269,Down,43
2026-01-05 14:30:00,270.7136573464895,270.8,270.3,270.5,270.5001885307222,272.7273706236701,280.61880269828885,274.06548234115365,Down,39
2026-01-05 14:40:00,270.6068286732448,270.9,270.3,270.55,270.5047168461111,272.64198354038894,280.5186156067636,274.01407485559423,Down,60
2026-01-05 14:50:00,270.5784143366224,271.3,270.4,270.7,270.52246986010095,272.5658273231188,280.4209179390346,274.01407485559423,Down,104
2026-01-05 15:00:00,270.63920716831115,270.63920716831115,269.6,270.15,270.4886089637281,272.47108899672196,280.3187197505865,273.63867371274586,Down,160
2026-01-05 15:10:00,270.3946035841556,270.7,269.8,270.32500000000005,270.473735421571,272.38692864390936,280.2192797530683,273.63867371274586,Down,85
2026-01-05 15:20:00,270.3598017920778,270.8,270.3598017920778,270.57500000000005,270.4829412923373,272.31587261865803,280.12331677045074,273.63867371274586,Down,77
2026-01-05 15:30:00,270.4674008960389,270.7,270.2,270.425,270.47767390212476,272.2417207512597,280.02681610606817,273.63867371274586,Down,84
2026-01-05 15:40:00,270.44620044801945,270.5,270.1,270.35,270.4660671837498,272.16753562375936,279.9305293786446,273.402950705956,Down,118
2026-01-05 15:50:00,270.39810022400974,271.2,270.39810022400974,270.79999999999995,270.4964247124998,272.11390677576884,279.83967834005114,273.402950705956,Down,42
2026-01-05 16:00:00,270.5990501120049,271.3,270.5990501120049,271.15,270.55584064772705,272.0761065100524,279.75321387895616,273.402950705956,Down,70
2026-01-05 16:10:00,270.8745250560024,271.5,270.8,271.125,270.60758240702455,272.03880821554054,279.6673610045387,273.402950705956,Down,123
2026-01-05 16:20:00,270.9997625280012,271.0,270.4,270.65,270.6114385518405,271.9843451482645,279.57763601941895,273.402950705956,Down,48
2026-01-05 16:30:00,270.8248812640006,271.3,270.4,270.825,270.63085322894585,271.93888063264626,279.4905451137531,273.402950705956,Down,43
2026-01-05 16:40:00,270.82494063200033,271.2,270.1,270.7,270.6371392990417,271.89029707842485,279.4030770031685,273.402950705956,Down,98
2026-01-05 16:50:00,270.7624703160002,270.8,270.3,270.45000000000005,270.6201266354924,271.83381484005525,279.3139916598534,273.402950705956,Down,48
2026-01-05 17:00:00,270.6062351580001,270.6062351580001,269.8,270.175,270.57966057772035,271.7687632777002,279.2230564194569,273.3262076609455,Down,94
2026-01-05 17:10:00,270.39061757900004,270.4,269.0,269.825,270.51105507065483,271.69253726681,279.1295434202583,273.0482637108595,Down,184
2026-01-05 17:20:00,270.10780878950004,270.9,269.8,270.25,270.48732279150437,271.6359671779155,279.04118975438513,273.0482637108595,Down,127
2026-01-05 17:30:00,270.17890439475,270.17890439475,268.4,269.325,270.38165708318576,271.5453410140757,278.94451124936637,273.0482637108595,Down,343
2026-01-05 17:40:00,269.751952197375,269.751952197375,268.7,268.975,270.2537791665325,271.4445433272492,278.8453121324573,273.0482637108595,Down,207
2026-01-05 17:50:00,269.36347609868744,269.36347609868744,268.0,268.35,270.08070833321136,271.3231886869649,278.74088116596516,272.6687083719516,Down,266
2026-01-05 18:00:00,268.85673804934373,268.85673804934373,267.8,268.20000000000005,269.90973484837394,271.2007106992408,278.63599677625405,272.3371558813495,Down,246
2026-01-05 18:10:00,268.52836902467186,268.52836902467186,267.2,267.8,269.71794077124906,271.067349495349,278.52817591280876,271.9915794819235,Down,604
2026-01-05 18:20:00,268.164184512336,268.164184512336,267.0,267.27500000000003,269.49585524659005,270.9186299072961,278.41620401317886,271.7576093239153,Down,159
2026-01-05 18:30:00,267.719592256168,267.719592256168,266.8,267.125,269.2803229514455,270.76986010701,278.3038537244905,271.39011791918807,Down,168
2026-01-05 18:40:00,267.422296128084,267.422296128084,264.0,265.525,268.9389299558595,270.56417931849984,278.1767009511125,270.71045737525804,Down,705
2026-01-05 18:50:00,266.473648064042,266.9,263.7,265.25,268.603572687145,270.355780129539,278.0480770610517,270.71045737525804,Down,906
2026-01-05 19:00:00,265.861824032021,267.1,263.2,265.625,268.33279335195,270.1702593401454,277.92446435397653,270.71045737525804,Down,1081
2026-01-05 19:10:00,265.7434120160105,266.2,262.6,264.325,267.9684485017727,269.9410334836691,277.7891463007031,270.71045737525804,Down,973
2026-01-05 19:20:00,265.03420600800524,265.03420600800524,261.2,263.025,267.51904409252063,269.66981648430954,277.64223937233794,270.71045737525804,Down,1138
2026-01-05 19:30:00,264.02960300400264,264.8,261.7,262.975,267.10594917501874,269.40727466139543,277.4962966920162,270.71045737525804,Down,662
2026-01-05 19:40:00,263.50230150200133,263.50230150200133,259.1,261.40000000000003,266.5872265227443,269.09326389036033,277.33613453587674,270.57574238328056,Down,1552
2026-01-05 19:50:00,262.4511507510007,262.7,259.1,260.925,266.0724786570403,268.7729398162286,277.172839664873,270.57574238328056,Down,967
2026-01-05 20:00:00,261.6880753755004,261.8,258.6,260.20000000000005,265.5386169609457,268.4367460979451,277.0039556881081,270.21867077047926,Down,833
2026-01-05 20:10:00,260.9440376877502,263.5,260.4,261.775,265.1964699644961,268.17550115292767,276.852423790714,270.21867077047926,Down,943
2026-01-05 20:20:00,261.3595188438751,263.5,261.3595188438751,262.85,264.98315451317825,267.96665797045995,276.71309619080637,270.21867077047926,Down,427
2026-01-05 20:30:00,262.1047594219376,263.6,260.6,262.125,264.7233222847075,267.7375733441674,276.5679410048282,270.21867077047926,Down,282
2026-01-05 20:40:00,262.1148797109688,262.1148797109688,260.7,261.125,264.39620207700676,267.47825674243535,276.4142799003026,270.21867077047926,Down,244
2026-01-05 20:50:00,261.6199398554844,261.8,260.2,261.25,264.11018370636975,267.2340113799869,276.2633915430856,270.21867077047926,Down,194
2026-01-05 21:00:00,261.4349699277422,261.9,261.0,261.525,263.8751670057907,267.0101285807717,276.1167408809654,270.21867077047926,Down,158
2026-01-05 21:10:00,261.47998496387106,262.0,260.8,261.375,263.6478790961733,266.78914314623165,275.9700568921001,270.0509783073049,Down,179
2026-01-05 21:20:00,261.4274924819356,261.9,260.5,261.17499999999995,263.42307190561206,266.56898066990885,275.8228423956613,269.57361664300447,Down,166
2026-01-05 21:30:00,261.30124624096777,262.0,261.0,261.4,263.2391562778291,266.3662755455987,275.67933152605275,269.47601513000404,Down,375
2026-01-05 21:40:00,261.3506231204839,262.3,261.2,261.65,263.0946875252992,266.18132356341835,275.53973618748506,269.40092284545824,Down,569
2026-01-05 21:50:00,261.5003115602419,261.7,260.7,261.225,262.9247159320902,265.98695793348037,275.39730100154,268.5190207685984,Down,284
2026-01-05 22:00:00,261.362655780121,262.5,260.9,261.7,262.813378120082,265.818841936089,275.2610094492859,268.5190207685984,Down,199
2026-01-05 22:10:00,261.5313278900605,263.0,261.3,262.25,262.7621619273473,265.67888735036,275.131546668696,268.5190207685984,Down,279
2026-01-05 22:20:00,261.89066394503027,262.7,261.8,262.20000000000005,262.7110562975884,265.542460395444,275.0028745625398,268.5190207685984,Down,212
2026-01-05 22:30:00,262.0453319725152,262.2,260.6,261.45,262.5964148159895,265.3819717524854,274.8680200892807,268.226351184071,Down,340
2026-01-05 22:40:00,261.7476659862576,262.9,260.9,261.775,262.5217407418086,265.2405218798389,274.73774128242223,268.226351184071,Down,328
2026-01-05 22:50:00,261.7613329931288,263.9,261.7613329931288,263.04999999999995,262.56976431073514,265.1546190610217,274.6214453492638,268.226351184071,Down,331
2026-01-05 23:00:00,262.4056664965644,264.3,262.4056664965644,263.45,262.64978573703195,265.08777125470715,274.51028668907213,268.226351184071,Down,285
2026-01-05 23:10:00,262.9278332482822,264.8,262.4,263.7,262.74525976093815,265.03334885256174,274.40272164738985,268.226351184071,Down,350
2026-01-05 23:20:00,263.3139166241411,264.8,261.7,263.625,262.8252361463074,264.9781194857946,274.29548063597304,268.226351184071,Down,620
2026-01-05 23:30:00,263.4694583120705,264.0,262.5,263.2,262.85930558755217,264.9083893098811,274.1850778435753,268.226351184071,Down,300
2026-01-05 23:40:00,263.3347291560352,263.3347291560352,262.0,262.725,262.8470959886838,264.8227661996897,274.07104721826613,268.226351184071,Down,401
2026-01-05 23:50:00,263.0298645780176,263.0298645780176,261.0,262.32500000000005,262.7996327169853,264.7248145840156,273.9541711265421,268.226351184071,Down,467
2026-01-06 00:00:00,262.67743228900883,263.9,262.4,262.85,262.8042115608957,264.65129244346593,273.8436818616014,268.226351184071,Down,295
2026-01-06 09:00:00,262.76371614450443,262.76371614450443,260.6,261.225,262.6606468735415,264.51692803391825,273.71812283810294,268.226351184071,Down,80
2026-01-06 09:10:00,261.9943580722522,261.9943580722522,260.7,261.32500000000005,262.53922443049225,264.39175438552934,273.59480818299744,268.226351184071,Down,299
2026-01-06 09:20:00,261.65967903612614,261.8,260.8,261.275,262.4242949368111,264.2695287233517,273.47222302694774,268.226351184071,Down,268
2026-01-06 09:30:00,261.46733951806306,261.46733951806306,260.3,260.675,262.26526812437373,264.128566812632,273.3448874744408,267.689057498004,Down,189
2026-01-06 09:40:00,261.07116975903153,261.2,260.5,260.8,262.1320619312488,263.9980347807641,273.22006272345135,267.29126158088405,Down,171
2026-01-06 09:50:00,260.9355848795158,261.8,260.9355848795158,261.275,262.0541472102262,263.8912491030871,273.1012063779444,267.29126158088405,Down,292
2026-01-06 10:00:00,261.1052924397579,261.5,260.6,261.025,261.9605883729329,263.7788471774758,272.9810451204524,267.03120791808595,Down,117
2026-01-06 10:10:00,261.0651462198789,261.0651462198789,260.4,260.675,261.84371670266626,263.65712768031995,272.8585969102986,266.4119062063372,Down,116
2026-01-06 10:20:00,260.8700731099394,260.8700731099394,260.2,260.575,261.7283788206057,263.53625992815057,272.7363720654201,265.94172959167287,Down,86
2026-01-06 10:30:00,260.7225365549697,260.8,260.3,260.6,261.6257989278234,263.4211124799878,272.61561214437114,265.6469936697302,Down,56
2026-01-06 10:40:00,260.66126827748485,260.9,260.2,260.625,261.53481720711216,263.3114610101844,272.4963025707953,265.43817606339104,Down,60
2026-01-06 10:50:00,260.6431341387424,261.1,260.5,260.85,261.4725610973747,263.2149331274321,272.3804189631257,265.43817606339104,Down,75
2026-01-06 11:00:00,260.7465670693712,261.2,260.6,260.85,261.41596463397696,263.12219065184655,272.26568842617917,265.35634385404217,Down,60
2026-01-06 11:10:00,260.7982835346856,261.0,259.3,260.1,261.2963314854336,263.003673371382,272.14463680004803,264.8194035036747,Down,268
2026-01-06 11:20:00,260.4491417673428,260.4491417673428,259.1,259.85,261.16484680493966,262.8799999058376,272.0223021055202,264.5100801660458,Down,180
2026-01-06 11:30:00,260.1495708836714,260.4,259.1,259.725,261.03395164085424,262.7562744193342,271.89994089053994,264.5100801660458,Down,102
2026-01-06 11:40:00,259.9372854418357,260.6,259.0,259.725,260.9149560371402,262.63740091269364,271.7787972000868,264.5100801660458,Down,227
2026-01-06 11:50:00,259.83114272091785,260.2,259.4,259.975,260.8295054883093,262.5329930337645,271.661346481678,264.5100801660458,Down,149
2026-01-06 12:00:00,259.90307136045897,260.1,259.3,259.8,260.73591408028113,262.425816836362,271.5433231336016,264.32579692806127,Down,84
2026-01-06 12:10:00,259.8515356802295,259.9,259.4,259.65,260.6371946184374,262.3169612741517,271.4249816098842,264.0370881164192,Down,50
2026-01-06 12:20:00,259.75076784011475,259.75076784011475,259.3,259.45,260.529267834943,262.20453142026344,271.30582756401475,263.6775614222984,Down,48
2026-01-06 12:30:00,259.60038392005737,259.60038392005737,258.6,259.1,260.3993343954027,262.08278509005703,271.1843765434773,263.2386747511778,Down,170
2026-01-06 12:40:00,259.3501919600287,259.3501919600287,258.6,258.8,260.253940359457,261.95404841985874,271.06114891617904,263.01015013925127,Down,74
2026-01-06 12:50:00,259.07509598001434,260.2,258.5,259.4,260.1763094176882,261.85388965829566,270.94511758367975,263.01015013925127,Down,218
2026-01-06 13:00:00,259.2375479900072,260.4,259.2375479900072,259.9,260.1511903797165,261.77726653444097,270.83521591618046,263.01015013925127,Down,171
2026-01-06 13:10:00,259.56877399500354,260.2,259.3,259.775,260.1169912542877,261.69874627818837,270.72516401651694,263.01015013925127,Down,49
2026-01-06 13:20:00,259.67188699750176,260.0,259.3,259.75,260.08362841298884,261.6223248555143,270.6159584044123,263.01015013925127,Down,23
2026-01-06 13:30:00,259.7109434987509,259.7109434987509,259.3,259.525,260.03284401180804,261.5400768219647,270.50560060934356,263.01015013925127,Down,31
2026-01-06 13:40:00,259.61797174937544,259.61797174937544,259.2,259.375,259.97304001073456,261.45517184855436,270.39484836447446,263.01015013925127,Down,75
2026-01-06 13:50:00,259.4964858746877,259.6,259.2,259.35,259.91640000975866,261.3726160897875,270.28494937577324,262.9156769940944,Down,45
2026-01-06 14:00:00,259.42324293734384,259.7,259.3,259.475,259.87627273614424,261.29819977254095,270.1773876904422,262.8415245400858,Down,37
2026-01-06 14:10:00,259.44912146867193,259.9,259.4,259.65,259.85570248740385,261.23356448734324,270.07263756416916,262.8415245400858,Down,46
2026-01-06 14:20:00,259.549560734336,259.8,259.4,259.625,259.8347295340035,261.1704835270553,269.96868097149087,262.67233433064945,Down,37
2026-01-06 14:30:00,259.587280367168,259.8,259.3,259.5,259.80429957636676,261.1049743691316,269.86451499167504,262.5248493914995,Down,15
2026-01-06 14:40:00,259.543640183584,260.1,259.3,259.675,259.7925450694243,261.04889694289113,269.76312678280266,262.5248493914995,Down,120
2026-01-06 14:50:00,259.60932009179203,260.4,259.6,260.1,259.82049551765846,261.0116852980719,269.66697626755087,262.5248493914995,Down,154
2026-01-06 15:00:00,259.854660045896,260.5,259.854660045896,260.275,259.86181410696224,260.9827956785397,269.57352376737623,262.5248493914995,Down,70
2026-01-06 15:10:00,260.064830022948,260.6,260.064830022948,260.375,259.90846736996565,260.9589605538911,269.48199616770086,262.5248493914995,Down,66
2026-01-06 15:20:00,260.219915011474,260.5,260.1,260.35,259.94860669996876,260.93507974785615,269.3911305341914,262.5248493914995,Down,51
2026-01-06 15:30:00,260.284957505737,261.1,260.2,260.65000000000003,260.01236972724433,260.92390014990104,269.30415411096567,262.5248493914995,Down,105
2026-01-06 15:40:00,260.4674787528685,261.5,260.4674787528685,261.225,260.1226088429494,260.93570798715984,269.2237645178218,262.5248493914995,Down,251
2026-01-06 15:50:00,260.84623937643426,261.8,260.84623937643426,261.32500000000005,260.23191712995396,260.9509743406046,269.14516984600266,262.5248493914995,Down,268
2026-01-06 16:00:00,261.08561968821715,261.5,260.9,261.125,260.3131064817763,260.9577988762672,269.0653671609678,262.5248493914995,Down,78
2026-01-06 16:10:00,261.10530984410855,261.8,261.0,261.275,260.4005513470694,260.9702381360214,268.9878510698139,262.5248493914995,Down,106
2026-01-06 16:20:00,261.19015492205426,261.5,261.0,261.29999999999995,260.4823194064267,260.9831699738245,268.9113550392685,262.5248493914995,Down,93
2026-01-06 16:30:00,261.2450774610271,261.4,260.0,260.75,260.50665400584245,260.9740260532824,268.83014752644,262.5248493914995,Down,213
2026-01-06 16:40:00,260.99753873051355,260.99753873051355,259.6,260.025,260.4628672780386,260.93680934531056,268.74253411821667,262.5248493914995,Down,208
2026-01-06 16:50:00,260.5112693652568,260.5112693652568,259.2,259.675,260.3912429800351,260.8873266258866,268.65230989813494,262.5248493914995,Down,116
2026-01-06 17:00:00,260.0931346826284,260.0931346826284,258.7,259.375,260.29885725457734,260.82801969938123,268.55999835686,262.5248493914995,Down,290
2026-01-06 17:10:00,259.7340673413142,260.2,259.2,259.725,260.2466884132521,260.7847640248957,268.4720879254484,262.5248493914995,Down,122
2026-01-06 17:20:00,259.72953367065713,260.1,259.3,259.725,260.19926219386554,260.7432046513704,268.3850522246977,262.5248493914995,Down,102
2026-01-06 17:30:00,259.7272668353286,260.2,258.8,259.325,260.119783812605,260.6875887826892,268.2949024513176,262.5248493914995,Down,174
2026-01-06 17:40:00,259.52613341766425,259.52613341766425,257.2,258.325,259.9566216478227,260.59493824219163,268.1956994418518,262.5248493914995,Down,468
2026-01-06 17:50:00,258.9255667088321,258.9255667088321,257.5,258.325,259.80829240711154,260.5059210562234,268.09748352700745,262.5248493914995,Down,280
2026-01-06 18:00:00,258.62528335441607,259.5,258.1,258.7,259.7075385519196,260.43510062264596,268.0039762282313,262.5248493914995,Down,244
2026-01-06 18:10:00,258.66264167720806,258.8,257.0,258.05,259.5568532290178,260.34156726489516,267.9049316886469,262.5248493914995,Down,422
2026-01-06 18:20:00,258.356320838604,258.9,257.5,258.2,259.43350293547076,260.25758423489924,267.8083652041828,262.5248493914995,Down,200
2026-01-06 18:30:00,258.278160419302,259.0,257.6,258.45,259.3440935777007,260.1866985786287,267.71524714244964,262.5248493914995,Down,346
2026-01-06 18:40:00,258.364080209651,258.6,257.2,257.9,259.21281234336425,260.0970241245648,267.61758299177853,262.5248493914995,Down,451
2026-01-06 18:50:00,258.1320401048255,258.1320401048255,257.0,257.375,259.04573849396746,259.99027808046424,267.51566674310413,262.5248493914995,Down,457
2026-01-06 19:00:00,257.75352005241274,257.8,256.5,257.3,258.8870349945159,259.88477697926953,267.4140183177996,262.1477581336245,Down,415
2026-01-06 19:10:00,257.5267600262064,257.7,256.4,257.05,258.7200318131963,259.7736092545923,267.3108937574235,262.06614375784045,Down,385
2026-01-06 19:20:00,257.2883800131032,257.2883800131032,255.4,256.175,258.4886652847239,259.6324873230397,267.2000888444143,261.591004336626,Down,503
2026-01-06 19:30:00,256.7316900065516,257.0,254.4,255.625,258.2283320770217,259.4753309574303,267.0849138310371,261.415285754613,Down,620
2026-01-06 19:40:00,256.1783450032758,256.7,254.9,255.725,258.0007564336561,259.3282591551781,266.9718798625691,261.415285754613,Down,294
2026-01-06 19:50:00,255.95167250163792,258.2,255.95167250163792,257.125,257.9211422124146,259.2418568353672,266.87390095846393,261.415285754613,Down,392
2026-01-06 20:00:00,256.53833625081893,259.3,256.53833625081893,258.15000000000003,257.9419474658315,259.19903892025474,266.78709597380265,261.415285754613,Down,364
2026-01-06 20:10:00,257.3441681254095,258.8,257.3441681254095,258.125,257.9585886053014,259.1569197469114,266.7009059641131,261.415285754613,Down,213
2026-01-06 20:20:00,257.7345840627048,258.6,257.4,257.875,257.95098964118307,259.10664838428744,266.61308600427117,261.415285754613,Down,201
2026-01-06 20:30:00,257.80479203135235,257.80479203135235,256.9,257.35,257.8963542192573,259.0377602123546,266.5209159942784,261.415285754613,Down,244
2026-01-06 20:40:00,257.5773960156762,257.5773960156762,256.1,256.65,257.7830492902339,258.9441225569682,266.42269792468363,261.415285754613,Down,310
2026-01-06 20:50:00,257.1136980078381,257.2,255.8,256.35,257.6527720820308,258.84239226061646,266.3224720746868,261.415285754613,Down,371
2026-01-06 21:00:00,256.731849003919,256.731849003919,255.6,255.975,257.50024734730073,258.7299455052982,266.2195121535457,261.415285754613,Down,264
2026-01-06 21:10:00,256.3534245019595,257.6,255.8,256.54999999999995,257.41386122481885,258.64445744626687,266.12329810226663,261.415285754613,Down,210
2026-01-06 21:20:00,256.45171225097977,259.0,256.45171225097977,257.725,257.4421465680171,258.6084002915113,266.03973294702024,261.415285754613,Down,291
2026-01-06 21:30:00,257.0883561254899,258.9,257.0883561254899,258.4,257.5292241527428,258.60022773105993,265.9637157037663,261.415285754613,Down,259
2026-01-06 21:40:00,257.74417806274494,258.5,257.5,258.075,257.57884013885706,258.57963056513603,265.8852210201468,261.415285754613,Down,133
2026-01-06 21:50:00,257.90958903137243,259.5,257.6,258.625,257.67394558077916,258.58140975866013,265.81298001497123,261.415285754613,Down,270
2026-01-06 22:00:00,258.2672945156862,260.5,258.2672945156862,259.75,257.8626778007083,258.627236826948,265.7526518556183,261.415285754613,Down,586
2026-01-06 22:10:00,259.0086472578431,260.0,259.0,259.475,258.0092525460984,258.66048244157747,265.69018765805,261.415285754613,Down,195
2026-01-06 22:20:00,259.2418236289216,259.8,258.8,259.25,258.12204776918037,258.6836007772019,265.62610618881564,261.415285754613,Down,218
2026-01-06 22:30:00,259.2459118144608,259.4,258.6,259.075,258.20867979016396,258.6989497663312,265.56092105260853,261.415285754613,Down,183
2026-01-06 22:40:00,259.1604559072304,259.3,258.2,258.675,258.25107253651265,258.69801055980844,265.4924044252194,261.415285754613,Down,168
2026-01-06 22:50:00,258.9177279536152,259.7,257.8,258.825,258.30324776046604,258.70299053785516,265.4260620926301,261.415285754613,Down,309
2026-01-06 23:00:00,258.87136397680763,259.8,258.8,259.225,258.3870434186055,258.723461497155,265.3643599822557,261.415285754613,Down,307
2026-01-06 23:10:00,259.0481819884038,259.6,258.7,259.0,258.4427667441868,258.7343061443254,265.30103301725813,261.415285754613,Down,158
2026-01-06 23:20:00,259.0240909942019,259.5,258.8,259.15,258.50706067653346,258.75060786415577,265.2398287086287,261.415285754613,Down,204
2026-01-06 23:30:00,259.0870454971009,259.3,258.5,258.95,258.54732788775766,258.75842716360063,265.17724334834384,261.415285754613,Down,127
2026-01-06 23:40:00,259.0185227485505,259.7,258.6,259.15,258.60211626159787,258.7737829611065,265.11727077771354,261.415285754613,Down,220
2026-01-06 23:50:00,259.08426137427523,259.7,258.6,259.225,258.65874205599806,258.7914777469455,265.0586412177363,261.415285754613,Down,239
2026-01-07 00:00:00,259.1546306871376,260.0,259.0,259.3,258.7170382327255,258.81141979608486,265.00134130512197,261.415285754613,Down,206
2026-01-07 09:00:00,259.2273153435688,264.6,259.2273153435688,262.225,259.03594384793223,258.9452856864345,264.97371601850386,255.49811299555145,Up,150
2026-01-07 09:10:00,260.72615767178445,262.9,260.72615767178445,262.45,259.3463125890293,259.08272546343704,264.9486044163297,255.49811299555145,Up,592
2026-01-07 09:20:00,261.58807883589225,262.5,261.5,262.025,259.58982962639027,259.19810877859635,264.91951382512246,255.61563503510808,Up,478
2026-01-07 09:30:00,261.8065394179461,262.0,259.9,261.04999999999995,259.7225723876275,259.2707319637494,264.8810111999969,255.61563503510808,Up,241
2026-01-07 09:40:00,261.42826970897306,261.5,260.5,260.925,259.8318839887523,259.335605220073,264.84164790447454,255.61563503510808,Up,120
2026-01-07 09:50:00,261.17663485448657,261.5,260.9,261.225,259.9585308988657,259.4096991330113,264.8056613581614,255.61563503510808,Up,101
2026-01-07 10:00:00,261.2008174272433,261.7,261.1,261.35,260.08502808987794,259.48578936308934,264.77127666803045,255.7417765419767,Up,130
2026-01-07 10:10:00,261.2754087136217,261.9,261.1,261.475,260.2113891726163,259.56379762336036,264.7384778952142,256.065251401797,Up,112
2026-01-07 10:20:00,261.37520435681085,261.7,261.3,261.6,260.33762652056026,259.6436486969541,264.70724925944097,256.41386491072456,Up,48
2026-01-07 10:30:00,261.48760217840544,261.7,261.3,261.55,260.4478422914184,259.7184075715833,264.6758338439242,256.7307862824769,Up,29
2026-01-07 10:40:00,261.5188010892027,261.5188010892027,260.7,261.1,260.5071293558349,259.77258766681535,264.64025340766625,256.7307862824769,Up,77
2026-01-07 10:50:00,261.3094005446014,261.5,260.4,260.95,260.54739032348624,259.81876069948925,264.6035344682865,256.7307862824769,Up,100
2026-01-07 11:00:00,261.1297002723007,261.8,261.0,261.45,260.6294457486238,259.8827308681367,264.5721560158658,256.8886448403282,Up,49
2026-01-07 11:10:00,261.28985013615033,263.7,261.28985013615033,262.725,260.8199506805671,259.9941924027196,264.5537763540164,257.51727497242825,Up,600
2026-01-07 11:20:00,262.0074250680752,263.9,262.0074250680752,263.475,261.06131880051555,260.13069466143645,264.54304226094166,257.74036701729494,Up,324
2026-01-07 11:30:00,262.7412125340376,264.4,262.7412125340376,263.825,261.31256254592324,260.2755693805958,264.5358975618278,258.2280058096301,Up,337
2026-01-07 11:40:00,263.28310626701875,264.0,263.2,263.65,261.5250568599302,260.4078999931215,264.52708266071517,258.4521814023739,Up,117
2026-01-07 11:50:00,263.46655313350936,263.9,262.2,263.025,261.6614153272093,260.51053136594027,264.5121365645887,258.4521814023739,Up,269
2026-01-07 12:00:00,263.24577656675467,263.6,262.5,263.05,261.78765029746296,260.61011837119753,264.4975879420555,258.4521814023739,Up,123
2026-01-07 12:10:00,263.14788828337737,263.8,263.14788828337737,263.6,261.95240936132996,260.72736863115057,264.48865671875143,258.4590541359591,Up,98
2026-01-07 12:20:00,263.3739441416887,264.0,263.1,263.52500000000003,262.0953721466636,260.8370796652231,264.47906809468424,258.6637363584277,Up,141
2026-01-07 12:30:00,263.4494720708444,263.6,263.2,263.42500000000007,262.2162474060578,260.9385667371751,264.46857985493614,258.81248759857056,Up,43
2026-01-07 12:40:00,263.4372360354222,264.0,263.4372360354222,263.75,262.35567946005256,261.0488190219918,264.4614298066283,259.3390612891389,Up,60
2026-01-07 12:50:00,263.5936180177111,263.9,263.1,263.525,262.4619813273205,261.1459241583843,264.45211209710965,259.3390612891389,Up,67
2026-01-07 13:00:00,263.5593090088555,263.5593090088555,262.8,263.1,262.5199830248368,261.2225545835457,264.4386582453971,259.3390612891389,Up,107
2026-01-07 13:10:00,263.3296545044277,263.5,263.0,263.15,262.57725729530614,261.2981406783086,264.4258357752937,259.3390612891389,Up,50
2026-01-07 13:20:00,263.23982725221384,263.3,262.8,263.125,262.6270520866419,261.3697822203357,264.41289213573856,259.3390612891389,Up,62
2026-01-07 13:30:00,263.1824136261069,263.5,262.2,262.825,262.6450473514926,261.4268495842441,264.39709221398994,259.3390612891389,Up,140
2026-01-07 13:40:00,263.00370681305344,263.00370681305344,262.2,262.625,262.6432248649933,261.47383587505806,264.3794594556418,259.3390612891389,Up,137
2026-01-07 13:50:00,262.8143534065267,263.4,262.4,262.975,262.67338624090297,261.53270505642837,264.36548473469014,259.3390612891389,Up,67
2026-01-07 14:00:00,262.89467670326337,263.5,262.89467670326337,263.3,262.7303511280936,261.60201074049,264.35488289653404,259.4646253692307,Up,39
2026-01-07 14:10:00,263.0973383516317,263.7,263.0973383516317,263.475,262.7980464800851,261.6754612996865,264.34612784283723,259.7861440469537,Up,69
2026-01-07 14:20:00,263.28616917581587,263.5,262.8,263.15,262.8300422546228,261.7332863467576,264.3342260732568,259.7861440469537,Up,33
2026-01-07 14:30:00,263.2180845879079,263.2180845879079,262.4,262.9,262.83640204965707,261.77903982335533,264.31995516705524,259.7861440469537,Up,71
2026-01-07 14:40:00,263.05904229395395,263.2,262.4,262.75,262.82854731787006,261.8171166930277,264.30433372260694,259.7861440469537,Up,47
2026-01-07 14:50:00,262.904521146977,263.2,262.5,262.775,262.82367937988187,261.8546807442815,264.28911647163574,259.7861440469537,Up,60
2026-01-07 15:00:00,262.8397605734885,263.6,262.6,263.075,262.8465267089835,261.90253640136854,264.27703571072396,259.7861440469537,Up,95
2026-01-07 15:10:00,262.95738028674424,263.9,262.95738028674424,263.5,262.9059333718032,261.96518203268744,264.2693040121098,259.9259929529848,Up,79
2026-01-07 15:20:00,263.2286901433721,264.1,263.2286901433721,263.65,262.97357579254833,262.0312533255232,264.2631417831336,260.163234950742,Up,144
2026-01-07 15:30:00,263.43934507168603,264.0,263.43934507168603,263.65,263.03506890231665,262.0947335872674,264.25704086986866,260.33297063377967,Up,33
2026-01-07 15:40:00,263.544672535843,264.0,263.3,263.55,263.08188082028784,262.1518028583549,264.25000563733266,260.33297063377967,Up,75
2026-01-07 15:50:00,263.54733626792154,264.0,263.3,263.54999999999995,263.1244371093526,262.2066341188116,264.24304040711047,260.36512239498893,Up,43
2026-01-07 16:00:00,263.54866813396075,263.8,263.4,263.57500000000005,263.16539737213867,262.26029552591706,264.2363932388805,260.46829308635364,Up,53
2026-01-07 16:10:00,263.5618340669804,263.9,263.3,263.65,263.2094521564897,262.314793740587,264.23055848028474,260.53481189668514,Up,31
2026-01-07 16:20:00,263.6059170334902,264.0,263.4,263.825,263.26541105135425,262.37401751546594,264.2265230725207,260.69528354244096,Up,53
2026-01-07 16:30:00,263.7154585167451,264.8,263.5,264.025,263.3344645921402,262.4387619266241,264.22451786781903,260.94571231131,Up,280
2026-01-07 16:40:00,263.87022925837255,264.5,263.7,264.125,263.4063314474002,262.5048889098938,264.2235276402786,260.94571231131,Up,281
2026-01-07 16:50:00,263.9976146291863,264.7,263.8,264.425,263.49893767945474,262.58018738401563,264.2255323403753,261.01009281926446,Up,194
2026-01-07 17:00:00,264.2113073145931,266.2,264.2113073145931,265.35,263.66721607223155,262.68880748660325,264.2367210733069,261.53712251647994,Up,531
2026-01-07 17:10:00,264.78065365729657,266.0,264.78065365729657,265.725,263.85428733839234,262.80787385967767,264.25152981884617,261.611899848741,Up,189
2026-01-07 17:20:00,265.25282682864827,265.9,263.7,264.85,263.9448066712658,262.88795723772955,264.2574847460219,261.611899848741,Up,511
2026-01-07 17:30:00,265.05141341432414,265.05141341432414,263.1,263.625,263.9157333375143,262.91686087546566,264.2511913654645,261.611899848741,Up,195
2026-01-07 17:40:00,264.33820670716204,264.33820670716204,262.7,263.425,263.87112121592213,262.9367878999572,264.2429705558579,261.611899848741,Up,262
2026-01-07 17:50:00,263.881603353581,264.0,263.0,263.55,263.841928378111,262.96083543329223,264.2360753264464,261.611899848741,Up,189
2026-01-07 18:00:00,263.71580167679053,264.0,263.2,263.6,263.8199348891918,262.98590071041804,264.22974621872055,261.611899848741,Up,151
2026-01-07 18:10:00,263.6579008383953,266.0,262.9,264.425,263.8749408083562,263.04233597667616,264.23168904241487,261.611899848741,Up,398
2026-01-07 18:20:00,264.04145041919764,266.6,264.04145041919764,265.82500000000005,264.0522189166875,263.1514600560222,264.2475428827889,261.611899848741,Up,512
2026-01-07 18:30:00,264.93322520959885,266.9,264.93322520959885,266.2,264.24747174244317,263.27101064206056,264.266970316791,261.611899848741,Up,440
2026-01-07 18:40:00,265.5666126047994,266.5,265.0,265.725,264.38179249313015,263.3672455188425,264.28147807483293,261.611899848741,Up,376
2026-01-07 18:50:00,265.6458063023997,265.9,265.0,265.325,264.4675386301183,263.4440202043781,264.2918613775709,261.611899848741,Up,205
2026-01-07 19:00:00,265.4854031511999,266.4,265.3,265.85,264.5932169364712,263.538372353226,264.30736524446075,261.611899848741,Up,162
2026-01-07 19:10:00,265.66770157559995,267.2,264.6,265.875,264.7097426695193,263.63000480996226,264.3229636002373,261.611899848741,Up,600
2026-01-07 19:20:00,265.7713507878,265.7713507878,263.8,264.70000000000005,264.7088569722903,263.67196540565004,264.3267152062051,261.611899848741,Up,391
2026-01-07 19:30:00,265.2356753939,265.2356753939,262.5,263.4,264.58986997480935,263.66130009562454,264.31749415937725,261.611899848741,Up,442
2026-01-07 19:40:00,264.31783769695,264.31783769695,261.5,262.8,264.42715452255396,263.62752362128634,264.30239471500533,261.611899848741,Up,658
2026-01-07 19:50:00,263.558918848475,263.558918848475,262.0,263.075,264.30423138413994,263.60585602829474,264.290181832269,261.611899848741,Up,316
2026-01-07 20:00:00,263.3169594242375,264.0,263.2,263.65,264.24475580376355,263.60758716444,264.28381186378874,261.611899848741,Up,225
2026-01-07 20:10:00,263.4834797121188,265.2,263.4834797121188,264.57500000000005,264.2747780034214,263.6455249226973,264.2867092581789,261.611899848741,Up,426
2026-01-07 20:20:00,264.0292398560594,265.3,264.0292398560594,265.075,264.3475254576558,263.70158276886605,264.2945529471523,261.611899848741,Up,279
2026-01-07 20:30:00,264.5521199280297,265.5,264.1,264.75,264.38411405241436,263.742697170087,264.29908475862345,261.611899848741,Up,222
2026-01-07 20:40:00,264.65105996401485,264.8,263.6,264.32500000000005,264.37874004764944,263.7655325751816,264.29934262172173,261.611899848741,Up,144
2026-01-07 20:50:00,264.48802998200745,264.8,264.0,264.4,264.3806727705904,263.7904136506647,264.30034418767474,261.611899848741,Up,146
2026-01-07 21:00:00,264.4440149910037,264.4440149910037,263.1,263.7,264.31879342780945,263.78686801730527,264.29437061366804,261.611899848741,Up,137
2026-01-07 21:10:00,264.07200749550185,264.07200749550185,262.6,263.15,264.2125394798268,263.76189280094036,264.28298384139276,261.611899848741,Up,293
2026-01-07 21:20:00,263.61100374775094,263.61100374775094,261.8,262.525,264.0591267998425,263.71338720090347,264.2654914648615,261.611899848741,Up,385
2026-01-07 21:30:00,263.06800187387546,263.9,261.6,262.7,263.93556981803863,263.67364652635825,264.2499144353604,261.611899848741,Up,403
2026-01-07 21:40:00,262.8840009369377,264.3,262.8840009369377,263.77500000000003,263.9209725618533,263.67762117238345,264.24518891859066,261.611899848741,Up,324
2026-01-07 21:50:00,263.32950046846884,264.5,263.2,263.95000000000005,263.9236114198667,263.6883026950351,264.24225171542065,261.611899848741,Up,222
2026-01-07 22:00:00,263.63975023423444,265.1,263.5,264.275,263.9555558362424,263.7113104324847,264.24257756899857,261.611899848741,Up,339
2026-01-07 22:10:00,263.9573751171172,264.6,263.9573751171172,264.4,263.99595985112944,263.73831786650493,264.2441439613468,261.611899848741,Up,148
2026-01-07 22:20:00,264.1786875585586,265.1,263.7,264.57500000000005,264.0485998646631,263.7711289305636,264.24743606123394,261.611899848741,Up,211
2026-01-07 22:30:00,264.3768437792793,265.4,264.3,264.875,264.1237271496937,263.8144179921101,264.2536804785351,261.611899848741,Up,267
2026-01-07 22:40:00,264.62592188963964,264.9,264.2,264.6,264.1670246815397,263.8452251296745,264.25712644392286,261.611899848741,Up,188
2026-01-07 22:50:00,264.61296094481986,264.8,263.2,263.95000000000005,264.1472951650361,263.8493339481186,264.25407045940625,261.611899848741,Up,298
2026-01-07 23:00:00,264.28148047240995,264.28148047240995,262.7,263.25,264.0657228773055,263.8258306560355,264.24407970856635,261.611899848741,Up,253
2026-01-07 23:10:00,263.765740236205,263.8,262.7,263.45,264.00974807027774,263.8110921989361,264.23617841793384,261.611899848741,Up,190
2026-01-07 23:20:00,263.6078701181025,266.4,263.6078701181025,265.0,264.09977097297974,263.8577160342719,264.2437786326808,261.611899848741,Up,681
2026-01-07 23:30:00,264.30393505905124,267.4,264.30393505905124,266.525,264.32024633907247,263.96231540547694,264.26647735275367,261.611899848741,Up,571
2026-01-07 23:40:00,265.4144675295256,267.8,265.4144675295256,267.0,264.5638603082477,264.0814402915367,264.29367658307456,261.611899848741,Up,586
2026-01-07 23:50:00,266.2072337647628,267.0,265.3,266.125,264.705782098407,264.161579887947,264.3118987066261,261.611899848741,Up,395
2026-01-08 00:00:00,266.1661168823814,267.6,264.6,265.75,264.80071099855184,264.2238708727334,264.3262081722319,261.611899848741,Up,231
2026-01-08 09:00:00,265.9580584411907,268.1,265.9580584411907,267.57500000000005,265.0529190895926,264.35528770125364,264.3585344590754,261.611899848741,Up,66
2026-01-08 09:10:00,266.7665292205954,268.0,266.7665292205954,267.57500000000005,265.2821991723569,264.48155092865545,264.3905390913234,261.611899848741,Up,275
2026-01-08 09:20:00,267.17076461029774,267.8,267.17076461029774,267.625,265.495181065779,264.6048234412572,264.42272278195696,261.611899848741,Up,161
2026-01-08 09:30:00,267.39788230514887,268.1,267.39788230514887,267.75,265.7001646052536,264.7281636984628,264.4558300179574,261.611899848741,Up,216
2026-01-08 09:40:00,267.57394115257443,268.0,267.57394115257443,267.85,265.89560418659414,264.8505886514643,264.48960285359965,261.7032613248586,Up,118
2026-01-08 09:50:00,267.71197057628723,268.0,267.4,267.825,266.0710038059947,264.96723223375983,264.5227908849071,261.9511734077921,Up,155
2026-01-08 10:00:00,267.7684852881436,268.0,267.3,267.675,266.21682164181334,265.07341920498493,264.55415614973396,262.1692485525383,Up,173
2026-01-08 10:10:00,267.7217426440718,268.9,267.5,268.0,266.37892876528485,265.18818707929927,264.5884431532192,262.7084077750348,Up,256
2026-01-08 10:20:00,267.8608713220359,268.7,267.7,268.075,266.5331170593499,265.3013954291307,264.6231352611474,262.8440070682135,Up,158
2026-01-08 10:30:00,267.9679356610179,268.1,267.5,267.875,266.6551064175908,265.4023210985766,264.6554921242206,262.8440070682135,Up,101
2026-01-08 10:40:00,267.92146783050896,268.2,267.8,268.075,266.78418765235523,265.5071320358873,264.6895170782085,263.22975790761444,Up,74
2026-01-08 10:50:00,267.99823391525445,268.2,267.6,267.875,266.883352411232,265.5999896031074,264.72121342568903,263.34523446146767,Up,113
2026-01-08 11:00:00,267.9366169576272,267.9366169576272,267.2,267.54999999999995,266.94395673748363,265.676460599064,264.74936055578166,263.34523446146767,Up,142
2026-01-08 11:10:00,267.7433084788136,268.4,267.3,267.85,267.0263243068033,265.7616974383164,264.780212689555,263.4422212218321,Up,140
2026-01-08 11:20:00,267.7966542394068,268.1,267.0,267.65,267.0830220970939,265.8357485191667,264.8087677871714,263.4422212218321,Up,202
2026-01-08 11:30:00,267.7233271197034,267.8,266.4,267.05,267.08002008826713,265.88336622429745,264.8310686052095,263.4422212218321,Up,181
2026-01-08 11:40:00,267.38666355985174,267.38666355985174,265.1,265.925,266.97501826206104,265.88499892138384,264.8419534947099,263.4422212218321,Up,376
2026-01-08 11:50:00,266.65583177992585,266.7,265.6,266.0,266.8863802382373,265.88950876760407,264.8534763455088,263.4422212218321,Up,146
2026-01-08 12:00:00,266.3279158899629,266.7,265.9,266.275,266.83080021657935,265.9046260708353,264.86762085948385,263.4422212218321,Up,93
2026-01-08 12:10:00,266.30145794498145,267.7,266.3,267.0,266.84618201507215,265.94758191119473,264.8888385623746,263.4422212218321,Up,235
2026-01-08 12:20:00,266.6507289724907,267.9,266.6507289724907,267.725,266.92607455915646,266.017284581344,264.91705907419174,263.4422212218321,Up,91
2026-01-08 12:30:00,267.1878644862453,268.2,267.1878644862453,267.825,267.0077950537786,266.0881753820756,264.94599380977195,263.4422212218321,Up,150
2026-01-08 12:40:00,267.5064322431226,268.1,267.5064322431226,267.9,267.08890459434417,266.1592273278766,264.97538690619217,263.4422212218321,Up,71
2026-01-08 12:50:00,267.7032161215613,268.1,267.7,267.90000000000003,267.1626405403129,266.2274929228618,265.00448753399127,263.6192763858712,Up,44
2026-01-08 13:00:00,267.80160806078067,268.3,267.4,267.9,267.2296732184663,266.2930814356908,265.0332986033048,263.6311603507921,Up,94
2026-01-08 13:10:00,267.85080403039035,268.2,267.8,268.07500000000005,267.30652110769665,266.3629605950755,265.0635642888441,264.01923668253824,Up,53
2026-01-08 13:20:00,267.9629020151952,268.2,267.8,267.975,267.3672919160879,266.42617782664115,265.0925337984078,264.2356697113984,Up,49
2026-01-08 13:30:00,267.9689510075976,268.0,267.7,267.8,267.40662901462537,266.48005320598855,265.1194737606127,264.31879064672586,Up,34
2026-01-08 13:40:00,267.8844755037988,268.1,267.6,267.75,267.4378445587503,266.5298550410478,265.1456481510544,264.4579914970235,Up,19
2026-01-08 13:50:00,267.81723775189937,267.81723775189937,267.3,267.57500000000005,267.45031323522755,266.5708411178695,265.1698208062678,264.4579914970235,Up,34
2026-01-08 14:00:00,267.6961188759497,267.8,267.0,267.3,267.4366483956614,266.59943558383543,265.1910166191408,264.4579914970235,Up,96
2026-01-08 14:10:00,267.49805943797486,267.49805943797486,266.3,266.70000000000005,267.3696803596922,266.6033792864301,265.20603137914935,264.4579914970235,Up,101
2026-01-08 14:20:00,267.0990297189875,267.0990297189875,265.8,266.175,267.26107305426564,266.5865800987269,265.2156728579638,264.4579914970235,Up,184
2026-01-08 14:30:00,266.6370148594938,266.8,265.9,266.225,267.16688459478695,266.57240048701215,265.2257159141035,264.4579914970235,Up,86
2026-01-08 14:40:00,266.43100742974684,266.43100742974684,265.7,266.0,267.06080417707904,266.5499534090901,265.23342023336613,264.4579914970235,Up,115
2026-01-08 14:50:00,266.2155037148734,266.2155037148734,265.5,265.75,266.94164016098097,266.518582687165,265.2385603305466,264.4579914970235,Up,62
2026-01-08 15:00:00,265.9827518574367,266.4,265.6,265.925,266.8492183281645,266.4953049347272,265.2453905760138,264.4579914970235,Up,75
2026-01-08 15:10:00,265.9538759287184,266.2,265.8,265.975,266.769743934695,266.47490081963986,265.25265037127735,264.4579914970235,Up,56
2026-01-08 15:20:00,265.96443796435915,266.3,265.5,265.95,266.6952217588136,266.45431647377166,265.2595891735532,264.4579914970235,Up,87
2026-01-08 15:30:00,265.9572189821796,266.3,265.7,266.05,266.63656523528505,266.43846092578065,265.26745395789595,264.4579914970235,Up,129
2026-01-08 15:40:00,266.00360949108983,266.5,266.0,266.2,266.59687748662276,266.42910951692653,265.27673302299155,264.4579914970235,Up,107
2026-01-08 15:50:00,266.1018047455449,266.5,266.1,266.225,266.56307044238434,266.4211052221451,265.2861685153001,264.4579914970235,Up,62
2026-01-08 16:00:00,266.16340237277245,266.5,266.1,266.225,266.53233676580396,266.4134148212767,265.29551012211306,264.4579914970235,Up,45
2026-01-08 16:10:00,266.19420118638624,266.2,265.6,265.925,266.47712433254907,266.3942612988737,265.30177370298753,264.4579914970235,Up,122
2026-01-08 16:20:00,266.0596005931931,266.0596005931931,265.3,265.54999999999995,266.3928403023173,266.36115301264334,265.30424361639064,264.4579914970235,Up,100
2026-01-08 16:30:00,265.80480029659657,266.0,265.5,265.65,266.325309365743,266.33326465920635,265.3076839784166,264.4579914970235,Up,74
2026-01-08 16:40:00,265.7274001482983,265.9,265.0,265.575,266.25709942340274,266.30352879021785,265.3103438393279,264.4579914970235,Up,215
2026-01-08 16:50:00,265.6512000741492,266.7,264.3,265.32499999999993,266.1723631121843,266.2651551121701,265.3104896717724,264.4579914970235,Up,283
2026-01-08 17:00:00,265.48810003707456,265.48810003707456,264.4,264.8,266.04760282925844,266.20769804894775,265.3054101725508,264.4579914970235,Up,96
2026-01-08 17:10:00,265.1440500185373,265.2,264.0,264.8,265.9341843902349,266.15249420389097,265.30038121561,264.4579914970235,Up,319
2026-01-08 17:20:00,264.9720250092687,265.5,263.9,264.725,265.8242585365772,266.0965140390325,265.294656029385,264.4579914970235,Up,511
2026-01-08 17:30:00,264.8485125046343,264.9,264.2,264.575,265.71068957870654,266.0368468218156,265.28749527287374,264.4579914970235,Up,164
2026-01-08 17:40:00,264.7117562523172,264.7117562523172,262.5,263.675,265.52562688973325,265.9442253778228,265.2714505437904,267.8516034755144,Down,533
2026-01-08 17:50:00,264.19337812615856,264.19337812615856,262.1,262.85,265.2823880815757,265.8228832061435,265.2473565085288,267.7676677901877,Down,496
2026-01-08 18:00:00,263.5216890630793,263.5216890630793,261.8,262.4,265.0203528014324,265.6886524921771,265.21902460297133,267.487803033667,Down,396
2026-01-08 18:10:00,262.96084453153964,262.96084453153964,260.8,261.75,264.7230480013022,265.53419553169954,265.18450694523034,267.0543280064455,Down,669
2026-01-08 18:20:00,262.3554222657698,262.9,261.0,262.1,264.4845890920929,265.3995211971231,265.15381533383504,267.0543280064455,Down,317
2026-01-08 18:30:00,262.2277111328849,262.2277111328849,259.5,261.05,264.17235372008446,265.2289517384124,265.1129813504138,266.75980485499207,Down,872
2026-01-08 18:40:00,261.63885556644243,261.63885556644243,259.2,260.075,263.79986701825857,265.0268359839648,265.06285218274803,266.66623825151805,Down,431
2026-01-08 18:50:00,260.8569277832212,260.8569277832212,259.2,259.775,263.43397001659866,264.82088163165247,265.01023673814353,266.30990169305187,Down,379
2026-01-08 19:00:00,260.3159638916106,260.3159638916106,258.3,259.20000000000005,263.0490636514533,264.60045490099947,264.95242343726653,265.751457725883,Down,502
2026-01-08 19:10:00,259.75798194580534,260.4,258.6,259.55,262.7309669558667,264.4023978460583,264.8986679801793,265.751457725883,Down,457
2026-01-08 19:20:00,259.65399097290265,261.0,259.65399097290265,260.475,262.52587905078786,264.24838224425207,264.8546513833616,265.751457725883,Down,357
2026-01-08 19:30:00,260.06449548645134,261.0,259.5,260.425,262.33489004617076,264.0984456856539,264.81057525019384,265.751457725883,Down,364
2026-01-08 19:40:00,260.2447477432257,261.0,259.9,260.575,262.1749000419734,263.96027134504004,264.7684302228288,265.751457725883,Down,578
2026-01-08 19:50:00,260.40987387161283,261.6,260.4,260.975,262.0658182199758,263.8432018805287,264.73068464847233,265.751457725883,Down,502
2026-01-08 20:00:00,260.6924369358064,261.4,260.6,260.975,261.9666529272508,263.7307233754099,264.6933146519701,265.751457725883,Down,172
2026-01-08 20:10:00,260.8337184679032,260.8337184679032,257.6,259.2,261.7151390247734,263.5530479489233,264.6386548046869,265.7456952204977,Down,518
2026-01-08 20:20:00,260.01685923395155,260.01685923395155,256.8,257.775,261.3569445679758,263.3264578332792,264.57035973200345,265.5135020534546,Down,848
2026-01-08 20:30:00,258.89592961697576,259.1,258.1,258.52500000000003,261.0994950617962,263.13816536922906,264.5102068988492,265.5135020534546,Down,287
2026-01-08 20:40:00,258.7104648084879,259.4,258.5,258.925,260.90181369254196,262.97294319788676,264.4546327008507,265.5135020534546,Down,155
2026-01-08 20:50:00,258.817732404244,260.7,258.8,259.725,260.7948306295836,262.845572876401,264.4075716789517,265.5135020534546,Down,286
2026-01-08 21:00:00,259.27136620212195,263.0,259.27136620212195,260.775,260.793027845076,262.76437394007155,264.3714266871213,265.5135020534546,Down,625
2026-01-08 21:10:00,260.02318310106097,260.1,258.6,259.25,260.6527525864327,262.6265553541864,264.3204672175977,265.5135020534546,Down,432
2026-01-08 21:20:00,259.6365915505305,259.6365915505305,256.0,258.04999999999995,260.4161387149388,262.4470825951987,264.2580745089649,265.5135020534546,Down,994
2026-01-08 21:30:00,258.84329577526523,259.1,257.4,258.3,260.2237624681262,262.2844519051909,264.19879018549267,265.5135020534546,Down,276
2026-01-08 21:40:00,258.5716478876326,259.1,258.1,258.70000000000005,260.08523860738745,262.14388516381086,264.1440758552888,265.5135020534546,Down,183
2026-01-08 21:50:00,258.6358239438163,259.7,258.3,258.95,259.98203509762493,262.01863476523005,264.09239350847,265.5135020534546,Down,165
2026-01-08 22:00:00,258.7929119719081,259.3,257.3,258.25,259.8245773614772,261.8708451665936,264.034260239729,265.5135020534546,Down,308
2026-01-08 22:10:00,258.52145598595405,258.52145598595405,257.2,257.55,259.61779760134294,261.70140025809974,263.9697402373437,265.2190648093773,Down,199
2026-01-08 22:20:00,258.03572799297706,258.03572799297706,257.2,257.575,259.43208872849357,261.53958064013506,263.9061109812507,264.61116219066224,Down,268
2026-01-08 22:30:00,257.8053639964885,258.0,257.3,257.65,259.2700806622669,261.38704806601214,263.84386112074077,264.26208926743067,Down,147
2026-01-08 22:40:00,257.72768199824424,258.0,257.3,257.6,259.11825514751536,261.23853637714893,263.7817331493901,263.9155356976642,Down,166
2026-01-08 22:50:00,257.66384099912216,258.8,257.3,257.725,258.9915955886503,261.1007506368686,263.72146714790364,263.9155356976642,Down,227
2026-01-08 23:00:00,257.69442049956103,257.69442049956103,256.5,257.1,258.8196323533184,260.94385845503064,263.6555819026509,263.2166612395857,Down,323
2026-01-08 23:10:00,257.3972102497805,257.3972102497805,256.1,256.70000000000005,258.62693850301673,260.77743263326477,263.58637213247533,262.78345520645155,Down,228
2026-01-08 23:20:00,257.0486051248903,257.0486051248903,255.0,256.0,258.38812591183336,260.5900823339211,263.5108858426,262.2554772274609,Down,508
2026-01-08 23:30:00,256.52430256244514,257.1,256.0,256.65,258.230114465303,260.4355693012183,263.44261832177807,262.2554772274609,Down,178
2026-01-08 23:40:00,256.58715128122253,257.4,256.58715128122253,257.075,258.1251040593664,260.303782269798,263.37925893549175,262.2554772274609,Down,121
2026-01-08 23:50:00,256.8310756406113,257.5,256.1,256.90000000000003,258.01373096306037,260.1703006121588,263.3147886973277,262.2554772274609,Down,217
2026-01-09 00:00:00,256.8655378203057,256.9,256.3,256.65,257.889755420964,260.03224960776043,263.24847239188165,262.0817759041581,Down,78
2026-01-09 09:00:00,256.75776891015283,256.75776891015283,253.1,255.15,257.6406867463309,259.84078883882864,263.1678905770371,261.2424148807302,Down,184
2026-01-09 09:10:00,255.95388445507643,255.95388445507643,255.4,255.6,257.4551697693917,259.6744833941687,263.09258818323576,261.2424148807302,Down,227
2026-01-09 09:20:00,255.77694222753823,255.8,255.2,255.55,257.28197251762884,259.51273894733856,263.0175375545469,261.20172248568963,Down,236
2026-01-09 09:30:00,255.6634711137691,255.7,255.2,255.45,257.11542956148077,259.3534158513645,262.94223867340713,260.8152022597178,Down,106
2026-01-09 09:40:00,255.5567355568845,255.7,255.3,255.55,256.97311778316435,259.2042622885659,262.86868405974144,260.522911145198,Down,122
2026-01-09 09:50:00,255.5533677784423,255.8,255.5,255.625,256.8505616210585,259.0638990615633,262.7966076014356,260.3253737683618,Down,101
2026-01-09 10:00:00,255.58918388922115,255.8,255.5,255.625,256.73914692823496,258.9290402748353,262.7252483218193,260.00943069851076,Down,57
2026-01-09 10:10:00,255.60709194461057,256.7,255.60709194461057,256.225,256.69240629839544,258.8229994797437,262.66056923404,260.00943069851076,Down,164
2026-01-09 10:20:00,255.9160459723053,257.0,255.9160459723053,256.75,256.69764208945037,258.7417053824989,262.60175759987044,260.00943069851076,Down,146
2026-01-09 10:30:00,256.3330229861526,257.4,256.3330229861526,257.15,256.738765535864,258.67928556357737,262.5475112555931,260.00943069851076,Down,114
2026-01-09 10:40:00,256.7415114930763,257.4,256.7,257.1,256.7716050326036,258.61735279637827,262.4933071634977,260.00943069851076,Down,57
2026-01-09 10:50:00,256.92075574653813,257.1,256.9,257.0,256.7923682114578,258.5539271965203,262.4386473907266,260.00943069851076,Down,57
2026-01-09 11:00:00,256.96037787326907,258.6,256.96037787326907,257.725,256.87715291950707,258.52142024763714,262.3917454266398,260.00943069851076,Down,247
2026-01-09 11:10:00,257.34268893663454,258.3,257.34268893663454,257.875,256.96786629046096,258.4960704340043,262.3468026860762,260.00943069851076,Down,151
2026-01-09 11:20:00,257.6088444683173,258.0,257.4,257.65,257.0298784458736,258.46289120129825,262.3000683309909,260.00943069851076,Down,98
2026-01-09 11:30:00,257.6294222341586,257.6294222341586,256.5,257.20000000000005,257.04534404170323,258.4133660561493,262.2493213824238,260.00943069851076,Down,159
2026-01-09 11:40:00,257.4147111170793,257.5,256.4,257.125,257.05258549245747,258.36284189708465,262.1983331099618,260.00943069851076,Down,260
2026-01-09 11:50:00,257.2698555585397,257.5,256.6,257.15,257.0614413567795,258.315279469748,262.14810093971346,260.00943069851076,Down,65
2026-01-09 12:00:00,257.20992777926983,257.9,257.0,257.45,257.09676486979953,258.2813469415226,262.10135366668146,260.00943069851076,Down,127
2026-01-09 12:10:00,257.3299638896349,257.9,257.3,257.65,257.14705897254504,258.2565882379335,262.0570615903961,260.00943069851076,Down,82
2026-01-09 12:20:00,257.48998194481743,257.6,256.8,257.175,257.14959906595004,258.2141730129165,262.0084838631285,260.00943069851076,Down,48
2026-01-09 12:30:00,257.3324909724087,257.3324909724087,256.6,256.95,257.1314536963182,258.16459760064527,261.95815069036104,260.00943069851076,Down,48
2026-01-09 12:40:00,257.14124548620435,257.2,256.6,256.975,257.11723063301656,258.11794671434546,261.90856710140224,260.00943069851076,Down,51
2026-01-09 12:50:00,257.0581227431022,257.2,256.8,256.975,257.1043005754696,258.07312527456725,261.8594768814878,260.00943069851076,Down,40
2026-01-09 13:00:00,257.0165613715511,257.3,256.8,256.95000000000005,257.0902732504269,258.02908114615286,261.8106263652541,260.00943069851076,Down,46
2026-01-09 13:10:00,256.9832806857756,257.0,256.7,256.825,257.0661575003881,257.98186227767627,261.7610181427143,259.94389176255066,Down,104
2026-01-09 13:20:00,256.9041403428878,257.1,256.6,256.825,257.0442340912619,257.9364951295321,261.7119035343291,259.8444470568642,Down,89
2026-01-09 13:30:00,256.8645701714439,257.2,256.4,256.825,257.024303719329,257.89290708523674,261.6632776285149,259.8131336880584,Down,78
2026-01-09 13:40:00,256.8447850857219,256.9,256.3,256.6,256.98573065393543,257.84220484660005,261.6128967565894,259.55739426187125,Down,94
2026-01-09 13:50:00,256.722392542861,256.722392542861,256.1,256.325,256.9256642308504,257.78270661732165,261.56028086846413,259.3260610705357,Down,113
2026-01-09 14:00:00,256.5236962714305,256.5236962714305,256.2,256.27500000000003,256.8665129371367,257.7235808676228,261.50769100907644,259.12943296087644,Down,40
2026-01-09 14:10:00,256.3993481357153,256.6,255.5,256.075,256.7945572155788,257.6589306375199,261.45363438212047,258.965986204692,Down,287
2026-01-09 14:20:00,256.2371740678576,256.7,255.5,256.15,256.7359611050716,257.59975688702895,261.40086190070633,258.965986204692,Down,144
2026-01-09 14:30:00,256.1935870339288,257.4,256.1,256.77500000000003,256.7395100955197,257.5674134796945,261.3548334240824,258.965986204692,Down,281
2026-01-09 14:40:00,256.4842935169644,257.7,256.4842935169644,257.35,256.79500917774516,257.55888746088294,261.31498433528554,258.965986204692,Down,267
2026-01-09 14:50:00,256.9171467584822,257.6,256.2,256.95000000000005,256.80909925249557,257.5350095212405,261.2715516553324,258.965986204692,Down,378
2026-01-09 15:00:00,256.9335733792411,257.9,256.4,257.125,256.8378175022687,257.518930716486,261.23029243488133,258.965986204692,Down,228
2026-01-09 15:10:00,257.02928668962056,257.9,257.02928668962056,257.65,256.91165227478973,257.5240706883885,261.19466763453426,258.965986204692,Down,142
2026-01-09 15:20:00,257.33964334481027,258.0,256.9,257.525,256.9674111588998,257.52410713198117,261.158153528718,258.965986204692,Down,406
2026-01-09 15:30:00,257.4323216724051,258.0,257.3,257.675,257.0317374171816,257.53002449935445,261.12349528465114,258.965986204692,Down,154
2026-01-09 15:40:00,257.55366083620254,258.0,254.5,256.45,256.97885219743785,257.48767059741897,261.07699284400786,258.965986204692,Down,1253
2026-01-09 15:50:00,257.00183041810124,257.00183041810124,253.5,254.675,256.76941108857983,257.37736978967706,261.01329142267446,258.965986204692,Down,1501
2026-01-09 16:00:00,255.83841520905065,255.83841520905065,254.6,254.975,256.60628280779986,257.2831592096897,260.95320892095634,258.965986204692,Down,900
2026-01-09 16:10:00,255.4067076045253,255.4067076045253,254.0,254.525,256.41707527981805,257.17499610342736,260.8892466431359,258.965986204692,Down,489
2026-01-09 16:20:00,254.96585380226264,254.96585380226264,253.4,253.95,256.1927957089255,257.04852566799883,260.82019941285597,258.965986204692,Down,509
2026-01-09 16:30:00,254.4579269011313,254.4579269011313,253.3,253.8,255.97526882629586,256.9211325045479,260.75034668237976,258.965986204692,Down,348
2026-01-09 16:40:00,254.1289634505657,254.4,253.1,253.725,255.77069893299623,256.7957939749578,260.68044273529136,258.965986204692,Down,252
2026-01-09 16:50:00,253.92698172528284,254.6,253.6,253.975,255.6074535754511,256.6851746033908,260.61372191205464,258.965986204692,Down,370
2026-01-09 17:00:00,253.95099086264145,254.5,253.5,253.95,255.4567759776828,256.5779128542382,260.5474162213875,258.965986204692,Down,246
2026-01-09 17:10:00,253.9504954313207,254.0,252.7,253.525,255.28115997971165,256.458190781523,260.477541433115,258.5545763115668,Down,300
2026-01-09 17:20:00,253.7377477156604,254.0,253.0,253.625,255.13059998155603,256.34708526067897,260.40935694124323,258.5545763115668,Down,200
2026-01-09 17:30:00,253.68137385783012,254.4,252.7,253.5,254.9823636195964,256.2354348582994,260.34060712093236,258.5545763115668,Down,382
2026-01-09 17:40:00,253.5906869289151,253.5906869289151,248.8,251.275,254.64533056326945,256.04090800111123,260.25040207495294,257.71019604534536,Down,1025
2026-01-09 17:50:00,252.4328434644576,252.4328434644576,249.3,250.275,254.2480277847904,255.81479396185196,260.15114434286386,257.71019604534536,Down,544
2026-01-09 18:00:00,251.3539217322288,251.3539217322288,246.7,248.625,253.73684344071853,255.5328412574656,260.0364563394523,257.1391224602066,Down,1623
2026-01-09 18:10:00,249.9894608661144,249.9894608661144,245.4,246.325,253.0630394915623,255.17174944344734,259.9000239380647,256.73831765172804,Down,816
2026-01-09 18:20:00,248.1572304330572,248.4,245.1,246.975,252.50958135596574,254.85030828880235,259.7714167347009,256.1714429260644,Down,751
2026-01-09 18:30:00,247.5661152165286,249.3,246.7,248.325,252.12916486905974,254.59441384610423,259.65752204082327,256.1714429260644,Down,759
2026-01-09 18:40:00,247.94555760826432,251.0,247.94555760826432,249.7,251.9083316991452,254.40247604821778,259.55844221952157,256.1714429260644,Down,824
2026-01-09 18:50:00,248.82277880413216,250.7,246.6,248.475,251.59621063558654,254.1700260071112,259.44815921236216,256.1714429260644,Down,690
2026-01-09 19:00:00,248.6488894020661,248.6488894020661,245.0,246.475,251.1306460323514,253.86826028134215,259.3190730510451,256.1714429260644,Down,945
2026-01-09 19:10:00,247.56194470103304,247.7,246.0,246.65,250.7233145748649,253.58519125070126,259.1930126226765,256.1714429260644,Down,446
2026-01-09 19:20:00,247.1059723505165,247.1059723505165,245.3,246.05,250.29846779533173,253.28969355459535,259.06223637767476,256.1714429260644,Down,575
2026-01-09 19:30:00,246.57798617525827,246.7,245.5,245.975,249.90542526848338,253.00284282696418,258.93201512018544,255.71751615366858,Down,307
2026-01-09 19:40:00,246.27649308762915,248.0,245.5,246.8,249.62311388043943,252.75959408865188,258.8112985518254,255.71751615366858,Down,486
2026-01-09 19:50:00,246.53824654381452,247.9,246.53824654381452,247.475,249.42783080039948,252.5523551047832,258.69849956126,255.71751615366858,Down,242
2026-01-09 20:00:00,247.0066232719073,247.7,246.3,247.225,249.2275734549086,252.34343921832112,258.5843353865211,255.71751615366858,Down,255
2026-01-09 20:10:00,247.1158116359537,247.7,246.8,247.425,249.063703140826,252.15055924897518,258.47329722347115,255.70123125086414,Down,237
2026-01-09 20:20:00,247.27040581797684,248.9,247.27040581797684,247.925,248.96018467347815,251.98485104313303,258.3683390421431,255.70123125086414,Down,387
2026-01-09 20:30:00,247.5977029089884,247.8,246.8,247.25,248.8047133395256,251.79917061006898,258.2577088029178,255.23228836667224,Down,365
2026-01-09 20:40:00,247.4238514544942,247.4238514544942,244.5,245.8,248.5315575813869,251.56390901751726,258.13375150139626,254.23631568040156,Down,721
2026-01-09 20:50:00,246.6119257272471,246.6119257272471,244.9,245.275,248.2355068921699,251.31728513447737,258.005803725263,253.9006539945811,Down,315
2026-01-09 21:00:00,245.94346286362355,245.94346286362355,245.2,245.375,247.97546081106353,251.08425434489004,257.8801240862056,253.24634622854538,Down,226
2026-01-09 21:10:00,245.65923143181172,245.7,244.0,244.775,247.68450982823956,250.83683260587475,257.7497248415668,252.4451043606669,Down,519
2026-01-09 21:20:00,245.2171157159059,245.2171157159059,244.2,244.4,247.3859180256723,250.58440779780125,257.6168917585661,251.98305844616138,Down,398
2026-01-09 21:30:00,244.80855785795293,246.9,244.1,245.425,247.20765275061117,250.38207808024043,257.4955794027595,251.98305844616138,Down,635
2026-01-09 21:40:00,245.1167789289765,247.3,245.1167789289765,246.625,247.15468431873745,250.23474168493692,257.3874144335778,251.98305844616138,Down,361
2026-01-09 21:50:00,245.87088946448824,248.1,245.87088946448824,247.425,247.1792584715795,250.12455573650806,257.2882859317512,251.98305844616138,Down,479
2026-01-09 22:00:00,246.64794473224413,248.4,246.64794473224413,247.6,247.2175077014359,250.02555355076265,257.1918850767089,251.98305844616138,Down,210
2026-01-09 22:10:00,247.12397236612208,247.6,246.4,246.9,247.1886433649417,249.90298282328177,257.08947826002526,251.98305844616138,Down,188
2026-01-09 22:20:00,247.01198618306103,247.01198618306103,246.1,246.4,247.11694851358337,249.76561094785896,256.98311529226385,251.98305844616138,Down,164
2026-01-09 22:30:00,246.7059930915305,246.7059930915305,245.9,246.175,247.03131683053033,249.6248026753939,256.8755718565199,251.98305844616138,Down,183
2026-01-09 22:40:00,246.44049654576528,246.44049654576528,245.5,245.9,246.92846984593663,249.47873198224121,256.7663621863058,251.98305844616138,Down,176
2026-01-09 22:50:00,246.17024827288265,246.4,245.8,246.0,246.84406349630603,249.34231112019256,256.6592342043525,251.98305844616138,Down,193
2026-01-09 23:00:00,246.08512413644127,246.08512413644127,245.0,245.475,246.71960317846003,249.19065186057716,256.5479482918714,251.51819523738357,Down,203
2026-01-09 23:10:00,245.78006206822067,245.78006206822067,244.6,245.0,246.56327561678185,249.02631257192706,256.43304333374334,251.05153830361144,Down,413
2026-01-09 23:20:00,245.3900310341104,245.5,244.7,245.15,246.4347960152562,248.87430031420445,256.3207742458454,250.71955206318282,Down,191
2026-01-09 23:30:00,245.2700155170552,245.2700155170552,244.4,244.7,246.27708728659655,248.710602262667,256.20514465135943,250.26006073125933,Down,207
2026-01-09 23:40:00,244.9850077585276,244.9850077585276,243.2,244.125,246.08144298781502,248.53077472295456,256.08494420706734,249.67346394848448,Down,429
2026-01-09 23:50:00,244.55500387926372,244.55500387926372,242.8,243.35,245.83312998892274,248.32760708676025,255.95822834431047,249.38928523138293,Down,431
2026-01-10 00:00:00,243.9525019396319,243.9525019396319,242.0,242.5,245.53011817174792,248.09907347551476,255.8243156244666,248.8787819403649,Down,299
2026-01-12 09:00:00,243.226250969816,247.9,243.226250969816,246.7,245.63647106522538,248.044207849024,255.73352641427294,248.8787819403649,Down,233
2026-01-12 09:10:00,244.963125484908,247.0,243.9,246.1,245.6786100592958,247.96796440396423,255.63767043005132,248.8787819403649,Down,899
2026-01-12 09:20:00,245.531562742454,247.1,245.531562742454,246.9,245.78964550845072,247.92608344694605,255.55072843572248,248.8787819403649,Down,316
2026-01-12 09:30:00,246.215781371227,247.1,246.2,246.675,245.87013228040973,247.8770213509874,255.4624127298944,248.8787819403649,Down,241
2026-01-12 09:40:00,246.44539068561352,246.7,246.3,246.475,245.92512025491794,247.82204012153693,255.37298573755714,248.8787819403649,Down,228
2026-01-12 09:50:00,246.4601953428068,246.6,245.9,246.275,245.95692750447085,247.76137188147666,255.28245851628793,248.8787819403649,Down,209
2026-01-12 10:00:00,246.36759767140336,246.36759767140336,245.5,245.925,245.95402500406442,247.68935729788936,255.18934947632488,248.8787819403649,Down,214
2026-01-12 10:10:00,246.14629883570169,246.8,245.8,246.3,245.98547727642222,247.63487269797213,255.1008982377545,248.8787819403649,Down,175
2026-01-12 10:20:00,246.22314941785083,246.7,246.2,246.45,246.0277066149293,247.58840710197322,255.01481964832413,248.8787819403649,Down,75
2026-01-12 10:30:00,246.3365747089254,246.5,246.1,246.225,246.04564237720842,247.5349401567978,254.927358756301,248.8787819403649,Down,84
2026-01-12 10:40:00,246.2807873544627,246.7,245.9,246.175,246.05740216109857,247.48160917025672,254.84027060947216,248.8787819403649,Down,154
2026-01-12 10:50:00,246.2278936772313,246.4,245.8,246.05,246.05672923736233,247.42546763416823,254.75280523027345,248.8787819403649,Down,144
2026-01-12 11:00:00,246.13894683861568,246.4,245.7,245.975,246.04929930669303,247.36858655047538,254.66546388469862,248.8787819403649,Down,62
2026-01-12 11:10:00,246.05697341930784,246.2,245.6,245.775,246.02436300608457,247.30609296026066,254.5770015574877,248.8787819403649,Down,131
2026-01-12 11:20:00,245.9159867096539,246.1,244.5,245.25,245.9539663691678,247.22546186377986,254.4841955718411,248.8787819403649,Down,248
2026-01-12 11:30:00,245.58299335482693,246.3,244.7,245.25,245.8899694265162,247.1479927710826,254.39231302883772,248.8787819403649,Down,264
2026-01-12 11:40:00,245.41649667741348,246.2,245.1,245.575,245.86133584228742,247.08630678005977,254.30457857083934,248.8787819403649,Down,220
2026-01-12 11:50:00,245.4957483387068,246.3,245.2,245.8,245.85575985662493,247.03586337692016,254.21995589849269,248.8787819403649,Down,138
2026-01-12 12:00:00,245.64787416935337,246.4,245.64787416935337,246.125,245.8802362332954,247.00014324449194,254.13940907363207,248.8787819403649,Down,135
2026-01-12 12:10:00,245.8864370846767,246.4,245.8864370846767,246.25,245.9138511211776,246.970725862355,254.06090749080988,248.8787819403649,Down,79
2026-01-12 12:20:00,246.0682185423384,246.3,246.0,246.125,245.93304647379782,246.93756014226267,253.98194323717,248.8787819403649,Down,50
2026-01-12 12:30:00,246.0966092711692,246.2,245.7,245.975,245.9368604307253,246.89981268570335,253.90227216018323,248.8787819403649,Down,194
2026-01-12 12:40:00,246.03580463558453,246.3,245.9,246.075,245.94941857338662,246.86746709018558,253.82438885510678,248.8787819403649,Down,112
2026-01-12 12:50:00,246.05540231779227,246.5,246.05540231779227,246.3,245.98128961216966,246.84521347880576,253.74951931425997,248.8787819403649,Down,50
2026-01-12 13:00:00,246.17770115889613,247.3,246.17770115889613,246.725,246.04889964742696,246.84049922473497,253.67962359969022,248.8787819403649,Down,299
2026-01-12 13:10:00,246.45135057944807,247.6,246.45135057944807,247.35,246.1671814976609,246.86047964729437,253.6166422703401,248.8787819403649,Down,232
2026-01-12 13:20:00,246.90067528972403,247.9,246.90067528972403,247.65,246.30198317969172,246.89144122975344,253.55727269551085,248.8787819403649,Down,98
2026-01-12 13:30:00,247.275337644862,248.0,247.275337644862,247.775,246.43589379971974,246.92609059329254,253.49973764381423,248.8787819403649,Down,108
2026-01-12 13:40:00,247.525168822431,247.525168822431,247.0,247.275,246.51217618156338,246.9397733151242,253.43779995581608,248.8787819403649,Down,62
2026-01-12 13:50:00,247.4000844112155,247.4000844112155,247.0,247.2,246.57470561960307,246.94997828315854,253.3757322945642,248.8787819403649,Down,41
2026-01-12 14:00:00,247.30004220560767,247.5,247.0,247.2,246.6315505632755,246.95978305636802,253.31428222198147,248.8787819403649,Down,37
2026-01-12 14:10:00,247.25002110280388,247.25002110280388,246.6,247.0,246.66504596661412,246.9613601914124,253.2514535431558,248.8787819403649,Down,58
2026-01-12 14:20:00,247.125010551402,247.3,246.8,247.05,246.70004178783103,246.96483626233743,253.1897475377513,248.8787819403649,Down,58
2026-01-12 14:30:00,247.08750527570092,247.9,247.0,247.375,246.76140162530095,246.98092111479477,253.13188935329606,248.8787819403649,Down,82
2026-01-12 14:40:00,247.2312526378505,247.8,247.2312526378505,247.675,246.84445602300087,247.00813989460676,253.07759194679562,248.8787819403649,Down,42
2026-01-12 14:50:00,247.45312631892529,247.8,245.7,246.825,246.84268729363714,247.00095793795552,253.0153771015539,248.8787819403649,Down,368
2026-01-12 15:00:00,247.13906315946264,247.13906315946264,245.2,245.7,246.7388066305792,246.94993997960432,252.94258727964788,248.8787819403649,Down,238
2026-01-12 15:10:00,246.4195315797313,246.4195315797313,245.4,245.675,246.6420969368902,246.89994233334534,252.87027297835786,248.8787819403649,Down,94
2026-01-12 15:20:00,246.0472657898657,246.5,245.7,246.075,246.59054266990017,246.86759165360633,252.8026583218568,248.8787819403649,Down,89
2026-01-12 15:30:00,246.06113289493285,246.6,246.0,246.3,246.56412969990924,246.84533315738648,252.73795525397765,248.8787819403649,Down,310
2026-01-12 15:40:00,246.1805664474664,247.0,246.1805664474664,246.475,246.5560269999175,246.83081028846937,252.67563729125152,248.8787819403649,Down,145
2026-01-12 15:50:00,246.3277832237332,247.0,246.3,246.625,246.56229727265224,246.82273929676467,252.61543194506993,248.8787819403649,Down,104
2026-01-12 16:00:00,246.4763916118666,246.9,246.4763916118666,246.65,246.5702702478657,246.81596520669547,252.5560744132782,248.8787819403649,Down,114
2026-01-12 16:10:00,246.56319580593328,247.4,246.56319580593328,246.95,246.60479113442335,246.82122147309957,252.5002925783202,248.8787819403649,Down,181
2026-01-12 16:20:00,246.75659790296663,247.1,246.75659790296663,246.975,246.63844648583938,246.82725200356626,252.44531454271504,248.8787819403649,Down,85
2026-01-12 16:30:00,246.86579895148333,247.2,246.8,247.0,246.67131498712672,246.83402643479897,252.39113230845916,248.8787819403649,Down,77
2026-01-12 16:40:00,246.9328994757417,247.1,246.6,246.925,246.69437726102427,246.8375940255912,252.3367429322556,248.8787819403649,Down,95
2026-01-12 16:50:00,246.9289497378708,247.3,246.8,247.025,246.72443387365843,246.84494327948957,252.28388976875058,248.8787819403649,Down,143
2026-01-12 17:00:00,246.97697486893543,247.1,246.5,246.8,246.73130352150764,246.843180797941,252.22932370139984,248.8787819403649,Down,156
2026-01-12 17:10:00,246.8884874344677,246.8884874344677,246.0,246.275,246.68982138318876,246.82089919802175,252.17007669939585,248.8787819403649,Down,479
2026-01-12 17:20:00,246.58174371723385,247.5,245.6,246.5,246.67256489380796,246.8083149157464,252.11365802577004,248.8787819403649,Down,218
2026-01-12 17:30:00,246.54087185861687,247.5,246.3,246.775,246.68187717618906,246.80700844846223,252.06053705038926,248.8787819403649,Down,78
2026-01-12 17:40:00,246.65793592930845,247.3,246.3,246.8,246.6926156147173,246.80673360734608,252.00819339814657,248.8787819403649,Down,79
2026-01-12 17:50:00,246.72896796465423,247.3,246.6,246.975,246.71828692247027,246.81333228941094,251.95811187179686,248.8787819403649,Down,150
2026-01-12 18:00:00,246.8519839823271,247.1,245.8,246.325,246.68253356588207,246.7941820035517,251.90206100740087,248.8787819403649,Down,183
2026-01-12 18:10:00,246.58849199116355,246.58849199116355,244.4,245.225,246.55003051443822,246.7326454543928,251.8356225894168,248.8787819403649,Down,462
2026-01-12 18:20:00,245.9067459955818,246.0,244.3,245.15000000000003,246.42275501312565,246.6705809267696,251.7690989815619,248.8787819403649,Down,470
2026-01-12 18:30:00,245.5283729977909,246.0,245.2,245.725,246.35932273920514,246.63349932179824,251.70895869318818,248.8787819403649,Down,241
2026-01-12 18:40:00,245.62668649889545,246.8,243.7,245.05,246.2402933992774,246.57140130917873,251.64270039773356,248.8787819403649,Down,527
2026-01-12 18:50:00,245.3383432494477,245.3383432494477,243.2,243.75,246.01390309025217,246.46075812058348,251.56416606541782,248.8787819403649,Down,578
2026-01-12 19:00:00,244.54417162472387,245.8,243.1,244.45,245.8717300820474,246.38190486095277,251.49337834337388,248.8787819403649,Down,522
2026-01-12 19:10:00,244.497085812362,246.0,244.497085812362,245.35,245.82430007458856,246.34143800366053,251.43225020065375,248.8787819403649,Down,461
2026-01-12 19:20:00,244.92354290618096,245.5,244.5,245.075,245.7561818859896,246.29177376822287,251.36899397975174,248.8787819403649,Down,289
2026-01-12 19:30:00,244.99927145309047,245.7,244.3,245.175,245.70334716908144,246.24797871848867,251.30736219885867,248.8787819403649,Down,510
2026-01-12 19:40:00,245.08713572654523,246.8,245.0,245.8,245.71213379007403,246.23041092560675,251.25256257498944,248.8787819403649,Down,750
2026-01-12 19:50:00,245.44356786327265,246.0,244.9,245.475,245.69057617279458,246.20078696773982,251.19507439016368,248.8787819403649,Down,580
2026-01-12 20:00:00,245.45928393163632,245.6,244.3,244.825,245.61188742981324,246.14683453763237,251.13169056538595,248.8787819403649,Down,385
2026-01-12 20:10:00,245.14214196581813,246.7,244.2,245.525,245.60398857255748,246.12244886948994,251.07590259956123,248.8787819403649,Down,991
2026-01-12 20:20:00,245.33357098290907,246.9,245.33357098290907,246.275,245.66498961141588,246.12843126676486,251.02813242444122,248.8787819403649,Down,688
2026-01-12 20:30:00,245.8042854914545,246.8,245.8,246.175,245.71135419219624,246.13025749159763,250.97984254957117,248.8787819403649,Down,552
2026-01-12 20:40:00,245.98964274572728,247.0,245.98964274572728,246.45,245.7785038110875,246.14279641349577,250.93476948937646,248.8787819403649,Down,315
2026-01-12 20:50:00,246.21982137286363,247.1,245.8,246.325,245.8281852828068,246.1499416521822,250.88890113624836,248.8787819403649,Down,544
2026-01-12 21:00:00,246.27241068643184,246.9,245.9,246.4,245.88016843891526,246.15974786190054,250.84423545330063,248.8787819403649,Down,212
2026-01-12 21:10:00,246.3362053432159,247.0,246.3362053432159,246.75,245.9592440353775,246.18289500457112,250.80349679207376,248.8787819403649,Down,163
2026-01-12 21:20:00,246.54310267160795,247.5,246.3,246.95,246.0493127594341,246.2129775534115,250.76515354041132,248.8787819403649,Down,251
2026-01-12 21:30:00,246.746551335804,248.1,245.8,246.775,246.11528432675826,246.23501764935617,250.72545052010872,248.8787819403649,Down,614
2026-01-12 21:40:00,246.760775667902,246.8,245.2,246.05,246.10934938796206,246.22776205526378,250.67892862438626,248.8787819403649,Down,530
2026-01-12 21:50:00,246.40538783395093,247.3,246.2,246.62500000000003,246.15622671632914,246.24334001388087,250.63859102613367,248.8787819403649,Down,357
2026-01-12 22:00:00,246.5151939169755,248.8,246.3,247.575,246.28520610575376,246.29556197412086,250.60810753333632,248.8787819403649,Down,641
2026-01-12 22:10:00,247.04509695848776,250.0,247.04509695848776,249.2,246.55018736886706,246.4094615045475,250.59409651310415,242.004294014233,Up,1028
2026-01-12 22:20:00,248.1225484792439,250.2,248.1225484792439,249.575,246.82517033533367,246.53360026907504,250.58395624929216,242.48015144570076,Up,730
2026-01-12 22:30:00,248.84877423962195,249.6,248.84877423962195,249.425,247.06151848666698,246.6469884938172,250.57242434631414,242.87746612156332,Up,180
2026-01-12 22:40:00,249.13688711981092,249.7,249.1,249.425,247.27638044242454,246.75593012151063,250.56100718863937,243.41189000159304,Up,273
2026-01-12 22:50:00,249.2809435599055,249.6,248.3,249.1,247.44216403856777,246.84785443047102,250.54646980367778,243.41189000159304,Up,274
2026-01-12 23:00:00,249.1904717799528,249.8,248.8,249.2,247.60196730778887,246.94009543319765,250.53307209418847,243.5577603318951,Up,313
2026-01-12 23:10:00,249.1952358899764,250.6,248.9,249.775,247.79951573435352,247.05126816130755,250.52552908827616,243.9116003017228,Up,474
2026-01-12 23:20:00,249.4851179449882,251.9,249.4851179449882,250.975,248.08819612213955,247.20513999811902,250.53000143565652,244.506783954056,Up,749
2026-01-12 23:30:00,250.23005897249408,251.3,250.2,250.775,248.33245102012688,247.34513450799673,250.53243923231668,244.72656816505625,Up,407
2026-01-12 23:40:00,250.50252948624703,251.8,250.50252948624703,251.175,248.59086456375172,247.49532531160472,250.53883287179613,245.20361016090087,Up,246
2026-01-12 23:50:00,250.8387647431236,253.0,250.8387647431236,252.3,248.92805869431973,247.68374392683592,250.55635692282306,245.72651993067706,Up,526
2026-01-13 00:00:00,251.56938237156177,253.0,251.56938237156177,252.875,249.28687154029066,247.88732259637177,250.57942799821788,246.13459164736267,Up,158
2026-01-13 09:00:00,252.2221911857809,254.0,252.2,253.375,249.65851958208242,248.1025256318082,250.60724463505153,246.85445496507432,Up,114
2026-01-13 09:10:00,252.7985955928904,254.4,252.7985955928904,253.875,250.0418359837113,248.32889717565888,250.63975961380726,247.33920070756383,Up,644
2026-01-13 09:20:00,253.3367977964452,254.3,253.3367977964452,254.075,250.40848725791935,248.55423454131932,250.6739411101873,247.77714619794688,Up,200
2026-01-13 09:30:00,253.7058988982226,254.1,253.4,253.85,250.72135205265397,248.76191161813034,250.70554368620535,248.003406636113,Up,155
2026-01-13 09:40:00,253.7779494491113,254.0,253.7,253.875,251.00804732059453,248.9624248880076,250.7370805649496,248.51673330555727,Up,82
2026-01-13 09:50:00,253.8264747245556,253.9,253.2,253.575,251.24140665508594,249.1433101865171,250.76531856927846,248.51673330555727,Up,131
2026-01-13 10:00:00,253.7007373622778,253.7007373622778,253.2,253.5,251.44673332280541,249.314160767438,250.79252932978315,248.62921898374637,Up,138
2026-01-13 10:10:00,253.6003686811389,253.9,253.2,253.65,251.64703029345947,249.48419367851886,250.82096187376544,248.91259118418859,Up,81
2026-01-13 10:20:00,253.62518434056943,254.3,253.62518434056943,253.975,251.85866390314496,249.66030373034167,250.8523453377081,249.5013784615723,Up,127
2026-01-13 10:30:00,253.8000921702848,254.2,253.6,253.95,252.04878536649542,249.82852711346553,250.88316777215877,249.62616935571597,Up,78
2026-01-13 10:40:00,253.8750460851424,254.3,253.8,254.02500000000003,252.22844124226856,249.99309467764337,250.9144297843761,249.9828812324691,Up,107
2026-01-13 10:50:00,253.9500230425712,254.3,253.7,254.075,252.39631022024415,250.15316939616716,250.94587824423306,250.0844374840628,Up,139
2026-01-13 11:00:00,254.0125115212856,254.3,253.9,254.15,252.5557365638583,250.30990785121944,250.97776005274815,250.39494316732984,Up,73
2026-01-13 11:10:00,254.0812557606428,254.3,252.3,253.475,252.63930596714388,250.43402911195594,251.0026082114273,250.39494316732984,Up,353
2026-01-13 11:20:00,253.7781278803214,254.0,252.7,253.35,252.70391451558535,250.54838091148707,251.0259653436519,250.39494316732984,Up,159
2026-01-13 11:30:00,253.5640639401607,254.2,253.0,253.725,252.79674046871395,250.6729542090758,251.05282140988425,250.39494316732984,Up,187
2026-01-13 11:40:00,253.64453197008035,255.8,253.64453197008035,254.75000000000003,252.97430951701267,250.83283835773952,251.08960925655205,250.39494316732984,Up,451
2026-01-13 11:50:00,254.1972659850402,256.2,254.1972659850402,255.2,253.17664501546605,251.00409959861247,251.13050866693462,250.39494316732984,Up,480
2026-01-13 12:00:00,254.6986329925201,256.1,254.3,254.975,253.34013183224187,251.1598211829806,251.16876231203977,250.39494316732984,Up,292
2026-01-13 12:10:00,254.83681649626004,256.6,254.6,255.525,253.53875621112894,251.33100466600098,251.2121079606762,250.39494316732984,Up,195
2026-01-13 12:20:00,255.18090824813004,257.6,255.18090824813004,256.675,253.8238692828445,251.54057311047154,251.26646509539586,250.58674060978538,Up,486
2026-01-13 12:30:00,255.92795412406505,257.3,255.92795412406505,257.0,254.11260843894954,251.75466828260994,251.32351519394916,250.83894809416554,Up,183
2026-01-13 12:40:00,256.46397706203254,257.4,256.46397706203254,256.90000000000003,254.3660076717723,251.9564459970174,251.37900260495465,251.34159021914905,Up,202
2026-01-13 12:50:00,256.68198853101626,256.8,256.2,256.5,254.56000697433845,252.13462458536966,251.4299578029153,251.34159021914905,Up,220
2026-01-13 13:00:00,256.59099426550813,256.59099426550813,255.4,255.9,254.68182452212585,252.28228636633557,251.4744358347271,251.34159021914905,Up,96
2026-01-13 13:10:00,256.24549713275405,256.24549713275405,255.1,255.325,254.74029502011442,252.40160846961652,251.51274990602337,251.34159021914905,Up,93
2026-01-13 13:20:00,255.78524856637705,256.4,254.9,255.65,254.82299547283128,252.52899637276883,251.55391657362514,251.34159021914905,Up,147
2026-01-13 13:30:00,255.7176242831885,256.7,255.7,256.225,254.95045042984663,252.6739376914838,251.60039501567863,251.34159021914905,Up,161
2026-01-13 13:40:00,255.97131214159427,256.1,255.2,255.85,255.0322276634969,252.79848915456287,251.64267964238832,251.34159021914905,Up,111
2026-01-13 13:50:00,255.9106560707972,256.8,255.9106560707972,256.45000000000005,255.16111605772446,252.94168565830552,251.6905136757974,251.37980815057603,Up,166
2026-01-13 14:00:00,256.1803280353986,257.0,256.1803280353986,256.65,255.29646914338588,253.08710975013668,251.7398617984263,251.7689015898237,Up,119
2026-01-13 14:10:00,256.4151640176993,256.5,255.9,256.2,255.37860831216895,253.2091838775823,251.78424128301907,251.7689015898237,Up,71
2026-01-13 14:20:00,256.30758200884964,256.7,255.9,256.225,255.4555530110627,253.32745117650066,251.82842793691938,251.77664262159047,Up,73
2026-01-13 14:30:00,256.26629100442483,257.0,256.26629100442483,256.57500000000005,255.5573209191479,253.45480603232417,251.87565750968636,252.23918424911284,Up,147
2026-01-13 14:40:00,256.42064550221244,256.7,256.2,256.475,255.64074629013444,253.57324501144873,251.92142211158006,252.27367158809128,Up,43
2026-01-13 14:50:00,256.44782275110623,256.7,256.4,256.54999999999995,255.72340571830404,253.68998050119586,251.9674776129574,252.64424689826475,Up,76
2026-01-13 15:00:00,256.4989113755531,257.0,256.4989113755531,256.77500000000003,255.8190051984582,253.8109616580117,252.01531365660958,253.01655700458207,Up,78
2026-01-13 15:10:00,256.6369556877765,256.8,256.4,256.625,255.89227745314383,253.92131610279557,252.06118118241446,253.06100119709592,Up,51
2026-01-13 15:20:00,256.6309778438883,256.8,256.4,256.525,255.94979768467618,254.02342135366635,252.10559729005212,253.23727381554173,Up,62
2026-01-13 15:30:00,256.5779889219441,256.5779889219441,256.2,256.325,255.98390698606926,254.1136793397971,252.14758139661876,253.23727381554173,Up,167
2026-01-13 15:40:00,256.45149446097207,256.5,256.2,256.35,256.0171881691539,254.20137818921683,252.18939650710018,253.3368415262513,Up,112
2026-01-13 15:50:00,256.40074723048605,256.8,256.2,256.5,256.06108015377623,254.29152022101226,252.232288084144,253.54258320568297,Up,83
2026-01-13 16:00:00,256.45037361524305,256.8,256.45037361524305,256.725,256.1214365034329,254.38695080058042,252.2769916852968,253.80948921833078,Up,78
2026-01-13 16:10:00,256.58768680762154,256.9,256.4,256.725,256.1763059122117,254.47863900447922,252.32125047449782,253.9084567370084,Up,65
2026-01-13 16:20:00,256.65634340381075,257.5,256.65634340381075,257.125,256.2625508292834,254.5824178670487,252.36904897723915,254.27907542784422,Up,304
2026-01-13 16:30:00,256.8906717019054,258.3,256.8906717019054,257.82500000000005,256.4045916629849,254.70957795069387,252.42333704711737,254.53821985704448,Up,392
2026-01-13 16:40:00,257.3578358509527,259.7,257.3578358509527,258.79999999999995,256.62235605725897,254.86998665850982,252.48678642973312,254.89802551317896,Up,557
2026-01-13 16:50:00,258.07891792547633,260.5,258.07891792547633,259.925,256.92259641568995,255.06822247582315,252.56079850505915,255.10825419718654,Up,547
2026-01-13 17:00:00,259.0019589627382,260.8,259.0019589627382,260.325,257.2319058324454,255.27437061402617,252.6380542413272,255.4460511354996,Up,374
2026-01-13 17:10:00,259.6634794813691,261.0,259.6634794813691,260.35,257.51536893858673,255.47341490367222,252.7147900200205,255.7957974194829,Up,407
2026-01-13 17:20:00,260.00673974068457,261.5,260.0,260.725,257.8071535805334,255.6793594172537,252.79449360191083,256.0809615261803,Up,631
2026-01-13 17:30:00,260.3658698703423,261.5,260.3658698703423,261.275,258.12241234593944,255.8987963028516,252.87887675015054,256.27594354818683,Up,334
2026-01-13 17:40:00,260.82043493517114,261.5,260.7,261.20000000000005,258.4021930417631,256.10668664391625,252.96167399641772,256.5754623754688,Up,372
2026-01-13 17:50:00,261.0102174675856,261.8,260.7,261.15000000000003,258.6519936743301,256.30446363827247,253.04314987705038,256.7367839776989,Up,604
2026-01-13 18:00:00,261.0801087337928,261.8,260.7,261.25,258.8881760675728,256.49840624069316,253.12481007727874,256.7470763433626,Up,307
2026-01-13 18:10:00,261.1650543668964,261.8,261.1650543668964,261.8,259.15288733415707,256.70631187831304,253.21113037501726,257.1580709017402,Up,132
2026-01-13 18:20:00,261.4825271834482,263.3,261.4825271834482,262.32500000000005,259.4412612128701,256.92665258896744,253.3018156449176,257.79904049324347,Up,359
2026-01-13 18:30:00,261.9037635917241,262.5,261.6,262.075,259.68069201170005,257.1285485658707,253.38911101163487,257.79904049324347,Up,490
2026-01-13 18:40:00,261.9893817958621,263.4,261.6,262.35,259.92335637427277,257.3333113672091,253.47827408614597,257.79904049324347,Up,582
2026-01-13 18:50:00,262.16969089793105,263.5,262.16969089793105,262.675,260.1735057947934,257.5427893528087,253.5697837967316,258.03537685100764,Up,393
2026-01-13 19:00:00,262.4223454489656,262.7,260.0,261.525,260.2963689043576,257.698954476228,253.64894017686365,258.03537685100764,Up,950
2026-01-13 19:10:00,261.97367272448275,261.97367272448275,259.3,260.25,260.292153549416,257.79899547716025,253.71462236415854,258.03537685100764,Up,782
2026-01-13 19:20:00,261.1118363622414,262.7,259.8,261.25,260.3792304994691,257.93432898785983,253.78960124610722,258.03537685100764,Up,683
2026-01-13 19:30:00,261.18091818112066,262.7,258.6,260.575,260.39702772679004,258.0378847138261,253.8571176516186,258.03537685100764,Up,1008
2026-01-13 19:40:00,260.87795909056035,260.87795909056035,256.8,257.9,260.17002520617274,258.03247747014666,253.89734533667712,264.3559078272385,Down,1215
2026-01-13 19:50:00,259.38897954528016,259.38897954528016,255.8,256.6,259.84547746015704,257.9763018830821,253.92423742287937,264.3559078272385,Down,827
2026-01-13 20:00:00,257.99448977264007,257.99448977264007,255.2,256.0,259.49588860014273,257.89879984845146,253.94489177688058,264.3559078272385,Down,639
2026-01-13 20:10:00,256.99724488632,256.99724488632,254.4,255.65,259.1462623637661,257.8106116191004,253.9618580278569,264.3559078272385,Down,877
2026-01-13 20:20:00,256.32362244316,256.32362244316,254.1,255.075,258.77614760342374,257.7033327320769,253.97293406738072,264.225560907781,Down,585
2026-01-13 20:30:00,255.69931122158,256.3,254.6,255.525,258.4805887303852,257.6179079190543,253.98837750949633,264.225560907781,Down,523
2026-01-13 20:40:00,255.61215561079,257.8,255.61215561079,256.82500000000005,258.33008066398656,257.5868134908561,254.01660260890435,264.225560907781,Down,607
2026-01-13 20:50:00,256.218577805395,257.5,256.218577805395,257.025,258.2114369672605,257.5647815892539,254.04653691130332,264.225560907781,Down,226
2026-01-13 21:00:00,256.6217889026975,257.1,255.3,256.45,258.0513063338732,257.52106466418513,254.07045196691226,264.225560907781,Down,931
2026-01-13 21:10:00,256.5358944513488,258.4,256.0,257.325,257.9852784853392,257.5133758538249,254.10283552943056,264.225560907781,Down,673
2026-01-13 21:20:00,256.9304472256744,259.6,256.9304472256744,259.07500000000005,258.0843440775811,257.57461601642007,254.15230980276957,264.225560907781,Down,819
2026-01-13 21:30:00,258.0027236128372,259.4,257.9,258.85,258.15394916143737,257.6246310745997,254.19905298881167,264.225560907781,Down,430
2026-01-13 21:40:00,258.42636180641864,260.0,258.1,259.275,258.255862874034,257.6893514246154,254.2495599242464,264.225560907781,Down,491
2026-01-13 21:50:00,258.8506809032093,260.4,258.8,259.525,258.3712389763945,257.76133764325795,254.3020518652987,264.225560907781,Down,497
2026-01-13 22:00:00,259.18784045160464,259.3,256.4,258.15,258.3511263421768,257.77657930430667,254.34033990644,264.225560907781,Down,1217
2026-01-13 22:10:00,258.6689202258023,258.6689202258023,257.2,257.925,258.3123875837971,257.78239972374564,254.3760081660774,264.225560907781,Down,452
2026-01-13 22:20:00,258.2969601129012,259.1,257.8,258.45000000000005,258.3248978034519,257.80858012673605,254.41654539825578,264.225560907781,Down,189
2026-01-13 22:30:00,258.3734800564506,259.5,258.3734800564506,259.05,258.3908161849563,257.85726325902095,254.4626494241438,264.225560907781,Down,338
2026-01-13 22:40:00,258.71174002822534,260.2,258.2,259.0,258.44619653177847,257.9020764645495,254.50779719106774,264.225560907781,Down,621
2026-01-13 22:50:00,258.85587001411267,258.9,257.7,258.325,258.43517866525315,257.9186617012339,254.54577930856956,264.225560907781,Down,288
2026-01-13 23:00:00,258.5904350070563,258.5904350070563,256.7,257.5,258.3501624229574,257.90224359530316,254.57517453933008,264.225560907781,Down,452
2026-01-13 23:10:00,258.0452175035282,258.2,256.4,257.475,258.27060220268856,257.88548894450696,254.6040285240134,264.225560907781,Down,458
2026-01-13 23:20:00,257.7601087517641,258.5,257.7,258.075,258.2528201842623,257.89292075060473,254.6385655536252,264.225560907781,Down,345
2026-01-13 23:30:00,257.91755437588205,258.2,256.7,257.775,258.20938198569297,257.88829640744376,254.6697738565742,264.225560907781,Down,479
2026-01-13 23:40:00,257.84627718794104,260.1,257.84627718794104,258.65,258.24943816881176,257.9181671365636,254.7093780968073,264.225560907781,Down,792
2026-01-13 23:50:00,258.2481385939705,259.4,257.2,258.25,258.24948924437433,257.93118019003174,254.7446081654958,264.225560907781,Down,511
2026-01-14 00:00:00,258.2490692969852,259.6,258.1,258.85,258.3040811312494,257.96721233944226,254.7854578354909,264.225560907781,Down,376
2026-01-14 09:00:00,258.5495346484926,260.0,258.3,259.425,258.40598284659035,258.02438048299354,254.83162243414273,264.225560907781,Down,33
2026-01-14 09:10:00,258.9872673242463,260.0,258.9872673242463,259.6,258.5145298605367,258.08616948366046,254.87906897708658,264.225560907781,Down,264
2026-01-14 09:20:00,259.2936336621232,260.1,258.8,259.5,258.6041180550333,258.14161381763455,254.9250483902499,264.225560907781,Down,271
2026-01-14 09:30:00,259.3968168310616,259.5,259.0,259.325,258.66965277730304,258.1880211189038,254.96882900328225,264.225560907781,Down,146
2026-01-14 09:40:00,259.3609084155308,259.8,259.3,259.575,258.7519570702755,258.2424124475742,255.0146615505133,264.225560907781,Down,146
2026-01-14 09:50:00,259.4679542077654,260.1,259.4679542077654,259.85,258.85177915479596,258.305455096689,255.0627743709062,264.225560907781,Down,281
2026-01-14 10:00:00,259.6589771038827,260.5,259.6589771038827,260.17499999999995,258.9720719589054,258.37877058309334,255.1136422876136,264.225560907781,Down,239
2026-01-14 10:10:00,259.91698855194136,261.0,259.91698855194136,260.625,259.1223381444595,258.46685801120736,255.16848166783637,264.225560907781,Down,232
2026-01-14 10:20:00,260.2709942759707,260.8,260.2709942759707,260.54999999999995,259.25212558587225,258.5485498539051,255.22202911392756,264.225560907781,Down,85
2026-01-14 10:30:00,260.4104971379853,260.8,260.3,260.5,259.3655687144293,258.6250773106147,255.27454623717207,264.225560907781,Down,68
2026-01-14 10:40:00,260.45524856899266,261.1,260.45524856899266,260.75,259.49142610402663,258.70840761215925,255.3290283641654,264.225560907781,Down,186
2026-01-14 10:50:00,260.6026242844963,260.9,260.2,260.675,259.5990237309333,258.7855288822707,255.38222211178567,264.225560907781,Down,116
2026-01-14 11:00:00,260.6388121422482,261.2,260.6,260.85,259.712748846303,258.8664885339464,255.43662786191715,264.225560907781,Down,220
2026-01-14 11:10:00,260.7444060711241,261.1,260.3,260.65,259.7979534966391,258.93643016006615,255.48850221154981,264.225560907781,Down,56
2026-01-14 11:20:00,260.69720303556204,260.8,260.3,260.45000000000005,259.85723045149007,258.99578584006355,255.53787034874833,264.225560907781,Down,114
2026-01-14 11:30:00,260.57360151778107,260.57360151778107,260.2,260.35,259.9020276831728,259.0488922777081,255.58575223582548,264.1052047698059,Down,39
2026-01-14 11:40:00,260.46180075889055,261.3,260.4,260.775,259.98138880288434,259.1165827766215,255.63738654193668,264.1052047698059,Down,173
2026-01-14 11:50:00,260.61840037944523,261.9,259.8,260.625,260.039898911713,259.1757363932246,255.6870145365443,264.1052047698059,Down,629
2026-01-14 12:00:00,260.6217001897226,260.6217001897226,258.3,259.375,259.9794535561027,259.18355065231384,255.723710909315,264.07971110982396,Down,387
2026-01-14 12:10:00,259.9983500948613,259.9983500948613,257.4,258.275,259.82450323282063,259.1479212149682,255.74909687041637,263.8429941864372,Down,339
2026-01-14 12:20:00,259.13667504743063,259.13667504743063,258.0,258.5,259.7040938480187,259.1225125398714,255.77646904086,263.6578731218778,Down,168
2026-01-14 12:30:00,258.8183375237153,259.2,258.5,258.79999999999995,259.62190349819883,259.1098649892882,255.8065539260256,263.6578731218778,Down,83
2026-01-14 12:40:00,258.8091687618576,259.1,258.6,258.85,259.55173045290803,259.09967420539454,255.8368369715378,263.46945090757237,Down,35
2026-01-14 12:50:00,258.82958438092885,259.4,258.8,259.075,259.50839132082547,259.0987065894967,255.86905749918418,263.46945090757237,Down,86
2026-01-14 13:00:00,258.9522921904644,259.2,257.7,258.40000000000003,259.4076284734777,259.0713063310851,255.894241006655,263.0115296756796,Down,233
2026-01-14 13:10:00,258.6761460952322,258.6761460952322,257.1,257.5,259.23420770316153,259.00968647496416,255.91021870808132,262.6080622419547,Down,160
2026-01-14 13:20:00,258.0880730476161,258.0880730476161,257.2,257.425,259.0697342756014,258.9475419073185,255.92529115874717,262.25787144506717,Down,138
2026-01-14 13:30:00,257.75653652380805,257.75653652380805,257.3,257.475,258.9247584323649,258.88979516585505,255.94071114721737,261.8886769262516,Down,75
2026-01-14 13:40:00,257.615768261904,257.615768261904,256.0,256.85,258.73614402942263,258.8098031985666,255.9497587974938,261.3594441028695,Down,313
2026-01-14 13:50:00,257.232884130952,257.232884130952,256.4,256.675,258.5487672994751,258.72608542607384,255.95697512786703,261.2570908148381,Down,238
2026-01-14 14:00:00,256.953942065476,257.3,256.5,256.79999999999995,258.38978845406825,258.650552664267,255.96536343505244,261.22786249942004,Down,333
2026-01-14 14:10:00,256.876971032738,257.0,255.5,256.3,258.1998076855166,258.55837412841345,255.9686931521166,260.72987499947277,Down,314
2026-01-14 14:20:00,256.588485516369,257.2,255.6,256.35,258.0316433504696,258.4717712214168,255.9724872501055,260.72987499947277,Down,235
2026-01-14 14:30:00,256.4692427581845,257.0,256.4692427581845,256.8,257.9196757731542,258.406211565675,255.98072120781592,260.72987499947277,Down,55
2026-01-14 14:40:00,256.63462137909227,257.2,256.2,256.8,257.81788706650383,258.343222876825,255.98887323559887,260.72987499947277,Down,154
2026-01-14 14:50:00,256.71731068954614,257.2,256.71731068954614,257.0,257.74353369682166,258.29054746989067,255.99893419842877,260.72987499947277,Down,159
2026-01-14 15:00:00,256.85865534477307,257.1,256.7,256.875,257.6645760880197,258.2350358044048,256.0076512710812,260.72987499947277,Down,42
2026-01-14 15:10:00,256.86682767238653,257.3,256.5,256.95,257.59961462547244,258.18464224344774,256.0170278753491,260.72987499947277,Down,205
2026-01-14 15:20:00,256.9084138361933,258.2,256.9084138361933,257.65,257.6041951140659,258.1636758809596,256.03327635420135,260.72987499947277,Down,153
2026-01-14 15:30:00,257.27920691809663,258.6,257.27920691809663,258.325,257.66972283096896,258.1700023170004,256.05607957455754,260.72987499947277,Down,168
2026-01-14 15:40:00,257.80210345904834,259.1,257.80210345904834,258.675,257.7611116645172,258.1898061477063,256.08213848426345,260.72987499947277,Down,200
2026-01-14 15:50:00,258.23855172952415,259.0,258.2,258.625,257.8396469677429,258.20687257328643,256.10744058889765,260.72987499947277,Down,144
2026-01-14 16:00:00,258.4317758647621,259.5,258.3,258.975,257.9428608797663,258.2369952174713,256.13597351836137,260.72987499947277,Down,207
2026-01-14 16:10:00,258.703387932381,260.7,258.703387932381,259.92499999999995,258.12305534524205,258.30319148345285,256.17367527439757,260.72987499947277,Down,681
2026-01-14 16:20:00,259.3141939661905,260.4,259.0,259.65,258.2618684956746,258.3560075037096,256.2082655701747,260.72987499947277,Down,274
2026-01-14 16:30:00,259.48209698309523,259.48209698309523,258.5,258.875,258.31760772334053,258.37636015062293,256.23480024111825,260.72987499947277,Down,183
2026-01-14 16:40:00,259.17854849154764,260.5,258.0,259.375,258.41373429394594,258.4155224976573,256.2660460098633,260.72987499947277,Down,361
2026-01-14 16:50:00,259.2767742457738,260.6,259.2767742457738,260.025,258.5602129944963,258.4786392624551,256.30344853712836,260.72987499947277,Down,166
2026-01-14 17:00:00,259.6508871228869,259.7,258.8,259.325,258.6297390859057,258.51182987961374,256.33351372581365,260.72987499947277,Down,132
2026-01-14 17:10:00,259.48794356144344,259.48794356144344,256.7,258.125,258.58385371445974,258.4966600804132,256.35133945988514,260.72987499947277,Down,525
2026-01-14 17:20:00,258.8064717807217,258.8064717807217,257.0,257.475,258.48304883132704,258.45659497922054,256.36252016177684,260.72987499947277,Down,273
2026-01-14 17:30:00,258.1407358903609,258.1407358903609,257.2,257.525,258.3959534830246,258.4200618427805,256.37408712534125,260.72987499947277,Down,357
2026-01-14 17:40:00,257.8328679451804,258.0,257.3,257.54999999999995,258.3190486209314,258.38594177051465,256.38578775095976,260.72987499947277,Down,261
2026-01-14 17:50:00,257.6914339725902,257.8,256.3,257.125,258.21049874630125,258.33649307363174,256.39314309672136,260.72987499947277,Down,561
2026-01-14 18:00:00,257.4082169862951,257.4082169862951,256.2,256.57500000000005,258.06181704209206,258.2674149138815,256.39495261814704,260.72987499947277,Down,486
2026-01-14 18:10:00,256.9916084931476,256.9916084931476,253.9,255.375,257.8175609473564,258.15398687804304,256.38480383587694,260.72987499947277,Down,750
2026-01-14 18:20:00,256.1833042465738,256.1833042465738,253.7,254.375,257.5046008612331,258.00579131419823,256.36480578775877,260.72987499947277,Down,411
2026-01-14 18:30:00,255.2791521232869,255.2791521232869,253.3,254.175,257.20190987384825,257.8555642038375,256.34301667544275,260.72987499947277,Down,605
2026-01-14 18:40:00,254.72707606164343,254.72707606164343,251.7,252.875,256.80855443077115,257.6602479605498,256.3085090468314,260.22474583556624,Down,1097
2026-01-14 18:50:00,253.80103803082173,253.80103803082173,251.0,252.075,256.37823130070103,257.4412186287635,256.2663845787037,259.7929035763865,Down,584
2026-01-14 19:00:00,252.93801901541087,252.93801901541087,250.5,251.6,255.94384663700095,257.21215123155713,256.21995289135344,259.32591147783273,Down,672
2026-01-14 19:10:00,252.26900950770545,252.26900950770545,250.1,250.725,255.4694060336372,256.9577531440451,256.1652767431808,258.88860091131585,Down,550
2026-01-14 19:20:00,251.4970047538527,251.4970047538527,249.8,250.3,254.99946003057926,256.69666478545514,256.10691578056213,258.26931879420295,Down,517
2026-01-14 19:30:00,250.8985023769264,250.8985023769264,248.5,249.475,254.49723639143568,256.4134622448491,256.0409265688152,257.49944879577873,Down,607
2026-01-14 19:40:00,250.1867511884632,250.1867511884632,247.4,248.3,253.9338512649415,256.095287254855,255.9639024238519,256.8978283966869,Down,1024
2026-01-14 19:50:00,249.2433755942316,249.2433755942316,247.0,247.725,253.3694102408559,255.7670406958411,255.88192329525634,256.3051451063412,Down,585
2026-01-14 20:00:00,248.4841877971158,248.4841877971158,247.0,247.525,252.8381002189599,255.44382341365127,255.7987698296319,255.7213051968049,Down,604
2026-01-14 20:10:00,248.0045938985579,248.5,247.3,247.9,252.38918201723627,255.14798720135124,255.72017510495897,255.59019208931548,Down,417
2026-01-14 20:20:00,247.9522969492789,248.7,247.5,248.125,252.00152910657843,254.87257593855315,255.64460122331758,255.52744735392315,Down,424
2026-01-14 20:30:00,248.03864847463947,248.3,247.5,247.925,251.63093555143493,254.60012198017853,255.56778927084676,254.94313395811196,Down,426
2026-01-14 20:40:00,247.98182423731976,247.98182423731976,246.4,247.2,251.2281232285772,254.30992111821075,255.48452768606222,254.16896998505973,Down,533
2026-01-14 20:50:00,247.59091211865987,247.9,246.9,247.45,250.88465748052474,254.04090460377114,255.4045821369472,254.10732533309078,Down,305
2026-01-14 21:00:00,247.52045605933,247.7,246.1,246.9,250.52241589138612,253.76086912911347,255.3199594291169,253.57938666644614,Down,400
2026-01-14 21:10:00,247.21022802966496,247.21022802966496,246.1,246.325,250.14083262853285,253.46926641816785,255.2304573452451,253.13100299511623,Down,361
2026-01-14 21:20:00,246.76761401483247,246.76761401483247,244.5,245.625,249.73030238957531,253.1616481272593,255.13488065524265,252.34556572215877,Down,710
2026-01-14 21:30:00,246.19630700741624,246.19630700741624,244.6,245.15,249.31391126325028,252.84746584775894,255.03552860892185,252.0802276107163,Down,324
2026-01-14 21:40:00,245.6731535037081,245.6731535037081,243.7,244.25,248.85355569386388,252.5103103243174,254.92820991629577,251.4786999413917,Down,539
2026-01-14 21:50:00,244.96157675185404,244.96157675185404,243.9,244.2,248.43050517623988,252.18441580179515,254.8214615589197,250.99147373072637,Down,353
2026-01-14 22:00:00,244.58078837592703,244.58078837592703,243.0,243.7,248.00045925112715,251.8516936134895,254.71080024987575,250.3294857381182,Down,763
2026-01-14 22:10:00,244.14039418796352,244.14039418796352,243.0,243.275,247.57087204647922,251.51535268747028,254.59701119266305,249.9295145715637,Down,749
2026-01-14 22:20:00,243.70769709398172,243.70769709398172,240.1,241.7,247.0371564058902,251.1304368958048,254.4686827230843,248.99693610624047,Down,534
2026-01-14 22:30:00,242.70384854699088,242.70384854699088,240.8,241.6,246.54286945990017,250.7566942724399,254.34063612882477,248.89249425353725,Down,697
2026-01-14 22:40:00,242.15192427349547,243.0,241.5,242.425,246.16851769081833,250.42996116371677,254.22207258525438,248.89249425353725,Down,499
2026-01-14 22:50:00,242.2884621367477,243.7,242.2884621367477,243.25,245.90319790074395,250.1483940592573,254.11289773365982,248.89249425353725,Down,437
2026-01-14 23:00:00,242.76923106837387,244.9,242.76923106837387,244.15,245.74381627340358,249.91316291967857,254.01376442287716,248.89249425353725,Down,368
2026-01-14 23:10:00,243.45961553418687,245.3,243.0,244.025,245.5875602485487,249.68225456988725,253.9143737321023,248.89249425353725,Down,490
2026-01-14 23:20:00,243.74230776709345,243.74230776709345,242.3,243.025,245.35460022595336,249.42118576322503,253.80602175466845,248.89249425353725,Down,375
2026-01-14 23:30:00,243.3836538835467,243.9,242.8,243.475,245.18372747813942,249.18800200780447,253.70322551830358,248.89249425353725,Down,373
2026-01-14 23:40:00,243.42932694177333,244.4,242.8,243.525,245.0329340710358,248.96592349769452,253.60194964249956,248.89249425353725,Down,326
2026-01-14 23:50:00,243.4771634708867,243.4771634708867,241.9,242.6,244.81175824639618,248.7162794389614,253.49247750675332,248.89249425353725,Down,618
2026-01-15 00:00:00,243.03858173544336,243.03858173544336,241.8,242.1,244.56523476945105,248.45681750017863,253.37911952161153,248.89249425353725,Down,304
2026-01-15 17:00:00,242.5692908677217,248.0,242.5692908677217,246.275,244.72066797222823,248.3712560295834,253.3084317651776,248.89249425353725,Down,173
2026-01-15 17:10:00,244.4221454338609,249.2,244.4221454338609,247.825,245.00287997475291,248.3498342245017,253.25387025507635,248.89249425353725,Down,893
2026-01-15 17:20:00,246.12357271693045,250.0,246.12357271693045,248.5,245.3207999770481,248.35572307844282,253.20656806348356,248.89249425353725,Down,833
2026-01-15 17:30:00,247.3117863584652,248.7,247.3117863584652,248.35,245.59618179731643,248.3554986439941,253.1582440031504,248.89249425353725,Down,493
2026-01-15 17:40:00,247.8308931792326,248.6,246.7,247.775,245.79425617937858,248.33273399128848,253.10467938620363,248.89249425353725,Down,893
2026-01-15 17:50:00,247.80294658961628,248.1,247.2,247.55,245.9538692539805,248.30203854064973,253.0494089445499,248.89249425353725,Down,472
2026-01-15 18:00:00,247.6764732948081,249.7,247.2,248.3,246.167153867255,248.30195859787918,253.00215114410662,248.89249425353725,Down,740
2026-01-15 18:10:00,247.98823664740405,249.5,247.5,248.35,246.36559442477727,248.30384257443296,252.95586108297124,248.89249425353725,Down,649
2026-01-15 18:20:00,248.16911832370204,248.2,245.6,247.025,246.42554038616115,248.25369188523953,252.89684753985713,248.89249425353725,Down,872
2026-01-15 18:30:00,247.597059161851,247.9,246.5,247.075,246.4845821692374,248.20746867405367,252.83891870861478,248.89249425353725,Down,532
2026-01-15 18:40:00,247.3360295809255,248.0,246.0,247.125,246.542801972034,248.16501892213,252.78206379609125,248.89249425353725,Down,631
2026-01-15 18:50:00,247.2305147904628,248.0,246.9,247.325,246.61391088366724,248.1320770036151,252.7277646538416,248.89249425353725,Down,318
2026-01-15 19:00:00,247.27775739523136,247.27775739523136,244.0,245.575,246.5194644396975,248.0317994740616,252.6565928662412,248.89249425353725,Down,889
2026-01-15 19:10:00,246.4263786976157,246.4263786976157,243.8,244.55,246.3404222179068,247.89525831821604,252.5759302506567,248.89249425353725,Down,490
2026-01-15 19:20:00,245.48818934880785,245.48818934880785,243.0,243.775,246.10720201627888,247.73367956063893,252.48835880537655,248.89249425353725,Down,571
2026-01-15 19:30:00,244.6315946744039,244.6315946744039,242.5,243.45,245.86563819661714,247.5656921268884,252.3984248869151,248.89249425353725,Down,621
2026-01-15 19:40:00,244.04079733720195,244.04079733720195,242.9,243.4,245.64148926965194,247.40233165132415,252.30888832087615,248.89249425353725,Down,486
2026-01-15 19:50:00,243.72039866860092,243.72039866860092,240.8,242.45,245.35135388150175,247.2081225669585,252.21078992962367,248.89249425353725,Down,897
2026-01-15 20:00:00,243.08519933430048,243.08519933430048,241.2,242.1,245.05577625591067,247.00780403492092,252.11018505470207,248.89249425353725,Down,383
2026-01-15 20:10:00,242.59259966715024,242.59259966715024,240.6,241.55,244.73706932355515,246.79377250413972,252.00510858649608,248.89249425353725,Down,625
2026-01-15 20:20:00,242.07129983357515,242.3,241.1,241.725,244.46324483959557,246.5949971118205,251.90281894881952,248.89249425353725,Down,400
2026-01-15 20:30:00,241.8981499167876,243.2,241.5,242.45,244.28022258145052,246.4324482054746,251.8087610488313,248.89249425353725,Down,422
2026-01-15 20:40:00,242.17407495839376,244.2,242.17407495839376,243.375,244.19792961950046,246.31254827584814,251.72484302844492,248.89249425353725,Down,572
2026-01-15 20:50:00,242.77453747919688,244.4,242.77453747919688,243.65,244.14811783590952,246.20813461797175,251.6444963316445,248.89249425353725,Down,425
2026-01-15 21:00:00,243.2122687395984,244.5,240.5,242.425,243.99147075991772,246.05977639765914,251.55276004973757,248.89249425353725,Down,693
2026-01-15 21:10:00,242.8186343697992,242.8186343697992,237.1,239.15,243.55133705447065,245.78880477422152,251.429349501979,248.89249425353725,Down,1909
2026-01-15 21:20:00,240.9843171848996,240.9843171848996,237.1,238.025,243.04894277679148,245.48434184189912,251.29597289001902,248.89249425353725,Down,917
2026-01-15 21:30:00,239.5046585924498,239.5046585924498,238.6,238.95,242.67631161526498,245.2280931422168,251.1731273886258,248.89249425353725,Down,431
2026-01-15 21:40:00,239.2273292962249,241.0,239.0,239.65,242.4011923775136,245.00934439154165,251.05846940465938,248.89249425353725,Down,765
2026-01-15 21:50:00,239.43866464811245,240.5,239.2,239.825,242.16699307046693,244.80603676834394,250.94669358968767,248.89249425353725,Down,382
2026-01-15 22:00:00,239.63183232405623,240.0,238.7,239.625,241.93590279133358,244.6028588558599,250.8340399221286,248.44998271617328,Down,655
2026-01-15 22:10:00,239.6284161620281,240.5,239.5,239.85,241.7462752648487,244.41647223406147,250.72474599255517,248.44998271617328,Down,252
2026-01-15 22:20:00,239.73920808101408,241.0,239.6,240.3,241.61479569531699,244.2550419503728,250.62101717670885,248.44998271617328,Down,275
2026-01-15 22:30:00,240.01960404050703,241.2,240.01960404050703,240.825,241.5429960866518,244.12053050133858,250.5235443689804,248.44998271617328,Down,199
2026-01-15 22:40:00,240.4223020202535,241.5,240.2,240.675,241.46408735150163,243.98541165814885,250.4255489026224,248.44998271617328,Down,256
2026-01-15 22:50:00,240.5486510101268,241.0,240.2,240.575,241.38326122863785,243.85167002449597,250.327533490656,247.95663011131126,Down,129
2026-01-15 23:00:00,240.56182550506333,241.0,240.1,240.7,241.32114657148895,243.72807512157456,250.23173713751515,247.56511828301024,Down,163
2026-01-15 23:10:00,240.63091275253169,244.0,240.63091275253169,242.225,241.40331506498995,243.66913099915988,250.15206811127123,247.56511828301024,Down,777
2026-01-15 23:20:00,241.42795637626585,244.7,241.42795637626585,243.675,241.6098318772636,243.66936115605557,250.08761967235313,247.56511828301024,Down,712
2026-01-15 23:30:00,242.55147818813293,244.3,242.55147818813293,243.85,241.81348352478506,243.67644503228868,250.02555380496653,247.56511828301024,Down,635
2026-01-15 23:40:00,243.20073909406648,245.6,243.20073909406648,244.625,242.0690759316228,243.71364326631658,249.9718169511858,247.56511828301024,Down,639
2026-01-15 23:50:00,243.91286954703324,245.2,243.6,244.475,242.28779630147525,243.7435003931277,249.9171222551541,247.56511828301024,Down,469
2026-01-16 00:00:00,244.19393477351665,245.5,244.0,244.775,242.51390572861385,243.78395135810308,249.86595685958045,247.56511828301024,Down,302
2026-01-16 09:00:00,244.4844673867583,246.3,244.4844673867583,245.425,242.77855066237623,243.84830620680492,249.821768234112,247.56511828301024,Down,93
2026-01-16 09:10:00,244.95473369337915,245.7,244.95473369337915,245.375,243.01459151125113,243.9081765516361,249.77752178402133,247.56511828301024,Down,408
2026-01-16 09:20:00,245.1648668466896,245.8,245.1,245.425,243.23371955568282,243.96765982412097,249.73421310955345,247.56511828301024,Down,249
2026-01-16 09:30:00,245.2949334233448,245.9,245.2949334233448,245.5,243.43974505062073,244.02775159572408,249.69208163582655,247.56511828301024,Down,169
2026-01-16 09:40:00,245.3974667116724,245.7,245.2,245.425,243.62022277329157,244.08254565079375,249.649623112087,247.56511828301024,Down,108
2026-01-16 09:50:00,245.4112333558362,245.5,245.0,245.3,243.77292979390143,244.13028895860577,249.60634328012594,247.56511828301024,Down,106
2026-01-16 10:00:00,245.3556166779181,246.0,245.2,245.475,243.92766344900127,244.18302272493497,249.56523538679136,247.56511828301024,Down,236
2026-01-16 10:10:00,245.41530833895905,246.0,245.4,245.675,244.0865122263648,244.2415316376826,249.52652657697254,247.56511828301024,Down,125
2026-01-16 10:20:00,245.5451541694796,246.0,245.5451541694796,245.75,244.23773838760434,244.30068725973427,249.4889491980972,247.56511828301024,Down,45
2026-01-16 10:30:00,245.64757708473977,245.8,245.4,245.65,244.36612580691303,244.35360148484273,249.45075069861366,247.56511828301024,Down,50
2026-01-16 10:40:00,245.64878854236983,245.9,245.5,245.725,244.4896598244664,244.40738181877046,249.41367855235882,247.56511828301024,Down,52
2026-01-16 10:50:00,245.6868942711849,246.1,245.6,245.825,244.61105438587853,244.46297468862258,249.37797030805675,247.56511828301024,Down,181
2026-01-16 11:00:00,245.7559471355925,246.4,245.6,245.875,244.72595853261683,244.51834823024524,249.34311488210594,247.56511828301024,Down,236
2026-01-16 11:10:00,245.81547356779623,247.0,245.6,246.275,244.86678048419714,244.5872365349415,249.31258637581632,247.56511828301024,Down,342
2026-01-16 11:20:00,246.04523678389813,247.5,246.04523678389813,246.85,245.04707316745194,244.67597235710068,249.2880830287933,247.56511828301024,Down,464
2026-01-16 11:30:00,246.44761839194908,246.7,245.6,246.15,245.1473392431381,244.7337773627046,249.25685832203914,247.56511828301024,Down,340
2026-01-16 11:40:00,246.2988091959745,246.2988091959745,245.1,245.675,245.19530840285282,244.77068805436323,249.22121794072532,247.56511828301024,Down,407
2026-01-16 11:50:00,245.9869045979873,246.3,245.5,245.85,245.25482582077527,244.81301401301567,249.1876734836037,247.56511828301024,Down,366
2026-01-16 12:00:00,245.91845229899369,246.1,244.8,245.525,245.2793871097957,244.8409350321131,249.15122897132906,247.56511828301024,Down,483
2026-01-16 12:10:00,245.7217261494968,245.7217261494968,244.7,245.1,245.26307919072335,244.8510944426185,249.11091823529594,247.56511828301024,Down,178
2026-01-16 12:20:00,245.4108630747484,245.4108630747484,244.6,245.0,245.2391629006576,244.8569338762413,249.0700135762383,247.56511828301024,Down,165
2026-01-16 12:30:00,245.2054315373742,245.8,244.4,245.325,245.24696627332509,244.87528941050635,249.03274975955932,247.56511828301024,Down,431
2026-01-16 12:40:00,245.26521576868709,246.5,245.2,245.725,245.29042388484098,244.90861139440807,248.9998368266284,247.56511828301024,Down,329
2026-01-16 12:50:00,245.49510788434355,245.7,244.9,245.425,245.30265807712814,244.9288619279607,248.96426631094056,247.56511828301024,Down,100
2026-01-16 13:00:00,245.46005394217173,246.0,245.3,245.65,245.33423461557103,244.9571418523544,248.93128853670237,247.56511828301024,Down,64
2026-01-16 13:10:00,245.5550269710859,245.8,245.4,245.625,245.3606678323373,244.98333236794835,248.89839014330235,247.56511828301024,Down,124
2026-01-16 13:20:00,245.59001348554293,246.2,245.5,245.85,245.40515257485208,245.0173193339112,248.8680579030705,247.56511828301024,Down,148
2026-01-16 13:30:00,245.7200067427715,246.1,245.7,245.9,245.45013870441096,245.05193426199313,248.8385249886121,247.56511828301024,Down,74
2026-01-16 13:40:00,245.81000337138573,246.2,245.7,245.85,245.4864897312827,245.08323095760124,248.80878842156127,247.56511828301024,Down,110
2026-01-16 13:50:00,245.83000168569285,246.1,245.7,245.9,245.52408157389334,245.1152611161267,248.77984525318752,247.56511828301024,Down,119
2026-01-16 14:00:00,245.86500084284643,246.2,245.86500084284643,246.025,245.5696196126303,245.15093715078842,248.7524338576334,247.56511828301024,Down,136
2026-01-16 14:10:00,245.94500042142323,246.0,245.6,245.9,245.59965419330027,245.180312164483,248.72405143118928,247.56511828301024,Down,104
2026-01-16 14:20:00,245.92250021071163,246.1,245.8,245.95,245.63150381209113,245.21049600116996,248.6964489293864,247.56511828301024,Down,45
2026-01-16 14:30:00,245.93625010535584,245.93625010535584,245.7,245.85,245.651367101901,245.23557458935937,248.66812605446717,247.56511828301024,Down,47
2026-01-16 14:40:00,245.893125052678,245.9,245.6,245.8,245.66487918354636,245.25770891918842,248.63958748676103,247.56511828301024,Down,33
2026-01-16 14:50:00,245.84656252633897,246.0,245.7,245.825,245.67943562140576,245.27995562823983,248.61158164112163,247.56511828301024,Down,62
2026-01-16 15:00:00,245.83578126316948,246.3,245.8,246.05,245.71312329218705,245.31015344674026,248.58609326658313,247.56511828301024,Down,84
2026-01-16 15:10:00,245.9428906315848,246.3,245.8,246.15000000000003,245.75283935653368,245.34308860569163,248.5618535325873,247.56511828301024,Down,96
2026-01-16 15:20:00,246.0464453157924,246.4,245.9,246.225,245.79576305139423,245.37767336625276,248.5386012586312,247.56511828301024,Down,150
2026-01-16 15:30:00,246.1357226578962,246.7,246.1357226578962,246.525,245.8620573194493,245.4226665675762,248.518565425212,247.56511828301024,Down,200
2026-01-16 15:40:00,246.3303613289481,247.0,246.3303613289481,246.775,245.94505210859026,245.47569925120067,248.50121651550842,247.56511828301024,Down,132
2026-01-16 15:50:00,246.55268066447405,246.8,246.1,246.45,245.99095646235477,245.5139071237026,248.48080640092627,247.56511828301024,Down,301
2026-01-16 16:00:00,246.50134033223705,246.50134033223705,245.7,245.925,245.98496042032252,245.5300284129692,248.45537549146434,247.56511828301024,Down,150
2026-01-16 16:10:00,246.2131701661185,246.2131701661185,245.2,245.525,245.9431458366568,245.52983122030372,248.42621752637515,247.56511828301024,Down,279
2026-01-16 16:20:00,245.86908508305925,245.86908508305925,245.0,245.3,245.88467803332438,245.52081823127222,248.39511088432167,247.56511828301024,Down,382
2026-01-16 16:30:00,245.58454254152963,245.8,245.1,245.425,245.84288912120397,245.51706065357527,248.36555754218912,247.56511828301024,Down,408
2026-01-16 16:40:00,245.5047712707648,245.6,245.0,245.425,245.8048992010945,245.51345043186643,248.33629826316238,247.56511828301024,Down,1219
2026-01-16 16:50:00,245.4648856353824,246.9,245.4648856353824,246.15,245.836272000995,245.53841316002854,248.31454405158863,247.56511828301024,Down,493
2026-01-16 17:00:00,245.8074428176912,247.3,245.8074428176912,246.925,245.9352472736318,245.59278911453723,248.3007177426176,247.56511828301024,Down,612
2026-01-16 17:10:00,246.3662214088456,247.4,246.3662214088456,247.025,246.03431570330164,245.64895424730048,248.28802403373584,247.56511828301024,Down,452
2026-01-16 17:20:00,246.6956107044228,248.0,246.6956107044228,247.475,246.16528700300148,245.72056388466126,248.27993424235538,247.56511828301024,Down,353
2026-01-16 17:30:00,247.08530535221132,248.2,247.08530535221132,247.625,246.2979881845468,245.79524765389024,248.27341748372498,244.31501955095584,Up,338
2026-01-16 17:40:00,247.3551526761057,249.9,247.3551526761057,248.625,246.50953471322435,245.90621833412985,248.27691581722027,244.4476471839614,Up,750
2026-01-16 17:50:00,247.9900763380529,250.7,247.9900763380529,249.725,246.80184973929488,246.05597447788946,248.2913246150589,244.5596757882353,Up,932
2026-01-16 18:00:00,248.8575381690264,249.7,247.8,248.725,246.97668158117716,246.16064214542322,248.2956397930185,244.5596757882353,Up,857
2026-01-16 18:10:00,248.7912690845132,248.8,246.8,247.8,247.05152871016105,246.22493068873996,248.29070805378447,244.5596757882353,Up,688
2026-01-16 18:20:00,248.2956345422566,248.2956345422566,247.0,247.5,247.09229882741914,246.2749334068286,248.2828403119558,244.5596757882353,Up,261
2026-01-16 18:30:00,247.8978172711283,248.6,246.6,247.825,247.1589080249265,246.335720332051,248.27828468696123,244.5596757882353,Up,415
2026-01-16 18:40:00,247.8614086355641,249.3,247.8614086355641,248.725,247.30128002266045,246.42941757393137,248.28272961544917,244.5596757882353,Up,436
2026-01-16 18:50:00,248.29320431778208,249.0,246.5,247.875,247.35343638423677,246.48610708083604,248.2786726043502,244.5596757882353,Up,486
2026-01-16 19:00:00,248.08410215889103,248.2,246.6,247.25,247.34403307657888,246.5160636659013,248.2684370560482,244.5596757882353,Up,427
2026-01-16 19:10:00,247.6670510794455,247.6670510794455,245.2,246.325,247.2513937059808,246.50857097312087,248.2490993738985,244.5596757882353,Up,799
2026-01-16 19:20:00,246.99602553972275,246.99602553972275,243.5,244.45,246.99672155089164,246.42784269966515,248.2112973900786,252.31179452525083,Down,1072
2026-01-16 19:30:00,245.72301276986136,245.72301276986136,242.2,243.075,246.64020140990147,246.2963586722273,248.16018995336142,251.6642217152343,Down,924
2026-01-16 19:40:00,244.3990063849307,244.3990063849307,242.2,243.3,246.33654673627404,246.17885441057135,248.11182985432302,251.1016103599889,Down,595
2026-01-16 19:50:00,243.8495031924653,244.9,243.6,244.225,246.1445879420673,246.10223266898032,248.07315493039943,251.1016103599889,Down,298
2026-01-16 20:00:00,244.03725159623264,244.5,242.7,243.8,245.93144358369753,246.01194903490267,248.03063597586808,251.1016103599889,Down,412
2026-01-16 20:10:00,243.91862579811635,244.7,243.2,243.95,245.75131234881593,245.93108828843592,247.99003263282464,251.1016103599889,Down,222
2026-01-16 20:20:00,243.93431289905817,244.5,243.5,244.1,245.6011930443781,245.85928090457568,247.95132584045822,251.1016103599889,Down,197
2026-01-16 20:30:00,244.01715644952907,245.3,243.9,244.6,245.51017549488918,245.80989733969037,247.91797931468255,251.1016103599889,Down,346
2026-01-16 20:40:00,244.3085782247645,246.0,243.8,244.7,245.43652317717198,245.76637195382017,247.8859596200091,251.1016103599889,Down,663
2026-01-16 20:50:00,244.50428911238225,244.50428911238225,243.0,243.65,245.27411197924724,245.68337697523899,247.84381076806872,250.90265062375914,Down,440
2026-01-16 21:00:00,244.07714455619112,244.2,243.3,243.625,245.12419270840658,245.60265630954336,247.80183255147105,250.5777327886982,Down,175
2026-01-16 21:10:00,243.8510722780956,244.0,242.8,243.4,244.96744791673325,245.51627763073773,247.7580332226007,250.0433934442711,Down,302
2026-01-16 21:20:00,243.62553613904777,244.6,243.4,243.9,244.87040719703023,245.4528941942382,247.71964483232605,250.0433934442711,Down,295
2026-01-16 21:30:00,243.76276806952387,244.2,243.3,243.8,244.77309745184564,245.388074814072,247.68064339120838,249.96437474733145,Down,244
2026-01-16 21:40:00,243.781384034762,243.781384034762,242.5,243.325,244.64145222895058,245.30716991940253,247.6373036559725,249.26285087859142,Down,491
2026-01-16 21:50:00,243.55319201738092,243.6,241.8,242.825,244.47632020813688,245.20982992256322,247.58942003750514,248.9201444192822,Down,591
2026-01-16 22:00:00,243.18909600869048,243.18909600869048,242.1,242.475,244.29438200739716,245.10258169030584,247.53853028588819,248.69525966139832,Down,227
2026-01-16 22:10:00,242.83204800434527,242.9,242.1,242.65,244.1448927339974,245.0064020161762,247.4898881934913,248.29155605186645,Down,321
2026-01-16 22:20:00,242.74102400217265,243.3,242.6,242.975,244.03853884908855,244.92673919201243,247.44496393285957,248.29155605186645,Down,150
2026-01-16 22:30:00,242.8580120010864,243.3,242.7,242.975,243.9418534991714,244.85020040016883,247.4004866797963,248.23599673707972,Down,125
2026-01-16 22:40:00,242.9165060005432,243.0,242.0,242.5,243.81077590833763,244.7580356785936,247.3517256183058,247.6236333973452,Down,146
2026-01-16 22:50:00,242.7082530002716,242.7082530002716,241.5,241.975,243.64388718939784,244.6488970245311,247.29822586090975,247.2013397705484,Down,415
2026-01-16 23:00:00,242.34162650013585,242.4,241.4,241.875,243.48307926308894,244.54011674905928,247.24426341453255,246.897466609466,Down,272
2026-01-16 23:10:00,242.1083132500679,243.3,242.1083132500679,242.75,243.4164356937172,244.46991609223343,247.19954437558198,246.897466609466,Down,369
2026-01-16 23:20:00,242.42915662503395,243.4,242.1,242.77500000000003,243.3581233579247,244.40344879449881,247.15551905841204,246.897466609466,Down,173
2026-01-16 23:30:00,242.602078312517,242.7,242.0,242.4,243.271021234477,244.3248821751067,247.1082004608159,246.897466609466,Down,159
2026-01-16 23:40:00,242.5010391562585,243.6,242.4,242.95,243.24183748588817,244.2709652270633,247.06682533185256,246.897466609466,Down,354
2026-01-16 23:50:00,242.72551957812925,244.5,242.72551957812925,243.6,243.27439771444378,244.2446528652177,247.03232955740626,246.897466609466,Down,550
2026-01-17 00:00:00,243.16275978906464,244.2,243.16275978906464,243.975,243.33808883131252,244.2340782430523,247.00190836778035,246.897466609466,Down,276
2026-01-19 09:00:00,243.5688798945323,258.0,243.5688798945323,252.55,244.1755353011932,244.56019282175615,247.05711325964324,240.9897440200632,Up,13748
2026-01-19 09:10:00,248.05943994726616,258.0,248.05943994726616,258.0,245.43230481926656,245.08724408364807,247.16599770482094,240.9897440200632,Up,1133
2026-01-19 09:20:00,253.02971997363304,265.3,253.02971997363304,260.92499999999995,246.8407316538787,245.708332550956,247.30290320029536,243.32201440012398,Up,643
2026-01-19 09:30:00,256.9773599868165,297.4,256.9773599868165,271.125,249.048392412617,246.70506460778125,247.53993898934715,248.0869512734392,Up,9002
2026-01-19 09:40:00,264.05117999340825,311.4,262.7,275.05,251.41217492056091,247.81663070159377,247.81367093970192,248.0869512734392,Up,8696
2026-01-19 09:50:00,269.55058999670416,269.55058999670416,263.2,263.54999999999995,252.5156135641463,248.4336255760411,247.9702513283616,248.0869512734392,Up,1720
2026-01-19 10:00:00,266.55029499835206,266.55029499835206,263.5,264.0,253.55964869467843,249.04407163188262,248.12975131514406,248.0869512734392,Up,820
2026-01-19 10:10:00,265.275147499176,265.275147499176,264.0,264.375,254.54286244970766,249.6452845090637,248.29139558066504,248.0869512734392,Up,436
2026-01-19 10:20:00,264.825073749588,265.0,264.2,264.575,255.4548749542797,250.23076354792397,248.45342149528528,248.0869512734392,Up,506
2026-01-19 10:30:00,264.700036874794,265.3,264.700036874794,265.0,256.3226135947997,250.80994929114266,248.61806406747152,248.0869512734392,Up,668
2026-01-19 10:40:00,264.850018437397,265.3,264.850018437397,265.15,257.1251032679997,251.37230422090178,248.78256094242207,248.0869512734392,Up,479
2026-01-19 10:50:00,265.0000092186985,265.3,264.8,265.125,257.8523666072725,251.91162562400368,248.94517227632832,248.0869512734392,Up,761
2026-01-19 11:00:00,265.0625046093493,265.8,264.6,265.02500000000003,258.50442418842954,252.42587559953296,249.105170562136,248.0869512734392,Up,578
2026-01-19 11:10:00,265.0437523046746,265.0437523046746,264.2,264.45000000000005,259.0449310803905,252.89740988974737,249.25785543216452,248.0869512734392,Up,427
2026-01-19 11:20:00,264.74687615233734,265.0,263.8,264.25,259.51811916399134,253.34260950191415,249.40703100000368,248.0869512734392,Up,571
2026-01-19 11:30:00,264.49843807616867,264.6,263.7,264.20000000000005,259.9437446945376,253.76838952144695,249.55422472139668,248.0869512734392,Up,464
2026-01-19 11:40:00,264.3492190380844,264.3492190380844,261.1,262.725,260.1965860859433,254.1196291480569,249.68527721173106,248.0869512734392,Up,1353
2026-01-19 11:50:00,263.5371095190422,263.6,261.0,262.25,260.38326007813026,254.43846722068213,249.8102993290273,248.0869512734392,Up,607
2026-01-19 12:00:00,262.89355475952107,264.6,262.89355475952107,263.70000000000005,260.6847818892093,254.80166458457697,249.9485053058529,248.0869512734392,Up,544
2026-01-19 12:10:00,263.29677737976056,264.6,263.29677737976056,264.3,261.01343808109937,255.17414832635828,250.09130624808324,248.0869512734392,Up,325
2026-01-19 12:20:00,263.7983886898803,264.7,263.7983886898803,264.45,261.3258528009994,255.5379072155207,250.23417882272918,249.06151491738615,Up,190
2026-01-19 12:30:00,264.1241943449402,264.9,264.1241943449402,264.525,261.61668436454494,255.89034222667675,250.37637604837366,250.42300472739922,Up,205
2026-01-19 12:40:00,264.3245971724701,264.6,264.0,264.375,261.8674403314045,256.22307390406195,250.5156658389371,251.27355232266285,Up,185
2026-01-19 12:50:00,264.349798586235,265.0,264.3,264.70000000000005,262.1249457558223,256.5555023784125,250.65680349228103,252.55322938423893,Up,182
2026-01-19 13:00:00,264.5248992931175,265.0,264.3,264.65,262.3544961416566,256.87293365769045,250.7960392784275,253.39839034930813,Up,308
2026-01-19 13:10:00,264.58744964655875,264.7,264.3,264.475,262.54726921968785,257.1710539064085,250.9321483403337,254.12580940846198,Up,130
2026-01-19 13:20:00,264.53122482327933,264.6,263.5,264.1,262.6884265633526,257.4427772826278,251.0631717399324,254.21891764405632,Up,264
2026-01-19 13:30:00,264.3156124116397,264.3156124116397,263.2,263.575,262.76902414850235,257.68325660487767,251.18766754351518,254.41478136891118,Up,192
2026-01-19 13:40:00,263.94530620581986,263.94530620581986,262.9,263.25,262.8127492259112,257.9015602674315,251.30769075203742,254.54888281269479,Up,219
2026-01-19 13:50:00,263.59765310291,263.59765310291,262.2,262.75,262.80704475082837,258.09169515890477,251.42154457540022,254.54888281269479,Up,197
2026-01-19 14:00:00,263.17382655145497,263.17382655145497,262.2,262.375,262.7677679552985,258.25966789777124,251.53053418161517,254.54888281269479,Up,128
2026-01-19 14:10:00,262.7744132757275,262.9,262.3,262.525,262.7456981411804,258.42693582334886,251.63993185144986,254.9728661051696,Up,406
2026-01-19 14:20:00,262.64970663786374,264.2,262.4,263.25,262.79154376470944,258.61607559498225,251.7554549176046,255.71169645924502,Up,179
2026-01-19 14:30:00,262.9498533189319,264.2,262.9498533189319,263.95000000000005,262.89685796791764,258.8252491010614,251.87679367464338,256.22187010202765,Up,274
2026-01-19 14:40:00,263.449926659466,264.4,263.449926659466,264.1,263.00623451628877,259.0321020774904,251.99841761817927,256.89488524459483,Up,242
2026-01-19 14:50:00,263.774963329733,264.7,263.774963329733,264.35,263.128395014808,259.2406470940594,252.12131893541135,257.510124616462,Up,135
2026-01-19 15:00:00,264.0624816648665,264.7,264.0624816648665,264.5,263.25308637709816,259.4468962276257,252.2444898912779,258.03363684838064,Up,77
2026-01-19 15:10:00,264.28124083243324,264.7,264.0,264.375,263.3550785246347,259.64015519909134,252.36519148439953,258.32490546904313,Up,94
2026-01-19 15:20:00,264.3281204162166,264.5,263.8,264.225,263.4341622951224,259.8199530344211,252.4831995293309,258.4180958809482,Up,140
2026-01-19 15:30:00,264.2765602081083,264.9,264.2765602081083,264.625,263.5424202682931,260.0083862487575,252.60401346436245,259.13200363218897,Up,228
2026-01-19 15:40:00,264.45078010405416,265.1,264.45078010405416,264.85,263.6612911529937,260.1982534546886,252.72586407665736,259.5790587518057,Up,279
2026-01-19 15:50:00,264.6503900520271,265.2,264.6503900520271,264.975,263.7807192299943,260.3855768486224,252.84774602614337,260.00139931745844,Up,169
2026-01-19 16:00:00,264.8126950260136,265.5,264.8126950260136,265.20000000000005,263.90974475454027,260.57437775651954,252.97065402588325,260.430240514689,Up,146
2026-01-19 16:10:00,265.0063475130068,265.5,265.0,265.25,264.03158614049113,260.757735491558,253.09283657288938,260.77172091062016,Up,142
2026-01-19 16:20:00,265.12817375650343,265.7,265.12817375650343,265.475,264.16280558226464,260.94272625659494,253.21604217912932,261.1349872539077,Up,193
2026-01-19 16:30:00,265.30158687825167,265.6,264.7,265.25,264.2616414384224,261.11163895241475,253.33578305296882,261.1349872539077,Up,235
2026-01-19 16:40:00,265.27579343912583,265.8,265.2,265.5,264.37421948947485,261.28373154251614,253.4568200375164,261.44785155012886,Up,145
2026-01-19 16:50:00,265.38789671956295,266.3,265.3,265.875,264.51065408134076,261.4637812859469,253.5803840172426,261.752592318299,Up,528
2026-01-19 17:00:00,265.6314483597815,266.7,265.6314483597815,266.425,264.6846855284916,261.6583388825764,253.70819114144916,262.0976984182649,Up,393
2026-01-19 17:10:00,266.02822417989074,267.4,266.02822417989074,266.925,264.88835048044695,261.86487461267143,253.83970167735515,262.5170792811549,Up,684
2026-01-19 17:20:00,266.4766120899454,267.3,266.4766120899454,266.9,265.07122770949724,262.0623305102137,253.96965489449593,262.7734078878706,Up,450
2026-01-19 17:30:00,266.6883060449727,267.0,266.2,266.575,265.20793428136113,262.2392979411857,254.0950812139537,262.7734078878706,Up,265
2026-01-19 17:40:00,266.6316530224864,267.4,266.3,266.75,265.34812207396465,262.416188218002,254.22100080386463,262.78479491148585,Up,344
2026-01-19 17:50:00,266.6908265112432,267.1,266.6,266.85,265.48465643087695,262.59006318984507,254.34666248740828,262.9725408286235,Up,189
2026-01-19 18:00:00,266.77041325562163,268.8,266.6,267.65,265.68150584625175,262.78849208436094,254.47903400494653,263.3750371169305,Up,1072
2026-01-19 18:10:00,267.2102066278108,269.0,267.2102066278108,268.625,265.94909622386524,263.0173747477194,254.61978988549433,263.5224849212279,Up,411
2026-01-19 18:20:00,267.9176033139054,269.1,267.9176033139054,268.525,266.1832692944229,263.23336005173036,254.75815018514115,263.9128225050297,Up,402
2026-01-19 18:30:00,268.2213016569527,269.4,268.1,268.75,266.41660844947535,263.44969887323117,254.89737257135866,264.09910986188817,Up,411
2026-01-19 18:40:00,268.4856508284763,271.3,268.4856508284763,270.3,266.7696440449776,263.71833813310445,255.050632545773,264.6413437717642,Up,967
2026-01-19 18:50:00,269.39282541423813,272.3,269.39282541423813,271.675,267.2155854954342,264.030364088669,255.21604913735734,265.0151840918657,Up,850
2026-01-19 19:00:00,270.53391270711904,272.6,270.53391270711904,272.3,267.67780499584927,264.35466353617215,255.38603869817968,265.51453496046344,Up,1030
2026-01-19 19:10:00,271.4169563535595,272.6,271.4169563535595,272.6,268.1252772689539,264.67801006416545,255.5573218952127,266.076079220714,Up,288
2026-01-19 19:20:00,272.00847817677976,277.0,272.00847817677976,273.475,268.61161569904897,265.0229900616492,255.73560724948922,267.2960502835228,Up,1543
2026-01-19 19:30:00,272.74173908838986,273.1,272.0,272.5,268.96510518095357,265.31620613766296,255.90241712760377,267.2960502835228,Up,777
2026-01-19 19:40:00,272.62086954419493,274.1,272.62086954419493,273.375,269.3660047099578,265.63223726951935,256.07627367359777,267.2960502835228,Up,914
2026-01-19 19:50:00,272.99793477209744,276.6,272.99793477209744,275.4,269.9145497363253,266.0152867883617,256.2685495574426,267.2960502835228,Up,1395
2026-01-19 20:00:00,274.1989673860487,276.9,274.1989673860487,276.4,270.5041361239321,266.42253044372006,256.46886249716954,267.56941529684946,Up,890
2026-01-19 20:10:00,275.29948369302434,276.9,273.4,275.2,270.93103283993827,266.7667449361232,256.65524197480966,267.56941529684946,Up,1150
2026-01-19 20:20:00,275.24974184651217,277.0,273.4,274.9,271.2918480363075,267.08569611509876,256.8367818556573,267.56941529684946,Up,1418
2026-01-19 20:30:00,275.07487092325607,276.0,275.0,275.57500000000005,271.68122548755224,267.41860999293806,257.02323178744183,267.56941529684946,Up,780
2026-01-19 20:40:00,275.32493546162806,275.7,274.4,275.2,272.0011140795929,267.7237625422346,257.20409515274093,267.56941529684946,Up,495
2026-01-19 20:50:00,275.262467730814,275.4,274.6,274.975,272.2714673450845,268.00812479548034,257.38092007659424,267.56941529684946,Up,415
2026-01-19 21:00:00,275.118733865407,276.2,274.8,275.475,272.56269758644044,268.3009434309517,257.56096067284705,267.84630588719506,Up,776
2026-01-19 21:10:00,275.29686693270355,276.2,274.9,275.6,272.8388159876731,268.5871809434634,257.74045360147545,268.1193689883591,Up,393
2026-01-19 21:20:00,275.44843346635173,275.5,272.1,273.85,272.93074180697556,268.7935660045041,257.90074759549066,268.1193689883591,Up,1267
2026-01-19 21:30:00,274.6492167331759,274.6492167331759,272.3,273.125,272.94840164270505,268.9634261611902,258.052232694043,268.1193689883591,Up,918
2026-01-19 21:40:00,273.88710836658794,275.2,273.0,274.225,273.06445603882275,269.16976239016316,258.21315575181376,268.1193689883591,Up,573
2026-01-19 21:50:00,274.056054183294,275.2,274.056054183294,274.65,273.2085963989297,269.38467366898027,258.37670644085046,268.1193689883591,Up,371
2026-01-19 22:00:00,274.353027091647,274.4,271.8,273.35,273.2214512717543,269.54017666235364,258.5256944364639,268.1193689883591,Up,743
2026-01-19 22:10:00,273.8515135458235,273.8515135458235,271.7,272.625,273.16722842886753,269.6611501265751,258.66598603411103,268.1193689883591,Up,582
2026-01-19 22:20:00,273.23825677291177,273.5,272.5,273.1,273.16111675351596,269.79600698435644,258.8096080636224,268.1193689883591,Up,317
2026-01-19 22:30:00,273.1691283864559,273.9,273.1,273.55,273.19646977592356,269.94322239673465,258.9562786301536,268.1193689883591,Up,286
2026-01-19 22:40:00,273.3595641932279,274.6,273.2,273.95,273.2649725235668,270.10035093019604,259.105469887565,268.1193689883591,Up,460
2026-01-19 22:50:00,273.654782096614,274.7,273.654782096614,274.3,273.35906593051527,270.2650430505805,259.2566592419176,268.1193689883591,Up,264
2026-01-19 23:00:00,273.977391048307,274.5,273.8,274.17499999999995,273.43324175501385,270.4183746956558,259.40510044349054,268.1193689883591,Up,286
2026-01-19 23:10:00,274.0761955241535,274.1,273.6,273.90000000000003,273.47567432273985,270.5549090213164,259.54932829977423,268.1193689883591,Up,243
2026-01-19 23:20:00,273.9880977620768,274.6,273.7,274.15000000000003,273.53697665703623,270.69589298126476,259.6946086151994,268.1759731383367,Up,311
2026-01-19 23:30:00,274.0690488810384,274.6,273.0,273.9,273.56997877912386,270.82154423690145,259.83595579315767,268.1759731383367,Up,388
2026-01-19 23:40:00,273.9845244405192,274.0,273.2,273.625,273.57498070829445,270.93148367859163,259.9731602131263,268.1759731383367,Up,335
2026-01-19 23:50:00,273.8047622202596,274.0,272.2,273.05,273.5272551893586,271.0145627500194,260.10327802195087,268.1759731383367,Up,716
2026-01-20 00:00:00,273.4273811101298,273.4273811101298,272.0,272.35,273.420231990326,271.066932838254,260.22513595208073,268.1759731383367,Up,320
2026-01-20 09:00:00,272.8886905550649,272.8886905550649,266.0,268.5,272.97293817302364,270.9662688053813,260.3074729077814,268.1759731383367,Up,246
2026-01-20 09:10:00,270.6943452775324,270.6943452775324,267.0,268.05,272.52539833911237,270.8519053228173,260.38451297835076,276.6776413223724,Down,1326
2026-01-20 09:20:00,269.3721726387662,269.3721726387662,267.4,267.95,272.10945303555667,270.73810511407936,260.4597914561781,276.6776413223724,Down,532
2026-01-20 09:30:00,268.6610863193831,268.6610863193831,267.5,268.1,271.7449573050515,270.63465001156646,260.5358134317385,276.1576288324039,Down,584
2026-01-20 09:40:00,268.3805431596916,269.3,268.0,268.7,271.46814300459226,270.55878138366194,260.61704911898494,276.1576288324039,Down,596
2026-01-20 09:50:00,268.5402715798458,269.4,268.1,268.75,271.2210390950839,270.4878487803811,260.69797400337313,276.1576288324039,Down,451
2026-01-20 10:00:00,268.6451357899229,268.8,268.0,268.425,270.96685372280353,270.40695274977793,260.77485983418535,275.5797788675524,Down,244
2026-01-20 10:10:00,268.53506789496146,269.0,268.0,268.525,270.7448670207305,270.33315068115917,260.85197565673076,275.3907080614113,Down,463
2026-01-20 10:20:00,268.5300339474807,269.4,268.4,268.79999999999995,270.5680609279368,270.2730271250353,260.9310604760668,275.3907080614113,Down,456
2026-01-20 10:30:00,268.6650169737403,269.1,268.5,268.85,270.41187357085164,270.2172221397398,261.00985589421543,275.04356038133164,Down,133
2026-01-20 10:40:00,268.75750848687017,268.8,268.0,268.425,270.2312487007742,270.14693891857354,261.08363842263117,274.3850548921197,Down,134
2026-01-20 10:50:00,268.59125424343506,268.9,268.1,268.375,270.0624988188856,270.07745111784516,261.15618928409754,274.23186808374516,Down,120
2026-01-20 11:00:00,268.4831271217176,269.1,268.2,268.70000000000005,269.938635289896,270.0234334269493,261.2312520772906,274.18806189431376,Down,124
2026-01-20 11:10:00,268.5915635608588,271.1,268.5915635608588,270.0,269.94421389990544,270.02251446902966,261.31850330040214,274.18806189431376,Down,552
2026-01-20 11:20:00,269.29578178042937,272.5,269.29578178042937,271.35,270.0720126362777,270.07457272514614,261.4183191879603,274.18806189431376,Down,726
2026-01-20 11:30:00,270.3228908902147,272.9,270.3228908902147,272.175,270.263193305707,270.1569424221993,261.52535083783135,274.18806189431376,Down,994
2026-01-20 11:40:00,271.2489454451073,273.5,271.2,272.275,270.44608482337,270.2400035036817,261.632312521037,274.18806189431376,Down,811
2026-01-20 11:50:00,271.76197272255365,272.2,270.7,271.675,270.55780438488176,270.2962778760863,261.73223975963367,274.18806189431376,Down,850
2026-01-20 12:00:00,271.71848636127686,273.2,271.7,272.275,270.7139130771652,270.37387482212216,261.8371428466025,274.18806189431376,Down,678
2026-01-20 12:10:00,271.9967431806384,272.9,271.9967431806384,272.4,270.86719370651383,270.4533307114507,261.9422459028552,274.18806189431376,Down,244
2026-01-20 12:20:00,272.1983715903192,273.9,272.1983715903192,273.225,271.08153973319435,270.5620236247271,262.05451211277705,274.18806189431376,Down,466
2026-01-20 12:30:00,272.7116857951596,274.3,272.7116857951596,273.9,271.337763393813,270.6929246590515,262.1723776638937,274.18806189431376,Down,520
2026-01-20 12:40:00,273.3058428975798,274.3,273.3058428975798,273.95,271.5752394489209,270.8206531037946,262.2895679358948,274.18806189431376,Down,421
2026-01-20 12:50:00,273.6279214487899,274.2,272.6,273.45,271.74567222629173,270.9237647467831,262.4006170111595,274.18806189431376,Down,482
2026-01-20 13:00:00,273.53896072439494,273.6,272.8,273.2,271.87788384208335,271.0130288743602,262.50807355831216,274.18806189431376,Down,399
2026-01-20 13:10:00,273.36948036219746,273.8,273.1,273.5,272.0253489473485,271.11055715379706,262.6174459607171,274.18806189431376,Down,219
2026-01-20 13:20:00,273.43474018109873,273.9,273.4,273.6,272.1684990430441,271.2081823634521,262.72672510538655,274.18806189431376,Down,259
2026-01-20 13:30:00,273.5173700905494,273.7,273.4,273.5,272.28954458458554,271.2980575648854,262.83392187050714,274.18806189431376,Down,161
2026-01-20 13:40:00,273.50868504527466,273.50868504527466,272.5,273.025,272.356404167805,271.365780797635,262.93532563298965,274.18806189431376,Down,358
2026-01-20 13:50:00,273.2668425226373,273.2668425226373,272.6,272.85,272.4012765161864,271.4239854722376,263.03397910927833,274.18806189431376,Down,301
2026-01-20 14:00:00,273.0584212613187,273.6,272.9,273.2,272.4738877419876,271.4936331007773,263.13513354600195,274.18806189431376,Down,196
2026-01-20 14:10:00,273.1292106306594,274.0,273.0,273.575,272.57398885635234,271.57525533211935,263.239012814201,274.18806189431376,Down,311
2026-01-20 14:20:00,273.3521053153297,274.7,273.3521053153297,274.125,272.7149898694112,271.6752453190951,263.3473310946567,274.18806189431376,Down,446
2026-01-20 14:30:00,273.73855265766485,274.2,273.1,273.6,272.7954453358284,271.75072589481687,263.44934770068,274.18806189431376,Down,187
2026-01-20 14:40:00,273.66927632883244,273.66927632883244,272.4,272.775,272.7935866689349,271.7908935067848,263.54214026087226,274.18806189431376,Down,399
2026-01-20 14:50:00,273.2221381644162,273.3,272.4,272.75,272.7896242444863,271.8285055261266,263.63376075578896,274.18806189431376,Down,209
2026-01-20 15:00:00,272.98606908220813,273.9,272.9,273.275,272.83374931316933,271.8852307996118,263.7296934845871,274.18806189431376,Down,240
2026-01-20 15:10:00,273.13053454110405,274.0,273.13053454110405,273.65,272.90795392106304,271.95443743492115,263.8284030021534,274.18806189431376,Down,128
2026-01-20 15:20:00,273.39026727055204,276.0,273.39026727055204,274.82500000000005,273.08223083733003,272.0670085159046,263.93782187775383,269.6907360915681,Up,728
2026-01-20 15:30:00,274.10763363527604,277.0,274.10763363527604,276.225,273.36793712484547,272.23006700547694,264.0600823565822,269.9525949180039,Up,658
2026-01-20 15:40:00,275.16631681763806,277.5,275.16631681763806,277.0,273.6981246589504,272.4171232013406,264.1888377560192,270.3925264337474,Up,776
2026-01-20 15:50:00,276.08315840881903,277.2,275.7,276.6,273.96193150813673,272.5811575856018,264.31233190770064,270.50397093175303,Up,415
2026-01-20 16:00:00,276.3415792044095,276.5,275.7,276.275,274.1722104619425,272.7260141508723,264.43136343100707,270.50397093175303,Up,207
2026-01-20 16:10:00,276.30828960220475,277.0,276.3,276.65,274.3974640563113,272.87989594887733,264.5529419043304,271.1747693650851,Up,218
2026-01-20 16:20:00,276.4791448011024,277.2,276.3,276.825,274.6181491421012,273.03460591166646,264.67505193513307,271.4452448773501,Up,407
2026-01-20 16:30:00,276.6520724005512,277.1,276.6,276.875,274.8233174019102,273.18520960140506,264.7964444531915,271.8456771612274,Up,186
2026-01-20 16:40:00,276.7635362002756,277.5,276.5,277.025,275.0234703653729,273.33578961703626,264.9181216228115,272.08697923747945,Up,279
2026-01-20 16:50:00,276.89426810013777,277.7,276.8,277.275,275.2281548776117,273.4902684555839,265.0410756365149,272.45634476134495,Up,379
2026-01-20 17:00:00,277.08463405006887,278.0,277.0,277.4,275.42559534328336,273.64359126124725,265.16405000829087,272.7784952375863,Up,436
2026-01-20 17:10:00,277.2423170250344,277.9,276.3,277.19999999999993,275.5869048575303,273.7830582706101,265.2838107047258,272.7784952375863,Up,21501
2026-01-20 17:20:00,277.22115851251715,277.22115851251715,275.9,276.79999999999995,275.6971862341185,273.9013697109784,265.3983996529375,272.7784952375863,Up,752
2026-01-20 17:30:00,277.0105792562585,277.9,276.5,277.15,275.829260212835,274.0287669772145,265.5153309996744,272.7784952375863,Up,602
2026-01-20 17:40:00,277.08028962812926,277.1,273.5,275.5,275.79932746621364,274.0864623898728,265.61468093997615,272.7784952375863,Up,1553
2026-01-20 17:50:00,276.29014481406466,276.5,273.2,275.1,275.7357522420124,274.12620896281896,265.7090622241555,272.7784952375863,Up,1109
2026-01-20 18:00:00,275.69507240703234,276.8,275.6,276.32500000000005,275.7893202200113,274.21243606231627,265.81469344580574,272.7784952375863,Up,489
2026-01-20 18:10:00,276.01003620351617,279.3,276.01003620351617,277.67499999999995,275.9607456545557,274.3482228834019,265.932706446345,272.7784952375863,Up,1642
2026-01-20 18:20:00,276.84251810175806,279.0,276.84251810175806,278.675,276.20749604959605,274.51790041738616,266.05949543692867,272.7784952375863,Up,686
2026-01-20 18:30:00,277.758759050879,280.0,277.758759050879,279.175,276.4772691359964,274.7005317735671,266.18999796989453,272.7784952375863,Up,967
2026-01-20 18:40:00,278.4668795254395,281.0,278.4668795254395,280.225,276.8179719418149,274.9171775863684,266.3296497313881,272.7784952375863,Up,957
2026-01-20 18:50:00,279.3459397627197,284.0,279.3459397627197,282.3,277.31633812892267,275.2067000339618,266.48855868928473,273.0003523468584,Up,1681
2026-01-20 19:00:00,280.8229698813599,289.4,280.8229698813599,285.825,278.08985284447516,275.6231039541986,266.6809610903864,274.1083671389004,Up,2562
2026-01-20 19:10:00,283.3239849406799,292.9,283.3239849406799,289.025,279.08395713134104,276.1486685050143,266.9032898357557,274.6269708107876,Up,2611
2026-01-20 19:20:00,286.17449247033994,290.9,286.17449247033994,289.475,280.02859739212823,276.6712697401118,267.12788396674324,274.6269708107876,Up,2729
2026-01-20 19:30:00,287.82474623517,357.3,287.82474623517,306.0,282.38963399284387,277.82141602481335,267.51467119095474,284.5918472267242,Up,43499
2026-01-20 19:40:00,296.912373117585,296.912373117585,288.4,289.75,283.05875817531256,278.28920363168345,267.73591824378104,284.5918472267242,Up,1529
2026-01-20 19:50:00,293.3311865587925,293.3311865587925,288.7,289.925,283.6829619775569,278.74550937161746,267.9567051269275,284.5918472267242,Up,1034
2026-01-20 20:00:00,291.62809327939624,291.62809327939624,287.2,289.02500000000003,284.16860179777893,279.14862665116186,268.16633990178394,284.5918472267242,Up,1152
2026-01-20 20:10:00,290.3265466396981,290.3265466396981,283.0,285.4,284.28054708888993,279.39377854719476,268.33781910674134,284.5918472267242,Up,2395
2026-01-20 20:20:00,287.86327331984904,287.86327331984904,282.6,284.35,284.28686098989994,279.58814017279497,268.4971442897588,320.11157030949454,Down,1598
2026-01-20 20:30:00,286.1066366599245,286.3,283.1,284.925,284.3448736271817,279.7974287934697,268.660605540607,317.57266695415456,Down,1063
2026-01-20 20:40:00,285.51581832996226,285.51581832996226,283.1,284.075,284.32033966107423,279.96517668392187,268.8139825999045,315.0706312432897,Down,858
2026-01-20 20:50:00,284.79540916498115,284.79540916498115,282.3,283.65,284.2593996918857,280.1096795590622,268.961604663587,312.42123707730974,Down,794
2026-01-20 21:00:00,284.22270458249056,284.4,281.3,283.175,284.16081790171427,280.2298882038049,269.1030314828548,310.2259386316537,Down,1201
2026-01-20 21:10:00,283.6988522912453,285.5,282.2,284.05,284.15074354701295,280.379696509538,269.2517575377518,309.93721693786705,Down,1117
2026-01-20 21:20:00,283.8744261456227,286.5,283.8744261456227,285.725,284.2938577700118,280.589316254262,269.4156703980727,309.8576189633731,Down,790
2026-01-20 21:30:00,284.79971307281136,287.5,284.79971307281136,286.325,284.47850706364704,280.81424502860466,269.5839224339128,309.5594207740759,Down,975
2026-01-20 21:40:00,285.5623565364057,286.3,284.8,285.775,284.59637005786095,281.0087844392476,269.7450276833266,307.3859674887911,Down,698
2026-01-20 21:50:00,285.6686782682028,287.0,285.3,286.25,284.74670005260083,281.2143223043752,269.90925626359206,306.6190613534464,Down,538
2026-01-20 22:00:00,285.9593391341014,289.0,285.9593391341014,287.5,284.9970000478189,281.46081946890945,270.0842885395762,306.6190613534464,Down,989
2026-01-20 22:10:00,286.7296695670507,288.5,286.7296695670507,287.925,285.26318186165355,281.7143167446385,270.2618080565954,306.18034808129687,Down,496
2026-01-20 22:20:00,287.3273347835253,288.2,286.8,287.525,285.4688016924123,281.9421866762213,270.4335811107586,304.8868302707014,Down,462
2026-01-20 22:30:00,287.42616739176265,289.0,287.3,288.075,285.7057288112839,282.18268915950677,270.60911761711924,304.57439115518304,Down,508
2026-01-20 22:40:00,287.75058369588135,290.0,287.75058369588135,289.20000000000005,286.0233898284399,282.4578778199183,270.7941015214265,304.57439115518304,Down,740
2026-01-20 22:50:00,288.4752918479407,289.9,288.4752918479407,289.42499999999995,286.33262711676355,282.73109829756856,270.9794835958402,304.0232072989593,Down,484
2026-01-20 23:00:00,288.95014592397035,290.7,288.95014592397035,290.075,286.6728428334214,283.01909444276197,271.16948873419,303.9482575123495,Down,734
2026-01-20 23:10:00,289.51257296198514,291.0,287.8,289.275,286.90940257583765,283.2644240724576,271.3496430751433,303.4028950457858,Down,1167
2026-01-20 23:20:00,289.39378648099256,289.39378648099256,286.9,288.25,287.0312750689433,283.45993685392983,271.5178058306145,301.78362927520794,Down,993
2026-01-20 23:30:00,288.82189324049625,290.8,288.82189324049625,289.82500000000005,287.28525006267574,283.70954717338356,271.6999669666283,301.78362927520794,Down,737
2026-01-20 23:40:00,289.3234466202481,290.9,289.3234466202481,290.225,287.5525000569779,283.96505512736854,271.8842956535276,301.78362927520794,Down,741
2026-01-20 23:50:00,289.77422331012406,290.8,289.0,290.0,287.7750000517981,284.2017196321776,272.0645514181691,301.78362927520794,Down,770
2026-01-21 00:00:00,289.88711165506203,291.6,289.88711165506203,290.7,288.04090913799826,284.45655415640596,272.2499787672421,301.78362927520794,Down,649
2026-01-21 09:00:00,290.293555827531,292.7,288.5,291.125,288.32128103454386,284.71806183654695,272.43778992378697,301.78362927520794,Down,238
2026-01-21 09:10:00,290.7092779137655,292.9,290.4,291.675,288.626164576858,284.9908829409961,272.62920494942097,301.78362927520794,Down,1352
2026-01-21 09:20:00,291.1921389568828,292.9,291.1921389568828,292.325,288.9624223425982,285.2784953746825,272.8251830096258,301.78362927520794,Down,688
2026-01-21 09:30:00,291.75856947844136,293.8,291.7,292.825,289.31356576599836,285.5744367325381,273.0241861637589,301.78362927520794,Down,789
2026-01-21 09:40:00,292.2917847392207,295.2,292.2917847392207,294.175,289.7555143327258,285.911713723419,273.234642022826,301.78362927520794,Down,1018
2026-01-21 09:50:00,293.2333923696103,294.4,293.2333923696103,294.025,290.1436493933871,286.22988181269665,273.44151125642975,301.78362927520794,Down,502
2026-01-21 10:00:00,293.62919618480515,294.5,293.2,294.025,290.4964994485337,286.53557272200266,273.64632208969914,301.78362927520794,Down,424
2026-01-21 10:10:00,293.8270980924026,295.3,293.8270980924026,294.775,290.88545404412156,286.85868751721824,273.85655769079665,301.78362927520794,Down,497
2026-01-21 10:20:00,294.3010490462013,296.9,294.3010490462013,295.8,291.3322309492014,287.20932722242543,274.074900400341,301.78362927520794,Down,721
2026-01-21 10:30:00,295.05052452310065,299.0,295.05052452310065,297.82500000000005,291.92248268109216,287.6256281156637,274.31121979934255,301.78362927520794,Down,904
2026-01-21 10:40:00,296.43776226155035,301.6,296.43776226155035,299.95,292.652256982811,288.1089368170102,274.56633204014514,301.78362927520794,Down,10572
2026-01-21 10:50:00,298.19388113077514,301.3,298.19388113077514,300.5,293.36568816619183,288.594860863402,274.82437848750686,301.78362927520794,Down,1006
2026-01-21 11:00:00,299.3469405653876,372.0,299.3469405653876,318.35,295.6369892419926,289.76172906483725,275.2574692488252,298.8826655031272,Up,12043
2026-01-21 11:10:00,308.84847028269377,308.84847028269377,300.1,301.225,296.14499021999325,290.2112691015103,275.51585263938415,298.8826655031272,Up,1170
2026-01-21 11:20:00,305.03673514134687,305.03673514134687,302.0,302.0,296.6772638363575,290.6735722740001,275.77937649371864,298.8826655031272,Up,114
2026-01-21 11:30:00,303.51836757067343,306.6,302.0,303.925,297.33614894214315,291.19323610639225,276.05943244900504,298.8826655031272,Up,1810
2026-01-21 11:40:00,303.7216837853367,307.8,303.7216837853367,306.225,298.1442263110392,291.7827170433965,276.35958735001003,298.8826655031272,Up,20872
2026-01-21 11:50:00,304.9733418926684,307.8,304.9733418926684,306.875,298.9379330100356,292.3745712769888,276.6632232967761,298.8826655031272,Up,2114
2026-01-21 12:00:00,305.9241709463342,310.5,305.9241709463342,309.025,299.8549391000323,293.02752926612646,276.9852310251664,298.8826655031272,Up,992
2026-01-21 12:10:00,307.47458547316705,311.3,307.47458547316705,310.1,300.7863082727566,293.69703792235686,277.31473121397073,298.8826655031272,Up,23992
2026-01-21 12:20:00,308.78729273658354,315.0,308.78729273658354,312.25,301.8284620661424,294.4246050626566,277.6623458287571,298.8826655031272,Up,2354
2026-01-21 12:30:00,310.5186463682918,316.2,310.5186463682918,315.0,303.02587460558397,295.23148329549366,278.0338647757347,298.8826655031272,Up,2008
2026-01-21 12:40:00,312.7593231841459,316.5,312.7593231841459,316.0,304.2053405505309,296.0459349309645,278.4116372655284,298.8826655031272,Up,1409
2026-01-21 12:50:00,314.3796615920729,316.5,314.3796615920729,316.5,305.32303686411893,296.84805512975026,278.79062594945344,298.8826655031272,Up,215
2026-01-21 13:00:00,315.43983079603646,317.2,313.2,315.07500000000005,306.2095789673808,297.56283728152476,279.1516644972201,298.8826655031272,Up,3205
2026-01-21 13:10:00,315.2574153980182,315.2574153980182,312.2,313.2,306.84507178852806,298.17605934891594,279.49045390520797,298.8826655031272,Up,2284
2026-01-21 13:20:00,314.2287076990091,316.0,311.9,313.7,307.46824708048,298.78484133523295,279.8308473986885,298.8826655031272,Up,37403
2026-01-21 13:30:00,313.9643538495045,316.4,313.9643538495045,315.3,308.1802246186182,299.4324946162042,280.18377429024383,298.8826655031272,Up,1422
2026-01-21 13:40:00,314.63217692475223,317.5,314.5,316.2,308.9092951078347,300.0900438469413,280.54214469531604,298.8826655031272,Up,2397
2026-01-21 13:50:00,315.41608846237614,318.5,315.41608846237614,317.075,309.6516319162133,300.75612055882596,280.9056556933726,298.8826655031272,Up,2025
2026-01-21 14:00:00,316.2455442311881,317.3,315.7,316.575,310.2810290147393,301.3764687722054,281.2605745421947,298.8826655031272,Up,852
2026-01-21 14:10:00,316.410272115594,316.410272115594,313.2,315.025,310.71229910430844,301.91170529094245,281.5965389746107,298.8826655031272,Up,1287
2026-01-21 14:20:00,315.717636057797,315.717636057797,312.6,313.875,310.99981736755313,302.38085410306235,281.91771769128127,298.8826655031272,Up,1053
2026-01-21 14:30:00,314.7963180288985,314.7963180288985,312.3,313.07500000000005,311.1884703341392,302.8002323735305,282.2277404008208,298.8826655031272,Up,683
2026-01-21 14:40:00,313.93565901444924,314.5,312.2,313.45,311.39406394012656,303.2178703196666,282.53840965056384,298.8826655031272,Up,981
2026-01-21 14:50:00,313.6928295072246,314.6,312.3,313.3,311.5673308546605,303.6132479541895,282.84449512667766,298.8826655031272,Up,899
2026-01-21 15:00:00,313.49641475361227,313.8,311.0,312.675,311.6680280496914,303.9686107795154,283.14131607069083,298.8826655031272,Up,1328
2026-01-21 15:10:00,313.0857073768061,316.4,312.8,314.775,311.95048004517395,304.39239074894624,283.45607909486307,299.2921346905419,Up,2127
2026-01-21 15:20:00,313.93035368840304,316.3,313.5,314.9,312.21861822288537,304.8044538568307,283.76895392974006,299.9655769914017,Up,1075
2026-01-21 15:30:00,314.4151768442015,314.4151768442015,313.1,313.75,312.35783474807755,305.1552595879354,284.0672727961108,299.9655769914017,Up,764
2026-01-21 15:40:00,314.08258842210074,316.1,314.0,315.0,312.5980315891614,305.54132783938894,284.37506112649777,301.25791486892706,Up,1010
2026-01-21 15:50:00,314.5412942110504,316.7,314.5412942110504,315.875,312.8959378083285,305.9465698849031,284.6884933540948,302.2974039722045,Up,1111
2026-01-21 16:00:00,315.2081471055252,316.8,315.2081471055252,315.90000000000003,313.1690343712077,306.336900477652,284.999055609278,303.31317874266205,Up,1512
2026-01-21 16:10:00,315.5540735527626,316.9,315.5,316.15,313.44003124655245,306.72172790990095,285.3090152549569,304.1537319908177,Up,1164
2026-01-21 16:20:00,315.8520367763813,317.6,315.8520367763813,317.025,313.76593749686583,307.1257777957872,285.6245971927185,305.13924266216355,Up,1419
2026-01-21 16:30:00,316.43851838819063,320.0,316.43851838819063,318.6,314.20539772442345,307.57574729399164,285.9527106534875,306.39074249341274,Up,1675
2026-01-21 16:40:00,317.5192591940953,322.0,317.5192591940953,320.55,314.78217974947586,308.0845415177567,286.2969622887762,307.3770723033708,Up,1574
2026-01-21 16:50:00,319.0346295970477,325.2,319.0346295970477,323.5,315.5747088631599,308.6890693013741,286.6671417684899,308.6184916577441,Up,2482
2026-01-21 17:00:00,321.26731479852384,325.2,321.26731479852384,324.975,316.42928078469083,309.32773325033986,287.04831448721137,309.53193265256175,Up,1900
2026-01-21 17:10:00,323.121157399262,324.9,319.0,322.17499999999995,316.9516188951735,309.8315476326795,287.3978337460451,309.53193265256175,Up,71002
2026-01-21 17:20:00,322.64807869963096,322.64807869963096,318.5,319.5,317.1832899047032,310.21070262747634,287.7172582858854,309.53193265256175,Up,1410
2026-01-21 17:30:00,321.0740393498155,321.0740393498155,317.2,318.8,317.3302635497302,310.5475378185557,288.02653929796617,309.53193265256175,Up,1280
2026-01-21 17:40:00,319.9370196749078,320.4,318.6,319.475,317.52523959066383,310.89763437469077,288.3394593049516,309.53193265256175,Up,1107
2026-01-21 17:50:00,319.7060098374539,322.1,319.1,320.625,317.8070359915125,311.27909969333035,288.66070846609637,309.53193265256175,Up,1182
2026-01-21 18:00:00,320.1655049187269,324.7,320.1655049187269,322.95000000000005,318.2745781741023,311.7367820582978,289.00189544653324,309.53193265256175,Up,2320
2026-01-21 18:10:00,321.5577524593635,327.7,321.5577524593635,324.925,318.87916197645666,312.25396707561947,289.3593392729359,309.53193265256175,Up,3078
2026-01-21 18:20:00,323.24137622968175,325.8,323.1,325.0,319.43560179677877,312.75381150402654,289.7139727130062,309.5751998113762,Up,1907
2026-01-21 18:30:00,324.12068811484085,327.7,324.12068811484085,326.275,320.0573652697989,313.2840541901432,290.0777640292947,311.08623047315905,Up,2113
2026-01-21 18:40:00,325.1978440574204,328.0,324.2,326.65,320.65669569981713,313.8082089277847,290.4416668747744,311.2417149233988,Up,2370
2026-01-21 18:50:00,325.9239220287102,330.0,325.9239220287102,328.125,321.3356324543792,314.3696517149304,290.81662541333384,312.9722189551577,Up,2870
2026-01-21 19:00:00,327.0244610143551,329.2,327.0,327.875,321.930120413072,314.8992732163057,291.18536545897234,313.672961764366,Up,1914
2026-01-21 19:10:00,327.44973050717755,328.0,324.8,326.525,322.3478367391564,315.3551840705682,291.53700361360944,313.672961764366,Up,1352
2026-01-21 19:20:00,326.9873652535888,326.9873652535888,324.0,325.175,322.60485158105126,315.7402748913303,291.87171004531484,313.672961764366,Up,1897
2026-01-21 19:30:00,326.08118262679443,327.5,324.8,325.9,322.9044105282284,316.1386954838271,292.21029999511273,313.672961764366,Up,1601
2026-01-21 19:40:00,325.9905913133972,327.6,324.4,325.975,323.1835550256622,316.5244329158339,292.54626715934046,313.672961764366,Up,1215
2026-01-21 19:50:00,325.9827956566986,325.9827956566986,323.5,325.025,323.3509591142384,316.85778848776204,292.8694386303918,313.672961764366,Up,1217
2026-01-21 20:00:00,325.5038978283493,326.6,322.2,324.02500000000003,323.4122355583985,317.13885560588903,293.1794442161591,313.672961764366,Up,1823
2026-01-21 20:10:00,324.76444891417464,324.76444891417464,320.6,322.02500000000003,323.2861232349077,317.3304691115404,293.46646467171973,313.672961764366,Up,1849
2026-01-21 20:20:00,323.39472445708736,323.39472445708736,320.8,321.85,323.1555665771888,317.5077056169702,293.74888790881704,313.672961764366,Up,1434
2026-01-21 20:30:00,322.6223622285437,324.2,321.8,322.975,323.13915143380797,317.72210931826555,294.03969499430144,313.672961764366,Up,108017
2026-01-21 20:40:00,322.79868111427186,325.3,322.5,323.675,323.18786493982543,317.9555560116669,294.3345736510746,313.672961764366,Up,1785
2026-01-21 20:50:00,323.2368405571359,323.4,321.2,322.27500000000003,323.10487721802315,318.12494597199367,294.61258784360126,313.672961764366,Up,1167
2026-01-21 21:00:00,322.75592027856794,322.75592027856794,315.8,318.85,322.71807019820284,318.15337946328805,294.8537561237644,313.672961764366,Up,3050
2026-01-21 21:10:00,320.802960139284,320.802960139284,313.0,315.67499999999995,322.0777910892753,318.0561881117866,295.0609326797469,313.672961764366,Up,2565
2026-01-21 21:20:00,318.238980069642,318.238980069642,313.4,314.67499999999995,321.4048100811594,317.9235924995596,295.25609752870463,313.672961764366,Up,1263
2026-01-21 21:30:00,316.45699003482093,316.45699003482093,311.2,313.25,320.6634637101449,317.740314362322,295.4351413343892,330.3374981078061,Down,2555
2026-01-21 21:40:00,314.85349501741047,316.9,313.8,315.3,320.17587610013175,317.64461575987804,295.63280161961916,330.3374981078061,Down,1982
2026-01-21 21:50:00,315.07674750870524,318.7,315.07674750870524,317.35,319.918978272847,317.63306220066715,295.84889314579215,330.3374981078061,Down,1654
2026-01-21 22:00:00,316.21337375435263,319.3,316.21337375435263,318.575,319.7967984298609,317.6700009378959,296.07502356225194,330.3374981078061,Down,1659
2026-01-21 22:10:00,317.3941868771763,319.8,317.3941868771763,318.70000000000005,319.69708948169176,317.7103930579784,296.3001477059111,330.3374981078061,Down,1576
2026-01-21 22:20:00,318.0470934385881,319.6,318.0470934385881,318.875,319.6223540742652,317.75606391844985,296.5247731018722,330.3374981078061,Down,1195
2026-01-21 22:30:00,318.4610467192941,321.4,318.1,319.975,319.65441279478654,317.84308101968713,296.75810869289836,330.3374981078061,Down,1532
2026-01-21 22:40:00,319.2180233596471,321.8,319.2180233596471,320.85,319.76310254071507,317.96099941107195,296.9978290044118,330.3374981078061,Down,1222
2026-01-21 22:50:00,320.03401167982355,321.8,319.3,320.75,319.85282049155916,318.07037198318676,297.2341690143182,330.3374981078061,Down,849
2026-01-21 23:00:00,320.3920058399118,322.1,320.3920058399118,321.25,319.9798368105083,318.1950632779638,297.47313250671306,330.3374981078061,Down,1067
2026-01-21 23:10:00,320.8210029199559,323.9,320.8210029199559,322.825,320.238488009553,318.37662942392603,297.725389894706,330.3374981078061,Down,1257
2026-01-21 23:20:00,321.82300145997795,324.3,321.3,323.075,320.49635273595726,318.56087925043875,297.9776248211268,330.3374981078061,Down,1115
2026-01-21 23:30:00,322.44900072998894,323.3,321.5,322.725,320.69895703268844,318.72417810336276,298.2238673602201,330.3374981078061,Down,1141
2026-01-21 23:40:00,322.5870003649945,323.3,319.3,321.32500000000005,320.7558700297168,318.8261711189172,298.45372937653633,330.3374981078061,Down,1357
2026-01-21 23:50:00,321.9560001824973,321.9560001824973,318.5,319.54999999999995,320.6462454815607,318.8545565652342,298.66364251706835,330.3374981078061,Down,1106
2026-01-22 00:00:00,320.7530000912486,321.4,319.3,320.35,320.6193140741461,318.91320140581325,298.87942716863984,330.3374981078061,Down,657
2026-01-22 09:00:00,320.55150004562427,333.8,312.3,323.125,320.84710370376916,319.07836997813433,299.1206766495489,330.3374981078061,Down,1844
2026-01-22 09:10:00,321.83825002281213,334.6,321.83825002281213,332.425,321.8996397306993,319.6017672338938,299.45206295154344,310.0731366248234,Up,4009
2026-01-22 09:20:00,327.1316250114061,335.0,327.1316250114061,334.05,323.00421793699934,320.1683645972705,299.7963210316276,310.0731366248234,Up,1533
2026-01-22 09:30:00,330.59081250570307,336.1,330.59081250570307,335.15,324.10837994272663,320.75587971110303,300.1480989318104,310.5832115577357,Up,1438
2026-01-22 09:40:00,332.8704062528515,336.6,332.8704062528515,335.375,325.1326181297515,321.3291785459617,300.4986153603496,312.6860829500846,Up,1156
2026-01-22 09:50:00,334.1227031264258,337.0,334.1227031264258,336.025,326.12283466341046,321.90548526964955,300.8521117249233,314.4704070852394,Up,1173
2026-01-22 10:00:00,335.0738515632129,337.8,333.2,335.32500000000005,326.95939514855496,322.4317407492711,301.1951255386057,314.65368683820594,Up,18642
2026-01-22 10:10:00,335.19942578160646,335.8,332.1,333.8,327.58126831686815,322.877554837535,301.51955215016187,314.65368683820594,Up,2264
2026-01-22 10:20:00,334.49971289080327,335.4,332.0,333.775,328.1443348335165,323.3049056282199,301.840501880011,314.65368683820594,Up,1678
2026-01-22 10:30:00,334.1373564454016,335.0,332.2,333.65,328.64484984865135,323.71059560358384,302.15701429911536,314.6837617116499,Up,1046
2026-01-22 10:40:00,333.8936782227008,333.8936782227008,330.9,332.225,328.97031804422846,324.044493815208,302.4561982364376,314.6837617116499,Up,1463
2026-01-22 10:50:00,333.0593391113504,335.1,332.6,333.675,329.39801640384405,324.4221607244155,302.76683307985616,316.18164497733017,Up,1742
2026-01-22 11:00:00,333.3671695556752,335.5,333.3671695556752,334.65000000000003,329.8754694580401,324.8232524607129,303.0840785218477,317.59586914111054,Up,895
2026-01-22 11:10:00,334.00858477783765,336.2,334.0,334.825,330.3254267800364,325.21547785441044,303.3999085863069,318.99298578479363,Up,797
2026-01-22 11:20:00,334.4167923889188,335.8,334.1,334.85,330.7367516182149,325.5933022522767,303.7128448192789,319.6890779861761,Up,397
2026-01-22 11:30:00,334.6333961944594,337.2,334.6333961944594,335.9,331.20613783474084,325.9974864776776,304.0331150200821,321.10982215537496,Up,1234
2026-01-22 11:40:00,335.26669809722966,336.8,335.1,336.05,331.6464889406735,326.3917026942393,304.35169099003156,321.8710218710412,Up,699
2026-01-22 11:50:00,335.6583490486148,336.1,334.0,335.425,331.9899899460668,326.7459496474064,304.66087814435963,321.8710218710412,Up,654
2026-01-22 12:00:00,335.5416745243074,336.8,334.5,335.3,332.29089995096984,327.08140260241004,304.9657450284954,322.48390237276124,Up,1079
2026-01-22 12:10:00,335.42083726215367,335.42083726215367,331.7,333.425,332.39399995542715,327.3301711278057,305.24892169487856,322.48390237276124,Up,1860
2026-01-22 12:20:00,334.42291863107687,334.5,332.1,333.325,332.4786363231156,327.5652624561271,305.5282856581136,322.48390237276124,Up,1071
2026-01-22 12:30:00,333.8739593155384,336.0,333.8739593155384,335.025,332.71012393010506,327.85780118333776,305.8217853033065,322.48390237276124,Up,759
2026-01-22 12:40:00,334.4494796577692,336.0,333.8,335.225,332.93874902736826,328.1467109408539,306.1143546037712,322.4852656703092,Up,675
2026-01-22 12:50:00,334.8372398288845,336.8,334.8372398288845,336.175,333.23295366124387,328.46154580591843,306.4134655032362,323.8187668252269,Up,664
2026-01-22 13:00:00,335.50611991444225,337.8,335.50611991444225,336.85,333.56177605567626,328.7905047939216,306.7163165927562,324.9099643904588,Up,1329
2026-01-22 13:10:00,336.17805995722114,338.3,336.17805995722114,337.05,333.87888732334204,329.114406566709,307.01814428835064,325.7918739932707,Up,905
2026-01-22 13:20:00,336.6140299786106,337.4,335.1,336.0,334.07171574849275,329.3844298386028,307.30652096209843,325.7918739932707,Up,569
2026-01-22 13:30:00,336.3070149893053,336.9,335.1,335.85,334.23337795317525,329.637981609638,307.5905356788935,325.7918739932707,Up,279
2026-01-22 13:40:00,336.0785074946526,336.1,334.4,335.375,334.3371617756139,329.8629627229855,307.8669980104468,325.7918739932707,Up,478
2026-01-22 13:50:00,335.7267537473263,335.7267537473263,333.2,334.175,334.3224197960126,330.0320622240449,308.128769174522,325.7918739932707,Up,613
2026-01-22 14:00:00,334.9508768736632,334.9508768736632,329.3,331.54999999999995,334.0703816327387,330.091589195651,308.3618162474123,325.7918739932707,Up,1984
2026-01-22 14:10:00,333.2504384368316,333.2504384368316,329.5,330.125,333.71171057521696,330.0928994232725,308.5783653394779,325.7918739932707,Up,692
2026-01-22 14:20:00,331.6877192184158,331.6877192184158,329.2,329.625,333.34019143201544,330.07455042628146,308.78778458983135,325.7918739932707,Up,743
2026-01-22 14:30:00,330.6563596092079,330.6563596092079,327.1,328.5,332.90017402910496,330.012803350741,308.98392603669873,325.7918739932707,Up,1186
2026-01-22 14:40:00,329.578179804604,329.578179804604,323.5,326.075,332.27970366282267,329.8583796899277,309.1539864741445,325.7918739932707,Up,1583
2026-01-22 14:50:00,327.826589902302,327.826589902302,323.5,324.25,331.54973060256606,329.63844323149914,309.304195563954,339.1110514643668,Down,612
2026-01-22 15:00:00,326.038294951151,326.038294951151,322.2,322.975,330.77020963869643,329.3771317322247,309.4402234687903,337.7401242880084,Down,1122
2026-01-22 15:10:00,324.5066474755755,324.5066474755755,319.7,321.5,329.92746330790584,329.06822460547085,309.56022124522025,336.23390174020875,Down,1765
2026-01-22 15:20:00,323.0033237377877,323.2,321.1,322.275,329.23178482536895,328.8018236405504,309.6867364567106,335.75961636583725,Down,1253
2026-01-22 15:30:00,322.6391618688939,325.2,322.6391618688939,324.075,328.7629862048808,328.61645800758765,309.8299032581364,335.75961636583725,Down,1476
2026-01-22 15:40:00,323.3570809344469,326.7,323.3570809344469,325.625,328.47771473170985,328.4991459288587,309.9870683998465,335.75961636583725,Down,1463
2026-01-22 15:50:00,324.49104046722346,326.8,324.49104046722346,326.075,328.2592861197362,328.404081382629,310.1471473212411,335.75961636583725,Down,750
2026-01-22 16:00:00,325.2830202336117,329.6,325.2830202336117,327.475,328.18798738157835,328.3676468186044,310.31956376580587,335.75961636583725,Down,1544
2026-01-22 16:10:00,326.3790101168059,328.0,326.3790101168059,327.625,328.1368067105258,328.3385234139533,310.491757161171,335.75961636583725,Down,855
2026-01-22 16:20:00,327.0020050584029,330.3,327.0020050584029,328.925,328.2084606459325,328.361522495759,310.67517251280117,335.75961636583725,Down,1214
2026-01-22 16:30:00,327.9635025292015,331.3,327.9635025292015,330.475,328.41450967812045,328.44440396651356,310.872185721629,335.75961636583725,Down,1031
2026-01-22 16:40:00,329.2192512646008,334.0,329.2192512646008,332.05,328.74500879829134,328.5857998893954,311.0829102418118,335.75961636583725,Down,2153
2026-01-22 16:50:00,330.6346256323004,333.8,330.6346256323004,332.3,329.06818981662843,328.7314547956936,311.2940255627888,335.75961636583725,Down,1315
2026-01-22 17:00:00,331.4673128161502,336.8,331.4673128161502,334.15000000000003,329.5301725605713,328.94394676448997,311.52144819400485,335.75961636583725,Down,1815
2026-01-22 17:10:00,332.8086564080751,338.6,332.8086564080751,337.275,330.23424778233755,329.27065473451,311.7777024408307,320.7790942277887,Up,2667
2026-01-22 17:20:00,335.0418282040376,338.4,335.0418282040376,337.25,330.8720434384887,329.58357023511746,312.03115813793687,321.93136619780626,Up,69031
2026-01-22 17:30:00,336.1459141020188,339.1,336.1459141020188,337.6,331.4836758531715,329.89794002981876,312.2855744748728,323.10370044791387,Up,2540
2026-01-22 17:40:00,336.8729570510094,337.8,333.6,336.025,331.8965235028832,330.1382168913945,312.5217876641776,323.10370044791387,Up,3446
2026-01-22 17:50:00,336.4489785255047,339.8,335.0,336.95,332.35593045716655,330.4053456407516,312.7648544535888,323.10370044791387,Up,3308
2026-01-22 18:00:00,336.6994892627523,338.3,333.4,335.75,332.66448223378774,330.6149399293496,312.99356236947347,323.10370044791387,Up,2694
2026-01-22 18:10:00,336.2247446313761,336.2247446313761,328.3,331.775,332.5836202125343,330.6604324811398,313.1804423458966,323.10370044791387,Up,4540
2026-01-22 18:20:00,333.9998723156881,333.9998723156881,327.4,329.67499999999995,332.31920019321296,330.62178807011475,313.34456729767874,323.10370044791387,Up,5292
2026-01-22 18:30:00,331.837436157844,331.837436157844,324.9,328.2,331.9447274483754,330.5268159889338,313.49238254844806,323.10370044791387,Up,4357
2026-01-22 18:40:00,330.018718078922,334.8,329.6,331.5,331.90429768034124,330.5649800677991,313.6715628215979,323.10370044791387,Up,3475
2026-01-22 18:50:00,330.759359039461,333.0,330.1,331.925,331.90617970940116,330.6183141827874,313.853189062179,323.10370044791387,Up,2133
2026-01-22 19:00:00,331.3421795197305,336.7,331.3421795197305,334.4,332.1328906449101,330.76661558738397,314.05763494215734,323.10370044791387,Up,2072
2026-01-22 19:10:00,332.87108975986524,340.0,332.87108975986524,337.40000000000003,332.6117187681001,331.0267483094474,314.28989728104136,323.10370044791387,Up,4880
2026-01-22 19:20:00,335.13554487993264,339.2,334.8,337.15,333.02428978918186,331.266875826724,314.51736098968775,323.10370044791387,Up,3171
2026-01-22 19:30:00,336.1427724399663,338.4,335.8,336.95,333.38117253561984,331.48974344136224,314.74057132809884,323.10370044791387,Up,1681
2026-01-22 19:40:00,336.5463862199831,338.7,336.1,337.425,333.74879321419985,331.72249860052455,314.966287036277,323.10370044791387,Up,1398
2026-01-22 19:50:00,336.9856931099916,337.5,335.1,336.3,333.98072110381804,331.90200845932753,315.1785627871598,323.10370044791387,Up,1847
2026-01-22 20:00:00,336.6428465549958,338.0,335.3,336.20000000000005,334.18247373074365,332.07055714719706,315.3877313166408,323.10370044791387,Up,1234
2026-01-22 20:10:00,336.4214232774979,338.2,336.2,337.075,334.44543066431237,332.26680980809135,315.6035250348832,323.10370044791387,Up,1529
2026-01-22 20:20:00,336.74821163874896,339.0,336.74821163874896,337.75,334.74584605846576,332.4818368744407,315.82388796985947,323.10370044791387,Up,1802
2026-01-22 20:30:00,337.24910581937445,338.7,337.24910581937445,337.95,335.0371327804234,332.6962746440705,316.04404828856735,323.56477827788893,Up,1318
2026-01-22 20:40:00,337.5995529096872,339.7,337.5995529096872,338.8,335.3792116185667,332.93563642273443,316.2704756687806,324.7861823930951,Up,1537
2026-01-22 20:50:00,338.1997764548436,340.0,336.5,338.2,335.63564692596975,333.14208205321546,316.4886798909818,324.7861823930951,Up,2476
2026-01-22 21:00:00,338.1998882274217,340.0,335.5,337.85,335.83695175088155,333.32670628642273,316.70123033982776,324.7861823930951,Up,4442
2026-01-22 21:10:00,338.0249441137109,340.2,335.7,337.925,336.02677431898326,333.50703153009243,316.91241212749117,324.7861823930951,Up,5456
2026-01-22 21:20:00,337.97497205685545,338.0,334.2,336.025,336.0266130172575,333.60577539165746,317.10258713119777,324.7861823930951,Up,4011
2026-01-22 21:30:00,336.9999860284277,337.3,334.9,335.925,336.0173754702341,333.6967253762984,317.28987482143464,324.7861823930951,Up,2584
2026-01-22 21:40:00,336.46249301421386,338.8,336.3,337.5,336.1521595183946,333.8458734007573,317.4909705943557,324.7861823930951,Up,2602
2026-01-22 21:50:00,336.9812465071069,338.6,335.7,337.40000000000003,336.26559956217693,333.9852509144531,317.6890703894368,324.7861823930951,Up,2488
2026-01-22 22:00:00,337.19062325355344,339.0,337.0,337.95,336.4187268747063,334.1407312707491,317.89067167909417,324.7902272722964,Up,1330
2026-01-22 22:10:00,337.57031162677674,339.2,336.1,337.75,336.53975170427844,334.2822712209158,318.0882769360186,324.7902272722964,Up,1466
2026-01-22 22:20:00,337.6601558133884,338.4,336.6,337.375,336.6156833675259,334.4035547024485,318.2801846281975,324.90349361346813,Up,481
2026-01-22 22:30:00,337.5175779066942,337.9,332.5,335.2,336.486984879569,334.4347878513721,318.44854100005625,324.90349361346813,Up,1850
2026-01-22 22:40:00,336.3587889533472,336.3587889533472,332.5,333.05,336.1745317086991,334.380482445436,318.5938291493094,324.90349361346813,Up,1227
2026-01-22 22:50:00,334.70439447667354,334.70439447667354,330.6,331.825,335.779119735181,334.28026744757574,318.72548259060983,324.90349361346813,Up,1526
2026-01-22 23:00:00,333.2646972383368,333.2646972383368,328.2,329.925,335.2469270319827,334.10947264571,318.8369205747829,324.90349361346813,Up,2565
2026-01-22 23:10:00,331.5948486191684,333.3,329.8,331.425,334.8994791199843,334.00419920862333,318.96217509642685,324.90349361346813,Up,1991
2026-01-22 23:20:00,331.5099243095842,333.5,329.6,331.45,334.5858901090766,333.90403453377536,319.0864320606415,324.90349361346813,Up,1414
2026-01-22 23:30:00,331.47996215479213,331.47996215479213,327.5,329.075,334.08490009916056,333.71466063049,319.18582079635655,324.90349361346813,Up,1816
2026-01-22 23:40:00,330.27748107739603,331.0,327.7,328.95000000000005,333.61809099923687,333.5278111940002,319.2829768083331,324.90349361346813,Up,1568
2026-01-22 23:50:00,329.61374053869804,329.61374053869804,321.6,325.25,332.8573554538517,333.20319114717665,319.34235017342434,324.90349361346813,Up,3057
2026-01-23 00:00:00,327.431870269349,327.431870269349,320.6,322.0,331.87032313986515,332.7638503178756,319.3687944503057,341.1367670292116,Down,1369
2026-01-23 09:00:00,324.7159351346745,329.8,322.2,326.975,331.42529376351376,332.5368365799197,319.4444780876161,341.1367670292116,Down,275
2026-01-23 09:10:00,325.84546756733727,328.1,325.0,326.35,330.96390342137613,332.2942155375699,319.5131897484359,341.1367670292116,Down,2272
2026-01-23 09:20:00,326.0977337836687,327.5,325.9,326.45,330.55354856488736,332.065030614528,319.5822127360136,341.1367670292116,Down,860
2026-01-23 09:30:00,326.2738668918344,326.9,326.0,326.35,330.1714077862612,331.84091176689947,319.64955390281943,341.1367670292116,Down,400
2026-01-23 09:40:00,326.3119334459172,326.5,325.6,326.0,329.7921888966011,331.6118564034917,319.7127424211994,340.5705356654334,Down,600
2026-01-23 09:50:00,326.1559667229586,326.1559667229586,321.4,324.05,329.2701717241828,331.31531301511944,319.7558992130283,338.7079127747673,Down,2392
2026-01-23 10:00:00,325.10298336147935,325.10298336147935,321.4,322.525,328.6569742947116,330.97059485766374,319.7834524546897,338.1706941879031,Down,1253
2026-01-23 10:10:00,323.81399168073966,325.2,321.4,323.29999999999995,328.1699766315559,330.66978721618676,319.81844297752866,338.1706941879031,Down,1477
2026-01-23 10:20:00,323.55699584036984,326.4,323.55699584036984,325.3,327.9090696650508,330.4592073253559,319.87298583347365,338.1706941879031,Down,1428
2026-01-23 10:30:00,324.4284979201849,325.8,324.0,324.925,327.63779060459166,330.2421795871067,319.92325463115054,338.1706941879031,Down,559
2026-01-23 10:40:00,324.6767489600925,324.6767489600925,320.6,322.7,327.1889005496287,329.9464078385927,319.9508839383033,336.96596993606937,Down,1625
2026-01-23 10:50:00,323.68837448004626,323.68837448004626,321.0,321.95000000000005,326.7126368632988,329.6328232174714,319.9707756404098,336.3468647382428,Down,822
2026-01-23 11:00:00,322.81918724002315,322.81918724002315,320.7,321.475,326.2364880575444,329.31290858149214,319.9857430469729,335.25991397840147,Down,705
2026-01-23 11:10:00,322.1470936200116,322.1470936200116,317.8,319.75,325.64680732504036,328.93789255868853,319.983397345013,333.8273266340009,Down,2320
2026-01-23 11:20:00,320.9485468100058,320.9485468100058,318.2,319.1,325.0516430227639,328.55209285050466,319.9746073216795,333.1680902668187,Down,862
2026-01-23 11:30:00,320.0242734050029,320.0242734050029,315.8,317.4,324.3560391116036,328.11475587597505,319.94898933837925,331.80625145142596,Down,1801
2026-01-23 11:40:00,318.7121367025014,318.7121367025014,315.4,316.3,323.6236719196396,327.65143211613287,319.9126809867536,330.89149510572804,Down,1657
2026-01-23 11:50:00,317.50606835125075,318.5,315.9,317.0,323.0215199269451,327.2337288958924,319.88369908638794,330.723115231343,Down,23606
2026-01-23 12:00:00,317.2530341756254,318.2,316.4,317.0,322.47410902449553,326.8324061940927,319.8550055631403,330.2482865739482,Down,1152
2026-01-23 12:10:00,317.12651708781266,317.12651708781266,315.6,316.275,321.9105536586323,326.4183902649126,319.81938361723843,328.68952527942747,Down,818
2026-01-23 12:20:00,316.7007585439063,316.7007585439063,315.6,316.075,321.38004878057484,326.01276711726894,319.7821260688082,327.75635213839286,Down,514
2026-01-23 12:30:00,316.3878792719531,316.5,315.6,316.0,320.8909534368862,325.6201095832584,319.74449297359627,326.9281571513088,Down,496
2026-01-23 12:40:00,316.19393963597656,316.19393963597656,313.8,315.2,320.37359403353287,325.21147783489533,319.6992741380381,325.7567270958969,Down,1445
2026-01-23 12:50:00,315.69696981798825,316.3,314.9,315.54999999999995,319.93508548502984,324.83259635117395,319.6579878282069,325.7567270958969,Down,739
2026-01-23 13:00:00,315.6234849089941,316.2,313.7,315.175,319.5023504409362,324.4538670825005,319.6133809841452,325.2142622131476,Down,1717
2026-01-23 13:10:00,315.3992424544971,316.3,314.5,315.425,319.1316822190329,324.0997938635789,319.5717055514672,325.2142622131476,Down,932
2026-01-23 13:20:00,315.4121212272486,317.9,315.3,316.725,318.9128929263935,323.81058626108563,319.5433801230944,325.2142622131476,Down,1373
2026-01-23 13:30:00,316.0685606136243,318.4,316.0685606136243,317.625,318.7958117512668,323.568014250847,319.5242917636606,325.2142622131476,Down,1498
2026-01-23 13:40:00,316.8467803068121,321.4,316.6,319.35,318.8461925011517,323.40260192728437,319.522557517256,325.2142622131476,Down,1831
2026-01-23 13:50:00,318.09839015340606,322.7,318.09839015340606,321.57499999999993,319.0942659101379,323.3309312634693,319.5429798305172,325.2142622131476,Down,2549
2026-01-23 14:00:00,319.836695076703,324.2,319.836695076703,322.45,319.3993326455799,323.29638493941167,319.57190540434294,325.2142622131476,Down,2073
2026-01-23 14:10:00,321.14334753835146,324.5,321.14334753835146,323.425,319.7653024050726,323.3014286672779,319.61024465405103,325.2142622131476,Down,1160
2026-01-23 14:20:00,322.2841737691757,324.4,322.2,323.375,320.09345673188415,323.30431381758075,319.64770490624954,325.2142622131476,Down,1485
2026-01-23 14:30:00,322.82958688458785,323.9,322.3,322.975,320.35541521080376,323.2913995502247,319.6808123201177,325.2142622131476,Down,684
2026-01-23 14:40:00,322.902293442294,325.2,322.7,324.0,320.68674110073067,323.31918780315704,319.7237893119573,325.2142622131476,Down,1144
2026-01-23 14:50:00,323.451146721147,326.0,323.451146721147,324.95,321.07431009157335,323.3831412226411,319.77579140835576,325.2142622131476,Down,1352
2026-01-23 15:00:00,324.20057336057346,325.6,324.20057336057346,324.775,321.4107364468848,323.43772391979246,319.82553477742687,325.2142622131476,Down,661
2026-01-23 15:10:00,324.4877866802867,325.0,322.7,323.725,321.62112404262257,323.44898964842804,319.8643354264077,325.2142622131476,Down,1026
2026-01-23 15:20:00,324.10639334014337,324.10639334014337,322.1,322.82500000000005,321.73056731147506,323.42451946613676,319.8937947753987,325.2142622131476,Down,1192
2026-01-23 15:30:00,323.4656966700717,324.3,322.5,323.5,321.8914248286137,323.42747948707256,319.9296774144495,325.2142622131476,Down,957
2026-01-23 15:40:00,323.48284833503584,325.0,323.1,323.975,322.08084075328514,323.4489508797364,319.96992938047487,325.2142622131476,Down,942
2026-01-23 15:50:00,323.7289241675179,323.7289241675179,320.8,322.25,322.09621886662285,323.4019331981781,319.9926166503209,325.2142622131476,Down,1425
2026-01-23 16:00:00,322.9894620837589,323.5,319.5,321.825,322.07156260602073,323.3400926806025,320.01084932046695,325.2142622131476,Down,2538
2026-01-23 16:10:00,322.40723104187947,324.9,322.40723104187947,323.8,322.22869327820064,323.3581282617553,320.0485523123031,325.2142622131476,Down,1726
2026-01-23 16:20:00,323.10361552093974,324.7,322.8,323.79999999999995,322.37153934381877,323.3754565652159,320.0858801499917,325.2142622131476,Down,1060
2026-01-23 16:30:00,323.4518077604698,323.4518077604698,322.1,322.775,322.4082175852898,323.351909248933,320.1126375614346,325.2142622131476,Down,631
2026-01-23 16:40:00,323.1134038802349,323.5,322.1,322.95,322.45747053208163,323.336148101916,320.1408700235099,325.2142622131476,Down,697
2026-01-23 16:50:00,323.03170194011744,324.0,322.2,323.35,322.5386095746196,323.3366913136056,320.172801665067,325.2142622131476,Down,565
2026-01-23 17:00:00,323.1908509700587,324.8,323.1908509700587,323.95,322.6669177951087,323.3607426346407,320.2103857281012,325.2142622131476,Down,678
2026-01-23 17:10:00,323.5704254850293,325.9,323.5,324.65,322.84719799555336,323.41130174700777,320.2545609944882,325.2142622131476,Down,1199
2026-01-23 17:20:00,324.11021274251465,327.5,324.11021274251465,326.20000000000005,323.1519981777758,323.5206624628114,320.31371959155797,316.16862451749364,Up,2972
2026-01-23 17:30:00,325.1551063712574,326.9,324.7,325.725,323.3859074343416,323.6071070721129,320.36756317771165,316.23956195112385,Up,1577
2026-01-23 17:40:00,325.4400531856287,328.7,324.7,326.7,323.6871885766742,323.7283969908536,320.43057249932644,316.5541472282944,Up,2508
2026-01-23 17:50:00,326.0700265928143,330.7,326.0700265928143,329.2,324.188353251522,323.94296965787896,320.5178304844078,317.47788408315273,Up,3490
2026-01-23 18:00:00,327.6350132964071,330.8,327.6350132964071,329.57500000000005,324.6780484104745,324.16383359286414,320.6079515741152,318.15103038030213,Up,2696
2026-01-23 18:10:00,328.6050066482036,330.5,327.5,329.125,325.082316736795,324.35838913824205,320.6926983246215,318.15103038030213,Up,2467
2026-01-23 18:20:00,328.8650033241018,328.8650033241018,325.4,327.275,325.28165157890453,324.47276603478156,320.75819386368005,318.15103038030213,Up,4146
2026-01-23 18:30:00,328.0700016620509,328.0700016620509,321.5,324.725,325.23104688991316,324.4826575628294,320.7976645715042,318.15103038030213,Up,5119
2026-01-23 18:40:00,326.39750083102547,326.39750083102547,318.0,321.02500000000003,324.84867899083014,324.3470631486008,320.79992661556884,318.15103038030213,Up,5443
2026-01-23 18:50:00,323.7112504155127,327.9,320.2,323.775,324.7510718098456,324.32462929963606,320.8295293358119,318.15103038030213,Up,6007
2026-01-23 19:00:00,323.74312520775635,326.8,323.2,325.55000000000007,324.8237016453142,324.3726830525915,320.87649919316704,318.15103038030213,Up,3809
2026-01-23 19:10:00,324.64656260387824,328.2,323.9,326.475,324.97381967755837,324.4551268544507,320.93220566885697,318.15103038030213,Up,3733
2026-01-23 19:20:00,325.5607813019391,330.3,325.5607813019391,328.5,325.29438152505304,324.61374933074677,321.0075071049878,318.15103038030213,Up,5996
2026-01-23 19:30:00,327.03039065096954,332.1,327.03039065096954,329.90000000000003,325.71307411368457,324.8210532785606,321.09598962135607,318.15103038030213,Up,7550
2026-01-23 19:40:00,328.4651953254848,333.7,328.4651953254848,332.4,326.32097646698594,325.11826687547983,321.2084673365665,318.15103038030213,Up,5525
2026-01-23 19:50:00,330.4325976627424,336.4,330.4325976627424,334.67499999999995,327.0804331518054,325.49304072350026,321.3424626864514,318.15103038030213,Up,5937
2026-01-23 20:00:00,332.5537988313712,337.5,332.5537988313712,336.1,327.9003937743685,325.908999910814,321.48930385375047,318.15103038030213,Up,3732
2026-01-23 20:10:00,334.3268994156856,335.6,332.2,334.15000000000003,328.4685397948805,326.23217638489973,321.6152809298326,318.15103038030213,Up,4562
2026-01-23 20:20:00,334.23844970784285,334.23844970784285,326.9,330.25,328.6304907226186,326.3897380952958,321.70119853252083,318.15103038030213,Up,5315
2026-01-23 20:30:00,332.2442248539214,332.2442248539214,326.0,328.95000000000005,328.6595370205624,326.49014052293126,321.7733259103067,318.15103038030213,Up,5275
2026-01-23 20:40:00,330.59711242696073,333.4,329.4,331.525,328.9200336550567,326.68758599262026,321.87035749328874,318.15103038030213,Up,4344
2026-01-23 20:50:00,331.0610562134804,334.2,331.0610562134804,333.25,329.3136669591425,326.94493556153714,321.9835877669874,318.15103038030213,Up,2733
2026-01-23 21:00:00,332.1555281067402,335.4,332.1,333.6,329.7033335992204,327.20591848069256,322.09917395836067,318.15103038030213,Up,3735
2026-01-23 21:10:00,332.87776405337013,335.1,332.6,333.675,330.06439418110944,327.4596079520379,322.2143563070337,318.15103038030213,Up,2190
2026-01-23 21:20:00,333.27638202668504,334.0,331.7,333.325,330.36081289191765,327.6896233264678,322.32490997562047,318.15103038030213,Up,2244
2026-01-23 21:30:00,333.30069101334254,334.5,332.3,333.325,330.6302844471979,327.91061849013573,322.43436360770386,318.15103038030213,Up,1452
2026-01-23 21:40:00,333.31284550667124,335.1,330.6,332.45000000000005,330.79571313381626,328.0886334513069,322.53402168125905,318.15103038030213,Up,3281
2026-01-23 21:50:00,332.88142275333564,332.88142275333564,328.7,330.70000000000005,330.78701193983295,328.19103998262824,322.6152751968684,318.15103038030213,Up,4080
2026-01-23 22:00:00,331.79071137666784,331.79071137666784,328.5,329.7,330.68819267257544,328.2502148852703,322.68576997102895,318.15103038030213,Up,2957
2026-01-23 22:10:00,330.7453556883339,330.9,327.6,329.625,330.5915387932504,328.30412802702443,322.7548170359939,318.15103038030213,Up,3211
2026-01-23 22:20:00,330.18517784416696,330.8,328.8,330.025,330.54003526659125,328.37161320243524,322.827157164989,318.15103038030213,Up,2163
2026-01-23 22:30:00,330.1050889220835,331.4,328.4,329.975,330.48866842417385,328.43449111606526,322.8982799792677,318.15103038030213,Up,2189
2026-01-23 22:40:00,330.0400444610417,331.9,329.0,330.07500000000005,330.4510622037944,328.4988247977882,322.96969012872773,318.15103038030213,Up,1809
2026-01-23 22:50:00,330.0575222305209,330.0575222305209,325.9,327.95,330.22369291254034,328.47730225669847,323.01924545083,318.15103038030213,Up,3353
2026-01-23 23:00:00,329.00376111526043,329.00376111526043,325.8,327.0,329.93062992049124,328.41936883486716,323.0588549488317,318.15103038030213,Up,2550
2026-01-23 23:10:00,328.0018805576302,331.0,326.7,328.5,329.80057265499204,328.42253084134296,323.1129956956095,318.15103038030213,Up,3911
2026-01-23 23:20:00,328.2509402788151,332.7,328.2509402788151,330.475,329.86188423181096,328.50301982795696,323.1862494697826,318.15103038030213,Up,3796
2026-01-23 23:30:00,329.3629701394076,331.3,327.5,329.725,329.84944021073727,328.55094061901747,323.25131166411313,318.15103038030213,Up,2245
2026-01-23 23:40:00,329.5439850697038,329.5439850697038,326.1,327.675,329.651763827943,328.516590006507,323.2953284634752,318.15103038030213,Up,2331
2026-01-23 23:50:00,328.60949253485194,331.5,326.4,328.8,329.57433075267545,328.52770412389884,323.3501013145849,318.15103038030213,Up,3070
2026-01-24 00:00:00,328.704746267426,332.0,328.704746267426,330.8,329.6857552297049,328.6168137660989,323.4242296597134,318.15103038030213,Up,1782
2026-01-27 09:00:00,329.75237313371304,348.7,329.75237313371304,341.925,330.79841384518625,329.13870342233037,323.60831692678096,318.4801877841684,Up,3987
2026-01-27 09:10:00,335.8386865668565,348.7,335.8386865668565,346.45,332.22128531380565,329.81757779792525,323.8355973553702,318.73250314165955,Up,5416
2026-01-27 09:20:00,341.14434328342827,349.7,341.14434328342827,347.875,333.6443502852779,330.5257120019282,324.07479539163523,320.9138963431711,Up,217189
2026-01-27 09:30:00,344.50967164171414,348.0,344.50967164171414,346.5,334.813045713889,331.15215466851924,324.2979317558976,322.7053752373503,Up,2873
2026-01-27 09:40:00,345.50483582085707,346.9,344.9,345.75,335.80731428535364,331.7246191913224,324.5113851712618,323.76412674226657,Up,1923
2026-01-27 09:50:00,345.62741791042856,532.5,344.6,392.15,340.9293766230487,334.0942419681333,325.1844062143338,350.0992061293333,Up,1260
2026-01-27 10:00:00,368.8887089552143,368.8887089552143,344.0,345.29999999999995,341.32670602095334,334.5336834595791,325.38456137638025,454.3632579963951,Down,1522
2026-01-27 10:10:00,357.0943544776071,357.0943544776071,344.4,345.30000000000007,341.687914564503,334.95589195136034,325.5827249447745,444.3804911568315,Down,999
2026-01-27 10:20:00,351.1971772388036,561.4,345.4,399.6,346.9526496040936,337.4909550120913,326.3192152438315,444.3804911568315,Down,19457
2026-01-27 10:30:00,375.3985886194018,375.3985886194018,345.3,346.125,346.87740873099415,337.82954501161714,326.51628772896754,444.3804911568315,Down,918
2026-01-27 10:40:00,360.7617943097009,360.7617943097009,345.3,346.04999999999995,346.8021897554492,338.1519157954753,326.71065302519673,444.3804911568315,Down,660
2026-01-27 10:50:00,353.40589715485044,353.40589715485044,338.2,342.1,346.37471795949926,338.3067426270253,326.8637808557918,444.3804911568315,Down,25993
2026-01-27 11:00:00,347.75294857742523,347.75294857742523,337.9,340.1,345.80428905409025,338.3770664455733,326.9954845288685,444.3804911568315,Down,31753
2026-01-27 11:10:00,343.9264742887126,343.9264742887126,338.2,340.17499999999995,345.2925355037184,338.4475736437861,327.12662398629266,444.3804911568315,Down,2480
2026-01-27 11:20:00,342.0507371443563,342.0507371443563,338.0,339.95,344.80685045792586,338.5064923244219,327.2542197675236,444.3804911568315,Down,2679
2026-01-27 11:30:00,341.0003685721781,343.9,340.5,341.79999999999995,344.5335004162962,338.63564948817003,327.39895389919,444.3804911568315,Down,2866
2026-01-27 11:40:00,341.40018428608903,342.8,340.9,341.9,344.29409128754196,338.763663233732,327.54324291511847,442.1839866494146,Down,1429
2026-01-27 11:50:00,341.6500921430445,342.1,339.0,341.275,344.0196284432199,338.86214702848764,327.67987731397307,432.8899878631042,Down,1930
2026-01-27 12:00:00,341.46254607152224,346.5,341.46254607152224,343.325,343.9564804029272,339.0371608705077,327.8355501765206,429.826716547674,Down,3806
2026-01-27 12:10:00,342.3937730357611,345.5,342.3937730357611,344.725,344.02634582084283,339.26021338538976,328.00360440361993,423.1177358793428,Down,1492
2026-01-27 12:20:00,343.55938651788057,346.3,343.55938651788057,345.35,344.146678018948,339.49902854674707,328.1762053548277,417.8997793992221,Down,1470
2026-01-27 12:30:00,344.4546932589403,346.6,344.4546932589403,346.17500000000007,344.3310709263164,339.76083134883544,328.35529783885926,412.6439001173844,Down,1780
2026-01-27 12:40:00,345.3148466294702,346.4,345.3,345.725,344.45779175119674,339.9947203155478,328.52813069618406,407.2650486253766,Down,1288
2026-01-27 12:50:00,345.51992331473514,346.2,343.5,345.3,344.53435613745154,340.2027704992518,328.69501496786387,401.66368056852417,Down,1039
2026-01-27 13:00:00,345.4099616573676,347.1,345.1,346.32500000000005,344.69714194313775,340.4428579306537,328.870437704502,398.4760732441129,Down,1212
2026-01-27 13:10:00,345.8674808286838,347.3,344.9,346.0,344.81558358467066,340.6607850706281,329.0408811104274,394.5873393128299,Down,729
2026-01-27 13:20:00,345.9337404143419,346.9,344.8,345.65,344.89143962242787,340.8564405580545,329.20614597500025,390.69303573893626,Down,46029
2026-01-27 13:30:00,345.791870207171,346.2,343.7,344.975,344.89903602038896,341.0179526930327,329.36304999514954,386.6254870353966,Down,1089
2026-01-27 13:40:00,345.3834351035855,346.9,343.8,345.35,344.94003274580814,341.1878369011491,329.52212412455106,384.36407912308783,Down,813
2026-01-27 13:50:00,345.3667175517927,346.9,345.3667175517927,346.25,345.0591206780074,341.3863531011041,329.68857065067493,382.16433979688526,Down,613
2026-01-27 14:00:00,345.80835877589635,347.1,345.3,346.20000000000005,345.1628369800067,341.5751235677274,329.8528634800215,379.6099827463536,Down,735
2026-01-27 14:10:00,346.00417938794817,346.9,344.1,345.475,345.19121543636976,341.7280598984048,330.0083076244989,376.89089340577596,Down,1060
2026-01-27 14:20:00,345.73958969397404,345.73958969397404,343.2,344.15,345.0965594876089,341.82303794160464,330.1490209814691,373.9304578318648,Down,871
2026-01-27 14:30:00,344.944794846987,345.3,343.5,344.4,345.0332358978263,341.924095277228,330.2908217677232,371.8369663498889,Down,421
2026-01-27 14:40:00,344.6723974234935,345.2,344.1,344.775,345.0097599071148,342.0358954624347,330.4349429441637,369.9926966817171,Down,241
2026-01-27 14:50:00,344.72369871174675,345.3,344.3,344.9,344.99978173374075,342.1482132874373,330.5788738601422,368.20245152883376,Down,305
2026-01-27 15:00:00,344.8118493558734,345.6,344.5,345.025,345.00207430340066,342.2610284526358,330.72261640879753,366.72495593530346,Down,412
2026-01-27 15:10:00,344.9184246779367,345.5,344.3,345.0,345.0018857303642,342.36843910155204,330.864679927118,365.040869032094,Down,408
2026-01-27 15:20:00,344.9592123389683,345.4,342.8,344.17499999999995,344.9267143003311,342.43928462698136,330.9971209228681,363.3553354837219,Down,1185
2026-01-27 15:30:00,344.56710616948413,344.56710616948413,340.6,342.1,344.6697402730283,342.42597934749193,331.10759733159574,361.5309875861198,Down,1926
2026-01-27 15:40:00,343.33355308474205,343.4,340.8,341.75,344.40430933911665,342.3994703534726,331.2134918855102,360.2703950012525,Down,1397
2026-01-27 15:50:00,342.54177654237105,342.6,341.2,342.1,344.19482667192426,342.38772641804235,331.32181534933596,358.9276318193204,Down,795
2026-01-27 16:00:00,342.32088827118554,342.6,339.3,341.475,343.94756970174933,342.35193322517796,331.4228420622779,357.62966529029137,Down,2279
2026-01-27 16:10:00,341.89794413559275,342.2,340.0,341.075,343.6864270015903,342.3018574124259,331.51888343479254,357.06333208208304,Down,889
2026-01-27 16:20:00,341.4864720677964,341.7,338.9,340.575,343.4035700014457,342.2341375138994,331.60899404738166,355.8303018928027,Down,1721
2026-01-27 16:30:00,341.03073603389817,344.5,340.4,341.575,343.23733636495064,342.2082889839425,331.7081582857162,355.8303018928027,Down,2726
2026-01-27 16:40:00,341.3028680169491,345.2,340.1,342.75000000000006,343.19303305904606,342.22953255319965,331.8180273575001,355.8303018928027,Down,2220
2026-01-27 16:50:00,342.0264340084745,345.1,342.0264340084745,344.575,343.3186664173146,342.3215116687604,331.9449624086693,355.8303018928027,Down,1265
2026-01-27 17:00:00,343.3007170042373,346.0,343.3007170042373,344.975,343.46924219755874,342.42557003469136,332.07461452400594,355.8303018928027,Down,1399
2026-01-27 17:10:00,344.13785850211866,348.0,344.13785850211866,346.9,343.78112927050796,342.6010378764682,332.2221307973989,355.8303018928027,Down,3267
2026-01-27 17:20:00,345.5189292510593,349.3,345.5189292510593,347.875,344.1532993368254,342.80785992052824,332.37788073971336,355.8303018928027,Down,3680
2026-01-27 17:30:00,346.69696462552963,350.3,345.5,348.025,344.5052721243867,343.01245364913495,332.5335734686714,355.8303018928027,Down,5849
2026-01-27 17:40:00,347.3609823127648,348.5,344.1,346.075,344.6479746585333,343.1325535060316,332.6683140311722,355.8303018928027,Down,3648
2026-01-27 17:50:00,346.7179911563824,346.7179911563824,342.5,343.875,344.57770423503024,343.16166905481475,332.77982334429487,355.8303018928027,Down,4697
2026-01-27 18:00:00,345.2964955781912,345.2964955781912,341.4,342.94999999999993,344.4297311227548,343.1533683075671,332.88101913191383,355.8303018928027,Down,3658
2026-01-27 18:10:00,344.1232477890956,344.1232477890956,340.7,342.225,344.2293010206862,343.1169617072704,332.97399406592467,355.8303018928027,Down,3906
2026-01-27 18:20:00,343.1741238945478,343.1741238945478,340.0,341.29999999999995,343.96300092789653,343.04570830698526,333.05683989611447,355.8303018928027,Down,4561
2026-01-27 18:30:00,342.2370619472739,342.2370619472739,336.8,340.1,343.6118190253605,342.9301903341623,333.126921091178,355.4961570978347,Down,8276
2026-01-27 18:40:00,341.16853097363696,341.9,337.3,340.475,343.3266536594186,342.83390836027365,333.20003630420115,355.4961570978347,Down,4671
2026-01-27 18:50:00,340.82176548681844,344.6,340.82176548681844,342.625,343.2628669631078,342.825715875557,333.2938170374927,355.4961570978347,Down,5660
2026-01-27 19:00:00,341.7233827434092,347.3,341.7233827434092,344.875,343.4094245119162,342.9060799588685,333.409052688861,355.4961570978347,Down,5596
2026-01-27 19:10:00,343.29919137170464,347.0,343.29919137170464,345.17499999999995,343.56993137446926,342.9950572153835,333.5261267914594,355.4961570978347,Down,4008
2026-01-27 19:20:00,344.2370956858523,348.1,344.0,345.6,343.7544830676993,343.0972118343881,333.6462648333354,355.4961570978347,Down,6127
2026-01-27 19:30:00,344.91854784292616,349.4,344.91854784292616,347.075,344.056348243363,343.2532035271572,333.7798840887251,355.4961570978347,Down,4586
2026-01-27 19:40:00,345.99677392146305,351.2,345.5,347.9,344.40577113033,343.4354308398177,333.920382754509,355.4961570978347,Down,8568
2026-01-27 19:50:00,346.9483869607315,347.0,343.3,344.9,344.45070102757273,343.4928649245307,334.0296326773497,355.4961570978347,Down,5929
2026-01-27 20:00:00,345.9241934803657,345.9241934803657,340.0,342.92499999999995,344.312000934157,343.470595711804,334.118143794988,355.4961570978347,Down,9561
2026-01-27 20:10:00,344.42459674018284,346.1,342.5,344.675,344.34500084923366,343.5178272525175,334.22318714031155,355.4961570978347,Down,6080
2026-01-27 20:20:00,344.5497983700914,346.3,341.1,344.15000000000003,344.3272734993033,343.5426183406541,334.3219613976219,355.4961570978347,Down,4367
2026-01-27 20:30:00,344.34989918504573,344.34989918504573,337.5,340.625,343.9907031811848,343.42820193513825,334.3846781996357,355.4961570978347,Down,5700
2026-01-27 20:40:00,342.48744959252286,342.48744959252286,336.6,338.40000000000003,343.4824574374407,343.231017545525,334.4246316503856,355.4961570978347,Down,4109
2026-01-27 20:50:00,340.44372479626145,341.4,337.9,339.575,343.127234034037,343.0876443084456,334.47587909665043,355.4961570978347,Down,3905
2026-01-27 21:00:00,340.00936239813075,341.4,337.2,339.8,342.82475821276086,342.9587170806634,334.528855424047,355.4961570978347,Down,4592
2026-01-27 21:10:00,339.9046811990654,342.6,339.8,340.85,342.6452347388735,342.87602229318645,334.59175238500177,355.4961570978347,Down,4271
2026-01-27 21:20:00,340.3773405995327,342.4,339.3,340.9,342.48657703533956,342.79853122286545,334.65452101798684,355.4961570978347,Down,2238
2026-01-27 21:30:00,340.6386702997663,342.5,339.2,341.2,342.36961548667233,342.7358437239296,334.7196501620865,355.4961570978347,Down,2424
2026-01-27 21:40:00,340.9193351498832,343.4,340.5,341.825,342.3201049878839,342.70012436220685,334.79035016047374,355.4961570978347,Down,3239
2026-01-27 21:50:00,341.3721675749416,345.0,341.3721675749416,343.75,342.4500954435308,342.7412959558458,334.8795009051457,355.4961570978347,Down,3231
2026-01-27 22:00:00,342.5610837874708,346.7,342.5610837874708,345.65,342.7409958577553,342.8553627811068,334.98667005036816,355.4961570978347,Down,7138
2026-01-27 22:10:00,344.1055418937354,348.2,344.1055418937354,346.725,343.1031780525048,343.00711326027914,335.10346935334957,355.4961570978347,Down,4300
2026-01-27 22:20:00,345.41527094686774,348.3,344.3,346.45,343.40743459318617,343.1421284265427,335.2163701558038,355.4961570978347,Down,4212
2026-01-27 22:30:00,345.93263547343383,350.1,345.93263547343383,348.35,343.85675872107834,343.34635868432537,335.34705303982565,355.4961570978347,Down,5477
2026-01-27 22:40:00,347.1413177367169,350.8,347.1413177367169,349.52500000000003,344.3720533827985,343.5886583437636,335.48812713893193,355.4961570978347,Down,5466
2026-01-27 22:50:00,348.3331588683585,350.6,347.7,348.85,344.7791394389077,343.7949854675376,335.6210810977486,355.4961570978347,Down,2809
2026-01-27 23:00:00,348.59157943417927,349.2,346.5,348.25,345.0946722171888,343.969691919791,335.7467419823481,355.4961570978347,Down,2566
2026-01-27 23:10:00,348.42078971708963,351.9,348.42078971708963,350.175,345.55652019744434,344.2130373347012,335.89030673874265,355.4961570978347,Down,4096
2026-01-27 23:20:00,349.29789485854485,352.8,348.0,350.75,346.0286547249494,344.46938881177175,336.0381643831333,355.4961570978347,Down,4803
2026-01-27 23:30:00,350.0239474292724,353.7,350.0239474292724,352.25,346.59423156813574,344.77451081915325,336.1994761803161,355.4961570978347,Down,3818
2026-01-27 23:40:00,351.1369737146362,354.4,351.1369737146362,353.275,347.2015741528507,345.1078633360492,336.3693818899647,355.4961570978347,Down,3053
2026-01-27 23:50:00,352.20598685731807,354.2,351.6,352.92499999999995,347.7218855935006,345.41441771502764,336.5341144084725,355.4961570978347,Down,3004
2026-01-28 00:00:00,352.565493428659,353.2,352.0,352.475,348.1539869031824,345.6913032948305,336.6927301855026,355.4961570978347,Down,1417
2026-01-28 09:00:00,352.5202467143295,357.9,346.0,351.725,348.47862445743857,345.927918851896,336.8423050095275,355.4961570978347,Down,634
2026-01-28 09:10:00,352.1226233571648,352.1226233571648,347.3,348.175,348.451022234035,346.0160396812334,336.955068143761,355.4961570978347,Down,1789
2026-01-28 09:20:00,350.14881167858243,350.14881167858243,346.5,347.4,348.35547475821363,346.0703126349105,337.0589978139724,355.4961570978347,Down,1290
2026-01-28 09:30:00,348.7744058392912,348.7744058392912,346.4,347.55,348.2822497801942,346.1283395904042,337.1633858954254,355.4961570978347,Down,820
2026-01-28 09:40:00,348.1622029196456,348.7,347.4,348.07500000000005,348.2634088910856,346.2046792143099,337.27195917009783,355.4961570978347,Down,351
2026-01-28 09:50:00,348.1186014598228,348.4,347.0,347.65,348.20764444644146,346.26135846080757,337.3752232579576,355.4961570978347,Down,269
2026-01-28 10:00:00,347.8843007299114,347.8843007299114,343.0,345.4,347.9524040422195,346.22757969763865,337.4550717827541,355.4961570978347,Down,1871
2026-01-28 10:10:00,346.6421503649557,346.6421503649557,343.7,344.35,347.6249127656541,346.15394912126067,337.523678033672,355.4961570978347,Down,1039
2026-01-28 10:20:00,345.49607518247785,346.1,343.7,344.65000000000003,347.3544661505946,346.09497072434846,337.5945867099539,355.4961570978347,Down,1480
2026-01-28 10:30:00,345.073037591239,345.2,343.7,344.32500000000005,347.07906013690416,346.02556010770735,337.661555996422,355.4961570978347,Down,794
2026-01-28 10:40:00,344.6990187956195,345.3,344.0,344.55,346.8491455790038,345.96769500544434,337.7300977278009,355.4961570978347,Down,436
2026-01-28 10:50:00,344.6245093978098,344.8,343.7,344.25,346.6128596172762,345.9003344169956,337.79497237727554,355.4961570978347,Down,650
2026-01-28 11:00:00,344.4372546989049,344.4372546989049,341.7,342.975,346.2821451066147,345.7856154202507,337.8465149406858,354.8845790106385,Down,2480
2026-01-28 11:10:00,343.70612734945246,343.70612734945246,341.2,342.3,345.92013191510426,345.6489246194566,337.89082822485807,354.1061569483326,Down,1765
2026-01-28 11:20:00,343.00306367472626,344.7,341.6,342.92500000000007,345.64784719554933,345.5421040461446,337.9409194863023,354.1061569483326,Down,2277
2026-01-28 11:30:00,342.9640318373632,342.9640318373632,341.4,342.02500000000003,345.3184974504994,345.4041783972762,337.98155710335396,353.4062037550835,Down,1000
2026-01-28 11:40:00,342.4945159186816,342.9,340.4,341.375,344.9599976822722,345.2461714013046,338.0153227043156,352.7628980330926,Down,1615
2026-01-28 11:50:00,341.9347579593408,341.9347579593408,338.8,339.775,344.4886342566111,345.03161566007697,338.03283193113833,351.609925540424,Down,2998
2026-01-28 12:00:00,340.8548789796704,341.4,338.8,339.9,344.0714856878282,344.83037583027004,338.0514107178932,351.2659514188669,Down,1699
2026-01-28 12:10:00,340.3774394898352,341.3,340.3,340.8,343.77407789802567,344.67232187614184,338.07875986497885,351.2659514188669,Down,669
2026-01-28 12:20:00,340.5887197449176,341.9,340.5887197449176,341.35,343.55370718002337,344.5420347437441,338.11130951806365,351.2659514188669,Down,703
2026-01-28 12:30:00,340.9693598724588,342.2,339.4,340.875,343.3101883454758,344.39822945967575,338.13880892584416,351.0615437498896,Down,1432
2026-01-28 12:40:00,340.9221799362294,341.3,339.9,340.625,343.0660803140689,344.2502596769434,338.16354714548754,350.43776704535424,Down,478
2026-01-28 12:50:00,340.7735899681147,341.8,340.0,340.775,342.8578002855172,344.11397498373,338.1895317510051,350.43776704535424,Down,898
2026-01-28 13:00:00,340.7742949840573,340.7742949840573,338.7,339.65,342.5661820777429,343.9389171412308,338.2040637733832,349.2171202567842,Down,1373
2026-01-28 13:10:00,340.21214749202863,340.21214749202863,338.7,339.425,342.28062007067535,343.7619007827511,338.2162123925536,348.6241026201662,Down,761
2026-01-28 13:20:00,339.8185737460143,340.2,339.5,339.775,342.0528364278867,343.60555173244717,338.23172271700577,348.4663898855926,Down,581
2026-01-28 13:30:00,339.79678687300714,340.3,339.5,339.95,341.86166947989693,343.46219676254725,338.24882000340375,348.0239908050841,Down,529
2026-01-28 13:40:00,339.87339343650353,340.1,339.3,339.85,341.67879043626994,343.32054198754537,338.2647521426734,347.37635527734926,Down,372
2026-01-28 13:50:00,339.8616967182518,339.9,338.9,339.525,341.48299130569995,343.17169720372004,338.2772919223483,346.7421411612266,Down,697
2026-01-28 14:00:00,339.6933483591259,341.1,339.3,340.25,341.37090118699996,343.0571208427898,338.2969208584443,346.7421411612266,Down,769
2026-01-28 14:10:00,339.9716741795629,341.2,339.9716741795629,340.9,341.32809198818177,342.9725278685628,338.3228221434349,346.7421411612266,Down,1016
2026-01-28 14:20:00,340.43583708978144,342.3,340.43583708978144,341.25,341.32099271652885,342.90497775607014,338.35194829126146,346.7421411612266,Down,1395
2026-01-28 14:30:00,340.8429185448907,341.5,340.5,340.925,341.2849933786626,342.8273315695576,338.37755079582604,346.7421411612266,Down,649
2026-01-28 14:40:00,340.8839592724454,340.8839592724454,337.0,339.125,341.0886303442387,342.68214209624165,338.3849881013402,346.60160073187853,Down,2100
2026-01-28 14:50:00,340.0044796362227,340.0044796362227,336.4,337.25,340.73966394930795,342.4691169159969,338.3736946873965,346.4762515909704,Down,1446
2026-01-28 15:00:00,338.6272398181113,338.6272398181113,332.8,335.025,340.2201490448254,342.1771907624284,338.3403743422483,345.35444509096794,Down,3484
2026-01-28 15:10:00,336.82611990905565,336.82611990905565,332.0,333.125,339.57513549529585,341.822202889392,338.28848007018615,344.9323991777411,Down,1792
2026-01-28 15:20:00,334.97555995452785,334.97555995452785,331.7,331.975,338.8842140866326,341.43603807020014,338.2256593729704,344.0919283454679,Down,2885
2026-01-28 15:30:00,333.47527997726394,333.47527997726394,331.7,331.77500000000003,338.23792189693876,341.05717383215307,338.1614737075677,343.00969486054976,Down,635
2026-01-28 15:40:00,332.625139988632,332.625139988632,329.1,330.85,337.56629263358064,340.656892505402,338.0887227254029,341.61903441919833,Down,3616
2026-01-28 15:50:00,331.737569994316,333.6,330.8,332.20000000000005,337.07844784870963,340.3252496620529,338.03012846942875,341.61903441919833,Down,2394
2026-01-28 16:00:00,331.968784997158,334.0,331.6,332.675,336.67813440791787,340.0252398713842,337.97684360903645,341.61903441919833,Down,2138
2026-01-28 16:10:00,332.321892498579,333.1,331.4,332.15,336.26648582537985,339.7164069352515,337.918865065663,341.61903441919833,Down,1340
2026-01-28 16:20:00,332.2359462492895,333.0,331.4,332.42499999999995,335.91725984125435,339.4304694083789,337.8641997416266,341.61903441919833,Down,1123
2026-01-28 16:30:00,332.33047312464475,333.5,331.7,332.925,335.6452362193221,339.1753529609915,337.81505347554076,341.61903441919833,Down,1253
2026-01-28 16:40:00,332.6277365623224,334.0,332.6277365623224,333.325,335.4343056539292,338.94592735467813,337.7703763265304,341.61903441919833,Down,1118
2026-01-28 16:50:00,332.9763682811612,335.4,332.9763682811612,334.2,335.3220960490265,338.7598125564555,337.73485019392814,341.61903441919833,Down,2088
2026-01-28 17:00:00,333.5881841405805,335.5,333.4,334.4,335.2382691354786,338.5888395150259,337.70166760493385,341.61903441919833,Down,1557
2026-01-28 17:10:00,333.99409207029026,335.8,333.5,334.575,335.1779719413442,338.4314340438484,337.6705564844868,341.61903441919833,Down,2196
2026-01-28 17:20:00,334.2845460351451,338.0,334.2845460351451,336.375,335.28679267394926,338.35078957154064,337.6576653751884,341.61903441919833,Down,3176
2026-01-28 17:30:00,335.32977301757256,337.6,335.0,336.82500000000005,335.4266297035902,338.2909546863822,337.6493801475746,341.61903441919833,Down,2219
2026-01-28 17:40:00,336.0773865087863,339.7,336.0773865087863,338.375,335.69466336690016,338.29425058103385,337.65660024560873,341.61903441919833,Down,3296
2026-01-28 17:50:00,337.22619325439314,342.7,337.22619325439314,340.65,336.14514851536376,338.3866329111894,337.68638531779175,341.61903441919833,Down,6950
2026-01-28 18:00:00,338.93809662719656,344.0,338.93809662719656,342.15,336.69104410487614,338.53421593428004,337.73079939423167,329.33749477402125,Up,6554
2026-01-28 18:10:00,340.5440483135983,344.6,340.5440483135983,343.15000000000003,337.27822191352374,338.7152270741122,337.7847217883189,330.0684475984922,Up,5528
2026-01-28 18:20:00,341.8470241567992,345.1,341.4,343.04999999999995,337.80292901229427,338.88521816924504,337.8371126162959,330.53765767426637,Up,6906
2026-01-28 18:30:00,342.4485120783996,343.0,337.2,340.57500000000005,338.0549354657221,338.95148412339233,337.8643552768302,330.53765767426637,Up,8041
2026-01-28 18:40:00,341.5117560391998,341.5117560391998,337.8,339.025,338.14312315065644,338.9543670989456,337.8759039805434,330.53765767426637,Up,5217
2026-01-28 18:50:00,340.2683780195999,340.2683780195999,335.9,337.52500000000003,338.0869301369604,338.8983134872223,337.87241239864744,330.53765767426637,Up,5086
2026-01-28 19:00:00,338.8966890098,343.7,336.3,339.775,338.24039103360036,338.93269335046847,337.8913436185614,330.53765767426637,Up,7526
2026-01-28 19:10:00,339.3358445049,343.3,338.8,341.45000000000005,338.53217366690944,339.03141125829325,337.9267531347946,330.53765767426637,Up,6296
2026-01-28 19:20:00,340.39292225245003,341.1,338.5,340.125,338.67697606082675,339.07429709130133,337.94862623793097,330.53765767426637,Up,3242
2026-01-28 19:30:00,340.258961126225,340.258961126225,337.7,339.25,338.72906914620614,339.0811874014464,337.9615752305884,330.53765767426637,Up,4074
2026-01-28 19:40:00,339.7544805631125,342.1,336.6,339.9,338.8355174056419,339.1132976994289,337.9808630392393,330.53765767426637,Up,6458
2026-01-28 19:50:00,339.8272402815562,344.5,339.8272402815562,342.9,339.2050158233108,339.2617958288631,338.0298096756648,330.53765767426637,Up,6162
2026-01-28 20:00:00,341.3636201407781,345.7,341.3636201407781,344.55,339.69092347573707,339.469176384594,338.09468719132985,330.53765767426637,Up,5334
2026-01-28 20:10:00,342.95681007038905,347.4,342.95681007038905,346.275,340.2894758870337,339.7360714283354,338.17608333867986,330.53765767426637,Up,7331
2026-01-28 20:20:00,344.6159050351945,347.2,343.3,345.7,340.78134171548515,339.9699509801654,338.25094818108107,330.53765767426637,Up,4913
2026-01-28 20:30:00,345.1579525175972,345.8,344.5,345.0,341.1648561049865,340.1672078044726,338.318102925548,330.53765767426637,Up,2236
2026-01-28 20:40:00,345.0789762587986,345.9,343.7,344.65000000000003,341.4816873681695,340.34300357684623,338.38110687653756,330.53765767426637,Up,3246
2026-01-28 20:50:00,344.8644881293993,348.6,342.9,345.99999999999994,341.89244306197224,340.56484657383265,338.45691675836304,330.53765767426637,Up,5339
2026-01-28 21:00:00,345.4322440646996,352.8,345.4322440646996,350.4,342.66585732906566,340.9505388650549,338.57575340753357,332.53884102281495,Up,7673
2026-01-28 21:10:00,347.9161220323498,355.0,347.9161220323498,353.25,343.6280521173324,341.4328706742685,338.7217658114387,333.81184992836126,Up,6782
2026-01-28 21:20:00,350.5830610161749,356.9,350.5830610161749,355.525,344.70959283393853,341.9855031968462,338.8889621715239,335.4024517068659,Up,6546
2026-01-28 21:30:00,353.0540305080874,358.0,353.0540305080874,356.92499999999995,345.8200843944895,342.5713658165777,339.0684252344938,337.0565910740559,Up,4310
2026-01-28 21:40:00,354.9895152540437,358.5,354.9895152540437,356.5,346.79098581317226,343.11758676494725,339.24187373962326,338.67692301032156,Up,5834
2026-01-28 21:50:00,355.74475762702184,357.0,354.3,355.85,347.61453255742936,343.6168970878905,339.4071287272887,338.67692301032156,Up,3826
2026-01-28 22:00:00,355.79737881351093,359.9,355.79737881351093,357.975,348.5563932340267,344.17995994718893,339.59188366532567,340.53217044910633,Up,5481
2026-01-28 22:10:00,356.8861894067555,358.6,356.6,357.85,349.4012665763879,344.71603994926,339.7735564646757,341.1304373112281,Up,2716
2026-01-28 22:20:00,357.3680947033778,358.0,355.6,357.0,350.092060523989,345.1977638728184,339.9449638630372,341.1304373112281,Up,2930
2026-01-28 22:30:00,357.1840473516889,357.1840473516889,354.2,356.07500000000005,350.63596411271726,345.62432215231576,340.10546173504673,341.1304373112281,Up,3309
2026-01-28 22:40:00,356.62952367584444,356.62952367584444,354.7,355.65,351.09178555701567,346.01748598947984,340.2601337575836,341.1304373112281,Up,1818
2026-01-28 22:50:00,356.1397618379222,358.2,355.0,356.725,351.60389596092335,346.43738849969634,340.4239632724335,341.99709515564257,Up,2472
2026-01-28 23:00:00,356.43238091896114,359.1,356.2,357.375,352.1285417826576,346.8663144408847,340.5926303045486,343.32008650512955,Up,3143
2026-01-28 23:10:00,356.9036904594806,356.9036904594806,352.7,354.55,352.34867434787054,347.1676354432029,340.73150960500084,343.32008650512955,Up,3355
2026-01-28 23:20:00,355.7268452297403,355.7268452297403,344.7,348.85,352.03061304351866,347.23361052386167,340.81229060395606,343.32008650512955,Up,7179
2026-01-28 23:30:00,352.28842261487017,352.28842261487017,341.9,343.85,351.2869209486533,347.1009199150828,340.84251656809585,343.32008650512955,Up,7351
2026-01-28 23:40:00,348.0692113074351,348.0692113074351,341.7,343.1,350.5426554078666,346.94402109488345,340.86497908980635,365.0134834910455,Down,7054
2026-01-28 23:50:00,345.5846056537176,345.5846056537176,340.9,342.975,349.8546867344242,346.7883732088096,340.88597432274366,363.2447756439633,Down,3680
2026-01-29 00:00:00,344.2798028268588,344.3,342.8,343.6,349.28607884947655,346.66333896532694,340.91297955336313,362.2795207428223,Down,1459
2026-01-30 09:00:00,343.9399014134294,355.1,343.9399014134294,352.65000000000003,349.5918898631605,346.8981099862945,341.02976582646403,362.2795207428223,Down,445
2026-01-30 09:10:00,348.2949507067148,354.1,348.2949507067148,352.925,349.8948998756004,347.13445861428295,341.1481263655042,362.2795207428223,Down,2454
2026-01-30 09:20:00,350.6099753533574,352.6,350.6099753533574,352.325,350.11581806872766,347.3380092568601,341.25933903848426,362.2795207428223,Down,849
2026-01-30 09:30:00,351.4674876766788,353.7,351.4674876766788,352.95000000000005,350.37347097157055,347.5580873252186,341.37566402317594,362.2795207428223,Down,1081
2026-01-30 09:40:00,352.2087438383394,354.3,352.2087438383394,353.57500000000005,350.6645190650641,347.79404468501394,341.497050450806,362.2795207428223,Down,970
2026-01-30 09:50:00,352.8918719191697,354.2,352.0,353.125,350.88819915005826,348.0031017561899,341.61275144134527,362.2795207428223,Down,1060
2026-01-30 10:00:00,353.00843595958486,353.5,352.4,353.025,351.08245377278024,348.2000389422217,341.7263061533717,362.2795207428223,Down,453
2026-01-30 10:10:00,353.0167179797924,353.8,352.7,353.275,351.28177615707295,348.3990570229189,341.8412185299551,362.2795207428223,Down,549
2026-01-30 10:20:00,353.14585898989617,356.6,353.1,354.625,351.58570559733903,348.64321164947114,341.9684203356272,362.2795207428223,Down,2543
2026-01-30 10:30:00,353.8854294949481,355.9,353.8854294949481,355.375,351.93018690667185,348.9072033494919,342.1018191382578,362.2795207428223,Down,823
2026-01-30 10:40:00,354.63021474747404,355.2,353.5,354.32500000000005,352.1478971878835,349.1196659632373,342.22344282842437,362.2795207428223,Down,871
2026-01-30 10:50:00,354.47760737373704,355.0,353.3,354.17499999999995,352.3321792617122,349.31791435683584,342.34236379530574,362.2795207428223,Down,898
2026-01-30 11:00:00,354.3263036868685,354.9,353.9,354.57499999999993,352.536072056102,349.5240745781364,342.4640815684868,362.2795207428223,Down,1042
2026-01-30 11:10:00,354.45065184343423,354.6,352.1,353.82500000000005,352.6532473237291,349.69273832017024,342.57712553297944,362.2795207428223,Down,1788
2026-01-30 11:20:00,354.13782592171714,357.7,353.9,355.54999999999995,352.91658847611734,349.92243485663414,342.7062088610095,362.2795207428223,Down,3213
2026-01-30 11:30:00,354.8439129608586,356.9,354.8439129608586,356.25,353.2196258873794,350.1705746661779,342.8409729519447,362.2795207428223,Down,1078
2026-01-30 11:40:00,355.5469564804293,357.3,355.0,356.375,353.5064780794358,350.41388546358274,342.9756398877463,362.2795207428223,Down,1591
2026-01-30 11:50:00,355.9609782402147,357.1,354.3,356.125,353.7445255267598,350.6378507395207,343.10647929184836,362.2795207428223,Down,1140
2026-01-30 12:00:00,356.04298912010734,357.3,355.5,356.225,353.97002320614524,350.8569546320885,343.2370118362081,362.2795207428223,Down,1534
2026-01-30 12:10:00,356.1339945600537,357.3,356.0,356.675,354.21593018740475,351.0851132739674,343.370723161221,362.2795207428223,Down,1512
2026-01-30 12:20:00,356.4044972800268,357.7,356.1,357.05,354.4735728976407,351.3190304004785,343.506835368572,362.2795207428223,Down,1037
2026-01-30 12:30:00,356.7272486400134,358.3,356.7272486400134,357.42499999999995,354.7418844524006,351.558480188695,343.64532456888475,362.2795207428223,Down,1305
2026-01-30 12:40:00,357.07612432000667,357.7,356.7,357.05,354.951713138546,351.7738339067854,343.7787044239207,362.2795207428223,Down,727
2026-01-30 12:50:00,357.06306216000337,357.8,356.7,357.15,355.15155739867816,351.9846639496566,343.91175214109563,362.2795207428223,Down,592
2026-01-30 13:00:00,357.1065310800017,357.4,356.1,357.00000000000006,355.3195976351619,352.1813437947681,344.0419834630748,362.2795207428223,Down,989
2026-01-30 13:10:00,357.0532655400009,357.5,356.2,356.85,355.45872512287445,352.36442835183607,344.169426413691,362.2795207428223,Down,452
2026-01-30 13:20:00,356.95163277000046,356.95163277000046,355.2,356.075,355.514750111704,352.50994096548953,344.2878898324602,362.2795207428223,Down,821
2026-01-30 13:30:00,356.5133163850002,357.9,355.7,356.7,355.6225001015491,352.6742570060586,344.41139341621687,362.2795207428223,Down,746
2026-01-30 13:40:00,356.6066581925001,357.2,356.0,356.65,355.7159091832265,352.8301684960171,344.533170596155,362.2795207428223,Down,480
2026-01-30 13:50:00,356.62832909625,357.1,355.9,356.57500000000005,355.7940083483877,352.97702463342824,344.6529897942032,362.2795207428223,Down,776
2026-01-30 14:00:00,356.60166454812503,357.1,356.4,356.82500000000005,355.88773486217065,353.1279256281958,344.77410432361415,362.2795207428223,Down,403
2026-01-30 14:10:00,356.7133322740625,357.8,356.1,356.92500000000007,355.9820316928824,353.27683050552145,344.89500875820505,362.2795207428223,Down,737
2026-01-30 14:20:00,356.8191661370313,359.1,356.5,357.725,356.1404833571658,353.45126852491273,345.02267036260105,362.2795207428223,Down,1833
2026-01-30 14:30:00,357.27208306851566,358.8,356.9,357.775,356.2890757792416,353.62082662197497,345.1495592147145,362.2795207428223,Down,1211
2026-01-30 14:40:00,357.5235415342578,358.6,356.7,357.7,356.41734161749235,353.7807942054269,345.27443922252826,362.2795207428223,Down,904
2026-01-30 14:50:00,357.61177076712886,358.8,357.6,358.225,356.5816741977203,353.95507678560625,345.40330052379664,362.2795207428223,Down,962
2026-01-30 15:00:00,357.91838538356444,359.3,357.8,358.325,356.7401583615639,354.1264463234256,345.531874647938,362.2795207428223,Down,1084
2026-01-30 15:10:00,358.1216926917822,358.2,356.8,357.525,356.8115076014217,354.25972293819325,345.6512092285556,362.2795207428223,Down,927
2026-01-30 15:20:00,357.8233463458911,357.8233463458911,356.7,357.04999999999995,356.8331887285651,354.369145568068,345.76463003225155,362.2795207428223,Down,846
2026-01-30 15:30:00,357.4366731729455,357.8,355.4,356.92500000000007,356.8415352077865,354.46937515363396,345.8756784896421,362.2795207428223,Down,2162
2026-01-30 15:40:00,357.1808365864728,358.0,356.7,357.32500000000005,356.88548655253317,354.58136044172676,345.9896020867601,362.2795207428223,Down,1452
2026-01-30 15:50:00,357.2529182932364,357.6,356.6,357.125,356.90726050230285,354.68111101263946,346.1004020659963,362.2795207428223,Down,673
2026-01-30 16:00:00,357.18895914661823,357.4,356.5,356.92499999999995,356.9088731839117,354.76910665920263,346.20810950812574,362.2795207428223,Down,504
2026-01-30 16:10:00,357.0569795733091,357.8,356.0,356.9,356.90806653082876,354.8526711039398,346.31449647819414,362.2795207428223,Down,1166
2026-01-30 16:20:00,356.97848978665456,357.4,356.8,357.04999999999995,356.92096957348065,354.93884086456967,346.42131740875936,362.2795207428223,Down,328
2026-01-30 16:30:00,357.01424489332726,359.8,357.01424489332726,358.4,357.05542688498235,355.07457259537085,346.54050828031404,362.2795207428223,Down,3151
2026-01-30 16:40:00,357.7071224466636,360.2,357.7071224466636,359.52500000000003,357.27993353180216,355.2490991602583,346.669707202898,362.2795207428223,Down,2107
2026-01-30 16:50:00,358.6160612233318,359.8,358.2,359.02500000000003,357.4385759380019,355.39717370299326,346.7926454396851,362.2795207428223,Down,1250
2026-01-30 17:00:00,358.820530611666,358.9,357.1,358.25000000000006,357.5123417618199,355.5090492440524,346.90664896764844,362.2795207428223,Down,1555
2026-01-30 17:10:00,358.53526530583304,358.53526530583304,355.4,356.875,357.45440160165447,355.5626159403641,347.00583654010967,362.2795207428223,Down,3124
2026-01-30 17:20:00,357.7051326529165,359.0,355.5,357.025,357.41536509241314,355.6199643348596,347.1055297088648,362.2795207428223,Down,2982
2026-01-30 17:30:00,357.36506632645825,360.0,357.36506632645825,358.75,357.5366955385574,355.7427108315318,347.221395084896,362.2795207428223,Down,3351
2026-01-30 17:40:00,358.0575331632291,359.2,356.1,357.75,357.556086853234,355.82142805382466,347.3261573228573,362.2795207428223,Down,3307
2026-01-30 17:50:00,357.90376658161455,358.7,353.6,355.65000000000003,357.3828062302127,355.8147053850472,347.40898162810254,362.2795207428223,Down,4224
2026-01-30 18:00:00,356.7768832908073,357.3,352.4,354.62500000000006,357.1320965729206,355.7680502719081,347.48078280593234,362.2795207428223,Down,6107
2026-01-30 18:10:00,355.70094164540365,355.70094164540365,354.4,355.2,356.9564514299278,355.74577379065687,347.5575909372166,362.2795207428223,Down,1681
2026-01-30 18:20:00,355.45047082270185,356.4,352.9,354.6,356.74222857266165,355.7008414851409,347.62766465923437,362.2795207428223,Down,2853
2026-01-30 18:30:00,355.02523541135093,355.02523541135093,352.5,353.475,356.44520779332873,355.6135535837629,347.68584710043604,362.2795207428223,Down,3699
2026-01-30 18:40:00,354.25011770567545,357.8,353.3,355.1,356.32291617575333,355.5934142275369,347.75961976610336,362.2795207428223,Down,4960
2026-01-30 18:50:00,354.67505885283776,358.8,354.67505885283776,356.87499999999994,356.3731056143212,355.64367249312374,347.8503200669382,362.2795207428223,Down,3226
2026-01-30 19:00:00,355.7750294264189,359.7,355.7750294264189,358.32499999999993,356.5505505584738,355.74882259143266,347.954545737914,362.2795207428223,Down,4221
2026-01-30 19:10:00,357.0500147132094,365.5,357.0500147132094,362.2,357.0641368713398,356.00180994078823,348.0962915514671,362.2795207428223,Down,10815
2026-01-30 19:20:00,359.62500735660467,365.5,359.62500735660467,365.5,357.83103351939985,356.37428798232594,348.26946277981074,352.19909903170577,Up,830
2026-01-30 19:30:00,362.56250367830233,365.5,362.56250367830233,365.5,358.5282122903635,356.7321590418426,348.44091091135493,352.19909903170577,Up,273
2026-01-30 19:40:00,364.0312518391512,372.5,364.0312518391512,369.0,359.48019299123956,357.2132508441233,348.6454789619882,352.19909903170577,Up,6956
2026-01-30 19:50:00,366.5156259195756,379.8,366.5156259195756,375.4,360.92744817385415,357.92645669337344,348.9116931016699,353.47647287084044,Up,2701
2026-01-30 20:00:00,370.9578129597878,377.6,370.9578129597878,376.1,362.3067710671401,358.63914466618235,349.1822235185688,353.97143838441,Up,6207
2026-01-30 20:10:00,373.5289064798939,375.6,372.2,374.125,363.3811555155819,359.2464331106458,349.4304103492298,354.0204835495601,Up,6584
2026-01-30 20:20:00,373.826953239947,375.3,373.4,374.3250000000001,364.37605046871084,359.83774945924796,349.678117708939,355.5868032268728,Up,2092
2026-01-30 20:30:00,374.0759766199735,375.7,373.7,374.8,365.32368224428257,360.4245043824147,349.92808668695955,356.91527566079344,Up,2228
2026-01-30 20:40:00,374.43798830998674,378.4,374.3,376.325,366.32380204025685,361.04805323016313,350.1907425408207,358.69115969163045,Up,3618
2026-01-30 20:50:00,375.3814941549933,379.7,375.3814941549933,378.1,367.3943654911426,361.7167570250587,350.4684465951409,359.91689012624914,Up,4633
2026-01-30 21:00:00,376.7407470774967,378.4,376.2,377.625,368.324423173766,362.3406096907427,350.7386610568808,360.4783118625022,Up,3368
2026-01-30 21:10:00,377.1828735387484,382.1,377.1828735387484,380.025,369.38811197615087,363.0341151930665,351.0300674145238,362.56094702210294,Up,5964
2026-01-30 21:20:00,378.6039367693742,383.1,378.6039367693742,382.025,370.53691997831896,363.7788557737306,351.3384747039315,363.6893183487584,Up,5512
2026-01-30 21:30:00,380.3144683846871,383.1,380.3144683846871,382.475,371.62219998028996,364.51203790025096,351.64829087603175,365.0919044813855,Up,1711
2026-01-30 21:40:00,381.3947341923436,393.6,381.3947341923436,387.225,373.0406363457181,365.40274229631956,352.0022879817429,367.9542434288803,Up,1470
2026-01-30 21:50:00,384.3098670961718,392.5,384.3098670961718,390.225,374.6028512233801,366.37616416705214,352.3826134744619,367.9542434288803,Up,7053
2026-01-30 22:00:00,387.26743354808593,393.6,387.26743354808593,392.225,376.2048647485274,367.38984400363836,352.7790551314324,369.2721415115099,Up,3434
2026-01-30 22:10:00,389.746216774043,393.6,389.746216774043,393.35,377.7635134077522,368.40788933682904,353.1827461251495,371.0339369752798,Up,1428
2026-01-30 22:20:00,391.5481083870215,393.6,391.5481083870215,393.6,379.2031940070475,369.3958152451887,353.58490785524754,373.0650286872079,Up,189
2026-01-30 22:30:00,392.57405419351073,404.2,392.57405419351073,397.0,380.8210854609523,370.478332294397,354.016898821862,376.4239327068476,Up,7601
2026-01-30 22:40:00,394.78702709675537,396.8,392.0,394.45,382.06007769177484,371.4183976946167,354.41921823656986,376.4239327068476,Up,4992
2026-01-30 22:50:00,394.6185135483777,395.1,390.6,393.05,383.0591615379771,372.2666958242396,354.80360412476324,376.4239327068476,Up,6727
2026-01-30 23:00:00,393.8342567741888,397.3,393.1,394.9500000000001,384.1401468527065,373.15623716446555,355.2030707503875,376.4239327068476,Up,5007
2026-01-30 23:10:00,394.3921283870944,398.5,394.3,395.9,385.20922441155136,374.0481494325257,355.6080153200354,376.4239327068476,Up,3744
2026-01-30 23:20:00,395.1460641935472,396.0,390.7,393.175,385.9333858286831,374.7982220037992,355.9818161626221,376.4239327068476,Up,4301
2026-01-30 23:30:00,394.1605320967736,396.0,389.9,393.25,386.59853257153003,375.52182114090516,356.3526438624965,376.4239327068476,Up,3754
2026-01-30 23:40:00,393.7052660483868,396.7,392.3,394.475,387.3145750650273,376.26508305694813,356.73197078923783,376.4239327068476,Up,3077
2026-01-30 23:50:00,394.0901330241934,395.1,383.6,389.4,387.5041591500248,376.78017783902857,357.05702580626036,376.4239327068476,Up,4237
2026-01-31 00:00:00,391.7450665120968,391.7450665120968,382.4,384.375,387.2196901363862,377.07801400220393,357.32884644500405,376.4239327068476,Up,1894
2026-02-01 09:00:00,388.0600332560483,406.4,388.0600332560483,400.9,388.46335466944197,378.0122095315293,357.7623902614717,376.4239327068476,Up,620
2026-02-01 09:10:00,394.48001662802415,414.2,394.48001662802415,407.1,390.1575951540381,379.1529071969595,358.2533117514073,376.4239327068476,Up,3562
2026-02-01 09:20:00,400.7900083140121,414.2,400.7900083140121,414.2,392.34326832185286,380.5273029931572,358.8099952165674,376.4239327068476,Up,254
2026-02-01 09:30:00,407.49500415700606,425.9,407.49500415700606,420.05,394.8620621107753,382.0772126797001,359.41934849799463,377.0115400701182,Up,3156
2026-02-01 09:40:00,413.772502078503,425.9,413.772502078503,425.9,397.68369282797755,383.7957533589275,360.0808475179151,379.3481045147209,Up,293
2026-02-01 09:50:00,419.83625103925147,425.9,419.83625103925147,425.9,400.24881166179773,385.4469002860284,360.73576445803536,383.8557199661439,Up,147
2026-02-01 10:00:00,422.8681255196257,425.9,422.8681255196257,425.9,402.5807378743616,387.033296353243,361.38416481168673,387.8157397183297,Up,61
2026-02-01 10:10:00,424.3840627598129,425.9,424.3840627598129,425.9,404.7006707948742,388.55748080997853,362.0261134205257,391.34685143667184,Up,121
2026-02-01 10:20:00,425.1420313799064,425.9,425.1420313799064,425.9,406.62788254079476,390.0218933272343,362.661674481018,394.5224998797059,Up,406
2026-02-01 10:30:00,425.5210156899532,425.9,425.5210156899532,425.9,408.3798932189043,391.4288779026369,363.2909115508586,397.3922264501893,Up,109
2026-02-01 10:40:00,425.7105078449766,425.9,425.7105078449766,425.9,409.9726301990039,392.7806866123374,363.9138875553277,399.99245550721866,Up,81
2026-02-01 10:50:00,425.8052539224883,425.9,425.8052539224883,425.9,411.42057290818536,394.0794832157751,364.5306647935831,402.3519934646311,Up,80
2026-02-01 11:00:00,425.85262696124414,425.9,384.3,411.275,411.40733900744124,394.7538172073133,364.99578255683105,402.3519934646311,Up,7749
2026-02-01 11:10:00,418.56381348062206,418.56381348062206,404.0,409.8250000000001,411.26349000676475,395.3448439834971,365.4418444219372,402.3519934646311,Up,2341
2026-02-01 11:20:00,414.194406740311,414.194406740311,408.7,410.825,411.2236272788771,395.9519089253208,365.8934181092812,402.3519934646311,Up,965
2026-02-01 11:30:00,412.50970337015553,418.3,411.0,413.65,411.444206617161,396.64595171256315,366.3686079788406,402.3519934646311,Up,2448
2026-02-01 11:40:00,413.07985168507776,415.6,412.0,413.825,411.6606423792373,397.31963988069793,366.8408108845238,402.3519934646311,Up,883
2026-02-01 11:50:00,413.4524258425389,414.2,409.0,411.5,411.6460385265794,397.87573243439607,367.2851809254738,402.3519934646311,Up,882
2026-02-01 12:00:00,412.4762129212695,413.0,409.0,410.525,411.54412593325395,398.37178214285115,367.7154278814392,402.3519934646311,Up,765
2026-02-01 12:10:00,411.5006064606347,411.5006064606347,404.5,407.625,411.1878417575036,398.73465343136684,368.11253805177313,402.3519934646311,Up,1878
2026-02-01 12:20:00,409.5628032303173,409.5628032303173,395.7,402.42500000000007,410.3912197795487,398.87937290464663,368.4539555835963,402.3519934646311,Up,3286
2026-02-01 12:30:00,405.99390161515873,405.99390161515873,400.7,402.975,409.7170179814079,399.0399857319154,368.797448562864,402.3519934646311,Up,881
2026-02-01 12:40:00,404.4844508075794,404.4844508075794,398.2,400.725,408.8995618012799,399.1060647228207,369.11513564184054,433.00475538444846,Down,1062
2026-02-01 12:50:00,402.6047254037897,405.1,399.6,402.15,408.28596527389084,399.22543473369046,369.4438407598322,433.00475538444846,Down,1027
2026-02-01 13:00:00,402.37736270189487,404.3,402.37736270189487,403.875,407.88496843080986,399.4077706264869,369.7864393592369,432.1060615002522,Down,349
2026-02-01 13:10:00,403.1261813509474,403.9,399.7,402.3,407.37724402800893,399.52119138623254,370.1099573755629,429.4794364993679,Down,614
2026-02-01 13:20:00,402.7130906754737,402.7130906754737,401.3,401.925,406.88158548000814,399.615458390694,370.42652496386575,427.6835205827891,Down,263
2026-02-01 13:30:00,402.3190453377368,403.9,400.6,402.05,406.44235043637104,399.7109306106668,370.74118640701136,426.79270476822927,Down,549
2026-02-01 13:40:00,402.1845226688684,403.8,400.6,402.325,406.0680458512464,399.8134431357387,371.0554532089317,425.67518615293574,Down,471
2026-02-01 13:50:00,402.2547613344342,403.5,402.2547613344342,403.0,405.78913259204217,399.93840615002347,371.37330939590754,424.67127304827346,Down,248
2026-02-01 14:00:00,402.6273806672171,404.2,402.1,402.9,405.5264841745838,400.0545470853167,371.68700780987865,423.72626580096033,Down,304
2026-02-01 14:10:00,402.76369033360857,403.5,402.3,402.875,405.28544015871256,400.16515308197097,371.99733609037736,422.0420598190548,Down,195
2026-02-01 14:20:00,402.8193451668043,403.5,402.5,403.075,405.084491053375,400.27926472581527,372.3065665770403,420.76550892641353,Down,157
2026-02-01 14:30:00,402.9471725834021,403.2,401.4,402.35,404.8359009576136,400.36047003068524,372.6055062130897,419.1050081149213,Down,249
2026-02-01 14:40:00,402.648586291701,403.4,401.8,402.525,404.62581905237596,400.4453535588937,372.9032126189296,418.45909828629215,Down,218
2026-02-01 14:50:00,402.5867931458505,404.1,402.5867931458505,403.25,404.50074459306904,400.5553396938391,373.2051707023234,418.33348592409993,Down,263
2026-02-01 15:00:00,402.9183965729253,403.4,402.9,403.125,404.37567690279,400.6561106862376,373.5028804465789,416.9591721374315,Down,148
2026-02-01 15:10:00,403.02169828646265,403.7,403.0,403.3250000000001,404.2801608207182,400.76077301226746,373.7996179545732,416.158338306756,Down,206
2026-02-01 15:20:00,403.17334914323135,404.3,403.17334914323135,403.8,404.2365098370165,400.8799583843354,374.09812921870684,415.79030970749153,Down,437
2026-02-01 15:30:00,403.4866745716157,405.4,403.4866745716157,404.725,404.2809180336514,401.03074433004775,374.4028742016053,415.79030970749153,Down,969
2026-02-01 15:40:00,404.1058372858079,412.3,404.1058372858079,408.25,404.64174366695585,401.31385239553606,374.7396615229824,415.79030970749153,Down,2889
2026-02-01 15:50:00,406.17791864290393,410.5,401.0,405.7000000000001,404.73794878814164,401.48585818394645,375.0477245924054,415.79030970749153,Down,2279
2026-02-01 16:00:00,405.938959321452,407.1,401.1,404.175,404.6867716255833,401.5913147257525,375.3375482283019,415.79030970749153,Down,1436
2026-02-01 16:10:00,405.056979660726,408.0,405.056979660726,406.85,404.88342875053024,401.7975376776838,375.65110496234865,415.79030970749153,Down,914
2026-02-01 16:20:00,405.953489830363,409.0,405.953489830363,407.3,405.10311704593653,402.0133205138531,375.96601934083276,415.79030970749153,Down,931
2026-02-01 16:30:00,406.6267449151815,407.0,403.8,406.1,405.19374276903324,402.17358245448634,376.26585994440654,415.79030970749153,Down,1042
2026-02-01 16:40:00,406.3633724575908,407.0,404.0,405.525,405.2238570627575,402.30501059352605,376.55699566635275,415.79030970749153,Down,861
2026-02-01 16:50:00,405.9441862287954,405.9441862287954,402.7,403.8,405.0944155115977,402.36363762907405,376.8280703363393,415.79030970749153,Down,1199
2026-02-01 17:00:00,404.87209311439767,407.5,403.0,405.225,405.10628682872516,402.47584791812994,377.1106268504056,415.79030970749153,Down,1251
2026-02-02 09:00:00,405.0485465571989,405.0485465571989,380.7,385.85,403.355715298841,401.82385388212487,377.1975857872175,415.79030970749153,Down,339
2026-02-02 09:10:00,395.4492732785994,395.4492732785994,380.7,380.7,401.2961048171282,400.99546745537486,377.23243567988203,414.3748222879894,Down,351
2026-02-02 09:20:00,388.0746366392997,388.0746366392997,368.5,374.6,398.86918619738924,399.96035108457585,377.2062422900325,409.3146276872949,Down,272
2026-02-02 09:30:00,381.33731831964985,381.33731831964985,368.5,368.5,396.10835108853564,398.7266118263572,377.11961301351477,407.7934197921022,Down,177
2026-02-02 09:40:00,374.9186591598249,374.9186591598249,356.4,362.4500000000001,393.04850098957786,397.3039995978727,376.97364671487287,402.27953348555536,Down,311
2026-02-02 09:50:00,368.6843295799125,368.6843295799125,356.4,356.4,389.7168190814344,395.69992118226986,376.7689338122373,400.3002881877817,Down,124
2026-02-02 10:00:00,362.54216478995625,362.54216478995625,344.2,350.3,386.1334718922131,393.9195321162985,376.5055613364937,394.36652722571256,Down,595
2026-02-02 10:10:00,356.42108239497816,356.42108239497816,344.2,344.2,382.3213380838301,391.9697465431104,376.1841129649863,392.02315736905797,Down,193
2026-02-02 10:20:00,350.3105411974891,350.3105411974891,344.2,344.2,378.855761894391,390.09642314926293,375.86586308473767,387.3978457356214,Down,189
2026-02-02 10:30:00,347.2552705987446,347.2552705987446,335.3,339.775,375.3029653585372,388.12303400615457,375.5067500192179,382.11825655062194,Down,4685
2026-02-02 10:40:00,343.5151352993723,343.5151352993723,333.4,334.575,371.60042305321565,386.02311110395243,375.0994689244994,379.26363616877575,Down,2210
2026-02-02 10:50:00,339.04506764968613,339.04506764968613,333.6,334.57500000000005,368.2344755029233,384.00553811948373,374.696240377987,375.398984351174,Down,1386
2026-02-02 11:00:00,336.8100338248431,336.8100338248431,334.6,335.32500000000005,365.24270500265754,382.09649740891575,374.30448674238517,372.04180241811997,Down,990
2026-02-02 11:10:00,336.0675169124216,339.3,335.2,336.625,362.6410954569614,380.3133014320955,373.92956647629177,371.77435045972584,Down,3211
2026-02-02 11:20:00,336.3462584562108,336.7,334.3,335.525,360.1759958699649,378.5568974543663,373.54743148647793,367.75850041793257,Down,1672
2026-02-02 11:30:00,335.93562922810537,335.93562922810537,333.5,334.45,357.83726897269537,376.8272152012539,373.15840231745824,364.9294074405752,Down,1172
2026-02-02 11:40:00,335.1928146140527,335.8,332.7,334.07500000000005,355.6770627024503,375.15065774238127,372.7695127421602,362.84235711502043,Down,1734
2026-02-02 11:50:00,334.63390730702633,334.63390730702633,332.6,333.025,353.6177842749548,373.49867116424866,372.37404495368105,360.3496082333595,Down,626
2026-02-02 12:00:00,333.8294536535132,333.8294536535132,332.1,332.625,351.70934934086796,371.89578209898406,371.97853206856985,357.8960323188035,Down,658
2026-02-02 12:10:00,333.2272268267566,334.5,332.1,333.05,350.01304485533456,370.3724180951023,371.5911834907731,356.8375504473154,Down,1033
2026-02-02 12:20:00,333.13861341337827,335.3,333.13861341337827,334.2,348.5754953230314,368.9538918952944,371.2191319137505,356.43526165879405,Down,1082
2026-02-02 12:30:00,333.6693067066891,334.9,333.1,334.07500000000005,347.2572684754831,367.58609221312605,370.8495385613749,354.8508681382771,Down,471
2026-02-02 12:40:00,333.8721533533446,334.2,332.1,333.225,345.98160770498464,366.2385984008466,370.4751650433513,352.86897103479737,Down,925
2026-02-02 12:50:00,333.54857667667227,333.54857667667227,332.1,332.675,344.7719160954406,364.9223788557154,370.0990439981438,351.2773807978509,Down,534
2026-02-02 13:00:00,333.11178833833617,333.11178833833617,332.1,332.1,343.6199237231278,363.63522674372655,369.7209440578638,349.74935580084923,Down,42
2026-02-02 13:10:00,332.6058941691681,332.6058941691681,332.1,332.1,342.5726579301162,362.398551185149,369.34660630604424,348.1218737203553,Down,42
2026-02-02 13:20:00,332.35294708458406,332.35294708458406,332.1,332.1,341.62059811828743,361.21037270730005,368.97599330797414,346.65384215102375,Down,59
2026-02-02 13:30:00,332.22647354229207,332.22647354229207,332.1,332.1,340.7550891984431,360.0687894638765,368.60906800142715,345.3250167944629,Down,68
2026-02-02 13:40:00,332.16323677114605,332.7,332.1,332.25,339.9818992713119,358.97785654372444,368.2472862302687,344.5834363848334,Down,308
2026-02-02 13:50:00,332.20661838557305,332.20661838557305,332.1,332.1,339.2653629739199,357.92382295377445,367.88761174041525,343.2837059062715,Down,59
2026-02-02 14:00:00,332.15330919278654,332.15330919278654,330.6,331.6,338.5685117944726,356.8915161712735,367.52654097682904,342.0600367696656,Down,608
2026-02-02 14:10:00,331.8766545963933,331.8766545963933,331.4,331.575,337.93273799497507,355.8987116155373,367.16881420094023,341.52382185440536,Down,233
2026-02-02 14:20:00,331.72582729819663,332.0,330.6,331.45000000000005,337.34339817725004,354.9399386110064,366.8134031143637,340.795904142008,Down,372
2026-02-02 14:30:00,331.5879136490984,332.3,328.7,330.77500000000003,336.7462710702273,353.99229395959446,366.45481203859896,340.44173103818906,Down,1214
2026-02-02 14:40:00,331.1814568245492,335.9,330.3,333.1,336.4147918820248,353.1729883141202,366.122923361598,340.44173103818906,Down,1807
2026-02-02 14:50:00,332.1407284122746,336.1,332.1407284122746,334.825,336.27026534729526,352.4534593606253,365.8115012385971,340.44173103818906,Down,960
2026-02-02 15:00:00,333.48286420613726,335.3,333.0,334.1,336.0729684975411,351.73371585628706,365.4959639128399,340.44173103818906,Down,768
2026-02-02 15:10:00,333.79143210306864,335.8,333.79143210306864,334.82500000000005,335.9595168159465,351.0706289599621,365.19078019231415,340.44173103818906,Down,895
2026-02-02 15:20:00,334.3082160515344,337.4,334.3082160515344,336.2,335.98137892358767,350.48746703996363,364.9023147177638,340.44173103818906,Down,1047
2026-02-02 15:30:00,335.2541080257672,337.5,335.2541080257672,336.525,336.0307990214433,349.9399193129062,364.6199533772885,340.44173103818906,Down,1466
2026-02-02 15:40:00,335.8895540128836,336.3,334.6,335.55,335.98709001949385,349.3756087516158,364.33070010985284,340.44173103818906,Down,1199
2026-02-02 15:50:00,335.7197770064418,336.2,335.1,335.67499999999995,335.9587181995398,348.8383299770427,364.0455687654762,340.44173103818906,Down,564
2026-02-02 16:00:00,335.69738850322085,336.3,333.7,335.375,335.90565290867255,348.3103562524528,363.7602894742775,340.44173103818906,Down,1285
2026-02-02 16:10:00,335.5361942516104,335.8,333.2,334.55,335.78241173515687,347.7707344386311,363.4696398277673,340.44173103818906,Down,1158
2026-02-02 16:20:00,335.0430971258052,335.0430971258052,331.4,332.7,335.50219248650626,347.17972524495934,363.1634742573418,340.44173103818906,Down,1524
2026-02-02 16:30:00,333.8715485629026,333.8715485629026,331.0,331.75,335.1610840786421,346.57463798045114,362.8509023741842,340.44173103818906,Down,1233
2026-02-02 16:40:00,332.8107742814513,332.8107742814513,329.1,330.825,334.76689461694735,345.9570051184727,362.5322366789187,340.44173103818906,Down,2083
2026-02-02 16:50:00,331.81788714072565,333.4,330.6,331.975,334.51308601540666,345.40869119225806,362.22818457266084,340.44173103818906,Down,1649
2026-02-02 17:00:00,331.89644357036286,333.4,331.89644357036286,333.1,334.3846236503697,344.92599742001266,361.9383518903458,340.44173103818906,Down,558
2026-02-02 17:10:00,332.49822178518144,333.7,331.6,332.75,334.23602150033605,344.44850732511026,361.6479205282528,340.44173103818906,Down,1583
2026-02-02 17:20:00,332.6241108925907,332.8,331.2,332.175,334.0486559093964,343.96719331236085,361.35465763742445,340.44173103818906,Down,1322
2026-02-02 17:30:00,332.3995554462954,333.7,329.7,332.375,333.8965053721786,343.51259749618987,361.06630283506206,340.44173103818906,Down,2461
2026-02-02 17:40:00,332.3872777231477,335.2,332.3872777231477,333.925,333.8990957928896,343.136613280653,360.79624012028535,340.44173103818906,Down,2069
2026-02-02 17:50:00,333.1561388615738,334.5,331.1,332.75,333.7946325389906,342.7292951127843,360.51717305441184,340.44173103818906,Down,1345
2026-02-02 18:00:00,332.9530694307869,332.9530694307869,330.4,331.45000000000005,333.58148412635506,342.2869698142438,360.22794745188037,340.44173103818906,Down,1965
2026-02-02 18:10:00,332.20153471539345,332.20153471539345,329.9,331.225,333.36725829668643,341.85316707643034,359.9393609100706,340.44173103818906,Down,1252
2026-02-02 18:20:00,331.71326735769674,331.71326735769674,328.8,330.17499999999995,333.0770529969876,341.3951997400997,359.64319811494556,340.44173103818906,Down,1844
2026-02-02 18:30:00,330.94413367884835,331.4,329.6,330.325,332.82686636089784,340.9610742600958,359.35147475061774,340.44173103818906,Down,1223
2026-02-02 18:40:00,330.63456683942417,333.6,330.1,331.225,332.6812421462708,340.5792674263666,359.0716093302136,340.44173103818906,Down,2057
2026-02-02 18:50:00,330.92978341971207,331.2,325.1,328.95,332.3420383147916,340.1232177233718,358.77189182444033,340.16698979582907,Down,4994
2026-02-02 19:00:00,329.93989170985606,329.93989170985606,326.4,327.925,331.9404893770832,339.6448562440239,358.464957577431,340.16698979582907,Down,1774
2026-02-02 19:10:00,328.932445854928,329.5,326.3,327.52500000000003,331.5390812518939,339.16956776386616,358.1570973030287,340.16524502460453,Down,1747
2026-02-02 19:20:00,328.228722927464,328.228722927464,324.4,325.7,331.0082556835399,338.6413494201851,357.83414111095874,338.8568470960867,Down,1866
2026-02-02 19:30:00,326.964361463732,326.964361463732,323.8,325.0,330.46205062139995,338.1063945409622,357.5074332392079,337.93511729354555,Down,1932
2026-02-02 19:40:00,325.982180731866,326.7,324.5,325.4,330.00186420127267,337.60810455896365,357.1879562915541,337.8117605106178,Down,1147
2026-02-02 19:50:00,325.6910903659329,325.6910903659329,324.0,324.9,329.53805836479336,337.10974751743566,356.86668309462317,336.56208759841275,Down,1129
2026-02-02 20:00:00,325.29554518296646,326.9,324.4,325.625,329.1823257861758,336.6593652618499,356.55582057626873,336.56208759841275,Down,1007
2026-02-02 20:10:00,325.4602725914832,326.7,324.5,325.575,328.85438707834163,336.2246842711891,356.2475537048631,336.56208759841275,Down,825
2026-02-02 20:20:00,325.5176362957416,325.5176362957416,323.6,324.575,328.46535188940146,335.7678339076131,355.932403916755,335.5583992263429,Down,1067
2026-02-02 20:30:00,325.0463181478708,328.8,324.3,325.67499999999995,328.21168353581953,335.37203649947145,355.6313352210659,335.5583992263429,Down,2856
2026-02-02 20:40:00,325.3606590739354,325.6,322.3,324.1,327.8378941234723,334.92999585243336,355.31759059200056,335.5583992263429,Down,1488
2026-02-02 20:50:00,324.7303295369677,326.7,322.7,324.575,327.54126738497484,334.5239175837105,355.01169416819954,335.5583992263429,Down,1687
2026-02-02 21:00:00,324.6526647684839,325.5,323.5,324.675,327.2806976227044,334.1376855216042,354.7098365147846,335.5583992263429,Down,954
2026-02-02 21:10:00,324.6638323842419,325.1,323.5,324.125,326.99381602064034,333.74503118742365,354.40550978329424,335.5583992263429,Down,943
2026-02-02 21:20:00,324.39441619212096,324.39441619212096,319.9,321.875,326.52846910967304,333.279539768309,354.08182311878386,334.06761386650874,Down,2309
2026-02-02 21:30:00,323.1347080960605,323.1347080960605,319.9,319.9,325.9258810087936,332.7548519342577,353.7417054758109,333.53034405609617,Down,194
2026-02-02 21:40:00,321.51735404803026,321.51735404803026,313.3,317.025,325.1167100079942,332.13799499565937,353.37636512281773,331.317705776086,Down,3475
2026-02-02 21:50:00,319.2711770240151,320.0,312.5,315.65,324.25610000726743,331.4914069566139,353.00097840517776,331.317705776086,Down,5466
2026-02-02 22:00:00,317.4605885120076,320.5,311.1,314.675,323.3850909156977,330.83194001713883,352.6196253862208,331.317705776086,Down,4570
2026-02-02 22:10:00,316.0677942560038,316.3,310.1,312.15000000000003,322.3637190142706,330.0993149184275,352.2169425465569,331.26598704137564,Down,3215
2026-02-02 22:20:00,314.1088971280019,314.1088971280019,308.7,310.67499999999995,321.3011081947914,329.3375770784892,351.8035898844021,329.79494482997944,Down,3126
2026-02-02 22:30:00,312.3919485640009,313.5,307.8,310.125,320.2850983589013,328.58414268325436,351.38887754724385,329.4413602417986,Down,2960
2026-02-02 22:40:00,311.25847428200046,311.25847428200046,307.8,308.65,319.2273621444557,327.8024115976366,350.96361508408717,327.86991891790825,Down,4862
2026-02-02 22:50:00,309.95423714100025,309.95423714100025,307.8,307.85,318.1930564949597,327.0199640840038,350.5346238892206,326.3338246007802,Down,299
2026-02-02 23:00:00,308.9021185705001,308.9021185705001,295.6,303.1,316.82096044996337,326.08192627678795,350.06263758186515,322.95792606568654,Down,323
2026-02-02 23:10:00,306.00105928525005,306.00105928525005,296.5,298.85,315.18723677269395,325.0140075992669,349.5530590984635,322.95792606568654,Down,2926
2026-02-02 23:20:00,302.42552964262507,302.42552964262507,296.8,298.05,313.6293061569945,323.95659553655054,349.04059084872756,321.9123710504791,Down,1613
2026-02-02 23:30:00,300.23776482131257,300.23776482131257,295.6,297.45000000000005,312.1584601427223,322.91712120178386,348.5272516363024,319.87771164492136,Down,1832
2026-02-02 23:40:00,298.8438824106563,298.8438824106563,295.6,295.8,310.6713274024748,321.8537046840669,348.0026023662895,318.3641068403532,Down,777
2026-02-02 23:50:00,297.32194120532813,297.32194120532813,291.8,294.825,309.23075218406797,320.79375548077013,347.4734719944857,315.7890998000789,Down,1941
2026-02-03 00:00:00,296.0734706026641,297.6,295.0,296.35,308.059774712789,319.8351768344654,346.964780730859,315.7890998000789,Down,881
2026-02-03 09:00:00,296.21173530133206,296.21173530133206,284.1,288.35,306.26797701162633,318.60046401742756,346.38154908179575,313.0716769047279,Down,189
2026-02-03 09:10:00,292.28086765066604,295.5,291.4,293.575,305.1140700105694,317.6190732716461,345.8561107824744,313.0716769047279,Down,3391
2026-02-03 09:20:00,292.927933825333,295.5,292.4,294.025,304.10597273688126,316.69381549628736,345.3403783368777,313.0716769047279,Down,2208
2026-02-03 09:30:00,293.4764669126665,293.4764669126665,292.0,292.725,303.0713388517102,315.7538619474134,344.8168422340232,313.0716769047279,Down,879
2026-02-03 09:40:00,293.1007334563333,293.8,292.1,292.7,302.1284898651911,314.84978892986777,344.2982666894061,312.77445820235084,Down,1135
2026-02-03 09:50:00,292.90036672816666,292.90036672816666,291.0,291.75,301.18499078653736,313.9439148541867,343.7753983641384,310.6634605400992,Down,1238
2026-02-03 10:00:00,292.32518336408333,292.32518336408333,290.3,290.92499999999995,300.25226435139757,313.04121231088527,343.24952375355,309.0610921562682,Down,1098
2026-02-03 10:10:00,291.62509168204167,291.62509168204167,290.1,290.65,299.37933122854326,312.16312555359565,342.72614540774356,307.5521250656056,Down,1439
2026-02-03 10:20:00,291.1375458410208,291.1375458410208,286.7,288.725,298.41075566231206,311.2439833750233,342.18882057781576,305.70477070323136,Down,3427
2026-02-03 10:30:00,289.9312729205104,289.9312729205104,286.5,287.6,297.4279596930109,310.3167683407086,341.6456482337579,304.72337005200535,Down,1437
2026-02-03 10:40:00,288.7656364602552,290.0,288.5,289.025,296.6640542663735,309.48179703322984,341.12205969411855,304.72337005200535,Down,1599
2026-02-03 10:50:00,288.8953182301276,290.3,288.8953182301276,289.65000000000003,296.02641296943045,308.70407950251496,340.6098998961672,304.54459595018284,Down,836
2026-02-03 11:00:00,289.2726591150638,290.8,289.2726591150638,290.15000000000003,295.49219360857313,307.976468541632,340.10781133998637,304.1798506385259,Down,1039
2026-02-03 11:10:00,289.71132955753194,292.6,289.4,291.1,295.092903280521,307.31464624588176,339.6201714261557,304.1798506385259,Down,2074
2026-02-03 11:20:00,290.405664778766,294.5,290.405664778766,293.175,294.9185484368372,306.76015031467074,339.1580304169402,304.1798506385259,Down,1635
2026-02-03 11:30:00,291.790332389383,294.7,291.790332389383,294.25,294.8577713062156,306.26955618468367,338.71118434313985,304.1798506385259,Down,1082
2026-02-03 11:40:00,293.0201661946915,294.6,292.6,293.90000000000003,294.7707011874688,305.7844755499902,338.2653019118648,304.1798506385259,Down,853
2026-02-03 11:50:00,293.4600830973458,296.0,293.1,294.8,294.7733647158807,305.35371180293174,337.8328113455776,304.1798506385259,Down,1779
2026-02-03 12:00:00,294.1300415486729,296.3,294.1300415486729,295.70000000000005,294.85760428716424,304.9751348694835,337.4135793918903,304.1798506385259,Down,1187
2026-02-03 12:10:00,294.9150207743365,296.8,294.9150207743365,295.90000000000003,294.95236753378566,304.619247227543,337.00050895017995,304.1798506385259,Down,951
2026-02-03 12:20:00,295.40751038716826,296.4,295.0,295.75,295.02487957616876,304.2714336107766,336.590056124805,304.1798506385259,Down,503
2026-02-03 12:30:00,295.57875519358413,295.9,294.5,295.3,295.04989052378977,303.9196126848638,336.179209795205,304.1798506385259,Down,1087
2026-02-03 12:40:00,295.43937759679204,297.0,295.0,296.175,295.1521732034453,303.61590238349663,335.78115795644675,304.1798506385259,Down,796
2026-02-03 12:50:00,295.80718879839606,297.3,292.5,294.95,295.1337938213139,303.2760630743399,335.3748777777756,304.1798506385259,Down,1724
2026-02-03 13:00:00,295.37859439919805,295.37859439919805,292.5,293.725,295.0057216557399,302.90151158122853,334.96045113322066,304.1798506385259,Down,919
2026-02-03 13:10:00,294.55179719959904,294.9,293.6,294.3,294.9415651415817,302.5641974015725,334.555869529905,304.1798506385259,Down,512
2026-02-03 13:20:00,294.42589859979955,294.9,293.3,294.125,294.8673319468924,302.23324848386386,334.15357232065224,304.1798506385259,Down,688
2026-02-03 13:30:00,294.2754492998998,294.6,291.7,293.1,294.7066654062658,301.87508187665355,333.7450790637304,303.87951755982766,Down,984
2026-02-03 13:40:00,293.6877246499499,294.3,291.9,292.975,294.54924127842344,301.5260590579613,333.3394066352356,303.7268341452979,Down,777
2026-02-03 13:50:00,293.331362324975,294.2,293.1,293.70000000000005,294.4720375258395,301.2191547811785,332.9449846786661,303.7268341452979,Down,444
2026-02-03 14:00:00,293.5156811624875,296.2,293.5156811624875,294.775,294.49957956894497,300.9664428289754,332.56518383609233,303.7268341452979,Down,1070
2026-02-03 14:10:00,294.1453405812438,296.2,294.1453405812438,295.175,294.56098142631356,300.73932742391753,332.19314220588245,303.7268341452979,Down,767
2026-02-03 14:20:00,294.66017029062186,295.7,293.5,295.0,294.60089220573957,300.5142557602345,331.82306118890847,303.7268341452979,Down,652
2026-02-03 14:30:00,294.83008514531093,295.7,293.3,294.70000000000005,294.6099020052178,300.2862457304214,331.4536774954865,303.7268341452979,Down,814
2026-02-03 14:40:00,294.7650425726555,294.9,292.7,293.675,294.52491091383433,300.0269811919735,331.07777025672544,303.5577528476193,Down,932
2026-02-03 14:50:00,294.2200212863278,294.2200212863278,291.2,292.225,294.3158281034857,299.72102114522943,330.69117552780284,302.6788846087552,Down,1024
2026-02-03 15:00:00,293.2225106431639,293.2225106431639,289.1,290.275,293.9484800940779,299.3505889434557,330.28902452752624,301.7229627969064,Down,1553
2026-02-03 15:10:00,291.74875532158194,291.74875532158194,289.1,289.75,293.56680008552536,298.97409525939867,329.88565114914286,300.9891136643884,Down,1107
2026-02-03 15:20:00,290.74937766079097,291.7,287.8,290.275,293.26754553229574,298.632954268834,329.4915153168131,300.77248727599766,Down,1534
2026-02-03 15:30:00,290.5121888303955,292.9,290.5121888303955,291.79999999999995,293.134132302087,298.3649952778993,329.11647536341195,300.77248727599766,Down,1394
2026-02-03 15:40:00,291.1560944151977,293.1,291.1560944151977,292.2,293.04921118371544,298.12323075719735,328.7491472503432,300.77248727599766,Down,780
2026-02-03 15:50:00,291.67804720759887,294.0,291.5,292.5,292.99928289428675,297.90271190397397,328.38845921800146,300.77248727599766,Down,684
2026-02-03 16:00:00,292.08902360379943,292.8,291.3,291.9,292.89934808571525,297.66731143715145,328.02538997205124,300.77248727599766,Down,707
2026-02-03 16:10:00,291.9945118018997,293.3,291.4,292.2,292.83577098701386,297.4529070670671,327.6689184300408,300.77248727599766,Down,787
2026-02-03 16:20:00,292.09725590094985,294.2,292.09725590094985,292.875,292.8393372609217,297.27338129973117,327.3227102864583,300.77248727599766,Down,889
2026-02-03 16:30:00,292.4861279504749,293.6,290.6,292.25,292.78576114629243,297.0763859546437,326.9737280945533,300.77248727599766,Down,1207
2026-02-03 16:40:00,292.3680639752375,292.9,291.7,292.15,292.7279646784477,296.8831943485792,326.62722333739356,300.77248727599766,Down,501
2026-02-03 16:50:00,292.2590319876188,294.6,291.6,293.05,292.7572406167706,296.7328730015761,326.2931216126434,300.77248727599766,Down,1332
2026-02-03 17:00:00,292.6545159938093,294.4,291.4,293.04999999999995,292.7838551061551,296.58844660935745,325.9623442831644,300.77248727599766,Down,1704
2026-02-03 17:10:00,292.85225799690465,293.1,290.3,291.92499999999995,292.7057773692319,296.40556635016696,325.62366424054585,300.77248727599766,Down,2137
2026-02-03 17:20:00,292.3886289984523,292.4,290.3,291.325,292.5802521538472,296.206328454082,325.2823839993464,300.77248727599766,Down,1394
2026-02-03 17:30:00,291.8568144992262,292.4,288.8,290.35,292.3775019580429,295.9766685147062,324.93479808890515,300.77248727599766,Down,2335
2026-02-03 17:40:00,291.1034072496131,291.1034072496131,288.4,289.75,292.13863814367534,295.73248543569815,324.5847005954832,300.1324648729415,Down,1771
2026-02-03 17:50:00,290.4267036248066,293.7,290.0,291.95000000000005,292.12148922152306,295.5841526735139,324.2599772064734,300.1324648729415,Down,2163
2026-02-03 18:00:00,291.1883518124033,294.4,291.0,292.95,292.1968083832028,295.4808525686703,323.9484351447175,300.1324648729415,Down,2889
2026-02-03 18:10:00,292.0691759062016,297.7,292.0691759062016,295.15,292.46528034836615,295.4678779581342,323.6618835512378,300.1324648729415,Down,4898
2026-02-03 18:20:00,293.6095879531008,298.8,293.6095879531008,297.55,292.9275275894238,295.54952980291324,323.4020638144096,300.1324648729415,Down,5409
2026-02-03 18:30:00,295.5797939765504,298.3,294.2,296.65,293.2659341722034,295.59268549691666,323.135874124714,300.1324648729415,Down,6045
2026-02-03 18:40:00,296.1148969882752,298.2,293.8,296.225,293.53494015654854,295.6174821440964,322.8681042329258,300.1324648729415,Down,6883
2026-02-03 18:50:00,296.1699484941376,298.5,293.9,295.85,293.74540014231684,295.6266004913868,322.5992673748868,300.1324648729415,Down,5713
2026-02-03 19:00:00,296.00997424706884,296.4,290.8,294.125,293.77990922028806,295.56771419760696,322.3159413313556,300.1324648729415,Down,6207
2026-02-03 19:10:00,295.0674871235344,297.3,294.1,295.8,293.96355383662547,295.57682344475967,322.0521011191033,300.1324648729415,Down,2679
2026-02-03 19:20:00,295.4337435617672,300.4,295.4337435617672,298.225,294.35095803329585,295.6806735057495,321.8150155358287,300.1324648729415,Down,5235
2026-02-03 19:30:00,296.82937178088355,299.5,293.5,296.75,294.56905275754167,295.72260787807306,321.5656123961688,300.1324648729415,Down,5602
2026-02-03 19:40:00,296.7896858904418,298.7,294.5,296.57500000000005,294.7514115977651,295.75603502010944,321.31694958625667,300.1324648729415,Down,2712
2026-02-03 19:50:00,296.6823429452209,299.4,296.6823429452209,298.15,295.0603741797865,295.849915999713,321.08643267495063,300.1324648729415,Down,2191
2026-02-03 20:00:00,297.4161714726105,297.6,295.2,296.65,295.20488561798766,295.8812918428615,320.84328409112027,300.1324648729415,Down,1929
2026-02-03 20:10:00,297.0330857363052,300.7,296.6,298.425,295.4976232890797,295.98104510392574,320.620216587726,300.1324648729415,Down,2320
2026-02-03 20:20:00,297.72904286815265,300.1,297.7,299.32500000000005,295.84556662643604,296.1121805900463,320.40832388536063,300.1324648729415,Down,2058
2026-02-03 20:30:00,298.52702143407635,304.1,298.52702143407635,301.8,296.38687875130546,296.3352323316131,320.223166433765,285.8117496985808,Up,3912
2026-02-03 20:40:00,300.1635107170382,303.9,300.1635107170382,302.525,296.94488977391404,296.57796831860867,320.04706527522006,286.5805219661172,Up,2293
2026-02-03 20:50:00,301.3442553585191,305.2,301.0,303.175,297.5112634308309,296.83667544336913,319.8791840287005,287.52615146145286,Up,2063
2026-02-03 21:00:00,302.25962767925955,305.6,302.25962767925955,304.65,298.16023948257356,297.14308032794287,319.7276498592607,288.5570888697722,Up,1763
2026-02-03 21:10:00,303.45481383962976,305.6,303.4,304.325,298.72067225688505,297.424724236651,319.5743896616561,289.72479548194764,Up,1735
2026-02-03 21:20:00,303.88990691981485,305.9,303.5,304.375,299.23470205171367,297.69728407050786,319.4231519535799,290.3952686199524,Up,1914
2026-02-03 21:30:00,304.1324534599074,305.2,301.1,303.425,299.61563822883056,297.92190038146833,319.263966362002,290.3952686199524,Up,2397
2026-02-03 21:40:00,303.77872672995375,305.7,302.6,304.29999999999995,300.0414892989369,298.17202193513623,319.1150711743204,290.3952686199524,Up,2194
2026-02-03 21:50:00,304.03936336497685,306.9,304.03936336497685,305.79999999999995,300.5649902717608,298.4711583298368,318.9825829039292,291.42514410818427,Up,2513
2026-02-03 22:00:00,304.91968168248843,305.6,303.0,304.25,300.8999911561462,298.697779571804,318.8359900392135,291.42514410818427,Up,1755
2026-02-03 22:10:00,304.5848408412442,304.5848408412442,301.3,302.8,301.07271923286015,298.85865096114503,318.6764279492711,291.42514410818427,Up,1784
2026-02-03 22:20:00,303.6924204206221,306.2,303.2,304.25,301.3615629389638,299.0700764136492,318.5328814025122,291.42514410818427,Up,2052
2026-02-03 22:30:00,303.971210210311,305.5,303.2,304.3,301.6286935808762,299.2751714562512,318.39126069203945,291.42514410818427,Up,1419
2026-02-03 22:40:00,304.1356051051555,304.4,302.9,303.725,301.81926689170564,299.4496745363982,318.2453277498301,291.42514410818427,Up,767
2026-02-03 22:50:00,303.93030255257776,305.7,303.3,304.17499999999995,302.0334244470051,299.6349814173238,318.1053244886378,292.1354598320625,Up,1206
2026-02-03 23:00:00,304.0526512762889,305.8,303.4,304.35,302.24402222455006,299.8198841068405,317.9684555882534,292.4867816655114,Up,1590
2026-02-03 23:10:00,304.20132563814445,304.6,301.3,302.8,302.29456565868185,299.93675139676833,317.8175256819026,292.4867816655114,Up,1378
2026-02-03 23:20:00,303.5006628190722,303.5006628190722,299.5,301.4,302.2132415078926,299.9941336949343,317.6541672174061,292.4867816655114,Up,2443
2026-02-03 23:30:00,302.4503314095361,303.5,301.6,302.225,302.2143104617205,300.08161864807414,317.5006431654916,292.4867816655114,Up,1246
2026-02-03 23:40:00,302.337665704768,302.337665704768,300.4,301.425,302.1425549652004,300.13430026971827,317.3406865170788,292.4867816655114,Up,1012
2026-02-03 23:50:00,301.88133285238405,302.7,301.5,302.0,302.12959542290946,300.2074649650234,317.1880428701427,292.4867816655114,Up,804
2026-02-04 00:00:00,301.940666426192,302.3,300.0,301.15,302.04054129355404,300.24442712325776,317.02846035402183,292.4867816655114,Up,653
2026-02-04 09:00:00,301.545333213096,303.1,301.1,302.20000000000005,302.0550375395946,300.32111625567904,316.8809134848276,292.4867816655114,Up,148
2026-02-04 09:10:00,301.872666606548,304.1,301.872666606548,302.9,302.1318523087224,300.42224895153475,316.74179991781443,292.4867816655114,Up,1017
2026-02-04 09:20:00,302.386333303274,303.5,302.386333303274,302.875,302.19941118974765,300.51843526716084,316.60382180917946,292.94370536492096,Up,610
2026-02-04 09:30:00,302.630666651637,302.9,302.3,302.575,302.2335556270433,300.5990848645271,316.4642315424215,293.29139883025823,Up,359
2026-02-04 09:40:00,302.6028333258185,302.6028333258185,301.3,301.975,302.21005057003936,300.6530423208202,316.32006008428795,293.29139883025823,Up,485
2026-02-04 09:50:00,302.2889166629093,302.2889166629093,301.0,301.7,302.1636823363994,300.69409948470957,316.17458684961844,293.29139883025823,Up,469
2026-02-04 10:00:00,301.99445833145467,302.4,301.7,302.1,302.1578930330903,300.7492328382504,316.0345412093238,293.9841413735918,Up,229
2026-02-04 10:10:00,302.04722916572734,302.6,301.8,302.15,302.15717548462754,300.8041648838092,315.896386570425,294.5764921578108,Up,177
2026-02-04 10:20:00,302.09861458286366,302.09861458286366,300.2,301.125,302.0633413496614,300.8167466530716,315.7494075995751,294.5764921578108,Up,452
2026-02-04 10:30:00,301.61180729143183,301.61180729143183,299.6,300.325,301.905310317874,300.7974624705982,315.59593090704203,294.5764921578108,Up,539
2026-02-04 10:40:00,300.9684036457159,300.9684036457159,298.5,299.675,301.70255483443094,300.7534443344963,315.4375136840864,294.5764921578108,Up,1039
2026-02-04 10:50:00,300.321701822858,300.321701822858,298.2,299.075,301.46368621311905,300.68762298804546,315.2747026026527,294.5764921578108,Up,577
2026-02-04 11:00:00,299.698350911429,299.698350911429,298.3,298.8,301.22153292101734,300.6135985571417,315.11077521357157,294.5764921578108,Up,372
2026-02-04 11:10:00,299.2491754557145,299.2491754557145,298.4,298.675,300.99002992819754,300.5375750843126,314.94723516169523,294.5764921578108,Up,500
2026-02-04 11:20:00,298.96208772785724,299.5,297.9,298.875,300.7977544801796,300.47237606139845,314.7873124237679,294.5764921578108,Up,520
2026-02-04 11:30:00,298.9185438639286,300.4,298.9185438639286,299.775,300.70477680016324,300.4450279805593,314.6379361807453,294.5764921578108,Up,825
2026-02-04 11:40:00,299.3467719319643,302.0,299.3467719319643,300.57500000000005,300.6929789092393,300.45012492249816,314.49800646750407,294.5764921578108,Up,1049
2026-02-04 11:50:00,299.9608859659822,300.7,298.9,299.79999999999995,300.6117990083993,300.4246298274982,314.3517576469319,294.5764921578108,Up,652
2026-02-04 12:00:00,299.8804429829911,300.2,298.6,299.5,300.51072637127214,300.388369834263,314.2039789638779,294.5764921578108,Up,719
2026-02-04 12:10:00,299.69022149149555,300.5,299.0,299.75,300.4415694284292,300.3633357231154,314.06015827767015,294.5764921578108,Up,590
2026-02-04 12:20:00,299.7201107457478,299.7201107457478,298.1,298.8,300.2923358440266,300.30202843985603,313.90831590674804,294.5764921578108,Up,419
2026-02-04 12:30:00,299.2600553728739,299.2600553728739,296.8,297.825,300.0680325854787,300.2048900696656,313.748282912651,294.5764921578108,Up,750
2026-02-04 12:40:00,298.542527686437,298.542527686437,296.8,297.375,299.8232114413443,300.0939139885023,313.5853646747142,294.5764921578108,Up,459
2026-02-04 12:50:00,297.9587638432185,297.9587638432185,296.5,296.875,299.5551922194039,299.9676820673846,313.41909238939365,294.5764921578108,Up,396
2026-02-04 13:00:00,297.4168819216093,297.4168819216093,296.6,296.8,299.30472019945813,299.84345924121266,313.2537282860166,294.5764921578108,Up,263
2026-02-04 13:10:00,297.1084409608046,297.3,295.9,296.475,299.04747290859825,299.7113628003808,313.08677576575775,294.5764921578108,Up,594
2026-02-04 13:20:00,296.7917204804023,296.8,295.7,296.32500000000005,298.79997537145294,299.5785642591894,312.91999192729253,294.5764921578108,Up,392
2026-02-04 13:30:00,296.5583602402012,298.4,296.5,297.075,298.64315942859355,299.480385268633,312.7623303160757,294.5764921578108,Up,746
2026-02-04 13:40:00,296.8166801201006,297.5,296.2,296.85,298.48014493508504,299.37723290515714,312.60399867113966,294.5764921578108,Up,392
2026-02-04 13:50:00,296.8333400600503,297.6,296.5,297.1,298.35467721371367,299.2879296539745,312.4497300276457,294.5764921578108,Up,242
2026-02-04 14:00:00,296.9666700300252,297.5,296.6,296.925,298.22470655792154,299.1952657459755,312.29525510199755,294.5764921578108,Up,438
2026-02-04 14:10:00,296.94583501501256,298.1,296.8,297.25,298.1360968708377,299.1189808147608,312.14555107113193,294.5764921578108,Up,448
2026-02-04 14:20:00,297.0979175075063,297.6,296.8,297.25,298.05554260985247,299.0456874494761,311.99733663261327,294.5764921578108,Up,268
2026-02-04 14:30:00,297.17395875375314,298.2,296.9,297.7,298.0232205544113,298.9929153926339,311.8550745765674,294.5764921578108,Up,339
2026-02-04 14:40:00,297.4369793768766,299.1,297.4369793768766,298.375,298.05520050401026,298.96868341645217,311.7209444812782,294.5764921578108,Up,452
2026-02-04 14:50:00,297.9059896884383,298.4,297.3,298.025,298.05245500364566,298.93167622365013,311.5846664267381,294.5764921578108,Up,361
2026-02-04 15:00:00,297.9654948442192,299.3,297.9654948442192,298.7,298.11132273058695,298.92259088154617,311.4564607906512,294.5764921578108,Up,524
2026-02-04 15:10:00,298.3327474221096,299.7,297.7,299.04999999999995,298.1966570278063,298.927587317564,311.3330134195999,294.5764921578108,Up,693
2026-02-04 15:20:00,298.6913737110548,300.4,298.6913737110548,299.75,298.33787002527845,298.9598387953066,311.21775955472833,294.5764921578108,Up,834
2026-02-04 15:30:00,299.2206868555274,300.5,299.0,300.0,298.4889727502531,299.0006294307848,311.1061400566714,294.5764921578108,Up,669
2026-02-04 15:40:00,299.6103434277637,301.2,298.6,299.925,298.61952068204823,299.0368792570285,310.9948849317294,294.5764921578108,Up,1347
2026-02-04 15:50:00,299.7676717138819,299.9,298.8,299.35,298.6859278927711,299.0491585018509,310.8790154299212,294.5764921578108,Up,436
2026-02-04 16:00:00,299.55883585694096,300.6,299.3,299.875,298.7940253570646,299.0815444429548,310.7695227390762,294.5764921578108,Up,447
2026-02-04 16:10:00,299.7169179284705,302.5,299.7,301.25,299.0172957791496,299.1665819157801,310.67480111978193,294.5764921578108,Up,1352
2026-02-04 16:20:00,300.48345896423524,303.0,300.48345896423524,302.32500000000005,299.31799616286327,299.2904414484946,310.59171852157516,294.86034763573286,Up,1204
2026-02-04 16:30:00,301.40422948211767,302.7,301.1,302.175,299.57772378442115,299.4035613916909,310.50797007857443,295.0623801396502,Up,839
2026-02-04 16:40:00,301.7896147410588,303.9,301.6,302.875,299.87747616765563,299.53969623907557,310.43202012754386,295.6976183087729,Up,935
2026-02-04 16:50:00,302.3323073705294,304.9,302.3323073705294,303.95,300.24770560695964,299.7126493277393,310.367522414832,296.27119119161443,Up,1268
2026-02-04 17:00:00,303.1411536852647,305.4,303.1411536852647,304.325,300.6183687335997,299.8935258246907,310.3073978136894,296.7719395521375,Up,1187
2026-02-04 17:10:00,303.7330768426324,305.2,302.9,304.25,300.9485170305452,300.0643679492126,310.2471251986278,296.7719395521375,Up,1433
2026-02-04 17:20:00,303.9915384213162,304.8,302.2,303.65,301.1941063914047,300.20498097081213,310.18148216182556,296.7719395521375,Up,1826
2026-02-04 17:30:00,303.8207692106581,304.8,303.1,303.82500000000005,301.43327853764066,300.3469425013686,310.1182335831009,296.7719395521375,Up,1097
2026-02-04 17:40:00,303.8228846053291,305.8,303.7,304.725,301.73252594330967,300.5186310307267,310.06456956734866,296.8929702271055,Up,1110
2026-02-04 17:50:00,304.2739423026645,304.9,301.3,303.2,301.8659326757361,300.6237827550119,309.99626539254916,296.8929702271055,Up,1650
2026-02-04 18:00:00,303.7369711513322,303.7369711513322,300.8,301.54999999999995,301.83721152339643,300.6601049999134,309.91222295083224,296.8929702271055,Up,1158
2026-02-04 18:10:00,302.6434855756661,304.2,301.0,302.25,301.8747377485422,300.72245382344624,309.83598192644587,296.8929702271055,Up,1652
2026-02-04 18:20:00,302.44674278783305,303.8,302.2,303.1,301.98612522594743,300.81569092840914,309.76895723066036,296.8929702271055,Up,656
2026-02-04 18:30:00,302.77337139391653,304.5,302.4,303.75,302.14647747813405,300.93076187239313,309.70906710896224,296.8929702271055,Up,952
2026-02-04 18:40:00,303.26168569695824,306.7,303.26168569695824,305.25,302.4286158892128,301.1001437597503,309.6646982820074,296.8929702271055,Up,2816
2026-02-04 18:50:00,304.2558428484791,305.8,303.1,304.85,302.6487417174661,301.2471969456425,309.61679083641536,296.8929702271055,Up,1994
2026-02-04 19:00:00,304.5529214242396,307.2,304.5529214242396,305.6,302.91703792496924,301.4178951046369,309.5768227683913,296.8929702271055,Up,2777
2026-02-04 19:10:00,305.0764607121198,306.5,304.8,305.45,303.14730720451746,301.5760168652394,309.535759855273,296.8929702271055,Up,1650
2026-02-04 19:20:00,305.2632303560599,305.6,304.2,305.1,303.3248247313795,301.7142122822888,309.4916229412902,296.8929702271055,Up,1417
2026-02-04 19:30:00,305.18161517803,309.4,304.6,307.125,303.67029521034505,301.9264000359246,309.46807445431216,297.1267682945338,Up,3192
2026-02-04 19:40:00,306.15330758901496,311.5,306.15330758901496,309.875,304.2343592821319,302.2381098384373,309.472123464717,297.90673682190726,Up,4219
2026-02-04 19:50:00,308.0141537945075,313.8,308.0141537945075,312.2,304.9585084383017,302.6287721977143,309.4992665148194,298.87593557471087,Up,2411
2026-02-04 20:00:00,310.1070768972537,319.9,310.1070768972537,316.1,305.971371307547,303.15705564094117,309.5649454549704,300.5050742998619,Up,6742
2026-02-04 20:10:00,313.10353844862686,317.0,310.3,313.925,306.69442846140635,303.5793279687474,309.6083290822842,300.5050742998619,Up,6173
2026-02-04 20:20:00,313.51426922431347,313.51426922431347,308.7,310.675,307.0562986012785,303.85758961703186,309.61894272325645,300.5050742998619,Up,2779
2026-02-04 20:30:00,312.0946346121567,312.1,309.8,310.67499999999995,307.3852714557077,304.12493904381495,309.62945075586083,300.5050742998619,Up,2169
2026-02-04 20:40:00,311.38481730607833,311.38481730607833,306.9,309.575,307.584337687007,304.3386669244496,309.62890895729504,300.5050742998619,Up,3135
2026-02-04 20:50:00,310.4799086530392,312.4,309.9,310.92499999999995,307.88803426091545,304.5969544960398,309.64180538558065,300.5050742998619,Up,1697
2026-02-04 21:00:00,310.7024543265196,312.4,309.8,311.1,308.1800311462868,304.851975888352,309.6563147847291,300.5050742998619,Up,1440
2026-02-04 21:10:00,310.90122716325976,311.1,307.3,309.675,308.31593740571526,305.0411140888088,309.6565007072691,300.5050742998619,Up,2024
2026-02-04 21:20:00,310.2881135816299,312.7,309.2,310.925,308.55312491428657,305.2718547127771,309.6691225907789,300.5050742998619,Up,2085
2026-02-04 21:30:00,310.6065567908149,313.7,309.6,312.125,308.8778408311696,305.5406055083545,309.6935591819154,300.5050742998619,Up,2853
2026-02-04 21:40:00,311.36577839540746,313.2,311.36577839540746,312.35,309.1934916646996,305.8076405864582,309.7199914288616,300.5050742998619,Up,1211
2026-02-04 21:50:00,311.85788919770374,313.9,311.4,312.85,309.52590151336324,306.083811543852,309.75113579275353,300.5050742998619,Up,1565
2026-02-04 22:00:00,312.35394459885185,315.7,312.35394459885185,314.25,309.9553650121484,306.40405422840684,309.7959006107361,300.5050742998619,Up,2106
2026-02-04 22:10:00,313.3019722994259,315.2,312.7,314.40000000000003,310.35942273831665,306.7176207292536,309.84171254495766,300.5050742998619,Up,1167
2026-02-04 22:20:00,313.850986149713,315.6,313.1,314.625,310.74720248937876,307.02771403398873,309.8893074450079,301.1894089247319,Up,1029
2026-02-04 22:30:00,314.2379930748565,314.5,313.4,314.1,311.0520022630716,307.30505858167544,309.93120488336604,301.54037174975616,Up,520
2026-02-04 22:40:00,314.16899653742826,314.7,312.3,313.375,311.26318387551964,307.54309550004115,309.965471501442,301.54037174975616,Up,1213
2026-02-04 22:50:00,313.7719982687141,313.7719982687141,310.5,312.275,311.3551671595633,307.7286603823925,309.98845188451224,301.54037174975616,Up,1766
2026-02-04 23:00:00,313.02349913435705,316.0,312.3,313.95000000000005,311.59106105414844,307.9726344850438,310.0278702737211,301.6690026382584,Up,1833
2026-02-04 23:10:00,313.4867495671785,315.3,313.4867495671785,314.7,311.8736918674077,308.23645274053223,310.0743591267189,302.3876497518891,Up,1217
2026-02-04 23:20:00,314.0933747835893,317.8,313.8,315.92499999999995,312.2419926067342,308.53796439776625,310.13257445879134,303.4311590620908,Up,1828
2026-02-04 23:30:00,315.0091873917946,317.7,314.8,316.475,312.6268114606674,308.8492206958931,310.1956831706442,303.9510536928098,Up,1302
2026-02-04 23:40:00,315.7420936958973,316.5,315.0,315.8,312.91528314606126,309.1218002764463,310.25144751720495,304.0236851752816,Up,511
2026-02-04 23:50:00,315.7710468479487,315.9,314.2,315.04999999999995,313.1093483146011,309.3542786969779,310.29919430807854,304.0236851752816,Up,893
2026-02-05 00:00:00,315.4105234239743,315.9,314.4,314.825,313.2653166496374,309.5688167872925,310.3442272005355,304.3513927068443,Up,791
2026-02-05 09:00:00,315.1177617119872,324.8,310.0,316.5,313.55937877239757,309.84062789367323,310.4054786711769,304.3513927068443,Up,323
2026-02-05 09:10:00,315.8088808559936,315.8088808559936,311.7,312.32500000000005,313.4471625203614,309.9380542507841,310.4245783858916,304.3513927068443,Up,857
2026-02-05 09:20:00,314.0669404279968,314.0669404279968,311.5,312.20000000000005,313.33378410941947,310.0267580056553,310.44224427259917,304.3513927068443,Up,826
2026-02-05 09:30:00,313.1334702139984,313.1334702139984,311.3,311.85,313.1988946449268,310.09825769170806,310.4562517922748,304.3513927068443,Up,640
2026-02-05 09:40:00,312.4917351069992,313.4,311.4,312.55,313.13990422266073,310.19440444889597,310.4770851077746,304.3513927068443,Up,938
2026-02-05 09:50:00,312.5208675534996,313.8,312.5208675534996,313.375,313.1612765660552,310.3191336861942,310.5059200818266,304.3513927068443,Up,428
2026-02-05 10:00:00,312.9479337767498,314.1,312.9479337767498,313.725,313.21252415095927,310.4526970710494,310.53795072777865,304.3513927068443,Up,469
2026-02-05 10:10:00,313.3364668883749,314.6,313.3364668883749,314.175,313.3000219554175,310.5986697349298,310.5741402727759,304.3513927068443,Up,329
2026-02-05 10:20:00,313.75573344418746,315.5,313.75573344418746,314.975,313.45229268674314,310.77029052963843,310.617929921803,304.3513927068443,Up,563
2026-02-05 10:30:00,314.36536672209377,315.6,314.36536672209377,315.1,313.60208426067555,310.94008305788793,310.6625276340239,304.3780012402947,Up,571
2026-02-05 10:40:00,314.7326833610469,315.0,313.3,314.45,313.679167509705,311.0777268595394,310.70021392622266,304.3780012402947,Up,809
2026-02-05 10:50:00,314.59134168052344,314.6,313.5,314.3,313.7356068270045,311.20409051210646,310.73603269312594,304.3780012402947,Up,905
2026-02-05 11:00:00,314.44567084026176,315.4,314.3,314.775,313.83009711545867,311.3441261782983,310.7762214225476,305.577962343537,Up,434
2026-02-05 11:10:00,314.61033542013087,314.9,313.8,314.375,313.879633741326,311.4629839752278,310.8120301646119,305.577962343537,Up,383
2026-02-05 11:20:00,314.49266771006546,315.0,313.8,314.375,313.92466703756907,311.57718068208163,310.84748260078493,305.93715896160086,Up,721
2026-02-05 11:30:00,314.4338338550328,315.7,314.0,314.65,313.9906063977901,311.69768340043134,310.88531859480696,306.5383263287281,Up,737
2026-02-05 11:40:00,314.54191692751635,314.54191692751635,313.0,314.0,313.99146036162733,311.7879703259046,310.916310449585,306.5383263287281,Up,414
2026-02-05 11:50:00,314.2709584637582,314.5,313.3,313.9,313.9831457832976,311.8707950190064,310.945998902823,306.5383263287281,Up,414
2026-02-05 12:00:00,314.08547923187905,316.9,313.8,315.35,314.10740525754323,312.00723443002573,310.98981980926266,307.0854818397657,Up,853
2026-02-05 12:10:00,314.71773961593954,320.1,314.71773961593954,318.4,314.49764114322113,312.2579311190444,311.06355294548894,307.9384858862802,Up,2198
2026-02-05 12:20:00,316.55886980796976,320.2,316.55886980796976,319.725,314.97285558474647,312.5507573496701,311.14973649827016,308.4459476326197,Up,1134
2026-02-05 12:30:00,318.14193490398486,320.3,318.14193490398486,319.725,315.40486871340585,312.8321001987027,311.2350625032625,309.40577353401864,Up,685
2026-02-05 12:40:00,318.93346745199244,321.7,318.93346745199244,320.35,315.8544261030962,313.12691979875353,311.32575839875244,310.3878183285627,Up,1410
2026-02-05 12:50:00,319.64173372599623,321.1,318.1,319.575,316.1926600937238,313.3797856889985,311.407840404735,310.3878183285627,Up,1117
2026-02-05 13:00:00,319.6083668629981,319.6083668629981,317.1,317.92499999999995,316.3501455397489,313.5580293874691,311.4726877638919,310.3878183285627,Up,1368
2026-02-05 13:10:00,318.766683431499,318.766683431499,317.1,317.65,316.46831412704444,313.7184988232546,311.534153557286,310.3878183285627,Up,652
2026-02-05 13:20:00,318.2083417157495,318.9,317.3,318.025,316.60983102458584,313.8873812223427,311.59873909402944,310.3878183285627,Up,457
2026-02-05 13:30:00,318.11667085787474,318.7,317.7,318.325,316.76575547689623,314.0614054881332,311.6656670632431,310.3878183285627,Up,268
2026-02-05 13:40:00,318.22083542893733,318.8,318.0,318.45,316.91886861536017,314.2335072336966,311.73317286360884,310.3878183285627,Up,315
2026-02-05 13:50:00,318.3354177144687,318.3354177144687,317.4,317.975,317.0148805594184,314.3802324402184,311.7952805963093,310.3878183285627,Up,393
2026-02-05 14:00:00,318.1552088572344,318.1552088572344,317.6,317.85,317.09080050856215,314.5163017562882,311.85552656052516,310.3878183285627,Up,401
2026-02-05 14:10:00,318.0026044286172,318.0026044286172,315.8,316.975,317.08027318960194,314.6127212952573,311.9064665947488,310.3878183285627,Up,710
2026-02-05 14:20:00,317.4888022143086,317.4888022143086,314.5,315.425,316.929793808729,314.64457536210995,311.94147687738814,310.3878183285627,Up,959
2026-02-05 14:30:00,316.4569011071543,316.4569011071543,313.9,314.5,316.70890346248086,314.63890574006643,311.9669348189067,310.3878183285627,Up,880
2026-02-05 14:40:00,315.47845055357715,315.47845055357715,313.3,314.15,316.4762758749826,314.6197329659462,311.9886568605096,310.3878183285627,Up,850
2026-02-05 14:50:00,314.81422527678853,314.9,313.8,314.225,316.27161443180233,314.6042532417914,312.01090903105177,310.3878183285627,Up,596
2026-02-05 15:00:00,314.5196126383943,314.9,313.0,313.675,316.0355585743657,314.56781193819177,312.02746715014575,310.3878183285627,Up,743
2026-02-05 15:10:00,314.0973063191972,314.0973063191972,311.7,312.725,315.73459870396886,314.4955448033607,312.0344077755174,310.3878183285627,Up,828
2026-02-05 15:20:00,313.4111531595986,313.4111531595986,312.3,312.675,315.4564533672444,314.42415088950344,312.04078182750237,310.3878183285627,Up,570
2026-02-05 15:30:00,313.0430765797993,313.9,311.9,312.92499999999995,315.22632124294944,314.3653606585425,312.0495800182735,310.3878183285627,Up,767
2026-02-05 15:40:00,312.9840382898996,313.8,312.1,312.925,315.0171102208631,314.30887592683496,312.0582906648579,310.3878183285627,Up,654
2026-02-05 15:50:00,312.9545191449498,313.3,312.5,312.875,314.82237292805735,314.2526454983316,312.0664171259041,310.3878183285627,Up,520
2026-02-05 16:00:00,312.9147595724749,313.2,311.0,312.125,314.57715720732483,314.1692084199657,312.06700004007416,310.3878183285627,Up,992
2026-02-05 16:10:00,312.5198797862374,312.7,310.4,311.275,314.276961097568,314.05571005055526,312.0591194426605,310.3878183285627,Up,774
2026-02-05 16:20:00,311.8974398931187,312.2,310.4,311.325,314.0086009977891,313.94862338190603,312.05181477158925,310.3878183285627,Up,612
2026-02-05 16:30:00,311.61121994655934,313.2,311.2,312.225,313.8464554525355,313.88103030810584,312.05353800769285,310.3878183285627,Up,864
2026-02-05 16:40:00,311.9181099732797,316.4,311.9181099732797,314.125,313.8717776841232,313.89059774700365,312.0741495698054,310.3878183285627,Up,2273
2026-02-05 16:50:00,313.02155498663984,318.5,313.02155498663984,316.675,314.1266160764756,313.99978999221923,312.11992917607597,310.3878183285627,Up,2190
2026-02-05 17:00:00,314.8482774933199,320.0,314.8482774933199,318.65,314.53783279679595,314.18215116899495,312.18490500516975,310.3878183285627,Up,2452
2026-02-05 17:10:00,316.7491387466599,320.4,316.7491387466599,319.4,314.97984799708723,314.38677269177947,312.25669699516806,310.3878183285627,Up,1840
2026-02-05 17:20:00,318.07456937332995,320.6,318.07456937332995,319.77500000000003,315.4157709064429,314.59807572347444,312.3315059802908,310.3878183285627,Up,1601
2026-02-05 17:30:00,318.924784686665,320.6,318.5,319.2,315.7597917331299,314.7785433421617,312.3998492043675,310.3878183285627,Up,1720
2026-02-05 17:40:00,319.0623923433325,319.0623923433325,316.9,318.125,315.9748106664817,314.90977693658675,312.4568158789509,310.3878183285627,Up,2217
2026-02-05 17:50:00,318.59369617166624,320.9,317.3,318.42499999999995,316.197555151347,315.0476288214265,312.51620079557824,310.3878183285627,Up,1862
2026-02-05 18:00:00,318.5093480858331,320.8,317.5,319.075,316.45914104667906,315.20556494607644,312.58146247920433,310.3878183285627,Up,2098
2026-02-05 18:10:00,318.79217404291654,322.1,318.79217404291654,320.975,316.86967367879913,315.43181730113224,312.66498026548095,310.3878183285627,Up,2981
2026-02-05 18:20:00,319.8835870214583,321.8,318.5,320.475,317.1974306170901,315.62958917167606,312.7426919046304,310.3878183285627,Up,2818
2026-02-05 18:30:00,320.1792935107292,322.3,320.1792935107292,321.225,317.5635732882637,315.8490170472966,312.82709298020626,310.3878183285627,Up,1968
2026-02-05 18:40:00,320.7021467553646,322.5,318.9,320.8,317.85779389842156,316.04317324152026,312.9064253883634,310.3878183285627,Up,2737
2026-02-05 18:50:00,320.7510733776823,320.7510733776823,317.7,319.25,317.98435808947414,316.1689311536175,312.9695455337528,310.3878183285627,Up,1826
2026-02-05 19:00:00,320.0005366888412,320.0005366888412,316.4,317.9,317.97668917224917,316.2368162064168,313.0186047821732,310.3878183285627,Up,1899
2026-02-05 19:10:00,318.9502683444206,318.9502683444206,315.6,317.325,317.9174447020447,316.279490080675,313.06145448583317,310.3878183285627,Up,2461
2026-02-05 19:20:00,318.13763417221026,321.6,317.6,319.0,318.0158588200406,316.38617674417793,313.12054449094927,310.3878183285627,Up,3938
2026-02-05 19:30:00,318.5688170861051,319.4,317.7,318.625,318.07123529094594,316.47397373460234,313.17531519253185,310.3878183285627,Up,1079
