date,open,high,low,close,EMA_21,EMA_50,EMA_200,ST_11_4,ST_DIR_11_4,volume
2026-01-01 09:00:00,286.9,290.0,286.9,288.375,288.375,288.375,288.375,,Up,7
2026-01-01 09:10:00,287.6375,289.7,283.4,286.775,288.2295454545454,288.3122549019608,288.35907960199006,276.0499999999999,Up,226
2026-01-01 09:20:00,287.20624999999995,287.20624999999995,279.5,283.0,287.7541322314049,288.10393118031527,288.3057554268459,276.0499999999999,Up,631
2026-01-01 09:30:00,285.103125,285.9,282.5,284.2,287.4310293012772,287.9508358399107,288.2649021390166,276.0499999999999,Up,168
2026-01-01 09:40:00,284.65156249999995,285.5,282.4,284.575,287.17139027388833,287.81845012069857,288.2281866948473,276.0499999999999,Up,131
2026-01-01 09:50:00,284.61328125,285.3,283.0,284.15,286.89671843080754,287.67458933165153,288.1876077227593,276.0499999999999,Up,37
2026-01-01 10:00:00,284.381640625,285.0,282.6,283.65,286.60156220982503,287.51676229903774,288.1424573971597,276.0499999999999,Up,35
2026-01-01 10:10:00,284.01582031249995,289.8,280.0,284.65,286.4241474634773,287.40434024809514,288.1077065772875,276.0499999999999,Up,275
2026-01-01 10:20:00,284.33291015625,285.7,284.1,284.8,286.27649769407026,287.3022092579738,288.07479407403093,276.0499999999999,Up,20
2026-01-01 10:30:00,284.566455078125,284.9,284.1,284.5,286.1149979037002,287.19231869883754,288.03922398374203,276.0499999999999,Up,5
2026-01-01 10:40:00,284.5332275390625,285.7,284.5332275390625,285.32500000000005,286.0431799124547,287.1190905145694,288.01221677992373,276.0499999999999,Up,12
2026-01-01 10:50:00,284.9291137695313,285.6,284.2,284.90000000000003,285.9392544658679,287.0320673571353,287.9812494487802,276.0499999999999,Up,18
2026-01-01 11:00:00,284.91455688476566,285.5,284.0,284.675,285.8243222416981,286.93963334313,287.9483514443147,276.0499999999999,Up,17
2026-01-01 11:10:00,284.79477844238284,285.0,283.7,284.35,285.6902929469983,286.8380790943798,287.91254695233147,276.0499999999999,Up,24
2026-01-01 11:20:00,284.57238922119143,285.0,283.7,284.20000000000005,285.5548117699984,286.73462501224725,287.8756061866366,276.0499999999999,Up,13
2026-01-01 11:30:00,284.38619461059574,284.4,284.38619461059574,284.4,285.44982888181676,286.6430710901983,287.84102304050094,276.0499999999999,Up,0
2026-01-01 11:40:00,284.39309730529783,285.4,284.39309730529783,284.9,285.3998444380152,286.57471536117095,287.81175912965017,276.0499999999999,Up,12
2026-01-01 11:50:00,284.6465486526489,285.7,284.6,285.35,285.3953131254683,286.5266873077917,287.78726401393226,276.22545183247667,Up,27
2026-01-01 12:00:00,284.99827432632446,285.7,284.99827432632446,285.475,285.40255738678934,286.4854446682705,287.76425641180356,276.98073858407724,Up,3
2026-01-01 12:10:00,285.2366371631622,285.4,284.1,284.725,285.34096126071756,286.41640762245595,287.7340150544722,276.98073858407724,Up,23
2026-01-01 12:20:00,284.9808185815811,284.9808185815811,284.1,284.27500000000003,285.2440556915614,286.3324308529479,287.69959699422867,276.98073858407724,Up,14
2026-01-01 12:30:00,284.62790929079057,284.62790929079057,282.9,283.85,285.1173233559649,286.2350806234205,287.66129254652486,276.98073858407724,Up,41
2026-01-01 12:40:00,284.23895464539527,285.5,283.7,284.27500000000003,285.04074850542264,286.1582147166197,287.6275980933256,277.0181498178244,Up,9
2026-01-01 12:50:00,284.25697732269765,284.5,284.2,284.35,284.97795318674787,286.08730433557577,287.5949851769741,277.348318016204,Up,3
2026-01-01 13:00:00,284.30348866134887,284.5,284.30348866134887,284.45,284.92995744249805,286.02309632241594,287.56369179212857,277.96512022225943,Up,1
2026-01-01 13:10:00,284.37674433067446,284.6,284.0,284.25,284.8681431295436,285.9535631333016,287.5307197344955,278.23034171962274,Up,9
2026-01-01 13:20:00,284.3133721653372,284.3133721653372,284.0,284.0,284.78922102685783,285.8769528143486,287.49558819484884,278.5248614040212,Up,0
2026-01-01 13:30:00,284.1566860826686,284.1566860826686,284.0,284.05,284.7220191153253,285.8053076059428,287.4613037351986,278.901525667048,Up,2
2026-01-01 13:40:00,284.1033430413343,284.5,284.1,284.3,284.6836537412048,285.7462759351215,287.42984797663945,279.43016602337616,Up,3
2026-01-01 13:50:00,284.2016715206672,284.5,283.9,284.2,284.63968521927706,285.68563766315594,287.3977101858271,279.5546963848874,Up,28
2026-01-01 14:00:00,284.2008357603336,284.2008357603336,283.7,283.95,284.57698656297913,285.6175734410714,287.3634046118388,279.5546963848874,Up,23
2026-01-01 14:10:00,284.0754178801668,285.2,284.0,284.6,284.57907869361736,285.5776686002451,287.3359080485369,280.1407951080612,Up,10
2026-01-01 14:20:00,284.3377089400834,286.0,284.3377089400834,285.075,284.62416244874305,285.55795610611784,287.31341145103903,280.5105623646731,Up,36
2026-01-01 14:30:00,284.7063544700417,286.0,284.7,285.32500000000005,284.68787495340274,285.5488205725446,287.2936262624715,280.64246172239217,Up,12
2026-01-01 14:40:00,285.01567723502086,285.9,285.01567723502086,285.75,284.7844317758207,285.5567099618566,287.2782667971733,280.8566864506018,Up,7
2026-01-01 14:50:00,285.3828386175104,286.3,285.3828386175104,285.875,284.88357434165516,285.5691919241367,287.26430394347005,281.3250404724784,Up,43
2026-01-01 15:00:00,285.6289193087552,286.8,285.3,285.825,284.9691584924138,285.5792236133862,287.2499825111967,281.39874651247567,Up,22
2026-01-01 15:10:00,285.7269596543776,285.9,285.3,285.475,285.0151440840125,285.57513641286124,287.2323209936724,281.39874651247567,Up,3
2026-01-01 15:20:00,285.6009798271888,285.8,285.4,285.575,285.066040076375,285.57513106333727,287.21583023751646,281.41218720039313,Up,8
2026-01-01 15:30:00,285.5879899135944,285.8,285.5879899135944,285.75,285.12821825124996,285.58198866869657,287.20124486201877,281.8050742298818,Up,7
2026-01-01 15:40:00,285.6689949567972,285.9,285.6689949567972,285.825,285.1915620465909,285.5915185248261,287.1875508832922,282.16511316549264,Up,9
2026-01-01 15:50:00,285.7469974783986,286.0,285.7469974783986,285.9,285.2559654969008,285.603615837578,287.17473943171717,282.4911484468843,Up,1
2026-01-01 16:00:00,285.8234987391993,286.0,285.8234987391993,286.0,285.32360499718254,285.6191603145357,287.16305048214787,282.77270319084033,Up,1
2026-01-01 16:10:00,285.91174936959965,286.2,285.8,286.0,285.3850954519841,285.6340952041617,287.1514778405345,283.0008671102188,Up,9
2026-01-01 16:20:00,285.9558746847998,286.7,285.8,286.25,285.4637231381673,285.6582483334103,287.14250791177295,283.1962428274717,Up,7
2026-01-01 16:30:00,286.1029373423999,286.7,286.0,286.375,285.54656648924305,285.68635624190404,287.13487101712843,283.3193116613379,Up,17
2026-01-01 16:40:00,286.2389686711999,286.3,286.0,286.1,285.59687862658456,285.70257756575097,287.12457379307745,283.3193116613379,Up,14
2026-01-01 16:50:00,286.1694843356,286.6,286.0,286.175,285.64943511507687,285.72110393572154,287.115125297624,283.4531501333371,Up,22
2026-01-01 17:00:00,286.1722421678,287.0,286.1,286.35,285.7131228318881,285.7457665264776,287.107512110583,283.63468193939735,Up,30
2026-01-01 17:40:00,286.2611210839,286.2611210839,286.2,286.2,285.7573843926255,285.76357960387065,287.0984821393334,283.63468193939735,Up,0
2026-01-01 19:20:00,286.23056054195,286.23056054195,286.2,286.2,285.7976221751141,285.7806941292091,287.08954201854397,283.7452268006769,Up,0
2026-01-02 09:00:00,286.215280270975,286.215280270975,281.9,284.15,285.6478383410128,285.7167453398284,287.0602928442301,283.7452268006769,Up,36
2026-01-02 09:10:00,285.1826401354875,285.1826401354875,282.7,283.475,285.4503075827389,285.62883375787436,287.0246182885661,287.872336116113,Down,94
2026-01-02 09:20:00,284.3288200677438,284.3288200677438,283.1,283.375,285.26164325703536,285.54044812031066,286.9883036787296,287.872336116113,Down,26
2026-01-02 09:30:00,283.8519100338719,284.2,283.3,283.8,285.1287665973049,285.4721952528475,286.9565792640159,287.872336116113,Down,30
2026-01-02 09:40:00,283.82595501693595,284.5,283.7,284.02500000000003,285.0284241793681,285.41544249783385,286.92740932109035,287.872336116113,Down,23
2026-01-02 09:50:00,283.925477508468,284.3,283.7,284.0,284.9349310721528,285.3599349488992,286.8982808701343,287.872336116113,Down,22
2026-01-02 10:00:00,283.962738754234,284.3,283.962738754234,284.3,284.87721006559343,285.31836887247175,286.8724273291379,287.872336116113,Down,0
2026-01-02 10:10:00,284.13136937711704,284.3,283.7,284.0,284.797463695994,285.26666813237483,286.84384596267887,287.69667641762635,Down,10
2026-01-02 10:20:00,284.0656846885585,284.0656846885585,283.2,283.475,284.67723972363086,285.1964066369876,286.8103251073288,287.3082517015972,Down,19
2026-01-02 10:30:00,283.77034234427924,283.77034234427924,283.1,283.225,284.54521793057353,285.11909657279205,286.774650230639,287.02021325853025,Down,11
2026-01-02 10:40:00,283.49767117213963,283.49767117213963,282.1,282.70000000000005,284.3774708459759,285.02423004052565,286.7341064472496,286.56620881811205,Down,152
2026-01-02 10:50:00,283.09883558606987,283.1,282.5,282.775,284.2317916781599,284.9360249408972,286.69471235324716,286.44306657458384,Down,31
2026-01-02 11:00:00,282.9369177930349,283.1,282.5,282.8,284.1016287983271,284.85225925694044,286.65595899649844,286.33006052234896,Down,32
2026-01-02 11:10:00,282.8684588965175,282.9,282.3,282.6,283.9651170893883,284.7639353645114,286.61560119553826,286.02732774759,Down,16
2026-01-02 11:20:00,282.7342294482588,283.0,282.5,282.8,283.8591973539893,284.6869182913933,286.5776350144881,286.02732774759,Down,22
2026-01-02 11:30:00,282.7671147241294,283.5,282.7,283.125,283.7924521399903,284.6256665936916,286.5432804372295,286.02732774759,Down,12
2026-01-02 11:40:00,282.9460573620647,284.0,282.9460573620647,283.625,283.77722921817303,284.58642476648805,286.51424282093865,286.02732774759,Down,15
2026-01-02 11:50:00,283.2855286810324,284.5,282.9,283.775,283.7770265619755,284.5546041874101,286.4869866734666,286.02732774759,Down,25
2026-01-02 12:00:00,283.53026434051617,283.8,283.2,283.625,283.7632059654323,284.5181491212372,286.4585091941286,286.02732774759,Down,7
2026-01-02 12:10:00,283.5776321702581,283.8,283.0,283.475,283.73700542312025,284.4772413125612,286.4288225354806,286.02732774759,Down,13
2026-01-02 12:20:00,283.52631608512905,283.52631608512905,282.8,283.07500000000005,283.6768231119275,284.4222514571667,286.39545116696837,286.02732774759,Down,16
2026-01-02 12:30:00,283.3006580425646,283.3006580425646,282.7,283.0,283.6152937381159,284.366476890219,286.3616655832175,286.02732774759,Down,13
2026-01-02 12:40:00,283.1503290212823,283.3,283.0,283.125,283.5707215801054,284.31779152197515,286.32945995552376,286.02732774759,Down,9
2026-01-02 12:50:00,283.1376645106411,283.1376645106411,282.5,282.875,283.5074741637321,284.2612114622899,286.29508721964794,285.92229226691865,Down,20
2026-01-02 13:00:00,283.00633225532056,283.2,282.7,283.0,283.4613401488474,284.21175218925896,286.262300282139,285.92229226691865,Down,16
2026-01-02 13:10:00,283.0031661276603,283.2,282.8,283.07500000000005,283.426218317134,284.16717367203313,286.23058585147095,285.87558678644467,Down,3
2026-01-02 13:20:00,283.03908306383016,283.5,282.9,283.125,283.39883483375814,284.12630411626714,286.19968449971503,285.87558678644467,Down,13
2026-01-02 13:30:00,283.0820415319151,283.0820415319151,282.5,282.725,283.3375771215983,284.0713510136684,286.1651105245935,285.5931586059945,Down,12
2026-01-02 13:40:00,282.9035207659575,283.0,282.7,282.875,283.2955246559984,284.0244352876422,286.13237310643837,285.5064889454882,Down,5
2026-01-02 13:50:00,282.8892603829788,284.0,282.8892603829788,283.425,283.3072951418167,284.00092802146014,286.10543407055343,285.5064889454882,Down,14
2026-01-02 14:00:00,283.1571301914894,284.4,283.1571301914894,284.04999999999995,283.3748137652879,284.00285241277544,286.08498199024945,285.5064889454882,Down,36
2026-01-02 14:10:00,283.60356509574467,285.0,283.60356509574467,284.7,283.4952852411708,284.0301915338431,286.0712010749236,285.5064889454882,Down,46
2026-01-02 14:20:00,284.1517825478724,285.2,284.1517825478724,284.95000000000005,283.627532037428,284.06626245408455,286.06004484532235,285.5064889454882,Down,30
2026-01-02 14:30:00,284.5508912739362,285.3,284.5508912739362,285.1,283.7613927612982,284.1068011813754,286.05049216029425,285.5064889454882,Down,21
2026-01-02 14:40:00,284.8254456369681,285.3,284.8254456369681,285.1,283.8830843284529,284.14575015465476,286.0410345268585,285.5064889454882,Down,21
2026-01-02 14:50:00,284.96272281848405,285.1,284.7,284.875,283.97325848041174,284.1743481878056,286.02943219325795,285.5064889454882,Down,11
2026-01-02 15:00:00,284.918861409242,285.2,284.7,284.95,284.06205316401065,284.2047659059309,286.01869157441956,285.5064889454882,Down,21
2026-01-02 15:10:00,284.93443070462104,285.2,284.8,285.025,284.1495937854642,284.2369319488356,286.00880409606714,285.5064889454882,Down,2
2026-01-02 15:20:00,284.9797153523105,284.9797153523105,284.9,284.9,284.21781253224015,284.26293461750873,285.9977712194893,285.5064889454882,Down,0
2026-01-02 15:30:00,284.93985767615527,284.93985767615527,284.4,284.725,284.26392048385463,284.28105482858683,285.9851068292457,285.5064889454882,Down,13
2026-01-02 15:40:00,284.8324288380776,284.9,284.7,284.775,284.31038225804963,284.3004252274658,285.9730659652731,285.5064889454882,Down,8
2026-01-02 15:50:00,284.8037144190388,285.0,284.7,284.875,284.3617111436815,284.32295757148677,285.96213993576794,285.5064889454882,Down,4
2026-01-02 16:00:00,284.8393572095194,285.0,284.8393572095194,284.95,284.4151919488013,284.34754747064414,285.952068891631,285.5064889454882,Down,1
2026-01-02 16:10:00,284.8946786047597,284.9,284.0,284.45,284.4183563170921,284.3515652168934,285.93712293251025,285.5064889454882,Down,30
2026-01-02 16:20:00,284.67233930237984,284.67233930237984,284.0,284.175,284.39623301553826,284.3446410907407,285.9195893709927,285.5064889454882,Down,17
2026-01-02 16:30:00,284.4236696511899,284.6,284.2,284.4,284.39657546867113,284.3468120283587,285.90446907874406,285.5064889454882,Down,1
2026-01-02 16:40:00,284.4118348255949,284.6,284.2,284.40000000000003,284.39688678970106,284.3488978311682,285.88949923716456,285.5064889454882,Down,3
2026-01-02 16:50:00,284.4059174127975,286.1,284.2,285.0,284.45171526336463,284.37443124955377,285.8806484984863,285.5064889454882,Down,22
2026-01-02 17:00:00,284.7029587063988,285.5,284.7029587063988,285.15,284.5151956939678,284.4048457103556,285.873378364173,285.5064889454882,Down,6
2026-01-02 17:10:00,284.9264793531994,285.7,284.8,285.04999999999995,284.5638142672435,284.4301458785769,285.865185544629,285.5064889454882,Down,20
2026-01-02 17:20:00,284.9882396765997,285.5,284.8,285.175,284.61937660658504,284.4593558441229,285.858318026772,285.5064889454882,Down,10
2026-01-02 17:30:00,285.08161983829984,286.5,285.08161983829984,285.79999999999995,284.7267060059864,284.5119301247455,285.8577377478986,282.7728510151565,Up,41
2026-01-02 17:40:00,285.4408099191499,287.4,285.4408099191499,286.6,284.8970054599876,284.59381521789277,285.8651234419494,282.9062050771669,Up,41
2026-01-02 17:50:00,286.020404959575,288.1,286.020404959575,287.525,285.13591405453417,284.70876364072046,285.8816396266066,283.10925893562563,Up,39
2026-01-02 18:00:00,286.7727024797875,287.5,286.1,286.8,285.28719459503105,284.79077290971185,285.89077754076976,283.10925893562563,Up,36
2026-01-02 18:10:00,286.78635123989375,286.8,286.0,286.32500000000005,285.38154054093735,284.8509386779585,285.89509816225467,283.10925893562563,Up,31
2026-01-02 18:20:00,286.5556756199469,286.5556756199469,285.0,285.7,285.41049140085215,284.88423520039146,285.8931568870084,283.10925893562563,Up,17
2026-01-02 18:30:00,286.12783780997347,286.12783780997347,284.7,285.125,285.38453763713835,284.8936769572389,285.8855135348989,283.10925893562563,Up,22
2026-01-02 18:40:00,285.62641890498674,285.62641890498674,283.6,284.6,285.3132160337621,284.88216021381777,285.8727223554472,283.10925893562563,Up,75
2026-01-02 18:50:00,285.1132094524934,286.4,284.0,285.2,285.30292366705646,284.89462451915824,285.86602860066665,283.10925893562563,Up,50
2026-01-02 19:00:00,285.15660472624666,286.7,285.15660472624666,285.92499999999995,285.3594760609604,284.93503140075984,285.8666153807595,283.10925893562563,Up,41
2026-01-02 19:10:00,285.5408023631233,285.5408023631233,284.0,284.725,285.3017964190549,284.92679487523986,285.85525602373707,283.10925893562563,Up,56
2026-01-02 19:20:00,285.1329011815617,286.0,284.3,285.15,285.2879967445954,284.9355480173873,285.84823855086404,283.10925893562563,Up,20
2026-01-02 19:30:00,285.14145059078083,286.0,284.5,285.575,285.31408794963215,284.960624565725,285.84551975931316,283.10925893562563,Up,14
2026-01-02 19:40:00,285.3582252953904,285.8,283.5,284.65,285.2537163178474,284.94844321020645,285.83362404031504,283.10925893562563,Up,67
2026-01-02 19:50:00,285.0041126476952,285.0041126476952,283.5,283.75,285.11701483440675,284.90144543725717,285.8128914627995,283.10925893562563,Up,25
2026-01-02 20:00:00,284.3770563238476,284.3770563238476,283.3,283.7,284.9881953040061,284.8543299299138,285.79186766714975,283.10925893562563,Up,21
2026-01-02 20:10:00,284.0385281619237,284.0385281619237,283.1,283.375,284.8415411854601,284.7963169914858,285.7678192326507,283.10925893562563,Up,64
2026-01-02 20:20:00,283.7067640809619,283.7067640809619,282.0,282.725,284.6491283504182,284.71508887417264,285.73754242436564,288.58180132604986,Down,61
2026-01-02 20:30:00,283.2158820404809,283.2158820404809,282.0,282.45,284.4492075912893,284.6262618594992,285.7048305594466,288.25773384002343,Down,43
2026-01-02 20:40:00,282.83294102024047,283.1,282.5,282.65,284.2856432648084,284.5487613944208,285.674434235472,288.17253892707544,Down,18
2026-01-02 20:50:00,282.7414705101202,283.1,282.4,282.775,284.1483120589167,284.47920212405137,285.6455841435768,287.88867175188676,Down,5
2026-01-02 21:00:00,282.7582352550601,283.6,282.7,283.25,284.0666473262879,284.43099811918665,285.6217474854318,287.88867175188676,Down,15
2026-01-02 21:10:00,283.00411762753004,284.9,283.00411762753004,284.25,284.0833157511708,284.42390015372837,285.60809825672106,287.88867175188676,Down,40
2026-01-02 21:20:00,283.627058813765,285.3,283.627058813765,284.725,284.1416506828825,284.4357079908371,285.5993112093905,287.88867175188676,Down,97
2026-01-02 21:30:00,284.1760294068825,285.3,284.1760294068825,284.975,284.2174097117114,284.4568566970788,285.59309915755586,287.88867175188676,Down,30
2026-01-02 21:40:00,284.5755147034413,285.3,284.0,284.675,284.25900882882854,284.4654113364091,285.5839638425553,287.88867175188676,Down,29
2026-01-02 21:50:00,284.6252573517206,285.0,284.1,284.4,284.27182620802597,284.46284618596167,285.57218310780354,287.88867175188676,Down,13
2026-01-02 22:00:00,284.5126286758603,284.9,283.9,284.35,284.27893291638725,284.4584208453357,285.56002208185527,287.88867175188676,Down,21
2026-01-02 22:10:00,284.43131433793013,284.6,284.0,284.25,284.2763026512611,284.4502474788519,285.5469870362647,287.88867175188676,Down,8
2026-01-02 22:20:00,284.3406571689651,284.4,284.1,284.275,284.27618422841914,284.4433750287008,285.53433044883917,287.88867175188676,Down,3
2026-01-02 22:30:00,284.30782858448254,284.4,283.1,284.05,284.2556220258356,284.4279485569871,285.5195609916368,287.88867175188676,Down,34
2026-01-02 22:40:00,284.1789142922413,286.1,284.1789142922413,285.125,284.33465638712323,284.45528390769346,285.51563501162053,287.88867175188676,Down,62
2026-01-02 22:50:00,284.65195714612065,285.9,284.65195714612065,285.45000000000005,284.4360512610211,284.4942923819016,285.5149819269278,287.88867175188676,Down,10
2026-01-02 23:00:00,285.0509785730603,285.4,284.7,285.125,284.49868296456464,284.5190260139839,285.5111015097445,287.88867175188676,Down,21
2026-01-02 23:10:00,285.08798928653016,285.7,284.9,285.225,284.56471178596786,284.54671126833745,285.50825472855297,287.88867175188676,Down,17
2026-01-02 23:20:00,285.1564946432651,285.5,284.7,285.0,284.604283441789,284.5644872970301,285.50319746757236,287.88867175188676,Down,9
2026-01-02 23:30:00,285.07824732163255,285.07824732163255,284.0,284.45,284.5902576743536,284.5599975991073,285.4927178907806,287.88867175188676,Down,29
2026-01-02 23:40:00,284.76412366081627,284.9,284.0,284.25,284.55932515850327,284.5478408305149,285.4803525386336,287.88867175188676,Down,7
2026-01-02 23:50:00,284.50706183040813,285.0,284.1,284.525,284.55620468954845,284.5469451116711,285.47084654322435,287.88867175188676,Down,26
2026-01-03 00:00:00,284.51603091520406,285.5,284.5,285.075,284.6033678995895,284.56765314650755,285.46690777164997,287.88867175188676,Down,21
2026-01-05 09:00:00,284.79551545760205,284.79551545760205,267.7,271.55,283.4166980905359,284.0571569446837,285.32843107740473,286.4386736601948,Down,32
2026-01-05 09:10:00,278.172757728801,278.172757728801,269.3,271.15,282.30154371866894,283.55099392724514,285.18735216121166,286.22730524886794,Down,283
2026-01-05 09:20:00,274.6613788644005,274.6613788644005,270.0,270.375,281.2173124715172,283.0342882830395,285.0399655725429,285.3811239142253,Down,124
2026-01-05 09:30:00,272.51818943220024,272.51818943220024,270.5,270.8,280.2702840650156,282.55451227193987,284.8982743728161,284.15246767510484,Down,79
2026-01-05 09:40:00,271.6590947161001,271.6590947161001,270.7,270.925,279.4207127863778,282.0984529671579,284.75923681686766,283.02228449027257,Down,70
2026-01-05 09:50:00,271.29204735805007,271.3,270.9,271.04999999999995,278.6597388967071,281.6651803017792,284.6228265002819,282.01157921111144,Down,18
2026-01-05 10:00:00,271.171023679025,271.171023679025,270.3,270.75,277.9406717242792,281.2371340154349,284.48478842565225,280.971865187441,Down,45
2026-01-05 10:10:00,270.9605118395125,270.9605118395125,270.3,270.69999999999993,277.2824288402538,280.82391307365316,284.34762635176514,280.17621781405944,Down,30
2026-01-05 10:20:00,270.8302559197562,271.3,270.8,271.0,276.71129894568526,280.43866158056875,284.21481414926006,279.94632899482116,Down,31
2026-01-05 10:30:00,270.9151279598781,272.2,270.9,271.42499999999995,276.2307263142593,280.0851846558406,284.08755231692913,279.94632899482116,Down,53
2026-01-05 10:40:00,271.170063979939,272.5,271.170063979939,272.07500000000005,275.852933012963,279.77105976737624,283.9680244331786,279.94632899482116,Down,45
2026-01-05 10:50:00,271.6225319899695,273.0,271.6225319899695,272.7,275.5663027390573,279.49376330591053,283.8559047870773,279.94632899482116,Down,27
2026-01-05 11:00:00,272.1612659949848,273.2,272.1612659949848,273.0,275.3330024900521,279.239105921365,283.7478858339721,279.94632899482116,Down,10
2026-01-05 11:10:00,272.5806329974924,272.9,272.4,272.775,275.1004568091382,278.98561157150755,283.6387028903505,279.8356749382325,Down,16
2026-01-05 11:20:00,272.6778164987462,272.9,272.0,272.5,274.8640516446711,278.731273862821,283.5278700257699,279.30970448930225,Down,29
2026-01-05 11:30:00,272.5889082493731,272.8,272.2,272.5,274.6491378587919,278.4869101819261,283.41813997576224,278.9542768084566,Down,7
2026-01-05 11:40:00,272.5444541246866,273.3,271.0,272.1,274.4173980534472,278.2364431159682,283.30552166754575,278.85388800768783,Down,27
2026-01-05 11:50:00,272.3222270623433,273.0,271.3,272.1,274.2067255031338,277.99579828789103,283.1940239395105,278.85388800768783,Down,26
2026-01-05 12:00:00,272.21111353117163,272.8,271.7,272.5,274.0515686392125,277.7802767864051,283.0876157411074,278.75238678321307,Down,14
2026-01-05 12:10:00,272.3555567655858,272.9,272.3555567655858,272.65,273.924153308375,277.57908946144806,282.98375886806156,278.73701845277355,Down,4
2026-01-05 12:20:00,272.5027783827929,272.5027783827929,272.2,272.375,273.78332118943183,277.37500752178346,282.87819907832966,278.06888016410613,Down,6
2026-01-05 12:30:00,272.43888919139647,272.8,272.1,272.475,273.6643828994835,277.1828503640665,282.77468465963983,277.90226452064525,Down,42
2026-01-05 12:40:00,272.45694459569825,272.8,272.4,272.575,273.5653480904395,277.00215034978936,282.67319526004144,277.702058655132,Down,43
2026-01-05 12:50:00,272.5159722978491,272.8,272.4,272.6,273.47758917312683,276.8295170027388,282.5729644614341,277.3836896864837,Down,14
2026-01-05 13:00:00,272.55798614892456,273.0,272.55798614892456,272.75,273.4114447028426,276.66953594380783,282.47522352151935,277.2885341898385,Down,46
2026-01-05 13:10:00,272.6539930744623,273.0,272.6,272.75,273.3513133662205,276.5158286518938,282.37845512827045,277.04503737761473,Down,27
2026-01-05 13:20:00,272.70199653723114,273.0,272.70199653723114,272.9,273.3102848783823,276.37403144985876,282.2841421419195,276.81848805290855,Down,34
2026-01-05 13:30:00,272.8009982686156,273.3,272.8009982686156,273.125,273.29344079852933,276.2466184518251,282.19300639921386,276.81848805290855,Down,16
2026-01-05 13:40:00,272.9629991343078,273.7,272.9,273.325,273.2963098168448,276.1320451792045,282.10476752957,276.81848805290855,Down,13
2026-01-05 13:50:00,273.14399956715386,273.7,273.14399956715386,273.55,273.319372560768,276.03078850551026,282.01964546459914,276.81848805290855,Down,22
2026-01-05 14:00:00,273.34699978357696,273.9,273.34699978357696,273.75,273.35852050978906,275.94134581901966,281.93736043510063,276.81848805290855,Down,16
2026-01-05 14:10:00,273.5484998917885,274.8,273.5,273.875,273.4054731907173,275.86031264964635,281.8571379432091,276.81848805290855,Down,59
2026-01-05 14:20:00,273.7117499458942,273.9,273.3,273.5,273.41406653701574,275.76775136926807,281.7739823417842,276.81848805290855,Down,30
2026-01-05 14:30:00,273.6058749729471,273.6058749729471,273.3,273.4,273.4127877609234,275.67489837439484,281.69065913440323,276.76137916369163,Down,3
2026-01-05 14:40:00,273.5029374864736,273.8,273.5,273.625,273.43207978265764,275.59451020284996,281.61040381963306,276.76137916369163,Down,7
2026-01-05 14:50:00,273.5639687432368,274.3,273.4,273.7,273.4564361660524,275.52021568509116,281.5316933338656,276.76137916369163,Down,16
2026-01-05 15:00:00,273.6319843716184,273.6319843716184,272.8,273.1,273.42403287822947,275.42530526606794,281.4477958877575,276.4466771423968,Down,5
2026-01-05 15:10:00,273.3659921858092,273.8,272.8,273.3,273.4127571620268,275.3419599615163,281.3667232918594,276.4466771423968,Down,16
2026-01-05 15:20:00,273.33299609290464,273.8,273.33299609290464,273.75,273.44341560184256,275.2795301591039,281.29093500039806,276.4466771423968,Down,9
2026-01-05 15:30:00,273.5414980464523,273.8,273.5414980464523,273.7,273.4667414562205,275.21758779992336,281.2154033088518,276.4466771423968,Down,12
2026-01-05 15:40:00,273.6207490232261,273.7,273.0,273.425,273.4629467783823,275.1472902391421,281.1378868580175,276.3200702835221,Down,10
2026-01-05 15:50:00,273.52287451161305,273.7,273.3,273.5,273.4663152530748,275.08269062192085,281.0618879838084,276.3200702835221,Down,9
2026-01-05 16:00:00,273.5114372558065,274.4,273.5114372558065,274.025,273.51710477552257,275.04121255831615,280.99186919789986,276.3200702835221,Down,12
2026-01-05 16:10:00,273.76821862790325,274.6,273.76821862790325,274.15,273.5746407050205,275.00626304622534,280.92379089742326,276.3200702835221,Down,50
2026-01-05 16:20:00,273.9591093139516,274.0,273.6,273.8,273.595127913655,274.95895861304007,280.85290740590665,276.3200702835221,Down,10
2026-01-05 16:30:00,273.8795546569758,274.3,273.4,273.875,273.62057083059545,274.91645043213657,280.78347549142,276.3200702835221,Down,16
2026-01-05 16:40:00,273.87727732848793,274.3,273.3,273.775,273.63460984599584,274.871687670092,280.7137394168785,276.3200702835221,Down,10
2026-01-05 16:50:00,273.826138664244,273.826138664244,273.2,273.375,273.61100895090533,274.8129940359708,280.6407171341235,276.3200702835221,Down,8
2026-01-05 17:00:00,273.60056933212195,273.60056933212195,273.0,273.1,273.56455359173214,274.74581779926604,280.5656851228388,276.2414203280727,Down,17
2026-01-05 17:10:00,273.350284666061,273.350284666061,272.7,272.925,273.5064123561201,274.67441317968695,280.4896584051986,275.9353691770633,Down,13
2026-01-05 17:20:00,273.1376423330305,273.6,272.8,273.20000000000005,273.4785566873819,274.6165930549933,280.417124490719,275.9353691770633,Down,9
2026-01-05 17:30:00,273.1688211665153,273.6,271.5,272.57500000000005,273.3964151703472,274.5365305822485,280.3390934012591,275.9353691770633,Down,37
2026-01-05 17:40:00,272.87191058325766,272.87191058325766,271.6,271.875,273.25810470031564,274.43215683392503,280.2548735664207,275.8196003452198,Down,42
2026-01-05 17:50:00,272.37345529162883,272.37345529162883,271.2,271.625,273.10964063665057,274.3220722522025,280.1690041777001,275.47129780058026,Down,43
2026-01-05 18:00:00,271.9992276458144,271.9992276458144,270.8,271.15,272.93149148786415,274.19767726192003,280.07926284259867,275.18530583480873,Down,104
2026-01-05 18:10:00,271.5746138229072,271.5746138229072,270.3,270.775,272.73544680714923,274.0634546241977,279.98668311282154,274.84234103969396,Down,38
2026-01-05 18:20:00,271.1748069114536,271.1748069114536,269.8,270.1,272.495860733772,273.90802503109194,279.8883081564751,274.53736426738294,Down,85
2026-01-05 18:30:00,270.6374034557268,270.6374034557268,269.5,269.9,272.25987339433823,273.75084757889226,279.7889220056644,274.16408554054243,Down,26
2026-01-05 18:40:00,270.26870172786334,270.26870172786334,266.7,268.40000000000003,271.9089758130347,273.5410104189357,279.6755993986429,273.5051367764993,Down,259
2026-01-05 18:50:00,269.3343508639317,269.4,266.5,267.92499999999995,271.54679619366794,273.32077471623234,279.5586780115917,273.5051367764993,Down,140
2026-01-05 19:00:00,268.62967543196584,269.5,266.3,268.25,271.24708744878905,273.12192080579183,279.44615385227246,273.5051367764993,Down,165
2026-01-05 19:10:00,268.4398377159829,268.4398377159829,265.5,266.85,270.84735222617184,272.87596312713333,279.32081898807076,273.5051367764993,Down,157
2026-01-05 19:20:00,267.64491885799146,267.64491885799146,264.5,265.85,270.393047478338,272.6004351613634,279.18678098818947,273.37115635345305,Down,187
2026-01-05 19:30:00,266.74745942899574,267.4,264.1,265.475,269.94595225303453,272.32100633150606,279.0503453564662,273.37115635345305,Down,113
2026-01-05 19:40:00,266.1112297144979,266.1112297144979,261.7,263.65,269.3735929573041,271.9809668675254,278.89710808923775,272.63258841000624,Down,329
2026-01-05 19:50:00,264.88061485724893,265.2,262.0,263.375,268.82826632482187,271.6434779707597,278.74265925252894,272.63258841000624,Down,167
2026-01-05 20:00:00,264.12780742862446,264.12780742862446,260.6,262.25,268.2302421134744,271.2751062856319,278.5785531903147,271.9169688559255,Down,230
2026-01-05 20:10:00,263.18890371431223,265.6,262.5,264.025,267.84794737588584,270.9907883920778,278.43374171578427,271.9169688559255,Down,119
2026-01-05 20:20:00,263.6069518571561,265.8,263.6069518571561,265.0,267.5890430689871,270.75585551395704,278.30007264398546,271.9169688559255,Down,101
2026-01-05 20:30:00,264.30347592857805,265.2,263.6,264.4,267.29913006271556,270.5066062781156,278.16176346344827,271.9169688559255,Down,45
2026-01-05 20:40:00,264.351737964289,264.6,262.8,263.575,266.96057278428685,270.2347785809346,278.0166215384388,271.9169688559255,Down,99
2026-01-05 20:50:00,263.9633689821445,263.9633689821445,262.6,263.32500000000005,266.6300661675335,269.9638068718783,277.87043624949916,271.9169688559255,Down,79
2026-01-05 21:00:00,263.6441844910723,264.0,263.5,263.725,266.3659692432123,269.71914777886354,277.72968564005146,271.9169688559255,Down,39
2026-01-05 21:10:00,263.6845922455361,264.0,263.0,263.54999999999995,266.1099720392839,269.4772204149865,277.588594240648,271.470696123705,Down,56
2026-01-05 21:20:00,263.61729612276804,264.0,263.0,263.525,265.8749745811672,269.24380000655566,277.448657979547,271.1097237488227,Down,14
2026-01-05 21:30:00,263.571148061384,264.2,263.3,263.675,265.6749768919702,269.02541569257306,277.3116066563675,270.99520340802064,Down,38
2026-01-05 21:40:00,263.623074030692,264.0,263.0,263.5,265.47725171997286,268.80873272423685,277.17417773441355,270.4501849163824,Down,36
2026-01-05 21:50:00,263.561537015346,263.561537015346,262.6,263.125,265.2634106545208,268.58584124485503,277.0343849211358,269.74876825541924,Down,44
2026-01-05 22:00:00,263.343268507673,264.8,262.9,263.85,265.1349187768371,268.40012198035095,276.9031970114728,269.74876825541924,Down,57
2026-01-05 22:10:00,263.5966342538365,265.0,263.5966342538365,264.575,265.0840170698519,268.25011719680776,276.780528384493,269.74876825541924,Down,42
2026-01-05 22:20:00,264.08581712691824,264.6,264.08581712691824,264.475,265.0286518816835,268.10207338516824,276.65808531599055,269.74876825541924,Down,28
2026-01-05 22:30:00,264.2804085634591,264.8,263.3,264.0,264.93513807425774,267.9412077622205,276.532134218319,269.74876825541924,Down,20
2026-01-05 22:40:00,264.14020428172955,264.6,263.3,263.925,264.8433073402343,267.783709418604,276.4066900967437,269.74876825541924,Down,26
2026-01-05 22:50:00,264.0326021408648,265.9,264.0326021408648,265.2,264.8757339456675,267.6823874806195,276.29518074254725,269.74876825541924,Down,34
2026-01-05 23:00:00,264.6163010704324,266.6,264.6163010704324,265.675,264.9483944960613,267.6036664029482,276.1895073023229,269.74876825541924,Down,78
2026-01-05 23:10:00,265.1456505352162,266.6,265.0,265.875,265.03263136005575,267.5358755636169,276.086875388867,269.74876825541924,Down,27
2026-01-05 23:20:00,265.5103252676081,266.6,264.3,265.775,265.1001194182325,267.4668216199457,275.9842696636046,269.74876825541924,Down,57
2026-01-05 23:30:00,265.64266263380404,266.2,265.0,265.55,265.1410176529386,267.39165214465373,275.8804460848623,269.74876825541924,Down,37
2026-01-05 23:40:00,265.596331316902,265.596331316902,263.8,264.85,265.11456150267145,267.29197951153003,275.7706904024259,269.74876825541924,Down,80
2026-01-05 23:50:00,265.223165658451,265.223165658451,263.3,264.6,265.06778318424676,267.18641168754846,275.65953925414306,269.74876825541924,Down,67
2026-01-06 00:00:00,264.9115828292255,266.5,264.2,265.15,265.07525744022433,267.1065524056838,275.5549667242511,269.74876825541924,Down,60
2026-01-06 09:00:00,265.03079141461274,265.1,262.7,263.95,264.9729613092948,266.9827660368335,275.43949441853715,269.74876825541924,Down,22
2026-01-06 09:10:00,264.49039570730633,264.49039570730633,262.8,263.40000000000003,264.8299648266316,266.84226540793804,275.31969845417365,269.74876825541924,Down,75
2026-01-06 09:20:00,263.9451978536532,264.0,263.5,263.675,264.72496802421057,266.7180589213522,275.2038308078635,269.74876825541924,Down,38
2026-01-06 09:30:00,263.81009892682664,263.81009892682664,262.9,263.275,264.5931527492823,266.5830370028678,275.0851359739544,269.74876825541924,Down,66
2026-01-06 09:40:00,263.5425494634133,263.6,263.0,263.225,264.46877522662027,266.45134927726514,274.967124670731,269.3555796457707,Down,32
2026-01-06 09:50:00,263.3837747317067,264.2,263.3,263.725,264.4011592969275,266.34443361933313,274.8552627337088,269.3555796457707,Down,67
2026-01-06 10:00:00,263.55438736585336,264.2,263.1,263.625,264.33059936084317,266.237789163673,274.7435188259107,269.3555796457707,Down,33
2026-01-06 10:10:00,263.5896936829267,263.5896936829267,262.8,263.15,264.22327214622106,266.11669939254864,274.628160429633,268.7011425933572,Down,26
2026-01-06 10:20:00,263.3698468414633,263.3698468414633,262.7,263.075,264.11888376929187,265.9974170634291,274.51320360943765,268.2842275011672,Down,35
2026-01-06 10:30:00,263.2224234207316,263.2224234207316,262.8,263.0,264.0171670629926,265.8798712962358,274.3986443695428,267.9369148455733,Down,19
2026-01-06 10:40:00,263.1112117103658,263.3,262.9,263.125,263.9360609663569,265.771837127756,274.2864688036767,267.7233664865523,Down,25
2026-01-06 10:50:00,263.1181058551829,263.3,263.1,263.25,263.8736917875971,265.6729415541185,274.17665319368984,267.47578771504755,Down,13
2026-01-06 11:00:00,263.18405292759144,263.6,263.1,263.32500000000005,263.8238107159974,265.5808654147413,274.06867654499644,267.4188979227705,Down,33
2026-01-06 11:10:00,263.25452646379574,263.6,262.1,262.77500000000003,263.72846428727036,265.4708314769083,273.95630165400144,267.0944526570641,Down,23
2026-01-06 11:20:00,263.01476323189786,263.01476323189786,261.6,262.32500000000005,263.6008766247912,265.3474655366374,273.84056730918553,266.6804342976064,Down,57
2026-01-06 11:30:00,262.6698816159489,262.9,262.6698816159489,262.85,263.5326151134466,265.24952571167125,273.73120843048713,266.6804342976064,Down,2
2026-01-06 11:40:00,262.7599408079745,263.0,261.5,262.525,263.4410137394969,265.1426815661155,273.61970386898975,266.59963031541935,Down,43
2026-01-06 11:50:00,262.6424704039872,262.7,261.8,262.375,263.34410339954263,265.034145034111,273.50781626830326,266.5314821049267,Down,43
2026-01-06 12:00:00,262.5087352019936,262.5087352019936,261.9,262.17499999999995,263.23782127231146,264.92202169944,273.39505192732514,266.31798231529143,Down,7
2026-01-06 12:10:00,262.3418676009968,262.3418676009968,261.9,262.025,263.12756479301044,264.80841300534433,273.2819170822772,266.0212626684015,Down,4
2026-01-06 12:20:00,262.1834338004984,262.2,261.9,262.025,263.0273316300095,264.69925955415437,273.1699079570804,265.7048444253664,Down,19
2026-01-06 12:30:00,262.1042169002492,262.1042169002492,261.2,261.70000000000005,262.90666511819046,264.58164153242285,273.05577951969656,265.303500436912,Down,20
2026-01-06 12:40:00,261.9021084501246,261.9021084501246,261.2,261.425,262.77196828926407,264.4578516684063,272.94005037024687,265.1258136494598,Down,9
2026-01-06 12:50:00,261.6635542250623,262.5,261.2,261.85,262.68815299024004,264.3555829755276,272.82970161034393,265.1258136494598,Down,18
2026-01-06 13:00:00,261.75677711253115,262.8,261.75677711253115,262.525,262.6733209002182,264.2837954078599,272.7271672659624,265.1258136494598,Down,17
2026-01-06 13:10:00,262.1408885562656,262.8,262.1408885562656,262.625,262.66892809110743,264.2187446075517,272.62664818868916,265.1258136494598,Down,5
2026-01-06 13:20:00,262.38294427813275,262.8,262.1,262.45000000000005,262.6490255373704,264.1493820739222,272.5253880077072,265.1258136494598,Down,5
2026-01-06 13:30:00,262.4164721390664,262.4164721390664,262.0,262.225,262.6104777612458,264.073916110239,272.42289658474493,265.1258136494598,Down,12
2026-01-06 13:40:00,262.3207360695332,262.4,262.0,262.2,262.57316160113254,264.00042920395515,272.32117622071763,265.1258136494598,Down,4
2026-01-06 13:50:00,262.2603680347666,262.2603680347666,262.0,262.1,262.5301469101205,263.92590256850593,272.21947297474037,265.1258136494598,Down,5
2026-01-06 14:00:00,262.18018401738334,262.4,262.0,262.2,262.50013355465495,263.858220114839,272.1197767262355,265.12172868362137,Down,11
2026-01-06 14:10:00,262.19009200869164,262.4,262.19009200869164,262.29999999999995,262.48193959514083,263.7971134436689,272.02206750507895,265.0274931681138,Down,2
2026-01-06 14:20:00,262.2450460043458,262.5,262.1,262.275,262.46312690467346,263.73742272038777,271.9250817587598,264.9294974216072,Down,24
2026-01-06 14:30:00,262.2600230021729,262.2600230021729,262.1,262.1,262.430115367885,263.67321006468626,271.82731975121,264.6341000661839,Down,1
2026-01-06 14:40:00,262.1800115010865,262.5,262.1,262.3,262.4182866980773,263.6193586896005,271.7325205497054,264.6341000661839,Down,4
2026-01-06 14:50:00,262.2400057505432,262.5,262.2400057505432,262.475,262.42344245279753,263.57448187824366,271.64040591737,264.62495001151825,Down,8
2026-01-06 15:00:00,262.3575028752716,263.0,262.3575028752716,262.675,262.44631132072504,263.53920807909685,271.5511978982917,264.62495001151825,Down,12
2026-01-06 15:10:00,262.5162514376358,263.0,262.5162514376358,262.85,262.48301029156823,263.5121803112891,271.46461881472663,264.62495001151825,Down,34
2026-01-06 15:20:00,262.6831257188179,263.0,262.6831257188179,262.92499999999995,262.52319117415294,263.489153632415,271.3796474832368,264.62495001151825,Down,11
2026-01-06 15:30:00,262.80406285940893,263.2,262.5,262.95,262.56199197650267,263.4680103527125,271.29577039385134,264.62495001151825,Down,35
2026-01-06 15:40:00,262.87703142970446,263.9,262.87703142970446,263.5,262.64726543318426,263.46926484868453,271.21820053918617,264.62495001151825,Down,26
2026-01-06 15:50:00,263.1885157148522,264.0,263.1885157148522,263.8,262.75205948471296,263.48223485461847,271.14438759849776,264.62495001151825,Down,22
2026-01-06 16:00:00,263.4942578574261,263.8,263.1,263.5,262.8200540770118,263.48293152698636,271.06832404030376,264.62495001151825,Down,19
2026-01-06 16:10:00,263.49712892871304,263.9,263.3,263.475,262.87959461546524,263.4826204867124,270.99276857721617,264.62495001151825,Down,18
2026-01-06 16:20:00,263.48606446435656,263.5,263.2,263.4,262.9269041958775,263.4793804676256,270.9172186411245,264.62495001151825,Down,11
2026-01-06 16:30:00,263.44303223217827,263.5,262.5,263.1,262.94264017807046,263.46450280222854,270.8394353710636,264.62495001151825,Down,33
2026-01-06 16:40:00,263.2715161160892,263.2715161160892,262.3,262.625,262.9137637982459,263.4315811237098,270.7576996957296,264.62495001151825,Down,41
2026-01-06 16:50:00,262.9482580580446,262.9482580580446,262.0,262.25,262.85342163476895,263.38524460905455,270.67304596741394,264.62495001151825,Down,40
2026-01-06 17:00:00,262.59912902902227,262.59912902902227,261.5,262.15,262.78947421342633,263.33680364399356,270.58823953987746,264.62495001151825,Down,21
2026-01-06 17:10:00,262.3745645145111,262.8,261.9,262.42499999999995,262.75634019402395,263.30104663834675,270.5070132757991,264.62495001151825,Down,14
2026-01-06 17:20:00,262.39978225725554,262.8,261.9,262.35,262.7194001763854,263.2637506917449,270.42584896459715,264.62495001151825,Down,11
2026-01-06 17:30:00,262.3748911286277,262.8,261.5,262.0,262.6540001603504,263.2141918410883,270.3420096714171,264.62495001151825,Down,10
2026-01-06 17:40:00,262.18744556431386,262.18744556431386,260.0,261.075,262.5104546912276,263.1303019649672,270.2498006199602,264.62495001151825,Down,114
2026-01-06 17:50:00,261.6312227821569,261.6312227821569,260.3,260.925,262.36632244657056,263.0438195349685,270.15701653418944,264.62495001151825,Down,73
2026-01-06 18:00:00,261.2781113910785,261.5,260.7,261.1,262.25120222415507,262.96759131791094,270.0668969666851,264.62495001151825,Down,34
2026-01-06 18:10:00,261.18905569553925,261.5,260.0,260.825,262.1215474765046,262.88356812897325,269.9749377928872,264.62495001151825,Down,96
2026-01-06 18:20:00,261.0070278477696,261.4,260.3,260.85,262.0059522513678,262.8038203592096,269.88414239196294,264.62495001151825,Down,51
2026-01-06 18:30:00,260.9285139238848,261.7,260.3,261.15,261.9281384103343,262.7389646588485,269.79723550249065,264.62495001151825,Down,66
2026-01-06 18:40:00,261.0392569619424,261.2,259.7,260.525,261.8005803730312,262.65214251536423,269.7049744527146,264.62495001151825,Down,65
2026-01-06 18:50:00,260.7821284809712,260.7821284809712,259.7,260.05,261.64143670275564,262.55009771084013,269.60890505517517,264.5877644011046,Down,57
2026-01-06 19:00:00,260.41606424048564,260.41606424048564,259.5,260.0,261.4922151843233,262.45009387904247,269.5132940596013,264.24269199007307,Down,54
2026-01-06 19:10:00,260.2080321202428,260.2080321202428,259.0,259.675,261.32701380393024,262.34126666809965,269.4154005863715,263.93844580369176,Down,93
2026-01-06 19:20:00,259.94151606012144,259.94151606012144,258.0,259.05,261.1200125490275,262.21219738699773,269.31226227207924,263.6171545460779,Down,164
2026-01-06 19:30:00,259.4957580300608,259.9,257.5,258.575,260.8886477718432,262.0695621953508,269.2054238415113,263.6171545460779,Down,89
2026-01-06 19:40:00,259.03537901503034,259.5,257.7,258.6,260.6805888834938,261.93350093278804,269.0998972361231,263.6171545460779,Down,62
2026-01-06 19:50:00,258.8176895075152,260.5,258.8176895075152,259.925,260.61189898499435,261.85473619032575,269.008604726311,263.6171545460779,Down,51
2026-01-06 20:00:00,259.3713447537576,262.0,259.3713447537576,260.925,260.64036271363125,261.8182759475679,268.9281708484372,263.6171545460779,Down,174
2026-01-06 20:10:00,260.14817237687885,261.7,260.14817237687885,261.1,260.68214792148297,261.79010826334957,268.8502786011891,263.6171545460779,Down,28
2026-01-06 20:20:00,260.62408618843943,261.5,260.4,260.975,260.70877083771177,261.7581432334143,268.7719176200828,263.6171545460779,Down,19
2026-01-06 20:30:00,260.79954309421976,261.3,260.4,260.85,260.72160985246524,261.72252977328037,268.6930925691367,263.6171545460779,Down,15
2026-01-06 20:40:00,260.8247715471099,260.8247715471099,259.0,259.75,260.6332816840593,261.6451756645243,268.6041065734239,263.6171545460779,Down,69
2026-01-06 20:50:00,260.28738577355494,260.28738577355494,259.0,259.275,260.509801530963,261.55222759924885,268.5112796423451,263.6171545460779,Down,29
2026-01-06 21:00:00,259.7811928867775,259.7811928867775,259.0,259.15,260.38618320996636,261.45802259535674,268.4181325812272,263.6171545460779,Down,50
2026-01-06 21:10:00,259.46559644338873,260.6,259.1,259.82500000000005,260.3351665545149,261.39398249357805,268.33262877444884,263.6171545460779,Down,37
2026-01-06 21:20:00,259.6452982216944,262.0,259.6452982216944,260.875,260.38424232228624,261.37363023892794,268.25842351301156,263.6171545460779,Down,104
2026-01-06 21:30:00,260.2601491108472,261.8,260.2601491108472,261.425,260.47885665662386,261.37564473936214,268.1904292492005,263.6171545460779,Down,23
2026-01-06 21:40:00,260.8425745554236,261.8,260.6,261.3,260.55350605147623,261.372678278995,268.12186776413387,263.6171545460779,Down,25
2026-01-06 21:50:00,261.0712872777118,262.0,261.0,261.5,260.63955095588744,261.3776712876619,268.05597853264993,263.6171545460779,Down,54
2026-01-06 22:00:00,261.2856436388559,262.9,261.2856436388559,262.32500000000005,260.7927735962613,261.4148214332438,267.99895387063356,263.6171545460779,Down,103
2026-01-06 22:10:00,261.80532181942795,262.8,261.80532181942795,262.40000000000003,260.9388850875103,261.4534558868421,267.9432428868462,263.6171545460779,Down,30
2026-01-06 22:20:00,262.102660909714,262.8,262.0,262.425,261.0739864431912,261.49155565598556,267.88833499742486,263.6171545460779,Down,42
2026-01-06 22:30:00,262.26383045485704,262.8,261.6,262.32500000000005,261.1877149483556,261.5242397479077,267.83297843028635,263.6171545460779,Down,19
2026-01-06 22:40:00,262.29441522742854,262.29441522742854,261.2,261.65000000000003,261.22974086214145,261.52917152249955,267.7714562568507,263.6171545460779,Down,21
2026-01-06 22:50:00,261.9722076137143,262.7,261.2,261.975,261.2974916928559,261.54665499220545,267.71378007519047,263.6171545460779,Down,70
2026-01-06 23:00:00,261.9736038068572,262.9,261.9736038068572,262.475,261.40453790259625,261.5830606787856,267.66165291026323,263.6171545460779,Down,30
2026-01-06 23:10:00,262.22430190342857,262.5,261.8,262.25,261.4813980932693,261.6092151619705,267.6078056176238,263.6171545460779,Down,15
2026-01-06 23:20:00,262.2371509517143,262.4,261.8,262.19999999999993,261.54672553933574,261.6323831948344,267.5539966065031,263.6171545460779,Down,17
2026-01-06 23:30:00,262.2185754758571,262.4,261.6,262.2,261.60611412666884,261.6546426773899,267.50072300842845,263.6171545460779,Down,19
2026-01-06 23:40:00,262.20928773792855,263.0,261.6,262.475,261.68510375151715,261.6868135527864,267.4507158143147,263.6171545460779,Down,36
2026-01-06 23:50:00,262.3421438689643,262.9,262.0,262.65,261.7728215922883,261.7245855703242,267.4029474977544,263.6171545460779,Down,24
2026-01-07 00:00:00,262.49607193448213,262.8,262.49607193448213,262.6,261.848019629353,261.75891554795857,267.3551569753887,263.6171545460779,Down,52
2026-01-07 09:00:00,262.54803596724105,267.5,262.54803596724105,266.525,262.2731996630482,261.94582082058764,267.3468967069769,259.34746298411176,Up,18
2026-01-07 09:10:00,264.5365179836205,266.3,264.5365179836205,265.65,262.580181511862,262.0910827491921,267.3300121626289,259.5346700772098,Up,147
2026-01-07 09:20:00,265.0932589918102,265.5,264.9,265.25,262.8228922835109,262.2149618570669,267.3093155241948,259.5785555321814,Up,48
2026-01-07 09:30:00,265.1716294959051,265.2,263.6,264.4,262.9662657122826,262.300649627378,267.28036711101873,259.5785555321814,Up,29
2026-01-07 09:40:00,264.78581474795254,264.78581474795254,263.6,264.02500000000003,263.0625142838933,262.3682712106181,267.2479753984713,259.5785555321814,Up,31
2026-01-07 09:50:00,264.4054073739763,264.6,264.2,264.40000000000003,263.1841038944484,262.4479468494174,267.21963733480493,259.5785555321814,Up,3
2026-01-07 10:00:00,264.40270368698816,264.9,264.2,264.4,263.294639904044,262.52449795336184,267.1915812419213,259.5785555321814,Up,20
2026-01-07 10:10:00,264.40135184349407,264.9,264.1,264.55,263.4087635491309,262.60392940617123,267.1652968514544,259.5806297651566,Up,15
2026-01-07 10:20:00,264.47567592174704,264.9,264.3,264.67499999999995,263.52387595375535,262.6851478608312,267.14051777830565,259.90966342286964,Up,10
2026-01-07 10:30:00,264.5753379608735,264.6,264.5753379608735,264.6,263.62170541250487,262.76024010158295,267.11523899444194,260.28748589609046,Up,6
2026-01-07 10:40:00,264.5876689804368,264.6,264.0,264.3,263.6833685568226,262.82062284269733,267.08722666613903,260.28748589609046,Up,20
2026-01-07 10:50:00,264.4438344902184,264.5,263.7,264.175,263.72806232438415,262.87373567239547,267.05824928637645,260.28748589609046,Up,13
2026-01-07 11:00:00,264.3094172451092,264.9,264.3094172451092,264.67499999999995,263.81414756762194,262.94437348916426,267.03453536312895,260.6655026989285,Up,12
2026-01-07 11:10:00,264.4922086225546,266.6,264.4922086225546,265.75,263.9901341523836,263.05439805821663,267.0217539167297,261.19853842527345,Up,91
2026-01-07 11:20:00,265.1211043112773,266.6,265.1211043112773,266.20000000000005,264.19103104762144,263.1777549971101,267.0135772608419,261.3704392815541,Up,43
2026-01-07 11:30:00,265.6605521556387,267.1,265.6605521556387,266.675,264.4168464069286,263.31490185996853,267.01020833287333,261.7749197034293,Up,57
2026-01-07 11:40:00,266.1677760778193,266.8,266.0,266.4,264.5971330972078,263.4358861007541,267.0041366081681,261.922403296009,Up,9
2026-01-07 11:50:00,266.28388803890965,266.7,265.4,265.875,264.71330281564343,263.53153762621474,266.9929014180371,261.922403296009,Up,36
2026-01-07 12:00:00,266.07944401945485,266.5,265.4,265.95,264.8257298324031,263.6263792879318,266.9825242894994,261.922403296009,Up,25
2026-01-07 12:10:00,266.0147220097274,266.8,263.3,265.7,264.90520893854824,263.7076977472286,266.969762853783,261.922403296009,Up,230
2026-01-07 12:20:00,265.8573610048637,266.3,265.8573610048637,266.1,265.0138263077711,263.8015135218471,266.96110849702893,261.922403296009,Up,42
2026-01-07 12:30:00,265.97868050243187,266.5,265.97868050243187,266.25,265.12620573433736,263.8975325994217,266.9540327905908,261.922403296009,Up,17
2026-01-07 12:40:00,266.11434025121594,266.6,266.11434025121594,266.525,265.2533688493976,264.0005705366993,266.9497638075999,261.922403296009,Up,5
2026-01-07 12:50:00,266.319670125608,266.5,265.7,266.1,265.3303353176342,264.08290110388754,266.94130844633025,261.922403296009,Up,6
2026-01-07 13:00:00,266.209835062804,266.209835062804,265.7,265.77500000000003,265.37075937966745,264.14925792334293,266.9297033871628,261.922403296009,Up,7
2026-01-07 13:10:00,265.992417531402,266.1,265.7,265.9,265.418872163334,264.2179144753687,266.91945758231543,261.922403296009,Up,3
2026-01-07 13:20:00,265.946208765701,266.1,265.946208765701,266.07500000000005,265.4785201484855,264.29074135868757,266.91105501930735,262.31154040441004,Up,4
2026-01-07 13:30:00,266.0106043828505,266.1,265.5,265.8,265.50774558953225,264.34992797207235,266.8999997454834,262.31154040441004,Up,13
2026-01-07 13:40:00,265.9053021914252,266.0,265.2,265.675,265.5229505359384,264.4018915810107,266.8878106932895,262.31154040441004,Up,34
2026-01-07 13:50:00,265.79015109571264,266.1,265.79015109571264,266.05,265.57086412358035,264.4665232837162,266.8794742684807,262.55719877968164,Up,9
2026-01-07 14:00:00,265.9200755478563,266.3,265.9200755478563,266.175,265.62578556689124,264.53352237062927,266.8724645742669,262.8919954566262,Up,13
2026-01-07 14:10:00,266.0475377739282,266.9,266.0475377739282,266.575,265.7120777880829,264.6135803168791,266.8695047277568,263.2382896072089,Up,29
2026-01-07 14:20:00,266.31126888696406,266.8,266.31126888696406,266.65,265.7973434437117,264.6934399122956,266.86732060111245,263.4365692389643,Up,19
2026-01-07 14:30:00,266.480634443482,266.5,266.1,266.3,265.84303949428335,264.7564422686762,266.8616756200069,263.4365692389643,Up,7
2026-01-07 14:40:00,266.39031722174104,266.5,266.1,266.20000000000005,265.8754904493485,264.813052375787,266.8550917829919,263.4365692389643,Up,4
2026-01-07 14:50:00,266.29515861087054,266.29515861087054,266.0,266.05,265.89135495395317,264.8615601257561,266.8470809194796,263.4365692389643,Up,3
2026-01-07 15:00:00,266.1725793054353,266.8,266.0,266.4,265.9375954126847,264.92189110121666,266.8426323531166,263.610680983417,Up,6
2026-01-07 15:10:00,266.28628965271764,267.3,266.28628965271764,267.05,266.0387231024406,265.00534635214933,266.84469571278703,263.8887783213625,Up,14
2026-01-07 15:20:00,266.6681448263588,267.3,266.6681448263588,267.15,266.139748274946,265.08945041677094,266.8477335663911,264.11397370913147,Up,20
2026-01-07 15:30:00,266.9090724131794,267.0,266.8,266.9,266.2088620681327,265.1604523612113,266.84825363040716,264.1635466326837,Up,8
2026-01-07 15:40:00,266.9045362065897,266.9045362065897,266.8,266.8,266.26260188012066,265.22474834704616,266.8477734947813,264.3265700578837,Up,4
2026-01-07 15:50:00,266.8522681032948,266.8522681032948,266.7,266.775,266.3091835273824,265.28554252951494,266.8470493804054,264.4246747000756,Up,3
2026-01-07 16:00:00,266.8136340516474,266.8136340516474,266.5,266.725,266.3469850248931,265.34199184208296,266.8458349587098,264.4246747000756,Up,19
2026-01-07 16:10:00,266.76931702582374,267.0,266.76931702582374,266.9,266.3972591135392,265.40309020121697,266.84637391434455,264.73762299867155,Up,6
2026-01-07 16:20:00,266.83465851291186,267.2,266.83465851291186,267.075,266.45887192139924,265.46865529136534,266.848648800769,264.9326273391145,Up,17
2026-01-07 16:30:00,266.9548292564559,267.5,266.9,267.125,266.51942901945387,265.5336099858216,266.8513985639455,265.08663462059866,Up,30
2026-01-07 16:40:00,267.039914628228,267.4,266.9,267.15,266.57675365404896,265.5969978295149,266.85436972251324,265.08663462059866,Up,7
2026-01-07 16:50:00,267.094957314114,267.5,267.094957314114,267.425,266.65386695822633,265.6686841891418,266.8600476357221,265.23831819326267,Up,10
2026-01-07 17:00:00,267.259978657057,268.7,267.259978657057,267.95,266.77169723475123,265.75814755427353,266.8708929328791,265.58438114582714,Up,86
2026-01-07 17:10:00,267.6049893285285,268.7,267.6049893285285,268.4,266.91972475886473,265.8617496109687,266.88610792857185,265.58438114582714,Up,12
2026-01-07 17:20:00,268.00249466426425,268.2,267.1,267.7,266.9906588716952,265.9338378615189,266.8942063571433,265.58438114582714,Up,71
2026-01-07 17:30:00,267.8512473321321,267.8512473321321,266.5,266.9,266.9824171560865,265.97172657283187,266.8942640053309,265.58438114582714,Up,25
2026-01-07 17:40:00,267.3756236660661,267.3756236660661,266.0,266.45,266.9340155964423,265.99048239350515,266.88984346796445,265.58438114582714,Up,39
2026-01-07 17:50:00,266.91281183303306,267.0,266.0,266.54999999999995,266.8991050876748,266.01242426042654,266.88646194092007,265.58438114582714,Up,19
2026-01-07 18:00:00,266.7314059165165,267.3,266.2,266.8,266.89009553424984,266.04330958354706,266.8856016231,265.58438114582714,Up,30
2026-01-07 18:10:00,266.76570295825826,269.2,266.2,267.70000000000005,266.9637232129544,266.10827783517266,266.8937050895368,265.58438114582714,Up,91
2026-01-07 18:20:00,267.2328514791292,269.5,267.2328514791292,269.0,267.148839284504,266.2216787043816,266.9146632478499,265.58438114582714,Up,55
2026-01-07 18:30:00,268.1164257395646,269.8,268.1164257395646,269.075,267.32394480409454,266.33357365715096,266.93615913593095,265.58438114582714,Up,106
2026-01-07 18:40:00,268.5957128697823,269.4,268.4,268.725,267.45131345826775,266.42735508236075,266.95395854751376,265.58438114582714,Up,31
2026-01-07 18:50:00,268.6603564348911,268.8,268.0,268.4,267.5375576893343,266.50471370658187,266.9683470196778,265.58438114582714,Up,60
2026-01-07 19:00:00,268.53017821744555,269.6,268.4,269.0,267.67050699030386,266.6025680710297,266.98856247221835,265.58438114582714,Up,7
2026-01-07 19:10:00,268.7650891087228,269.9,267.7,268.85,267.77773362754897,266.6907026564795,267.00708423866394,265.58438114582714,Up,62
2026-01-07 19:20:00,268.8075445543614,268.8075445543614,266.8,267.625,267.76384875231724,266.72734176799014,267.0132326541996,265.58438114582714,Up,39
2026-01-07 19:30:00,268.2162722771807,268.2162722771807,266.0,266.6,267.6580443202884,266.72234797316696,267.00912088649613,265.58438114582714,Up,58
2026-01-07 19:40:00,267.40813613859035,267.40813613859035,265.0,266.1,267.5164039275349,266.69794217029767,267.000074907526,265.58438114582714,Up,80
2026-01-07 19:50:00,266.7540680692952,266.7540680692952,265.4,266.025,267.3808217523044,266.6715522812664,266.9903726696402,265.58438114582714,Up,19
2026-01-07 20:00:00,266.3895340346476,267.0,265.9,266.45,267.296201593004,266.6628639565108,266.98499582715624,265.58438114582714,Up,29
2026-01-07 20:10:00,266.4197670173238,268.2,266.4197670173238,267.55,267.3192741754582,266.6976536052751,266.99061775922434,265.58438114582714,Up,32
2026-01-07 20:20:00,266.98488350866194,268.4,266.98488350866194,268.0,267.3811583413256,266.7487260129114,267.0006613636102,265.58438114582714,Up,18
2026-01-07 20:30:00,267.49244175433097,268.3,267.0,267.575,267.398780310296,266.78112891436587,267.00637617591264,265.58438114582714,Up,17
2026-01-07 20:40:00,267.5337208771655,267.5337208771655,266.4,267.0,267.3625275548145,266.78971209419467,267.0063127313762,265.58438114582714,Up,15
2026-01-07 20:50:00,267.26686043858274,267.6,267.1,267.27500000000003,267.3545705043768,266.8087429924616,267.0089862365367,265.58438114582714,Up,15
2026-01-07 21:00:00,267.27093021929136,267.3,266.4,266.8,267.3041550039789,266.8084001300121,267.0069067714966,265.58438114582714,Up,31
2026-01-07 21:10:00,267.03546510964566,267.03546510964566,264.9,266.04999999999995,267.1901409127081,266.778658948443,266.9973853110837,265.58438114582714,Up,38
2026-01-07 21:20:00,266.5427325548228,266.5427325548228,265.0,265.525,267.03876446609826,266.72949585242566,266.9827347109734,269.8390902259877,Down,69
2026-01-07 21:30:00,266.0338662774114,267.0,265.0,265.9,266.9352404237257,266.69696660331095,266.97196123126224,269.8390902259877,Down,35
2026-01-07 21:40:00,265.9669331387057,267.4,265.9669331387057,266.95,266.936582203387,266.7068894816125,266.97174271154825,269.8390902259877,Down,19
2026-01-07 21:50:00,266.4584665693528,267.5,266.4,267.05,266.94689291217,266.7203447960591,266.97252139103534,269.8390902259877,Down,31
2026-01-07 22:00:00,266.7542332846764,267.9,266.7542332846764,267.5,266.99717537469996,266.7509195099392,266.9777699344082,269.8390902259877,Down,39
2026-01-07 22:10:00,267.1271166423382,268.0,266.5,267.4,267.0337957951818,266.77637364680436,266.9819712285932,269.8390902259877,Down,30
2026-01-07 22:20:00,267.26355832116906,267.9,267.0,267.5,267.0761779956198,266.80475115085125,266.98712574373155,269.8390902259877,Down,18
2026-01-07 22:30:00,267.38177916058453,268.0,266.6,267.325,267.09879817783616,266.8251530665042,266.99048767662975,269.8390902259877,Down,48
2026-01-07 22:40:00,267.3533895802923,267.9,266.8,267.35,267.12163470712375,266.8457352991903,266.99406491367824,269.8390902259877,Down,15
2026-01-07 22:50:00,267.3516947901461,267.9,266.6,267.25,267.1333042792034,266.8615888168692,266.99661153145263,269.8390902259877,Down,48
2026-01-07 23:00:00,267.3008473950731,267.3008473950731,266.0,266.35,267.0620947992758,266.8415265103253,266.99017758586604,269.8390902259877,Down,34
2026-01-07 23:10:00,266.82542369753656,267.1,266.0,266.55,267.0155407266144,266.83009409815566,266.9857977093898,269.8390902259877,Down,14
2026-01-07 23:20:00,266.6877118487683,268.9,266.6877118487683,268.0,267.1050370241949,266.87597276097307,266.9958892744705,269.8390902259877,Down,85
2026-01-07 23:30:00,267.3438559243841,270.0,267.3438559243841,269.1,267.28639729472263,266.96318951544475,267.0168256996002,269.8390902259877,Down,104
2026-01-07 23:40:00,268.22192796219207,270.0,268.22192796219207,269.475,267.48536117702054,267.0616918873881,267.0412851453753,269.8390902259877,Down,37
2026-01-07 23:50:00,268.8484639810961,269.6,268.0,268.925,267.61623743365504,267.1347627937651,267.0600285767646,269.8390902259877,Down,35
2026-01-08 00:00:00,268.886731990548,268.886731990548,267.6,268.2,267.66930675786824,267.17653680185276,267.07137157600073,269.8390902259877,Down,22
2026-01-08 09:00:00,268.54336599527403,271.1,268.54336599527403,270.35,267.91300614351655,267.30098633903503,267.1039947443988,263.2026912550427,Up,3
2026-01-08 09:10:00,269.446682997637,270.4,269.4,270.15,268.11636922137865,267.41271236495527,267.13430325440476,263.5190984158233,Up,63
2026-01-08 09:20:00,269.7983414988185,270.5,269.7983414988185,270.35,268.3194265648897,267.5279001153492,267.166300236948,264.0932025815463,Up,25
2026-01-08 09:30:00,270.0741707494093,270.6,270.0741707494093,270.45,268.5131150589906,267.6424922676885,267.1989738664311,264.6404491309781,Up,26
2026-01-08 09:40:00,270.2620853747046,270.8,270.2620853747046,270.5,268.6937409627187,267.75455139444585,267.23181989761093,265.15667714749344,Up,18
2026-01-08 09:50:00,270.3810426873523,270.5,270.1,270.375,268.84658269338064,267.85731408485975,267.2630953215153,265.2687586001283,Up,24
2026-01-08 10:00:00,270.3780213436761,270.5,270.1,270.325,268.98098426670964,267.95408608153195,267.29356203473407,265.5806896364803,Up,17
2026-01-08 10:10:00,270.35151067183807,271.1,270.3,270.625,269.1304402424633,268.05882780382484,267.32671067120435,266.11880876043665,Up,79
2026-01-08 10:20:00,270.488255335919,270.9,270.2,270.52500000000003,269.25721840223935,268.155540438969,267.3585344456202,266.13073523676053,Up,35
2026-01-08 10:30:00,270.5066276679595,270.5066276679595,270.1,270.32500000000005,269.3542894565812,268.24061728449965,267.38805151581306,266.1312549583075,Up,6
2026-01-08 10:40:00,270.41581383397977,270.8,270.4,270.6,269.4675358696193,268.3331420968722,267.42001120222284,266.6344919312071,Up,9
2026-01-08 10:50:00,270.5079069169899,270.7,270.4,270.54999999999995,269.56594169965393,268.42007770091647,267.4511553693649,266.83590175564274,Up,13
2026-01-08 11:00:00,270.5289534584949,270.5289534584949,270.0,270.2,269.62358336332176,268.4898785753904,267.4785070572319,266.83590175564274,Up,23
2026-01-08 11:10:00,270.3644767292475,271.0,270.0,270.5,269.7032576030198,268.56870686655157,267.50857166362766,266.88504277325853,Up,31
2026-01-08 11:20:00,270.43223836462374,271.0,269.7,270.375,269.76432509365435,268.6395418913927,267.53709333861644,266.88504277325853,Up,40
2026-01-08 11:30:00,270.4036191823119,270.4036191823119,269.4,269.725,269.76075008514033,268.68210887604397,267.5588635541526,266.88504277325853,Up,28
2026-01-08 11:40:00,270.064309591156,270.064309591156,268.2,268.95,269.6870455319457,268.69261441031676,267.57270570784266,266.88504277325853,Up,58
2026-01-08 11:50:00,269.507154795578,269.507154795578,268.5,268.825,269.60867775631425,268.69780600206906,267.5851663475656,266.88504277325853,Up,10
2026-01-08 12:00:00,269.16607739778897,269.3,268.5,268.975,269.5510706875584,268.70867635492914,267.5989955381371,266.88504277325853,Up,21
2026-01-08 12:10:00,269.0705386988945,270.3,269.0705386988945,269.675,269.5623369886895,268.7465713998339,267.6196522989517,266.88504277325853,Up,13
2026-01-08 12:20:00,269.37276934944725,270.2,269.37276934944725,270.1,269.61121544426317,268.799647031213,267.64433237557904,266.88504277325853,Up,1
2026-01-08 12:30:00,269.73638467472364,270.5,269.73638467472364,270.225,269.6670140402392,268.8555432260674,267.67001066039916,266.88504277325853,Up,13
2026-01-08 12:40:00,269.9806923373618,270.5,269.9806923373618,270.3,269.7245582183993,268.9121885897511,267.6961797085544,266.88504277325853,Up,13
2026-01-08 12:50:00,270.14034616868094,270.8,270.14034616868094,270.65,269.8086892894539,268.98033805681973,267.72557095523547,266.88504277325853,Up,6
2026-01-08 13:00:00,270.39517308434046,270.8,270.1,270.55,269.87608117223084,269.04189342714056,267.7536747268252,266.88504277325853,Up,12
2026-01-08 13:10:00,270.47258654217023,270.7,270.47258654217023,270.6,269.9418919747553,269.1029956456841,267.78199637133434,267.2177861886032,Up,10
2026-01-08 13:20:00,270.5362932710851,270.6,270.3,270.425,269.98581088614117,269.15483895369647,267.8082949149032,267.27862992501656,Up,3
2026-01-08 13:30:00,270.4806466355426,270.6,270.3,270.425,270.0257371692192,269.20464919080644,267.83433178142155,267.45784538637866,Up,12
2026-01-08 13:40:00,270.4528233177713,270.5,269.8,270.15,270.03703379019925,269.2417217715591,267.8573732562333,267.45784538637866,Up,12
2026-01-08 13:50:00,270.3014116588856,270.3014116588856,269.8,270.0,270.0336670819993,269.27145817267444,267.87869292532554,267.45784538637866,Up,3
2026-01-08 14:00:00,270.1507058294428,270.1507058294428,269.8,269.9,270.02151552909027,269.29610687178524,267.89880543353127,267.45784538637866,Up,15
2026-01-08 14:10:00,270.0253529147214,270.0253529147214,269.0,269.55,269.9786504809912,269.30606346504857,267.91523523021255,267.45784538637866,Up,14
2026-01-08 14:20:00,269.7876764573607,269.7876764573607,268.7,268.95,269.8851368009011,269.2921001919094,267.9255313970761,267.45784538637866,Up,8
2026-01-08 14:30:00,269.3688382286804,269.3688382286804,268.7,268.8,269.7864880008192,269.2728021451679,267.93423257720474,267.45784538637866,Up,25
2026-01-08 14:40:00,269.0844191143402,269.0844191143402,268.6,268.65,269.6831709098356,269.2483785316319,267.9413546411132,267.45784538637866,Up,13
2026-01-08 14:50:00,268.8672095571701,268.8672095571701,267.6,268.3,269.55742809985054,269.2111872166659,267.9449232516494,267.45784538637866,Up,59
2026-01-08 15:00:00,268.583604778585,268.583604778585,268.1,268.175,269.43175281804594,269.1705524238555,267.94721257252854,267.45784538637866,Up,5
2026-01-08 15:10:00,268.37930238929255,268.6,268.2,268.4,269.3379571073145,269.1403346817435,267.9517179200656,267.45784538637866,Up,11
2026-01-08 15:20:00,268.38965119464626,268.6,268.0,268.35,269.24814282483135,269.1093411648124,267.9556809258361,267.45784538637866,Up,4
2026-01-08 15:30:00,268.36982559732314,268.7,268.2,268.45,269.1755843862103,269.0834846485452,267.96059952358894,267.45784538637866,Up,4
2026-01-08 15:40:00,268.4099127986616,269.0,268.4099127986616,268.82500000000005,269.14371307837297,269.0733479956611,267.96920052335423,267.45784538637866,Up,14
2026-01-08 15:50:00,268.6174563993308,269.0,268.6174563993308,268.9,269.12155734397544,269.06655003504693,267.97846220968904,267.45784538637866,Up,5
2026-01-08 16:00:00,268.75872819966537,269.1,268.7,268.82500000000005,269.0945975854322,269.05707748465295,267.98688547128415,267.45784538637866,Up,8
2026-01-08 16:10:00,268.7918640998327,268.7918640998327,268.1,268.4,269.0314523503929,269.03130974015676,267.9909960636097,267.45784538637866,Up,4
2026-01-08 16:20:00,268.5959320499163,268.5959320499163,268.1,268.175,268.9535930458117,268.997728966033,267.9928269485489,267.45784538637866,Up,2
2026-01-08 16:30:00,268.3854660249582,268.6,268.2,268.4,268.9032664052834,268.9742886144238,267.9968784216977,267.45784538637866,Up,7
2026-01-08 16:40:00,268.3927330124791,268.6,267.3,268.025,268.82342400480303,268.9370616099366,267.9971582383972,267.45784538637866,Up,35
2026-01-08 16:50:00,268.2088665062396,269.2,267.0,267.7,268.7212945498209,268.8885493899391,267.9942014400052,267.45784538637866,Up,19
2026-01-08 17:00:00,267.95443325311976,267.95443325311976,267.2,267.45,268.60572231801905,268.8321356883729,267.98878650030366,270.625958691927,Down,18
2026-01-08 17:10:00,267.7022166265599,267.7022166265599,266.8,267.32500000000005,268.48929301638094,268.77303232804456,267.98218165950465,270.50023090573274,Down,33
2026-01-08 17:20:00,267.51360831328,268.1,267.1,267.6,268.4084481967099,268.72703106027814,267.9783788569225,270.50023090573274,Down,10
2026-01-08 17:30:00,267.55680415664,268.1,266.6,267.57500000000005,268.33268017882716,268.6818533716398,267.97436513695317,270.50023090573274,Down,37
2026-01-08 17:40:00,267.56590207832005,267.56590207832005,265.3,266.54999999999995,268.17061834438834,268.59825127863434,267.9601923495208,270.4977313490419,Down,119
2026-01-08 17:50:00,267.05795103916,267.05795103916,265.0,265.65,267.94147122217123,268.482633581433,267.9372053609684,270.47257617916716,Down,71
2026-01-08 18:00:00,266.35397551958,266.35397551958,265.0,265.35,267.70588292924657,268.3597852056905,267.9114620240433,270.2089794574438,Down,99
2026-01-08 18:10:00,265.85198775979,265.85198775979,264.1,265.05,267.4644390265878,268.2299897074281,267.8829897650976,269.73307279041296,Down,58
2026-01-08 18:20:00,265.450993879895,266.0,264.7,265.5,267.28585366053437,268.122931287529,267.8592784241514,269.73307279041296,Down,40
2026-01-08 18:30:00,265.4754969399475,265.8,262.5,264.425,267.02577605503126,267.9779143742926,267.825106499533,269.71122224009747,Down,99
2026-01-08 18:40:00,264.95024846997376,264.95024846997376,262.9,263.55,266.7097964136648,267.80427067333994,267.7825681264033,269.71122224009747,Down,73
2026-01-08 18:50:00,264.25012423498686,264.25012423498686,262.5,263.35,266.4043603760589,267.62959339203246,267.7384629709167,269.28529045756056,Down,65
2026-01-08 19:00:00,263.80006211749344,263.80006211749344,261.3,262.35,266.03578216005354,267.42255051391356,267.6848464239425,268.8320794106236,Down,170
2026-01-08 19:10:00,263.0750310587468,263.0750310587468,261.5,262.25,265.6916201455032,267.2197053957209,267.6307683500724,268.5712071433512,Down,65
2026-01-08 19:20:00,262.66251552937337,263.5,262.66251552937337,263.075,265.45374558682107,267.05716792922203,267.5854373217135,268.5712071433512,Down,33
2026-01-08 19:30:00,262.8687577646867,263.9,262.4,263.25,265.2534050789282,266.9078672261153,267.54229864189546,268.5712071433512,Down,49
2026-01-08 19:40:00,263.05937888234337,263.6,263.0,263.35,265.0803682535711,266.7683430211696,267.50058422754825,268.5712071433512,Down,22
2026-01-08 19:50:00,263.2046894411717,264.0,263.2046894411717,263.65,264.9503347759737,266.64605505955507,267.4622699566274,268.5712071433512,Down,34
2026-01-08 20:00:00,263.42734472058584,264.0,263.3,263.775,264.8434861599761,266.53346466506275,267.4255807033276,268.5712071433512,Down,15
2026-01-08 20:10:00,263.60117236029294,263.60117236029294,261.0,262.15,264.59862378179645,266.36156408996226,267.373087362996,268.14578657431747,Down,83
2026-01-08 20:20:00,262.87558618014646,262.87558618014646,260.4,261.075,264.2782943470877,266.1542478511402,267.3104198270458,267.8518247866456,Down,83
2026-01-08 20:30:00,261.97529309007325,261.97529309007325,260.1,261.325,264.00981304280697,265.96486558246806,267.25086341085625,267.3686910292199,Down,97
2026-01-08 20:40:00,261.6501465450366,262.1,261.2,261.65000000000003,263.79528458437,265.7956551674693,267.19513342666863,267.3686910292199,Down,17
2026-01-08 20:50:00,261.6500732725183,263.1,261.5,262.2,263.65025871306364,265.65464908247054,267.14543060650277,267.3686910292199,Down,34
2026-01-08 21:00:00,261.9250366362592,263.8,261.9250366362592,263.0,263.59114428460333,265.5505451968835,267.1041825407665,267.3686910292199,Down,52
2026-01-08 21:10:00,262.4625183181296,262.8,261.5,262.15,263.4601311678212,265.4171904832802,267.05488719210217,267.3686910292199,Down,54
2026-01-08 21:20:00,262.3062591590648,262.6,260.1,261.35,263.2683010616556,265.25769281726923,266.9981221454146,267.3686910292199,Down,156
2026-01-08 21:30:00,261.8281295795324,261.8281295795324,260.8,261.425,263.10072823786874,265.10739113816066,266.94266819371893,267.3686910292199,Down,81
2026-01-08 21:40:00,261.62656478976623,261.8,261.2,261.65,262.96884385260796,264.9718071719583,266.8900048286073,267.3686910292199,Down,27
2026-01-08 21:50:00,261.6382823948831,262.5,261.4,262.04999999999995,262.88531259327993,264.85722649854813,266.84184557658136,267.3686910292199,Down,32
2026-01-08 22:00:00,261.8441411974416,262.5,261.0,261.75,262.7821023575272,264.73537447899724,266.7911804464661,267.3686910292199,Down,39
2026-01-08 22:10:00,261.7970705987208,261.7970705987208,260.3,260.675,262.590547597752,264.5761441072719,266.73032292958584,266.91200142541044,Down,43
2026-01-08 22:20:00,261.2360352993604,261.2360352993604,260.3,260.625,262.4118614525018,264.42119727953576,266.6695734476994,266.4388178731295,Down,26
2026-01-08 22:30:00,260.9305176496802,261.3,260.7,261.0,262.2835104113653,264.2870326803383,266.6131597815531,266.400727475863,Down,17
2026-01-08 22:40:00,260.96525882484013,261.4,260.8,261.1,262.1759185557866,264.16205100659954,266.5583024702939,266.22793406896636,Down,26
2026-01-08 22:50:00,261.0326294124201,261.1,260.8,260.95,262.0644714143515,264.036088222027,266.50249846561434,265.7208491536058,Down,18
2026-01-08 23:00:00,260.99131470621,261.0,259.4,260.45,261.91770128577406,263.8954573113593,266.44227460028486,265.11895377600524,Down,98
2026-01-08 23:10:00,260.720657353105,260.8,259.5,260.125,261.75472844161277,263.7475962403256,266.3794161465507,265.09450343273204,Down,36
2026-01-08 23:20:00,260.4228286765525,260.4228286765525,259.0,259.325,261.5338440378298,263.5741610936462,266.3092229510626,264.72380970496084,Down,65
2026-01-08 23:30:00,259.8739143382762,260.7,259.2,259.95,261.3898582162089,263.4320371291895,266.2459471008033,264.72380970496084,Down,37
2026-01-08 23:40:00,259.9119571691381,261.0,259.6,260.35,261.295325651099,263.3111729280448,266.18728096049676,264.72380970496084,Down,21
2026-01-08 23:50:00,260.13097858456905,260.9,259.4,260.075,261.18438695554454,263.18426418576854,266.12646224447195,264.72380970496084,Down,89
2026-01-09 00:00:00,260.1029892922845,260.7,258.4,259.525,261.03353359594956,263.04076362946387,266.0607760529847,264.72380970496084,Down,136
2026-01-09 09:00:00,259.81399464614225,259.81399464614225,258.2,258.675,260.81912145086324,262.86955721262217,265.9872857439998,264.6723674177935,Down,6
2026-01-09 09:10:00,259.2444973230712,259.7,258.3,258.825,260.63783768260294,262.71094712585267,265.91601921918385,264.6594273588385,Down,54
2026-01-09 09:20:00,259.0347486615356,259.2,258.7,258.90000000000003,260.47985243872995,262.5614982189565,265.84620808267454,264.27675214439864,Down,39
2026-01-09 09:30:00,258.9673743307678,259.1,258.5,258.825,260.3294113079363,262.41496887703664,265.77634531568276,263.8606837676352,Down,25
2026-01-09 09:40:00,258.89618716538394,259.1,258.6,258.95000000000005,260.2040102799421,262.2790877446038,265.7084214816959,263.63243978875926,Down,26
2026-01-09 09:50:00,258.923093582692,259.4,258.9,259.075,260.10137298176556,262.15343724481545,265.64241728784816,263.63243978875926,Down,27
2026-01-09 10:00:00,258.999046791346,259.2,258.8,258.975,259.9989754379687,262.0287926469796,265.5760748272725,263.26317337913986,Down,14
2026-01-09 10:10:00,258.987023395673,260.1,258.987023395673,259.57500000000005,259.96043221633516,261.93256548435295,265.5163626399365,263.26317337913986,Down,71
2026-01-09 10:20:00,259.28101169783656,260.7,259.28101169783656,260.375,259.9981201966683,261.8714844849666,265.46520480272324,263.26317337913986,Down,32
2026-01-09 10:30:00,259.8280058489183,260.8,259.8280058489183,260.675,260.0596547242439,261.8245635247718,265.4175410733429,263.26317337913986,Down,6
2026-01-09 10:40:00,260.25150292445915,260.8,260.2,260.5,260.099686112949,261.7726198571337,265.3686103163942,263.26317337913986,Down,14
2026-01-09 10:50:00,260.3757514622296,260.7,260.2,260.42499999999995,260.12926010268086,261.719772019599,265.3194201639923,263.26317337913986,Down,14
2026-01-09 11:00:00,260.4003757311148,261.6,260.4003757311148,261.1,260.21750918425533,261.6954672345167,265.2774358837536,263.26317337913986,Down,43
2026-01-09 11:10:00,260.7501878655574,261.8,260.7501878655574,261.35,260.32046289477756,261.68191949982975,265.23835691973613,263.26317337913986,Down,17
2026-01-09 11:20:00,261.05009393277874,261.3,260.7,260.975,260.3799662679796,261.6541971665031,265.19593545784824,263.26317337913986,Down,11
2026-01-09 11:30:00,261.0125469663894,261.0125469663894,260.2,260.625,260.40224206179965,261.6138364933069,265.15045351299403,263.26317337913986,Down,17
2026-01-09 11:40:00,260.8187734831947,260.8187734831947,260.0,260.25,260.38840187436335,261.56035270925565,265.1016927815215,263.26317337913986,Down,32
2026-01-09 11:50:00,260.53438674159736,261.0,260.0,260.4,260.38945624942124,261.5148486814417,265.0549097687701,263.26317337913986,Down,33
2026-01-09 12:00:00,260.46719337079867,261.3,260.46719337079867,260.925,260.4381420449284,261.4917173606009,265.0138161392301,263.26317337913986,Down,40
2026-01-09 12:10:00,260.6960966853993,261.4,260.6960966853993,261.25,260.5119473135712,261.48223824842046,264.9763652323721,263.26317337913986,Down,19
2026-01-09 12:20:00,260.97304834269966,261.2,260.6,260.9,260.54722483051927,261.4594053759334,264.9358043842888,263.26317337913986,Down,4
2026-01-09 12:30:00,260.9365241713498,260.9365241713498,260.2,260.65,260.5565680277448,261.4276639886419,264.8931595645447,263.26317337913986,Down,13
2026-01-09 12:40:00,260.7932620856749,260.9,260.0,260.575,260.5582436615862,261.39422618516573,264.8501928027085,263.26317337913986,Down,15
2026-01-09 12:50:00,260.6841310428374,260.8,260.5,260.65,260.5665851468965,261.365040844571,264.8083998394975,263.26317337913986,Down,2
2026-01-09 13:00:00,260.6670655214187,261.1,260.6670655214187,260.9,260.5968955880877,261.3468039487055,264.76951028885577,263.26317337913986,Down,8
2026-01-09 13:10:00,260.78353276070936,260.9,260.3,260.6,260.59717780735247,261.3175175193445,264.72802262429,263.26317337913986,Down,3
2026-01-09 13:20:00,260.6917663803547,260.7,260.3,260.5,260.5883434612295,261.285458008782,264.68595274743143,263.26317337913986,Down,1
2026-01-09 13:30:00,260.59588319017735,260.7,260.3,260.57500000000005,260.58713041929957,261.2575969103984,264.6450477449695,263.26317337913986,Down,10
2026-01-09 13:40:00,260.5854415950887,260.6,259.7,260.25,260.55648219936324,261.21808330606905,264.6013159266116,263.0854852931675,Down,18
2026-01-09 13:50:00,260.41772079754435,260.41772079754435,259.8,259.95,260.50134745396656,261.1683545489683,264.55503417609805,263.00210913712243,Down,13
2026-01-09 14:00:00,260.18386039877214,260.18386039877214,259.6,259.875,260.44440677633327,261.11763476273427,264.5084666718583,262.7344691974398,Down,14
2026-01-09 14:10:00,260.02943019938607,260.02943019938607,259.0,259.65,260.37218797848476,261.06008045831334,264.4601237198995,262.4731797158823,Down,19
2026-01-09 14:20:00,259.839715099693,260.1,259.4,259.65,260.30653452589524,261.0047831854383,264.4122617923383,262.4731797158823,Down,12
2026-01-09 14:30:00,259.74485754984653,260.5,259.5,260.0,260.27866775081384,260.96537992326427,264.368358689927,262.4731797158823,Down,14
2026-01-09 14:40:00,259.87242877492326,261.0,259.87242877492326,260.7,260.316970682558,260.95497286745,264.3318576084352,262.4731797158823,Down,46
2026-01-09 14:50:00,260.28621438746165,261.0,258.0,259.8,260.26997334777997,260.90967981382454,264.2867644979035,262.4731797158823,Down,191
2026-01-09 15:00:00,260.04310719373086,260.4,258.2,259.35,260.1863394070727,260.8485158995569,264.2376424630985,262.4731797158823,Down,80
2026-01-09 15:10:00,259.69655359686544,259.9,259.2,259.65000000000003,260.137581279157,260.8015152760449,264.1919942793861,262.4731797158823,Down,37
2026-01-09 15:20:00,259.6732767984328,260.0,258.5,259.525,260.0818920719609,260.7514558534549,264.1455565253624,262.4731797158823,Down,45
2026-01-09 15:30:00,259.5991383992164,259.9,259.2,259.65,260.0426291563281,260.7082615062606,264.1008246196374,262.4731797158823,Down,23
2026-01-09 15:40:00,259.6245691996082,260.0,256.5,258.3,259.8842083239346,260.61381987856413,264.04310497168086,262.4731797158823,Down,134
2026-01-09 15:50:00,258.9622845998041,258.9622845998041,256.0,257.0,259.6220075672133,260.4721014519538,263.9730243251965,262.4731797158823,Down,195
2026-01-09 16:00:00,257.98114229990205,257.98114229990205,256.8,257.1,259.39273415201205,260.3398621793282,263.9046360234533,262.4731797158823,Down,44
2026-01-09 16:10:00,257.540571149951,257.540571149951,256.5,256.8,259.1570310472837,260.20104405464866,263.8339431276975,262.4731797158823,Down,65
2026-01-09 16:20:00,257.17028557497554,257.17028557497554,256.0,256.375,258.90411913389426,260.0510031113291,263.7597247881185,262.0442878613095,Down,38
2026-01-09 16:30:00,256.77264278748777,256.77264278748777,256.0,256.25,258.6628355762675,259.9019441657868,263.685001158386,261.63014156539555,Down,25
2026-01-09 16:40:00,256.51132139374386,256.51132139374386,255.8,256.05,258.4253050693341,259.7508875318344,263.60903099760606,261.18143226882574,Down,40
2026-01-09 16:50:00,256.2806606968719,256.9,255.8,256.25,258.227550063031,259.6135978247036,263.53580680857516,261.18143226882574,Down,75
2026-01-09 17:00:00,256.26533034843595,256.8,255.9,256.25,258.0477727845736,259.48169202765644,263.4633112184401,261.18143226882574,Down,17
2026-01-09 17:10:00,256.257665174218,256.257665174218,255.7,255.85,257.8479752587033,259.3392727324542,263.3875568779581,260.5856556647013,Down,34
2026-01-09 17:20:00,256.053832587109,256.3,255.7,255.925,257.67315932609387,259.2053796841227,263.313302580665,260.4062027978112,Down,71
2026-01-09 17:30:00,255.9894162935545,256.7,255.3,255.925,257.51423575099443,259.0767373435689,263.2397871321011,260.4062027978112,Down,44
2026-01-09 17:40:00,255.95720814677725,255.95720814677725,252.7,254.325,257.2243052281767,258.89039470264464,263.151082782528,259.61734323239125,Down,221
2026-01-09 17:50:00,255.14110407338865,255.14110407338865,252.0,252.975,256.8380047528879,258.65841843979587,263.04982822747803,259.5207163897471,Down,109
2026-01-09 18:00:00,254.0580520366943,254.0580520366943,249.3,251.55,256.3572770480799,258.3796569323529,262.93540207596084,258.8184670799203,Down,417
2026-01-09 18:10:00,252.8040260183472,252.8040260183472,249.3,250.37500000000003,255.8134336800726,258.06574881735867,262.81042295082693,258.8166052536391,Down,240
2026-01-09 18:20:00,251.5895130091736,252.2,249.7,251.275,255.40084880006597,257.7994449421681,262.695642622958,258.8166052536391,Down,191
2026-01-09 18:30:00,251.4322565045868,252.9,250.4,252.0,255.0916807273327,257.57201572874976,262.589218318252,258.8166052536391,Down,177
2026-01-09 18:40:00,251.7161282522934,254.7,251.7161282522934,253.25,254.9242552066661,257.4025249158576,262.4962907727967,258.8166052536391,Down,93
2026-01-09 18:50:00,252.4830641261467,253.5,250.0,251.75,254.6356865515146,257.1808572720985,262.38936250640074,258.8166052536391,Down,89
2026-01-09 19:00:00,252.1165320630733,252.1165320630733,248.8,250.02500000000003,254.2165332286496,256.9002354182907,262.26633402375,258.8166052536391,Down,160
2026-01-09 19:10:00,251.0707660315367,251.7,250.2,250.625,253.89003020786328,256.65414775482833,262.1504998543595,258.8166052536391,Down,69
2026-01-09 19:20:00,250.8478830157684,251.2,249.8,250.65000000000003,253.59548200714843,256.4186909801292,262.03606701998774,258.8166052536391,Down,73
2026-01-09 19:30:00,250.74894150788413,251.2,250.1,250.675,253.3299836428622,256.1934481965947,261.92302157700277,258.8166052536391,Down,53
2026-01-09 19:40:00,250.7119707539421,252.3,250.2,251.075,253.12498512987472,255.99272473790472,261.81508106379874,258.8166052536391,Down,71
2026-01-09 19:50:00,250.89348537697103,252.1,250.89348537697103,251.55,252.98180466352247,255.81850023837907,261.7129409537112,258.8166052536391,Down,22
2026-01-09 20:00:00,251.2217426884856,252.0,250.6,251.35,252.8334587850204,255.64326493491322,261.6098271133758,258.8166052536391,Down,24
2026-01-09 20:10:00,251.2858713442428,252.0,251.1,251.575,252.71905344092764,255.48372513354408,261.5099780873721,258.8166052536391,Down,29
2026-01-09 20:20:00,251.43043567212132,253.1,251.43043567212132,252.175,252.66959403720693,255.35397120673844,261.41709273326893,258.8166052536391,Down,70
2026-01-09 20:30:00,251.8027178360607,252.1,251.1,251.6,252.57235821564265,255.20675664961146,261.3194102185101,258.72090449763226,Down,57
2026-01-09 20:40:00,251.7013589180304,251.7013589180304,249.5,250.475,252.38168928694787,255.02119756531297,261.21150563922146,257.8747231543283,Down,69
2026-01-09 20:50:00,251.0881794590152,251.0881794590152,250.0,250.225,252.18562662449807,254.8331113862811,261.10218717514965,257.5525583467069,Down,25
2026-01-09 21:00:00,250.6565897295076,250.6565897295076,250.0,250.275,252.01193329499824,254.65436192015244,260.9944539694268,256.9383898729377,Down,57
2026-01-09 21:10:00,250.46579486475372,250.6,249.6,250.075,251.83584844999842,254.47477909975433,260.88580268614896,256.4728136438036,Down,60
2026-01-09 21:20:00,250.27039743237688,250.27039743237688,249.7,249.8,251.65077131818038,254.29145442917576,260.77549619175943,255.98608291323785,Down,30
2026-01-09 21:30:00,250.0351987161885,251.3,249.1,250.2,251.5188830165276,254.13100523587477,260.670267373931,255.98608291323785,Down,106
2026-01-09 21:40:00,250.11759935809425,251.8,250.11759935809425,251.125,251.48307546957057,254.01312267760517,260.5752895891158,255.98608291323785,Down,47
2026-01-09 21:50:00,250.62129967904715,253.2,250.62129967904715,252.175,251.5459776996096,253.94103943534614,260.4917046180799,255.98608291323785,Down,75
2026-01-09 22:00:00,251.3981498395236,252.6,251.3981498395236,252.125,251.59861609055417,253.86982220258747,260.4084538258602,255.98608291323785,Down,8
2026-01-09 22:10:00,251.76157491976176,252.4,251.1,251.6,251.5987419005038,253.7808095671919,260.32080751913526,255.98608291323785,Down,29
2026-01-09 22:20:00,251.6807874598809,251.7,250.9,251.325,251.57385627318527,253.68450330965496,260.2312969965568,255.98608291323785,Down,17
2026-01-09 22:30:00,251.50289372994044,251.50289372994044,250.7,251.1,251.53077843016843,253.5831502386881,260.1404383199742,255.98608291323785,Down,14
2026-01-09 22:40:00,251.30144686497025,251.30144686497025,250.5,250.9,251.47343493651675,253.47792866070034,260.0484936600739,255.98608291323785,Down,12
2026-01-09 22:50:00,251.1007234324851,251.3,250.6,250.925,251.42357721501523,253.37781381126112,259.9577126286304,255.98608291323785,Down,10
2026-01-09 23:00:00,251.01286171624253,251.01286171624253,250.0,250.375,251.3282520136502,253.26005640689795,259.8623622542162,255.72474920898708,Down,32
2026-01-09 23:10:00,250.6939308581213,250.6939308581213,249.6,250.175,251.22341092150018,253.13907380270587,259.7659705899951,255.28868424189184,Down,43
2026-01-09 23:20:00,250.43446542906065,250.43446542906065,249.8,250.075,251.1190099286365,253.01891404573703,259.6695430219355,255.0222372458535,Down,21
2026-01-09 23:30:00,250.25473271453032,250.3,249.7,250.0,251.0172817533059,252.90052525962972,259.5733286635083,254.67727684665743,Down,22
2026-01-09 23:40:00,250.1273663572652,250.2,248.2,249.225,250.85434704845989,252.75638701415406,259.47036021909526,254.17934258787037,Down,124
2026-01-09 23:50:00,249.67618317863256,249.7,248.0,248.65,250.65395186223626,252.59535222928528,259.3626949432834,253.99485689806397,Down,120
2026-01-10 00:00:00,249.16309158931628,249.16309158931628,248.0,248.3,250.43995623839658,252.42690704382312,259.2526183766836,253.68163082537677,Down,50
2026-01-12 09:00:00,248.73154579465813,252.9,248.73154579465813,251.4,250.52723294399686,252.38663617935947,259.17448287044795,253.68163082537677,Down,40
2026-01-12 09:10:00,250.06577289732903,252.0,250.0,251.45,250.61112085817894,252.34990534879637,259.09762234437386,253.68163082537677,Down,208
2026-01-12 09:20:00,250.7578864486645,251.9,250.7578864486645,251.65,250.7055644165263,252.32245808021614,259.023516649405,253.68163082537677,Down,73
2026-01-12 09:30:00,251.20394322433225,251.7,250.6,251.175,250.74824037866028,252.27745972412924,258.9454219563761,253.68163082537677,Down,50
2026-01-12 09:40:00,251.18947161216613,251.5,250.8,251.05,250.77567307150935,252.2293240486732,258.86686054387485,253.68163082537677,Down,60
2026-01-12 09:50:00,251.11973580608304,251.3,250.5,250.9,250.78697551955395,252.17719369382328,258.78758829965716,253.68163082537677,Down,64
2026-01-12 10:00:00,251.0098679030416,251.0098679030416,250.5,250.75,250.7836141086854,252.12122531367336,258.7076122966755,253.68163082537677,Down,31
2026-01-12 10:10:00,250.8799339515208,251.6,250.6,251.075,250.81010373516852,252.0801968699999,258.6316659056638,253.68163082537677,Down,21
2026-01-12 10:20:00,250.9774669757604,251.5,250.9774669757604,251.325,250.85691248651682,252.0505813064705,258.55896276232386,253.68163082537677,Down,12
2026-01-12 10:30:00,251.15123348788012,251.4,251.1,251.27500000000003,250.894920442288,252.02016635327556,258.4864855209077,253.68163082537677,Down,8
2026-01-12 10:40:00,251.2131167439401,251.4,250.8,251.075,250.91129131117088,251.98310100608828,258.41273939632157,253.68163082537677,Down,18
2026-01-12 10:50:00,251.1440583719701,251.1440583719701,250.6,250.8,250.90117391924628,251.93670488820248,258.3369907456119,253.68163082537677,Down,14
2026-01-12 11:00:00,250.97202918598504,251.5,250.6,250.9,250.90106719931478,251.8960497945475,258.2629908376954,253.68163082537677,Down,34
2026-01-12 11:10:00,250.9360145929925,251.1,250.5,250.825,250.89415199937707,251.85404784182018,258.18898097861387,253.68163082537677,Down,12
2026-01-12 11:20:00,250.88050729649623,251.1,249.5,250.45,250.85377454488824,251.79898714214096,258.111976192757,253.68163082537677,Down,73
2026-01-12 11:30:00,250.66525364824813,251.2,250.0,250.45,250.81706776808022,251.74608568558642,258.0357376236749,253.68163082537677,Down,37
2026-01-12 11:40:00,250.55762682412407,250.8,250.0,250.475,250.78597069825474,251.69623918811243,257.96050640353883,253.68163082537677,Down,25
2026-01-12 11:50:00,250.51631341206203,251.1,250.4,250.775,250.78497336204978,251.66011216112764,257.8890088273842,253.68163082537677,Down,76
2026-01-12 12:00:00,250.64565670603105,251.1,250.5,250.925,250.7977030564089,251.6312842332403,257.81971520721123,253.68163082537677,Down,39
2026-01-12 12:10:00,250.7853283530156,251.1,250.7853283530156,251.0,250.81609368764444,251.6065279887995,257.75185734445296,253.68163082537677,Down,10
2026-01-12 12:20:00,250.89266417650776,251.1,250.89266417650776,251.05,250.83735789785857,251.58470336178777,257.685172196747,253.68163082537677,Down,4
2026-01-12 12:30:00,250.9713320882539,251.1,250.4,250.875,250.84077990714414,251.55687185740396,257.6174092893167,253.68163082537677,Down,9
2026-01-12 12:40:00,250.92316604412696,251.4,250.6,250.975,250.8529817337674,251.53405335319206,257.55131566454736,253.68163082537677,Down,38
2026-01-12 12:50:00,250.94908302206343,251.4,250.9,251.175,250.88225612160673,251.51997282953747,257.4878697375369,253.68163082537677,Down,11
2026-01-12 13:00:00,251.0620415110317,252.0,251.0620415110317,251.55,250.94296011055158,251.52115036563404,257.4287864565664,253.68163082537677,Down,38
2026-01-12 13:10:00,251.30602075551587,252.6,251.30602075551587,252.2,251.05723646413782,251.5477719199229,257.3767587306304,253.68163082537677,Down,67
2026-01-12 13:20:00,251.753010377758,252.9,251.753010377758,252.725,251.20885133103437,251.59393772698473,257.33047257410675,253.68163082537677,Down,18
2026-01-12 13:30:00,252.239005188879,252.9,252.239005188879,252.6,251.33531939184942,251.63339114945592,257.28340319525995,253.68163082537677,Down,12
2026-01-12 13:40:00,252.4195025944395,252.4195025944395,251.9,252.1,251.4048358107722,251.65168953575176,257.2318270440633,253.68163082537677,Down,26
2026-01-12 13:50:00,252.2597512972197,252.3,251.8,251.975,251.45666891888382,251.664368377487,257.1795203073065,253.68163082537677,Down,12
2026-01-12 14:00:00,252.11737564860988,252.3,251.9,252.05,251.51060810807618,251.679491186213,257.12848030424874,253.68163082537677,Down,17
2026-01-12 14:10:00,252.0836878243049,252.1,251.5,251.9,251.54600737097834,251.68813859067524,257.0764556246045,253.68163082537677,Down,16
2026-01-12 14:20:00,251.9918439121525,252.1,251.9,252.0,251.58727942816213,251.70036844986444,257.02594362833975,253.68163082537677,Down,4
2026-01-12 14:30:00,251.99592195607624,252.9,251.99592195607624,252.475,251.6679812983292,251.7307461577129,256.98066060716224,253.68163082537677,Down,21
2026-01-12 14:40:00,252.23546097803813,252.8,252.23546097803813,252.65,251.75725572575382,251.76679532799866,256.93756945684225,253.68163082537677,Down,5
2026-01-12 14:50:00,252.44273048901908,252.44273048901908,251.0,251.7,251.7520506597762,251.76417590337127,256.8854543378687,253.68163082537677,Down,33
2026-01-12 15:00:00,252.0713652445096,252.0713652445096,250.6,250.8,251.66550059979653,251.72636508363124,256.8249025534123,253.68163082537677,Down,16
2026-01-12 15:10:00,251.4356826222548,251.4356826222548,250.6,250.95,251.6004550907241,251.69591939407707,256.7664458115873,253.68163082537677,Down,28
2026-01-12 15:20:00,251.19284131112732,251.6,250.8,251.3,251.57314099156736,251.68039314332896,256.7120533159496,253.68163082537677,Down,10
2026-01-12 15:30:00,251.2464206555637,251.5,251.2,251.35,251.5528554468794,251.6674365494729,256.65869955161185,253.68163082537677,Down,7
2026-01-12 15:40:00,251.29821032778187,251.9,251.2,251.45,251.54350495170854,251.65890962596416,256.6068716953769,253.68163082537677,Down,23
2026-01-12 15:50:00,251.37410516389093,252.0,251.37410516389093,251.725,251.5600045015532,251.66150140533813,256.558295857612,253.68163082537677,Down,19
2026-01-12 16:00:00,251.54955258194548,252.0,251.4,251.8,251.58182227413928,251.66693272277587,256.51094963017306,253.68163082537677,Down,17
2026-01-12 16:10:00,251.6747762909728,252.6,251.6747762909728,252.125,251.63120206739933,251.6848961454121,256.4673083403206,253.68163082537677,Down,12
2026-01-12 16:20:00,251.8998881454864,252.3,251.8,252.12500000000003,251.67609278854485,251.70215512010182,256.4241012921582,253.68163082537677,Down,5
2026-01-12 16:30:00,252.0124440727432,252.3,251.9,252.15,251.7191752623135,251.71971766441155,256.38157292109196,253.68163082537677,Down,8
2026-01-12 16:40:00,252.0812220363716,252.3,251.6,251.95,251.74015932937593,251.72874834423854,256.33747766814577,253.68163082537677,Down,13
2026-01-12 16:50:00,252.0156110181858,252.3,251.6,251.85,251.75014484488722,251.73350331113116,256.29282614905975,253.68163082537677,Down,9
2026-01-12 17:00:00,251.9328055090929,252.3,251.8,251.95,251.768313495352,251.74199337736133,256.2496139485716,253.68163082537677,Down,34
2026-01-12 17:10:00,251.9414027545465,251.9414027545465,251.2,251.50000000000003,251.7439213594109,251.73250344099424,256.2023541082873,253.68163082537677,Down,17
2026-01-12 17:20:00,251.7207013772733,252.5,251.0,251.8,251.74901941764628,251.73515036487683,256.1585495897969,253.68163082537677,Down,40
2026-01-12 17:30:00,251.76035068863663,252.3,251.5,251.975,251.76956310695115,251.74455623292087,256.11692223069446,253.68163082537677,Down,23
2026-01-12 17:40:00,251.86767534431831,252.4,251.86767534431831,252.175,251.80642100631923,251.76143638064946,256.0776991239214,253.68163082537677,Down,8
2026-01-12 17:50:00,252.02133767215915,252.4,251.7,252.05,251.8285645511993,251.77275260101615,256.03762251572317,253.68163082537677,Down,19
2026-01-12 18:00:00,252.0356688360796,252.2,251.1,251.525,251.80096777381755,251.76303681274103,255.99272079914883,253.68163082537677,Down,25
2026-01-12 18:10:00,251.78033441803976,251.78033441803976,249.5,250.325,251.66678888528867,251.7066432122414,255.93632556731652,253.68163082537677,Down,101
2026-01-12 18:20:00,251.0526672090199,251.0526672090199,249.4,250.1,251.52435353208062,251.64363759607508,255.87825267609944,253.68163082537677,Down,79
2026-01-12 18:30:00,250.57633360450995,250.9,250.2,250.65,251.44486684734602,251.60467141583686,255.8262302614119,253.68163082537677,Down,39
2026-01-12 18:40:00,250.61316680225497,251.6,248.8,250.0,251.31351531576908,251.54174312501974,255.76825782099985,253.68163082537677,Down,60
2026-01-12 18:50:00,250.30658340112748,250.30658340112748,248.2,248.75000000000003,251.08046846888098,251.43226300246994,255.69842440984564,253.68163082537677,Down,104
2026-01-12 19:00:00,249.52829170056376,250.3,248.0,249.225,250.91178951716452,251.34570366903975,255.63401222666312,253.68163082537677,Down,82
2026-01-12 19:10:00,249.37664585028188,250.8,249.37664585028188,250.025,250.83117228833137,251.2939113682931,255.57820115973115,253.68163082537677,Down,52
2026-01-12 19:20:00,249.70082292514093,250.0,249.0,249.7,250.7283384439376,251.23140504012474,255.51971159595274,253.68163082537677,Down,18
2026-01-12 19:30:00,249.7004114625705,250.3,249.0,249.9,250.65303494903415,251.17919307776694,255.4637940676348,253.68163082537677,Down,21
2026-01-12 19:40:00,249.8002057312852,250.9,249.8002057312852,250.3,250.62094086275832,251.14471491785451,255.412413032136,253.68163082537677,Down,47
2026-01-12 19:50:00,250.0501028656426,250.3,249.3,249.775,250.54403714796211,251.09100060735042,255.3563193701247,253.68163082537677,Down,33
2026-01-12 20:00:00,249.9125514328213,249.9125514328213,249.0,249.275,250.428670134511,251.01978489725826,255.29580872962597,253.68163082537677,Down,27
2026-01-12 20:10:00,249.59377571641068,250.6,248.9,249.775,250.3692455768282,250.97096980324812,255.24087530943072,253.68163082537677,Down,58
2026-01-12 20:20:00,249.68438785820533,251.5,249.68438785820533,250.7,250.3993141607529,250.9603435364541,255.19569247053093,253.68163082537677,Down,61
2026-01-12 20:30:00,250.1921939291027,251.1,250.1921939291027,250.7,250.42664923704808,250.95013398600494,255.1509592121177,253.68163082537677,Down,21
2026-01-12 20:40:00,250.44609696455137,251.4,250.44609696455137,251.025,250.48104476095278,250.95306990812242,255.10990489159914,253.68163082537677,Down,20
2026-01-12 20:50:00,250.7355484822757,251.5,250.6,250.95,250.5236770554116,250.9529495195686,255.06851280312551,253.68163082537677,Down,25
2026-01-12 21:00:00,250.84277424113787,251.2,250.6,250.9,250.55788823219237,250.95087306782082,255.02703506379095,253.68163082537677,Down,23
2026-01-12 21:10:00,250.87138712056893,251.3,250.7,250.975,250.59580748381123,250.95181922202394,254.98671630693732,253.68163082537677,Down,30
2026-01-12 21:20:00,250.9231935602845,251.7,250.7,251.1,250.6416431671011,250.95763023292497,254.94804251283847,253.68163082537677,Down,47
2026-01-12 21:30:00,251.0115967801422,252.3,250.4,251.175,250.6901301519101,250.96615453751616,254.91049980126795,253.68163082537677,Down,68
2026-01-12 21:40:00,251.0932983900711,251.1,249.9,250.65,250.68648195628188,250.95375632035868,254.86810676841952,253.68163082537677,Down,23
2026-01-12 21:50:00,250.8716491950356,251.3,250.8,251.05,250.71952905116532,250.9575305823054,254.83011565629596,253.68163082537677,Down,23
2026-01-12 22:00:00,250.96082459751776,252.2,250.5,251.475,250.7882082283321,250.97782350064637,254.79673142090994,253.68163082537677,Down,48
2026-01-12 22:10:00,251.2179122987589,253.9,251.2179122987589,252.975,250.9870074803019,251.05614414767984,254.77860474010487,253.68163082537677,Down,91
2026-01-12 22:20:00,252.09645614937943,254.0,252.09645614937943,253.55,251.22000680027446,251.15394241639828,254.76637981731776,253.68163082537677,Down,76
2026-01-12 22:30:00,252.82322807468967,253.8,252.82322807468967,253.50000000000003,251.42727890934043,251.24594467457874,254.75377902311558,253.68163082537677,Down,17
2026-01-12 22:40:00,253.1616140373449,253.7,253.1,253.4,251.60661719030946,251.3304174324384,254.74030858507464,253.68163082537677,Down,19
2026-01-12 22:50:00,253.2808070186724,253.4,252.6,252.95,251.72874290028133,251.39393047430354,254.72249456930277,253.68163082537677,Down,91
2026-01-12 23:00:00,253.1154035093362,253.7,252.7,253.025,251.8465844548012,251.45789398511516,254.70560407607587,253.68163082537677,Down,24
2026-01-12 23:10:00,253.0702017546681,254.0,252.7,253.35,251.9832585952738,251.532094220993,254.69211547830398,253.68163082537677,Down,50
2026-01-12 23:20:00,253.21010087733404,255.5,253.21010087733404,254.575,252.2188714502489,251.65142385938543,254.69095015016165,249.09348563337684,Up,104
2026-01-12 23:30:00,253.89255043866703,255.1,253.89255043866703,254.55,252.430792227499,251.76509351195855,254.68954766110534,249.27396191949407,Up,40
2026-01-12 23:40:00,254.2212752193335,255.3,254.2212752193335,254.8,252.6461747522718,251.88410945266608,254.69064668935306,249.62081650775218,Up,40
2026-01-12 23:50:00,254.5106376096668,256.5,254.5106376096668,255.8,252.9328861384289,252.03767378785565,254.70168503075254,250.10934966115352,Up,67
2026-01-13 00:00:00,255.15531880483337,256.6,255.15531880483337,256.35,253.2435328531172,252.20678461970448,254.7180861747252,250.44689429173803,Up,16
2026-01-13 09:00:00,255.7526594024167,257.0,255.7526594024167,256.57500000000005,253.5463935028338,252.37808718363763,254.73656292920555,250.9856921105611,Up,19
2026-01-13 09:10:00,256.1638297012084,258.0,256.1638297012084,257.225,253.88081227530344,252.568162196044,254.76132349707416,251.51363693227339,Up,186
2026-01-13 09:20:00,256.6944148506042,257.7,256.6944148506042,257.475,254.2075566139122,252.76058720796385,254.7883252533222,251.7694692634028,Up,35
2026-01-13 09:30:00,257.0847074253021,257.4,257.0,257.225,254.4818696490111,252.93566221941626,254.81257077318966,252.09296530736432,Up,28
2026-01-13 09:40:00,257.15485371265106,257.4,257.0,257.15,254.72442695364643,253.10093036767447,254.8358287754465,252.41178664305846,Up,46
2026-01-13 09:50:00,257.1524268563255,257.1524268563255,256.7,256.925,254.92447904876946,253.2508938826676,254.85661654882514,252.41178664305846,Up,22
2026-01-13 10:00:00,257.03871342816274,257.03871342816274,256.5,256.725,255.08816277160858,253.38713333824927,254.87520742893633,252.4666972034505,Up,47
2026-01-13 10:10:00,256.8818567140814,257.2,256.6,256.925,255.25514797418964,253.52587320733753,254.8956033749171,252.77030953579012,Up,31
2026-01-13 10:20:00,256.9034283570407,257.6,256.9034283570407,257.375,255.44786179471785,253.6768193560694,254.920273988102,253.24415134088986,Up,30
2026-01-13 10:30:00,257.1392141785203,257.6,257.0,257.3,255.61623799519805,253.81890487151765,254.94395285389203,253.43857923851772,Up,18
2026-01-13 10:40:00,257.2196070892602,257.9,257.0,257.45,255.78294363199822,253.96130075890912,254.9688886463906,253.6123447622888,Up,5
2026-01-13 10:50:00,257.33480354463006,257.9,257.1,257.525,255.94131239272565,254.10105367032446,254.99432259020764,253.72031342026258,Up,18
2026-01-13 11:00:00,257.429901772315,257.6,257.2,257.35,256.0693749024779,254.22846333031174,255.0177621664245,253.81846674569323,Up,6
2026-01-13 11:10:00,257.3899508861575,257.5,256.0,256.825,256.13806809316173,254.33028829775049,255.03574463243024,253.81846674569323,Up,38
2026-01-13 11:20:00,257.1074754430788,257.1074754430788,256.2,256.65,256.18460735741974,254.4212573841132,255.05180687489363,253.81846674569323,Up,21
2026-01-13 11:30:00,256.8787377215394,257.2,256.5,256.925,256.2519157794725,254.51944336904992,255.0704456124569,253.81846674569323,Up,24
2026-01-13 11:40:00,256.9018688607697,258.8,256.9018688607697,257.775,256.3903779813386,254.64711225653815,255.09735660138767,253.81846674569323,Up,49
2026-01-13 11:50:00,257.33843443038484,259.1,257.33843443038484,258.25,256.55943452848965,254.78840197196803,255.12872618744353,253.896468068663,Up,48
2026-01-13 12:00:00,257.7942172151924,259.2,257.6,258.25,256.71312229862696,254.9241509142438,255.15978363831476,253.896468068663,Up,52
2026-01-13 12:10:00,258.02210860759624,259.6,258.02210860759624,258.9,256.91192936238815,255.08006656466563,255.19699972151562,254.13583004000716,Up,31
2026-01-13 12:20:00,258.4610543037981,260.3,258.4610543037981,259.775,257.17220851126194,255.26418160134543,255.2425519630926,254.46161574983387,Up,56
2026-01-13 12:30:00,259.118027151899,260.4,259.118027151899,260.075,257.43609864660175,255.4528411463907,255.29063602316137,254.82110399294442,Up,37
2026-01-13 12:40:00,259.5965135759496,260.3,259.5965135759496,259.95,257.6646351332743,255.62920031712048,255.3369978537767,255.20343483104276,Up,37
2026-01-13 12:50:00,259.7732567879748,259.9,259.3,259.6,257.8405773938857,255.7849179517432,255.3794157855799,255.20343483104276,Up,19
2026-01-13 13:00:00,259.6866283939874,259.7,258.6,259.125,257.95734308535066,255.91590156147876,255.41668528025076,255.20343483104276,Up,15
2026-01-13 13:10:00,259.4058141969937,259.4058141969937,258.2,258.5,258.00667553213697,256.01723875514625,255.447365028706,255.20343483104276,Up,23
2026-01-13 13:20:00,258.95290709849684,259.1,258.1,258.625,258.06288684739724,256.11950390200326,255.47898328712685,255.20343483104276,Up,10
2026-01-13 13:30:00,258.7889535492484,259.8,258.7889535492484,259.55,258.1980789521793,256.25403316074824,255.5194909161107,255.20343483104276,Up,7
2026-01-13 13:40:00,259.1694767746242,259.6,258.6,259.25,258.2937081383448,256.3715220564052,255.55661040948274,255.20343483104276,Up,11
2026-01-13 13:50:00,259.2097383873121,260.2,259.2,259.7,258.42155285304074,256.5020506032128,255.59783816660234,255.2633419400502,Up,44
2026-01-13 14:00:00,259.454869193656,260.2,259.454869193656,260.0,258.56504804821884,256.63922508936133,255.64164077190978,255.52315243093037,Up,16
2026-01-13 14:10:00,259.727434596828,259.9,259.5,259.70000000000005,258.66822549838076,256.7592554780138,255.6820224557714,255.60519803100215,Up,10
2026-01-13 14:20:00,259.71371729841405,260.2,259.2,259.775,258.7688413621643,256.87751996907207,255.72274860049012,255.61381639182014,Up,11
2026-01-13 14:30:00,259.744358649207,260.4,259.7,260.05,258.88531032924027,257.0019309506771,255.76580582834595,256.0807421743819,Up,14
2026-01-13 14:40:00,259.8971793246035,260.0,259.8971793246035,260.0,258.98664575385476,257.1195022859447,255.80793711363603,256.28460230250477,Up,5
2026-01-13 14:50:00,259.94858966230174,260.0,259.94858966230174,260.0,259.0787688671407,257.23246298061355,255.84964918215707,256.62470256308154,Up,8
2026-01-13 15:00:00,259.97429483115087,260.2,259.97429483115087,260.1,259.171608061037,257.34491541274633,255.89194123009582,256.95998892865816,Up,23
2026-01-13 15:10:00,260.0371474155754,260.2,259.8,260.0,259.24691641912455,257.4490363769524,255.93281743676152,257.0116741028025,Up,9
2026-01-13 15:20:00,260.0185737077877,260.0185737077877,259.6,259.75,259.2926512901132,257.53927024452287,255.97079935281369,257.0116741028025,Up,3
2026-01-13 15:30:00,259.88428685389385,259.88428685389385,259.5,259.57500000000005,259.3183193546484,257.61910278395334,256.0066620458205,257.0116741028025,Up,5
2026-01-13 15:40:00,259.7296434269469,259.7296434269469,259.5,259.575,259.34165395877125,257.69580463556304,256.04216789611087,257.03331231101805,Up,18
2026-01-13 15:50:00,259.6523217134735,260.2,259.5,259.85,259.3878672352466,257.78028288514884,256.0800567727665,257.24862781594965,Up,17
2026-01-13 16:00:00,259.7511608567368,260.2,259.7,259.975,259.4412429411332,257.86635022298617,256.11881242676884,257.4032980144996,Up,21
2026-01-13 16:10:00,259.86308042836833,259.9,259.8,259.85,259.4784026737575,257.9441404103201,256.15593867127865,257.47118001318154,Up,6
2026-01-13 16:20:00,259.8565402141842,260.6,259.8565402141842,260.2,259.54400243068864,258.0326054922683,256.19617808748484,257.79297920998437,Up,25
2026-01-13 16:30:00,260.0282701070921,261.3,260.0282701070921,260.75,259.6536385733533,258.1391699827676,256.24148974830587,257.9877870042089,Up,46
2026-01-13 16:40:00,260.38913505354606,262.0,260.38913505354606,261.45,259.8169441575939,258.2690064540316,256.2933157209595,258.17575477411964,Up,38
2026-01-13 16:50:00,260.919567526773,263.5,260.919567526773,262.75,260.08358559781266,258.4447316911284,256.35756133567634,258.5270694525281,Up,89
2026-01-13 17:00:00,261.8347837633865,263.5,261.8347837633865,263.2,260.3668959980115,258.63121280128024,256.4256453024855,258.7139366039625,Up,25
2026-01-13 17:10:00,262.51739188169324,263.8,262.51739188169324,263.225,260.6267236345559,258.8113613188771,256.49330057310755,259.09824273625264,Up,70
2026-01-13 17:20:00,262.87119594084663,264.0,262.87119594084663,263.57500000000005,260.8947487586872,258.99817067892116,256.5637652440219,259.33380267200937,Up,58
2026-01-13 17:30:00,263.22309797042334,264.0,263.22309797042334,263.775,261.1565897806247,259.1854973189635,256.63551882368336,259.60013433953475,Up,40
2026-01-13 17:40:00,263.49904898521163,264.0,263.4,263.79999999999995,261.3968998005679,259.3664582084159,256.70680719359694,259.83507759483916,Up,32
2026-01-13 17:50:00,263.6495244926058,264.8,263.6495244926058,264.02500000000003,261.6358180005163,259.54914612181136,256.77962503246664,260.2928416934679,Up,73
2026-01-13 18:00:00,263.8372622463029,265.2,263.7,264.45,261.8916527277421,259.74133646997564,256.8559471714471,260.3300722246954,Up,100
2026-01-13 18:10:00,264.1436311231514,265.6,264.1436311231514,265.4,262.2105933888564,259.9632448437021,256.94096262247746,260.59683799244476,Up,122
2026-01-13 18:20:00,264.7718155615757,265.6,264.6,265.225,262.4846303535058,260.16958818316476,257.02339085508964,260.85002039169916,Up,67
2026-01-13 18:30:00,264.99840778078783,265.1,264.0,264.55,262.6723912304598,260.34136903872695,257.0982824883723,260.85002039169916,Up,52
2026-01-13 18:40:00,264.7742038903939,265.6,264.1,264.82500000000005,262.86808293678166,260.5171977038749,257.17516524968204,260.85002039169916,Up,43
2026-01-13 18:50:00,264.79960194519697,265.6,264.7,265.125,263.07325721525604,260.6978958331347,257.25426808301853,260.85002039169916,Up,47
2026-01-13 19:00:00,264.9623009725985,265.1,263.0,264.2,263.1756883775055,260.8352332514431,257.32337984338653,260.85002039169916,Up,91
2026-01-13 19:10:00,264.58115048629924,264.58115048629924,261.8,263.0,263.1597167068232,260.9201260651121,257.3798636260394,260.85002039169916,Up,117
2026-01-13 19:20:00,263.79057524314965,265.3,262.4,263.9,263.2270151880211,261.0369838664802,257.4447406048848,260.85002039169916,Up,50
2026-01-13 19:30:00,263.8452876215748,265.2,261.1,263.15,263.2200138072919,261.1198472442653,257.501509355085,260.85002039169916,Up,102
2026-01-13 19:40:00,263.4976438107874,263.4976438107874,260.2,260.77500000000003,262.99773982481076,261.1063238229216,257.53408140130307,266.62084715942393,Down,85
2026-01-13 19:50:00,262.13632190539374,262.13632190539374,259.1,259.70000000000005,262.6979452952825,261.05117386908154,257.55563283014584,266.62084715942393,Down,97
2026-01-13 20:00:00,260.9181609526969,260.9181609526969,258.5,259.25,262.3844957229841,260.9805395997058,257.5724922049703,266.62084715942393,Down,99
2026-01-13 20:10:00,260.08408047634845,260.08408047634845,257.8,258.8,262.0586324754401,260.8950282428546,257.58470621288103,266.62084715942393,Down,70
2026-01-13 20:20:00,259.44204023817423,259.44204023817423,257.7,258.4,261.72602952312735,260.7971839980368,257.59281858887226,266.5946977296224,Down,48
2026-01-13 20:30:00,258.9210201190871,259.6,258.1,258.8,261.46002683920665,260.7188630569373,257.6048303442069,266.5946977296224,Down,56
2026-01-13 20:40:00,258.8605100595436,261.2,258.8605100595436,260.125,261.33866076291514,260.69557430960646,257.62990665918994,266.5946977296224,Down,68
2026-01-13 20:50:00,259.4927550297718,261.1,259.4927550297718,260.5,261.26241887537736,260.68790472883757,257.6584648018846,266.5946977296224,Down,28
2026-01-13 21:00:00,259.9963775148859,260.7,258.8,260.0,261.14765352307035,260.6609280728047,257.68176365957726,266.5946977296224,Down,51
2026-01-13 21:10:00,259.99818875744296,261.5,259.9,260.7,261.10695774824575,260.66246030524377,257.71179586196956,266.5946977296224,Down,50
2026-01-13 21:20:00,260.3490943787215,262.8,260.3490943787215,262.325,261.2176888620416,260.7276579403323,257.7576983907062,266.5946977296224,Down,124
2026-01-13 21:30:00,261.3370471893608,262.9,261.3370471893608,262.45,261.32971714731053,260.7952007662016,257.8043879589579,266.5946977296224,Down,56
2026-01-13 21:40:00,261.89352359468035,263.5,261.7,262.775,261.461106497555,260.8728399518408,257.8538467852369,266.5946977296224,Down,60
2026-01-13 21:50:00,262.33426179734016,263.5,262.33426179734016,262.95,261.59646045232273,260.9542972086313,257.9045547774236,266.5946977296224,Down,53
2026-01-13 22:00:00,262.6421308986701,262.7,260.4,261.475,261.5854185930207,260.9747169259399,257.9400815955587,266.5946977296224,Down,57
2026-01-13 22:10:00,262.058565449335,262.058565449335,260.4,261.15,261.54583508456426,260.9815907719815,257.97202108217004,266.5946977296224,Down,48
2026-01-13 22:20:00,261.6042827246675,263.0,261.6042827246675,262.25,261.60985007687657,261.0313323103352,258.0145880365763,266.5946977296224,Down,41
2026-01-13 22:30:00,261.9271413623337,263.0,261.9271413623337,262.65,261.7044091607969,261.0948094746358,258.06071153869993,266.5946977296224,Down,40
2026-01-13 22:40:00,262.28857068116685,263.5,261.6,262.375,261.76537196436084,261.1450130246501,258.10363978209597,266.5946977296224,Down,39
2026-01-13 22:50:00,262.33178534058345,262.33178534058345,261.2,261.57500000000005,261.7480654221462,261.16187525897755,258.13818067978656,266.5946977296224,Down,36
2026-01-13 23:00:00,261.95339267029175,261.95339267029175,260.7,261.0,261.6800594746784,261.1555272096059,258.166656493918,266.5946977296224,Down,52
2026-01-13 23:10:00,261.4766963351459,261.8,260.3,261.075,261.62505406788944,261.15236927981744,258.1955952352721,266.5946977296224,Down,34
2026-01-13 23:20:00,261.2758481675729,262.4,261.2758481675729,261.725,261.6341400617177,261.17482538649125,258.2307136906425,266.5946977296224,Down,35
2026-01-13 23:30:00,261.50042408378647,261.9,260.1,261.275,261.60149096519785,261.17875380270726,258.2610050967058,266.5946977296224,Down,100
2026-01-13 23:40:00,261.3877120418932,263.0,261.2,262.1,261.64680996836165,261.21488110456187,258.29920405096743,266.5946977296224,Down,69
2026-01-13 23:50:00,261.7438560209466,263.0,261.1,262.05,261.6834636076015,261.2476308651673,258.3365254036941,266.5946977296224,Down,30
2026-01-14 00:00:00,261.8969280104733,263.0,261.1,262.0,261.7122396432741,261.2771355371215,258.3729778872395,266.5946977296224,Down,70
2026-01-14 09:00:00,261.94846400523664,263.1,261.94846400523664,262.55,261.7883996757037,261.32705179056774,258.41454029632166,266.5946977296224,Down,2
2026-01-14 09:10:00,262.2492320026183,263.2,262.2492320026183,263.025,261.90081788700337,261.3936379948592,258.4604155172538,266.5946977296224,Down,48
2026-01-14 09:20:00,262.63711600130915,263.6,262.63711600130915,263.05,262.0052889881849,261.45859336760986,258.5060830245448,266.5946977296224,Down,66
2026-01-14 09:30:00,262.8435580006546,263.3,262.7,262.925,262.08889908016806,261.5160995100565,258.5500523476837,266.5946977296224,Down,25
2026-01-14 09:40:00,262.8842790003273,263.5,262.8,263.15,262.1853628001528,261.58017403907394,258.59582297108983,266.5946977296224,Down,49
2026-01-14 09:50:00,263.01713950016364,263.5,263.01713950016364,263.25,262.2821480001389,261.6456574100907,258.64213319028295,266.5946977296224,Down,35
2026-01-14 10:00:00,263.13356975008185,263.7,263.1,263.4,262.38377090921716,261.7144551587146,258.6894751485886,266.5946977296224,Down,27
2026-01-14 10:10:00,263.2667848750409,264.0,263.2667848750409,263.85,262.5170644629247,261.79820201523563,258.7408236545728,266.5946977296224,Down,47
2026-01-14 10:20:00,263.55839243752047,264.2,263.55839243752047,263.875,262.6405131481133,261.8796450734617,258.7919099863681,266.5946977296224,Down,18
2026-01-14 10:30:00,263.71669621876026,264.2,263.6,263.875,262.75273922555755,261.9578942862671,258.84248799645405,266.5946977296224,Down,10
2026-01-14 10:40:00,263.79584810938013,264.3,263.79584810938013,264.125,262.8774902050523,262.04287882406055,258.89505030494706,266.5946977296224,Down,19
2026-01-14 10:50:00,263.96042405469007,264.2,263.6,263.975,262.97726382277483,262.1186482819405,258.9455970680819,266.5946977296224,Down,36
2026-01-14 11:00:00,263.96771202734504,264.2,263.9,264.075,263.0770580207044,262.19536795715857,258.99663590322535,266.5946977296224,Down,20
2026-01-14 11:10:00,264.0213560136725,264.3,264.0,264.125,263.1723254733676,262.27103980197586,259.04766440170073,266.5946977296224,Down,24
2026-01-14 11:20:00,264.07317800683626,264.07317800683626,263.7,263.85,263.233932248516,262.3329598097415,259.0954488355147,266.5946977296224,Down,5
2026-01-14 11:30:00,263.9615890034181,263.9615890034181,263.7,263.7,263.2763020441055,262.38656922896735,259.14126526501207,266.5946977296224,Down,0
2026-01-14 11:40:00,263.8307945017091,264.4,263.7,264.04999999999995,263.3466382219141,262.45180180822354,259.1901083967035,266.5946977296224,Down,12
2026-01-14 11:50:00,263.9403972508545,265.0,263.1,263.9,263.3969438381037,262.5085938941756,259.2369729897711,266.5946977296224,Down,40
2026-01-14 12:00:00,263.92019862542725,263.92019862542725,261.8,262.625,263.3267671255488,262.51315883950207,259.2706847013157,266.5946977296224,Down,54
2026-01-14 12:10:00,263.2725993127136,263.2725993127136,261.4,261.85,263.19251556868073,262.487152610502,259.29634953015835,266.5946977296224,Down,74
2026-01-14 12:20:00,262.5612996563568,262.5612996563568,261.6,262.0,263.084105062437,262.4680485865607,259.3232515248832,266.33590124589017,Down,27
2026-01-14 12:30:00,262.2806498281784,262.7,262.0,262.275,263.0105500567609,262.4604780537544,259.3526221564764,266.33590124589017,Down,17
2026-01-14 12:40:00,262.2778249140892,262.5,262.1,262.3,262.9459545970554,262.4541847967444,259.381949299198,266.1935962129849,Down,8
2026-01-14 12:50:00,262.2889124570446,262.9,262.2889124570446,262.54999999999995,262.9099587245958,262.4579422556956,259.4134721917433,266.1935962129849,Down,21
2026-01-14 13:00:00,262.4194562285223,262.4194562285223,261.5,261.9,262.8181442950871,262.43606216723697,259.43821376197474,265.7614068168785,Down,19
2026-01-14 13:10:00,262.1597281142612,262.1597281142612,260.6,261.075,262.65967663189736,262.3826871802865,259.45450019220385,265.40310946469594,Down,46
2026-01-14 13:20:00,261.61736405713054,261.61736405713054,260.6,260.875,262.49743330172487,262.3235621928243,259.4686345186496,265.13612841985395,Down,21
2026-01-14 13:30:00,261.2461820285653,261.2461820285653,260.8,260.975,262.3590302742953,262.27067740094884,259.48362322990687,264.8466539258415,Down,12
2026-01-14 13:40:00,261.11059101428265,261.11059101428265,260.0,260.5,262.19002752208667,262.20123907149986,259.49373643159936,264.4351130682976,Down,65
2026-01-14 13:50:00,260.8052955071413,260.8052955071413,260.1,260.3,262.0182068382606,262.1266806765391,259.50175895466805,264.23622572085503,Down,20
2026-01-14 14:00:00,260.5526477535707,260.5526477535707,260.1,260.275,261.8597334893278,262.0540657480474,259.5094528954176,263.93053939379683,Down,33
2026-01-14 14:10:00,260.41382387678533,260.41382387678533,259.0,259.75,261.66793953575257,261.9637102285161,259.5118463989458,263.4975892726887,Down,79
2026-01-14 14:20:00,260.08191193839264,260.5,259.0,259.8,261.4981268506841,261.8788588470057,259.5147135989563,263.4975892726887,Down,43
2026-01-14 14:30:00,259.94095596919635,260.5,259.94095596919635,260.4,261.39829713698555,261.82086438241726,259.5235224188672,263.4975892726887,Down,17
2026-01-14 14:40:00,260.17047798459816,260.6,259.7,260.325,261.30072466998683,261.7622030340872,259.53149732017204,263.4975892726887,Down,24
2026-01-14 14:50:00,260.2477389922991,260.6,260.2477389922991,260.55,261.2324769727153,261.7146656602014,259.5416316751952,263.4975892726887,Down,5
2026-01-14 15:00:00,260.3988694961496,260.6,260.3,260.525,261.16816088428664,261.66801210489933,259.551416434646,263.4975892726887,Down,12
2026-01-14 15:10:00,260.4619347480748,260.8,260.1,260.55,261.1119644402606,261.62416849294254,259.56135258952514,263.4975892726887,Down,15
2026-01-14 15:20:00,260.50596737403737,261.3,260.50596737403737,261.025,261.1040585820551,261.60067168929777,259.57591624535075,263.4975892726887,Down,57
2026-01-14 15:30:00,260.7654836870187,261.5,260.7654836870187,261.35,261.12641689277734,261.59084142697236,259.5935688200239,263.4975892726887,Down,34
2026-01-14 15:40:00,261.05774184350935,262.1,261.05774184350935,261.7,261.17856081161574,261.5951221553264,259.61452833425255,263.4975892726887,Down,30
2026-01-14 15:50:00,261.3788709217547,261.8,261.3788709217547,261.6,261.2168734651052,261.59531344335284,259.63428427122517,263.4975892726887,Down,12
2026-01-14 16:00:00,261.48943546087736,262.3,261.48943546087736,261.9,261.27897587736834,261.6072619357704,259.65682870633736,263.4975892726887,Down,54
2026-01-14 16:10:00,261.6947177304387,263.1,261.6947177304387,262.675,261.4058871612439,261.64913401672055,259.6868602614982,263.4975892726887,Down,109
2026-01-14 16:20:00,262.1848588652193,263.1,262.0,262.525,261.50762469203994,261.68348170233935,259.7151004579012,263.4975892726887,Down,19
2026-01-14 16:30:00,262.35492943260965,262.35492943260965,261.7,261.975,261.55011335639995,261.6949137924437,259.7375870205091,263.4975892726887,Down,21
2026-01-14 16:40:00,262.16496471630484,263.3,261.5,262.475,261.6341939603636,261.7255054084263,259.76482496060356,263.4975892726887,Down,18
2026-01-14 16:50:00,262.3199823581524,263.5,262.3199823581524,263.25,261.7810854185123,261.7852895100566,259.7995033192045,263.4975892726887,Down,8
2026-01-14 17:00:00,262.7849911790762,263.2,262.1,262.65,261.860077653193,261.8191997253485,259.8278664702572,263.4975892726887,Down,23
2026-01-14 17:10:00,262.7174955895381,262.7174955895381,260.1,261.25,261.8046160483573,261.7968781674917,259.84201705264275,263.4975892726887,Down,66
2026-01-14 17:20:00,261.98374779476904,261.98374779476904,260.4,260.79999999999995,261.7132873166884,261.7577849060214,259.8515492212732,263.4975892726887,Down,23
2026-01-14 17:30:00,261.39187389738447,261.39187389738447,260.7,261.05,261.6529884697167,261.7300286351971,259.8634741046437,263.4975892726887,Down,25
2026-01-14 17:40:00,261.22093694869227,261.4,260.8,261.04999999999995,261.5981713361061,261.7033608455815,259.8752803324582,263.4975892726887,Down,22
2026-01-14 17:50:00,261.1354684743461,261.1354684743461,260.0,260.45,261.49379212373276,261.65420943987243,259.88099893611536,263.4975892726887,Down,76
2026-01-14 18:00:00,260.792734237173,260.792734237173,259.9,260.125,261.3693564761207,261.5942404422304,259.8834268073978,263.4975892726887,Down,20
2026-01-14 18:10:00,260.4588671185865,260.4588671185865,257.6,258.875,261.14259679647336,261.4876035621429,259.8733927098118,263.4975892726887,Down,127
2026-01-14 18:20:00,259.6669335592933,259.6669335592933,257.6,258.2,260.875087996794,261.358677932255,259.8567420360824,263.4975892726887,Down,94
2026-01-14 18:30:00,258.93346677964666,258.93346677964666,257.2,258.15,260.62735272435816,261.2328474251077,259.8397595282607,263.47394913906453,Down,107
2026-01-14 18:40:00,258.5417333898233,258.5417333898233,255.4,256.825,260.28168429487107,261.0599906633388,259.80976192101434,263.02896588143034,Down,226
2026-01-14 18:50:00,257.6833666949117,257.6833666949117,254.9,255.6,259.85607663170094,260.8458733824235,259.76787374269577,262.81117958789525,Down,166
2026-01-14 19:00:00,256.64168334745585,256.64168334745585,254.3,255.225,259.43506966518265,260.62544697526965,259.72267101888787,262.24917765502045,Down,101
2026-01-14 19:10:00,255.933341673728,255.933341673728,253.8,254.4,258.97733605925697,260.3813117997689,259.66970911820243,261.8045550648492,Down,120
2026-01-14 19:20:00,255.166670836864,255.166670836864,253.5,253.95,258.5203055084154,260.1291034938956,259.61279658966316,261.24656502091455,Down,132
2026-01-14 19:30:00,254.558335418432,254.9,251.9,253.125,258.0298231894685,259.8544327686448,259.5482413997163,260.77566327498414,Down,284
2026-01-14 19:40:00,253.841667709216,253.841667709216,251.8,252.175,257.4975665358805,259.55327854242347,259.4748758136495,260.26840690794484,Down,156
2026-01-14 19:50:00,253.008333854608,253.008333854608,251.2,251.9,256.9886968508004,259.25314997213235,259.3995039150062,259.53226383201314,Down,126
2026-01-14 20:00:00,252.454166927304,252.454166927304,251.1,251.8,256.51699713709127,258.9608695810683,259.32388696062804,259.0223231687708,Down,103
2026-01-14 20:10:00,252.127083463652,252.3,251.2,251.8,256.0881792155375,258.6800511661245,259.2490224137561,258.73658155010804,Down,65
2026-01-14 20:20:00,251.963541731826,252.8,251.7,252.125,255.72789019594313,258.4229903360804,259.17813661859435,258.73658155010804,Down,59
2026-01-14 20:30:00,252.044270865913,252.4,251.6,251.925,255.38217290540285,258.16816718564587,259.1059661049765,258.42857979347775,Down,73
2026-01-14 20:40:00,251.9846354329565,251.9846354329565,250.4,251.125,254.99515718672987,257.8919645509147,259.0265535069171,257.612712231624,Down,137
2026-01-14 20:50:00,251.55481771647823,251.6,250.6,251.05,254.6365065333908,257.6236522155847,258.94718481530595,257.3003586501325,Down,46
2026-01-14 21:00:00,251.30240885823912,251.4,250.0,250.7,254.2786423030825,257.3521364424245,258.86512327485514,256.84578059102955,Down,143
2026-01-14 21:10:00,251.00120442911955,251.00120442911955,250.0,250.225,253.91012936643864,257.07264089566274,258.77915189898596,256.45174981699375,Down,52
2026-01-14 21:20:00,250.61310221455977,250.61310221455977,248.6,249.525,253.51148124221695,256.7766549781858,258.6870707855632,255.7487224602416,Down,90
2026-01-14 21:30:00,250.0690511072799,250.0690511072799,248.5,249.075,253.10816476565176,256.47462929276674,258.59142829018447,255.43888173170694,Down,53
2026-01-14 21:40:00,249.57202555363995,249.57202555363995,247.3,248.075,252.6506043324107,256.14523206559943,258.4867872126702,254.85707314002266,Down,162
2026-01-14 21:50:00,248.82351277682,248.82351277682,247.9,248.125,252.239185756737,255.83071316106611,258.38368485234514,254.5349068192561,Down,124
2026-01-14 22:00:00,248.47425638841,248.47425638841,246.5,247.375,251.7969870515791,255.4991165665145,258.27414569958546,253.81699454530508,Down,155
2026-01-14 22:10:00,247.92462819420496,247.92462819420496,246.5,246.85,251.34726095598097,255.1599355246904,258.1604726080473,253.4847846687225,Down,126
2026-01-14 22:20:00,247.3873140971025,247.3873140971025,246.5,246.6,250.9156917781645,254.8242517786241,258.04544302985784,252.96856269442492,Down,52
2026-01-14 22:30:00,246.99365704855128,246.99365704855128,244.4,245.85,250.4551743437859,254.47232033632514,257.92409533801845,252.1171634927249,Down,142
2026-01-14 22:40:00,246.4218285242756,246.5,245.3,246.075,250.056976676169,254.14301365646926,257.80619389186904,252.1171634927249,Down,114
2026-01-14 22:50:00,246.2484142621378,247.6,246.2,246.975,249.77679697833543,253.86191508170577,257.6984208183181,252.1171634927249,Down,91
2026-01-14 23:00:00,246.6117071310689,248.6,246.6117071310689,247.975,249.61299725303218,253.63105566673693,257.60167036241444,252.1171634927249,Down,93
2026-01-14 23:10:00,247.2933535655345,249.0,247.0,247.9,249.45727023002925,253.40630838568842,257.5051363289576,252.1171634927249,Down,63
2026-01-14 23:20:00,247.59667678276725,247.59667678276725,246.1,246.875,249.22251839093568,253.1501786450732,257.39936382817194,252.1171634927249,Down,59
2026-01-14 23:30:00,247.2358383913836,247.3,246.3,246.975,249.01819853721423,252.90801477663896,257.2956388149563,252.1171634927249,Down,34
2026-01-14 23:40:00,247.1054191956918,248.0,246.8,247.175,248.8506350338311,252.68319066775118,257.19493594117563,252.1171634927249,Down,58
2026-01-14 23:50:00,247.1402095978459,247.3,245.6,246.575,248.64375912166463,252.44365377881977,257.0892649367858,252.1171634927249,Down,125
2026-01-15 00:00:00,246.85760479892292,246.85760479892292,245.4,246.125,248.4147810196951,252.19586343455234,256.9801677732357,252.1171634927249,Down,62
2026-01-15 17:00:00,246.4913023994615,251.0,245.9,248.925,248.46116456335918,252.06759428025617,256.9000168501189,252.1171634927249,Down,31
2026-01-15 17:10:00,247.7081511997308,251.2,247.7081511997308,250.75,248.6692405121447,252.01592391632457,256.8388226526053,252.1171634927249,Down,115
2026-01-15 17:20:00,249.22907559986533,251.7,249.22907559986533,251.2,248.89930955649518,251.98392689999812,256.7827149645197,252.1171634927249,Down,67
2026-01-15 17:30:00,250.21453779993269,251.5,250.21453779993269,251.25,249.1130086877229,251.95514545293938,256.7276630743255,252.1171634927249,Down,88
2026-01-15 17:40:00,250.7322688999664,251.4,249.7,250.675,249.2550078979299,251.9049436704712,256.6674375710984,252.1171634927249,Down,100
2026-01-15 17:50:00,250.7036344499832,250.7036344499832,250.0,250.225,249.34318899811808,251.83906352653116,256.6033337146696,252.1171634927249,Down,64
2026-01-15 18:00:00,250.4643172249916,252.3,250.0,251.05,249.49835363465277,251.80811985882406,256.5480766627823,252.1171634927249,Down,118
2026-01-15 18:10:00,250.7571586124958,251.9,250.7,251.3,249.66213966786614,251.78819358985055,256.4958569944959,252.1171634927249,Down,71
2026-01-15 18:20:00,251.0285793062479,251.0285793062479,248.3,249.675,249.6633087889692,251.70532325299365,256.4279877706701,252.1171634927249,Down,96
2026-01-15 18:30:00,250.351789653124,250.351789653124,249.0,249.45,249.6439170808811,251.61687920385666,256.3585550565341,252.1171634927249,Down,64
2026-01-15 18:40:00,249.900894826562,250.5,249.4,250.0,249.67628825534644,251.55347217625445,256.2952858519915,252.1171634927249,Down,71
2026-01-15 18:50:00,249.95044741328093,250.5,249.5,250.05,249.71026205031495,251.494512483068,256.2331437042105,252.1171634927249,Down,64
2026-01-15 19:00:00,250.0002237066405,250.0002237066405,247.3,248.575,249.6070564093772,251.38002179745752,256.1569432693427,252.1171634927249,Down,142
2026-01-15 19:10:00,249.28761185332024,249.28761185332024,247.2,247.725,249.4359603721611,251.23668760932193,256.07304333631447,252.1171634927249,Down,113
2026-01-15 19:20:00,248.5063059266601,248.5063059266601,246.6,247.15,249.22814579287373,251.07642535013284,255.98425683545565,252.1171634927249,Down,120
2026-01-15 19:30:00,247.82815296333007,247.82815296333007,245.1,246.6,248.989223448067,250.90087925797076,255.89088114555062,252.1171634927249,Down,152
2026-01-15 19:40:00,247.21407648166505,247.21407648166505,246.3,246.625,248.7742940436973,250.7331977184425,255.79868332320683,252.1171634927249,Down,133
2026-01-15 19:50:00,246.91953824083248,246.91953824083248,244.5,245.875,248.51072185790662,250.54268016085655,255.699940205563,252.1171634927249,Down,209
2026-01-15 20:00:00,246.39726912041624,246.39726912041624,244.7,245.525,248.2392925980969,250.34590838984258,255.59869701943802,252.1171634927249,Down,74
2026-01-15 20:10:00,245.9611345602081,245.9611345602081,244.2,245.0,247.94481145281537,250.13626492357423,255.49323734760284,252.1171634927249,Down,174
2026-01-15 20:20:00,245.48056728010403,245.5,244.8,245.2,247.69528313892306,249.9426859069635,255.3908170754874,252.1171634927249,Down,55
2026-01-15 20:30:00,245.340283640052,247.0,245.0,246.0,247.54116648993005,249.7880707733571,255.29737610956218,252.1171634927249,Down,64
2026-01-15 20:40:00,245.670141820026,248.2,245.670141820026,247.1,247.50106044539095,249.68265623322546,255.21581017812377,252.1171634927249,Down,102
2026-01-15 20:50:00,246.38507091001296,248.3,246.38507091001296,247.40000000000003,247.4918731321736,249.59314030251073,255.13804092262006,252.1171634927249,Down,54
2026-01-15 21:00:00,246.8925354550065,248.6,244.3,246.35,247.38806648379418,249.46595832986327,255.05059772936016,252.1171634927249,Down,170
2026-01-15 21:10:00,246.62126772750324,246.62126772750324,241.6,242.9,246.9800604398129,249.20846976790787,254.9296962594163,252.1171634927249,Down,523
2026-01-15 21:20:00,244.7606338637516,244.7606338637516,241.5,242.675,246.5886913089208,248.95225526720563,254.8077589832032,252.1171634927249,Down,203
2026-01-15 21:30:00,243.7178169318758,244.0,243.4,243.675,246.32381028083708,248.7453040802564,254.69698526197732,252.1171634927249,Down,68
2026-01-15 21:40:00,243.6964084659379,245.4,243.6964084659379,244.3,246.13982752803372,248.5709784300503,254.5935326723059,252.1171634927249,Down,58
2026-01-15 21:50:00,243.99820423296896,245.0,243.8,244.325,245.9748432073034,248.40446947200914,254.4913582178551,252.1171634927249,Down,83
2026-01-15 22:00:00,244.1616021164845,244.5,243.4,244.175,245.81122109754853,248.2386079240872,254.3887078873292,252.1171634927249,Down,60
2026-01-15 22:10:00,244.16830105824224,245.0,244.16830105824224,244.575,245.69883736140775,248.0949370251034,254.2910590526294,252.1171634927249,Down,28
2026-01-15 22:20:00,244.3716505291211,245.4,244.3,244.9,245.62621578309796,247.96964537706015,254.1976156789714,252.1171634927249,Down,50
2026-01-15 22:30:00,244.6358252645605,245.7,244.6358252645605,245.35,245.60110525736178,247.8669141858029,254.1095797020662,252.1171634927249,Down,24
2026-01-15 22:40:00,244.99291263228025,245.5,244.7,245.075,245.55327750669252,247.7574273549871,254.01968338662277,251.98067888541428,Down,29
2026-01-15 22:50:00,245.0339563161401,245.3,244.7,244.975,245.50070682426593,247.6483125567523,253.92968653700464,251.47334444128572,Down,9
2026-01-15 23:00:00,245.00447815807007,245.6,245.0,245.3,245.48246074933266,247.55622186825224,253.84381900927326,251.41213131025975,Down,65
2026-01-15 23:10:00,245.15223907903504,248.0,245.15223907903504,246.65,245.58860068121152,247.52068375577176,253.7722387206238,251.41213131025975,Down,78
2026-01-15 23:20:00,245.9011195395175,249.0,245.9011195395175,248.2,245.82600061928318,247.54732360848658,253.71679355922458,251.41213131025975,Down,96
2026-01-15 23:30:00,247.0505597697588,249.0,247.0505597697588,248.375,246.05772783571197,247.579781506193,253.66364138450595,251.41213131025975,Down,53
2026-01-15 23:40:00,247.71277988487932,249.9,247.71277988487932,249.15,246.33884348701088,247.64135870202858,253.61872952993377,251.41213131025975,Down,44
2026-01-15 23:50:00,248.4313899424397,249.5,247.2,248.675,246.55122135182808,247.68189365489022,253.5695381913275,251.41213131025975,Down,43
2026-01-16 00:00:00,248.55319497121985,249.9,248.0,248.85,246.76020122893462,247.7277017468553,253.5225776123093,251.41213131025975,Down,41
2026-01-16 09:00:00,248.7015974856099,249.9,248.7015974856099,249.5,247.00927384448602,247.7972036391355,253.48255196442562,251.41213131025975,Down,9
2026-01-16 09:10:00,249.10079874280493,250.0,248.7,249.525,247.23797622226002,247.8649603591694,253.44317333791395,251.41213131025975,Down,62
2026-01-16 09:20:00,249.31289937140247,249.8,249.2,249.65,247.45725111114547,247.9349619137118,253.40543031962628,251.41213131025975,Down,40
2026-01-16 09:30:00,249.4814496857012,250.0,249.4814496857012,249.775,247.6679555555868,248.0071202700368,253.3693066348539,251.41213131025975,Down,28
2026-01-16 09:40:00,249.6282248428506,249.8,249.3,249.55,247.8390505050789,248.06762535748635,253.33130358376084,251.41213131025975,Down,25
2026-01-16 09:50:00,249.58911242142528,249.58911242142528,249.1,249.3,247.97186409552626,248.11595377483982,253.29119111029058,251.41213131025975,Down,28
2026-01-16 10:00:00,249.44455621071265,249.9,249.2,249.45,248.10624008684206,248.1682693130814,253.25297030322304,251.41213131025975,Down,26
2026-01-16 10:10:00,249.4472781053563,249.9,249.4472781053563,249.675,248.24885462440187,248.22735679099978,253.2173686086636,251.41213131025975,Down,16
2026-01-16 10:20:00,249.56113905267816,250.0,249.56113905267816,249.825,248.39214056763805,248.2900094658625,253.1836136971346,251.41213131025975,Down,6
2026-01-16 10:30:00,249.69306952633903,249.9,249.6,249.775,248.51785506148914,248.34824438876987,253.1496971429343,251.41213131025975,Down,7
2026-01-16 10:40:00,249.73403476316952,249.9,249.7,249.75,248.6298682377174,248.4032151970534,253.11586931066628,251.41213131025975,Down,4
2026-01-16 10:50:00,249.7420173815848,250.0,249.6,249.825,248.7385165797431,248.45897146383567,253.08312434240096,251.41213131025975,Down,14
2026-01-16 11:00:00,249.7835086907924,250.0,249.5,249.75,248.8304696179483,248.50960003388133,253.04995892605868,251.41213131025975,Down,30
2026-01-16 11:10:00,249.76675434539612,250.7,249.5,250.125,248.94815419813483,248.5729490521605,253.0208548571427,251.41213131025975,Down,74
2026-01-16 11:20:00,249.9458771726981,251.2,249.9458771726981,250.7,249.1074129073953,248.6563628148209,252.99776177398707,251.41213131025975,Down,109
2026-01-16 11:30:00,250.32293858634904,250.7,249.3,250.125,249.1999208249048,248.713956429926,252.96917707971855,251.41213131025975,Down,62
2026-01-16 11:40:00,250.2239692931745,250.2239692931745,249.2,249.6,249.23629165900437,248.74870323659556,252.93565292967162,251.41213131025975,Down,75
2026-01-16 11:50:00,249.91198464658729,250.1,249.6,249.775,249.2852651445494,248.78895016849376,252.90420364678934,251.41213131025975,Down,33
2026-01-16 12:00:00,249.8434923232936,250.0,249.1,249.575,249.31160467686308,248.81977565208223,252.8710772423437,251.41213131025975,Down,71
2026-01-16 12:10:00,249.7092461616468,249.7092461616468,249.2,249.35,249.3150951607846,248.84056876376528,252.83604164789253,251.41213131025975,Down,39
2026-01-16 12:20:00,249.5296230808234,249.9,249.0,249.45,249.3273592370769,248.86446802793134,252.8023496911971,251.41213131025975,Down,26
2026-01-16 12:30:00,249.4898115404117,250.0,249.4898115404117,249.8,249.37032657916083,248.90115555624777,252.77247556491653,251.41213131025975,Down,15
2026-01-16 12:40:00,249.64490577020587,251.0,249.64490577020587,250.25,249.4502968901462,248.95405141678708,252.74737630556416,251.41213131025975,Down,24
2026-01-16 12:50:00,249.94745288510293,250.0,249.5,249.8,249.4820880819511,248.98722587103072,252.71804917814563,251.41213131025975,Down,18
2026-01-16 13:00:00,249.87372644255143,250.5,249.7,250.1,249.53826189268284,249.03086407216676,252.69199893756706,251.41213131025975,Down,14
2026-01-16 13:10:00,249.9868632212757,250.5,249.9868632212757,250.3,249.60751081152983,249.08063410855237,252.6681979531137,251.41213131025975,Down,11
2026-01-16 13:20:00,250.14343161063783,250.6,250.1,250.325,249.67273710139074,249.1294327709621,252.64488255059516,251.41213131025975,Down,11
2026-01-16 13:30:00,250.2342158053189,250.5,250.2,250.35,249.73430645580976,249.177298152493,252.62204789835044,251.41213131025975,Down,9
2026-01-16 13:40:00,250.29210790265947,250.29210790265947,250.2,250.2,249.7766422325543,249.2174041072972,252.5979479192624,251.41213131025975,Down,2
2026-01-16 13:50:00,250.2460539513297,250.3,250.0,250.175,249.81285657504938,249.2549568874032,252.5738389847424,251.41213131025975,Down,8
2026-01-16 14:00:00,250.2105269756649,250.4,250.2,250.3,249.85714234095397,249.29593897025015,252.55121372121263,251.41213131025975,Down,10
2026-01-16 14:10:00,250.2552634878324,250.4,250.0,250.2,249.88831121904906,249.33139234396583,252.52781855980754,251.41213131025975,Down,7
2026-01-16 14:20:00,250.22763174391625,250.5,250.0,250.15,249.9121011082264,249.36349460498678,252.50415867364032,251.41213131025975,Down,8
2026-01-16 14:30:00,250.18881587195813,250.5,250.0,250.25,249.94281918929673,249.39825952243828,252.48172923410164,251.41213131025975,Down,8
2026-01-16 14:40:00,250.21940793597904,250.4,250.0,250.275,249.97301744481518,249.4326415019505,252.4597717292847,251.41213131025975,Down,8
2026-01-16 14:50:00,250.24720396798952,250.4,250.2,250.27500000000003,250.00047040437744,249.46567516854068,252.4380327071028,251.41213131025975,Down,3
2026-01-16 15:00:00,250.2611019839948,250.5,250.2,250.275,250.0254276403431,249.49741339722536,252.41650999359928,251.41213131025975,Down,6
2026-01-16 15:10:00,250.26805099199737,250.4,250.0,250.15,250.0367524003119,249.52300502870673,252.3939576553545,251.41213131025975,Down,16
2026-01-16 15:20:00,250.20902549599867,250.5,250.0,250.25,250.0561385457381,249.55151463542413,252.37262474336094,251.41213131025975,Down,10
2026-01-16 15:30:00,250.2295127479993,250.8,250.2295127479993,250.55,250.10103504158008,249.590670924231,252.35448917377528,251.41213131025975,Down,23
2026-01-16 15:40:00,250.3897563739997,251.0,250.3897563739997,250.725,250.15775912870913,249.63515441739844,252.33827535115066,251.41213131025975,Down,9
2026-01-16 15:50:00,250.5573781869998,251.0,250.4,250.7,250.20705375337192,249.67691306769655,252.32197410387556,251.41213131025975,Down,9
2026-01-16 16:00:00,250.6286890934999,250.6286890934999,250.0,250.275,250.21323068488357,249.70036745719864,252.30160620234446,251.41213131025975,Down,7
2026-01-16 16:10:00,250.45184454674995,250.45184454674995,249.4,249.75,250.1711188044396,249.70231383142612,252.27621708590323,251.41213131025975,Down,17
2026-01-16 16:20:00,250.10092227337492,250.10092227337492,249.1,249.35,250.0964716403996,249.68849760274276,252.2471004979838,251.41213131025975,Down,23
2026-01-16 16:30:00,249.7254611366875,249.8,249.1,249.35,250.02861058218144,249.67522318694893,252.21827362735712,251.41213131025975,Down,18
2026-01-16 16:40:00,249.53773056834376,249.6,249.1,249.425,249.97373689289222,249.66541051295093,252.19047985992074,251.41213131025975,Down,21
2026-01-16 16:50:00,249.4813652841719,251.2,249.4813652841719,250.4,250.01248808444745,249.6942179438156,252.17266413992155,251.41213131025975,Down,28
2026-01-16 17:00:00,249.940682642086,251.4,249.940682642086,251.175,250.11817098586133,249.75228782837186,252.16273713355417,251.41213131025975,Down,50
2026-01-16 17:10:00,250.55784132104296,251.4,250.55784132104296,251.175,250.21424635078301,249.80808046255336,252.15290890336956,251.41213131025975,Down,30
2026-01-16 17:20:00,250.8664206605215,251.8,250.8664206605215,251.45,250.32658759162092,249.8724694640219,252.1459147849281,248.59115715222654,Up,79
2026-01-16 17:30:00,251.1582103302608,252.2,251.1582103302608,251.75,250.45598871965535,249.94609811249163,252.14197533433182,248.59115715222654,Up,80
2026-01-16 17:40:00,251.4541051651304,253.8,251.4541051651304,252.775,250.6668079269594,250.05703544141352,252.14827408722405,248.74555269066576,Up,126
2026-01-16 17:50:00,252.1145525825652,254.7,252.1145525825652,253.925,250.96300720632672,250.208720326064,252.16595295202782,248.93847732867044,Up,211
2026-01-16 18:00:00,253.0197762912826,253.9,252.0,253.025,251.15046109666065,250.31916266621835,252.17450068384846,248.93847732867044,Up,81
2026-01-16 18:10:00,253.0223881456413,253.0223881456413,251.1,251.875,251.2163282696915,250.3801758949941,252.17152057754154,248.93847732867044,Up,58
2026-01-16 18:20:00,252.44869407282064,252.44869407282064,251.2,251.55,251.2466620633559,250.4260513500924,252.16533629318792,248.93847732867044,Up,52
2026-01-16 18:30:00,251.9993470364103,252.7,250.8,251.90000000000003,251.30605642123263,250.4838532579319,252.16269613106667,248.93847732867044,Up,42
2026-01-16 18:40:00,251.9496735182052,253.0,251.9496735182052,252.65,251.42823311021147,250.5688001889934,252.16754492578244,248.93847732867044,Up,53
2026-01-16 18:50:00,252.29983675910256,252.8,250.2,251.575,251.44157555473768,250.60825900511134,252.1616489563717,248.93847732867044,Up,63
2026-01-16 19:00:00,251.93741837955127,251.93741837955127,250.5,251.075,251.40825050430698,250.62656257353834,252.15083652894512,248.93847732867044,Up,29
2026-01-16 19:10:00,251.50620918977563,251.6,249.3,250.6,251.3347731857336,250.62552090398782,252.1354053197019,248.93847732867044,Up,134
2026-01-16 19:20:00,251.05310459488783,251.05310459488783,247.5,248.7,251.0952483506669,250.55001028030202,252.10122218219243,255.01039711227193,Down,249
2026-01-16 19:30:00,249.8765522974439,249.8765522974439,246.6,247.1,250.73204395515174,250.41471575950587,252.05145877739452,255.01039711227193,Down,167
2026-01-16 19:40:00,248.48827614872195,248.48827614872195,246.1,247.175,250.4086763228652,250.2876680826625,252.00293679951,254.8111925600272,Down,175
2026-01-16 19:50:00,247.83163807436097,248.6,247.5,248.075,250.19652392987746,250.20089678530317,251.96385285125618,254.8111925600272,Down,26
2026-01-16 20:00:00,247.95331903718048,248.2,246.6,247.625,249.9627490271613,250.09988122509523,251.92068018606957,254.66533428567453,Down,45
2026-01-16 20:10:00,247.78915951859025,248.7,246.8,247.775,249.7638627519648,250.0087094123464,251.87942963695446,254.66533428567453,Down,51
2026-01-16 20:20:00,247.7820797592952,248.4,247.7820797592952,248.175,249.61942068360437,249.93679923931322,251.84256964056686,254.66533428567453,Down,41
2026-01-16 20:30:00,247.9785398796476,249.2,247.9785398796476,248.65,249.53129153054942,249.88633652404604,251.81080277847167,254.66533428567453,Down,89
2026-01-16 20:40:00,248.31426993982376,249.6,248.0,248.7,249.45571957322676,249.83981352310306,251.77984951699435,254.66533428567453,Down,62
2026-01-16 20:50:00,248.50713496991187,248.50713496991187,247.3,247.75000000000003,249.30065415747887,249.75786005160884,251.73975151185016,254.46251898722858,Down,93
2026-01-16 21:00:00,248.128567484956,248.5,247.6,247.925,249.17559468861714,249.68598318683988,251.7017937853641,254.33995591115695,Down,12
2026-01-16 21:10:00,248.026783742478,248.2,247.6,247.95,249.06417698965194,249.61790541480696,251.6644625039177,253.83632355559718,Down,19
2026-01-16 21:20:00,247.988391871239,249.1,247.988391871239,248.425,249.00606999059266,249.57112481030472,251.63222904616728,253.83632355559718,Down,41
2026-01-16 21:30:00,248.2066959356195,248.7,247.8,248.225,248.9350636278115,249.5183356020575,251.5983262695885,253.83632355559718,Down,6
2026-01-16 21:40:00,248.2158479678097,248.2158479678097,247.2,247.55,248.8091487525559,249.44114597060428,251.5580444161598,253.1838244764647,Down,38
2026-01-16 21:50:00,247.88292398390487,247.88292398390487,246.7,247.175,248.6605897750508,249.35227750116883,251.51443203390946,252.69970752479045,Down,67
2026-01-16 22:00:00,247.52896199195243,247.52896199195243,246.8,247.275,248.534627068228,249.27081563837788,251.472248630587,252.3461449319935,Down,7
2026-01-16 22:10:00,247.4019809959762,247.8,246.7,247.25,248.41784278929816,249.19156796628462,251.43023620640204,252.3461449319935,Down,37
2026-01-16 22:20:00,247.3259904979881,247.4,246.9,247.175,248.30485708118013,249.1124868695676,251.3878955476319,251.97782143472503,Down,22
2026-01-16 22:30:00,247.25049524899404,247.4,246.8,247.15,248.1998700738001,249.03552660017277,251.3457274327301,251.70711039520458,Down,20
2026-01-16 22:40:00,247.20024762449705,247.20024762449705,246.3,246.65,248.05897279436374,248.94197653742089,251.29900377668304,251.2657687622516,Down,44
2026-01-16 22:50:00,246.9251238122485,246.9251238122485,245.7,246.05,247.87633890396702,248.82856569281617,251.24677488338273,250.8631932469447,Down,74
2026-01-16 23:00:00,246.48756190612423,246.48756190612423,245.0,245.75,247.68303536724275,248.70783762643123,251.19208060593613,250.42165013785316,Down,92
2026-01-16 23:10:00,246.11878095306213,247.0,246.0,246.5,247.5754866974934,248.62125575872804,251.14539323672287,250.42165013785316,Down,16
2026-01-16 23:20:00,246.30939047653104,247.3,246.1,246.625,247.4890788159031,248.5429712191701,251.10041419954155,250.42165013785316,Down,29
2026-01-16 23:30:00,246.4671952382656,246.6,246.1,246.35,247.38552619627555,248.45697234783012,251.05314639656103,250.42165013785316,Down,15
2026-01-16 23:40:00,246.4085976191328,247.1,246.2,246.75,247.3277510875232,248.39003225575837,251.01032901948082,250.42165013785316,Down,33
2026-01-16 23:50:00,246.5792988095664,248.0,246.5792988095664,247.40000000000003,247.33431917047565,248.3512074614149,250.9744053476452,250.42165013785316,Down,72
2026-01-17 00:00:00,246.9896494047832,248.3,246.9896494047832,247.7,247.3675628822506,248.32566991390846,250.94182419990744,250.42165013785316,Down,22
2026-01-19 09:00:00,247.3448247023916,262.2,247.3448247023916,258.25,248.35687534750053,248.71485932904932,251.01454236707255,245.20610772598354,Up,6094
2026-01-19 09:10:00,252.79741235119585,262.2,252.79741235119585,262.2,249.6153412250005,249.24368837496897,251.12584045297234,245.38294282583985,Up,360
2026-01-19 09:20:00,257.498706175598,262.2,257.498706175598,262.2,250.7594011136368,249.751779026931,251.23603109523134,247.12546137914546,Up,76
2026-01-19 09:30:00,259.84935308779893,265.5,259.84935308779893,263.77500000000003,251.94263737603347,250.301709261169,251.3607969549803,249.0527215679595,Up,154
2026-01-19 09:40:00,261.81217654389945,266.9,261.81217654389945,265.79999999999995,253.20239761457586,250.90948536857417,251.5044706171198,250.12237521887684,Up,1575
2026-01-19 09:50:00,263.8060882719497,267.0,263.8060882719497,266.125,254.3771796496144,251.5061722168654,251.6499485214271,251.3018825502539,Up,311
2026-01-19 10:00:00,264.9655441359748,267.0,264.9655441359748,266.42499999999995,255.472436045104,252.09122428679223,251.79696395902482,252.42373213041378,Up,370
2026-01-19 10:10:00,265.6952720679874,267.3,265.6952720679874,266.95,256.51585095009455,252.6739213735847,251.94774043704447,253.58769866092217,Up,121
2026-01-19 10:20:00,266.3226360339937,267.5,266.3226360339937,267.15,257.48259177281324,253.24161073148335,252.0990067013525,254.74687896292957,Up,104
2026-01-19 10:30:00,266.73631801699685,268.0,266.73631801699685,267.55,258.3978107025575,253.80272403613108,252.2527479282047,255.85005732916338,Up,101
2026-01-19 10:40:00,267.1431590084984,268.1,267.1431590084984,267.875,259.2593733659613,254.3545779954985,252.40819322245144,256.80263579885315,Up,71
2026-01-19 10:50:00,267.5090795042492,268.2,267.5090795042492,267.925,260.0471576054194,254.88675140743973,252.56258930979024,257.76789256694605,Up,24
2026-01-19 11:00:00,267.7170397521246,268.5,267.5,267.825,260.7542341867449,255.3941337051872,252.71445409277743,258.4666843771104,Up,223
2026-01-19 11:10:00,267.77101987606227,267.77101987606227,266.4,266.95,261.3174856243135,255.84730493243475,252.85610131573486,258.4666843771104,Up,89
2026-01-19 11:20:00,267.3605099380311,267.4,266.3,266.75,261.8113505675577,256.274861601751,252.994349063837,258.4666843771104,Up,79
2026-01-19 11:30:00,267.05525496901555,267.05525496901555,266.0,266.525,262.2398641523252,256.67682781344706,253.12898240648542,258.4666843771104,Up,109
2026-01-19 11:40:00,266.79012748450776,266.79012748450776,264.0,265.125,262.50214922938653,257.00812868350795,253.2483457656249,258.4666843771104,Up,136
2026-01-19 11:50:00,265.9575637422539,266.2,263.8,264.925,262.7224083903514,257.3185942253312,253.36453137989727,258.4666843771104,Up,118
2026-01-19 12:00:00,265.441281871127,266.9,265.441281871127,266.17499999999995,263.0362803548649,257.66590425571036,253.49199872935105,258.4666843771104,Up,59
2026-01-19 12:10:00,265.8081409355635,267.0,265.8081409355635,266.725,263.37161850442266,258.02116291234915,253.6236703837854,258.4666843771104,Up,37
2026-01-19 12:20:00,266.2665704677818,267.0,266.2665704677818,266.9,263.69238045856605,258.3693526020609,253.7557731660363,258.8530426772518,Up,56
2026-01-19 12:30:00,266.5832852338909,267.3,266.5832852338909,267.0,263.9930731441509,258.70780936276446,253.88755651761804,259.6080712868702,Up,57
2026-01-19 12:40:00,266.7916426169454,267.3,266.7,267.075,264.27324831286444,259.03593448579335,254.01877486072632,260.11493515447705,Up,44
2026-01-19 12:50:00,266.9333213084727,267.7,266.9333213084727,267.425,264.55977119351314,259.3649174471348,254.152170135744,260.77871854320557,Up,61
2026-01-19 13:00:00,267.1791606542364,267.8,267.0,267.375,264.81570108501194,259.6790383315609,254.28374058215454,261.1655071717902,Up,38
2026-01-19 13:10:00,267.2770803271182,267.6,267.1,267.25,265.0370009863745,259.97593878914677,254.4127580887998,261.50046106526383,Up,30
2026-01-19 13:20:00,267.2635401635591,267.2635401635591,266.7,266.95,265.21090998761315,260.24943138565084,254.53750676453313,261.50046106526383,Up,44
2026-01-19 13:30:00,267.1067700817796,267.1067700817796,266.0,266.4,265.3190090796483,260.490630154841,254.655541523095,261.50046106526383,Up,30
2026-01-19 13:40:00,266.7533850408898,266.7533850408898,265.6,265.925,265.37409916331666,260.7037426977884,254.7676754382881,261.50046106526383,Up,45
2026-01-19 13:50:00,266.3391925204449,266.3391925204449,265.0,265.575,265.3923628757424,260.89477239591434,254.87521100606634,261.50046106526383,Up,28
2026-01-19 14:00:00,265.95709626022244,265.95709626022244,265.0,265.225,265.3771480688567,261.06458524313337,254.97819398113037,261.50046106526383,Up,15
2026-01-19 14:10:00,265.59104813011123,265.8,265.1,265.35,265.374680062597,261.2326407237948,255.0813960310694,261.50046106526383,Up,119
2026-01-19 14:20:00,265.47052406505566,266.9,265.3,266.125,265.44289096599726,261.4244979503127,255.19128263772544,261.50046106526383,Up,20
2026-01-19 14:30:00,265.7977620325278,267.2,265.7977620325278,266.95,265.57990087817933,261.6411843052024,255.30828480053415,261.50046106526383,Up,27
2026-01-19 14:40:00,266.3738810162639,267.2,266.3738810162639,267.05,265.7135462528903,261.85329472460626,255.42511778759354,261.7911622563429,Up,18
2026-01-19 14:50:00,266.711940508132,267.4,266.7,267.075,265.8373147753548,262.05806748050406,255.54103701358764,262.253837952919,Up,14
2026-01-19 15:00:00,266.893470254066,267.5,266.893470254066,267.225,265.96346797759526,262.2606922851902,255.65729535176092,262.61603154025613,Up,16
2026-01-19 15:10:00,267.059235127033,267.5,266.7,267.25,266.0804254341775,262.4563514112612,255.7726456467683,262.64481492111196,Up,30
2026-01-19 15:20:00,267.15461756351647,267.3,266.8,267.175,266.1799322128887,262.6413964539569,255.88610190898953,262.81801356464723,Up,53
2026-01-19 15:30:00,267.1648087817582,267.9,267.0,267.425,266.2931201935352,262.8289887498801,256.00091681536776,263.275466876952,Up,48
2026-01-19 15:40:00,267.2949043908791,267.8,267.2949043908791,267.675,266.4187456304865,263.01902840674757,256.11707684705567,263.5687509529883,Up,22
2026-01-19 15:50:00,267.4849521954395,267.7,267.4,267.6,266.5261323913514,263.198674351581,256.23133478887604,263.82390796140794,Up,20
2026-01-19 16:00:00,267.54247609771977,267.9,267.5,267.65,266.6283021739558,263.3732361417151,256.3449533481907,264.1671890558254,Up,31
2026-01-19 16:10:00,267.59623804885985,267.7,267.3,267.575,266.71436561268706,263.53801119498115,256.4566951059201,264.1671890558254,Up,7
2026-01-19 16:20:00,267.5856190244299,267.9,267.5856190244299,267.825,266.81533237517004,263.7061284030211,256.5698125675528,264.57271782281447,Up,17
2026-01-19 16:30:00,267.70530951221497,267.8,267.3,267.55,266.8821203410637,263.8568684656477,256.6790681638956,264.57271782281447,Up,7
2026-01-19 16:40:00,267.6276547561075,268.0,267.3,267.65,266.9519275827852,264.00561872189684,256.78823166475235,264.60199033933844,Up,11
2026-01-19 16:50:00,267.63882737805375,268.2,267.63882737805375,268.05,267.0517523479865,264.16422190927346,256.900289061123,264.94443304408145,Up,31
2026-01-19 17:00:00,267.84441368902685,268.9,267.84441368902685,268.5,267.1834112254423,264.3342524226353,257.01570907046505,265.2838294178455,Up,105
2026-01-19 17:10:00,268.1722068445134,269.2,268.1722068445134,268.95000000000005,267.34401020494755,264.5152621315516,257.134458233943,265.5047446141998,Up,69
2026-01-19 17:20:00,268.56110342225674,269.4,268.5,269.025,267.49682745904323,264.69211459698096,257.2527720823615,265.73058290176647,Up,62
2026-01-19 17:30:00,268.7930517111283,269.2,268.6,268.9,267.6243885991302,264.85712971082484,257.3686648974624,265.75507536524225,Up,44
2026-01-19 17:40:00,268.8465258555641,269.5,268.7,269.05,267.7539896355729,265.02155599667486,257.48489708753743,265.95006851385665,Up,68
2026-01-19 17:50:00,268.9482629277821,269.3,268.9,269.1,267.8763542141572,265.1814949771974,257.60047025084555,266.0909713762333,Up,18
2026-01-19 18:00:00,269.0241314638911,269.6,268.4,269.05,267.9830492855974,265.333201056523,257.7143959199914,266.0909713762333,Up,107
2026-01-19 18:10:00,269.0370657319455,269.6,269.0370657319455,269.6,268.1300448050886,265.5005265052868,257.8326606372054,266.2303347653854,Up,27
2026-01-19 18:20:00,269.3185328659728,270.7,269.3185328659728,270.125,268.31140436826234,265.68187840704024,257.95497247166105,266.69946192916984,Up,52
2026-01-19 18:30:00,269.7217664329864,271.8,269.7217664329864,271.07500000000005,268.56264033478396,265.89337337147003,258.08552000925647,266.99624873410954,Up,99
2026-01-19 18:40:00,270.39838321649324,273.6,270.39838321649324,272.45000000000005,268.9160366679854,266.15049598435354,258.2284501584181,267.41257233934994,Up,174
2026-01-19 18:50:00,271.42419160824664,274.2,271.42419160824664,273.65000000000003,269.3463969708958,266.44459418104555,258.38189841554833,267.63305705357965,Up,205
2026-01-19 19:00:00,272.53709580412334,275.8,272.53709580412334,274.6,269.8239972462689,266.76441401708297,258.5432725606673,268.27382023943045,Up,142
2026-01-19 19:10:00,273.5685479020617,277.0,273.5685479020617,275.4,270.3309065875172,267.10306444778564,258.7110011919044,268.67762985847946,Up,225
2026-01-19 19:20:00,274.48427395103084,275.4,274.0,274.55,270.71446053410654,267.39510113610777,258.86860317009445,268.67762985847946,Up,126
2026-01-19 19:30:00,274.5171369755154,275.0,273.8,274.42499999999995,271.0517823037332,267.67078344449567,259.02339318830246,268.67762985847946,Up,158
2026-01-19 19:40:00,274.4710684877577,276.0,274.4710684877577,275.325,271.4402566397574,267.9709487996135,259.18559823120495,268.88170697674786,Up,152
2026-01-19 19:50:00,274.89803424387884,277.0,274.89803424387884,276.35,271.88659694523403,268.2995390427659,259.3563882985561,269.4084593314126,Up,576
2026-01-19 20:00:00,275.62401712193946,277.0,275.62401712193946,276.9,272.34236085930365,268.636812021481,259.530951599068,269.8656895230142,Up,109
2026-01-19 20:10:00,276.2620085609697,277.0,275.3,276.15,272.68850987209424,268.93144684416797,259.69631526474893,269.8656895230142,Up,266
2026-01-19 20:20:00,276.2060042804849,277.0,275.3,276.15,273.003190792813,269.2145273600829,259.8600335208211,269.8656895230142,Up,158
2026-01-19 20:30:00,276.1780021402424,277.0,276.1780021402424,276.775,273.3460825389209,269.51101648321696,260.02834164499205,270.36381772079324,Up,158
2026-01-19 20:40:00,276.47650107012123,276.8,275.8,276.475,273.63052958083716,269.78411387603194,260.19198998683294,270.36381772079324,Up,105
2026-01-19 20:50:00,276.4757505350606,276.5,275.8,276.17499999999995,273.8618450734883,270.0347368612856,260.3510249123371,270.4200964055141,Up,59
2026-01-19 21:00:00,276.32537526753026,277.0,275.9,276.4,274.09258643044393,270.2843550235881,260.51071620674173,270.84099673228553,Up,149
2026-01-19 21:10:00,276.3626876337651,277.0,276.3626876337651,276.7,274.3296240276763,270.53594894423173,260.6718036076697,271.350499985784,Up,63
2026-01-19 21:20:00,276.5313438168825,276.8,273.6,275.20000000000005,274.4087491160693,270.7188529072031,260.8163627757526,271.350499985784,Up,159
2026-01-19 21:30:00,275.8656719084413,275.8656719084413,273.8,274.5,274.4170446509721,270.867133185352,260.95251837002377,271.350499985784,Up,175
2026-01-19 21:40:00,275.18283595422065,276.1,274.0,275.2,274.48822240997464,271.0370495310245,261.0942843563917,271.350499985784,Up,58
2026-01-19 21:50:00,275.1914179771103,276.1,275.0,275.65,274.5938385545224,271.21794954941566,261.23911734787043,271.350499985784,Up,35
2026-01-19 22:00:00,275.42070898855513,275.5,273.3,274.575,274.5921259586567,271.34959858669345,261.37181269764284,271.350499985784,Up,94
2026-01-19 22:10:00,274.9978544942776,274.9978544942776,273.2,273.95,274.5337508715061,271.4515751127055,261.4969687902036,271.350499985784,Up,52
2026-01-19 22:20:00,274.4739272471388,274.4739272471388,273.5,273.9,274.4761371559146,271.54759177495237,261.6203820360723,271.350499985784,Up,95
2026-01-19 22:30:00,274.1869636235694,274.6,273.5,274.025,274.4351246871951,271.64474503867973,261.7438110705392,271.350499985784,Up,23
2026-01-19 22:40:00,274.10598181178466,276.2,274.10598181178466,275.07500000000005,274.49329517017736,271.77926484108445,261.8764597166035,271.350499985784,Up,130
2026-01-19 22:50:00,274.59049090589235,275.8,274.59049090589235,275.55,274.58935924561575,271.9271368081008,262.01251484380145,271.350499985784,Up,35
2026-01-19 23:00:00,275.0702454529462,275.9,275.0702454529462,275.525,274.6744174960143,272.0682294822929,262.1469674324204,271.350499985784,Up,67
2026-01-19 23:10:00,275.2976227264731,275.5,275.0,275.225,274.72447045092207,272.192024404556,262.27709710970976,271.350499985784,Up,39
2026-01-19 23:20:00,275.2613113632366,275.7,274.8,275.17499999999995,274.7654276826564,272.30900383967145,262.4054344519017,271.350499985784,Up,43
2026-01-19 23:30:00,275.21815568161827,275.5,274.4,274.875,274.7753888024149,272.40963114007644,262.52950973098734,271.350499985784,Up,25
2026-01-19 23:40:00,275.0465778408092,275.3,274.3,274.75,274.7730807294681,272.5014103110538,262.65110664908696,271.350499985784,Up,38
2026-01-19 23:50:00,274.8982889204046,275.1,273.6,274.35,274.734618844971,272.57390402434584,262.767513548101,271.350499985784,Up,90
2026-01-20 00:00:00,274.6241444602023,274.6241444602023,273.0,273.5,274.62238076815544,272.6102215135872,262.8743044580702,271.350499985784,Up,70
2026-01-20 09:00:00,274.06207223010114,278.8,268.9,274.25,274.5885279710504,272.67452655227004,262.9874954584874,271.350499985784,Up,35
2026-01-20 09:10:00,274.1560361150506,274.1560361150506,269.2,270.175,274.18729815550034,272.57650590316143,263.0590129166119,279.218944000862,Down,247
2026-01-20 09:20:00,272.16551805752533,272.16551805752533,269.4,269.825,273.7907255959094,272.4686037108806,263.12633617117297,279.218944000862,Down,61
2026-01-20 09:30:00,270.9952590287627,270.9952590287627,269.6,270.0,273.44611417809944,272.37179572221856,263.19473083613644,279.218944000862,Down,55
2026-01-20 09:40:00,270.49762951438134,271.3,270.3,270.77500000000003,273.203285616454,272.3091762821316,263.27015639995597,279.218944000862,Down,81
2026-01-20 09:50:00,270.6363147571907,271.3,270.4,270.85,272.98935056041273,272.2519536828323,263.34557772930964,279.218944000862,Down,44
2026-01-20 10:00:00,270.74315737859536,271.1,270.5,270.75,272.78577323673886,272.1930535384075,263.4192535727991,278.7213697347431,Down,61
2026-01-20 10:10:00,270.7465786892977,271.1,270.5,270.85,272.6097938515808,272.1403847721955,263.4931913481941,278.2194270315847,Down,44
2026-01-20 10:20:00,270.7982893446489,271.3,270.7,270.925,272.45663077416435,272.0927226242663,263.5671396929882,277.96311548325883,Down,28
2026-01-20 10:30:00,270.8616446723245,271.0,270.3,270.625,272.29011888560393,272.0351648742951,263.6373671587296,277.2346504393262,Down,36
2026-01-20 10:40:00,270.74332233616224,270.8,269.7,270.27500000000003,272.1069262596399,271.9661388007934,263.7034132566527,276.6360458539329,Down,68
2026-01-20 10:50:00,270.5091611680812,270.7,270.1,270.375,271.94947841785444,271.9037412007623,263.7697972043477,276.4236780490299,Down,36
2026-01-20 11:00:00,270.4420805840406,271.0,270.2,270.675,271.833616743504,271.85555527132067,263.8385056898766,276.36698004457264,Down,23
2026-01-20 11:10:00,270.5585402920203,272.9,270.5585402920203,271.75,271.8260152213673,271.85141584891596,263.91722702629573,276.36698004457264,Down,79
2026-01-20 11:20:00,271.15427014601016,273.8,271.15427014601016,273.1,271.9418320194248,271.9003799332722,264.008597901656,276.36698004457264,Down,62
2026-01-20 11:30:00,272.1271350730051,274.0,272.1271350730051,273.625,272.09484729038616,271.96801209275174,264.10428349467435,276.36698004457264,Down,99
2026-01-20 11:40:00,272.87606753650255,274.5,272.3,273.3,272.20440662762377,272.02024691264387,264.195783161394,276.36698004457264,Down,118
2026-01-20 11:50:00,273.0880337682513,273.7,272.1,273.075,272.28355147965794,272.06160977881467,264.2841335776985,276.36698004457264,Down,80
2026-01-20 12:00:00,273.0815168841257,274.6,273.0815168841257,273.75,272.4168649815072,272.1278211600376,264.37832130329355,276.36698004457264,Down,62
2026-01-20 12:10:00,273.41575844206284,274.3,273.41575844206284,273.825,272.54487725591565,272.19437719297736,264.4723181062459,276.36698004457264,Down,23
2026-01-20 12:20:00,273.6203792210314,275.2,273.6203792210314,274.6,272.7317065962869,272.2887153422723,264.5730910604126,276.36698004457264,Down,60
2026-01-20 12:30:00,274.1101896105157,275.4,274.1101896105157,275.15,272.9515514511699,272.4009225837519,264.6783339354334,276.36698004457264,Down,88
2026-01-20 12:40:00,274.63009480525784,275.5,274.63009480525784,275.125,273.1491376828817,272.507749149095,264.78228086144895,276.36698004457264,Down,29
2026-01-20 12:50:00,274.8775474026289,275.3,273.8,274.525,273.274216075347,272.5868570256011,264.8792233404395,276.36698004457264,Down,86
2026-01-20 13:00:00,274.70127370131445,274.70127370131445,273.9,274.175,273.35610552304274,272.6491371422442,264.9717186305844,276.36698004457264,Down,56
2026-01-20 13:10:00,274.4381368506572,274.5,274.1,274.325,273.44418683912977,272.714857254313,265.064786106897,276.36698004457264,Down,26
2026-01-20 13:20:00,274.3815684253286,274.8,274.3,274.45,273.53562439920887,272.7829020678694,265.1581713197637,276.36698004457264,Down,19
2026-01-20 13:30:00,274.41578421266433,274.6,274.3,274.425,273.6164767265535,272.84729806520784,265.25037857031333,276.36698004457264,Down,10
2026-01-20 13:40:00,274.4203921063322,274.6,273.5,274.025,273.65361520595775,272.89348245480755,265.33768823628037,276.36698004457264,Down,31
2026-01-20 13:50:00,274.2226960531661,274.2226960531661,273.5,273.85,273.6714683690525,272.9309929467759,265.42238785581986,276.36698004457264,Down,48
2026-01-20 14:00:00,274.036348026583,274.6,274.036348026583,274.375,273.7354257900477,272.9876206743533,265.5114685736724,276.36698004457264,Down,19
2026-01-20 14:10:00,274.2056740132915,275.0,274.2,274.675,273.8208416273161,273.053792412614,265.6026479908498,276.36698004457264,Down,30
2026-01-20 14:20:00,274.4403370066458,275.7,274.4403370066458,275.17499999999995,273.9439469339237,273.136977023884,265.6978952745229,276.36698004457264,Down,45
2026-01-20 14:30:00,274.8076685033229,275.4,274.5,274.875,274.02858812174884,273.20513478765326,265.7892097494033,276.36698004457264,Down,19
2026-01-20 14:40:00,274.84133425166146,274.84133425166146,273.9,274.2,274.0441710197717,273.2441491097061,265.87289920463314,276.36698004457264,Down,56
2026-01-20 14:50:00,274.5206671258308,274.5206671258308,273.7,274.05,274.04470092706515,273.2757511054039,265.95426339165175,276.36698004457264,Down,16
2026-01-20 15:00:00,274.2853335629154,274.8,274.2853335629154,274.5,274.0860917518774,273.3237608659763,266.03929559670996,276.36698004457264,Down,9
2026-01-20 15:10:00,274.3926667814577,275.1,274.3926667814577,274.8,274.15099250170675,273.3816525967223,266.12646678480246,276.36698004457264,Down,22
2026-01-20 15:20:00,274.5963333907289,277.0,274.5963333907289,275.925,274.3122659106425,273.4813917105763,266.2239646277398,276.36698004457264,Down,59
2026-01-20 15:30:00,275.2606666953644,278.0,275.2606666953644,277.25,274.5793326460386,273.6291802709459,266.3336764224887,271.57760764358216,Up,97
2026-01-20 15:40:00,276.2553333476822,278.7,276.2553333476822,277.975,274.8880296782169,273.79960457404604,266.44951048793655,271.99530997836183,Up,108
2026-01-20 15:50:00,277.11516667384114,278.6,276.9,277.65,275.1391178892881,273.95060047310307,266.560958144773,272.1478575495643,Up,68
2026-01-20 16:00:00,277.38258333692056,277.5,276.7,277.075,275.3151071720801,274.0731259447461,266.6655754766658,272.1478575495643,Up,82
2026-01-20 16:10:00,277.2287916684603,277.6,277.0,277.25,275.4910065200728,274.19770924103057,266.77089313361444,272.1478575495643,Up,18
2026-01-20 16:20:00,277.2393958342301,278.1,277.0,277.525,275.675915018248,274.3281912315784,266.87789917208596,272.457180728448,Up,66
2026-01-20 16:30:00,277.38219791711504,278.3,277.3,277.75,275.8644681984073,274.46237981073216,266.9860792798264,272.8065279349527,Up,39
2026-01-20 16:40:00,277.5660989585575,278.1,277.3,277.82500000000005,276.04269836218845,274.5942472691348,267.09392923724107,272.8695708499571,Up,67
2026-01-20 16:50:00,277.6955494792788,278.5,277.6,278.05,276.22518032926223,274.7297669840707,267.2029448667213,273.3314280454155,Up,59
2026-01-20 17:00:00,277.8727747396394,278.4,277.5,278.05,276.391073026602,274.8599722003816,267.3108757635698,273.33311640492315,Up,44
2026-01-20 17:10:00,277.9613873698197,278.3,277.5,278.0,276.5373391150927,274.9831105454647,267.41723520870846,273.41192400447557,Up,47
2026-01-20 17:20:00,277.98069368490985,277.98069368490985,276.8,277.35,276.611217377357,275.07592973976017,267.51606868921886,273.41192400447557,Up,56
2026-01-20 17:30:00,277.66534684245494,278.0,277.4,277.7,276.71019761577907,275.178834455848,267.6174013390774,273.41192400447557,Up,36
2026-01-20 17:40:00,277.6826734212275,277.9,275.1,276.625,276.70245237798093,275.2355468301285,267.70702918644974,273.41192400447557,Up,96
2026-01-20 17:50:00,277.15383671061375,277.7,274.7,276.425,276.6772294345281,275.2821920524764,267.793775164694,273.41192400447557,Up,118
2026-01-20 18:00:00,276.7894183553069,278.4,276.7894183553069,277.67499999999995,276.76793584957096,275.3760276582616,267.89209580982146,273.41192400447557,Up,76
2026-01-20 18:10:00,277.23220917765343,279.3,277.2,278.225,276.90039622688266,275.48775206382,267.99491077688793,273.41192400447557,Up,172
2026-01-20 18:20:00,277.7286045888267,279.2,277.7286045888267,278.82500000000005,277.07536020625696,275.6186245319055,268.10267285871,273.41192400447557,Up,79
2026-01-20 18:30:00,278.2768022944134,279.3,278.2768022944134,278.77500000000003,277.22987291477904,275.74240396202686,268.20886516857354,273.41192400447557,Up,136
2026-01-20 18:40:00,278.5259011472067,280.0,278.4,279.29999999999995,277.41806628616274,275.88191753214346,268.31922471913504,273.41192400447557,Up,124
2026-01-20 18:50:00,278.9129505736033,282.8,278.9129505736033,281.4,277.78006026014793,276.0983129230398,268.4493816871039,274.07312650444635,Up,226
2026-01-20 19:00:00,280.15647528680165,285.0,280.15647528680165,283.85,278.3318729637708,276.40230065154805,268.60262167031675,274.6502752182784,Up,4588
2026-01-20 19:10:00,282.00323764340084,287.6,282.00323764340084,286.225,279.0494299670644,276.7875045475658,268.7779687183733,275.5591939419167,Up,480
2026-01-20 19:20:00,284.11411882170046,289.0,284.11411882170046,287.65,279.8312999700585,277.2134847613867,268.9657501241606,276.378170909847,Up,329
2026-01-20 19:30:00,285.8820594108502,288.8,285.8820594108502,287.875,280.5625454273259,277.6315833981951,269.1539018642187,277.0264253993677,Up,345
2026-01-20 19:40:00,286.8785297054251,289.0,286.8785297054251,288.0,281.2386776612054,278.03818797081493,269.34142522875385,277.790908103724,Up,196
2026-01-20 19:50:00,287.43926485271254,289.2,287.3,288.275,281.8783433283685,278.4396315798026,269.52981900757226,278.3333120463741,Up,323
2026-01-20 20:00:00,287.85713242635626,289.1,285.7,287.475,282.3871302985168,278.79395975314367,269.7083780224223,278.3333120463741,Up,287
2026-01-20 20:10:00,287.66606621317817,287.66606621317817,282.2,284.225,282.55420936228796,279.00694172360863,269.85282202219923,278.3333120463741,Up,407
2026-01-20 20:20:00,285.9455331065891,285.9455331065891,282.1,283.85,282.6720085111709,279.1968655775848,269.9920974249634,278.3333120463741,Up,269
2026-01-20 20:30:00,284.89776655329456,285.7,282.4,284.35,282.8245531919735,279.3989492804246,270.1349621272026,278.3333120463741,Up,137
2026-01-20 20:40:00,284.6238832766473,284.6238832766473,282.6,283.325,282.8700483563395,279.5529120537413,270.26620628514087,278.3333120463741,Up,128
2026-01-20 20:50:00,283.97444163832364,284.0,282.1,282.975,282.87958941485414,279.6871115810456,270.39266194399517,278.3333120463741,Up,72
2026-01-20 21:00:00,283.4747208191618,283.4747208191618,281.0,282.5,282.84508128623105,279.7974209308085,270.51313296942806,278.3333120463741,Up,130
2026-01-20 21:10:00,282.9873604095809,284.5,281.7,283.25,282.88189207839184,279.9328161884239,270.6398679647572,278.3333120463741,Up,155
2026-01-20 21:20:00,283.11868020479045,285.0,283.11868020479045,284.42499999999995,283.02217461671984,280.1089802594661,270.77703345764513,278.3333120463741,Up,110
2026-01-20 21:30:00,283.77184010239523,286.3,283.77184010239523,285.25,283.224704197018,280.3105888767419,270.921043074982,278.3333120463741,Up,108
2026-01-20 21:40:00,284.5109200511976,285.7,284.1,285.1,283.3951856336528,280.4984089207913,271.06212722348965,278.3333120463741,Up,70
2026-01-20 21:50:00,284.8054600255988,285.8,284.8054600255988,285.225,283.5615323942298,280.68376543370147,271.2030513307186,278.3333120463741,Up,48
2026-01-20 22:00:00,285.0152300127994,288.0,285.0152300127994,286.375,283.8173021765726,280.9069511029681,271.35401599409454,278.3333120463741,Up,172
2026-01-20 22:10:00,285.6951150063997,287.5,285.6951150063997,286.79999999999995,284.08845652415687,281.1380510597144,271.50770737723786,278.3333120463741,Up,75
2026-01-20 22:20:00,286.2475575031998,287.0,285.9,286.475,284.3054150219608,281.3473431750198,271.6566356620415,278.3333120463741,Up,85
2026-01-20 22:30:00,286.3612787515999,287.5,286.3,286.925,284.54355911087345,281.5660748152151,271.8085596853047,278.3333120463741,Up,102
2026-01-20 22:40:00,286.64313937579993,288.7,286.64313937579993,287.95,284.8532355553395,281.81642482246156,271.9691710317196,278.9399226072709,Up,187
2026-01-20 22:50:00,287.29656968789993,288.5,287.29656968789993,288.225,285.15975959576315,282.06774149609055,272.13092057369255,279.52281283897804,Up,97
2026-01-20 23:00:00,287.76078484395,289.2,287.76078484395,288.6,285.4725087234211,282.32390849624386,272.29479201077027,280.34297599707327,Up,171
2026-01-20 23:10:00,288.180392421975,289.5,287.0,288.125,285.71364429401916,282.5514022807049,272.4523065181258,280.34297599707327,Up,103
2026-01-20 23:20:00,288.1526962109876,288.4,286.3,287.45000000000005,285.8714948127447,282.7435041520498,272.60153729904,280.34297599707327,Up,141
2026-01-20 23:30:00,287.8013481054938,289.5,287.8013481054938,288.75,286.13317710249515,282.9790530088322,272.76221851994507,280.3459284292295,Up,293
2026-01-20 23:40:00,288.2756740527469,289.5,288.2756740527469,289.075,286.40061554772285,283.21810975358386,272.92453475357746,280.8928588423565,Up,385
2026-01-20 23:50:00,288.6753370263734,289.4,288.0,288.8,286.61874140702076,283.4370074103061,273.0824995819001,280.9227471054391,Up,195
2026-01-21 00:00:00,288.7376685131867,290.0,288.5,289.29999999999995,286.8624921882007,283.6669286883333,273.2438677452643,281.6343155503992,Up,90
2026-01-21 09:00:00,289.0188342565933,290.8,289.0,290.0,287.1477201710915,283.91528442604573,273.41059542939104,282.32210504581747,Up,19
2026-01-21 09:10:00,289.50941712829666,292.6,289.5,291.05,287.5024728828104,284.1950771936518,273.5861118927802,283.03373185983406,Up,233
2026-01-21 09:20:00,290.27970856414834,292.8,290.27970856414834,292.20000000000005,287.9295208025549,284.5089957350772,273.77132470976744,283.33586817797726,Up,281
2026-01-21 09:30:00,291.2398542820742,293.2,291.2398542820742,292.45,288.3404734568681,284.82040766703494,273.9571821753419,284.0489776944305,Up,97
2026-01-21 09:40:00,291.8449271410371,295.3,291.8449271410371,293.95000000000005,288.85043041533464,285.17843089577866,274.15611568603504,284.8879375794351,Up,302
2026-01-21 09:50:00,292.89746357051854,294.0,292.89746357051854,293.7,289.29130037757693,285.51261007633633,274.3505821966218,285.1527858190084,Up,98
2026-01-21 10:00:00,293.2987317852593,293.6,292.5,293.275,289.65345488870634,285.81701752432315,274.53888486133206,285.1527858190084,Up,108
2026-01-21 10:10:00,293.28686589262963,294.8,293.28686589262963,293.975,290.0463226260967,286.1369384057222,274.73227904181635,286.2360395857769,Up,118
2026-01-21 10:20:00,293.63093294631483,296.3,293.63093294631483,295.1,290.50574784190604,286.48843101726254,274.93494293194755,286.89726630769195,Up,164
2026-01-21 10:30:00,294.3654664731574,297.8,294.3654664731574,296.85,291.0824980380964,286.89476705580125,275.1530032012814,287.4990845309401,Up,169
2026-01-21 10:40:00,295.6077332365787,299.8,295.6077332365787,298.40000000000003,291.74772548917855,287.3459526614561,275.3843166022637,288.3760889719192,Up,309
2026-01-21 10:50:00,297.0038666182894,299.4,297.0038666182894,298.7,292.3797504447077,287.79120941983035,275.6163134519925,288.85081421909524,Up,201
2026-01-21 11:00:00,297.85193330914467,299.2,297.85193330914467,298.675,292.95204585882516,288.21802473669976,275.8457531191369,289.53474323058003,Up,158
2026-01-21 11:10:00,298.2634666545723,300.6,298.2634666545723,299.54999999999995,293.55185987165925,288.66241592349587,276.08161627218027,290.40824536168304,Up,312
2026-01-21 11:20:00,298.90673332728613,300.6,298.90673332728613,300.57500000000005,294.19032715605385,289.1295760833588,276.3253315331536,290.93446245028974,Up,89
2026-01-21 11:30:00,299.7408666636431,304.4,299.7408666636431,301.975,294.89802468732165,289.6333181977369,276.58055211491325,292.3590173791887,Up,393
2026-01-21 11:40:00,300.8579333318215,305.8,300.8579333318215,303.90000000000003,295.7163860793833,290.19279591547274,276.85238741725243,292.703291556907,Up,425
2026-01-21 11:50:00,302.37896666591075,305.5,302.37896666591075,304.6,296.5239873448939,290.7577843109444,277.128483064842,293.1448574760104,Up,346
2026-01-21 12:00:00,303.4894833329554,306.4,303.4894833329554,305.95,297.38089758626717,291.35355747522107,277.4152643278784,294.0730757357842,Up,280
2026-01-21 12:10:00,304.7197416664777,306.4,304.7197416664777,306.4,298.2008159875156,291.9436140448202,277.70366965794926,295.0655351386003,Up,46
2026-01-21 12:20:00,305.55987083323885,310.8,305.55987083323885,308.4,299.12801453410515,292.5889625136508,278.00910578075576,296.7341287244894,Up,640
2026-01-21 12:30:00,306.9799354166194,312.3,306.9799354166194,310.92499999999995,300.2004677582774,293.30802280723316,278.3366271162706,297.3001199578713,Up,376
2026-01-21 12:40:00,308.95246770830965,315.1,308.95246770830965,313.32500000000005,301.39360705297946,294.0930023049888,278.6847701300391,298.57272415677795,Up,1260
2026-01-21 12:50:00,311.13873385415485,315.1,311.13873385415485,314.6,302.59418822998134,294.8971982930284,279.04213560138203,299.44844314915474,Up,812
2026-01-21 13:00:00,312.8693669270774,315.1,309.4,312.25,303.471989299983,295.5777003207528,279.37256211281107,299.44844314915474,Up,916
2026-01-21 13:10:00,312.5596834635387,312.5596834635387,308.3,309.275,303.9995357272573,296.1148493277821,279.67009880820603,299.44844314915474,Up,555
2026-01-21 13:20:00,310.91734173176934,312.3,308.4,309.9,304.5359415702339,296.65544347179065,279.9708938449403,299.44844314915474,Up,469
2026-01-21 13:30:00,310.4086708658847,312.0,310.3,311.225,305.1440377911217,297.2267986297596,280.28187997583643,299.44844314915474,Up,253
2026-01-21 13:40:00,310.8168354329424,313.2,310.5,311.975,305.7650343555652,297.80515946780827,280.59723440393753,299.44844314915474,Up,321
2026-01-21 13:50:00,311.3959177164712,313.0,309.4,311.25,306.2636675959684,298.3324081161295,280.90223704668443,299.44844314915474,Up,427
2026-01-21 14:00:00,311.3229588582356,311.3229588582356,309.4,309.9,306.5942432690622,298.7860391703989,281.1907720014438,299.44844314915474,Up,195
2026-01-21 14:10:00,310.6114794291178,310.6114794291178,307.3,308.8,306.7947666082383,299.1787435166578,281.46549068799663,299.44844314915474,Up,435
2026-01-21 14:20:00,309.70573971455894,309.70573971455894,306.7,308.05,306.9088787347621,299.52663592776923,281.7300131687131,299.44844314915474,Up,135
2026-01-21 14:30:00,308.8778698572795,308.8778698572795,307.0,307.6,306.9717079406928,299.84323844040574,281.9874259730045,299.44844314915474,Up,135
2026-01-21 14:40:00,308.23893492863976,308.7,306.5,307.79999999999995,307.04700721881164,300.1552683054879,282.24426750561145,299.44844314915474,Up,138
2026-01-21 14:50:00,308.01946746431986,308.8,306.4,307.6,307.09727928982875,300.4472185680178,282.4965633513268,299.44844314915474,Up,98
2026-01-21 15:00:00,307.80973373215994,308.0,305.8,307.15,307.1020720816625,300.710072741821,282.74187117867683,299.44844314915474,Up,178
2026-01-21 15:10:00,307.47986686608,310.7,307.0,309.025,307.27688371060225,301.03614832057315,283.0033948485408,299.44844314915474,Up,278
2026-01-21 15:20:00,308.25243343304,310.5,307.5,308.975,307.4312579187293,301.3474758374134,283.2618187803961,299.44844314915474,Up,169
2026-01-21 15:30:00,308.61371671652,308.61371671652,307.3,307.975,307.4806890170266,301.6073787457501,283.5077210810887,299.44844314915474,Up,182
2026-01-21 15:40:00,308.29435835826,310.2,308.29435835826,309.325,307.64835365184234,301.9100305596423,283.76460942854055,299.44844314915474,Up,103
2026-01-21 15:50:00,308.80967917913,310.6,308.80967917913,309.95,307.85759422894756,302.225323478872,284.02516057850534,299.44844314915474,Up,115
2026-01-21 16:00:00,309.379839589565,310.4,309.0,309.75,308.02963111722505,302.5204088326417,284.281129129963,299.44844314915474,Up,157
2026-01-21 16:10:00,309.5649197947825,310.5,309.3,309.925,308.2019373792955,302.8107849568518,284.5362920241923,299.9363765777049,Up,161
2026-01-21 16:20:00,309.74495989739125,311.7,309.74495989739125,310.95000000000005,308.451761253905,303.1299698605047,284.7991149891257,300.953716800206,Up,266
2026-01-21 16:30:00,310.34747994869565,313.6,310.34747994869565,312.425,308.8129647762772,303.49448084636725,285.0739994170946,301.91031163888294,Up,209
2026-01-21 16:40:00,311.38623997434786,314.0,311.38623997434786,313.275,309.2186043420702,303.878030617098,285.3546063880688,302.5940905819687,Up,355
2026-01-21 16:50:00,312.3306199871739,315.1,312.3306199871739,314.45000000000005,309.69418576551834,304.29261765172157,285.6441127921677,303.52732689328184,Up,1353
2026-01-21 17:00:00,313.390309993587,315.1,313.390309993587,315.1,310.1856234231985,304.71643656734034,285.93720619722075,304.36164672145685,Up,20
2026-01-21 17:10:00,314.2451549967936,317.0,312.4,314.475,310.57556674836223,305.0991253294054,286.2211643445121,304.36164672145685,Up,475
2026-01-21 17:20:00,314.3600774983968,314.6,312.6,313.3,310.82324249851115,305.42072825766405,286.490605495313,304.36164672145685,Up,222
2026-01-21 17:30:00,313.8300387491984,314.0,311.8,313.1,311.03022045319193,305.72187616912817,286.75537558988697,304.36164672145685,Up,212
2026-01-21 17:40:00,313.4650193745992,315.0,313.4650193745992,314.29999999999995,311.32747313926535,306.0582731821035,287.02945145466424,304.36164672145685,Up,127
2026-01-21 17:50:00,313.8825096872996,316.9,313.8825096872996,315.55,311.71133921751397,306.4304977631975,287.31323800735413,305.17894240717527,Up,182
2026-01-21 18:00:00,314.71625484364984,319.7,314.71625484364984,317.925,312.2762174704672,306.88126255679754,287.61783265404716,306.11193605908437,Up,431
2026-01-21 18:10:00,316.3206274218249,321.5,316.3206274218249,319.625,312.94428860951564,307.3810169663349,287.93631193112134,306.9394588072665,Up,456
2026-01-21 18:20:00,317.9728137109125,320.3,317.5,319.575,313.54708055410515,307.8592123794199,288.2511247477271,306.99922281486727,Up,269
2026-01-21 18:30:00,318.77390685545623,322.4,318.77390685545623,320.95,314.2200732310047,308.37257659983476,288.5764866905358,308.4494857523188,Up,348
2026-01-21 18:40:00,319.8619534277281,322.3,319.1,321.3,314.86370293727697,308.87953438023345,288.9020937881424,308.50230211326436,Up,215
2026-01-21 18:50:00,320.58097671386406,323.7,320.58097671386406,322.65,315.57154812479723,309.41955263983215,289.23789384995194,309.9174818103956,Up,578
2026-01-21 19:00:00,321.615488356932,323.7,321.615488356932,322.92499999999995,316.2400437498157,309.9491780265054,289.5730889360221,310.7879158114082,Up,337
2026-01-21 19:10:00,322.270244178466,322.8,319.9,321.525,316.7204943180143,310.4031318293876,289.8910183993453,310.7879158114082,Up,173
2026-01-21 19:20:00,321.897622089233,321.897622089233,319.0,320.425,317.05726756183117,310.7961462674508,290.19483911178963,310.7879158114082,Up,167
2026-01-21 19:30:00,321.16131104461647,322.5,320.1,321.0,317.41569778348287,311.1962973942174,290.5013581256027,310.7879158114082,Up,119
2026-01-21 19:40:00,321.08065552230823,322.4,319.1,320.70000000000005,317.7142707122572,311.56899161405204,290.8018421243529,310.7879158114082,Up,199
2026-01-21 19:50:00,320.89032776115414,320.89032776115414,318.6,319.675,317.89251882932473,311.88687429585394,291.0891372275932,310.7879158114082,Up,110
2026-01-21 20:00:00,320.28266388057705,321.2,318.0,319.375,318.02728984484065,312.1805262842518,291.370588598463,310.7879158114082,Up,146
2026-01-21 20:10:00,319.8288319402885,319.8288319402885,316.4,317.7,317.99753622258237,312.396976233889,291.6325727915131,310.7879158114082,Up,207
2026-01-21 20:20:00,318.7644159701442,318.9,317.0,317.95,317.99321474780214,312.6147418717758,291.8944377388612,310.7879158114082,Up,145
2026-01-21 20:30:00,318.35720798507214,320.6,318.0,319.35,318.11655886163834,312.87886964151005,292.1676274131014,310.7879158114082,Up,188
2026-01-21 20:40:00,318.8536039925361,320.9,318.3,319.5,318.24232623785304,313.1385218124312,292.4395913194387,310.7879158114082,Up,140
2026-01-21 20:50:00,319.17680199626807,319.17680199626807,317.0,317.95,318.2157511253209,313.3272072315515,292.6934262316831,310.7879158114082,Up,118
2026-01-21 21:00:00,318.56340099813406,318.56340099813406,312.3,315.0,317.92341011392807,313.3928069479613,292.9153821895768,310.7879158114082,Up,423
2026-01-21 21:10:00,316.78170049906703,316.78170049906703,308.1,311.725,317.35991828538914,313.3274027539236,293.1025425657999,310.7879158114082,Up,631
2026-01-21 21:20:00,314.25335024953347,314.25335024953347,310.4,311.15,316.7953802594447,313.24201441063246,293.2821192566875,310.7879158114082,Up,147
2026-01-21 21:30:00,312.7016751247667,312.7016751247667,307.5,309.575,316.1389820540406,313.098209923941,293.44423747303887,325.22427764680697,Down,276
2026-01-21 21:40:00,311.13833756238336,311.9,309.7,310.79999999999995,315.65362004912777,313.00808404457075,293.616931627536,325.22427764680697,Down,201
2026-01-21 21:50:00,310.9691687811917,314.0,310.9691687811917,312.725,315.3873818628434,312.99698270948954,293.80706166109286,325.22427764680697,Down,159
2026-01-21 22:00:00,311.84708439059585,314.5,311.84708439059585,313.85,315.24761987531224,313.0304343679409,294.0064938833705,325.22427764680697,Down,168
2026-01-21 22:10:00,312.8485421952979,314.7,312.3,313.575,315.0955635230111,313.0517898829237,294.2012053870186,325.22427764680697,Down,208
2026-01-21 22:20:00,313.2117710976489,314.3,312.8,313.52500000000003,314.9527850209192,313.0703471424169,294.3934819503319,325.22427764680697,Down,82
2026-01-21 22:30:00,313.36838554882445,315.7,313.1,314.65,314.9252591099265,313.1322943133025,294.5950393438609,325.22427764680697,Down,187
2026-01-21 22:40:00,314.0091927744122,315.5,314.0091927744122,315.075,314.938871918115,313.20847885003576,294.79882004690705,325.22427764680697,Down,96
2026-01-21 22:50:00,314.54209638720613,315.2,312.2,313.975,314.8512471982864,313.23853850297553,294.9896278076344,325.22427764680697,Down,121
2026-01-21 23:00:00,314.2585481936031,315.5,312.9,314.1,314.7829519984422,313.27232130678044,295.1797807647724,325.22427764680697,Down,153
2026-01-21 23:10:00,314.1792740968016,317.2,314.1792740968016,316.125,314.90495636222016,313.3841910594557,295.38819090641647,325.22427764680697,Down,121
2026-01-21 23:20:00,315.1521370484008,317.8,315.0,316.575,315.0567785111092,313.50932082183004,295.59900492724813,325.22427764680697,Down,89
2026-01-21 23:30:00,315.8635685242004,316.9,315.5,316.4,315.1788895555538,313.6226807896014,295.8059800025989,325.22427764680697,Down,69
2026-01-21 23:40:00,316.1317842621001,317.1,313.6,315.35,315.1944450505034,313.6904187978524,296.0004478632696,325.22427764680697,Down,89
2026-01-21 23:50:00,315.7408921310501,315.7408921310501,312.8,313.5,315.0404045913667,313.68295139401505,296.17457276015244,325.22427764680697,Down,174
2026-01-22 00:00:00,314.620446065525,314.7,313.1,313.575,314.90718599215154,313.6787180060145,296.3477113396535,325.03477308996196,Down,59
2026-01-22 09:00:00,314.0977230327625,326.4,311.9,318.67499999999995,315.24971453831955,313.87465063322963,296.5698734158758,325.03477308996196,Down,117
2026-01-22 09:10:00,316.3863615163812,325.6,316.3863615163812,323.55,316.0042859439269,314.2540760985932,296.83833238686213,325.03477308996196,Down,520
2026-01-22 09:20:00,319.9681807581906,326.0,319.9681807581906,325.325,316.8516235853881,314.68822997707974,297.1217818158486,305.02152498781805,Up,226
2026-01-22 09:30:00,322.6465903790953,327.0,322.6465903790953,326.02500000000003,317.6855668958073,315.1328091936649,297.40937602663615,306.91063224442115,Up,350
2026-01-22 09:40:00,324.33579518954764,327.0,324.33579518954764,325.975,318.4391517234612,315.5579931468546,297.6936110910477,308.4148568044943,Up,149
2026-01-22 09:50:00,325.15539759477383,327.0,325.15539759477383,326.4,319.1628652031465,315.98316988619365,297.97924680158457,309.7223517497779,Up,314
2026-01-22 10:00:00,325.7776987973869,327.0,323.2,325.325,319.72305927558773,316.34951616516645,298.25134384833495,309.7223517497779,Up,4550
2026-01-22 10:10:00,325.55134939869345,325.6,322.1,323.75,320.08914479598883,316.63973121751286,298.50506181999333,309.7223517497779,Up,314
2026-01-22 10:20:00,324.6506746993467,325.5,322.2,323.875,320.43331345089894,316.9234672481986,298.7574990158143,309.7223517497779,Up,205
2026-01-22 10:30:00,324.26283734967336,325.2,322.7,323.95,320.7530122280899,317.1990175521908,299.00817066739825,309.7223517497779,Up,104
2026-01-22 10:40:00,324.1064186748367,324.1064186748367,321.2,322.325,320.8959202073545,317.4000364717127,299.2401789194639,309.7223517497779,Up,168
2026-01-22 10:50:00,323.21570933741833,325.0,322.5,323.625,321.14401837032227,317.6441526885083,299.48281395509116,309.7223517497779,Up,132
2026-01-22 11:00:00,323.42035466870914,325.5,323.42035466870914,324.9,321.48547124574753,317.9286957203315,299.7357212789211,310.48041844301054,Up,111
2026-01-22 11:10:00,324.16017733435456,326.2,324.16017733435456,325.05,321.80951931431593,318.2079625548283,299.9876046492801,311.7294632511753,Up,106
2026-01-22 11:20:00,324.60508866717726,325.5,324.2,324.8,322.0813811948327,318.466473827188,300.23449415525744,312.1494314399982,Up,103
2026-01-22 11:30:00,324.70254433358866,326.7,324.70254433358866,325.5,322.3921647225752,318.74229838298453,300.4858922233644,313.42895323355214,Up,127
2026-01-22 11:40:00,325.1012721667944,326.0,325.0,325.525,322.67696792961385,319.008286681691,300.7350375743757,313.97971006068894,Up,76
2026-01-22 11:50:00,325.3131360833971,325.6,323.6,324.8,322.86997084510347,319.2354126941737,300.9744899368198,313.97971006068894,Up,80
2026-01-22 12:00:00,325.0565680416986,326.6,324.4,325.05,323.0681553137304,319.46343572577473,301.2140472508813,314.51794219891644,Up,94
2026-01-22 12:10:00,325.05328402084933,325.05328402084933,322.5,323.775,323.1324139215731,319.63251667770515,301.43853434291236,314.51794219891644,Up,176
2026-01-22 12:20:00,324.41414201042465,325.0,322.9,324.05,323.2158308377937,319.8057513177951,301.6635240509431,314.51794219891644,Up,95
2026-01-22 12:30:00,324.23207100521233,326.4,324.23207100521233,325.425,323.4166643979942,320.02611401121493,301.8999566474512,314.74896457140915,Up,99
2026-01-22 12:40:00,324.8285355026062,326.4,324.5,325.7,323.62424036181295,320.2486193441085,302.13677299921784,315.15266278982085,Up,83
2026-01-22 12:50:00,325.2642677513031,327.3,325.2642677513031,326.725,323.9061276016481,320.5025950561042,302.38143197435005,316.18065195778075,Up,168
2026-01-22 13:00:00,325.9946338756516,327.9,325.9946338756516,327.025,324.1896614560437,320.75837564213936,302.62664160644607,317.0712911490893,Up,166
2026-01-22 13:10:00,326.5098169378258,328.4,326.5098169378258,327.275,324.47014677822153,321.01392953852604,302.87189890389436,317.7893639110891,Up,171
2026-01-22 13:20:00,326.8924084689129,327.7,325.0,326.125,324.6205879802014,321.21436367427015,303.10327304415415,317.7893639110891,Up,84
2026-01-22 13:30:00,326.50870423445645,326.7,325.0,325.725,324.72098907291036,321.39125137331837,303.3283648546601,317.7893639110891,Up,85
2026-01-22 13:40:00,326.11685211722823,326.11685211722823,324.3,325.29999999999995,324.77362642991847,321.5445356331882,303.5469880899371,317.7893639110891,Up,47
2026-01-22 13:50:00,325.7084260586141,325.7084260586141,323.2,324.15,324.7169331181077,321.6467107063965,303.7519931835696,317.7893639110891,Up,63
2026-01-22 14:00:00,324.92921302930705,324.92921302930705,320.1,322.0,324.4699391982797,321.6605651884986,303.9335653906983,317.7893639110891,Up,252
2026-01-22 14:10:00,323.4646065146535,323.4646065146535,320.2,320.625,324.1203992711633,321.61995478894966,304.099649317159,317.7893639110891,Up,79
2026-01-22 14:20:00,322.04480325732675,322.04480325732675,320.3,320.55,323.79581751923934,321.5779957776183,304.2633343985803,317.7893639110891,Up,129
2026-01-22 14:30:00,321.2974016286633,321.2974016286633,318.3,319.54999999999995,323.4098341083994,321.49846653143715,304.4154405239676,317.7893639110891,Up,214
2026-01-22 14:40:00,320.42370081433165,320.42370081433165,314.7,317.15,322.8407582803631,321.3279384321651,304.542152558555,329.06345822712154,Down,382
2026-01-22 14:50:00,318.78685040716584,318.78685040716584,315.0,315.675,322.189325709421,321.1062545720802,304.6529271599625,328.72646882433025,Down,90
2026-01-22 15:00:00,317.23092520358296,317.23092520358296,313.4,314.375,321.47893246310997,320.84228380454766,304.74966420314695,327.4658386946828,Down,198
2026-01-22 15:10:00,315.8029626017915,315.8029626017915,312.0,313.6,320.7626658755545,320.5582726749576,304.8377272459017,326.33017324053935,Down,271
2026-01-22 15:20:00,314.7014813008957,314.7014813008957,312.9,313.975,320.14560534141316,320.30010511907693,304.9286453827584,325.75463561408594,Down,152
2026-01-22 15:30:00,314.3382406504479,316.7,314.3,315.5,319.72327758310286,320.11186570264255,305.03383299089023,325.75463561408594,Down,117
2026-01-22 15:40:00,314.919120325224,318.2,314.919120325224,317.125,319.4870705300935,319.9947337143036,305.1541431103839,325.75463561408594,Down,211
2026-01-22 15:50:00,316.022060162612,317.6,316.022060162612,317.15,319.2746095728122,319.88317552942897,305.2735048704796,325.75463561408594,Down,104
2026-01-22 16:00:00,316.586030081306,320.5,316.586030081306,318.425,319.19737233892016,319.82599217533374,305.4043655185345,325.75463561408594,Down,219
2026-01-22 16:10:00,317.505515040653,319.0,317.505515040653,318.375,319.12261121720013,319.7690905213991,305.5334265581511,325.75463561408594,Down,119
2026-01-22 16:20:00,317.9402575203265,321.0,317.9402575203265,319.42499999999995,319.1501011065456,319.75559677546187,305.6716511695128,325.75463561408594,Down,186
2026-01-22 16:30:00,318.6826287601632,321.1,318.6826287601632,320.4,319.26372827867783,319.78086749014966,305.81820190414453,325.75463561408594,Down,76
2026-01-22 16:40:00,319.5413143800816,323.6,319.5413143800816,321.625,319.47838934425255,319.8531864121046,305.9754834772376,325.75463561408594,Down,226
2026-01-22 16:50:00,320.5831571900408,323.0,320.5831571900408,321.725,319.6826266765932,319.9265908665319,306.1321950844293,325.75463561408594,Down,99
2026-01-22 17:00:00,321.1540785950204,326.2,321.1,323.55,320.0342060696302,320.0686853423542,306.30550657612656,325.75463561408594,Down,305
2026-01-22 17:10:00,322.3520392975102,327.5,322.3520392975102,326.275,320.6015509723911,320.31207023088933,306.5042080032298,311.859072520683,Up,269
2026-01-22 17:20:00,324.3135196487551,326.4,324.3135196487551,325.525,321.0491372476283,320.5164988492858,306.693469615138,312.7189968529503,Up,212
2026-01-22 17:30:00,324.91925982437755,327.1,324.91925982437755,325.70000000000005,321.4719429523894,320.7197734042158,306.88258932046,313.72775805611946,Up,309
2026-01-22 17:40:00,325.3096299121888,325.7,322.7,324.575,321.7540390476267,320.87095876091325,307.0586332078186,313.72775805611946,Up,378
2026-01-22 17:50:00,324.9423149560944,328.0,324.2,325.70000000000005,322.1127627705697,321.06033292715193,307.2441194445567,313.72775805611946,Up,296
2026-01-22 18:00:00,325.3211574780472,326.5,321.5,324.2,322.3025116096088,321.18345712608715,307.4128346739641,313.72775805611946,Up,297
2026-01-22 18:10:00,324.7605787390236,324.7605787390236,318.1,321.0,322.18410146328074,321.1762627289857,307.54803034885003,313.72775805611946,Up,344
2026-01-22 18:20:00,322.8802893695118,322.8802893695118,317.8,319.75,321.9628195120734,321.1203308572608,307.6694429821948,313.72775805611946,Up,224
2026-01-22 18:30:00,321.31514468475586,321.31514468475586,316.1,319.025,321.6957450109758,321.03816101972114,307.7824335992874,313.72775805611946,Up,310
2026-01-22 18:40:00,320.1700723423779,324.2,320.1700723423779,321.825,321.70749546452345,321.0690174503203,307.9221606281502,313.72775805611946,Up,244
2026-01-22 18:50:00,320.9975361711889,322.4,320.2,321.375,321.6772686041122,321.08101676599404,308.0560197263776,313.72775805611946,Up,96
2026-01-22 19:00:00,321.18626808559446,325.7,321.18626808559446,323.29999999999995,321.824789640102,321.1680357163472,308.20770112213506,313.72775805611946,Up,248
2026-01-22 19:10:00,322.24313404279724,328.0,322.24313404279724,326.1,322.2134451273654,321.36144608041207,308.3857339467904,313.72775805611946,Up,321
2026-01-22 19:20:00,324.17156702139863,327.9,324.17156702139863,326.125,322.5690410248776,321.5482521164744,308.5622440567726,313.72775805611946,Up,223
2026-01-22 19:30:00,325.14828351069934,327.8,325.14828351069934,326.475,322.92412820443417,321.74145791582833,308.7404804343172,313.72775805611946,Up,208
2026-01-22 19:40:00,325.8116417553497,328.2,325.8116417553497,327.15,323.3082983676674,321.95355760540366,308.9236597334782,313.72775805611946,Up,204
2026-01-22 19:50:00,326.48082087767483,327.4,325.8,326.575,323.605271243334,322.1347906404859,309.09929496001075,313.72775805611946,Up,92
2026-01-22 20:00:00,326.5279104388374,328.0,326.0,326.5,323.8684284030309,322.3059753212512,309.2724363036923,313.72775805611946,Up,156
2026-01-22 20:10:00,326.5139552194187,328.0,326.0,326.9,324.14402582093714,322.48613315179034,309.4478349474367,313.8075782541316,Up,109
2026-01-22 20:20:00,326.7069776097093,328.5,326.7069776097093,327.725,324.46956892812466,322.6915789105437,309.6296972862682,314.9583699848686,Up,271
2026-01-22 20:30:00,327.21598880485465,328.6,327.21598880485465,328.0,324.790517207386,322.8997522866008,309.8124863679969,315.909155040569,Up,100
2026-01-22 20:40:00,327.6079944024273,329.7,327.6079944024273,328.775,325.15274291580545,323.1301541577145,310.0011680956785,316.9852321094978,Up,114
2026-01-22 20:50:00,328.1914972012137,329.9,326.0,327.875,325.4002208325504,323.3162265436865,310.1790171693534,316.9852321094978,Up,300
2026-01-22 21:00:00,328.03324860060684,328.9,325.5,327.375,325.57974621140943,323.4753941302086,310.35012147612605,316.9852321094978,Up,253
2026-01-22 21:10:00,327.7041243003034,328.5,324.6,326.775,325.6884056467358,323.6047904388279,310.5135531032293,316.9852321094978,Up,207
2026-01-22 21:20:00,327.2395621501517,327.2395621501517,322.8,324.425,325.57355058794167,323.6369555196582,310.6519754604111,316.9852321094978,Up,174
2026-01-22 21:30:00,325.83228107507585,325.83228107507585,323.5,324.45000000000005,325.4714096254015,323.66883961692656,310.78926923692444,316.9852321094978,Up,93
2026-01-22 21:40:00,325.1411405375379,327.0,325.1,325.85,325.5058269321832,323.75437531822354,310.9391272544675,316.9852321094978,Up,133
2026-01-22 21:50:00,325.495570268769,326.8,324.2,325.625,325.51666084743925,323.8277331488814,311.0852553414877,316.9852321094978,Up,269
2026-01-22 22:00:00,325.56028513438446,327.9,325.3,326.45,325.6015098613084,323.93056714304294,311.23813837291567,316.9852321094978,Up,164
2026-01-22 22:10:00,326.00514256719225,327.8,324.6,326.275,325.6627362375531,324.02250568645303,311.387758886618,316.9852321094978,Up,150
2026-01-22 22:20:00,326.1400712835961,326.7,325.2,325.875,325.68203294323007,324.0951525222784,311.53191053948746,316.9852321094978,Up,73
2026-01-22 22:30:00,326.0075356417981,326.2,322.0,324.225,325.54957540293645,324.10024458022826,311.6582099371045,316.9852321094978,Up,194
2026-01-22 22:40:00,325.11626782089905,325.11626782089905,322.4,322.75,325.29506854812405,324.0472938123762,311.7685760073821,316.9852321094978,Up,149
2026-01-22 22:50:00,323.9331339104496,323.9331339104496,320.5,321.65,324.96369868011277,323.95328229032225,311.86689863417433,316.9852321094978,Up,215
2026-01-22 23:00:00,322.7915669552248,322.7915669552248,318.3,319.85,324.4988169819207,323.79236925932923,311.94633247861043,316.9852321094978,Up,297
2026-01-22 23:10:00,321.3207834776124,322.8,319.9,321.225,324.2011972562915,323.69168811190457,312.0386575285745,316.9852321094978,Up,144
2026-01-22 23:20:00,321.2728917388062,322.9,319.5,321.05,323.9147247784468,323.588092499673,312.12832262779267,316.9852321094978,Up,129
2026-01-22 23:30:00,321.1614458694031,321.1614458694031,318.5,319.2,323.4861134349516,323.4160104408623,312.1986875767699,316.9852321094978,Up,285
2026-01-22 23:40:00,320.1807229347015,321.2,318.4,319.2,323.0964667590469,323.2506766980834,312.26835237700107,316.9852321094978,Up,156
2026-01-22 23:50:00,319.6903614673507,319.6903614673507,313.5,316.475,322.49451523549715,322.98496388639387,312.3102095672797,330.0786933570085,Down,357
2026-01-23 00:00:00,318.0826807336754,318.1,313.1,315.125,321.82455930499736,322.6767300084961,312.33821743228185,329.6759205666665,Down,127
2026-01-23 09:00:00,316.6038403668377,319.9,314.0,316.55,321.34505391363393,322.43646608659435,312.3801257165378,329.6759205666665,Down,17
2026-01-23 09:10:00,316.57692018341885,320.4,316.57692018341885,318.45,321.08186719421263,322.2801340831985,312.4405224755772,329.6759205666665,Down,337
2026-01-23 09:20:00,317.5134600917094,319.5,317.5134600917094,318.5,320.84715199473874,322.1318935309162,312.50081578427796,329.6759205666665,Down,99
2026-01-23 09:30:00,318.00673004585474,319.2,318.00673004585474,318.4,320.62468363158064,321.98554476499794,312.5595141346832,329.6759205666665,Down,65
2026-01-23 09:40:00,318.20336502292736,318.6,317.9,318.125,320.3974396650733,321.8341508526451,312.6148921034923,329.6759205666665,Down,55
2026-01-23 09:50:00,318.16418251146365,318.16418251146365,314.8,316.625,320.0544906046121,321.62987042705123,312.6547936746019,329.0720447693173,Down,473
2026-01-23 10:00:00,317.3945912557318,317.3945912557318,314.9,315.67499999999995,319.6563550951019,321.3963460965786,312.68484547883475,328.499832005937,Down,113
2026-01-23 10:10:00,316.5347956278659,317.9,314.9,316.325,319.3535046319108,321.1974697790657,312.7210659218314,328.499832005937,Down,146
2026-01-23 10:20:00,316.42989781393294,318.9,316.42989781393294,317.875,319.2190951199189,321.0671768465533,312.7723488479823,328.499832005937,Down,69
2026-01-23 10:30:00,317.15244890696647,318.0,316.3,317.15,319.0309955635626,320.91356206825714,312.8159075659128,328.499832005937,Down,45
2026-01-23 10:40:00,317.1512244534832,317.1512244534832,314.0,315.5,318.7099959668751,320.7012655165608,312.8426149533167,327.3139144445584,Down,152
2026-01-23 10:50:00,316.3256122267416,316.3256122267416,314.5,315.025,318.3749963335228,320.47866686885254,312.86433022741306,326.7478489392921,Down,71
2026-01-23 11:00:00,315.6753061133708,315.6753061133708,314.1,314.725,318.04317848502075,320.2530328739956,312.8828443545035,325.7650760305669,Down,85
2026-01-23 11:10:00,315.2001530566854,315.2001530566854,311.1,313.225,317.60516225910976,319.9774237416821,312.8862488882896,324.52960761612053,Down,243
2026-01-23 11:20:00,314.2125765283427,314.2125765283427,311.8,312.9,317.17742023555434,319.69987771259656,312.8863857152718,324.2286170815486,Down,71
2026-01-23 11:30:00,313.55628826417137,313.55628826417137,310.5,311.675,316.67720021414027,319.3851766258281,312.8743321260651,323.3416387894,Down,210
2026-01-23 11:40:00,312.61564413208566,312.61564413208566,310.3,311.125,316.17245474012753,319.06124813069755,312.85692583625354,322.58486962072334,Down,106
2026-01-23 11:50:00,311.87032206604283,313.0,310.7,311.6,315.75677703647955,318.76865016478786,312.8444191115147,322.58486962072334,Down,2548
2026-01-23 12:00:00,311.7351610330214,313.0,311.1,311.82500000000005,315.39934276043596,318.49635015832564,312.83427563776826,322.58486962072334,Down,76
2026-01-23 12:10:00,311.78008051651074,312.1,310.9,311.525,315.0471297822145,318.22296387760696,312.821248019482,321.615587944914,Down,63
2026-01-23 12:20:00,311.6525402582554,311.6525402582554,310.6,311.1,314.6882998020132,317.94363196083805,312.80412117351705,320.70500108205147,Down,41
2026-01-23 12:30:00,311.3762701291277,311.5,310.7,311.175,314.3689089109211,317.6781954133542,312.7879110125865,320.0988463208398,Down,38
2026-01-23 12:40:00,311.27563506456386,311.3,310.1,310.95000000000005,314.05809900992824,317.4143446128305,312.76962334081946,319.3171330189453,Down,128
2026-01-23 12:50:00,311.11281753228195,312.2,311.11281753228195,311.75,313.84827182720744,317.19221345154307,312.7594778349407,319.3171330189453,Down,77
2026-01-23 13:00:00,311.431408766141,312.4,310.6,311.67499999999995,313.6507016610976,316.97585213971786,312.74868701071244,319.3171330189453,Down,101
2026-01-23 13:10:00,311.55320438307047,313.0,311.5,312.25,313.52336514645236,316.790524604827,312.7437249509044,319.3171330189453,Down,140
2026-01-23 13:20:00,311.90160219153523,314.6,311.90160219153523,313.525,313.52351376950213,316.66246481640246,312.7514988319899,319.3171330189453,Down,193
2026-01-23 13:30:00,312.71330109576763,314.5,312.71330109576763,313.95,313.56228524500193,316.5560936471318,312.7634242167463,319.3171330189453,Down,76
2026-01-23 13:40:00,313.3316505478838,317.0,313.2,315.35,313.72480476818356,316.5087958570482,312.7891612892165,319.3171330189453,Down,166
2026-01-23 13:50:00,314.3408252739419,317.8,314.3408252739419,316.95,314.0180043347123,316.52609798030124,312.83056266942333,319.3171330189453,Down,166
2026-01-23 14:00:00,315.64541263697095,318.6,315.64541263697095,317.275,314.3140948497384,316.5554666869561,312.874785926444,319.3171330189453,Down,158
2026-01-23 14:10:00,316.46020631848546,318.5,316.46020631848546,317.6,314.6128134997622,316.5964287776637,312.9218029819023,319.3171330189453,Down,125
2026-01-23 14:20:00,317.03010315924274,318.4,317.03010315924274,317.79999999999995,314.9025577270565,316.64362764912784,312.97034225571423,319.3171330189453,Down,79
2026-01-23 14:30:00,317.4150515796214,318.2,317.0,317.475,315.1364161155059,316.67623048641696,313.0151647208315,319.3171330189453,Down,124
2026-01-23 14:40:00,317.44502578981064,319.2,317.3,318.2,315.41492374136897,316.7359861536163,313.0667551216192,319.3171330189453,Down,112
2026-01-23 14:50:00,317.82251289490534,319.6,317.82251289490534,318.8,315.7226579466991,316.8169278730823,313.1238023343395,319.3171330189453,Down,86
2026-01-23 15:00:00,318.3112564474527,319.2,318.3112564474527,318.75,315.99787086063554,316.89273462315754,313.17978440066446,319.3171330189453,Down,73
2026-01-23 15:10:00,318.53062822372635,319.1,317.6,318.25,316.20260987330505,316.9459607163671,313.23023430712556,319.3171330189453,Down,55
2026-01-23 15:20:00,318.3903141118632,318.3903141118632,317.1,317.65,316.33419079391365,316.97357010003896,313.2742120752139,319.3171330189453,Down,84
2026-01-23 15:30:00,318.0201570559316,318.5,317.3,318.05,316.49017344901245,317.01578303729235,313.32173235307243,319.3171330189453,Down,69
2026-01-23 15:40:00,318.03507852796577,319.0,318.0,318.375,316.66152131728404,317.06908566328093,313.37201362319115,319.3171330189453,Down,102
2026-01-23 15:50:00,318.2050392639829,318.2050392639829,316.1,317.07500000000005,316.69911028844,317.0693175980542,313.40885925878126,319.3171330189453,Down,201
2026-01-23 16:00:00,317.64001963199144,318.1,315.0,316.775,316.7060093531273,317.0577757314639,313.4423531965048,319.3171330189453,Down,217
2026-01-23 16:10:00,317.2075098159957,319.0,317.1,318.1,316.83273577557026,317.0986472714065,313.48869794081827,319.3171330189453,Down,144
2026-01-23 16:20:00,317.65375490799784,318.4,316.5,317.67499999999995,316.9093052505184,317.12124933919443,313.5303526876758,319.3171330189453,Down,75
2026-01-23 16:30:00,317.6643774539989,317.6643774539989,316.3,316.9,316.90845931865306,317.11257289452016,313.56388151665413,319.3171330189453,Down,41
2026-01-23 16:40:00,317.28218872699944,318.4,317.0,317.875,316.9963266533209,317.1424719966958,313.60677821798095,319.3171330189453,Down,76
2026-01-23 16:50:00,317.57859436349975,318.4,317.1,317.975,317.0852969575645,317.17512015368817,313.65024311133436,319.3171330189453,Down,54
2026-01-23 17:00:00,317.7767971817499,318.9,317.7767971817499,318.2,317.1866335977859,317.2153115202102,313.69551432415693,319.3171330189453,Down,62
2026-01-23 17:10:00,317.9883985908749,319.7,317.8,318.75,317.328757816169,317.2754953821628,313.7458077139663,319.3171330189453,Down,61
2026-01-23 17:20:00,318.36919929543745,320.9,318.36919929543745,320.0,317.57159801469913,317.38233870050937,313.8080384829816,312.33142496699645,Up,247
2026-01-23 17:30:00,319.1845996477188,321.0,319.1845996477188,320.1,317.80145274063557,317.4889136534306,313.8706450652405,312.7929045314643,Up,110
2026-01-23 17:40:00,319.6422998238594,322.5,319.3,321.025,318.0945024914869,317.6275837062372,313.94183267653165,313.1005497341862,Up,213
2026-01-23 17:50:00,320.3336499119297,323.8,320.3336499119297,322.70000000000005,318.5131840831699,317.82650199226714,314.0289786200488,313.7159246822904,Up,318
2026-01-23 18:00:00,321.51682495596486,323.8,320.9,322.65,318.8892582574272,318.0156587768841,314.114759927312,313.7159246822904,Up,208
2026-01-23 18:10:00,322.0834124779824,323.4,320.4,322.075,319.17887114311566,318.174848628771,314.19396629619445,313.7159246822904,Up,152
2026-01-23 18:20:00,322.0792062389912,322.0792062389912,318.7,320.375,319.2876101301051,318.26112907470156,314.2554691191179,313.7159246822904,Up,223
2026-01-23 18:30:00,321.2271031194956,321.2271031194956,315.6,318.35,319.2023728455501,318.264614209027,314.29621071992267,313.7159246822904,Up,240
2026-01-23 18:40:00,319.7885515597478,319.7885515597478,313.0,315.85,318.8976116777728,318.1699234557318,314.31167130977417,313.7159246822904,Up,335
2026-01-23 18:50:00,317.8192757798739,320.7,315.2,317.825,318.80010152524795,318.1563970457031,314.34662980420427,313.7159246822904,Up,385
2026-01-23 19:00:00,317.8221378899369,321.0,316.6,319.025,318.8205468411345,318.1904599066559,314.39318075142614,313.7159246822904,Up,155
2026-01-23 19:10:00,318.42356894496845,320.2,317.0,318.975,318.834588037395,318.22122618482626,314.43877099270554,313.7159246822904,Up,107
2026-01-23 19:20:00,318.69928447248424,322.4,318.69928447248424,320.9,319.02235276126817,318.32627613836246,314.503061828599,313.7159246822904,Up,280
2026-01-23 19:30:00,319.7996422362421,322.9,319.7996422362421,321.65000000000003,319.26122978297104,318.4566182505836,314.57417564124984,313.7159246822904,Up,262
2026-01-23 19:40:00,320.7248211181211,324.9,320.7248211181211,323.6,319.6556634390646,318.65831949565876,314.66398483884933,313.7159246822904,Up,471
2026-01-23 19:50:00,322.1624105590605,326.6,322.1624105590605,325.45,320.1824213082405,318.9246599075937,314.77130837279117,313.7159246822904,Up,361
2026-01-23 20:00:00,323.8062052795302,327.0,323.8062052795302,326.20000000000005,320.7294739165823,319.2099673621979,314.88502669744,313.7159246822904,Up,223
2026-01-23 20:10:00,325.00310263976513,326.0,323.0,324.675,321.0881581059839,319.42428236760196,314.98243936711725,313.7159246822904,Up,187
2026-01-23 20:20:00,324.83905131988257,324.83905131988257,318.6,321.225,321.1005982781671,319.4948987453431,315.04455439829024,313.7159246822904,Up,334
2026-01-23 20:30:00,323.03202565994127,323.03202565994127,318.0,320.375,321.03463479833374,319.5294125200355,315.09759365800875,313.7159246822904,Up,340
2026-01-23 20:40:00,321.70351282997063,323.5,320.5,322.25,321.14512254393975,319.63610222513216,315.1687618803171,313.7159246822904,Up,181
2026-01-23 20:50:00,321.9767564149853,323.7,321.9767564149853,323.075,321.3205659490361,319.7709609614015,315.2474309163339,313.7159246822904,Up,95
2026-01-23 21:00:00,322.5258782074926,323.5,321.3,322.375,321.4164235900328,319.87308013938576,315.3183520017435,313.7159246822904,Up,83
2026-01-23 21:10:00,322.4504391037463,323.4,321.8,322.45000000000005,321.510385081848,319.97413582019414,315.389313673368,313.7159246822904,Up,78
2026-01-23 21:20:00,322.45021955187315,322.7,320.7,322.175,321.57080461986186,320.0604442194022,315.4568329402997,313.7159246822904,Up,181
2026-01-23 21:30:00,322.3126097759366,323.2,321.6,322.375,321.64391329078353,320.151211112759,315.52567042348085,313.7159246822904,Up,57
2026-01-23 21:40:00,322.3438048879683,323.6,320.2,321.7,321.6490120825305,320.21194793186646,315.5871065386701,313.7159246822904,Up,126
2026-01-23 21:50:00,322.0219024439841,322.0219024439841,319.3,320.55,321.5491018932095,320.22520487571484,315.636488563161,313.7159246822904,Up,142
2026-01-23 22:00:00,321.28595122199204,321.28595122199204,319.3,320.0,321.40827444837225,320.2163733119613,315.67990658740814,313.7159246822904,Up,182
2026-01-23 22:10:00,320.642975610996,321.0,318.4,320.075,321.28706768033845,320.2108292605119,315.72363886017024,313.7159246822904,Up,123
2026-01-23 22:20:00,320.35898780549803,321.0,319.5,320.425,321.2086978912168,320.21922811304086,315.7704185730044,313.7159246822904,Up,46
2026-01-23 22:30:00,320.39199390274905,322.7,320.1,321.15,321.20336171928795,320.25572897135294,315.8239467464074,313.7159246822904,Up,183
2026-01-23 22:40:00,320.7709969513745,322.8,320.5,321.35,321.2166924720799,320.2986415607117,315.87893235092076,313.7159246822904,Up,88
2026-01-23 22:50:00,321.06049847568727,321.06049847568727,318.5,319.675,321.07653861098174,320.27418502891913,315.91670416832454,313.7159246822904,Up,102
2026-01-23 23:00:00,320.36774923784367,320.36774923784367,318.0,318.975,320.885489646347,320.2232365964125,315.94713497261984,313.7159246822904,Up,120
2026-01-23 23:10:00,319.67137461892185,322.3,318.9,320.475,320.84817240577,320.233109671063,315.99218835597685,313.7159246822904,Up,118
2026-01-23 23:20:00,320.07318730946093,323.5,320.07318730946093,321.975,320.9506112779727,320.3014190957272,316.05171882009654,313.7159246822904,Up,200
2026-01-23 23:30:00,321.02409365473045,322.5,319.8,321.2,320.9732829799752,320.33665756256147,316.1029454985036,313.7159246822904,Up,82
2026-01-23 23:40:00,321.11204682736525,321.11204682736525,318.4,319.42499999999995,320.83252998179563,320.3009062855983,316.1360007671752,313.7159246822904,Up,102
2026-01-23 23:50:00,320.2685234136826,322.4,318.4,320.125,320.7682090743597,320.29400799988855,316.1756923018301,313.7159246822904,Up,109
2026-01-24 00:00:00,320.1967617068413,322.5,320.1967617068413,321.5,320.8347355221452,320.34130180381453,316.2286704878815,313.7159246822904,Up,99
2026-01-27 09:00:00,320.8483808534206,333.4,320.8483808534206,329.79999999999995,321.6497595655865,320.71223114484144,316.3637085924797,313.7159246822904,Up,1892
2026-01-27 09:10:00,325.3241904267103,331.4,325.2,328.625,322.2838723323514,321.02253580582806,316.485711492057,313.7159246822904,Up,497
2026-01-27 09:20:00,326.97459521335514,332.0,326.97459521335514,330.4,323.02170212031945,321.39027949971717,316.6241621239769,313.7159246822904,Up,369
2026-01-27 09:30:00,328.6872976066776,330.9,328.2,329.2,323.58336556392675,321.6965430487479,316.74929483916117,313.7767602845829,Up,340
2026-01-27 09:40:00,328.9436488033388,329.9,327.9,328.725,324.050786876297,321.97216881154213,316.8684560845427,313.83341844052995,Up,211
2026-01-27 09:50:00,328.8343244016694,329.5,327.8,328.77500000000003,324.4802607966336,322.23894650520714,316.98692915832834,314.3349258550272,Up,111
2026-01-27 10:00:00,328.80466220083474,329.7,327.4,328.75,324.8684189060305,322.4942819363755,317.10397463934004,314.69993259547925,Up,161
2026-01-27 10:10:00,328.77733110041737,329.6,328.3,328.9,325.2349262782095,322.7454865663216,317.2213480260133,315.88630235952667,Up,118
2026-01-27 10:20:00,328.8386655502087,329.4,328.8,329.0,325.57720570746324,322.9907616029364,317.3385485431674,317.0057294177515,Up,81
2026-01-27 10:30:00,328.91933277510435,330.0,328.6,329.225,325.90882337042115,323.2352415400762,317.45682169199165,317.7961176525014,Up,94
2026-01-27 10:40:00,329.0721663875522,329.8,328.8,329.225,326.21029397311014,323.47013402870067,317.5739179935639,318.47828877500126,Up,57
2026-01-27 10:50:00,329.14858319377606,329.3,322.9,326.25,326.21390361191834,323.57914838051636,317.66024716775735,318.47828877500126,Up,519
2026-01-27 11:00:00,327.69929159688803,327.69929159688803,323.5,325.17499999999995,326.11945782901665,323.6417307969667,317.7350208277797,318.47828877500126,Up,245
2026-01-27 11:10:00,326.437145798444,327.0,322.7,325.04999999999995,326.0222343900151,323.69695704022297,317.8078066901898,318.47828877500126,Up,338
2026-01-27 11:20:00,325.743572899222,326.0,323.2,324.85,325.9156676272865,323.74217441119464,317.8778782654118,318.47828877500126,Up,211
2026-01-27 11:30:00,325.296786449611,328.3,325.296786449611,326.725,325.98924329753316,323.85914796369684,317.96590932744755,318.47828877500126,Up,235
2026-01-27 11:40:00,326.0108932248055,328.0,326.0108932248055,327.275,326.1061302704847,323.99310294551265,318.05853709533363,318.47828877500126,Up,142
2026-01-27 11:50:00,326.64294661240274,327.8,325.6,327.20000000000005,326.2055729731679,324.11886361431607,318.14949692523084,318.47828877500126,Up,80
2026-01-27 12:00:00,326.9214733062014,330.6,326.9214733062014,328.625,326.4255208846981,324.2955748451272,318.2537307866713,318.47828877500126,Up,291
2026-01-27 12:10:00,327.7732366531007,329.8,327.7732366531007,329.17499999999995,326.67547353154373,324.4869248512007,318.3624001320776,318.47828877500126,Up,129
2026-01-27 12:20:00,328.4741183265503,330.0,328.4741183265503,329.45,326.92770321049426,324.68155524919285,318.47272450887283,318.47828877500126,Up,109
2026-01-27 12:30:00,328.9620591632752,331.6,328.9620591632752,330.6,327.2615483731766,324.9136511217735,318.5933939167448,318.90983013172587,Up,293
2026-01-27 12:40:00,329.7810295816376,331.0,329.7810295816376,330.65,327.56958943016053,325.13860597974315,318.7133601464289,319.60979877513086,Up,75
2026-01-27 12:50:00,330.2155147908188,330.9,328.8,330.275,327.81553584560044,325.3400331962238,318.82840133900174,319.60979877513086,Up,118
2026-01-27 13:00:00,330.2452573954094,331.5,329.8,330.85,328.0913962232731,325.5561103257837,318.94801923612613,320.4279206481918,Up,148
2026-01-27 13:10:00,330.5476286977047,331.4,329.7,330.52500000000003,328.31263293024824,325.75096874438043,319.0632130745727,320.63901877108344,Up,61
2026-01-27 13:20:00,330.5363143488524,331.5,329.7,330.32500000000005,328.49557539113476,325.9303425191106,319.1752706559202,320.93547161007587,Up,162
2026-01-27 13:30:00,330.4306571744262,330.7,329.0,329.775,328.61188671921343,326.0811134007141,319.2807405996424,320.93547161007587,Up,163
2026-01-27 13:40:00,330.1028285872131,331.2,328.7,329.95,328.7335333811031,326.2328344438234,319.3869023847206,320.93547161007587,Up,91
2026-01-27 13:50:00,330.02641429360654,331.2,330.02641429360654,330.65000000000003,328.9077576191846,326.406056622497,319.4989730077582,321.5602181235695,Up,53
2026-01-27 14:00:00,330.33820714680326,331.3,330.0,330.6,329.06159783562236,326.5705249902422,319.6094309877805,321.9472827061511,Up,74
2026-01-27 14:10:00,330.46910357340164,331.2,329.1,330.15,329.1605434869294,326.71089655925226,319.7143122714842,321.9472827061511,Up,59
2026-01-27 14:20:00,330.3095517867008,330.3095517867008,328.3,329.025,329.148221351754,326.80164571379134,319.8069559304744,321.9472827061511,Up,61
2026-01-27 14:30:00,329.6672758933504,329.7,328.1,328.90000000000003,329.1256557743218,326.8839341171721,319.8974339809174,321.9472827061511,Up,39
2026-01-27 14:40:00,329.2836379466752,329.9,329.0,329.525,329.16195979483797,326.9875053282634,319.9932306577242,321.9472827061511,Up,22
2026-01-27 14:50:00,329.4043189733376,330.1,329.3,329.825,329.2222361771254,327.0987796291158,320.09105920839363,322.1233739126133,Up,26
2026-01-27 15:00:00,329.6146594866688,330.2,329.3,329.875,329.28157834284127,327.20765101620935,320.1884118530863,322.534885375103,Up,35
2026-01-27 15:10:00,329.7448297433344,330.0,329.1,329.7,329.3196166753103,327.3053901920443,320.2830545212148,322.66353215918457,Up,27
2026-01-27 15:20:00,329.7224148716672,329.9,327.6,328.825,329.2746515230093,327.3649827335327,320.3680490035908,322.66353215918457,Up,90
2026-01-27 15:30:00,329.2737074358336,329.2737074358336,326.0,327.175,329.08377411182664,327.3575324302569,320.43577985927647,322.66353215918457,Up,113
2026-01-27 15:40:00,328.2243537179168,328.2243537179168,325.8,326.67499999999995,328.8647946471151,327.3307664525998,320.49786165172145,322.66353215918457,Up,111
2026-01-27 15:50:00,327.4496768589584,327.5,326.4,327.075,328.7020860428319,327.3207363956351,320.5633058143909,322.66353215918457,Up,34
2026-01-27 16:00:00,327.2623384294792,327.5,325.0,326.5,328.50189640257446,327.28855065462983,320.62237739832733,322.66353215918457,Up,205
2026-01-27 16:10:00,326.8811692147396,326.9,325.3,325.875,328.26308763870406,327.2331172956247,320.67464229983653,322.66353215918457,Up,61
2026-01-27 16:20:00,326.37808460736983,326.37808460736983,324.0,325.2,327.9846251260946,327.1533872056002,320.7196707346641,322.66353215918457,Up,133
2026-01-27 16:30:00,325.78904230368494,328.4,325.2,326.1,327.8132955691769,327.11207790341984,320.77320634924456,322.66353215918457,Up,125
2026-01-27 16:40:00,325.9445211518425,328.8,325.5,327.175,327.7552686992517,327.11454543661904,320.83690578855555,322.66353215918457,Up,150
2026-01-27 16:50:00,326.55976057592125,328.9,326.55976057592125,328.275,327.80251699931966,327.1600534587124,320.91091667623164,322.66353215918457,Up,67
2026-01-27 17:00:00,327.4173802879606,329.2,327.4173802879606,328.475,327.8636518175633,327.2116199897433,320.9861811869159,322.66353215918457,Up,101
2026-01-27 17:10:00,327.9461901439803,330.7,327.9461901439803,329.625,328.02377437960297,327.30626234308676,321.072139583066,322.66353215918457,Up,251
2026-01-27 17:20:00,328.78559507199014,331.3,328.78559507199014,330.15000000000003,328.2170676178209,327.4177814668873,321.16246655238876,322.66353215918457,Up,217
2026-01-27 17:30:00,329.4677975359951,331.5,328.4,330.05,328.3836978343826,327.5210057230878,321.25089972102177,322.66353215918457,Up,617
2026-01-27 17:40:00,329.75889876799755,330.1,326.0,327.8,328.33063439489325,327.5319466751236,321.316064897927,322.66353215918457,Up,493
2026-01-27 17:50:00,328.7794493839988,328.7794493839988,324.3,325.775,328.0983039953575,327.4630468055109,321.3604324113805,322.66353215918457,Up,365
2026-01-27 18:00:00,327.2772246919994,327.2772246919994,323.4,324.85,327.8030036321432,327.3605743817654,321.3951544769389,322.66353215918457,Up,215
2026-01-27 18:10:00,326.0636123459997,326.0636123459997,323.5,324.525,327.50500330194836,327.24937538640205,321.4262972184619,322.66353215918457,Up,190
2026-01-27 18:20:00,325.2943061729998,325.2943061729998,323.3,324.15000000000003,327.2000030017713,327.127831253602,321.45339873867624,322.66353215918457,Up,159
2026-01-27 18:30:00,324.7221530865,324.7221530865,320.1,322.925,326.8113663652466,326.96301434169607,321.4680415372964,322.66353215918457,Up,483
2026-01-27 18:40:00,323.82357654324994,325.2,321.0,323.6,326.51942396840604,326.83113142633545,321.48925505433823,322.66353215918457,Up,254
2026-01-27 18:50:00,323.711788271625,327.9,323.711788271625,326.125,326.4835672440055,326.80343999785174,321.535381869718,322.66353215918457,Up,293
2026-01-27 19:00:00,324.9183941358125,329.7,324.9183941358125,328.125,326.6327884036413,326.8552658802889,321.6009502093228,322.66353215918457,Up,361
2026-01-27 19:10:00,326.52169706790625,329.5,326.52169706790625,328.2,326.77526218512844,326.90800055165016,321.6666123962947,322.66353215918457,Up,295
2026-01-27 19:20:00,327.3608485339531,330.6,327.3608485339531,328.975,326.9752383501168,326.9890593535462,321.73933267095845,322.66353215918457,Up,438
2026-01-27 19:30:00,328.16792426697657,332.6,328.16792426697657,330.625,327.30703486374256,327.1316452612503,321.8277472712474,322.66353215918457,Up,647
2026-01-27 19:40:00,329.3964621334883,334.0,329.3964621334883,331.725,327.7086680579478,327.31177681963266,321.9262273979017,322.66353215918457,Up,667
2026-01-27 19:50:00,330.5607310667441,331.0,328.2,329.475,327.86924368904346,327.3966091012157,322.00133956309674,322.66353215918457,Up,355
2026-01-27 20:00:00,330.01786553337206,331.3,325.1,328.675,327.9424942627668,327.4467420776386,322.0677441445585,322.66353215918457,Up,496
2026-01-27 20:10:00,329.346432766686,332.4,329.0,330.775,328.1999947843334,327.5772619961626,322.1543835063042,322.66353215918457,Up,357
2026-01-27 20:20:00,330.060716383343,332.3,328.1,330.375,328.3977225312122,327.6869772119993,322.236180685346,322.66353215918457,Up,304
2026-01-27 20:30:00,330.2178581916715,330.2178581916715,324.5,327.0,328.27065684655656,327.6600369291758,322.2835818725565,322.66353215918457,Up,494
2026-01-27 20:40:00,328.6089290958357,328.6089290958357,324.0,325.875,328.05286986050595,327.5900354809728,322.31931737631214,322.66353215918457,Up,278
2026-01-27 20:50:00,327.24196454791786,327.9,326.5,327.15,327.97079078227813,327.5727791876013,322.3673838700802,322.66353215918457,Up,157
2026-01-27 21:00:00,327.1959822739589,327.9,325.2,326.925,327.87571889298016,327.5473760822052,322.4127332843082,322.66353215918457,Up,138
2026-01-27 21:10:00,327.06049113697946,329.4,327.06049113697946,328.025,327.8892899027092,327.56610643192266,322.4685767342156,322.66353215918457,Up,251
2026-01-27 21:20:00,327.5427455684897,329.6,326.7,328.29999999999995,327.9266271842811,327.59488657184727,322.526600846313,322.66353215918457,Up,175
2026-01-27 21:30:00,327.92137278424485,329.8,327.7,328.975,328.0219338038919,327.6490086670689,322.5907640219716,322.66353215918457,Up,157
2026-01-27 21:40:00,328.44818639212247,330.8,328.1,329.55,328.160848912629,327.7235573467917,322.66001015110623,322.66353215918457,Up,226
2026-01-27 21:50:00,328.99909319606127,331.5,328.99909319606127,330.67499999999995,328.38940810238995,327.83930019593714,322.7397612938813,322.66353215918457,Up,184
2026-01-27 22:00:00,329.8370465980306,332.0,329.8370465980306,331.15,328.6403710021727,327.9691315608024,322.8234452611064,322.66353215918457,Up,439
2026-01-27 22:10:00,330.4935232990153,332.7,330.4935232990153,331.57500000000005,328.90715545652057,328.1105381662611,322.91052540776207,322.66353215918457,Up,216
2026-01-27 22:20:00,331.0342616495077,332.1,329.7,331.25,329.1201413241096,328.2336543166038,322.993505254451,322.66353215918457,Up,192
2026-01-27 22:30:00,331.14213082475385,334.3,331.14213082475385,333.05,329.477401203736,328.4225306179135,323.0935698787848,322.66353215918457,Up,416
2026-01-27 22:40:00,332.0960654123769,334.9,332.0960654123769,334.1,329.8976374579418,328.6451764760346,323.20308659640887,322.66353215918457,Up,284
2026-01-27 22:50:00,333.09803270618846,334.7,333.09803270618846,333.75,330.2478522344926,328.8453656338371,323.30803100838494,322.66353215918457,Up,143
2026-01-27 23:00:00,333.4240163530942,334.1,332.2,333.425,330.5366838495387,329.0249591383925,323.40869736651047,322.66353215918457,Up,147
2026-01-27 23:10:00,333.4245081765471,335.9,333.4245081765471,334.7,330.9151671359443,329.24750976041634,323.52104863649544,323.5962840721537,Up,316
2026-01-27 23:20:00,334.0622540882736,336.0,333.4,334.95,331.28197012358567,329.4711368286353,323.6347695455851,323.6945727126183,Up,227
2026-01-27 23:30:00,334.50612704413675,336.8,334.50612704413675,335.7,331.68360920325966,329.71540597261037,323.75482158990764,324.81399400413477,Up,644
2026-01-27 23:40:00,335.1030635220684,337.4,335.1030635220684,336.55,332.1260083665997,329.98342926780214,323.88213679796826,325.5625825709376,Up,235
2026-01-27 23:50:00,335.8265317610342,337.2,335.3,336.20000000000005,332.49637124236335,330.2272163553393,324.00470260097353,325.84186437263946,Up,204
2026-01-28 00:00:00,336.0132658805171,336.5,335.6,335.925,332.8080647657849,330.45065885120835,324.123312525342,326.2607857933086,Up,99
2026-01-28 09:00:00,335.96913294025853,336.5,333.8,335.04999999999995,333.0118770598044,330.6310251707688,324.23203578379633,326.2607857933086,Up,73
2026-01-28 09:10:00,335.50956647012924,335.9,334.0,334.825,333.176706418004,330.7954947719151,324.3374384128133,326.2607857933086,Up,326
2026-01-28 09:20:00,335.1672832350646,335.5,334.2,334.95,333.33791492545816,330.9584165455655,324.44303604054653,326.2607857933086,Up,172
2026-01-28 09:30:00,335.0586416175323,335.9,334.2,335.17499999999995,333.50492265950743,331.1237727594649,324.54982175158585,326.2607857933086,Up,164
2026-01-28 09:40:00,335.11682080876614,335.9,330.0,334.25,333.57265696318854,331.24636990615255,324.64634093813726,326.2607857933086,Up,98
2026-01-28 09:50:00,334.68341040438304,335.7,334.6,335.3,333.7296881483532,331.4053357921858,324.7523474959668,326.2607857933086,Up,50
2026-01-28 10:00:00,334.9917052021915,335.7,332.2,334.225,333.77471649850287,331.5159108591589,324.8466027447631,326.2607857933086,Up,137
2026-01-28 10:10:00,334.6083526010957,334.6083526010957,332.0,332.95000000000005,333.69974227136623,331.57214964899583,324.92723356322324,326.2607857933086,Up,127
2026-01-28 10:20:00,333.7791763005479,334.0,332.2,332.85,333.62249297396926,331.6222614274666,325.0060670601066,326.2607857933086,Up,167
2026-01-28 10:30:00,333.31458815027395,333.8,332.2,332.875,333.5545390672448,331.671388430311,325.0843649003046,326.2607857933086,Up,116
2026-01-28 10:40:00,333.094794075137,333.5,332.6,333.15,333.51776278840435,331.7293731977498,325.1646199759235,326.2607857933086,Up,68
2026-01-28 10:50:00,333.1223970375685,333.5,332.3,332.9,333.461602534913,331.77528013117137,325.2415889313869,326.2607857933086,Up,53
2026-01-28 11:00:00,333.0111985187842,333.0111985187842,330.8,331.775,333.30827503173913,331.77526914563526,325.30659799674623,326.2607857933086,Up,295
2026-01-28 11:10:00,332.3930992593921,332.5,330.5,331.6,333.152977301581,331.7683958458064,325.36921891220146,326.2607857933086,Up,141
2026-01-28 11:20:00,331.99654962969606,333.2,330.6,331.85,333.0345248196191,331.77159600871596,325.43370429615965,326.2607857933086,Up,163
2026-01-28 11:30:00,331.923274814848,332.0,330.5,331.075,332.85638619965374,331.7442785181781,325.4898365917203,326.2607857933086,Up,102
2026-01-28 11:40:00,331.499137407424,332.3,329.7,330.75,332.66489654513975,331.7052872037398,325.5421765261311,326.2607857933086,Up,220
2026-01-28 11:50:00,331.124568703712,331.124568703712,329.2,329.825,332.4067241319452,331.63155045065196,325.58479168507506,326.2607857933086,Up,140
2026-01-28 12:00:00,330.474784351856,331.9,329.3,330.225,332.20838557449565,331.5763916094499,325.6309629120892,326.2607857933086,Up,116
2026-01-28 12:10:00,330.349892175928,331.2,330.3,330.725,332.0735323404506,331.543003703197,325.68164984828735,326.2607857933086,Up,59
2026-01-28 12:20:00,330.537446087964,331.8,330.537446087964,331.25,331.998665764046,331.5315133618951,325.73705631745867,326.2607857933086,Up,38
2026-01-28 12:30:00,330.893723043982,331.7,329.0,330.625,331.8737870582236,331.4959638182914,325.7856925730063,326.2607857933086,Up,164
2026-01-28 12:40:00,330.75936152199097,331.4,330.2,330.9,331.7852609620214,331.47259268816236,325.8365812041207,326.2607857933086,Up,40
2026-01-28 12:50:00,330.8296807609955,331.9,330.4,331.025,331.7161463291104,331.45504003372463,325.8882072617912,326.2607857933086,Up,85
2026-01-28 13:00:00,330.9273403804977,331.0,329.7,330.325,331.5896784810095,331.41072473828444,325.93235445321613,326.2607857933086,Up,62
2026-01-28 13:10:00,330.6261701902489,330.8,329.7,330.25,331.4678895281904,331.36520612109683,325.9753161004478,326.2607857933086,Up,89
2026-01-28 13:20:00,330.43808509512445,331.0,330.3,330.575,331.3867177529004,331.3342176457597,326.02108409944833,326.2607857933086,Up,26
2026-01-28 13:30:00,330.5065425475622,331.3,330.5,330.95,331.3470161390003,331.31915028710245,326.0701280387573,326.2607857933086,Up,36
2026-01-28 13:40:00,330.7282712737811,331.3,330.1,330.85,331.3018328536366,331.3007522366279,326.1176889537945,326.2607857933086,Up,64
2026-01-28 13:50:00,330.7891356368906,330.7891356368906,330.0,330.475,331.22666623057876,331.2683697959758,326.16104528261246,326.2607857933086,Up,45
2026-01-28 14:00:00,330.6320678184453,331.0,330.3,330.7,331.1787874823443,331.2460807843689,326.2062090111437,326.2607857933086,Up,47
2026-01-28 14:10:00,330.6660339092226,331.2,330.5,330.875,331.15117043849483,331.23152859674667,326.2526646428736,326.2607857933086,Up,51
2026-01-28 14:20:00,330.7705169546113,331.8,330.7705169546113,331.1,331.1465185804499,331.2263706125606,326.30089683548186,326.2607857933086,Up,79
2026-01-28 14:30:00,330.93525847730564,331.5,330.7,331.04999999999995,331.13774416404533,331.21945411795036,326.3481515933378,326.2607857933086,Up,68
2026-01-28 14:40:00,330.9926292386528,330.9926292386528,329.2,330.1,331.04340378549574,331.1755539564621,326.3854834182797,326.2607857933086,Up,130
2026-01-28 14:50:00,330.5463146193264,330.5463146193264,328.7,329.1,330.86673071408705,331.09415968365965,326.4124935335207,326.2607857933086,Up,260
2026-01-28 15:00:00,329.8231573096632,329.8231573096632,326.6,327.875,330.5947551946246,330.9679181274377,326.42704583666983,326.2607857933086,Up,384
2026-01-28 15:10:00,328.8490786548316,328.8490786548316,325.0,326.5,330.222504722386,330.7927056518519,326.4277717487428,326.2607857933086,Up,344
2026-01-28 15:20:00,327.6745393274158,327.6745393274158,324.2,324.95000000000005,329.74318611126,330.5635799400146,326.413067552238,333.64935391449535,Down,243
2026-01-28 15:30:00,326.3122696637079,326.3122696637079,323.8,324.225,329.2415328284182,330.31500817766107,326.3912957357978,332.98067311937274,Down,250
2026-01-28 15:40:00,325.268634831854,325.268634831854,323.0,324.0,328.7650298440165,330.06736079814493,326.3675017483769,332.16340125252736,Down,348
2026-01-28 15:50:00,324.634317415927,326.0,324.2,325.07500000000005,328.42957258546954,329.87158194331573,326.3546410344627,332.16340125252736,Down,209
2026-01-28 16:00:00,324.8546587079635,326.6,324.4,325.325,328.1473387140632,329.69328461220533,326.3443958500402,332.16340125252736,Down,207
2026-01-28 16:10:00,325.0898293539817,325.2,324.1,324.5,327.81576246733016,329.4896263921189,326.32604365252735,332.16340125252736,Down,116
2026-01-28 16:20:00,324.79491467699086,325.2,323.9,324.65,327.52796587939105,329.29983712183974,326.30936660125843,332.11922603415087,Down,83
2026-01-28 16:30:00,324.7224573384954,325.8,324.2,325.225,327.31860534490096,329.14003958764994,326.298576883833,332.11922603415087,Down,99
2026-01-28 16:40:00,324.97372866924775,326.0,324.97372866924775,325.475,327.15100485900086,328.996312544997,326.290382088969,332.11922603415087,Down,117
2026-01-28 16:50:00,325.2243643346239,327.0,325.2,326.025,327.04864078090986,328.87979048440894,326.2877414711683,332.11922603415087,Down,156
2026-01-28 17:00:00,325.6246821673119,326.8,325.1,325.975,326.9510370735544,328.7658771320792,326.2846296157338,332.11922603415087,Down,127
2026-01-28 17:10:00,325.799841083656,327.0,325.2,326.05,326.86912461232214,328.6593721465075,326.2822949926917,332.11922603415087,Down,128
2026-01-28 17:20:00,325.924920541828,328.7,325.924920541828,327.35,326.9128405566565,328.60802421919345,326.29291892311267,332.11922603415087,Down,253
2026-01-28 17:30:00,326.637460270914,328.3,326.1,327.45,326.96167323332406,328.5626115047153,326.30443216765883,332.11922603415087,Down,120
2026-01-28 17:40:00,327.043730135457,329.5,327.043730135457,328.55,327.10606657574914,328.5621169359029,326.3267761261896,332.11922603415087,Down,234
2026-01-28 17:50:00,327.7968650677285,331.9,327.7968650677285,330.375,327.40324234159016,328.6332103893969,326.3670569607549,332.11922603415087,Down,508
2026-01-28 18:00:00,329.08593253386425,333.6,329.08593253386425,332.1,327.8302203105365,328.769162923146,326.42410117010064,332.11922603415087,Down,596
2026-01-28 18:10:00,330.59296626693214,334.0,330.59296626693214,332.79999999999995,328.28201846412406,328.9272349653756,326.48754294950265,322.46054714860117,Up,405
2026-01-28 18:20:00,331.696483133466,333.8,330.6,332.075,328.6268349673855,329.0506767314393,326.5431395370698,322.46054714860117,Up,361
2026-01-28 18:30:00,331.88574156673303,331.9,326.7,329.6,328.715304515805,329.0722188204025,326.573556059089,322.46054714860117,Up,522
2026-01-28 18:40:00,330.7428707833665,330.7428707833665,327.1,328.25,328.6730041052772,329.0399749450926,326.59023709332695,322.46054714860117,Up,315
2026-01-28 18:50:00,329.49643539168324,329.49643539168324,326.6,327.85,328.59818555025197,328.99330926097133,326.60277204762224,322.46054714860117,Up,259
2026-01-28 19:00:00,328.67321769584163,331.6,327.0,329.27500000000003,328.6597141365927,329.0043559566195,326.6293613804817,322.46054714860117,Up,405
2026-01-28 19:10:00,328.97410884792083,331.5,328.5,330.175,328.79746739690245,329.05026356616384,326.6646413667456,322.46054714860117,Up,405
2026-01-28 19:20:00,329.5745544239604,330.1,328.5,329.475,328.8590612699113,329.0669198969025,326.69260513424075,322.46054714860117,Up,147
2026-01-28 19:30:00,329.5247772119802,329.5247772119802,327.8,328.82500000000005,328.8559647908284,329.057432842122,326.7138229936016,322.46054714860117,Up,172
2026-01-28 19:40:00,329.17488860599013,331.0,326.6,329.275,328.89405890075307,329.06596488752905,326.73930734192396,322.46054714860117,Up,422
2026-01-28 19:50:00,329.224944302995,333.1,329.224944302995,331.65,329.1445990006846,329.167299597822,326.7881699554372,322.46054714860117,Up,507
2026-01-28 20:00:00,330.4374721514975,333.3,330.4374721514975,332.625,329.46099909153145,329.3028956920251,326.8462478663284,322.46054714860117,Up,300
2026-01-28 20:10:00,331.5312360757488,335.2,331.5312360757488,333.975,329.87136281048316,329.48611546880846,326.91718072337983,322.46054714860117,Up,777
2026-01-28 20:20:00,332.7531180378744,335.0,332.7531180378744,334.175,330.26260255498465,329.6699932935611,326.9893978306099,322.46054714860117,Up,322
2026-01-28 20:30:00,333.4640590189372,334.6,333.4640590189372,333.95,330.5978205045315,329.83783669381364,327.0586575536884,322.7304290690874,Up,186
2026-01-28 20:40:00,333.7070295094686,334.3,332.4,333.25,330.8389277313923,329.9716470195464,327.1202629511642,322.7304290690874,Up,200
2026-01-28 20:50:00,333.4785147547343,337.0,332.5,334.65,331.1853888467203,330.15511184230934,327.1951857078691,323.145371536875,Up,498
2026-01-28 21:00:00,334.06425737736714,339.5,334.06425737736714,337.975,331.8026262242912,330.46177412300307,327.3024475416217,324.2558327685216,Up,500
2026-01-28 21:10:00,336.0196286886836,339.8,336.0196286886836,339.04999999999995,332.46147838571926,330.79856729465,327.4193386108593,325.14759212189773,Up,462
2026-01-28 21:20:00,337.5348143443418,341.4,337.5348143443418,340.44999999999993,333.18770762338113,331.1770548517226,327.54899693313934,326.459864913346,Up,565
2026-01-28 21:30:00,338.99240717217083,342.5,338.99240717217083,341.6,333.95246147580104,331.5857977987138,327.68880790892905,327.6456768679431,Up,515
2026-01-28 21:40:00,340.2962035860854,343.0,340.0,341.25,334.61587406891,331.9647861203329,327.8237451436661,328.4995211653252,Up,473
2026-01-28 21:50:00,340.7731017930427,341.5,340.0,340.85,335.18261278991815,332.31322588031986,327.9533596198485,328.4995211653252,Up,307
2026-01-28 22:00:00,340.81155089652134,342.7,340.81155089652134,341.775,335.7819207181074,332.6842758457975,328.09088837985,329.8290015307355,Up,274
2026-01-28 22:10:00,341.29327544826066,342.5,341.2,341.9,336.338109743734,333.04567679302113,328.2282924755729,330.53475098406807,Up,181
2026-01-28 22:20:00,341.59663772413035,342.2,340.0,341.3,336.78919067612185,333.36937574231445,328.3583592171095,330.53475098406807,Up,239
2026-01-28 22:30:00,341.4483188620652,341.4483188620652,338.1,340.075,337.08790061465623,333.63234139947855,328.4749427074866,330.53475098406807,Up,299
2026-01-28 22:40:00,340.7616594310326,340.7616594310326,338.5,339.375,337.2958187405966,333.85754369753823,328.58340098900413,330.53475098406807,Up,219
2026-01-28 22:50:00,340.0683297155163,341.5,338.6,340.05,337.5461988550878,334.10038512116415,328.69749650155137,330.53475098406807,Up,222
2026-01-28 23:00:00,340.05916485775816,342.0,340.0,340.85,337.84654441371623,334.36507590072637,328.8184169343718,330.53475098406807,Up,205
2026-01-28 23:10:00,340.4545824288791,340.4545824288791,337.5,338.975,337.9491312851966,334.5458572379528,328.919477462388,330.53475098406807,Up,217
2026-01-28 23:20:00,339.7147912144396,339.7147912144396,333.0,335.375,337.7151193501787,334.578372640386,328.98371151748864,330.53475098406807,Up,487
2026-01-28 23:30:00,337.5448956072198,337.5448956072198,330.5,332.075,337.2023812274352,334.48020116429245,329.0144706068669,330.53475098406807,Up,525
2026-01-28 23:40:00,334.80994780361,334.80994780361,330.0,330.9,336.6294374794865,334.33980111863394,329.03323209336577,330.53475098406807,Up,376
2026-01-28 23:50:00,332.8549739018049,332.8549739018049,329.0,330.375,336.06085225407867,334.18431872182475,329.04658301780995,345.4417633715921,Down,359
2026-01-29 00:00:00,331.61498695090245,331.61498695090245,329.6,330.75,335.57804750370786,334.04963955626306,329.0635324405183,344.5350127491336,Down,128
2026-01-29 09:00:00,331.1824934754512,337.8,331.1824934754512,335.75,335.5936795488253,334.1163203579783,329.13006445603554,344.5350127491336,Down,107
2026-01-29 09:10:00,333.4662467377256,338.1,333.4662467377256,337.1,335.73061777165935,334.2333274027635,329.209367297269,344.5350127491336,Down,358
2026-01-29 09:20:00,335.2831233688628,337.9,335.2831233688628,337.425,335.88465251969035,334.35849103402774,329.2911148863509,344.5350127491336,Down,111
2026-01-29 09:30:00,336.3540616844314,338.5,336.3540616844314,337.625,336.0428659269912,334.4865894248502,329.3740391163375,344.5350127491336,Down,156
2026-01-29 09:40:00,336.9895308422157,338.5,336.9895308422157,337.9,336.2116962972648,334.6204486630914,329.45887454801573,344.5350127491336,Down,125
2026-01-29 09:50:00,337.44476542110783,338.4,337.44476542110783,337.92499999999995,336.3674511793316,334.75003891159764,329.5431146022643,344.5350127491336,Down,94
2026-01-29 10:00:00,337.6848827105539,338.1,337.5,337.825,336.4999556175742,334.8706256209468,329.6255214221423,344.5350127491336,Down,74
2026-01-29 10:10:00,337.75494135527697,338.2,337.1,337.775,336.6158687432492,334.9845226554195,329.7066107612255,344.5350127491336,Down,62
2026-01-29 10:20:00,337.7649706776385,338.5,337.6,338.1,336.75078976659023,335.1066982375599,329.7901270720591,344.5350127491336,Down,79
2026-01-29 10:30:00,337.9324853388192,339.4,337.7,338.525,336.9120816059911,335.24074928706733,329.87704123054607,344.5350127491336,Down,149
2026-01-29 10:40:00,338.2287426694096,340.0,338.2287426694096,339.5,337.14734691453737,335.4077787267902,329.972792064073,344.5350127491336,Down,216
2026-01-29 10:50:00,338.8643713347048,340.7,338.8643713347048,339.975,337.4044062859431,335.5868854433866,330.07231652114694,344.5350127491336,Down,383
2026-01-29 11:00:00,339.4196856673524,340.9,339.4196856673524,340.275,337.66536935085736,335.7707330730577,330.17383575974253,344.5350127491336,Down,145
2026-01-29 11:10:00,339.8473428336762,342.7,339.8473428336762,341.725,338.0344266825976,336.00423373685936,330.28877271735706,344.5350127491336,Down,731
2026-01-29 11:20:00,340.7861714168381,343.5,338.0,340.825,338.2881151659978,336.1932833942374,330.3936107997714,344.5350127491336,Down,635
2026-01-29 11:30:00,340.805585708419,340.805585708419,338.1,339.20000000000005,338.3710137872707,336.3111938493654,330.48123656295775,344.5350127491336,Down,565
2026-01-29 11:40:00,340.0027928542096,356.8,338.4,343.19999999999993,338.81001253388246,336.5813431101746,330.60779142302783,344.5350127491336,Down,4302
2026-01-29 11:50:00,341.6013964271048,341.6013964271048,336.3,337.975,338.73410230352954,336.6359963215403,330.6810969810077,344.5350127491336,Down,434
2026-01-29 12:00:00,339.7881982135524,339.7881982135524,336.6,337.6,338.6310020941178,336.67380038736223,330.74994178716685,344.5350127491336,Down,164
2026-01-29 12:10:00,338.6940991067762,339.0,337.8,338.35,338.60545644919796,336.73953370550487,330.8255642569463,344.5350127491336,Down,97
2026-01-29 12:20:00,338.5220495533881,338.7,337.6,338.15,338.5640513174527,336.79484610921054,330.8984442145886,344.5350127491336,Down,46
2026-01-29 12:30:00,338.33602477669405,339.9,337.0,338.5,338.5582284704115,336.8617148892415,330.9740815855877,344.5350127491336,Down,164
2026-01-29 12:40:00,338.41801238834705,341.0,338.41801238834705,339.875,338.67793497310134,336.97988293280065,331.0626479379699,344.5350127491336,Down,202
2026-01-29 12:50:00,339.1465061941735,339.5,338.3,338.9,338.6981227028194,337.0551816413183,331.1406315405772,344.5350127491336,Down,64
2026-01-29 13:00:00,339.02325309708675,339.3,338.2,338.5,338.6801115480176,337.111841184796,331.21385908743713,344.5350127491336,Down,102
2026-01-29 13:10:00,338.7616265485434,339.9,337.7,338.825,338.6932832254705,337.17902388343146,331.28959183283575,344.5350127491336,Down,93
2026-01-29 13:20:00,338.79331327427167,339.9,338.79331327427167,339.45,338.76207565951864,337.2680817703557,331.37078992405134,344.5350127491336,Down,52
2026-01-29 13:30:00,339.12165663713586,340.3,339.1,339.675,338.8450687813806,337.36247072053783,331.45341888003094,344.5350127491336,Down,74
2026-01-29 13:40:00,339.3983283185679,339.8,337.8,338.925,338.85233525580054,337.42374637855596,331.5277629707769,344.5350127491336,Down,125
2026-01-29 13:50:00,339.161664159284,339.161664159284,336.6,337.5,338.72939568709137,337.4267367166518,331.58718821484877,344.5350127491336,Down,163
2026-01-29 14:00:00,338.330832079642,338.4,336.8,337.5,338.6176324428103,337.42960978658704,331.6460221629597,344.5350127491336,Down,102
2026-01-29 14:10:00,337.915416039821,338.5,337.0,338.0,338.5614840389185,337.4519780302503,331.70924582302973,344.5350127491336,Down,111
2026-01-29 14:20:00,337.9577080199105,339.3,337.9,338.54999999999995,338.5604400353804,337.4950377153385,331.7773130287707,344.5350127491336,Down,83
2026-01-29 14:30:00,338.25385400995526,338.7,336.8,337.7,338.48221821398215,337.50307545199195,331.8362452374397,344.5350127491336,Down,188
2026-01-29 14:40:00,337.9769270049776,337.9769270049776,333.2,335.15000000000003,338.17928928543836,337.4107979832864,331.8692179216443,344.5350127491336,Down,620
2026-01-29 14:50:00,336.56346350248884,336.56346350248884,333.1,334.85,337.8766266231258,337.3103745329614,331.898877444812,344.5350127491336,Down,281
2026-01-29 15:00:00,335.70673175124443,336.5,334.1,335.325,337.64466056647797,337.23251670813937,331.9329682165054,344.5350127491336,Down,184
2026-01-29 15:10:00,335.51586587562224,335.51586587562224,332.8,334.0,337.31332778770724,337.1057513470359,331.9535356969382,344.5350127491336,Down,319
2026-01-29 15:20:00,334.7579329378111,334.9,333.6,334.0,337.01211617064297,336.98395717656393,331.97389852582444,344.2651414185834,Down,109
2026-01-29 15:30:00,334.3789664689056,336.8,333.5,334.75,336.80646924603906,336.89635101277713,332.001521426065,344.2651414185834,Down,335
2026-01-29 15:40:00,334.5644832344528,335.5,334.2,334.775,336.62179022367184,336.81316077698193,332.02911822779566,344.2651414185834,Down,196
2026-01-29 15:50:00,334.66974161722635,336.5,334.1,335.375,336.5084456578835,336.7567623151395,332.06241058373803,344.2651414185834,Down,105
2026-01-29 16:00:00,335.0223708086132,336.4,335.0223708086132,336.025,336.46449605262137,336.7280657537615,332.1018393341486,344.2651414185834,Down,77
2026-01-29 16:10:00,335.52368540430655,336.2,334.5,335.675,336.3927236842012,336.68676905753557,332.1373931716198,344.2651414185834,Down,118
2026-01-29 16:20:00,335.5993427021533,336.1,335.5,335.75,336.3342942583647,336.6500330160636,332.17333950822064,344.2651414185834,Down,38
2026-01-29 16:30:00,335.67467135107665,336.6,335.5,335.8,336.28572205305886,336.6166983879827,332.2094256822682,344.24194763574343,Down,87
2026-01-29 16:40:00,335.7373356755384,336.5,335.2,335.82500000000005,336.24383823005354,336.58565139237555,332.24540154612623,343.7699523961304,Down,88
2026-01-29 16:50:00,335.7811678377692,336.1,334.5,335.525,336.1784893000487,336.5440572201255,332.2780343665628,343.0817749055731,Down,91
2026-01-29 17:00:00,335.6530839188846,335.7,334.2,335.075,336.07817209095333,336.4864471330618,332.30586487037806,342.5697953687028,Down,93
2026-01-29 17:10:00,335.36404195944226,335.9,333.6,334.9,335.9710655372303,336.42423352000054,332.33167716022507,342.51345033518436,Down,185
2026-01-29 17:20:00,335.1320209797211,337.2,335.1,336.025,335.97596867020934,336.40857730352997,332.36842664121787,342.51345033518436,Down,265
2026-01-29 17:30:00,335.57851048986055,337.1,335.5,336.45,336.019062427463,336.4102017229994,332.4090393114545,342.51345033518436,Down,140
2026-01-29 17:40:00,336.01425524493027,336.5,334.5,335.5,335.97187493405727,336.37450753778376,332.4397951392012,342.51345033518436,Down,119
2026-01-29 17:50:00,335.75712762246513,335.75712762246513,331.4,333.05,335.7062499400521,336.2441346931648,332.44586682935835,342.235885771061,Down,439
2026-01-29 18:00:00,334.4035638112326,335.3,331.1,333.25,335.48295449095644,336.12671764637406,332.45386815443936,342.235885771061,Down,425
2026-01-29 18:10:00,333.82678190561626,337.2,333.82678190561626,335.625,335.4958677190513,336.10704244455553,332.4854217051415,342.235885771061,Down,487
2026-01-29 18:20:00,334.72589095280813,337.3,334.72589095280813,336.27500000000003,335.56669792641026,336.1136290153573,332.52312895185656,342.235885771061,Down,438
2026-01-29 18:30:00,335.5004454764041,338.4,335.5004454764041,336.95,335.69245266037296,336.1464278775001,332.5671774199973,342.235885771061,Down,382
2026-01-29 18:40:00,336.22522273820204,339.2,336.2,337.775,335.8817751457936,336.2102934509315,332.61899655014656,342.235885771061,Down,435
2026-01-29 18:50:00,337.000111369101,339.0,337.000111369101,338.175,336.0902501325396,336.2873407665812,332.67428016656305,342.235885771061,Down,207
2026-01-29 19:00:00,337.58755568455047,338.0,336.4,337.42499999999995,336.2115910295815,336.3319548541663,332.7215510106769,342.235885771061,Down,269
2026-01-29 19:10:00,337.5062778422752,337.5062778422752,334.1,336.1,336.20144639052864,336.3228585853755,332.75516741853085,342.235885771061,Down,420
2026-01-29 19:20:00,336.8031389211376,336.8031389211376,334.5,335.475,336.13540580957147,336.2896092290863,332.7822304292917,342.235885771061,Down,190
2026-01-29 19:30:00,336.1390694605688,338.2,334.9,336.6,336.17764164506497,336.301781416181,332.8202181862142,342.235885771061,Down,229
2026-01-29 19:40:00,336.3695347302844,338.1,334.9,336.625,336.2183105864227,336.3144566547621,332.85807671172455,342.235885771061,Down,279
2026-01-29 19:50:00,336.4972673651422,337.3,336.0,336.55,336.2484641694752,336.323693648693,332.89481226683176,342.235885771061,Down,132
2026-01-29 20:00:00,336.5236336825712,336.8,333.6,335.27500000000003,336.1599674267956,336.2825684075678,332.9184957268633,342.235885771061,Down,253
2026-01-29 20:10:00,335.89931684128555,335.89931684128555,332.0,333.9,335.95451584254147,336.189134352369,332.9282619385363,342.235885771061,Down,480
2026-01-29 20:20:00,334.8996584206428,337.0,334.3,335.525,335.91546894776496,336.1630898679624,332.95410012820264,342.235885771061,Down,412
2026-01-29 20:30:00,335.2123292103214,337.5,335.2123292103214,336.7,335.9867899525136,336.184145167258,332.9913727637429,342.235885771061,Down,160
2026-01-29 20:40:00,335.95616460516067,338.0,335.2,336.7,336.0516272295578,336.204374768542,333.02827452728775,342.235885771061,Down,340
2026-01-29 20:50:00,336.3280823025804,336.7,335.0,335.925,336.0401156632344,336.19341889526584,333.05709766631975,342.235885771061,Down,166
2026-01-29 21:00:00,336.1265411512902,338.0,335.0,336.525,336.08419605748577,336.20642207584365,333.09160415720214,342.235885771061,Down,343
2026-01-29 21:10:00,336.3257705756451,337.4,331.3,334.525,335.9424509613507,336.14048395522235,333.10586680240414,342.235885771061,Down,567
2026-01-29 21:20:00,335.42538528782256,335.42538528782256,330.7,332.2,335.6022281466824,335.9859551726646,333.0968532023802,342.235885771061,Down,594
2026-01-29 21:30:00,333.8126926439113,333.8126926439113,331.7,332.55,335.3247528606204,335.8512118325601,333.09141187698344,342.235885771061,Down,172
2026-01-29 21:40:00,333.18134632195563,334.4,332.3,333.25,335.13613896420037,335.7492035254009,333.09298986825723,342.235885771061,Down,267
2026-01-29 21:50:00,333.2156731609778,334.5,331.8,333.075,334.94876269472763,335.6443327989146,333.092810864593,342.235885771061,Down,223
2026-01-29 22:00:00,333.1453365804889,333.1453365804889,330.7,331.625,334.6466024497524,335.4867119048395,333.07820578136324,342.235885771061,Down,411
2026-01-29 22:10:00,332.38516829024445,333.0,330.3,331.85,334.39236586341127,335.34409575170855,333.06598482831487,342.235885771061,Down,335
2026-01-29 22:20:00,332.11758414512224,333.7,332.11758414512224,332.975,334.26351442128293,335.2511900359553,333.0650795066401,342.235885771061,Down,215
2026-01-29 22:30:00,332.5462920725612,332.7,330.5,331.85,334.04410401934814,335.1178100345453,333.0529891632904,342.235885771061,Down,313
2026-01-29 22:40:00,332.1981460362806,332.3,330.7,331.375,333.80145819940736,334.9710331704455,333.0362927537054,342.0696412866408,Down,234
2026-01-29 22:50:00,331.7865730181403,332.6,331.0,331.725,333.6126892721885,334.8437377519966,333.02324506461383,341.99058298785525,Down,194
2026-01-29 23:00:00,331.75578650907016,332.3,331.2,331.875,333.45471752017136,334.72731666368304,333.01181974058784,341.41416635259566,Down,144
2026-01-29 23:10:00,331.8153932545351,334.3,331.7,333.0,333.4133795637921,334.6595787553033,333.0117021312288,341.41416635259566,Down,364
2026-01-29 23:20:00,332.4076966272676,336.0,332.4076966272676,334.875,333.5462541489019,334.6680266472522,333.03024240853,341.41416635259566,Down,441
2026-01-29 23:30:00,333.6413483136338,335.3,333.6413483136338,334.575,333.6397764990017,334.6643785434384,333.0456131308332,341.41416635259566,Down,158
2026-01-29 23:40:00,334.10817415681686,335.8,333.1,334.35,333.7043422718197,334.65204997310747,333.05859210465576,341.41416635259566,Down,256
2026-01-29 23:50:00,334.22908707840844,336.1,334.22908707840844,335.1,333.83122024710883,334.66961664082874,333.07890462102733,341.41416635259566,Down,194
2026-01-30 00:00:00,334.66454353920426,336.0,334.6,335.4,333.97383658828073,334.6982591255021,333.102000097435,341.41416635259566,Down,149
2026-02-01 09:00:00,335.0322717696021,373.0,335.0322717696021,369.075,337.16485144389156,336.04636661077654,333.459940394973,331.7309755950757,Up,104
2026-02-01 09:10:00,352.05363588480105,381.4,352.05363588480105,375.15,340.6180467671742,337.5798424299618,333.8747668587046,335.7961761825778,Up,399
2026-02-01 09:20:00,363.6018179424005,381.4,363.6018179424005,381.4,344.32549706106744,339.298279981728,334.3476547506578,337.91007753223437,Up,147
2026-02-01 09:30:00,372.50090897120026,392.2,372.50090897120026,386.8,348.1868155100613,341.1610925314642,334.8695686337358,343.7409382578858,Up,229
2026-02-01 09:40:00,379.6504544856001,392.2,379.6504544856001,392.2,352.18801410005574,343.16261831454403,335.4400206871315,346.2621959396416,Up,48
2026-02-01 09:50:00,385.9252272428,392.2,385.9252272428,392.2,355.82546736368704,345.0856528904443,336.0047966006924,350.7235768886378,Up,202
2026-02-01 10:00:00,389.0626136214,392.2,389.0626136214,392.2,359.1322430578973,346.933274345721,336.5639528534218,354.63676927960705,Up,31
2026-02-01 10:10:00,390.6313068107,392.2,390.6313068107,392.2,362.13840277990664,348.7084400576535,337.117545362343,358.1229126718837,Up,30
2026-02-01 10:20:00,391.41565340535,392.2,391.41565340535,392.2,364.87127525446056,350.4139914279416,337.6656294880908,361.2564818196511,Up,22
2026-02-01 10:30:00,391.807826702675,392.2,391.807826702675,392.2,367.3557047767823,352.0526584307674,338.2082600404481,364.08735498592483,Up,38
2026-02-01 10:40:00,392.0039133513375,392.2,392.0039133513375,392.2,369.61427706980214,353.627063982502,338.74549128382677,366.651963016689,Up,41
2026-02-01 10:50:00,392.1019566756687,392.2,392.1019566756687,392.2,371.667524608911,355.139728140051,339.27737694269416,368.978968348096,Up,31
2026-02-01 11:00:00,392.1509783378343,392.2,376.0,385.375,372.91365873537364,356.32542507573527,339.7360597591848,368.978968348096,Up,1141
2026-02-01 11:10:00,388.7629891689172,388.7629891689172,377.9,381.825,373.72378066852144,357.32540840609863,340.15485518446656,368.978968348096,Up,550
2026-02-01 11:20:00,385.2939945844586,385.2939945844586,380.2,381.775,374.4557096986558,358.284215919585,340.56898597865097,368.978968348096,Up,231
2026-02-01 11:30:00,383.5344972922293,385.2,381.3,383.0750000000001,375.23928154423254,359.2564035305817,340.99193139179874,368.978968348096,Up,381
2026-02-01 11:40:00,383.30474864611466,385.1,382.6,384.00000000000006,376.03571049475687,360.2267406470295,341.4198723729749,368.978968348096,Up,167
2026-02-01 11:50:00,383.65237432305736,384.8,381.2,382.925,376.6620095406881,361.116868464793,341.8328587175224,368.978968348096,Up,141
2026-02-01 12:00:00,383.2886871615287,384.4,381.6,382.575,377.1995541278983,361.9583638191149,342.23825315814406,368.978968348096,Up,161
2026-02-01 12:10:00,382.93184358076434,382.93184358076434,380.1,381.5,377.5905037526348,362.72470249287505,342.62891730582425,368.978968348096,Up,269
2026-02-01 12:20:00,382.2159217903821,382.2159217903821,375.0,379.125,377.7300034114861,363.36785141472313,342.99206240725886,368.978968348096,Up,498
2026-02-01 12:30:00,380.6704608951911,380.6704608951911,376.0,378.375,377.78863946498734,363.9563670455183,343.3441314380324,368.978968348096,Up,182
2026-02-01 12:40:00,379.5227304475956,379.5227304475956,371.0,374.725,377.5101267863521,364.37866637706657,343.6563788864102,368.978968348096,Up,516
2026-02-01 12:50:00,377.1238652237978,377.9,372.8,375.0,377.2819334421382,364.79518926424043,343.9682557134111,368.978968348096,Up,210
2026-02-01 13:00:00,376.0619326118989,377.5,374.7,376.45,377.2063031292165,365.2522406656428,344.29145714909856,368.978968348096,Up,101
2026-02-01 13:10:00,376.2559663059494,377.5,374.3,376.175,377.1125482992877,365.68058416895093,344.60870633169463,368.978968348096,Up,138
2026-02-01 13:20:00,376.2154831529747,376.2154831529747,375.2,375.5,376.96595299935245,366.0656592995803,344.9160823880957,368.978968348096,Up,59
2026-02-01 13:30:00,375.85774157648734,376.0,375.2,375.6,376.84177545395676,366.4395550133223,345.22139500114946,368.978968348096,Up,63
2026-02-01 13:40:00,375.7288707882437,376.0,374.6,375.525,376.72206859450614,366.7958469735842,345.52292340909827,368.978968348096,Up,108
2026-02-01 13:50:00,375.6269353941218,375.6269353941218,372.8,374.6,376.52915326773285,367.1018921903064,345.8122475542814,368.978968348096,Up,78
2026-02-01 14:00:00,375.1134676970609,376.0,374.3,374.95,376.3855938797571,367.40966112401986,346.10217543931344,368.978968348096,Up,48
2026-02-01 14:10:00,375.0317338485305,375.9,374.5,375.025,376.2619035270519,367.7083018642544,346.3899647384248,368.978968348096,Up,35
2026-02-01 14:20:00,375.0283669242653,375.7,375.0,375.225,376.1676395700472,368.003074340166,346.6768805121718,368.978968348096,Up,15
2026-02-01 14:30:00,375.12668346213263,375.9,375.1,375.45,376.1023996091338,368.2951106405517,346.96318020856813,368.978968348096,Up,50
2026-02-01 14:40:00,375.2883417310664,377.2,375.2883417310664,376.2,376.1112723719398,368.60510630170654,347.25409383833363,368.978968348096,Up,51
2026-02-01 14:50:00,375.7441708655332,377.5,375.7441708655332,376.65,376.16024761085436,368.9205923290906,347.54659041705673,368.978968348096,Up,96
2026-02-01 15:00:00,376.1970854327666,377.3,376.0,376.6,376.20022510077666,369.221745571087,347.8356790696233,368.978968348096,Up,63
2026-02-01 15:10:00,376.3985427163833,376.9,376.1,376.57499999999993,376.2342955461606,369.5101084898679,348.1216424619654,368.978968348096,Up,21
2026-02-01 15:20:00,376.4867713581916,376.6,376.0,376.35,376.2448141328732,369.7783395294809,348.4025216414483,368.978968348096,Up,39
2026-02-01 15:30:00,376.4183856790958,378.1,376.0,377.05,376.3180128480666,370.06350268518753,348.6875711773543,368.978968348096,Up,76
2026-02-01 15:40:00,376.7341928395479,382.0,376.7341928395479,379.4,376.5981934982423,370.429639834788,348.9931674840473,368.978968348096,Up,398
2026-02-01 15:50:00,378.0670964197739,381.0,375.6,378.4,376.76199408931114,370.7422029785218,349.28577278271354,368.978968348096,Up,285
2026-02-01 16:00:00,378.233548209887,380.1,375.5,377.6,376.83817644482826,371.01113619505037,349.56750638686566,368.978968348096,Up,151
2026-02-01 16:10:00,377.9167741049435,380.0,377.9167741049435,379.3250000000001,377.06425131348027,371.3371700697543,349.863600850678,368.978968348096,Up,88
2026-02-01 16:20:00,378.6208870524717,380.0,378.6208870524717,379.525,377.2879557395275,371.65826143956787,350.15873915067124,368.978968348096,Up,84
2026-02-01 16:30:00,379.0729435262359,379.8,377.1,378.65,377.411777945025,371.9324472654672,350.4422342835004,368.978968348096,Up,120
2026-02-01 16:40:00,378.861471763118,378.861471763118,376.5,377.375,377.40843449547725,372.14588070603713,350.71022200207256,368.978968348096,Up,103
2026-02-01 16:50:00,378.118235881559,378.118235881559,375.8,376.775,377.35084954134294,372.32741479599645,350.96957302692755,368.978968348096,Up,143
2026-02-01 17:00:00,377.44661794077945,380.0,376.1,378.175,377.42577231031174,372.55673186282013,351.2402737928288,368.978968348096,Up,221
2026-02-02 09:00:00,377.81080897038976,377.81080897038976,355.1,358.85,375.737065736647,372.01921296623897,351.3159924615569,385.22094513472206,Down,10201
2026-02-02 09:10:00,368.3304044851949,368.3304044851949,355.1,355.1,373.8609688514973,371.35571441854336,351.35364427785987,383.58584082769306,Down,127
2026-02-02 09:20:00,361.7152022425975,361.7152022425975,343.8,349.45,371.6417898649975,370.49666679428674,351.3347025437518,379.1546188323302,Down,85
2026-02-02 09:30:00,355.5826011212987,355.5826011212987,343.8,343.8,369.11071805908864,369.4497386847069,351.25973037913735,377.9731716147865,Down,83
2026-02-02 09:40:00,349.6913005606493,349.6913005606493,332.4,338.1,366.29156187189875,368.2203371676596,351.1287877883002,373.04418780614003,Down,156
2026-02-02 09:50:00,343.8956502803247,343.8956502803247,332.4,332.4,363.2105107926352,366.8156180630455,350.94243169090424,371.41764117465806,Down,110
2026-02-02 10:00:00,338.14782514016235,338.14782514016235,322.6,329.275,360.1254643569411,365.343436962534,350.72683535567137,366.27295447059083,Down,1044
2026-02-02 10:10:00,333.7114125700812,333.7114125700812,329.3,329.85,357.37314941540103,363.95153747380715,350.5191056506398,365.75443985644256,Down,288
2026-02-02 10:20:00,331.7807062850406,331.7807062850406,329.7,330.29999999999995,354.9119540140009,362.6318693375794,350.31792051978766,362.6321859474459,Down,305
2026-02-02 10:30:00,331.0403531425203,339.6,327.0,331.3,352.76541274000084,361.40316857924296,350.1286874797898,362.6321859474459,Down,2983
2026-02-02 10:40:00,331.1701765712602,331.1701765712602,326.3,327.375,350.45719340000073,360.0687305957432,349.90228262924467,361.07544597565135,Down,401
2026-02-02 10:50:00,329.2725882856301,329.2725882856301,326.4,327.275,348.34972127272795,358.7827019449297,349.67713553840645,358.28119687397253,Down,272
2026-02-02 11:00:00,328.27379414281506,328.27379414281506,327.2,327.775,346.47929206611633,357.56671363336386,349.4592038415069,355.80455196984707,Down,144
2026-02-02 11:10:00,328.0243970714075,331.3,327.5,328.825,344.8743564237421,356.43958760852604,349.2538883803974,355.80455196984707,Down,357
2026-02-02 11:20:00,328.4246985357038,329.0,326.6,327.70000000000005,343.313051294311,355.31254495721134,349.0394218293487,353.12533462680955,Down,247
2026-02-02 11:30:00,328.0623492678519,328.0623492678519,326.0,326.625,341.79595572210087,354.18754319418343,348.8163927564199,350.8041513011535,Down,198
2026-02-02 11:40:00,327.343674633926,328.5,325.3,326.525,340.4076870200917,353.1027375787253,348.5945878533709,349.6754333338432,Down,184
2026-02-02 11:50:00,326.93433731696297,326.93433731696297,325.2,325.525,339.0547154728106,352.0212576736772,348.36503971552645,347.4027761681437,Down,85
2026-02-02 12:00:00,326.2296686584815,326.2296686584815,324.0,324.975,337.7747413389187,350.96062011784676,348.13230300193914,345.32162975929054,Down,203
2026-02-02 12:10:00,325.6023343292408,327.0,324.6,325.625,336.670219399017,349.9670663877351,347.90834973823826,345.0425413000453,Down,156
2026-02-02 12:20:00,325.6136671646204,327.8,325.6136671646204,326.775,335.77065399910634,349.0575735882161,347.6980676512906,344.99508306794394,Down,118
2026-02-02 12:30:00,326.1943335823101,327.2,325.4,326.225,334.9028672719149,348.162178545541,347.4844052866012,343.5802268051216,Down,87
2026-02-02 12:40:00,326.2096667911551,326.9,325.0,325.875,334.08215206537716,347.2881715437551,347.26938632852557,342.35020618647417,Down,140
2026-02-02 12:50:00,326.04233339557754,326.2,324.5,325.35,333.2883200594338,346.4278510910588,347.0512829819731,340.877460169522,Down,71
2026-02-02 13:00:00,325.6961666977888,325.6961666977888,324.1,324.375,332.4780182358489,345.56303340121343,346.8256483254361,339.5943804840194,Down,135
2026-02-02 13:10:00,325.0355833488944,325.0355833488944,324.2,324.475,331.750471123499,344.7360516992051,346.60325381473524,338.28191028779514,Down,87
2026-02-02 13:20:00,324.7552916744472,325.4,324.5,324.9,331.1277010213627,343.9581673188442,346.38730104045925,337.7082896484981,Down,60
2026-02-02 13:30:00,324.8276458372236,325.3,324.4,324.825,330.55472820123885,343.2078470318307,346.1727507813502,336.77571786227105,Down,107
2026-02-02 13:40:00,324.8263229186118,325.3,324.2,324.65000000000003,330.0179347283989,342.4800883247001,345.95859405715765,335.9915616929737,Down,91
2026-02-02 13:50:00,324.738161459306,324.738161459306,324.0,324.45,329.511758843999,341.773026037457,345.7445781958924,334.8571046175585,Down,94
2026-02-02 14:00:00,324.594080729653,324.9,324.1,324.55,329.0606898581809,341.0976132516744,345.5336868705602,334.32547626173226,Down,5427
2026-02-02 14:10:00,324.57204036482653,325.1,324.57204036482653,324.90000000000003,328.682445325619,340.46241273200087,345.3283765534402,333.96827132944264,Down,68
2026-02-02 14:20:00,324.7360201824133,325.1,324.2,324.79999999999995,328.3294957505627,339.84820046800087,345.12411410017216,333.27931922457213,Down,46
2026-02-02 14:30:00,324.76801009120663,325.3,322.9,324.275,327.9609052277843,339.2374867241577,344.91666022852866,332.8175629314293,Down,238
2026-02-02 14:40:00,324.5215050456033,328.0,323.8,325.875,327.77127747980387,338.71346763693583,344.7271909725234,332.8175629314293,Down,270
2026-02-02 14:50:00,325.1982525228017,328.2,325.1982525228017,327.25,327.7238886180035,338.26391988646776,344.55328857478685,332.8175629314293,Down,240
2026-02-02 15:00:00,326.22412626140084,327.7,326.22412626140084,326.92499999999995,327.65126238000323,337.8192563615082,344.3778827183213,332.8175629314293,Down,84
2026-02-02 15:10:00,326.5745631307004,328.9,326.5745631307004,327.9,327.67387489091203,337.4302659159589,344.2139236862982,332.8175629314293,Down,107
2026-02-02 15:20:00,327.2372815653502,329.8,327.2372815653502,328.92499999999995,327.7876135371927,337.09672607611736,344.06179509240474,332.8175629314293,Down,200
2026-02-02 15:30:00,328.0811407826751,329.8,328.0811407826751,329.075,327.9046486701752,336.78214858293626,343.9126727531769,332.8175629314293,Down,183
2026-02-02 15:40:00,328.5780703913375,329.3,328.0,328.675,327.9746806092502,336.464221187527,343.76105411881696,332.8175629314293,Down,85
2026-02-02 15:50:00,328.6265351956688,328.9,328.3,328.6,328.03152782659106,336.15582035664363,343.61019785892825,332.8175629314293,Down,80
2026-02-02 16:00:00,328.6132675978344,328.9,327.1,328.2,328.0468434787191,335.8438274014811,343.4568625568494,332.8175629314293,Down,169
2026-02-02 16:10:00,328.4066337989172,328.8,326.8,327.70000000000005,328.015312253381,335.5244616210309,343.3000778547912,332.8175629314293,Down,151
2026-02-02 16:20:00,328.05331689945865,328.05331689945865,325.6,326.5,327.8775565939827,335.17056116530426,343.1329129010122,332.8175629314293,Down,204
2026-02-02 16:30:00,327.2766584497293,327.2766584497293,325.2,325.95000000000005,327.70232417634793,334.8089705313708,342.9619386432907,332.8175629314293,Down,203
2026-02-02 16:40:00,326.6133292248647,326.6133292248647,323.6,325.225,327.477112887589,334.4331285497484,342.7854516916162,332.8175629314293,Down,261
2026-02-02 16:50:00,325.9191646124324,327.0,324.5,325.725,327.31782989780817,334.09163331250335,342.61569595339114,332.8175629314293,Down,168
2026-02-02 17:00:00,325.8220823062162,326.9,325.8220823062162,326.625,327.2548453616438,333.7988241629934,342.4565845508699,332.8175629314293,Down,67
2026-02-02 17:10:00,326.2235411531081,327.0,325.3,326.275,327.1657685105853,333.5037722350329,342.2955737593189,332.8175629314293,Down,193
2026-02-02 17:20:00,326.24927057655407,326.24927057655407,324.7,325.725,327.0347895550775,333.198722343463,342.1306924283804,332.8175629314293,Down,211
2026-02-02 17:30:00,325.98713528827705,327.0,324.4,326.075,326.94753595916137,332.91936068293506,341.97093429476473,332.8175629314293,Down,432
2026-02-02 17:40:00,326.0310676441385,328.1,326.0310676441385,327.1,326.96139632651034,332.6911504600749,341.8229647992944,332.8175629314293,Down,268
2026-02-02 17:50:00,326.56553382206926,327.2,324.8,326.0,326.87399666046394,332.42875240281705,341.6655223634806,332.8175629314293,Down,144
2026-02-02 18:00:00,326.2827669110346,326.2827669110346,324.4,325.275,326.72863332769447,332.14821309290267,341.5024325887196,332.8175629314293,Down,254
2026-02-02 18:10:00,325.7788834555173,325.7788834555173,323.5,324.8,326.5533030251768,331.8600478735732,341.3362392296279,332.8175629314293,Down,223
2026-02-02 18:20:00,325.2894417277587,325.2894417277587,322.3,323.625,326.28709365925164,331.53710481970757,341.1600079935122,332.5104685772829,Down,326
2026-02-02 18:30:00,324.45722086387934,324.8,323.1,323.65,326.047357872047,331.2278065914837,340.9857790582534,332.4915888303669,Down,152
2026-02-02 18:40:00,324.05361043193966,326.4,323.5,324.3,325.8885071564063,330.9561279016216,340.8197514059325,332.4915888303669,Down,224
2026-02-02 18:50:00,324.1768052159698,324.3,321.1,322.925,325.61909741491485,330.64118170940117,340.6416941780128,331.88147837220407,Down,664
2026-02-02 19:00:00,323.5509026079849,323.5509026079849,321.1,322.0,325.29008855901344,330.30231183844427,340.45620468370424,331.5634871361724,Down,445
2026-02-02 19:10:00,322.77545130399244,323.1,321.1,321.8,324.9728077809213,329.96888784477983,340.27057080625445,331.2254871201636,Down,206
2026-02-02 19:20:00,322.2877256519962,322.2877256519962,321.1,321.1,324.62073434629207,329.6210883214551,340.0798188579335,330.4216604450545,Down,26
2026-02-02 19:30:00,321.6938628259981,321.6938628259981,321.1,321.1,324.3006675875382,329.2869279951235,339.8909649389491,329.54724300341326,Down,16
2026-02-02 19:40:00,321.39693141299904,321.39693141299904,318.1,319.6,323.8733341704893,328.907048465903,339.68906479030284,328.35672402978486,Down,98
2026-02-02 19:50:00,320.4984657064996,320.4984657064996,317.1,318.27500000000003,323.3643947004448,328.4901053888088,339.47598951875756,327.860727949509,Down,375
2026-02-02 20:00:00,319.3867328532498,319.3867328532498,317.6,318.475,322.9199042731316,328.09735615787514,339.2670244489192,327.38081027895134,Down,159
2026-02-02 20:10:00,318.9308664266249,319.6,317.6,318.475,322.5158220664832,327.7200088575663,339.06013863350705,327.38081027895134,Down,155
2026-02-02 20:20:00,318.70293321331246,318.70293321331246,316.2,317.35,322.0462018786211,327.3133418435441,338.8441173535717,326.3677760828413,Down,351
2026-02-02 20:30:00,318.02646660665624,320.5,317.0,318.15,321.6920017078374,326.9539951045816,338.6382057381133,326.3677760828413,Down,316
2026-02-02 20:40:00,318.08823330332814,318.08823330332814,314.6,316.475,321.21772882530666,326.54305412008824,338.41767632778385,326.1609013427261,Down,306
2026-02-02 20:50:00,317.2816166516641,318.2,315.1,316.75,320.8115716593697,326.1590127820456,338.20207755835315,326.1609013427261,Down,205
2026-02-02 21:00:00,317.01580832583204,318.1,315.7,317.05,320.46961059942697,325.80179659451437,337.99160912493676,326.1609013427261,Down,172
2026-02-02 21:10:00,317.032904162916,317.032904162916,315.7,316.225,320.08373690856996,325.4262359437491,337.7750259495643,325.95787559089604,Down,152
2026-02-02 21:20:00,316.628952081458,316.628952081458,309.8,312.825,319.4238517350636,324.93206982830793,337.52676698489205,324.4172072607483,Down,506
2026-02-02 21:30:00,314.726976040729,314.726976040729,309.8,309.8,318.54895612278506,324.338655325237,337.25087875618664,324.2394167806472,Down,48
2026-02-02 21:40:00,312.26348802036455,312.26348802036455,303.7,306.9,317.48996011162274,323.6547864889533,336.94887996259274,321.98294761784456,Down,280
2026-02-02 21:50:00,309.58174401018226,309.58174401018226,301.7,304.8,316.3363273742025,322.9153830972296,336.62899060973115,321.2353276521231,Down,899
2026-02-02 22:00:00,307.19087200509114,308.4,301.1,303.7,315.1875703401841,322.16183866204415,336.30133896187317,321.2353276521231,Down,504
2026-02-02 22:10:00,305.44543600254553,305.44543600254553,298.4,300.675,313.8682457638037,321.31921753804244,335.94684802692916,319.78589774354714,Down,749
2026-02-02 22:20:00,303.0602180012728,303.0602180012728,298.4,299.85,312.5938597852761,320.4772874385114,335.58767540974577,318.66398803953047,Down,1239
2026-02-02 22:30:00,301.4551090006364,303.6,298.4,300.3,311.4762361684328,319.6860212644521,335.2365542613901,318.66398803953047,Down,568
2026-02-02 22:40:00,300.8775545003182,300.8775545003182,298.4,298.95,310.337487425848,318.8728439599638,334.87549401998325,317.0801020592782,Down,866
2026-02-02 22:50:00,299.9137772501591,299.9137772501591,298.4,298.4,309.2522612962254,318.06998733408284,334.5125537809784,315.56310290615477,Down,32
2026-02-02 23:00:00,299.15688862507955,299.15688862507955,298.4,298.4,308.26569208747765,317.2986152817659,334.15322488763536,313.96841679536436,Down,40
2026-02-02 23:10:00,298.77844431253976,298.77844431253976,290.3,294.575,307.0210837158887,316.4074931138535,333.7594117046738,311.43135870885214,Down,455
2026-02-02 23:20:00,296.6767221562699,296.6767221562699,290.8,291.375,305.59871246898973,315.4258267172318,333.3376762648263,311.231838728217,Down,299
2026-02-02 23:30:00,294.02586107813494,294.02586107813494,287.5,289.9,304.1715567899907,314.4248139047914,332.9054605805992,309.03913243119115,Down,532
2026-02-02 23:40:00,291.96293053906743,291.96293053906743,287.1,288.0,302.7014152636279,313.3885466928388,332.45864007730967,307.91453264021607,Down,407
2026-02-02 23:50:00,289.9814652695337,290.2,287.1,288.575,301.4171956942072,312.4154664303746,332.0219869422121,306.48915215516575,Down,482
2026-02-03 00:00:00,289.2782326347668,295.0,288.0,290.225,300.3997233583701,311.545252060556,331.6060965248767,306.48915215516575,Down,149
2026-02-03 09:00:00,289.7516163173834,289.7516163173834,283.9,286.225,299.11111214397283,310.5523009993577,331.1545433256242,306.182958700151,Down,58
2026-02-03 09:10:00,287.98830815869167,287.98830815869167,284.6,286.35,297.9510110399753,309.6031911562457,330.7087269741255,305.12367572019673,Down,675
2026-02-03 09:20:00,287.16915407934584,288.0,285.3,286.65000000000003,296.92364639997754,308.70306601286353,330.27033168085063,304.74956512804624,Down,218
2026-02-03 09:30:00,286.90957703967297,286.90957703967297,285.4,285.85,295.91695127270685,307.8068673456924,329.82833833079246,303.1578757415778,Down,160
2026-02-03 09:40:00,286.3797885198365,286.5,285.4,285.825,294.99950115700625,306.94483333213583,329.39049416829704,301.80735201976483,Down,140
2026-02-03 09:50:00,286.10239425991824,286.10239425991824,284.3,285.07499999999993,294.0972737790966,306.087192809307,328.9495439775677,300.27238778789746,Down,154
2026-02-03 10:00:00,285.5886971299591,285.5886971299591,283.4,284.125,293.19070343554233,305.2259303461969,328.50352861460686,298.99132084672675,Down,235
2026-02-03 10:10:00,284.85684856497954,284.85684856497954,283.4,283.775,292.3347303959476,304.3847173914441,328.05846862839184,297.83725310770706,Down,226
2026-02-03 10:20:00,284.31592428248973,284.31592428248973,280.7,282.25,291.41793672358875,303.5166892584463,327.6026629703979,296.2854153578024,Down,337
2026-02-03 10:30:00,283.28296214124487,283.28296214124487,280.7,281.67499999999995,290.5322152032625,302.66015242478176,327.14567129905066,295.4556975006728,Down,235
2026-02-03 10:40:00,282.4789810706224,284.5,282.4789810706224,283.375,289.8815592756932,301.9038719375354,326.71014223139844,295.4556975006728,Down,241
2026-02-03 10:50:00,282.92699053531123,284.6,282.92699053531123,284.225,289.3673266142665,301.2105828419458,326.28740449775273,295.4556975006728,Down,72
2026-02-03 11:00:00,283.5759952676556,284.8,283.5759952676556,284.4,288.915751467515,300.55134429912437,325.87061440324777,295.4556975006728,Down,82
2026-02-03 11:10:00,283.98799763382783,286.0,283.5,284.82500000000005,288.5438649704682,299.934624914845,325.4622003295836,295.4556975006728,Down,204
2026-02-03 11:20:00,284.40649881691394,286.7,284.40649881691394,286.0,288.31260451860743,299.3881690358315,325.0695416198365,295.4556975006728,Down,183
2026-02-03 11:30:00,285.20324940845694,287.3,285.20324940845694,286.875,288.181913198734,298.8974565246224,324.6894964295894,295.4556975006728,Down,134
2026-02-03 11:40:00,286.03912470422847,287.4,285.7,286.65,288.0426483624854,298.41716411189213,324.31099397755366,295.4556975006728,Down,115
2026-02-03 11:50:00,286.3445623521142,288.2,286.1,287.25,287.9705894204413,297.9792361075042,323.94222786832427,295.4556975006728,Down,162
2026-02-03 12:00:00,286.79728117605714,288.9,286.79728117605714,288.35,288.0050812913102,297.6016190052492,323.58807634724644,295.4556975006728,Down,201
2026-02-03 12:10:00,287.5736405880285,289.5,287.5736405880285,288.875,288.084164810282,297.25939865210216,323.24267260249775,295.4556975006728,Down,197
2026-02-03 12:20:00,288.22432029401426,289.3,287.7,288.525,288.12424073662004,296.91687321476485,322.89722312386596,295.4556975006728,Down,167
2026-02-03 12:30:00,288.37466014700715,288.7,287.2,288.075,288.1197643060182,296.5701330886957,322.55073334153894,295.4556975006728,Down,162
2026-02-03 12:40:00,288.22483007350354,289.0,287.8,288.625,288.1656948236529,296.2585592420802,322.2131638555535,295.4556975006728,Down,91
2026-02-03 12:50:00,288.42491503675177,289.3,285.8,287.475,288.102904385139,295.9141059384692,321.86751048385645,295.4556975006728,Down,242
2026-02-03 13:00:00,287.94995751837587,287.94995751837587,285.8,286.79999999999995,287.98445853194454,295.5566900193136,321.5185800312808,295.4556975006728,Down,115
2026-02-03 13:10:00,287.3749787591879,287.9,286.9,287.45,287.93587139267686,295.23878060679147,321.17958918519844,295.4556975006728,Down,50
2026-02-03 13:20:00,287.4124893795939,287.7,286.7,287.17499999999995,287.86670126606987,294.92255391632904,320.8412350639527,295.4556975006728,Down,48
2026-02-03 13:30:00,287.29374468979694,287.3,285.3,286.225,287.7174556964271,294.5814733705907,320.4967949140626,294.7724139059886,Down,93
2026-02-03 13:40:00,286.75937234489845,287.0,285.4,286.1,287.57041426947916,294.24886657174403,320.1545382482511,294.48401264180785,Down,107
2026-02-03 13:50:00,286.42968617244924,287.0,286.1,286.65,287.48674024498104,293.9508718042247,319.82115975821876,294.4081933107344,Down,32
2026-02-03 14:00:00,286.5398430862246,288.2,286.5398430862246,287.4,287.4788547681646,293.69397487072564,319.4985611536594,294.4081933107344,Down,170
2026-02-03 14:10:00,286.96992154311226,288.3,286.96992154311226,287.625,287.4921406983314,293.45597585618737,319.18141129143396,294.4081933107344,Down,100
2026-02-03 14:20:00,287.29746077155613,288.3,286.7,287.775,287.5178551803013,293.2331924892781,318.8689096865441,294.4081933107344,Down,147
2026-02-03 14:30:00,287.536230385778,288.3,286.6,287.6,287.52532289118295,293.0122829798946,318.55777625682725,294.4081933107344,Down,94
2026-02-03 14:40:00,287.568115192889,287.7,286.0,286.725,287.4525662647118,292.76572286303605,318.2410322144708,294.16604187324214,Down,131
2026-02-03 14:50:00,287.1465575964445,287.1465575964445,284.7,285.54999999999995,287.2796056951925,292.4827533389954,317.91574831183925,293.463883263513,Down,210
2026-02-03 15:00:00,286.3482787982222,286.3482787982222,283.8,284.54999999999995,287.0314597229023,292.17166497276025,317.5837508161991,292.8558812032745,Down,176
2026-02-03 15:10:00,285.4491393991111,285.4491393991111,284.0,284.375,286.78996338445666,291.865913405201,317.2533154846946,292.3258402121081,Down,100
2026-02-03 15:20:00,284.9120696995556,285.5,283.0,284.625,286.59314853132423,291.5819560167618,316.92865562912556,292.0693368295932,Down,189
2026-02-03 15:30:00,284.7685348497778,286.4,284.7685348497778,285.5,286.49377139211293,291.3434479376731,316.6159326875422,292.0693368295932,Down,235
2026-02-03 15:40:00,285.1342674248889,286.2,284.8,285.475,286.40115581101173,291.113312724431,316.3060726608005,292.0693368295932,Down,144
2026-02-03 15:50:00,285.30463371244446,286.8,285.2,285.79999999999995,286.34650528273795,290.90494751955134,316.0025296492503,292.0693368295932,Down,67
2026-02-03 16:00:00,285.5523168562222,286.0,284.7,285.42499999999995,286.2627320752163,290.69004761682385,315.6982756228896,292.0693368295932,Down,74
2026-02-03 16:10:00,285.4886584281111,286.1,285.0,285.55,286.1979382501966,290.48847712204645,315.39829278087075,292.0693368295932,Down,91
2026-02-03 16:20:00,285.5193292140556,286.5,285.5,285.8,286.1617620456333,290.304615274123,315.1037824049417,292.0693368295932,Down,98
2026-02-03 16:30:00,285.6596646070278,286.0,284.0,285.275,286.08114731421205,290.10737545945153,314.8069785999174,291.8339902336739,Down,172
2026-02-03 16:40:00,285.4673323035139,286.0,285.2,285.475,286.02604301292,289.9257136767279,314.5151181163361,291.8339902336739,Down,69
2026-02-03 16:50:00,285.47116615175696,287.5,285.1,286.275,286.0486754662909,289.7825484345033,314.23412191617354,291.8339902336739,Down,220
2026-02-03 17:00:00,285.87308307587847,287.2,284.9,286.25,286.06697769662804,289.6440171233464,313.9556729418833,291.8339902336739,Down,206
2026-02-03 17:10:00,286.0615415379392,286.2,284.2,285.29999999999995,285.99725245148005,289.47366351066614,313.67054186783474,291.8339902336739,Down,230
2026-02-03 17:20:00,285.6807707689696,286.0,284.5,285.025,285.90886586498186,289.29920611809104,313.38551160049315,291.8339902336739,Down,178
2026-02-03 17:30:00,285.3528853844848,285.8,283.5,284.45,285.77624169543805,289.1090411722835,313.0975960621798,291.8339902336739,Down,316
2026-02-03 17:40:00,284.9014426922424,284.9014426922424,283.2,284.15000000000003,285.6284015413073,288.91456896944885,312.8095602804666,291.2248890283356,Down,164
2026-02-03 17:50:00,284.52572134612126,287.3,284.5,285.9,285.65309231027936,288.79635057849003,312.5418034617555,291.2248890283356,Down,377
2026-02-03 18:00:00,285.2128606730606,288.1,285.2128606730606,286.9,285.7664475547994,288.7219838891375,312.28666113875295,291.2248890283356,Down,269
2026-02-03 18:10:00,286.0564303365303,291.2,286.0564303365303,289.04999999999995,286.0649523225449,288.7348472660341,312.0554505801584,291.2248890283356,Down,578
2026-02-03 18:20:00,287.5532151682651,292.5,287.5532151682651,291.4,286.549956656859,288.83936305952295,311.849923708714,280.1081090382709,Up,419
2026-02-03 18:30:00,289.4766075841326,291.8,288.5,290.6,286.9181424153264,288.908407645424,311.6384816817617,280.1081090382709,Up,355
2026-02-03 18:40:00,290.0383037920663,291.6,288.2,290.20000000000005,287.21649310484213,288.9590583259956,311.42516345607254,280.1081090382709,Up,370
2026-02-03 18:50:00,290.11915189603315,292.1,288.4,289.9,287.4604482771292,288.995957999486,311.2109827251664,280.1081090382709,Up,354
2026-02-03 19:00:00,290.00957594801656,290.00957594801656,284.8,287.55,287.4685893428447,288.939253764212,310.9755500612344,280.1081090382709,Up,686
2026-02-03 19:10:00,288.7797879740083,290.0,287.3,288.79999999999995,287.58962667531335,288.93379283228217,310.75489782181916,280.1081090382709,Up,388
2026-02-03 19:20:00,288.7898939870041,293.3,288.7898939870041,291.475,287.942842432103,289.03344801532995,310.5630580424976,280.1081090382709,Up,524
2026-02-03 19:30:00,290.13244699350207,292.7,287.6,290.45,288.17076584736634,289.0889990735523,310.3629281117265,280.1081090382709,Up,440
2026-02-03 19:40:00,290.29122349675106,292.0,288.9,290.45,288.3779689521512,289.1423716589032,310.16478952355016,280.1081090382709,Up,229
2026-02-03 19:50:00,290.3706117483755,292.6,290.3706117483755,291.4,288.6526990474102,289.2309061036521,309.97807519993273,280.1081090382709,Up,252
2026-02-03 20:00:00,290.88530587418774,290.88530587418774,288.3,289.775,288.7547264067365,289.25224311919516,309.77704957605283,280.1081090382709,Up,302
2026-02-03 20:10:00,290.3301529370939,292.8,289.5,290.92499999999995,288.9520240061241,289.3178414282463,309.58946699320654,280.1081090382709,Up,250
2026-02-03 20:20:00,290.6275764685469,292.5,290.6275764685469,291.82500000000005,289.213203641931,289.4161613722367,309.4127061276025,280.1081090382709,Up,164
2026-02-03 20:30:00,291.2262882342735,295.9,291.2262882342735,293.85,289.63473058357357,289.5900373968548,309.25785333031297,280.73442557315184,Up,654
2026-02-03 20:40:00,292.5381441171368,295.7,292.5381441171368,294.625,290.08839143961234,289.78748691070365,309.1122527996631,281.30683487935914,Up,262
2026-02-03 20:50:00,293.5815720585684,297.0,293.5,295.29999999999995,290.5621740360112,290.0036638945976,308.9748174484227,282.32978438253707,Up,369
2026-02-03 21:00:00,294.44078602928414,298.0,294.44078602928414,296.65,291.11561276001015,290.264304526182,308.85218244893593,283.18048282759725,Up,445
2026-02-03 21:10:00,295.54539301464206,297.1,295.0,295.8,291.54146614546374,290.4813906231945,308.7223099867575,283.43189982995926,Up,341
2026-02-03 21:20:00,295.672696507321,296.3,294.5,295.17499999999995,291.871787404967,290.6654537360104,308.58751088241166,283.43189982995926,Up,227
2026-02-03 21:30:00,295.4238482536605,295.6,292.1,294.15,292.07889764087906,290.8021026091081,308.44385405771106,283.43189982995926,Up,398
2026-02-03 21:40:00,294.78692412683023,296.5,293.3,295.025,292.34672512807185,290.9677064283588,308.31033312181347,283.43189982995926,Up,317
2026-02-03 21:50:00,294.9059620634152,297.6,294.9059620634152,296.42500000000007,292.7174773891562,291.1817179409722,308.1920711007009,284.05353702687285,Up,349
2026-02-03 22:00:00,295.6654810317076,296.1,293.6,294.875,292.9136158083238,291.3265525315223,308.0595629305447,284.05353702687285,Up,227
2026-02-03 22:10:00,295.2702405158538,295.2702405158538,292.2,293.725,292.9873780075671,291.420609294992,307.9169304635741,284.05353702687285,Up,231
2026-02-03 22:20:00,294.4976202579269,296.5,294.2,294.925,293.1635254614246,291.5580363814629,307.787657523638,284.05353702687285,Up,242
2026-02-03 22:30:00,294.7113101289634,296.3,294.2,294.975,293.32820496493144,291.69203495473886,307.6601683940496,284.05353702687285,Up,127
2026-02-03 22:40:00,294.8431550644817,295.7,294.0,294.85,293.46654996811947,291.8158767212197,307.53270403191976,284.05353702687285,Up,108
2026-02-03 22:50:00,294.8465775322409,296.2,294.5,295.07500000000005,293.6127726982904,291.9436854772503,307.4087467778709,284.49391057840495,Up,97
2026-02-03 23:00:00,294.96078876612046,296.3,294.7,295.35,293.7707024529913,292.07726643892676,307.2887592477428,285.0490096167317,Up,103
2026-02-03 23:10:00,295.15539438306024,295.4,292.4,293.875,293.7801840481739,292.14776579426297,307.1552890064717,285.0490096167317,Up,190
2026-02-03 23:20:00,294.5151971915301,294.5151971915301,290.8,292.475,293.66153095288536,292.16059850821347,307.00921647904414,285.0490096167317,Up,305
2026-02-03 23:30:00,293.49509859576506,294.0,292.6,293.2,293.6195735935321,292.20135935102866,306.8718113399492,285.0490096167317,Up,122
2026-02-03 23:40:00,293.3475492978825,293.3475492978825,291.9,292.575,293.52461235775644,292.21601192549815,306.72955451069595,285.0490096167317,Up,117
2026-02-03 23:50:00,292.9612746489413,293.3,292.0,292.75,293.45419305250584,292.23695263430216,306.5904544658134,285.0490096167317,Up,145
2026-02-04 00:00:00,292.85563732447065,293.1,291.4,292.45,293.3629027750053,292.245307432957,306.44975342635263,285.0490096167317,Up,131
2026-02-04 09:00:00,292.6528186622353,293.5,291.1,292.20000000000005,293.2571843409139,292.24353067088026,306.30796483504565,285.0490096167317,Up,25
2026-02-04 09:10:00,292.42640933111767,294.4,292.42640933111767,293.575,293.2860766735581,292.29574515437514,306.1812686675328,285.0490096167317,Up,208
2026-02-04 09:20:00,293.0007046655588,293.9,293.0007046655588,293.625,293.31688788505284,292.34787279538006,306.0563306708409,285.0490096167317,Up,73
2026-02-04 09:30:00,293.3128523327794,293.9,293.2,293.55,293.3380798955026,292.3950150386985,305.9318895696385,285.2616621051488,Up,85
2026-02-04 09:40:00,293.4314261663897,293.8,292.7,293.175,293.32325445045683,292.4256026842397,305.80495534506497,285.31514736831707,Up,86
2026-02-04 09:50:00,293.30321308319486,293.30321308319486,292.3,292.75,293.2711404095062,292.4383241476029,305.67505529188026,285.31514736831707,Up,93
2026-02-04 10:00:00,293.0266065415974,293.1,292.6,292.9,293.23740037227833,292.456429082991,305.5479403138516,285.7788116818506,Up,41
2026-02-04 10:10:00,292.9633032707987,293.2,292.7,292.975,293.21354579298026,292.47676519738354,305.4228364301317,286.3398288016823,Up,34
2026-02-04 10:20:00,292.9691516353994,293.0,292.0,292.65,293.1623143572548,292.4835587190548,305.29574353032945,286.3398288016823,Up,60
2026-02-04 10:30:00,292.8095758176997,292.8095758176997,291.4,292.2,293.074831233868,292.472438769288,305.165437624555,286.3398288016823,Up,102
2026-02-04 10:40:00,292.50478790884983,292.50478790884983,291.2,291.9,292.96802839442546,292.4499901901002,305.0334432203306,286.3398288016823,Up,93
2026-02-04 10:50:00,292.2023939544249,292.2023939544249,290.8,291.475,292.8322985403868,292.41175528068453,304.8985333375412,286.3398288016823,Up,92
2026-02-04 11:00:00,291.83869697721246,291.83869697721246,290.9,291.2,292.683907763988,292.36423546575577,304.7622295232373,286.3398288016823,Up,41
2026-02-04 11:10:00,291.5193484886062,291.6,290.9,291.175,292.5467343308982,292.3175987808242,304.62703320957326,286.3398288016823,Up,57
2026-02-04 11:20:00,291.3471742443031,291.5,290.4,291.15,292.4197584826347,292.27181059334094,304.4929333766422,286.3398288016823,Up,83
2026-02-04 11:30:00,291.24858712215155,292.4,291.24858712215155,291.79999999999995,292.36341680239514,292.2533082171315,304.36663553209854,286.3398288016823,Up,88
2026-02-04 11:40:00,291.5242935610757,293.7,291.5242935610757,292.625,292.3871970930865,292.26788436547935,304.2498033377493,286.8322937424033,Up,177
2026-02-04 11:50:00,292.0746467805379,293.0,291.2,292.15,292.3656337209877,292.263261449186,304.1294072846374,286.8322937424033,Up,74
2026-02-04 12:00:00,292.1123233902689,292.3,290.8,291.625,292.2983033827161,292.2382315884336,304.00498532160617,286.8322937424033,Up,58
2026-02-04 12:10:00,291.86866169513445,292.5,291.5,291.975,292.26891216610557,292.22790878104405,303.88528397512255,286.8322937424033,Up,45
2026-02-04 12:20:00,291.9218308475672,291.9218308475672,290.7,291.3,292.1808292419142,292.1915202013953,303.7600572689024,286.8322937424033,Up,38
2026-02-04 12:30:00,291.6109154237836,291.6109154237836,289.3,290.325,292.0121174926492,292.11832333075233,303.6263751070228,286.8322937424033,Up,188
2026-02-04 12:40:00,290.9679577118918,290.9679577118918,289.9,290.17499999999995,291.8451068114993,292.0421145726836,303.4925305785947,286.8322937424033,Up,55
2026-02-04 12:50:00,290.5714788559459,290.5714788559459,289.7,289.975,291.675097101363,291.9610512561078,303.35802778676793,286.8322937424033,Up,57
2026-02-04 13:00:00,290.2732394279729,290.5,290.0,290.125,291.5341791830573,291.88904924606436,303.2263558684917,286.8322937424033,Up,34
2026-02-04 13:10:00,290.1991197139865,290.7,289.5,290.05,291.39925380277936,291.81692966778735,303.09524784989975,286.8322937424033,Up,42
2026-02-04 13:20:00,290.12455985699324,290.12455985699324,289.5,289.875,291.260685275254,291.74077556316826,302.9637030951744,286.8322937424033,Up,86
2026-02-04 13:30:00,289.99977992849665,291.3,289.9,290.3,291.1733502502309,291.68427456069105,302.83769609920256,286.8322937424033,Up,69
2026-02-04 13:40:00,290.1498899642484,290.6,290.0,290.175,291.0825911365735,291.6250873230169,302.7116991230911,286.8322937424033,Up,50
2026-02-04 13:50:00,290.16244498212416,290.7,290.0,290.3,291.0114464877941,291.57312311427114,302.58819962932904,286.8322937424033,Up,18
2026-02-04 14:00:00,290.2312224910621,290.5,289.8,290.17499999999995,290.9354058979946,291.5182947568488,302.4646852051566,286.8322937424033,Up,30
2026-02-04 14:10:00,290.20311124553103,290.6,289.8,290.025,290.85264172544964,291.45973417814884,302.3409072429163,286.8322937424033,Up,74
2026-02-04 14:20:00,290.1140556227655,290.1140556227655,289.8,289.85,290.7614924776815,291.3966073476332,302.2166196086584,286.8322937424033,Up,29
2026-02-04 14:30:00,289.98202781138275,290.5,289.8,290.15,290.7059022524377,291.34772078498094,302.09655374190555,286.8322937424033,Up,36
2026-02-04 14:40:00,290.06601390569136,291.3,290.06601390569136,290.775,290.7121838658524,291.3252611463542,301.9839014658667,286.8322937424033,Up,48
2026-02-04 14:50:00,290.4205069528457,290.9,290.0,290.6,290.7019853325931,291.2968195327717,301.8706288144651,286.8322937424033,Up,60
2026-02-04 15:00:00,290.51025347642286,291.4,290.5,291.0,290.7290775750846,291.2851795510944,301.76246335362464,286.9749622018914,Up,42
2026-02-04 15:10:00,290.7551267382114,291.9,290.4,291.375,290.78779779553145,291.28870192163976,301.65910550930994,286.99087472899214,Up,58
2026-02-04 15:20:00,291.0650633691057,292.5,291.0650633691057,292.05,290.9025434504831,291.3185567482421,301.56349251916754,287.4797135724024,Up,124
2026-02-04 15:30:00,291.5575316845528,292.3,291.5,291.975,291.0000395004392,291.34429962086006,301.4680846334047,287.69743807986316,Up,66
2026-02-04 15:40:00,291.7662658422764,293.4,291.5,292.2,291.10912681858105,291.37785649847336,301.37586488580865,287.9385800726029,Up,231
2026-02-04 15:50:00,291.98313292113824,292.0,291.1,291.625,291.1560243805282,291.38754840049404,301.2788413546066,287.9385800726029,Up,93
2026-02-04 16:00:00,291.8040664605691,292.7,291.6,292.15,291.2463858004802,291.4174484632197,301.1880071122722,287.9385800726029,Up,45
2026-02-04 16:10:00,291.9770332302845,294.3,291.9770332302845,293.4,291.4421689095275,291.4951955823092,301.1105145041899,288.210089985586,Up,172
2026-02-04 16:20:00,292.68851661514225,294.9,292.68851661514225,294.4,291.711062645025,291.6091094810422,301.043743215591,288.5096946862081,Up,129
2026-02-04 16:30:00,293.5442583075711,294.6,293.4,294.25,291.9418751318409,291.712673815119,300.97614378061,288.7594876169427,Up,136
2026-02-04 16:40:00,293.8971291537856,295.7,293.8971291537856,294.875,292.2085228471281,291.836686606683,300.9154358822955,289.3788730118536,Up,170
2026-02-04 16:50:00,294.38606457689275,296.8,294.38606457689275,295.7,292.52592986102553,291.98818909269545,300.8635409978946,289.78824525728083,Up,274
2026-02-04 17:00:00,295.0430322884464,297.0,295.0430322884464,295.95,292.8372089645686,292.14355422631525,300.81465004269165,290.0328124025987,Up,187
2026-02-04 17:10:00,295.4965161442232,296.5,294.9,295.75,293.1020081496078,292.2849834723421,300.76425551490365,290.0328124025987,Up,164
2026-02-04 17:20:00,295.6232580721116,296.0,293.6,294.925,293.2677346814616,292.3885135322503,300.70615346997926,290.0328124025987,Up,273
2026-02-04 17:30:00,295.2741290360558,295.6,294.0,294.725,293.4002133467833,292.48014045255417,300.64663950510385,290.0328124025987,Up,144
2026-02-04 17:40:00,294.9995645180279,296.2,294.7,295.35,293.5774666788939,292.5926839642187,300.59393662445603,290.0328124025987,Up,132
2026-02-04 17:50:00,295.1747822590139,295.7,292.6,294.15,293.62951516263087,292.65375518130816,300.5298178520734,290.0328124025987,Up,209
2026-02-04 18:00:00,294.66239112950694,294.66239112950694,292.5,293.2,293.59046832966436,292.6751765467471,300.4568843411075,290.0328124025987,Up,173
2026-02-04 18:10:00,293.93119556475347,295.5,292.6,293.75,293.60497120878574,292.7173264860903,300.3901491735343,290.0328124025987,Up,155
2026-02-04 18:20:00,293.84059778237673,295.4,293.84059778237673,294.8,293.7136101898052,292.79899995722405,300.3345257986733,290.0328124025987,Up,133
2026-02-04 18:30:00,294.3202988911884,295.9,294.3,295.35,293.8623728998229,292.8990391745878,300.28492852704477,290.0328124025987,Up,101
2026-02-04 18:40:00,294.8351494455942,297.6,294.8351494455942,296.6,294.11124809074806,293.04417489323146,300.24826257155183,290.0328124025987,Up,390
2026-02-04 18:50:00,295.7175747227971,297.4,294.8,296.425,294.3215891734073,293.1767562699675,300.2102201579046,290.0328124025987,Up,291
2026-02-04 19:00:00,296.07128736139856,298.3,296.07128736139856,296.9,294.555990157643,293.32276582800796,300.1772826438956,290.0328124025987,Up,348
2026-02-04 19:10:00,296.48564368069924,297.5,296.0,296.65,294.74635468876636,293.4532455994586,300.14218530415536,290.0328124025987,Up,177
2026-02-04 19:20:00,296.5678218403496,296.5678218403496,295.1,295.79999999999995,294.8421406261512,293.5452751837936,300.0989794802335,290.0328124025987,Up,207
2026-02-04 19:30:00,296.18391092017475,299.7,295.3,297.425,295.0769460237738,293.6974212550174,300.0723727192361,290.0328124025987,Up,333
2026-02-04 19:40:00,296.8044554600874,301.7,296.8044554600874,300.225,295.54495093070346,293.95340473521276,300.0738913986467,290.0328124025987,Up,565
2026-02-04 19:50:00,298.5147277300437,304.3,298.5147277300437,302.6,296.18631902791225,294.29248690245936,300.0990268076154,290.6152707715796,Up,707
2026-02-04 20:00:00,300.5573638650219,307.4,300.5573638650219,305.0,296.98756275264753,294.7123893768727,300.14779271002726,291.6794568893896,Up,9998
2026-02-04 20:10:00,302.7786819325109,304.5,299.1,302.02500000000003,297.4455115933159,294.99915842091696,300.16647138952953,291.6794568893896,Up,1280
2026-02-04 20:20:00,302.40184096625546,302.40184096625546,297.3,299.275,297.6118287211963,295.1668384828418,300.1576010274447,291.6794568893896,Up,426
2026-02-04 20:30:00,300.8384204831277,300.8384204831277,298.7,299.375,297.77211701926933,295.33186442469116,300.1498139525447,291.6794568893896,Up,229
2026-02-04 20:40:00,300.10671024156386,300.10671024156386,296.7,298.85,297.87010638115396,295.4698305256837,300.1368804803801,291.6794568893896,Up,404
2026-02-04 20:50:00,299.47835512078194,300.7,299.2,299.7,298.0364603465036,295.63571952467646,300.1325334109236,291.6794568893896,Up,206
2026-02-04 21:00:00,299.58917756039097,300.5,298.7,299.6,298.1786003150033,295.7911815041009,300.12723457101396,291.6794568893896,Up,160
2026-02-04 21:10:00,299.5945887801955,299.5945887801955,297.1,298.65,298.2214548318211,295.9032920333518,300.1125357195611,291.6794568893896,Up,314
2026-02-04 21:20:00,299.1222943900977,300.9,298.5,299.65,298.35132257438283,296.05022175753413,300.10793337409285,291.6794568893896,Up,238
2026-02-04 21:30:00,299.38614719504886,301.5,299.2,300.57500000000005,298.55347506762075,296.22766404155243,300.11258080320636,291.6794568893896,Up,318
2026-02-04 21:40:00,299.9805735975244,301.3,299.9805735975244,300.82500000000005,298.7599773342007,296.40795172619744,300.11966955143316,291.6794568893896,Up,174
2026-02-04 21:50:00,300.40278679876224,302.0,300.2,301.3,298.99088848563696,296.5997967565426,300.13141413301094,291.6794568893896,Up,188
2026-02-04 22:00:00,300.8513933993811,303.7,300.8513933993811,302.40000000000003,299.3008077142154,296.82725570726643,300.15398712671237,291.6794568893896,Up,322
2026-02-04 22:10:00,301.6256966996906,303.0,301.1,302.45000000000005,299.587097922014,297.0477554834521,300.17683302594907,291.6794568893896,Up,131
2026-02-04 22:20:00,302.0378483498453,303.3,301.6,302.6,299.8609981109218,297.2654905625324,300.20094414011874,292.25753780922776,Up,178
2026-02-04 22:30:00,302.3189241749227,302.5,301.6,302.2,300.07363464629253,297.45900073655076,300.22083524320215,292.42048891747976,Up,75
2026-02-04 22:40:00,302.2594620874613,302.5,300.8,301.675,300.2192133148114,297.62433404099977,300.2353045442648,292.42048891747976,Up,135
2026-02-04 22:50:00,301.96723104373064,301.96723104373064,299.5,300.725,300.2651939225558,297.74592878449,300.2401771358642,292.42048891747976,Up,242
2026-02-04 23:00:00,301.34611552186533,303.5,300.7,301.975,300.4206308386871,297.91177471451,300.2574390549103,292.5205163472865,Up,236
2026-02-04 23:10:00,301.66055776093265,303.3,301.66055776093265,302.55,300.6142098533519,298.09366590217627,300.28025060660275,293.1754965637932,Up,235
2026-02-04 23:20:00,302.1052788804664,305.0,302.0,303.425,300.86973623031986,298.3027378275811,300.311541645343,293.9501978939335,Up,220
2026-02-04 23:30:00,302.7651394402332,304.9,302.7651394402332,303.9,301.1452147548362,298.5222383049309,300.3472476986232,294.37461851105,Up,212
2026-02-04 23:40:00,303.33256972011657,303.9,303.0,303.4,301.35019523166926,298.71352307728654,300.377623343413,294.52458980993947,Up,95
2026-02-04 23:50:00,303.3662848600583,304.0,301.4,302.75,301.47745021060837,298.871816289942,300.40122908128956,294.52458980993947,Up,240
2026-02-05 00:00:00,303.05814243002914,303.05814243002914,301.9,302.525,301.572682009644,299.01507839621877,300.42236113023193,294.52458980993947,Up,118
2026-02-05 09:00:00,302.7915712150145,303.0,297.1,300.375,301.46380182694907,299.0684086551906,300.4218898752048,294.52458980993947,Up,44
2026-02-05 09:10:00,301.58328560750726,301.58328560750726,298.0,298.7,301.2125471154082,299.0539612569478,300.4047566426157,294.52458980993947,Up,166
2026-02-05 09:20:00,300.1416428037536,300.1416428037536,298.4,298.9,301.002315559462,299.0479235605969,300.3897839397041,294.52458980993947,Up,115
2026-02-05 09:30:00,299.5208214018768,299.5208214018768,297.8,298.475,300.7725595995109,299.0254559699853,300.37073136318963,294.52458980993947,Up,102
2026-02-05 09:40:00,298.9979107009384,300.0,298.2,299.1,300.62050872682806,299.02837926528,300.3580872700236,294.52458980993947,Up,115
2026-02-05 09:50:00,299.0489553504692,299.9,299.0489553504692,299.725,300.539098842571,299.0556977254651,300.35178789420246,294.52458980993947,Up,47
2026-02-05 10:00:00,299.38697767523456,300.5,299.38697767523456,300.1,300.4991807659736,299.096650755839,300.34928254202134,294.52458980993947,Up,57
2026-02-05 10:10:00,299.7434888376173,301.2,299.7434888376173,300.725,300.5197097872487,299.16050758894335,300.3530210241903,294.52458980993947,Up,100
2026-02-05 10:20:00,300.23424441880866,301.5,300.23424441880866,301.2,300.58155435204424,299.2404876834946,300.3614486756909,294.52458980993947,Up,74
2026-02-05 10:30:00,300.71712220940435,301.5,300.5,301.075,300.62641304731295,299.31242934296546,300.3685486888681,294.52458980993947,Up,86
2026-02-05 10:40:00,300.8960611047022,300.8960611047022,299.6,300.425,300.6081027702845,299.3560595648099,300.3691103934565,294.52458980993947,Up,96
2026-02-05 10:50:00,300.66053055235113,300.9,300.0,300.55,300.60282070025863,299.40288075834684,300.37091029003903,294.52458980993947,Up,59
2026-02-05 11:00:00,300.6052652761756,301.5,300.6052652761756,300.95,300.63438245478056,299.4635521011568,300.37667237670536,294.52458980993947,Up,69
2026-02-05 11:10:00,300.77763263808777,300.8,299.8,300.35,300.60852950434594,299.4983147638565,300.3764069799222,294.52458980993947,Up,77
2026-02-05 11:20:00,300.5638163190439,301.0,300.0,300.325,300.5827540948599,299.53073379272485,300.3758954676842,294.52458980993947,Up,50
2026-02-05 11:30:00,300.4444081595219,301.4,300.1,300.575,300.58204917714534,299.57168540869645,300.3778766073092,294.52458980993947,Up,53
2026-02-05 11:40:00,300.5097040797609,300.5097040797609,299.6,300.125,300.54049925195034,299.59338402012014,300.37536042216186,294.52458980993947,Up,91
2026-02-05 11:50:00,300.31735203988046,300.4,299.6,300.05,300.49590841086393,299.61129052913503,300.3721230050259,294.52458980993947,Up,57
2026-02-05 12:00:00,300.1836760199402,302.0,299.9,300.95,300.5371894644218,299.6637889397572,300.3778730248764,294.8974641443171,Up,140
2026-02-05 12:10:00,300.56683800997007,304.4,300.56683800997007,303.2,300.77926314947433,299.8024638832961,300.40595389030057,295.5872365943533,Up,250
2026-02-05 12:20:00,301.88341900498506,304.9,301.88341900498506,304.2,301.09023922679484,299.9749162800296,300.44370559288467,296.02551422191283,Up,191
2026-02-05 12:30:00,303.0417095024925,304.9,303.0417095024925,304.5,301.4002174789044,300.1523705435579,300.48406673126397,296.5985715879892,Up,109
2026-02-05 12:40:00,303.77085475124625,305.4,303.77085475124625,304.675,301.69792498082217,300.32972856145756,300.5257675598086,297.29093531856995,Up,220
2026-02-05 12:50:00,304.2229273756232,304.8,303.0,303.9,301.89811361892924,300.4697392061063,300.5593420119498,297.29093531856995,Up,182
2026-02-05 13:00:00,304.0614636878116,304.0614636878116,302.5,303.1,302.0073760172084,300.57288668821974,300.58462219093536,297.29093531856995,Up,124
2026-02-05 13:10:00,303.5807318439058,303.5807318439058,302.6,303.125,302.1089781974622,300.6729695631915,300.60989958207034,297.29093531856995,Up,51
2026-02-05 13:20:00,303.3528659219529,304.0,302.9,303.425,302.22861654314744,300.78089232541925,300.6379105315025,297.29093531856995,Up,53
2026-02-05 13:30:00,303.3889329609765,303.8,303.3,303.625,302.3555604937704,300.89242595971655,300.66763281477114,297.3068408192804,Up,20
2026-02-05 13:40:00,303.50696648048824,303.9,303.1,303.475,302.45732772160943,300.993703373061,300.69556681661425,297.5334916538913,Up,47
2026-02-05 13:50:00,303.49098324024413,303.49098324024413,302.6,302.90000000000003,302.4975706560086,301.0684601035292,300.7175014751554,297.5334916538913,Up,55
2026-02-05 14:00:00,303.1954916201221,303.1954916201221,302.6,302.70000000000005,302.5159733236441,301.1324420602536,300.73722782863643,297.5334916538913,Up,30
2026-02-05 14:10:00,302.94774581006106,302.94774581006106,301.6,302.25,302.4917939305856,301.17626786181233,300.75228028805304,297.5334916538913,Up,101
2026-02-05 14:20:00,302.59887290503053,302.59887290503053,300.8,301.375,302.39026720962323,301.1840612789962,300.75847650409236,297.5334916538913,Up,103
2026-02-05 14:30:00,301.98693645251524,301.98693645251524,300.2,300.725,302.23887928147565,301.16605887589833,300.7581434045492,297.5334916538913,Up,139
2026-02-05 14:40:00,301.35596822625763,301.35596822625763,300.0,300.5,302.080799346796,301.1399389199808,300.75557481345913,297.5334916538913,Up,85
2026-02-05 14:50:00,300.9279841131288,300.9279841131288,300.2,300.40000000000003,301.9279994061782,301.11092170743257,300.7520367556138,297.5334916538913,Up,47
2026-02-05 15:00:00,300.66399205656444,301.1,299.9,300.275,301.7777267328893,301.0781404640038,300.7472901212296,297.5334916538913,Up,136
2026-02-05 15:10:00,300.4694960282822,300.4694960282822,299.1,299.875,301.6047515753539,301.0309584850233,300.73861061753576,297.5334916538913,Up,102
2026-02-05 15:20:00,300.17224801414113,300.8,299.8,300.3,301.48613779577624,301.0022934463949,300.73424633278415,297.5334916538913,Up,67
2026-02-05 15:30:00,300.23612400707054,302.0,300.0,301.0,301.44194345070565,301.0022035073206,300.73689064788084,297.5334916538913,Up,88
2026-02-05 15:40:00,300.6180620035353,301.7,300.4,301.1,301.41085768245966,301.0060386638963,300.7405036762602,297.5334916538913,Up,55
2026-02-05 15:50:00,300.8590310017677,301.4,300.8,301.0,301.37350698405425,301.00580185354744,300.7430857292327,297.5334916538913,Up,32
2026-02-05 16:00:00,300.92951550088384,301.0,299.2,300.1,301.2577336218675,300.97028021223184,300.73668686625524,297.5334916538913,Up,107
2026-02-05 16:10:00,300.514757750442,300.514757750442,299.0,299.4,301.0888487471522,300.9087005960659,300.72338649942685,297.5334916538913,Up,100
2026-02-05 16:20:00,299.95737887522097,300.2,298.6,299.475,300.94213522468385,300.852477043279,300.71096474321365,297.5334916538913,Up,64
2026-02-05 16:30:00,299.7161894376105,300.9,299.6,300.275,300.8814865678944,300.82983088471906,300.7066267855697,297.5334916538913,Up,56
2026-02-05 16:40:00,299.99559471880525,302.5,299.99559471880525,301.3,300.91953324354034,300.8482688892399,300.71253099665853,297.5334916538913,Up,211
2026-02-05 16:50:00,300.6477973594026,304.0,300.6477973594026,302.77500000000003,301.0882120395821,300.9238269720148,300.73305307629374,297.5334916538913,Up,235
2026-02-05 17:00:00,301.71139867970135,304.9,301.71139867970135,303.975,301.350647308711,301.04348081624954,300.7653112546391,297.5334916538913,Up,209
2026-02-05 17:10:00,302.8431993398507,305.8,302.8431993398507,304.675,301.6528611897373,301.18589333325934,300.80421363021486,297.5334916538913,Up,260
2026-02-05 17:20:00,303.7590996699254,305.6,303.7590996699254,305.15000000000003,301.97078289976116,301.341348496661,300.84745528563565,297.5334916538913,Up,177
2026-02-05 17:30:00,304.4545498349627,305.4,303.7,304.475,302.19843899978287,301.4642367909096,300.8835502579179,297.5334916538913,Up,132
2026-02-05 17:40:00,304.4647749174813,304.4647749174813,302.6,303.57500000000005,302.3235809088935,301.547011818717,300.9103308523664,297.5334916538913,Up,267
2026-02-05 17:50:00,304.0198874587407,305.8,303.2,304.025,302.47825537172133,301.6441878258262,300.94132258517874,297.5334916538913,Up,165
2026-02-05 18:00:00,304.0224437293704,306.0,303.1,304.55,302.6665957924739,301.7581412444212,300.9772298231372,297.5334916538913,Up,228
2026-02-05 18:10:00,304.2862218646852,306.9,304.2862218646852,306.125,302.98099617497627,301.9293906073851,301.02845141693683,297.5334916538913,Up,279
2026-02-05 18:20:00,305.2056109323426,306.5,303.6,305.4,303.2009056136148,302.06549293650727,301.07194941278823,297.5334916538913,Up,232
2026-02-05 18:30:00,305.3028054661713,306.6,305.1,305.675,303.42582328510434,302.20704223311486,301.11775091116846,297.5334916538913,Up,201
2026-02-05 18:40:00,305.48890273308564,306.2,304.1,305.25,303.59165753191303,302.32637391024764,301.15886781752505,297.5334916538913,Up,206
2026-02-05 18:50:00,305.3694513665428,305.5,304.0,304.8,303.7015068471936,302.4233788549438,301.195097988495,297.5334916538913,Up,158
2026-02-05 19:00:00,305.0847256832714,305.8,303.8,304.65,303.78773349744876,302.5106973312205,301.22947512293786,297.5334916538913,Up,214
2026-02-05 19:10:00,304.86736284163567,304.86736284163567,302.3,303.875,303.7956668158625,302.5641993966629,301.25579875355544,297.5334916538913,Up,314
2026-02-05 19:20:00,304.37118142081783,306.5,304.0,304.975,303.90287892351137,302.65874059679373,301.29280573113203,297.5334916538913,Up,348
2026-02-05 19:30:00,304.6730907104089,305.6,303.6,304.925,303.995799021374,302.7476135145665,301.3289469676382,297.5334916538913,Up,230
2026-02-05 19:40:00,304.7990453552045,306.7,304.5,305.675,304.1484536557946,302.86241298458356,301.37219127641794,297.5334916538913,Up,246
2026-02-05 19:50:00,305.2370226776022,306.4,304.2,305.225,304.2463215052678,302.9550634557764,301.41052768162774,297.5334916538913,Up,233
2026-02-05 20:00:00,305.23101133880107,305.23101133880107,301.3,302.825,304.11711045933436,302.9499629280989,301.4246020330544,297.5334916538913,Up,361
2026-02-05 20:10:00,304.0280056694005,304.0280056694005,298.0,299.925,303.7360095084858,302.83133693091855,301.40968061979015,297.5334916538913,Up,508
2026-02-05 20:20:00,301.9765028347002,301.9765028347002,298.3,299.65,303.36455409862344,302.70657861990213,301.39217135989173,297.5334916538913,Up,277
2026-02-05 20:30:00,300.8132514173501,303.0,300.5,301.675,303.2109582714759,302.66612455637653,301.3949855752162,297.5334916538913,Up,239
2026-02-05 20:40:00,301.244125708675,303.3,301.244125708675,302.85,303.1781438831599,302.6733353580873,301.40946333068666,297.5334916538913,Up,169
2026-02-05 20:50:00,302.0470628543375,303.3,301.4,302.675,303.1324035301454,302.6734006381623,301.4220557353564,297.5334916538913,Up,156
2026-02-05 21:00:00,302.3610314271688,303.5,299.4,301.775,303.00900320922307,302.63816924058733,301.42556761858674,297.5334916538913,Up,341
2026-02-05 21:10:00,302.0680157135844,302.0680157135844,295.4,298.425,302.5922756447482,302.47294691742707,301.39571122437195,297.5334916538913,Up,798
2026-02-05 21:20:00,300.24650785679216,300.24650785679216,294.0,295.6,301.9566142224984,302.20341958733195,301.33804245597025,310.79015648301686,Down,435
2026-02-05 21:30:00,297.9232539283961,297.9232539283961,294.0,294.65,301.29237656590766,301.9072070544954,301.27149476984124,309.8127216241792,Down,326
2026-02-05 21:40:00,296.28662696419804,302.6,291.4,295.0,300.7203423326433,301.63633618961325,301.209091836808,309.8127216241792,Down,13387
2026-02-05 21:50:00,295.643313482099,295.643313482099,291.2,292.65,299.98667484785756,301.28393084884414,301.12392674390446,309.8127216241792,Down,354
2026-02-05 22:00:00,294.14665674104947,296.5,293.8,295.125,299.54470440714323,301.0424041488895,301.0642359305323,309.8127216241792,Down,339
2026-02-05 22:10:00,294.63582837052473,301.5,294.63582837052473,298.75,299.4724585519484,300.9525059469722,301.0412087073429,309.8127216241792,Down,488
2026-02-05 22:20:00,296.69291418526234,303.1,296.69291418526234,301.8,299.684053229044,300.9857410078753,301.0487588694589,309.8127216241792,Down,461
2026-02-05 22:30:00,299.2464570926312,304.0,299.2464570926312,302.85,299.97186657185824,301.05884920364485,301.0666816667777,309.8127216241792,Down,327
2026-02-05 22:40:00,301.0482285463156,303.0,298.5,301.05,300.06987870168933,301.058502176051,301.0665156800436,309.8127216241792,Down,483
2026-02-05 22:50:00,301.0491142731578,301.0491142731578,297.1,298.875,299.9612533651721,300.97287463973527,301.044709553874,309.8127216241792,Down,273
2026-02-05 23:00:00,299.9620571365789,300.8,297.9,299.375,299.9079576047019,300.91021288915744,301.0280955284623,309.8127216241792,Down,283
2026-02-05 23:10:00,299.66852856828945,301.4,299.66852856828945,300.575,299.9685978224562,300.8970672856611,301.02358711524374,309.8127216241792,Down,128
2026-02-05 23:20:00,300.1217642841447,301.2,299.7,300.625,300.02827074768743,300.8863979803411,301.0196210742961,309.8127216241792,Down,111
2026-02-05 23:30:00,300.3733821420724,303.0,300.3733821420724,301.875,300.1961552251704,300.9251666869944,301.02813230738764,309.8127216241792,Down,194
2026-02-05 23:40:00,301.1241910710362,303.9,301.1241910710362,303.125,300.462413841064,301.0114346600534,301.048996662538,309.8127216241792,Down,243
2026-02-05 23:50:00,302.1245955355181,303.8,302.1245955355181,303.35,300.72492167369455,301.1031431047572,301.0718922181346,309.8127216241792,Down,167
2026-02-06 00:00:00,302.73729776775906,303.5,302.6,303.2,300.94992879426775,301.18537278692355,301.09306741994425,309.8127216241792,Down,105
2026-02-06 09:00:00,302.9686488838795,302.9686488838795,301.3,301.975,301.04311708569793,301.2163385599854,301.10184286850205,309.8127216241792,Down,19
2026-02-06 09:10:00,302.47182444193976,303.9,302.1,302.67499999999995,301.1914700779072,301.27354096939774,301.11749617329303,309.8127216241792,Down,226
2026-02-06 09:20:00,302.5734122209699,302.7,301.6,302.225,301.285427343552,301.3108530882449,301.12851611186727,309.8127216241792,Down,103
2026-02-06 09:30:00,302.3992061104849,302.5,301.5,302.15,301.3640248577745,301.34376081027455,301.1386801306547,309.8127216241792,Down,58
2026-02-06 09:40:00,302.27460305524244,302.7,302.0,302.45000000000005,301.4627498707041,301.38714273928343,301.1517280895536,309.8127216241792,Down,50
2026-02-06 09:50:00,302.36230152762124,302.6,302.1,302.425,301.55022715518555,301.4278430240174,301.1643974617969,309.8127216241792,Down,26
2026-02-06 10:00:00,302.3936507638106,302.5,301.5,301.975,301.58884286835047,301.4493001603305,301.1724631586945,309.8127216241792,Down,43
2026-02-06 10:10:00,302.1843253819053,302.1843253819053,301.5,301.75,301.60349351668225,301.46109231090577,301.1782097939314,309.8127216241792,Down,24
2026-02-06 10:20:00,301.96716269095265,302.3,301.7,302.075,301.6463577424384,301.48516712224284,301.1871330795639,309.7726099917363,Down,28
2026-02-06 10:30:00,302.0210813454763,302.3,301.7,302.075,301.6853252203985,301.5082978233314,301.1959675762847,309.2841909015785,Down,22
2026-02-06 10:40:00,302.0480406727381,302.4,301.5,301.775,301.69347747308956,301.51875673222037,301.20172909293865,308.8992644559804,Down,30
2026-02-06 10:50:00,301.91152033636905,301.91152033636905,300.0,300.875,301.6190704300814,301.49351137017254,301.198478057188,307.9683716141191,Down,168
2026-02-06 11:00:00,301.3932601681845,301.3932601681845,299.7,300.52500000000003,301.5196094818922,301.4555305321266,301.1917767829872,307.53746236882716,Down,44
2026-02-06 11:10:00,300.9591300840923,301.1,299.3,300.225,301.40191771081106,301.40727443282753,301.18215711350473,307.2098475315772,Down,79
2026-02-06 11:20:00,300.59206504204616,301.0,299.1,299.725,301.24947064619187,301.3413028864421,301.1676580377485,307.11349775597927,Down,75
2026-02-06 11:30:00,300.15853252102306,300.3,299.3,299.725,301.11088240562896,301.2779184595228,301.15330323140273,306.58499795998114,Down,43
2026-02-06 11:40:00,299.94176626051154,300.0,299.2,299.625,300.9758021869354,301.21309812777685,301.13809623407536,306.05908905452833,Down,56
2026-02-06 11:50:00,299.78338313025574,300.2,299.3,299.65,300.85527471539586,301.15180016198167,301.1232893063731,305.949171867753,Down,47
2026-02-06 12:00:00,299.71669156512786,299.71669156512786,298.2,298.9,300.6775224685417,301.06349427327655,301.10116702471765,305.1454807769313,Down,70
2026-02-06 12:10:00,299.30834578256395,299.30834578256395,298.3,298.625,300.49092951685606,300.96786704687355,301.0765285468598,304.7955122616392,Down,38
2026-02-06 12:20:00,298.966672891282,300.4,298.8,299.475,300.39857228805096,300.90932324111384,301.0605929394283,304.7955122616392,Down,57
2026-02-06 12:30:00,299.220836445641,300.1,298.7,299.35,300.3032475345917,300.8481733100898,301.0435721141604,304.7955122616392,Down,39
2026-02-06 12:40:00,299.2854182228205,299.4,298.5,299.0,300.1847704859925,300.77569592538043,301.02323806327325,304.77489809944194,Down,46
2026-02-06 12:50:00,299.1427091114102,300.8,299.1427091114102,300.05,300.1725186236295,300.74723726164,301.0135541024447,304.77489809944194,Down,57
2026-02-06 13:00:00,299.59635455570515,301.0,299.59635455570515,300.725,300.2227442032995,300.74636521216394,301.0106829173458,304.77489809944194,Down,37
2026-02-06 13:10:00,300.1606772778526,302.5,300.1606772778526,301.725,300.35931291209045,300.784743046981,301.017790550009,304.77489809944194,Down,102
2026-02-06 13:20:00,300.94283863892633,302.4,300.94283863892633,301.9,300.4993753746277,300.82847861376604,301.0265687534915,304.77489809944194,Down,70
2026-02-06 13:30:00,301.42141931946315,302.0,301.1,301.625,300.6017048860252,300.8597147465595,301.0325232932578,304.77489809944194,Down,52
2026-02-06 13:40:00,301.5232096597316,302.5,301.0,301.625,300.6947317145683,300.88972593296893,301.0384185838721,304.77489809944194,Down,61
2026-02-06 13:50:00,301.5741048298658,302.0,300.6,301.375,300.75657428597117,300.90875628853877,301.0417676526893,304.77489809944194,Down,50
2026-02-06 14:00:00,301.4745524149329,302.3,301.4745524149329,302.02500000000003,300.87188571451924,300.9525305517334,301.05155105913025,304.77489809944194,Down,43
2026-02-06 14:10:00,301.7497762074664,303.7,301.7497762074664,302.79999999999995,301.0471688313811,301.0249803340184,301.06894856102946,304.77489809944194,Down,184
2026-02-06 14:20:00,302.2748881037332,303.3,302.2748881037332,303.07500000000005,301.23151711943734,301.10537326209607,301.088909271865,304.77489809944194,Down,84
2026-02-06 14:30:00,302.67494405186665,303.3,302.5,302.925,301.3854701085794,301.17673117338643,301.10717883134896,304.77489809944194,Down,40
2026-02-06 14:40:00,302.79997202593336,303.0,302.4,302.6,301.49588191689037,301.23254563717524,301.1220327733256,304.77489809944194,Down,24
2026-02-06 14:50:00,302.6999860129667,303.9,301.8,302.67499999999995,301.6030744699003,301.28911247493306,301.13748518354123,304.77489809944194,Down,158
2026-02-06 15:00:00,302.6874930064833,303.2,302.3,302.825,301.71415860900026,301.34934335826904,301.1542763757448,304.77489809944194,Down,44
2026-02-06 15:10:00,302.75624650324164,303.8,302.75624650324164,303.3,301.858326008182,301.4258396971604,301.1756268595683,304.77489809944194,Down,53
2026-02-06 15:20:00,303.02812325162085,303.2,302.7,303.0,301.96211455289273,301.4875714737424,301.19377982613975,304.77489809944194,Down,45
2026-02-06 15:30:00,303.0140616258104,303.0140616258104,301.4,302.29999999999995,301.99283141172066,301.5194314159486,301.2047869920488,304.77489809944194,Down,78
2026-02-06 15:40:00,302.6570308129052,302.6570308129052,301.6,301.9,301.9843921924733,301.5343556741467,301.21170453441647,304.77489809944194,Down,58
2026-02-06 15:50:00,302.2785154064526,304.5,301.7,303.02500000000003,302.07899290224844,301.59281231437626,301.2297472753676,304.77489809944194,Down,160
2026-02-06 16:00:00,302.6517577032263,304.2,302.6517577032263,303.9,302.244539002044,301.68329026283214,301.25631695421964,304.77489809944194,Down,70
2026-02-06 16:10:00,303.2758788516132,304.0,302.8,303.42499999999995,302.35185363822177,301.75159260546616,301.27789588999855,304.77489809944194,Down,72
2026-02-06 16:20:00,303.35043942580654,304.3,302.5,303.20000000000005,302.4289578529289,301.80839289544787,301.2970213040284,304.77489809944194,Down,105
2026-02-06 16:30:00,303.2752197129033,303.8,303.0,303.425,302.51950713902625,301.8717892524891,301.31819522140125,304.77489809944194,Down,54
2026-02-06 16:40:00,303.3501098564517,303.9,303.1,303.6,302.61773376275113,301.9395622229797,301.34089974656143,304.77489809944194,Down,62
2026-02-06 16:50:00,303.47505492822586,304.4,303.47505492822586,303.925,302.73657614795553,302.0174225279609,301.36661218689414,304.77489809944194,Down,107
2026-02-06 17:00:00,303.70002746411296,305.8,303.70002746411296,304.85,302.9287055890504,302.12850399745264,301.40127276214895,299.3138497727514,Up,262
2026-02-06 17:10:00,304.2750137320565,306.4,304.2750137320565,305.525,303.16473235368215,302.2616999191212,301.44230487396834,299.62281735104415,Up,261
2026-02-06 17:20:00,304.9000068660282,307.0,304.9000068660282,306.15,303.4361203215292,302.4141822752341,301.4891476115408,299.99119727976614,Up,175
2026-02-06 17:30:00,305.5250034330141,308.4,305.5250034330141,307.125,303.771473019572,302.59892022522496,301.54522574475925,300.4999519164686,Up,334
2026-02-06 17:40:00,306.325001716507,310.7,306.325001716507,309.225,304.2672481996109,302.85876649090244,301.6216414089905,301.0465471187665,Up,509
2026-02-06 17:50:00,307.7750008582535,311.9,307.7750008582535,310.475,304.83158927237355,303.1574423147886,301.7097345292991,301.55027006895807,Up,458
2026-02-06 18:00:00,309.1250004291268,329.7,309.1250004291268,316.2,305.86508115670324,303.66891516518905,301.8539162752762,304.39683640681983,Up,6424
2026-02-06 18:10:00,312.6625002145633,313.9,311.3,312.3,306.4500737788211,304.00738908027967,301.9578574068655,304.39683640681983,Up,577
2026-02-06 18:20:00,312.48125010728165,313.8,311.7,312.75,307.0227943443828,304.3502365673275,302.06524191027984,304.39683640681983,Up,352
2026-02-06 18:30:00,312.6156250536408,314.1,310.5,312.27500000000003,307.50026758580253,304.6610116039029,302.1668315430134,304.39683640681983,Up,433
2026-02-06 18:40:00,312.44531252682043,312.44531252682043,309.6,310.55,307.77751598709324,304.8919523253185,302.2502461545257,304.39683640681983,Up,388
2026-02-06 18:50:00,311.49765626341025,311.49765626341025,307.1,308.775,307.86819635190295,305.04422870471785,302.3151690783613,304.39683640681983,Up,564
2026-02-06 19:00:00,310.1363281317051,310.1363281317051,307.5,308.45,307.9210875926391,305.1777883633564,302.376212172109,304.39683640681983,Up,359
2026-02-06 19:10:00,309.2931640658526,310.2,307.3,309.025,308.0214432660355,305.3286594079307,302.44236926492385,304.39683640681983,Up,372
2026-02-06 19:20:00,309.1590820329263,312.5,309.1590820329263,310.925,308.28540296912314,305.54812374487454,302.526773550845,304.39683640681983,Up,337
2026-02-06 19:30:00,310.04204101646314,312.0,309.5,311.3,308.5594572446574,305.77368751958534,302.61406933640876,304.39683640681983,Up,272
2026-02-06 19:40:00,310.67102050823155,312.7,310.1,311.3,308.8085974951431,305.9904056560722,302.7004965071908,304.39683640681983,Up,224
2026-02-06 19:50:00,310.9855102541157,310.9855102541157,306.3,308.42499999999995,308.77372499558464,306.08587994406935,302.7574567409501,304.39683640681983,Up,539
2026-02-06 20:00:00,309.70525512705785,309.70525512705785,304.8,306.325,308.5511136323497,306.09525720116466,302.7929546838262,304.39683640681983,Up,447
2026-02-06 20:10:00,308.0151275635289,308.0151275635289,303.6,305.825,308.3032851203179,306.0846588795504,302.8231242889623,304.39683640681983,Up,557
2026-02-06 20:20:00,306.9200637817645,308.8,305.8,307.475,308.22798647301624,306.1391820607445,302.86941160947015,304.39683640681983,Up,344
2026-02-06 20:30:00,307.19753189088226,310.6,307.19753189088226,309.35,308.329987702742,306.2650964897349,302.93389507604263,304.39683640681983,Up,314
2026-02-06 20:40:00,308.27376594544114,310.6,308.27376594544114,309.975,308.47953427522003,306.4105829019022,303.00395582155465,304.39683640681983,Up,312
2026-02-06 20:50:00,309.1243829727206,310.6,308.4,309.475,308.5700311592909,306.53075612143545,303.06834432084264,304.39683640681983,Up,182
2026-02-06 21:00:00,309.2996914863603,309.2996914863603,307.5,308.25,308.5409374175372,306.5981774500066,303.11990308381934,304.39683640681983,Up,200
2026-02-06 21:10:00,308.7748457431801,308.8,306.0,307.75,308.4690340159429,306.64334696177104,303.16597369990075,304.39683640681983,Up,268
2026-02-06 21:20:00,308.26242287159005,308.8,306.2,307.45000000000005,308.37639455994804,306.6749804142506,303.2086008272649,304.39683640681983,Up,210
2026-02-06 21:30:00,307.85621143579505,307.85621143579505,305.7,306.35,308.19217687268,306.66223608428,303.2398585304762,304.39683640681983,Up,135
2026-02-06 21:40:00,307.1031057178975,307.3,305.3,306.5,308.0383426115273,306.65587388489644,303.27229774907846,304.39683640681983,Up,188
2026-02-06 21:50:00,306.80155285894875,309.8,306.7,308.4,308.0712205559339,306.7242709874495,303.323319662023,304.39683640681983,Up,235
2026-02-06 22:00:00,307.6007764294744,309.7,307.6007764294744,308.65000000000003,308.1238368690308,306.7997897722554,303.3763214564307,304.39683640681983,Up,184
2026-02-06 22:10:00,308.1253882147372,308.1253882147372,305.0,306.75,307.9989426082098,306.79783723216696,303.4098903971627,304.39683640681983,Up,354
2026-02-06 22:20:00,307.4376941073686,307.5,306.5,306.825,307.892220552918,306.79890243874866,303.4438715872407,304.39683640681983,Up,114
2026-02-06 22:30:00,307.1313470536843,307.2,303.7,305.6,307.6838368662891,306.751886656837,303.46532560129805,304.39683640681983,Up,255
2026-02-06 22:40:00,306.36567352684216,306.36567352684216,304.3,305.04999999999995,307.4443971511719,306.68514600362766,303.4810935057628,304.39683640681983,Up,182
2026-02-06 22:50:00,305.707836763421,306.1,305.3,305.625,307.2789974101563,306.64357165054423,303.5024259086905,304.39683640681983,Up,149
2026-02-06 23:00:00,305.6664183817105,307.1,304.4,306.1,307.1718158274148,306.62225511522877,303.52827241706177,304.39683640681983,Up,211
2026-02-06 23:10:00,305.88320919085527,308.1,305.88320919085527,307.32500000000005,307.18574166128616,306.649813738161,303.56605080097165,304.39683640681983,Up,332
2026-02-06 23:20:00,306.60410459542766,308.2,306.4,307.575,307.22112878298736,306.68609555235076,303.60594084275306,304.39683640681983,Up,203
2026-02-06 23:30:00,307.0895522977138,308.8,306.2,307.25,307.2237534390794,306.7082094522586,303.64220013785007,304.39683640681983,Up,187
2026-02-06 23:40:00,307.1697761488569,307.1697761488569,302.1,304.475,306.97386676279945,306.62063261099354,303.6504867036426,304.39683640681983,Up,492
2026-02-06 23:50:00,305.82238807442843,305.82238807442843,300.5,301.925,306.5148788752722,306.43649015566047,303.6333176817159,315.1826835804865,Down,440
2026-02-07 00:00:00,303.87369403721425,303.87369403721425,300.0,300.42499999999995,305.9612535229747,306.2007454436738,303.6013941226938,314.2740898896599,Down,274
2026-02-09 09:00:00,302.1493470186071,302.1493470186071,290.7,291.1,304.6102304754315,305.6085593478435,303.47700214137353,311.80374776248135,Down,68
2026-02-09 09:10:00,296.62467350930353,296.62467350930353,284.7,287.7,303.0729367958468,304.90626290283,303.3200170454395,308.97955826092374,Down,280
2026-02-09 09:20:00,292.16233675465173,292.16233675465173,284.7,284.7,301.4026698144061,304.1138604360524,303.1347432439924,307.7967649301738,Down,52
2026-02-09 09:30:00,288.4311683773259,288.4311683773259,278.2,282.54999999999995,299.6887907403692,303.26821885032484,302.92991992813177,304.64109682846134,Down,218
2026-02-09 09:40:00,285.4905841886629,285.4905841886629,281.4,282.325,298.11026430942655,302.4469161503121,302.7248958492449,304.31960692638927,Down,598
2026-02-09 09:50:00,283.90779209433146,283.90779209433146,281.5,282.075,296.65251300856954,301.6480174777509,302.5194242487549,302.55610665606605,Down,329
2026-02-09 10:00:00,282.9913960471657,292.3,281.6,284.425,295.5409209168814,300.972605027643,302.3393802263792,302.55610665606605,Down,1721
2026-02-09 10:10:00,283.7081980235829,283.7081980235829,281.8,282.225,294.3303826517104,300.23740483048056,302.1392371395496,302.55610665606605,Down,191
2026-02-09 10:20:00,282.96659901179146,282.96659901179146,282.2,282.475,293.252620592464,299.5408399351676,301.94357308840983,301.8607183868931,Down,103
2026-02-09 10:30:00,282.72079950589574,282.72079950589574,281.6,282.0,292.22965508405815,298.85296385927865,301.74512957509234,300.0928894650894,Down,124
2026-02-09 10:40:00,282.36039975294784,282.36039975294784,281.3,281.875,291.2883228036892,298.18716135499324,301.5474168430019,298.5180631613108,Down,106
2026-02-09 10:50:00,282.1176998764739,282.8,281.8,282.3,290.4712025488084,297.5641354195033,301.3559002574994,297.83442116803354,Down,83
2026-02-09 11:00:00,282.208849938237,282.7,281.8,282.2,289.7192750443712,296.961620305013,301.165294284788,296.6994737891214,Down,66
2026-02-09 11:10:00,282.20442496911846,282.20442496911846,281.2,281.725,288.9925227676102,296.3641057832478,300.9718585207603,295.2033431907127,Down,86
2026-02-09 11:20:00,281.96471248455924,281.96471248455924,280.7,281.25,288.28865706146377,295.77139575253216,300.7756211225438,294.0660068786225,Down,123
2026-02-09 11:30:00,281.6073562422796,282.3,280.9,281.6,287.6805973286034,295.21565474262894,300.58481892231947,293.68513694212993,Down,76
2026-02-09 11:40:00,281.6036781211398,282.2,280.6,281.475,287.11645211691217,294.6768055370357,300.3946714703561,292.96830631102716,Down,155
2026-02-09 11:50:00,281.5393390605699,281.5393390605699,280.7,280.95,286.55586556082926,294.1384994375441,300.2011921522431,291.9415258350623,Down,56
2026-02-09 12:00:00,281.2446695302849,281.4,280.5,280.875,286.03942323711755,293.6183622046992,300.0088917328178,291.11532391343394,Down,107
2026-02-09 12:10:00,281.05983476514245,281.2,280.3,280.79999999999995,285.5631120337432,293.1156813339267,299.817758481745,290.31847628493995,Down,46
2026-02-09 12:20:00,280.9299173825712,281.3,280.3,280.775,285.1278291215847,292.63173304632176,299.6282782978471,289.8622511681273,Down,75
2026-02-09 12:30:00,280.8524586912856,281.2,280.2,280.675,284.72302647416785,292.1628415543091,299.4396884640377,289.3020465164793,Down,138
2026-02-09 12:40:00,280.7637293456428,281.2,280.1,280.5,284.3391149765162,291.705475218846,299.25123385245524,288.87004228770843,Down,96
2026-02-09 12:50:00,280.6318646728214,281.4,280.2,280.575,283.9969227059238,291.2689859945775,299.06540067979404,288.7091293524622,Down,104
2026-02-09 13:00:00,280.6034323364107,280.9,280.3,280.6,283.6881115508398,290.850594386947,298.8816653496469,288.0082994113293,Down,30
2026-02-09 13:10:00,280.60171616820537,281.5,280.3,280.925,283.43691959167256,290.4613553913805,298.70299206258574,288.0082994113293,Down,75
2026-02-09 13:20:00,280.7633580841027,281.5,280.7633580841027,281.225,283.2358359924296,290.0991453760322,298.5290816938038,287.91880454149276,Down,53
2026-02-09 13:30:00,280.99417904205137,281.3,280.7,281.02500000000003,283.03485090220875,289.7432965377564,298.35491172670123,287.3882959085831,Down,74
2026-02-09 13:40:00,281.0095895210257,282.0,281.0,281.35,282.88168263837156,289.41414765392284,298.185708624943,287.3882959085831,Down,66
2026-02-09 13:50:00,281.1797947605129,282.0,281.1797947605129,281.675,282.7719842167014,289.1106516674945,298.0214229669834,287.3882959085831,Down,32
2026-02-09 14:00:00,281.4273973802565,282.7,281.4273973802565,282.275,282.72680383336495,288.8425868962202,297.8647421414413,287.3882959085831,Down,128
2026-02-09 14:10:00,281.85119869012823,283.5,281.85119869012823,282.9,282.74254893942265,288.609544272839,297.71583923456126,287.3882959085831,Down,111
2026-02-09 14:20:00,282.3755993450641,283.5,282.3755993450641,283.225,282.78640812674786,288.39838567390416,297.571651779491,287.3882959085831,Down,57
2026-02-09 14:30:00,282.80029967253205,283.2,282.1,282.70000000000005,282.778552842498,288.17491956904513,297.4236751448692,287.3882959085831,Down,64
2026-02-09 14:40:00,282.750149836266,282.8,282.5,282.575,282.7600480386345,287.955314880063,297.27592713347747,287.3882959085831,Down,20
2026-02-09 14:50:00,282.66257491813303,282.66257491813303,281.3,281.9,282.6818618533041,287.71785155143306,297.1229328336419,287.2532256607053,Down,69
2026-02-09 15:00:00,282.2812874590665,282.4,280.9,281.7,282.5926016848219,287.4818573729455,296.96947081539673,286.98812563785344,Down,127
2026-02-09 15:10:00,281.99064372953325,283.2,281.99064372953325,282.65,282.59781971347445,287.2923727700849,296.8269885187261,286.98812563785344,Down,102
2026-02-09 15:20:00,282.3203218647666,283.3,282.3203218647666,283.04999999999995,282.6389270122495,287.12600521047375,296.6899040558532,286.98812563785344,Down,65
2026-02-09 15:30:00,282.68516093238327,283.0,282.1,282.55,282.6308427384086,286.94655402574926,296.54920849310844,286.98812563785344,Down,96
2026-02-09 15:40:00,282.6175804661916,282.6175804661916,281.3,281.79999999999995,282.55531158037144,286.7447283776807,296.4024501996447,286.98812563785344,Down,138
2026-02-09 15:50:00,282.2087902330958,282.2087902330958,279.6,280.57500000000005,282.37528325488313,286.50277824522266,296.2449631329816,286.52887169208407,Down,337
2026-02-09 16:00:00,281.3918951165479,281.3918951165479,280.0,280.65,282.218439322621,286.2732575297237,296.08978937046436,286.3152517602333,Down,161
2026-02-09 16:10:00,281.020947558274,281.3,279.9,280.7,282.0803993842009,286.054698410911,295.9366571379224,286.21754927450854,Down,166
2026-02-09 16:20:00,280.860473779137,281.0,280.3,280.575,281.94354489472806,285.83980827714976,295.78380482809234,286.01140843137136,Down,87
2026-02-09 16:30:00,280.7177368895685,281.2,280.3,280.65,281.8259499042982,285.6362863839282,295.6332197054248,285.9512803921558,Down,76
2026-02-09 16:40:00,280.68386844478425,280.7,279.9,280.35,281.6917726402711,285.42898103553887,295.48114786755986,285.3193458110507,Down,113
2026-02-09 16:50:00,280.51693422239214,281.9,280.4,281.025,281.631156945701,285.25627589689026,295.33730560022093,285.3193458110507,Down,159
2026-02-09 17:00:00,280.77096711119606,281.7,280.77096711119606,281.4,281.61014267790995,285.1050493911299,295.1986259425073,285.3193458110507,Down,52
2026-02-09 17:10:00,281.085483555598,282.8,281.085483555598,281.875,281.63422061628177,284.9783807875562,295.06605255004456,285.3193458110507,Down,175
2026-02-09 17:20:00,281.480241777799,283.0,281.480241777799,282.0,281.6674732875289,284.8615815409854,294.93604207690976,285.3193458110507,Down,179
2026-02-09 17:30:00,281.74012088889947,281.9,281.2,281.575,281.65906662502624,284.73269599035854,294.8030963846022,285.3193458110507,Down,101
2026-02-09 17:40:00,281.6575604444497,282.0,280.9,281.475,281.64233329547835,284.60494320642294,294.6704785101286,285.3193458110507,Down,165
2026-02-09 17:50:00,281.56628022222486,282.3,281.3,281.67499999999995,281.64530299588944,284.4900434728377,294.5411702662467,285.3193458110507,Down,69
2026-02-09 18:00:00,281.6206401111124,282.4,280.3,281.375,281.6207299962631,284.3678849052755,294.41016359693083,285.3193458110507,Down,119
2026-02-09 18:10:00,281.4978200555562,282.1,280.5,281.25,281.58702726933006,284.24561490899015,294.27921669546885,285.3193458110507,Down,319
2026-02-09 18:20:00,281.3739100277781,282.7,280.8,281.725,281.5995702448455,284.1467672655004,294.1542991164095,285.3193458110507,Down,228
2026-02-09 18:30:00,281.54945501388903,283.5,281.54945501388903,282.675,281.6973365862232,284.0890509021474,294.0400772346542,285.3193458110507,Down,255
2026-02-09 18:40:00,282.1122275069445,284.3,282.1122275069445,283.65,281.87485144202105,284.07183321971024,293.93669338157304,285.3193458110507,Down,352
2026-02-09 18:50:00,282.8811137534723,284.7,282.2,283.45000000000005,282.0180467654737,284.04744760325104,293.83234817379616,285.3193458110507,Down,246
2026-02-09 19:00:00,283.16555687673616,283.16555687673616,278.5,280.75,281.90276978679424,283.91813593253534,293.7021755551514,285.3193458110507,Down,626
2026-02-09 19:10:00,281.9577784383681,281.9577784383681,278.5,278.975,281.6366088970857,283.7242874645928,293.5556364949012,285.3193458110507,Down,368
2026-02-09 19:20:00,280.46638921918407,280.8,278.4,279.725,281.4628262700779,283.5674526620598,293.41801822132015,285.3193458110507,Down,305
2026-02-09 19:30:00,280.095694609592,280.8,279.0,279.975,281.32756933643446,283.42657216550845,293.28425684598363,285.3193458110507,Down,201
2026-02-09 19:40:00,280.035347304796,280.7,276.7,278.55,281.07506303312226,283.2353340413709,293.13764732512806,285.3193458110507,Down,502
2026-02-09 19:50:00,279.292673652398,279.292673652398,276.0,276.775,280.6841482119293,282.98198760837596,292.97483491393274,285.3193458110507,Down,506
2026-02-09 20:00:00,278.033836826199,279.4,276.1,277.65,280.4083165562994,282.7728900551063,292.8223489943911,285.3193458110507,Down,392
2026-02-09 20:10:00,277.8419184130995,280.7,277.8419184130995,279.525,280.32801505118124,282.6455218176511,292.6900370640987,285.3193458110507,Down,280
2026-02-09 20:20:00,278.68345920654974,281.5,278.68345920654974,280.85,280.37546822834656,282.5751091973511,292.5722257500281,285.3193458110507,Down,219
2026-02-09 20:30:00,279.7667296032749,283.0,279.7667296032749,282.175,280.53906202576957,282.55941864059224,292.4687707674408,285.3193458110507,Down,353
2026-02-09 20:40:00,280.97086480163745,283.5,280.97086480163745,282.54999999999995,280.7218745688814,282.5590492821376,292.3700765309489,285.3193458110507,Down,306
2026-02-09 20:50:00,281.7604324008187,282.5,280.5,281.625,280.80397688080126,282.5224198985244,292.26316034656134,285.3193458110507,Down,334
2026-02-09 21:00:00,281.69271620040934,282.0,280.9,281.5,280.8672517098193,282.4823250005431,292.15606422371,285.3193458110507,Down,83
2026-02-09 21:10:00,281.59635810020467,282.8,281.5,282.075,280.9770470089266,282.46635147111004,292.0557551269567,285.3193458110507,Down,149
2026-02-09 21:20:00,281.8356790501023,283.7,281.6,282.82500000000005,281.1450427353878,282.4804161193018,291.96390681723574,285.3193458110507,Down,235
2026-02-09 21:30:00,282.3303395250512,284.6,282.3303395250512,283.925,281.3977661230798,282.5370664675645,291.8839176946762,285.3193458110507,Down,312
2026-02-09 21:40:00,283.1276697625256,284.4,282.4,283.625,281.60024193007257,282.57973052766005,291.80173940915705,285.3193458110507,Down,231
2026-02-09 21:50:00,283.3763348812628,283.5,281.4,282.65,281.6956744818841,282.582486193242,291.71067732548386,285.3193458110507,Down,234
2026-02-09 22:00:00,283.0131674406314,283.0131674406314,281.0,281.775,281.7028858926219,282.55082006801683,291.61181486453376,285.3193458110507,Down,188
2026-02-09 22:10:00,282.3940837203157,282.3940837203157,280.4,280.975,281.63671444783813,282.4890232026044,291.5059759106578,285.3193458110507,Down,177
2026-02-09 22:20:00,281.6845418601578,282.0,280.4,281.15,281.59246767985286,282.43651248877677,291.4029313742334,285.3193458110507,Down,92
2026-02-09 22:30:00,281.41727093007887,281.8,280.5,281.4,281.57497061804804,282.3958649401973,291.3033997187684,285.3193458110507,Down,134
2026-02-09 22:40:00,281.4086354650394,281.9,280.8,281.375,281.55679147095276,282.35583102097394,291.2046096718155,285.3193458110507,Down,93
2026-02-09 22:50:00,281.3918177325197,281.3918177325197,279.8,280.54999999999995,281.46526497359343,282.28501411819065,291.0985936551805,285.3193458110507,Down,224
2026-02-09 23:00:00,280.97090886625983,280.97090886625983,279.8,280.15000000000003,281.3456954305395,282.20128807434,290.9896524247807,285.3193458110507,Down,85
2026-02-09 23:10:00,280.56045443313,280.56045443313,279.8,280.125,281.2347231186722,282.1198650126012,290.8815464305043,285.3193458110507,Down,105
2026-02-09 23:20:00,280.342727216565,280.4,279.7,280.05,281.1270210169747,282.0386938356365,290.77376984910626,285.3193458110507,Down,140
2026-02-09 23:30:00,280.19636360828247,281.0,279.6,280.225,281.04501910634065,281.96756858718015,290.66880696503557,285.3193458110507,Down,123
2026-02-09 23:40:00,280.21068180414125,280.3,279.2,279.92499999999995,280.9431991875824,281.8874678582712,290.5619034131447,285.3193458110507,Down,135
2026-02-09 23:50:00,280.0678409020706,281.0,279.6,280.20000000000005,280.87563562507495,281.8212926481429,290.458799896596,285.3193458110507,Down,192
2026-02-10 00:00:00,280.1339204510353,280.5,279.0,279.875,280.78466875006814,281.744967446255,290.3534884548389,285.3193458110507,Down,223
2026-02-10 09:00:00,280.0044602255177,280.0044602255177,275.6,277.275,280.4656079546074,281.5696746052254,290.2233542413579,285.1357563825571,Down,115
2026-02-10 09:10:00,278.6397301127588,278.6397301127588,276.5,277.025,280.1528254132794,281.3914520716871,290.0920273334837,285.01479079719917,Down,257
2026-02-10 09:20:00,277.8323650563794,277.8323650563794,276.8,277.2,279.8843867393449,281.2270814022092,289.9637484545436,284.4597023130729,Down,148
2026-02-10 09:30:00,277.5161825281897,277.5161825281897,276.8,277.15,279.6358061266772,281.06719585702456,289.83624846992126,283.91263016969407,Down,94
2026-02-10 09:40:00,277.33309126409483,277.6,277.0,277.3,279.4234601151611,280.91946268616084,289.71150967917583,283.6586717323629,Down,81
2026-02-10 09:50:00,277.31654563204745,277.5,277.1,277.32500000000005,279.2326910137828,280.77850336513495,289.5882608266467,283.226065211239,Down,68
2026-02-10 10:00:00,277.32077281602375,277.9,277.3,277.55,279.0797191034389,280.6518953900316,289.46847713682934,283.2055138283991,Down,100
2026-02-10 10:10:00,277.4353864080119,277.7,276.5,277.125,278.9020173667626,280.51358576689313,289.3456564688012,282.6322852985446,Down,139
2026-02-10 10:20:00,277.280193204006,277.3,276.7,277.025,278.73137942432965,280.376778481917,289.22306287209676,282.247532089586,Down,57
2026-02-10 10:30:00,277.152596602003,277.3,276.6,277.07500000000005,278.58079947666334,280.2472969728222,289.1021866246132,281.97502917235096,Down,66
2026-02-10 10:40:00,277.1137983010015,277.4,277.0,277.2,278.4552722515121,280.12779513075077,288.98375690695536,281.91366288395534,Down,74
2026-02-10 10:50:00,277.15689915050075,277.5,276.8,277.225,278.34342931955644,280.01396002758406,288.86675435066724,281.6896935308685,Down,39
2026-02-10 11:00:00,277.1909495752504,277.5,277.1909495752504,277.3,278.24857210868765,279.90753022258076,288.7516622675761,281.5848508792328,Down,18
2026-02-10 11:10:00,277.2454747876252,277.3,275.1,276.2,278.0623382806251,279.76213688051877,288.6267701057097,280.85397826509785,Down,218
2026-02-10 11:20:00,276.7227373938126,276.8,275.2,275.9,277.86576207329557,279.61068053226313,288.50013557729466,280.8127075137253,Down,202
2026-02-10 11:30:00,276.3113686969063,276.4,275.4,276.0,277.6961473393596,279.46908521727244,288.37575611881414,280.6388250124775,Down,76
2026-02-10 11:40:00,276.1556843484532,276.2,275.5,275.825,277.5260430357814,279.3261799146343,288.25087297335335,280.4125681931614,Down,84
2026-02-10 11:50:00,275.9903421742266,276.1,275.4,275.67499999999995,277.3577663961649,279.1829963885702,288.1257399089419,280.1523347210558,Down,69
2026-02-10 12:00:00,275.8326710871133,275.9,274.6,275.325,277.172969451059,279.0317024125479,287.9983693625843,279.72484974641435,Down,232
2026-02-10 12:10:00,275.57883554355664,276.3,275.2,275.725,277.0413358645991,278.9020278081342,287.87624628434963,279.72484974641435,Down,113
2026-02-10 12:20:00,275.6519177717784,276.1,275.5,275.82500000000005,276.93075987690827,278.7813600509525,287.75633338599795,279.72484974641435,Down,30
2026-02-10 12:30:00,275.7384588858892,276.1,275.5,275.82500000000005,276.8302362517348,278.66542436267986,287.63761365081393,279.72484974641435,Down,25
2026-02-10 12:40:00,275.78172944294465,276.4,275.4,275.825,276.7388511379407,278.5540351719865,287.5200752065272,279.72484974641435,Down,56
2026-02-10 12:50:00,275.80336472147235,275.9,274.5,275.125,276.5921373981279,278.4195632044577,287.39674112487023,279.43564321017215,Down,242
2026-02-10 13:00:00,275.4641823607362,275.4641823607362,273.5,274.275,276.3814885437526,278.2570313140868,287.2661765365631,279.0469240480651,Down,140
2026-02-10 13:10:00,274.86959118036805,275.0,273.7,274.3,276.19226231250235,278.1018536154952,287.13715985460726,278.97257533427,Down,148
2026-02-10 13:20:00,274.58479559018406,275.2,274.4,274.825,276.0679657386385,277.97334955214245,287.0146508013276,278.97257533427,Down,103
2026-02-10 13:30:00,274.70489779509205,275.3,274.7,274.925,275.9640597623986,277.8538064324506,286.8943557684786,278.97257533427,Down,43
2026-02-10 13:40:00,274.81494889754606,276.0,274.7,275.3,275.90369069308963,277.7536571605898,286.7789890444141,278.97257533427,Down,88
2026-02-10 13:50:00,275.05747444877306,275.9,275.05747444877306,275.725,275.88744608462696,277.6741019778216,286.6689991036737,278.97257533427,Down,30
2026-02-10 14:00:00,275.39123722438654,276.8,275.39123722438654,276.175,275.9135873496609,277.6153136649658,286.56458120214455,278.97257533427,Down,117
2026-02-10 14:10:00,275.7831186121933,276.6,275.5,276.025,275.923715772419,277.55294842320245,286.45970974739686,278.97257533427,Down,123
2026-02-10 14:20:00,275.90405930609666,276.4,275.5,275.85,275.9170143385627,277.48616613209646,286.35414049617896,278.97257533427,Down,47
2026-02-10 14:30:00,275.87702965304834,276.4,275.8,276.05,275.9291039441479,277.4298458916221,286.25161173502295,278.97257533427,Down,37
2026-02-10 14:40:00,275.96351482652415,276.3,275.4,275.85,275.9219126764981,277.3678911507742,286.14811311079393,278.97257533427,Down,33
2026-02-10 14:50:00,275.9067574132621,276.0,275.2,275.57500000000005,275.8903751604528,277.2975816938811,286.0429080052139,278.97257533427,Down,75
2026-02-10 15:00:00,275.74087870663107,275.74087870663107,275.1,275.3,275.8367046913207,277.2192451568662,285.93601339819685,278.97257533427,Down,42
2026-02-10 15:10:00,275.5204393533155,275.9,275.0,275.4,275.79700426483697,277.14790220953813,285.83117744398595,278.97257533427,Down,87
2026-02-10 15:20:00,275.46021967665774,275.6,275.0,275.35,275.75636751348816,277.07739624053664,285.72688712116025,278.97257533427,Down,62
2026-02-10 15:30:00,275.4051098383289,275.9,274.8,275.5,275.73306137589833,277.0155375644372,285.625127050303,278.97257533427,Down,108
2026-02-10 15:40:00,275.4525549191644,276.2,275.4525549191644,275.92499999999995,275.7505103417257,276.97277138543967,285.5286083731856,278.97257533427,Down,105
2026-02-10 15:50:00,275.6887774595822,276.5,275.6887774595822,276.175,275.78910031065976,276.9414862330695,285.4355376431041,278.97257533427,Down,62
2026-02-10 16:00:00,275.9318887297911,277.5,275.9,276.75,275.8764548278725,276.9339769690276,285.3491143829737,278.97257533427,Down,202
2026-02-10 16:10:00,276.3409443648956,277.6,276.0,276.95,275.97404984352045,276.9346053231834,285.2655411055312,278.97257533427,Down,184
2026-02-10 16:20:00,276.64547218244775,278.0,276.64547218244775,277.35,276.0991362213822,276.95089531050957,285.1867795024911,278.97257533427,Down,269
2026-02-10 16:30:00,276.9977360912238,277.9,276.5,277.25,276.20376020125656,276.96262490617585,285.1078065721181,278.97257533427,Down,137
2026-02-10 16:40:00,277.1238680456119,277.5,276.5,276.9,276.267054728415,276.96016902750233,285.0261368549826,278.97257533427,Down,110
2026-02-10 16:50:00,277.0119340228059,278.0,276.8,277.375,276.3677770258318,276.97643690877675,284.9500061400077,278.97257533427,Down,77
2026-02-10 17:00:00,277.19346701140296,278.8,277.19346701140296,278.125,276.527524568938,277.0214785986286,284.8820956311519,278.97257533427,Down,209
2026-02-10 17:10:00,277.6592335057015,278.9,277.6,278.225,276.68184051721636,277.0686755163295,284.81585587362804,278.97257533427,Down,173
2026-02-10 17:20:00,277.9421167528508,278.6,277.5,278.175,276.8175822883785,277.112060790199,284.7497777057313,278.97257533427,Down,98
2026-02-10 17:30:00,278.05855837642537,278.9,278.0,278.375,276.95916571670773,277.1615878180344,284.68634708179366,278.97257533427,Down,136
2026-02-10 17:40:00,278.2167791882127,279.4,278.0,278.675,277.1151506515525,277.22093731536637,284.62653268296987,278.97257533427,Down,184
2026-02-10 17:50:00,278.44588959410635,279.9,278.44588959410635,279.225,277.306955137775,277.2995280088814,284.5727860891095,274.44219856540025,Up,227
2026-02-10 18:00:00,278.8354447970532,279.8,278.6,279.2,277.47905012525,277.3740563222586,284.5193255310089,274.4629579712247,Up,142
2026-02-10 18:10:00,279.0177223985266,280.0,278.4,279.15,277.63095465931815,277.4437011723661,284.4658994063223,274.4629579712247,Up,268
2026-02-10 18:20:00,279.0838611992633,279.0838611992633,277.9,278.65,277.7235951448347,277.4910070087439,284.40802976048826,274.4629579712247,Up,154
2026-02-10 18:30:00,278.86693059963164,278.9,276.6,277.875,277.73735922257697,277.5060655574206,284.3430244892396,274.4629579712247,Up,231
2026-02-10 18:40:00,278.3709652998158,278.3709652998158,277.0,277.5,277.7157811114336,277.5058276924237,284.27493469332677,274.4629579712247,Up,126
2026-02-10 18:50:00,277.9354826499079,278.4,276.1,277.1,277.6598010103942,277.4899128809561,284.20354230831856,274.4629579712247,Up,244
2026-02-10 19:00:00,277.517741324954,278.0,276.1,277.0,277.59981910035833,277.47070061111475,284.13186527042484,274.4629579712247,Up,229
2026-02-10 19:10:00,277.25887066247697,279.5,276.0,278.025,277.63847190941664,277.4924378420514,284.07110044186345,274.4629579712247,Up,991
2026-02-10 19:20:00,277.64193533123847,280.2,277.64193533123847,279.17499999999995,277.7781562812878,277.55842067177485,284.02238302453145,274.4629579712247,Up,365
2026-02-10 19:30:00,278.40846766561924,280.2,278.40846766561924,279.375,277.9233238920798,277.6296590768033,283.97614040737193,274.4629579712247,Up,229
2026-02-10 19:40:00,278.8917338328096,279.4,277.3,278.54999999999995,277.9802944473453,277.665750877713,283.9221489605324,274.4629579712247,Up,388
2026-02-10 19:50:00,278.7208669164048,281.6,278.0,279.52500000000003,278.1207222248593,277.7386626079987,283.878396234557,274.4629579712247,Up,473
2026-02-10 20:00:00,279.1229334582024,280.6,279.1229334582024,280.15,278.30520202259936,277.83322485866546,283.8412977645614,274.4629579712247,Up,272
2026-02-10 20:10:00,279.6364667291012,280.5,278.8,279.75,278.43654729327216,277.90839251126687,283.8005883340682,274.4629579712247,Up,294
2026-02-10 20:20:00,279.69323336455057,280.6,279.4,279.925,278.57186117570194,277.98747515788386,283.76202526606755,274.4629579712247,Up,138
2026-02-10 20:30:00,279.8091166822753,280.7,279.8,280.375,278.73578288700173,278.0811035830649,283.7283235221266,274.4629579712247,Up,104
2026-02-10 20:40:00,280.09205834113766,280.8,279.3,280.07500000000005,278.8575298972743,278.1592955994153,283.69197204429446,274.4629579712247,Up,194
2026-02-10 20:50:00,280.08352917056885,280.2,278.8,279.725,278.9363908157039,278.2206957719873,283.6524996856448,274.4629579712247,Up,269
2026-02-10 21:00:00,279.9042645852844,281.1,279.9,280.42499999999995,279.07171892336714,278.3071390750467,283.62038526091203,274.4629579712247,Up,204
2026-02-10 21:10:00,280.1646322926422,281.4,279.8,280.725,279.222017203061,278.40195715053505,283.59157545732086,274.4629579712247,Up,298
2026-02-10 21:20:00,280.4448161463211,281.2,280.3,280.8,279.3654701846009,278.4959980465925,283.56379858709874,274.4629579712247,Up,130
2026-02-10 21:30:00,280.62240807316056,280.7,279.5,280.2,279.44133653145536,278.5628216526085,283.53032795439134,274.4629579712247,Up,168
2026-02-10 21:40:00,280.4112040365803,281.0,280.1,280.575,279.5443968467776,278.64173060740814,283.50092170608895,274.56825729144424,Up,242
2026-02-10 21:50:00,280.49310201829013,281.4,280.4,280.92499999999995,279.66990622434326,278.7312705835882,283.47529064433684,275.0984157194947,Up,215
2026-02-10 22:00:00,280.709051009145,281.7,280.5,281.15,279.8044602039484,278.8261227175651,283.4521534239952,275.3894688359043,Up,137
2026-02-10 22:10:00,280.9295255045725,281.8,280.1,280.925,279.9063274581349,278.90843163060174,283.4270076187813,275.3894688359043,Up,194
2026-02-10 22:20:00,280.92726275228625,280.92726275228625,279.2,279.95000000000005,279.91029768921356,278.9492774490095,283.3924105280472,275.3894688359043,Up,197
2026-02-10 22:30:00,280.4386313761431,280.4386313761431,279.0,279.425,279.8661797174669,278.96793323532285,283.3529338063751,275.3894688359043,Up,171
2026-02-10 22:40:00,279.93181568807154,280.4,279.3,279.7,279.8510724704244,278.9966417358984,283.3165862063117,275.3894688359043,Up,117
2026-02-10 22:50:00,279.8159078440358,280.7,279.8,280.1,279.8737022458404,279.0399106874318,283.28458037341306,275.3894688359043,Up,123
2026-02-10 23:00:00,279.9579539220179,280.9,279.8,280.29999999999995,279.9124565871276,279.08932595459135,283.25488305626465,275.3894688359043,Up,192
2026-02-10 23:10:00,280.1289769610089,280.7,280.0,280.375,279.95450598829785,279.13974454460737,283.22622750346596,275.3894688359043,Up,88
2026-02-10 23:20:00,280.25198848050445,280.4,278.5,279.625,279.9245508984526,279.158774170309,283.19039439397875,275.3894688359043,Up,263
2026-02-10 23:30:00,279.9384942402522,279.9384942402522,278.7,279.225,279.8609553622296,279.16137126166944,283.1509377333422,275.3894688359043,Up,112
2026-02-10 23:40:00,279.5817471201261,279.6,278.6,279.05,279.78723214748146,279.1570037612118,283.11013238276166,275.3894688359043,Up,72
2026-02-10 23:50:00,279.3158735600631,282.5,278.5,280.35,279.8383928613468,279.2037879274388,283.0826683789531,275.3894688359043,Up,517
2026-02-11 00:00:00,279.8329367800316,281.8,279.7,280.875,279.9326298739516,279.26932565577454,283.0607015294113,275.3894688359043,Up,176
2026-02-11 09:00:00,280.3539683900158,280.3539683900158,275.0,276.325,279.60466352177417,279.1538619045677,282.993679623646,275.3894688359043,Up,62
2026-02-11 09:10:00,278.3394841950079,278.3394841950079,276.5,277.025,279.37014865615834,279.0703771239964,282.93428977664456,275.3894688359043,Up,277
2026-02-11 09:20:00,277.68224209750394,277.68224209750394,276.2,276.825,279.13877150559847,278.98232311913387,282.8735008236431,275.3894688359043,Up,227
2026-02-11 09:30:00,277.25362104875194,277.25362104875194,276.3,276.6,278.9079740959986,278.88889868308945,282.8110779298755,275.3894688359043,Up,72
2026-02-11 09:40:00,276.926810524376,276.926810524376,276.1,276.5,278.6890673599987,278.7952163817919,282.74828113455334,275.3894688359043,Up,104
2026-02-11 09:50:00,276.713405262188,276.713405262188,276.1,276.5,278.49006123636246,278.7052078962314,282.6861091829657,275.3894688359043,Up,99
2026-02-11 10:00:00,276.606702631094,277.1,276.5,276.725,278.32960112396586,278.6275526846145,282.62679466373226,275.3894688359043,Up,91
2026-02-11 10:10:00,276.665851315547,276.8,276.5,276.725,278.1837282945144,278.55294277541395,282.56807033872,275.3894688359043,Up,33
2026-02-11 10:20:00,276.6954256577735,277.0,276.3,276.6,278.0397529950131,278.4763567842213,282.5086865542551,275.3894688359043,Up,85
2026-02-11 10:30:00,276.6477128288867,276.6477128288867,276.2,276.3,277.88159363183007,278.39100945934985,282.4469085785909,275.3894688359043,Up,48
2026-02-11 10:40:00,276.4738564144434,276.4738564144434,276.0,276.17499999999995,277.72644875620915,278.3041071276106,282.3845015280577,275.3894688359043,Up,104
2026-02-11 10:50:00,276.3244282072217,276.3244282072217,276.0,276.125,277.5808625056447,278.2186519461357,282.3222179307636,275.3894688359043,Up,89
2026-02-11 11:00:00,276.22471410361084,276.5,276.0,276.2,277.4553295505861,278.13948912471864,282.26130033941274,275.3894688359043,Up,34
2026-02-11 11:10:00,276.2123570518054,276.4,274.1,275.4,277.26848140962375,278.03205817865125,282.19302869424445,275.3894688359043,Up,415
2026-02-11 11:20:00,275.8061785259027,275.8061785259027,273.7,274.32500000000005,277.0008921905671,277.8866833481159,282.11473985151565,279.8620317605147,Down,306
2026-02-11 11:30:00,275.06558926295133,275.06558926295133,273.7,274.225,276.748538355061,277.7430879226996,282.03623497737124,279.5238657248792,Down,153
2026-02-11 11:40:00,274.6452946314756,274.8,273.8,274.29999999999995,276.52594395914633,277.60806486690745,281.95925751490984,279.3373373576396,Down,102
2026-02-11 11:50:00,274.4726473157378,276.2,274.1,275.075,276.3940399628603,277.5087289897739,281.8907574401346,279.3373373576396,Down,130
2026-02-11 12:00:00,274.7738236578689,276.4,274.7738236578689,275.92499999999995,276.3513999662366,277.4466219705671,281.83139666958607,279.3373373576396,Down,119
2026-02-11 12:10:00,275.3494118289344,276.8,275.3494118289344,276.20000000000005,276.3376363329424,277.3977348344664,281.77536287187877,279.3373373576396,Down,202
2026-02-11 12:20:00,275.77470591446723,277.8,275.77470591446723,276.825,276.3819421208567,277.37527464487954,281.72610552987004,279.3373373576396,Down,359
2026-02-11 12:30:00,276.2998529572336,277.4,276.2998529572336,276.925,276.4313110189606,277.3576168156686,281.67833333554296,279.3373373576396,Down,112
2026-02-11 12:40:00,276.61242647861684,277.7,276.61242647861684,277.25,276.5057372899642,277.35339654838754,281.63427031727883,279.3373373576396,Down,122
2026-02-11 12:50:00,276.9312132393084,277.7,276.9312132393084,277.4,276.5870338999674,277.3552241347253,281.5921382743208,279.3373373576396,Down,42
2026-02-11 13:00:00,277.1656066196542,277.2,277.0,277.1,276.63366718178855,277.3452153451282,281.547440381044,279.3373373576396,Down,44
2026-02-11 13:10:00,277.1328033098271,277.5,277.0,277.225,276.68742471071687,277.3405010178683,281.5044310240187,279.3373373576396,Down,71
2026-02-11 13:20:00,277.1789016549136,277.5,276.3,276.92499999999995,276.70902246428807,277.32420686030486,281.4588645461678,279.3373373576396,Down,123
2026-02-11 13:30:00,277.0519508274568,277.5,276.5,277.0,276.73547496753457,277.3114928657831,281.41449773476313,279.3373373576396,Down,67
2026-02-11 13:40:00,277.0259754137284,277.4,276.8,277.125,276.77088633412234,277.30417942006613,281.37181616526306,279.3373373576396,Down,79
2026-02-11 13:50:00,277.0754877068642,277.0754877068642,276.1,276.575,276.75307848556577,277.27558414869105,281.3240866511809,279.3373373576396,Down,84
2026-02-11 14:00:00,276.8252438534321,276.8252438534321,276.1,276.35,276.71643498687797,277.2392867310953,281.27459325166666,279.3373373576396,Down,24
2026-02-11 14:10:00,276.58762192671605,276.6,276.0,276.375,276.68539544261637,277.20539313379743,281.2258410800083,279.3373373576396,Down,81
2026-02-11 14:20:00,276.48131096335806,276.6,276.0,276.425,276.66172312965125,277.17478948149164,281.17807151702317,279.3373373576396,Down,49
2026-02-11 14:30:00,276.453155481679,276.9,276.2,276.45,276.6424755724102,277.1463663645704,281.1310260292916,279.3373373576396,Down,65
2026-02-11 14:40:00,276.4515777408395,277.0,275.9,276.525,276.63179597491836,277.1219990561559,281.0851949245225,279.3373373576396,Down,103
2026-02-11 14:50:00,276.4882888704197,277.3,276.4882888704197,277.0,276.6652690681076,277.11721477944394,281.04454621880586,279.3373373576396,Down,62
2026-02-11 15:00:00,276.7441444352099,277.3,276.3,276.7,276.66842642555235,277.10085341554424,281.00131690319586,279.3373373576396,Down,65
2026-02-11 15:10:00,276.72207221760493,276.72207221760493,276.0,276.275,276.6326603868658,277.0684670070915,280.95428887430836,279.3373373576396,Down,78
2026-02-11 15:20:00,276.49853610880245,276.8,276.1,276.4,276.6115094426052,277.04225261465655,280.90897256710133,279.3373373576396,Down,38
2026-02-11 15:30:00,276.4492680544012,276.8,275.5,276.225,276.5763722205502,277.01020349251314,280.8623658748914,279.3373373576396,Down,187
2026-02-11 15:40:00,276.3371340272006,276.3371340272006,275.1,275.75,276.50124747322747,276.9607837477087,280.81149656270344,279.3373373576396,Down,132
2026-02-11 15:50:00,276.0435670136003,276.5,275.1,275.85,276.44204315747953,276.91722360073976,280.76212843770145,279.3373373576396,Down,87
2026-02-11 16:00:00,275.94678350680016,277.3,275.94678350680016,276.675,276.4632210522541,276.9077246360049,280.7214604930477,279.3373373576396,Down,144
2026-02-11 16:10:00,276.3108917534001,278.4,276.3108917534001,277.65,276.5711100475037,276.93683347380863,280.69089869709694,279.3373373576396,Down,237
2026-02-11 16:20:00,276.98044587670006,278.2,276.98044587670006,277.77500000000003,276.6805545886397,276.9697027493455,280.6618847797129,279.3373373576396,Down,104
2026-02-11 16:30:00,277.3777229383501,278.3,277.3777229383501,277.8,276.7823223533088,277.00226342584176,280.6334083142431,279.3373373576396,Down,123
2026-02-11 16:40:00,277.5888614691751,277.7,276.8,277.275,276.8271112302807,277.01295897776953,280.59999131609146,279.3373373576396,Down,138
2026-02-11 16:50:00,277.4319307345875,277.4319307345875,276.7,276.975,276.84055566389156,277.01147039040603,280.56392175075723,279.3373373576396,Down,71
2026-02-11 17:00:00,277.2034653672938,277.4,276.7,277.1,276.8641415126287,277.0149421398019,280.52945486766515,279.3373373576396,Down,121
2026-02-11 17:10:00,277.1517326836469,277.8,277.1517326836469,277.475,276.9196741023897,277.03298362451557,280.49906228191725,279.3373373576396,Down,88
2026-02-11 17:20:00,277.31336634182344,278.8,277.0,277.67499999999995,276.98834009308155,277.05816073727965,280.47096215970913,279.3373373576396,Down,290
2026-02-11 17:30:00,277.4941831709117,278.4,276.8,277.54999999999995,277.03940008461956,277.07744855150395,280.4418978596125,279.3373373576396,Down,127
2026-02-11 17:40:00,277.5220915854558,279.5,277.5220915854558,278.3,277.1540000769269,277.12539174556264,280.4205854430989,279.3373373576396,Down,287
2026-02-11 17:50:00,277.9110457927279,278.8,277.6,278.35,277.2627273426608,277.1734155986779,280.3999826028691,279.3373373576396,Down,170
2026-02-11 18:00:00,278.130522896364,278.7,276.8,277.7,277.3024794024189,277.1940659673572,280.3731171043331,279.3373373576396,Down,276
2026-02-11 18:10:00,277.915261448182,277.915261448182,274.2,275.6,277.1477085476535,277.1315535764804,280.3256234018025,279.3373373576396,Down,682
2026-02-11 18:20:00,276.757630724091,276.757630724091,273.7,274.325,276.891098679685,277.0214926519126,280.26591570626215,279.3373373576396,Down,500
2026-02-11 18:30:00,275.54131536204545,275.54131536204545,272.2,273.57500000000005,276.58963516335,276.8863360773278,280.199339430578,279.3373373576396,Down,643
2026-02-11 18:40:00,274.55815768102275,274.55815768102275,272.8,273.6,276.31785014850004,276.75746015272676,280.133674361617,279.3373373576396,Down,282
2026-02-11 18:50:00,274.0790788405114,274.5,273.4,274.0,276.1071364986364,276.649324460463,280.0726427759293,279.3373373576396,Down,230
2026-02-11 19:00:00,274.03953942025566,274.8,273.5,274.1,275.9246695442149,276.5493509522095,280.01321349457675,279.3373373576396,Down,201
2026-02-11 19:10:00,274.06976971012784,274.9,273.0,273.75,275.7269723129226,276.43957248349545,279.95089296229236,279.3373373576396,Down,233
2026-02-11 19:20:00,273.9098848550639,273.9098848550639,272.1,272.825,275.46315664811146,276.2978245429662,279.8799885547074,279.3373373576396,Down,371
2026-02-11 19:30:00,273.367442427532,274.8,272.5,273.675,275.3005969528286,276.1949686785362,279.81824737505855,279.3373373576396,Down,209
2026-02-11 19:40:00,273.521221213766,274.9,273.521221213766,274.525,275.23008813893506,276.12947971075045,279.7655782469485,279.3373373576396,Down,168
2026-02-11 19:50:00,274.023110606883,274.9,274.023110606883,274.625,275.1750801263046,276.0704805064073,279.7144282146406,279.3373373576396,Down,130
2026-02-11 20:00:00,274.32405530344147,275.7,274.3,274.9,275.1500728420951,276.02457931007757,279.6665234562859,279.3373373576396,Down,303
2026-02-11 20:10:00,274.6120276517207,277.3,274.6120276517207,276.1,275.23642985645006,276.0275369841922,279.63103566070095,279.3373373576396,Down,398
2026-02-11 20:20:00,275.3560138258604,277.6,275.3560138258604,276.975,275.39448168768183,276.06469239657685,279.6046074451716,279.3373373576396,Down,300
2026-02-11 20:30:00,276.16550691293014,277.0,276.16550691293014,276.725,275.5154378978926,276.09058681239736,279.5759546347719,279.3373373576396,Down,117
2026-02-11 20:40:00,276.4452534564651,278.6,276.4452534564651,277.6,275.7049435435387,276.149779486421,279.55629339462496,279.3373373576396,Down,329
2026-02-11 20:50:00,277.0226267282326,280.2,277.0226267282326,279.025,276.00676685776244,276.2625332320515,279.5510068931859,279.3373373576396,Down,557
2026-02-11 21:00:00,278.0238133641163,280.0,278.0238133641163,279.225,276.29933350705676,276.378708399422,279.54776304350247,279.3373373576396,Down,248
2026-02-11 21:10:00,278.6244066820582,281.0,278.4,279.35,276.57666682459705,276.49522963866036,279.54579525202485,271.939773301885,Up,580
2026-02-11 21:20:00,278.9872033410291,279.8,278.1,278.975,276.79469711327005,276.5924755351835,279.54011569727834,271.939773301885,Up,142
2026-02-11 21:30:00,278.9811016705146,279.9,278.7,279.15,277.00881555751823,276.6927706122351,279.53623394904673,271.939773301885,Up,142
2026-02-11 21:40:00,279.0655508352573,280.0,279.0,279.25,277.21255959774385,276.79305411763767,279.5333858500512,272.39840218022914,Up,111
2026-02-11 21:50:00,279.1577754176286,280.8,278.8,279.7,277.4386905434035,276.9070519953774,279.53504370228956,272.6167292547538,Up,232
2026-02-11 22:00:00,279.4288877088143,281.1,279.4288877088143,280.325,277.70108231218495,277.0410891720293,279.54290396395834,273.1265205255703,Up,262
2026-02-11 22:10:00,279.8769438544072,281.8,279.8769438544072,281.075,278.00780210198633,277.19928175351833,279.5581487006354,273.6501575753182,Up,314
2026-02-11 22:20:00,280.47597192720355,281.5,280.47597192720355,281.2,278.2980019108967,277.35617266514504,279.5744855294848,274.0807808899618,Up,165
2026-02-11 22:30:00,280.8379859636018,281.7,280.6,281.275,278.5686381008152,277.50985216847266,279.5914060714799,274.4707226603273,Up,185
2026-02-11 22:40:00,281.0564929818009,282.5,281.0564929818009,281.875,278.8692164552865,277.6810344363757,279.6141283991269,275.18126453912555,Up,327
2026-02-11 22:50:00,281.4657464909004,282.6,281.4657464909004,282.32500000000005,279.183378595715,277.8631507329884,279.6411022459018,275.6231611041641,Up,201
2026-02-11 23:00:00,281.89537324545023,282.6,280.3,281.65,279.4076169051954,278.0116546258124,279.6610912782809,275.6231611041641,Up,203
2026-02-11 23:10:00,281.77268662272513,281.77268662272513,280.5,280.95,279.54783355017764,278.1268838561727,279.673916240686,275.6231611041641,Up,113
2026-02-11 23:20:00,281.3613433113626,281.3613433113626,279.5,280.25,279.61166686379784,278.2101433127934,279.67964841739564,275.6231611041641,Up,217
2026-02-11 23:30:00,280.8056716556813,281.0,279.8,280.375,279.68106078527074,278.29503965346817,279.6865673386156,275.6231611041641,Up,151
2026-02-11 23:40:00,280.59033582784065,280.9,279.4,280.45,279.75096435024614,278.37954790235176,279.694163683505,275.6231611041641,Up,119
2026-02-11 23:50:00,280.5201679139203,282.0,280.5,281.2,279.88269486386014,278.4901538669654,279.7091471294403,275.6231611041641,Up,280
2026-02-12 00:00:00,280.8600839569601,281.8,280.7,281.3,280.0115407853274,278.6003439113981,279.7249765112369,275.6231611041641,Up,180
2026-02-12 09:00:00,281.08004197848004,285.5,281.08004197848004,284.15,280.38776435029763,278.81797748350016,279.7690065957022,276.04458917103983,Up,75
2026-02-12 09:10:00,282.61502098924,283.3,282.3,282.95,280.6206948639069,278.98001758218646,279.8006582713669,276.04458917103983,Up,301
2026-02-12 09:20:00,282.78251049462,283.4,282.78251049462,283.1,280.8460862399154,279.14158552014,279.8334875422986,276.26718318072534,Up,166
2026-02-12 09:30:00,282.94125524731,283.4,282.6,282.925,281.03507839992307,279.2899547154286,279.86424886028567,276.5053890303776,Up,112
2026-02-12 09:40:00,282.93312762365497,283.0,282.6,282.75,281.19098036356644,279.42564276580396,279.89296280197436,276.7503536639797,Up,67
2026-02-12 09:50:00,282.8415638118275,283.2,282.7,282.9,281.34634578506035,279.56189206910574,279.9228835701139,277.2685033308906,Up,84
2026-02-12 10:00:00,282.87078190591376,283.4,282.8,283.125,281.5080416227821,279.70162179188594,279.9547454251377,277.7168212099006,Up,63
2026-02-12 10:10:00,282.9978909529569,283.5,282.8,283.225,281.66412874798374,279.8397934863218,279.9872852716537,278.00165564536417,Up,89
2026-02-12 10:20:00,283.1114454764784,283.7,283.1114454764784,283.4,281.82193522543974,279.97940942803467,280.0212426321348,278.51138986183514,Up,48
2026-02-12 10:30:00,283.2557227382392,283.9,283.2557227382392,283.5,281.97448656858154,280.11747180340586,280.0558571333076,278.89418520447566,Up,66
2026-02-12 10:40:00,283.3778613691196,283.6,282.6,283.1,282.07680597143775,280.2344336934684,280.0861471120807,278.89418520447566,Up,95
2026-02-12 10:50:00,283.2389306845598,283.2389306845598,282.6,282.9,282.1516417922161,280.3389657054893,280.1141456482789,278.89418520447566,Up,58
2026-02-12 11:00:00,283.0694653422799,283.4,282.8,283.025,282.23103799292375,280.4443003837054,280.1431093731717,278.89418520447566,Up,37
2026-02-12 11:10:00,283.0472326711399,283.4,282.2,282.82500000000005,282.2850345390216,280.53766115297185,280.1697948520456,278.89418520447566,Up,168
2026-02-12 11:20:00,282.93611633557,283.1,281.4,282.425,282.2977586718378,280.6116744410906,280.192234704264,278.89418520447566,Up,269
2026-02-12 11:30:00,282.68055816778497,282.8,281.8,282.225,282.2911442471253,280.67494211006743,280.21246122461963,278.89418520447566,Up,85
2026-02-12 11:40:00,282.4527790838925,282.4527790838925,281.0,281.6,282.22831295193214,280.7112188900648,280.22626758059357,278.89418520447566,Up,187
2026-02-12 11:50:00,282.0263895419463,282.0263895419463,280.4,280.925,282.10982995630195,280.7196024630034,280.2332201419807,278.89418520447566,Up,196
2026-02-12 12:00:00,281.4756947709732,281.4756947709732,279.9,280.32500000000005,281.9475726875472,280.70412785661114,280.2341333743988,278.89418520447566,Up,208
2026-02-12 12:10:00,280.9003473854866,280.9003473854866,279.7,280.0,281.7705206250429,280.67651499948914,280.2318036890814,278.89418520447566,Up,122
2026-02-12 12:20:00,280.4501736927433,280.4501736927433,279.5,280.0,281.6095642045844,280.64998499950923,280.22949718471244,278.89418520447566,Up,142
2026-02-12 12:30:00,280.22508684637165,280.6,279.5,280.125,281.4746038223494,280.62939735246965,280.2284574117303,278.89418520447566,Up,155
2026-02-12 12:40:00,280.1750434231858,280.4,279.3,279.975,281.33827620213583,280.60373471119635,280.22593544743444,278.89418520447566,Up,120
2026-02-12 12:50:00,280.0750217115929,280.7,280.0750217115929,280.42499999999995,281.25525109285076,280.5967255068357,280.227916189251,278.89418520447566,Up,69
2026-02-12 13:00:00,280.2500108557964,281.2,280.2500108557964,280.85,281.2184100844098,280.60665783990095,280.2341060779152,278.89418520447566,Up,107
2026-02-12 13:10:00,280.5500054278982,281.7,280.5500054278982,281.125,281.20991825855435,280.6269849834342,280.2429706940554,278.89418520447566,Up,162
2026-02-12 13:20:00,280.8375027139491,281.4,280.2,280.775,281.1703802350494,280.6327894938878,280.24826451799515,278.89418520447566,Up,76
2026-02-12 13:30:00,280.80625135697454,280.80625135697454,280.5,280.675,281.1253456682267,280.63444480785296,280.25251064219424,278.89418520447566,Up,18
2026-02-12 13:40:00,280.7406256784873,281.1,280.5,280.75,281.09122333475153,280.63897638401556,280.257460785058,278.89418520447566,Up,46
2026-02-12 13:50:00,280.74531283924364,280.74531283924364,279.7,280.225,281.01247575886504,280.62274201601497,280.2571377921719,278.89418520447566,Up,97
2026-02-12 14:00:00,280.48515641962183,280.48515641962183,279.9,280.125,280.9317961444227,280.6032227212693,280.2558229882697,278.89418520447566,Up,61
2026-02-12 14:10:00,280.3050782098109,280.3050782098109,279.8,280.1,280.85617831311157,280.5834884969058,280.2542725107745,278.89418520447566,Up,80
2026-02-12 14:20:00,280.20253910490544,281.0,280.2,280.55,280.8283439210105,280.5821752225173,280.25721507285635,278.89418520447566,Up,65
2026-02-12 14:30:00,280.37626955245275,281.0,280.37626955245275,280.775,280.8234944736459,280.58973697849706,280.2623671616837,278.89418520447566,Up,36
2026-02-12 14:40:00,280.5756347762264,281.0,280.4,280.775,280.8190858851326,280.59700219502656,280.2674679859456,278.89418520447566,Up,27
2026-02-12 14:50:00,280.6753173881132,281.0,280.6,280.85,280.8218962592115,280.6069236775745,280.27326432439395,278.89418520447566,Up,33
2026-02-12 15:00:00,280.7626586940566,281.7,280.7626586940566,281.25,280.86081478110134,280.6321423568853,280.2829830873353,278.89418520447566,Up,86
2026-02-12 15:10:00,281.0063293470283,281.6,280.5,281.125,280.88483161918305,280.6514701075957,280.29136136507327,278.89418520447566,Up,75
2026-02-12 15:20:00,281.06566467351416,281.5,281.06566467351416,281.3,280.9225741992573,280.6769026523958,280.3013975703959,278.89418520447566,Up,30
2026-02-12 15:30:00,281.1828323367571,282.0,281.1828323367571,281.65,280.98870381750663,280.71506333269406,280.3148165000438,278.89418520447566,Up,114
2026-02-12 15:40:00,281.41641616837853,282.8,281.41641616837853,282.225,281.1010943795515,280.7742765353335,280.3338233010384,278.89418520447566,Up,216
2026-02-12 15:50:00,281.8207080841893,282.8,281.8207080841893,282.475,281.22599489050134,280.8409715731636,280.3551285418241,278.89418520447566,Up,55
2026-02-12 16:00:00,282.14785404209465,283.0,282.14785404209465,282.67499999999995,281.3577226277285,280.9128942565689,280.3782118399154,279.04061081365114,Up,101
2026-02-12 16:10:00,282.4114270210473,283.0,282.4,282.775,281.4865660252077,280.98591801121324,280.40206047832424,279.26971253873074,Up,87
2026-02-12 16:20:00,282.59321351052364,285.0,282.59321351052364,283.85,281.7014236592797,281.09823495194996,280.4363683342613,279.8029685215711,Up,415
2026-02-12 16:30:00,283.22160675526186,285.9,283.22160675526186,285.275,282.02629423570886,281.26202965971663,280.48451392297517,279.95626198528004,Up,451
2026-02-12 16:40:00,284.2483033776309,285.7,284.2483033776309,285.225,282.3170856688262,281.4174402612964,280.53168293866696,280.260315287635,Up,209
2026-02-12 16:50:00,284.7366516888154,285.8,284.7366516888154,285.4,282.5973506080238,281.5736190745789,280.58012390445134,280.5963479119947,Up,258
2026-02-12 17:00:00,285.0683258444077,287.8,285.0683258444077,286.525,282.95440964365804,281.7677908755758,280.6392769004269,281.19357419979485,Up,468
2026-02-12 17:10:00,285.79666292220384,289.2,285.79666292220384,287.775,283.3926451305982,282.0033677039846,280.7102791203232,281.4965827760769,Up,657
2026-02-12 17:20:00,286.7858314611019,288.0,286.7858314611019,287.6,283.7751319369074,282.22284348029893,280.7788335569369,281.4965827760769,Up,267
2026-02-12 17:30:00,287.19291573055096,287.4,284.3,285.95,283.9728472153704,282.3690064810715,280.83028794940515,281.4965827760769,Up,560
2026-02-12 17:40:00,286.5714578652755,286.5714578652755,284.1,284.9,284.0571338321549,282.46826112887265,280.87078259667476,281.4965827760769,Up,386
2026-02-12 17:50:00,285.7357289326377,285.7357289326377,284.2,284.975,284.1405762110499,282.5665646140149,280.9116205807875,281.4965827760769,Up,211
2026-02-12 18:00:00,285.35536446631886,286.2,284.6,285.45,284.2596147373181,282.67964051150454,280.9567785849588,281.4965827760769,Up,260
2026-02-12 18:10:00,285.40268223315945,286.0,285.40268223315945,285.775,284.3973770339255,282.8010271581122,281.004721086601,281.4965827760769,Up,126
2026-02-12 18:20:00,285.5888411165797,287.8,285.5888411165797,286.67499999999995,284.604433667205,282.95294766171565,281.06114177230654,281.4965827760769,Up,408
2026-02-12 18:30:00,286.13192055828983,287.9,286.13192055828983,287.125,284.83357606109547,283.11655755733466,281.1214786700946,281.4965827760769,Up,267
2026-02-12 18:40:00,286.6284602791449,288.2,286.6284602791449,287.32500000000005,285.0600691464504,283.28159451587055,281.18320525049165,281.4965827760769,Up,302
2026-02-12 18:50:00,286.9767301395725,287.4,285.4,286.475,285.1886992240458,283.40682610348347,281.23585992461614,281.4965827760769,Up,306
2026-02-12 19:00:00,286.72586506978627,287.6,285.6,286.6,285.3169992945871,283.5320486092292,281.2892344527294,281.4965827760769,Up,137
2026-02-12 19:10:00,286.6629325348931,287.9,286.6629325348931,287.2,285.4881811768974,283.67588984023985,281.3480480402644,281.4965827760769,Up,190
2026-02-12 19:20:00,286.9314662674466,287.9,285.8,286.85,285.6119828880885,283.80036474846577,281.40279383090854,281.4965827760769,Up,307
2026-02-12 19:30:00,286.8907331337233,286.8907331337233,285.3,286.025,285.64952989826224,283.8876053465651,281.4487859320936,281.4965827760769,Up,273
2026-02-12 19:40:00,286.45786656686164,286.8,284.0,285.65,285.6495726347838,283.9567188623861,281.49058905714736,281.4965827760769,Up,467
2026-02-12 19:50:00,286.0539332834308,288.2,286.0539332834308,286.775,285.7518842134398,284.0672396913121,281.54317026055884,281.4965827760769,Up,421
2026-02-12 20:00:00,286.4144666417154,289.0,286.3,287.7,285.9289856485816,284.20970087988815,281.604432248016,281.4965827760769,Up,549
2026-02-12 20:10:00,287.0572333208577,290.0,287.0572333208577,289.15,286.2218051350742,284.4034381002847,281.67951252415514,281.4965827760769,Up,13728
2026-02-12 20:20:00,288.1036166604288,289.8,288.1036166604288,289.25,286.4970955773402,284.59349935125397,281.7548407577457,281.4965827760769,Up,295
2026-02-12 20:30:00,288.6768083302144,289.8,288.6,289.25,286.7473596157638,284.7761072198323,281.82941945667363,281.4965827760769,Up,307
2026-02-12 20:40:00,288.9634041651072,289.0,288.0,288.475,286.90441783251254,284.9211618386624,281.8955446362092,281.4965827760769,Up,315
2026-02-12 20:50:00,288.7192020825536,288.9,287.2,287.975,287.0017434841023,285.0409201979306,281.95603672938125,281.4965827760769,Up,348
2026-02-12 21:00:00,288.3471010412768,288.3471010412768,283.7,285.82500000000005,286.89476680372934,285.0716684254627,281.9945338763526,281.4965827760769,Up,998
2026-02-12 21:10:00,287.0860505206384,287.0860505206384,283.2,284.225,286.652060730663,285.0384657421112,282.01672756912524,281.4965827760769,Up,878
2026-02-12 21:20:00,285.6555252603192,285.6555252603192,282.6,283.8,286.3927824824209,284.98989845810684,282.03447157341253,281.4965827760769,Up,509
2026-02-12 21:30:00,284.72776263015965,284.72776263015965,280.4,282.075,286.0002568022008,284.87558871465166,282.03487484133876,281.4965827760769,Up,987
2026-02-12 21:40:00,283.4013813150798,284.6,281.8,283.2,285.7456880020007,284.8098793532928,282.04646812649963,281.4965827760769,Up,574
2026-02-12 21:50:00,283.3006906575399,284.7,283.3006906575399,284.025,285.5892618200006,284.7790997708107,282.0661550108131,281.4965827760769,Up,382
2026-02-12 22:00:00,283.66284532876995,284.6,281.7,283.325,285.38341983636417,284.7220762503868,282.07868083160105,281.4965827760769,Up,461
2026-02-12 22:10:00,283.49392266438497,284.1,281.5,283.125,285.17810894214927,284.6594458091952,282.089091967605,281.4965827760769,Up,320
2026-02-12 22:20:00,283.3094613321925,285.9,283.1,284.025,285.0732808564993,284.6345655813836,282.10835473409645,281.4965827760769,Up,451
2026-02-12 22:30:00,283.6672306660962,283.7,282.1,283.0,284.88480077863574,284.57046497034895,282.1172268262945,281.4965827760769,Up,351
2026-02-12 22:40:00,283.3336153330481,284.2,282.4,283.4,284.7498188896688,284.52456438327647,282.12999073847067,281.4965827760769,Up,217
2026-02-12 22:50:00,283.36680766652404,285.2,283.36680766652404,284.2,284.6998353542443,284.511836368246,282.15058784555055,281.4965827760769,Up,274
2026-02-12 23:00:00,283.783403833262,287.2,283.783403833262,285.45,284.7680321402221,284.548627098903,282.18341781723666,281.4965827760769,Up,802
2026-02-12 23:10:00,284.616701916631,286.3,284.616701916631,285.625,284.84593830929276,284.5908378009068,282.2176624160701,281.4965827760769,Up,226
2026-02-12 23:20:00,285.1208509583155,286.8,284.9,285.8,284.93267119026615,284.6382559263614,282.2533075661589,281.4965827760769,Up,247
2026-02-12 23:30:00,285.4604254791577,287.3,284.6,285.8,285.0115192638783,284.6838145174845,282.2885980381374,281.4965827760769,Up,303
2026-02-12 23:40:00,285.63021273957884,285.9,284.6,284.975,285.0081993307985,284.69523355601456,282.31532840591717,281.4965827760769,Up,123
2026-02-12 23:50:00,285.30260636978943,285.30260636978943,283.0,284.0,284.91654484618044,284.6679694949944,282.3320913073509,281.4965827760769,Up,467
2026-02-13 00:00:00,284.6513031848947,284.6513031848947,282.6,283.125,284.7536771328913,284.6074608873476,282.3399809460837,281.4965827760769,Up,217
2026-02-13 09:00:00,283.88815159244734,283.88815159244734,278.5,279.975,284.31925193899207,284.4257957545105,282.31644879736643,291.366017751665,Down,124
2026-02-13 09:10:00,281.9315757962237,281.9315757962237,279.4,279.67499999999995,283.89704721726554,284.2394900386473,282.2901657247558,290.8335808744126,Down,358
2026-02-13 09:20:00,280.8032878981118,280.8032878981118,279.0,279.425,283.49049747024134,284.05068650771994,282.2616566130667,289.8008331631882,Down,239
2026-02-13 09:30:00,280.1141439490559,280.1141439490559,278.6,279.125,283.09363406385575,283.8575223309466,282.23044609950387,288.9069326961231,Down,196
2026-02-13 09:40:00,279.619571974528,279.619571974528,279.0,279.325,282.75103096714156,283.679776357184,282.20153618806603,288.21677645217886,Down,102
2026-02-13 09:50:00,279.47228598726394,279.5,279.0,279.275,282.4350281519468,283.5070400294513,282.1724164250007,287.52908224083166,Down,116
2026-02-13 10:00:00,279.373642993632,279.4,279.1,279.175,282.1386619563153,283.3371561067277,282.14259138594593,286.88552930984696,Down,94
2026-02-13 10:10:00,279.274321496816,279.3,278.7,279.1,281.8624199602866,283.17099312215015,282.11231684479225,286.15957209986084,Down,178
2026-02-13 10:20:00,279.187160748408,279.7,278.7,279.175,281.618109054806,283.0142875095168,282.0830898115107,286.0723382726008,Down,139
2026-02-13 10:30:00,279.18108037420404,279.18108037420404,276.1,277.8,281.2710082316418,282.8098056463985,282.04047200244094,285.00851329826787,Down,385
2026-02-13 10:40:00,278.49054018710206,278.49054018710206,275.4,276.225,280.8122802105835,282.55157797399073,281.98260660938183,284.76726026264794,Down,403
2026-02-13 10:50:00,277.35777009355104,277.35777009355104,275.5,275.8,280.35661837325773,282.28681021030485,281.92108813565665,284.2153379617913,Down,199
2026-02-13 11:00:00,276.57888504677555,277.1,276.0,276.35,279.9923803393252,282.05399412362624,281.86565442286405,284.10132083183254,Down,231
2026-02-13 11:10:00,276.4644425233878,276.4644425233878,275.3,275.79999999999995,279.611254853932,281.80873945211147,281.8052996524873,283.17049202640993,Down,277
2026-02-13 11:20:00,276.13222126169387,276.13222126169387,275.3,275.42499999999995,279.23068623084725,281.55839672849925,281.7418140838059,282.6444372393866,Down,79
2026-02-13 11:30:00,275.7786106308469,276.2,275.4,275.65,278.90516930077024,281.3266948960091,281.6811990182954,282.38938782594505,Down,109
2026-02-13 11:40:00,275.7143053154234,276.2,275.1,275.7,278.61379027342747,281.1060401942048,281.6216846002029,282.040352569041,Down,149
2026-02-13 11:50:00,275.70715265771173,276.5,275.4,276.075,278.38299115766137,280.9087445003144,281.56649370865864,282.040352569041,Down,137
2026-02-13 12:00:00,275.8910763288559,277.2,275.8910763288559,276.8,278.23908287060124,280.747617265008,281.5190659105626,282.040352569041,Down,120
2026-02-13 12:10:00,276.3455381644279,277.0,276.3455381644279,276.775,278.1059844278193,280.5918283526548,281.4718612746366,282.040352569041,Down,40
2026-02-13 12:20:00,276.56026908221395,276.8,276.4,276.6,277.96907675256296,280.4352860643154,281.42338504304814,282.0203937659732,Down,36
2026-02-13 12:30:00,276.580134541107,276.580134541107,276.0,276.35,277.8218879568754,280.27507876767555,281.3729035998337,281.4358797850746,Down,62
2026-02-13 12:40:00,276.4650672705535,276.6,276.1,276.4,277.69262541534124,280.12311489443334,281.3234219719747,281.20982955865554,Down,43
2026-02-13 12:50:00,276.43253363527674,276.8,276.2,276.55,277.5887503775829,279.9829927417105,281.2759252359352,281.13620868968684,Down,50
2026-02-13 13:00:00,276.49126681763835,276.9,276.49126681763835,276.725,277.5102276159845,279.855228320467,281.2306423977667,281.05899882939326,Down,50
2026-02-13 13:10:00,276.6081334088192,277.4,276.6081334088192,276.975,277.4615705599859,279.74227819025265,281.18829769729143,281.05899882939326,Down,91
2026-02-13 13:20:00,276.79156670440955,277.2,276.7,276.95000000000005,277.4150641454417,279.63277708475255,281.1461255809005,280.99967938598877,Down,24
2026-02-13 13:30:00,276.8707833522048,277.3,276.8,277.1,277.38642195040154,279.53345249319364,281.1058656248716,280.9133448963534,Down,47
2026-02-13 13:40:00,276.9853916761024,277.7,276.9,277.325,277.38083813672864,279.4468465130684,281.0682450713903,280.9133448963534,Down,159
2026-02-13 13:50:00,277.1551958380512,277.5,276.6,277.15,277.3598528515715,279.35677410079126,281.02925755824214,280.83458255896977,Down,44
2026-02-13 14:00:00,277.1525979190256,278.1,276.9,277.35,277.35895713779223,279.2780770772308,280.99264803029945,280.83458255896977,Down,64
2026-02-13 14:10:00,277.25129895951284,277.6,276.6,277.05,277.3308701252656,279.19070150557474,280.9534177016398,280.83458255896977,Down,89
2026-02-13 14:20:00,277.15064947975645,277.3,276.6,276.875,277.2894273866051,279.0998896818267,280.91283643097677,280.7391679631629,Down,30
2026-02-13 14:30:00,277.0128247398782,277.1,276.8,276.95000000000005,277.2585703514592,279.0155802825394,280.87340522270836,280.5037890574208,Down,45
2026-02-13 14:40:00,276.9814123699391,277.1,276.9,277.0,277.23506395587196,278.9365379185183,280.83486387720876,280.3034445976553,Down,25
2026-02-13 14:50:00,276.99070618496955,277.3,276.7,277.07500000000005,277.2205126871563,278.8635364315176,280.797452296341,280.2213132705957,Down,67
2026-02-13 15:00:00,277.0328530924848,277.5,277.0328530924848,277.27500000000003,277.225466079233,278.8012408851836,280.76240301976054,280.2213132705957,Down,36
2026-02-13 15:10:00,277.1539265462424,277.7,277.1539265462424,277.45000000000005,277.24587825384816,278.74825104654894,280.7294437857331,280.2213132705957,Down,74
2026-02-13 15:20:00,277.30196327312126,277.6,277.1,277.375,277.2576165944074,278.6943980643313,280.69606623562635,280.2213132705957,Down,51
2026-02-13 15:30:00,277.33848163656063,277.4,276.7,277.1,277.24328781309765,278.6318726500438,280.66028448203804,279.9617712951677,Down,125
2026-02-13 15:40:00,277.21924081828035,277.9,277.0,277.35,277.25298892099784,278.5816031343558,280.62734632798794,279.9617712951677,Down,130
2026-02-13 15:50:00,277.2846204091402,278.0,277.2846204091402,277.55,277.2799899281799,278.54114810947914,280.5967259665154,279.9617712951677,Down,46
2026-02-13 16:00:00,277.4173102045701,277.6,277.3,277.4,277.29089993470893,278.49639720322506,280.5649177479431,279.9617712951677,Down,80
2026-02-13 16:10:00,277.408655102285,278.2,277.4,277.725,277.33036357700814,278.46614633251033,280.53665985990386,279.9617712951677,Down,120
2026-02-13 16:20:00,277.5668275511425,278.2,277.5,277.9,277.382148706371,278.4439445155491,280.5104244384123,279.9617712951677,Down,96
2026-02-13 16:30:00,277.73341377557125,278.2,277.7,278.0,277.4383170057918,278.42653492670405,280.48544509076646,279.9617712951677,Down,394
2026-02-13 16:40:00,277.86670688778565,279.2,277.8,278.45,277.53028818708344,278.4274551256569,280.4651919057837,279.9617712951677,Down,602
2026-02-13 16:50:00,278.1583534438928,278.9,276.9,277.875,277.5616256246213,278.40579021876835,280.4394188519948,279.9617712951677,Down,250
2026-02-13 17:00:00,278.0166767219464,278.0166767219464,276.0,276.65,277.4787505678375,278.3369357003853,280.40171319177597,279.9617712951677,Down,286
2026-02-13 17:10:00,277.3333383609732,277.3333383609732,275.5,276.0,277.34431869803404,278.24529116311527,280.3579150505643,279.9617712951677,Down,143
2026-02-13 17:20:00,276.66666918048656,277.8,275.9,276.7,277.28574427094003,278.1846915096598,280.3215178858821,279.9617712951677,Down,235
2026-02-13 17:30:00,276.68333459024325,278.5,276.68333459024325,277.65,277.31885842812727,278.1637232151633,280.29493561836085,279.9617712951677,Down,181
2026-02-13 17:40:00,277.1666672951216,278.2,276.5,277.525,277.3375985710248,278.1386752459412,280.26737406991947,279.9617712951677,Down,134
2026-02-13 17:50:00,277.3458336475608,277.9,276.5,277.1,277.31599870093163,278.0979428833553,280.2358579100198,279.9617712951677,Down,112
2026-02-13 18:00:00,277.22291682378034,277.7,276.6,277.025,277.28954427357417,278.0558666918512,280.2039090750942,279.9617712951677,Down,115
2026-02-13 18:10:00,277.12395841189016,278.2,276.6,277.1,277.2723129759765,278.0183817235433,280.1730244076803,279.9617712951677,Down,184
2026-02-13 18:20:00,277.1119792059451,277.1119792059451,275.3,276.20000000000005,277.17482997816046,277.9470726363455,280.1334918265094,279.9617712951677,Down,367
2026-02-13 18:30:00,276.65598960297257,276.65598960297257,274.4,275.275,277.00211816196406,277.8422854741359,280.08514862425557,279.9617712951677,Down,473
2026-02-13 18:40:00,275.9654948014863,276.5,274.9,275.625,276.8769256017855,277.7553331026012,280.0407690359545,279.9617712951677,Down,216
2026-02-13 18:50:00,275.7952474007432,277.0,275.7952474007432,276.525,276.8449323652595,277.7070847456364,280.00578625947736,279.9617712951677,Down,119
2026-02-13 19:00:00,276.1601237003716,278.0,276.1,276.875,276.8476657865996,277.67445397129774,279.97463415739304,279.9617712951677,Down,342
2026-02-13 19:10:00,276.51756185018576,277.4,276.2,276.6,276.8251507150905,277.632318521443,279.94105570806573,279.9617712951677,Down,147
2026-02-13 19:20:00,276.55878092509283,276.8,274.8,275.8,276.73195519553684,277.5604628931511,279.8998511736571,279.9617712951677,Down,242
2026-02-13 19:30:00,276.1793904625464,276.1793904625464,274.0,275.275,276.5995047232153,277.4708368973413,279.85383275401875,279.9617712951677,Down,434
2026-02-13 19:40:00,275.7271952312732,277.0,275.7271952312732,276.275,276.5700042938321,277.4239413327397,279.81822247785936,279.9617712951677,Down,319
2026-02-13 19:50:00,276.0010976156366,276.7,275.5,276.17499999999995,276.5340948125746,277.37496324125965,279.7819715079304,279.9617712951677,Down,112
2026-02-13 20:00:00,276.08804880781827,277.6,275.9,276.7,276.54917710234054,277.34849409454364,279.75130512476693,279.9617712951677,Down,297
2026-02-13 20:10:00,276.3940244039092,279.5,276.3940244039092,278.05,276.6856155475823,277.37600413005174,279.73437671556525,279.9617712951677,Down,622
2026-02-13 20:20:00,277.2220122019546,278.9,277.2220122019546,278.275,276.83010504325665,277.4112588700497,279.71985555421634,279.9617712951677,Down,196
2026-02-13 20:30:00,277.7485061009773,279.0,277.7485061009773,278.35,276.9682773120515,277.4480722476949,279.7062251506918,279.9617712951677,Down,215
2026-02-13 20:40:00,278.0492530504887,278.3,276.9,277.65,277.03025210186496,277.4559909830794,279.6857651989436,279.9617712951677,Down,216
2026-02-13 20:50:00,277.84962652524433,278.3,276.7,277.6,277.0820473653318,277.46163839550763,279.6650113163671,279.9617712951677,Down,176
2026-02-13 21:00:00,277.7248132626222,278.2,277.0,277.6,277.1291339684834,277.46706434078186,279.64446394008485,279.9617712951677,Down,122
2026-02-13 21:10:00,277.6624066313111,279.0,277.0,278.075,277.2151217895304,277.4909049548688,279.6288473834671,279.9617712951677,Down,212
2026-02-13 21:20:00,277.8687033156556,279.9,277.8687033156556,279.275,277.4023834450276,277.56086946644257,279.62532651397987,279.9617712951677,Down,371
2026-02-13 21:30:00,278.5718516578278,281.0,278.5718516578278,279.9,277.62943949547963,277.6526000756017,279.62805958349253,279.9617712951677,Down,436
2026-02-13 21:40:00,279.2359258289139,281.4,279.0,280.05,277.849490450436,277.74661575891145,279.6322579955971,273.02406211300826,Up,334
2026-02-13 21:50:00,279.6429629144569,279.9,279.0,279.475,277.9972640458509,277.8143955330718,279.63069323942204,273.02406211300826,Up,214
2026-02-13 22:00:00,279.55898145722847,281.8,279.55898145722847,280.75,278.24751276895535,277.9295172768729,279.6418306201243,273.5564015658112,Up,399
2026-02-13 22:10:00,280.15449072861423,282.0,279.9,281.075,278.5045570626867,278.0528695405249,279.6560910119639,273.7108280338154,Up,344
2026-02-13 22:20:00,280.6147453643071,281.0,280.1,280.525,278.68823369335155,278.14981583305337,279.6647368725414,273.7108280338154,Up,97
2026-02-13 22:30:00,280.5698726821536,281.0,280.2,280.57500000000005,278.85975790304684,278.2449210945023,279.67379421709325,274.00399011059125,Up,111
2026-02-13 22:40:00,280.5724363410768,280.9,279.1,280.05,278.9679617300426,278.31570850256105,279.6775375582167,274.00399011059125,Up,232
2026-02-13 22:50:00,280.3112181705384,281.5,279.6,280.45000000000005,279.10269248185693,278.39940620834295,279.68522375166737,274.00399011059125,Up,189
2026-02-13 23:00:00,280.3806090852692,281.9,280.3806090852692,281.2,279.2933568016881,278.5092334158589,279.70029615214827,274.4630730684509,Up,262
2026-02-13 23:10:00,280.7903045426346,281.6,280.7903045426346,281.29999999999995,279.47577891062554,278.6186752426879,279.7162136033707,274.830507128472,Up,141
2026-02-13 23:20:00,281.0451522713173,282.0,280.5,281.225,279.63479900965956,278.72088405670013,279.7312264033372,274.9185044155952,Up,246
2026-02-13 23:30:00,281.13507613565866,281.13507613565866,280.0,280.5,279.713453645145,278.79065330937857,279.7388758918612,274.9185044155952,Up,196
2026-02-13 23:40:00,280.81753806782933,281.0,279.0,280.35,279.7713214955864,278.85180415999116,279.74495672875815,274.9185044155952,Up,330
2026-02-13 23:50:00,280.5837690339147,283.3,280.5837690339147,281.875,279.96256499598763,278.97036085959934,279.7661511891685,275.08290962258855,Up,602
2026-02-14 00:00:00,281.22938451695734,283.9,281.22938451695734,283.25,280.2614227236251,279.13818984549744,279.80081635146536,275.35812763340067,Up,207
2026-02-16 09:00:00,282.23969225847867,282.23969225847867,264.7,270.175,279.3444752032956,278.78669220449757,279.70503708428663,286.3553980790834,Down,259
2026-02-16 09:10:00,276.20734612923934,276.20734612923934,267.2,267.675,278.28361382117777,278.3509395690271,279.5853352227515,286.3553980790834,Down,952
2026-02-16 09:20:00,271.94117306461965,271.94117306461965,267.2,267.725,277.3237398374343,277.9342360565162,279.467321936953,285.26143903810936,Down,1954
2026-02-16 09:30:00,269.83308653230984,269.83308653230984,267.5,267.82500000000005,276.4602180340312,277.5377954268489,279.35147793758034,283.77934973772176,Down,379
2026-02-16 09:40:00,268.82904326615494,268.82904326615494,267.6,267.775,275.67065275821017,277.1549407042274,279.2362891023805,282.4003614312855,Down,191
2026-02-16 09:50:00,268.30202163307746,268.30202163307746,267.6,267.875,274.9619570529183,276.79102146092436,279.1232414496205,281.102509408756,Down,237
2026-02-16 10:00:00,268.0885108165387,268.0885108165387,267.5,267.75,274.30632459356207,276.43647159971164,279.01007486803223,279.96416715266275,Down,122
2026-02-16 10:10:00,267.9192554082693,268.1,267.7,267.825,273.7171132668746,276.0987668310955,278.8987805907384,279.10901067672125,Down,96
2026-02-16 10:20:00,267.87212770413464,267.87212770413464,267.5,267.65,273.16555751534054,275.76744264164074,278.78685242565643,278.01139272331744,Down,107
2026-02-16 10:30:00,267.7610638520673,267.9,266.0,267.15,272.6186886503096,275.4295037145176,278.6710628492817,277.0275717011364,Down,351
2026-02-16 10:40:00,267.45553192603364,267.7,267.0,267.4,272.14426240937235,275.11462121590904,278.5589129701844,276.76597427376043,Down,61
2026-02-16 10:50:00,267.4277659630168,267.9,267.3,267.67499999999995,271.7379658267021,274.8228713643048,278.45061532869005,276.3781584306913,Down,70
2026-02-16 11:00:00,267.5513829815084,268.1,267.5513829815084,267.92500000000007,271.3913325697292,274.5523666049203,278.34588283785735,276.00533261628874,Down,73
2026-02-16 11:10:00,267.7381914907542,268.8,267.7381914907542,268.35,271.11484779066285,274.30913654198224,278.24642131708265,276.00533261628874,Down,124
2026-02-16 11:20:00,268.04409574537715,268.6,267.5,268.1,270.84077071878437,274.0656409913163,278.14546190099225,275.56104506548166,Down,337
2026-02-16 11:30:00,268.0720478726886,268.0720478726886,266.2,267.025,270.49388247162216,273.7895374230294,278.03481053879335,274.65515581405487,Down,209
2026-02-16 11:40:00,267.5485239363443,267.5485239363443,266.2,266.775,270.1558022469292,273.51445752408705,277.9227726229845,274.20020874294335,Down,196
2026-02-16 11:50:00,267.16176196817213,267.2,266.2,266.75,269.84618386084475,273.2491846800052,277.81160075608915,273.7235879770647,Down,171
2026-02-16 12:00:00,266.9558809840861,266.9558809840861,265.5,266.1,269.50562169167705,272.96882449647563,277.69506741523253,273.1424317381332,Down,344
2026-02-16 12:10:00,266.52794049204306,266.52794049204306,265.2,265.625,269.15283790152455,272.6808313789668,277.57496724194664,272.63275883048277,Down,226
2026-02-16 12:20:00,266.0764702460216,266.0764702460216,264.9,265.275,268.8003071832041,272.3904066190073,277.4525795081959,272.0694866528925,Down,379
2026-02-16 12:30:00,265.6757351230108,265.6757351230108,264.7,264.975,268.452551984731,272.0996063594384,277.3284244882139,271.52563626976547,Down,136
2026-02-16 12:40:00,265.3253675615054,265.3253675615054,263.7,264.35,268.0795927133918,271.7957002276957,277.1992859360924,270.8653344469911,Down,522
2026-02-16 12:50:00,264.8376837807527,264.8376837807527,263.7,264.07500000000005,267.71553883035614,271.4929276697469,277.0686960262805,270.4576820526849,Down,138
2026-02-16 13:00:00,264.4563418903764,264.6,263.8,264.15,267.3913989366874,271.2049697219137,276.94015178721304,270.11712742028055,Down,149
2026-02-16 13:10:00,264.3031709451882,264.7,263.8,264.225,267.1035444878976,270.93124541909356,276.8136328639572,269.9564794729823,Down,99
2026-02-16 13:20:00,264.2640854725941,264.8,264.0,264.5,266.86685862536143,270.679039716384,276.69110915386807,269.87861770271115,Down,88
2026-02-16 13:30:00,264.3820427362971,264.8,264.3,264.6,266.6607805685104,270.440646002016,276.57079961004854,269.71237972973745,Down,77
2026-02-16 13:40:00,264.4910213681485,264.8,264.4,264.675,266.48025506228214,270.21454223723106,276.45243344477444,269.43852702703407,Down,71
2026-02-16 13:50:00,264.5830106840743,265.7,264.5,265.175,266.3615955111656,270.0169131298886,276.3402201766673,269.43852702703407,Down,135
2026-02-16 14:00:00,264.87900534203715,266.1,264.87900534203715,265.75,266.30599591924147,269.84958320322636,276.23484485152636,269.43852702703407,Down,247
2026-02-16 14:10:00,265.31450267101854,265.9,265.0,265.5,266.2327235629468,269.6790113129038,276.1280304748943,269.43852702703407,Down,86
2026-02-16 14:20:00,265.4072513355093,265.4072513355093,264.5,265.075,266.1274759663153,269.49846184965264,276.01805007215904,269.43852702703407,Down,213
2026-02-16 14:30:00,265.24112566775466,265.4,265.0,265.25,266.047705423923,269.3318555026074,275.91090529532164,269.43852702703407,Down,73
2026-02-16 14:40:00,265.24556283387733,265.5,265.1,265.325,265.9820049308391,269.17472391426986,275.8055729043234,269.4295232151406,Down,84
2026-02-16 14:50:00,265.2852814169387,265.7,265.0,265.35,265.92454993712647,269.0247347411613,275.7015373530366,269.3586574683096,Down,66
2026-02-16 15:00:00,265.31764070846936,265.6,265.31764070846936,265.45,265.8814090337513,268.88454906503733,275.5995320062402,269.2057305223455,Down,45
2026-02-16 15:10:00,265.3838203542347,265.4,264.8,265.15,265.81491730341025,268.738096160526,275.4955565633921,268.74264560737345,Down,65
2026-02-16 15:20:00,265.2669101771173,265.3,264.8,265.1,265.74992482128204,268.59542572285835,275.392118189627,268.5433141885213,Down,98
2026-02-16 15:30:00,265.1834550885586,265.5,265.1834550885586,265.35,265.7135680193473,268.46815412588353,275.29219661560086,268.5433141885213,Down,201
2026-02-16 15:40:00,265.2667275442793,266.4,265.2667275442793,265.875,265.72824365395206,268.36646180722147,275.19849316668945,268.5433141885213,Down,243
2026-02-16 15:50:00,265.57086377213966,266.7,265.57086377213966,266.4,265.78931241268367,268.28934565791866,275.110945971001,268.5433141885213,Down,233
2026-02-16 16:00:00,265.9854318860698,266.5,265.9854318860698,266.35,265.84028401153057,268.21329288701986,275.02377237924975,268.5433141885213,Down,61
2026-02-16 16:10:00,266.16771594303486,266.5,265.9,266.225,265.8752581923005,268.13532061694065,274.9362224053269,268.5433141885213,Down,77
2026-02-16 16:20:00,266.1963579715174,266.7,266.1963579715174,266.4,265.92296199300046,268.067268828041,274.8512848689555,268.5433141885213,Down,114
2026-02-16 16:30:00,266.2981789857587,266.9,266.1,266.55,265.9799654481822,268.00776808968646,274.76868501951316,268.5433141885213,Down,134
2026-02-16 16:40:00,266.4240894928794,266.8,265.8,266.325,266.01133222562015,267.94177718420855,274.6846682531498,268.5433141885213,Down,162
2026-02-16 16:50:00,266.3745447464397,266.3745447464397,265.6,265.925,266.00348384147287,267.8626878828671,274.597507375009,268.5433141885213,Down,97
2026-02-16 17:00:00,266.1497723732199,266.1497723732199,265.5,265.675,265.97362167406624,267.77689620118605,274.50872620709845,268.5433141885213,Down,108
2026-02-16 17:10:00,265.91238618661,266.0,265.3,265.65000000000003,265.94420152187837,267.6934885070219,274.4205796776746,268.5433141885213,Down,92
2026-02-16 17:20:00,265.781193093305,266.4,265.7,266.1,265.9583650198894,267.6309987616485,274.3377878400858,268.5433141885213,Down,109
2026-02-16 17:30:00,265.9405965466525,266.5,265.9405965466525,266.325,265.9916954726267,267.5797831239368,274.2580586078461,268.5433141885213,Down,53
2026-02-16 17:40:00,266.1327982733262,266.7,265.8,266.2,266.01063224784247,267.5256739818216,274.1778789202059,268.5433141885213,Down,126
2026-02-16 17:50:00,266.1663991366632,266.6,265.6,266.07500000000005,266.016483861675,267.4687848060639,274.09725325930833,268.5433141885213,Down,161
2026-02-16 18:00:00,266.1206995683316,266.3,265.1,265.8,265.99680351061363,267.40334226464967,274.01469352538487,268.5433141885213,Down,178
2026-02-16 18:10:00,265.9603497841658,266.6,265.5,265.925,265.99027591873966,267.34536805819283,273.9341990624457,268.5433141885213,Down,126
2026-02-16 18:20:00,265.9426748920829,266.4,265.3,266.0,265.99115992612695,267.292608526499,273.855251808093,268.5433141885213,Down,132
2026-02-16 18:30:00,265.97133744604145,267.2,265.97133744604145,266.67499999999995,266.05332720556993,267.26838858428334,273.7838065164702,268.5433141885213,Down,456
2026-02-16 18:40:00,266.3231687230207,267.4,266.3231687230207,266.925,266.13257018688176,267.2549223652918,273.71555968546056,268.5433141885213,Down,120
2026-02-16 18:50:00,266.6240843615103,268.0,266.6240843615103,267.325,266.24097289716525,267.2576705078294,273.65197202689876,268.5433141885213,Down,263
2026-02-16 19:00:00,266.9745421807552,268.8,266.9745421807552,267.95,266.39633899742296,267.28482068399296,273.5952359868301,268.5433141885213,Down,395
2026-02-16 19:10:00,267.4622710903776,268.3,267.0,267.65000000000003,266.51030817947543,267.29914144148347,273.53607940984676,268.5433141885213,Down,223
2026-02-16 19:20:00,267.5561355451888,268.1,267.1,267.6,266.6093710722504,267.3109398163273,273.47701394308217,268.5433141885213,Down,132
2026-02-16 19:30:00,267.5780677725944,269.0,267.5,268.3,266.7630646111367,267.34972649019676,273.4255013665341,268.5433141885213,Down,245
2026-02-16 19:40:00,267.93903388629724,269.5,267.93903388629724,268.92499999999995,266.95960419194245,267.41150192195374,273.3807202584094,264.14405215809063,Up,398
2026-02-16 19:50:00,268.4320169431486,269.8,268.4320169431486,269.275,267.17009471994766,267.48458027795556,273.33986732051477,264.4590466463029,Up,196
2026-02-16 20:00:00,268.8535084715743,269.9,268.8535084715743,269.5,267.3819042908615,267.5636163454867,273.30165968548476,264.7626102024765,Up,189
2026-02-16 20:10:00,269.17675423578714,269.9,268.9,269.375,267.5630948098741,267.63465099860485,273.2625884448332,264.84168724244483,Up,225
2026-02-16 20:20:00,269.2758771178936,269.9,269.0,269.525,267.74144982715825,267.7087823319929,273.22539851005877,264.9788065840408,Up,164
2026-02-16 20:30:00,269.4004385589468,270.0,269.2,269.65,267.91495438832567,267.784908515052,273.18982240548104,265.2443696218553,Up,161
2026-02-16 20:40:00,269.5252192794734,269.7,268.7,269.225,268.0340494439324,267.84138269093233,273.15037143627234,265.2443696218553,Up,154
2026-02-16 20:50:00,269.3751096397367,269.7,268.6,269.025,268.1241358581204,267.8877990559938,273.10932296426967,265.2443696218553,Up,147
2026-02-16 21:00:00,269.20005481986834,269.20005481986834,268.4,268.725,268.17875987101854,267.92063046556274,273.0656978601476,265.2443696218553,Up,79
2026-02-16 21:10:00,268.9625274099342,269.2,268.4,268.7,268.22614533728955,267.95119397671715,273.02225808044466,265.2443696218553,Up,73
2026-02-16 21:20:00,268.8312637049671,269.2,268.7,268.92499999999995,268.28967757935413,267.98938244821846,272.9814893433258,265.2443696218553,Up,69
2026-02-16 21:30:00,268.87813185248353,269.1,267.9,268.575,268.315615981231,268.01234784240603,272.93764367821814,265.2443696218553,Up,204
2026-02-16 21:40:00,268.72656592624173,269.7,268.1,268.675,268.34828725566456,268.0383342015274,272.89522931326076,265.2443696218553,Up,243
2026-02-16 21:50:00,268.7007829631209,268.9,267.8,268.42499999999995,268.3552611415132,268.05349756617335,272.85074941959647,265.2443696218553,Up,154
2026-02-16 22:00:00,268.5628914815604,269.4,267.9,268.725,268.388873765012,268.0798309949509,272.8096971865657,265.2443696218553,Up,127
2026-02-16 22:10:00,268.6439457407802,270.0,268.6439457407802,269.525,268.4921579681927,268.13650428926655,272.7770136324705,265.2443696218553,Up,239
2026-02-16 22:20:00,269.0844728703901,269.6,268.7,269.15000000000003,268.5519617892661,268.17624921909925,272.74092394458523,265.2443696218553,Up,113
2026-02-16 22:30:00,269.1172364351951,269.3,268.6,268.925,268.5858743538783,268.20561199482086,272.7029545521018,265.2443696218553,Up,84
2026-02-16 22:40:00,269.0211182175975,269.4,268.6,269.05,268.6280675944348,268.23872524992595,272.66660674561325,265.2443696218553,Up,65
2026-02-16 22:50:00,269.0355591087988,269.5,269.0355591087988,269.20000000000005,268.6800614494862,268.2764222989485,272.63211314615444,265.3037754534969,Up,65
2026-02-16 23:00:00,269.1177795543994,269.5,269.1,269.35,268.7409649540783,268.31852338526426,272.59945530390416,265.5509053628159,Up,82
2026-02-16 23:10:00,269.2338897771997,269.4,268.3,269.0,268.76451359461663,268.34524795839116,272.5636398282434,265.5509053628159,Up,147
2026-02-16 23:20:00,269.11694488859985,270.7,268.7,269.725,268.85183054056057,268.3993558815915,272.5353946558231,265.5509053628159,Up,490
2026-02-16 23:30:00,269.42097244429993,270.9,269.42097244429993,270.45,268.99711867323686,268.47977329799966,272.5146444602428,265.81417219199005,Up,222
2026-02-16 23:40:00,269.93548622215,271.3,269.93548622215,270.82500000000005,269.1632897029426,268.5717429725879,272.4978320775538,266.17036170989326,Up,224
2026-02-16 23:50:00,270.380243111075,272.0,270.380243111075,271.375,269.3643542754024,268.6816746207217,272.48665961907074,266.55804504939954,Up,415
2026-02-17 00:00:00,270.8776215555376,272.5,270.8776215555376,272.05,269.6085038867294,268.813765812066,272.48231474723923,266.88787633783886,Up,222
2026-02-17 09:00:00,271.4638107777688,271.9,270.6,271.375,269.7690944424813,268.91420636845555,272.4712966900528,266.88787633783886,Up,30
2026-02-17 09:10:00,271.4194053888844,274.7,271.3,272.975,270.0605404022557,269.0734531775357,272.4763086632861,267.31658310749594,Up,692
2026-02-17 09:20:00,272.19720269444224,274.3,272.19720269444224,273.95,270.41412763841424,269.26469030782846,272.49097225867627,267.3172051520146,Up,397
2026-02-17 09:30:00,273.07360134722114,274.4,273.07360134722114,274.075,270.7469342167402,269.4533299035999,272.50673372873916,267.86229553150326,Up,185
2026-02-17 09:40:00,273.57430067361054,275.1,273.57430067361054,274.55,271.0926674697638,269.653199319145,272.5270647364134,268.441891361657,Up,297
2026-02-17 09:50:00,274.0621503368053,274.7,273.8,274.25,271.37969769978525,269.8334660125119,272.54420837087696,268.56340093168336,Up,183
2026-02-17 10:00:00,274.15607516840265,274.5,274.0,274.15,271.63154336344115,270.0027418551585,272.5601863970374,268.89854630153036,Up,108
2026-02-17 10:10:00,274.15303758420134,274.4,273.9,274.175,271.8627666940374,270.16635982162285,272.5762541940818,269.1032239104821,Up,116
2026-02-17 10:20:00,274.1640187921007,274.3,273.8,274.1,272.066151540034,270.3206202207749,272.5914158438919,269.28020355498376,Up,74
2026-02-17 10:30:00,274.1320093960504,274.4,273.8,274.1,272.2510468545764,270.46883119250924,272.60642663151486,269.5456395954398,Up,59
2026-02-17 10:40:00,274.1160046980252,274.4,274.1,274.225,272.430497140524,270.6161319300579,272.6225318391615,270.0005814503998,Up,71
2026-02-17 10:50:00,274.1705023490126,274.9,274.1705023490126,274.45,272.61408830956725,270.7664796975066,272.64071560195595,270.4068715290562,Up,132
2026-02-17 11:00:00,274.31025117450633,274.6,274.1,274.32500000000005,272.76962573597024,270.90602951329066,272.6574746506927,270.4151094132272,Up,64
2026-02-17 11:10:00,274.3176255872532,275.5,274.1,274.675,272.94284157815474,271.05383227747535,272.67754952979027,270.71373583020653,Up,224
2026-02-17 11:20:00,274.4963127936266,275.0,273.1,274.2,273.05712870741337,271.17721140384884,272.6926982906879,270.71373583020653,Up,238
2026-02-17 11:30:00,274.3481563968133,274.7,273.0,274.0,273.1428442794667,271.28790899585476,272.7057062678949,270.71373583020653,Up,138
2026-02-17 11:40:00,274.1740781984066,275.0,274.1740781984066,274.57500000000005,273.2730402540606,271.41681452542906,272.7243062055278,270.71373583020653,Up,81
2026-02-17 11:50:00,274.37453909920333,275.8,274.37453909920333,274.95,273.4254911400551,271.5553708185495,272.746452412438,270.71373583020653,Up,240
2026-02-17 12:00:00,274.66226954960166,275.7,274.4,274.975,273.56635558186827,271.68947392370444,272.7686270152993,270.71373583020653,Up,161
2026-02-17 12:10:00,274.81863477480084,275.0,274.6,274.725,273.6716868926075,271.8085141619905,272.78809341315696,270.71373583020653,Up,69
2026-02-17 12:20:00,274.77181738740046,274.77181738740046,274.1,274.5,273.7469880841886,271.91406262622615,272.8051273095435,270.71373583020653,Up,76
2026-02-17 12:30:00,274.63590869370023,274.63590869370023,274.0,274.25,273.79271644017143,272.00566801343297,272.8195041522346,270.71373583020653,Up,40
2026-02-17 12:40:00,274.4429543468501,274.4429543468501,273.3,273.725,273.78656040015585,272.07309279721994,272.8285140611676,270.71373583020653,Up,128
2026-02-17 12:50:00,274.08397717342507,274.08397717342507,273.5,273.725,273.7809640001417,272.1378734718388,272.83743431926547,270.71373583020653,Up,79
2026-02-17 13:00:00,273.90448858671255,274.8,273.90448858671255,274.5,273.8463309092197,272.2305058847079,272.85397726136233,270.71373583020653,Up,55
2026-02-17 13:10:00,274.2022442933563,275.4,274.2022442933563,274.95000000000005,273.946664462927,272.3371527127586,272.8748332090105,270.71373583020653,Up,105
2026-02-17 13:20:00,274.57612214667813,275.8,274.57612214667813,275.40000000000003,274.0787858753882,272.4572643710818,272.8999592467318,271.02343703300505,Up,195
2026-02-17 13:30:00,274.98806107333905,275.6,274.6,275.125,274.17389625035287,272.56188145456883,272.9220989557195,271.02343703300505,Up,80
2026-02-17 13:40:00,275.0565305366695,275.0565305366695,273.7,274.29999999999995,274.1853602275935,272.63004296615435,272.93580941387154,271.02343703300505,Up,158
2026-02-17 13:50:00,274.6782652683347,274.6782652683347,273.0,273.70000000000005,274.14123657053955,272.67200206552087,272.9434133003007,271.02343703300505,Up,172
2026-02-17 14:00:00,274.1891326341674,274.1891326341674,272.5,273.15,274.05112415503595,272.69074708255926,272.9454688893524,271.02343703300505,Up,223
2026-02-17 14:10:00,273.66956631708365,273.66956631708365,272.6,272.875,273.9442037773054,272.6979726871648,272.9447677063738,271.02343703300505,Up,112
2026-02-17 14:20:00,273.2722831585418,273.2722831585418,272.5,272.85,273.84473070664126,272.7039345425701,272.94382474412134,271.02343703300505,Up,106
2026-02-17 14:30:00,273.0611415792709,273.6,272.9,273.25,273.7906642787648,272.725348874234,272.94687126408036,271.02343703300505,Up,55
2026-02-17 14:40:00,273.1555707896355,273.8,273.1,273.40000000000003,273.75514934433164,272.7518057811268,272.95138000772135,271.02343703300505,Up,68
2026-02-17 14:50:00,273.2777853948178,274.0,273.1,273.55,273.73649940393784,272.7831075152003,272.957336425555,271.02343703300505,Up,90
2026-02-17 15:00:00,273.41389269740887,274.2,273.41389269740887,273.8,273.742272185398,272.82298565185914,272.96572113773857,271.02343703300505,Up,44
2026-02-17 15:10:00,273.60694634870447,273.60694634870447,273.4,273.5,273.7202474412709,272.8495352341392,272.9710373453233,271.02343703300505,Up,30
2026-02-17 15:20:00,273.55347317435223,274.3,273.1,273.75,273.7229522193372,272.8848475778984,272.9787882175091,271.02343703300505,Up,84
2026-02-17 15:30:00,273.6517365871761,274.4,273.6,274.05,273.75268383576105,272.93053982974556,272.9894470412155,271.02343703300505,Up,107
2026-02-17 15:40:00,273.85086829358806,274.9,273.85086829358806,274.42499999999995,273.8138034870555,272.989146110932,273.00373115025815,271.02343703300505,Up,158
2026-02-17 15:50:00,274.137934146794,275.0,274.137934146794,274.725,273.8966395336868,273.05721881246404,273.0208582034894,271.02343703300505,Up,149
2026-02-17 16:00:00,274.431467073397,276.0,274.431467073397,275.4,274.03330866698803,273.1490925845243,273.044531256191,271.12752383834237,Up,316
2026-02-17 16:10:00,274.9157335366985,276.1,274.9157335366985,275.70000000000005,274.1848260608982,273.24912816944493,273.07095383075625,271.36067014682493,Up,222
2026-02-17 16:20:00,275.3078667683493,276.1,275.3078667683493,275.8,274.331660055362,273.34916235887846,273.09810851900744,271.6457061894614,Up,148
2026-02-17 16:30:00,275.5539333841747,276.5,275.5539333841747,276.1,274.4924182321473,273.4570383448048,273.1279780859825,271.99364501841154,Up,131
2026-02-17 16:40:00,275.8269666920873,276.9,275.8,276.35,274.66128930195214,273.5704878214791,273.16003800552494,272.283343933022,Up,191
2026-02-17 16:50:00,276.0884833460437,278.2,276.0884833460437,277.175,274.8898084563201,273.71184124024467,273.1999878761167,272.67945737433047,Up,468
2026-02-17 17:00:00,276.63174167302185,278.3,276.63174167302185,277.725,275.1475531421092,273.86922001513705,273.2450128723743,272.8003366278903,Up,304
2026-02-17 17:10:00,277.1783708365109,277.4,275.8,276.67499999999995,275.28641194737196,273.97925060277873,273.27914209752475,272.8003366278903,Up,242
2026-02-17 17:20:00,276.92668541825543,278.2,276.1,277.1,275.45128358851997,274.10163293208154,273.31716058411655,272.8003366278903,Up,407
2026-02-17 17:30:00,277.01334270912776,278.9,276.6,277.65,275.6511668986545,274.24078458180384,273.36027341412534,272.8003366278903,Up,343
2026-02-17 17:40:00,277.33167135456387,277.8,276.9,277.25,275.7965153624132,274.35879302957625,273.39897716124847,272.8003366278903,Up,199
2026-02-17 17:50:00,277.290835677282,277.5,276.8,277.1,275.91501396583016,274.4662913421419,273.4358032591465,272.8003366278903,Up,125
2026-02-17 18:00:00,277.195417838641,277.195417838641,276.3,276.75,275.99092178711834,274.5558485444109,273.468780341145,272.8003366278903,Up,136
2026-02-17 18:10:00,276.9727089193205,277.9,276.0,277.0,276.08265617010755,274.65169762110065,273.5039168551635,272.8003366278903,Up,295
2026-02-17 18:20:00,276.9863544596602,277.3,274.8,276.35,276.1069601546432,274.7182977143908,273.5322360904355,272.8003366278903,Up,491
2026-02-17 18:30:00,276.6681772298301,276.6681772298301,275.0,275.825,276.081327413312,274.76169780402256,273.55504966167496,272.8003366278903,Up,345
2026-02-17 18:40:00,276.246588614915,276.246588614915,273.2,274.525,275.9398431030109,274.75241553719815,273.5647009088225,272.8003366278903,Up,572
2026-02-17 18:50:00,275.3857943074575,275.3857943074575,272.7,273.5,275.7180391845554,274.70330120240607,273.564057118685,272.8003366278903,Up,503
2026-02-17 19:00:00,274.4428971537287,274.8,273.6,273.95000000000005,275.5573083495958,274.6737599787823,273.5678973463598,272.8003366278903,Up,323
2026-02-17 19:10:00,274.1964485768644,274.2,272.6,273.5,275.3702803178144,274.6277301756928,273.56722175087367,272.8003366278903,Up,552
2026-02-17 19:20:00,273.8482242884322,274.2,271.6,272.875,275.14343665255853,274.558995658999,273.560333972258,272.8003366278903,Up,682
2026-02-17 19:30:00,273.3616121442161,273.3616121442161,271.0,271.65,274.8258515023259,274.44491739786173,273.54132567402655,279.3611259713957,Down,571
2026-02-17 19:40:00,272.50580607210804,272.50580607210804,269.0,270.3,274.41441045665994,274.28237161755345,273.50907367727007,278.5553051525367,Down,860
2026-02-17 19:50:00,271.402903036054,271.402903036054,268.5,269.425,273.96082768787267,274.0918864560808,273.4684361282425,278.10014545521267,Down,854
2026-02-17 20:00:00,270.41395151802703,270.41395151802703,268.7,269.525,273.55757062533877,273.9127928695678,273.4291979578123,277.58813443573763,Down,512
2026-02-17 20:10:00,269.9694757590135,270.2,269.2,269.725,273.20915511394435,273.7485656982122,273.39234026668976,277.3646897061128,Down,241
2026-02-17 20:20:00,269.8472378795068,270.8,269.8472378795068,270.375,272.9515046490403,273.6162690041647,273.362316980454,277.3646897061128,Down,239
2026-02-17 20:30:00,270.1111189397534,270.7,269.5,270.15,272.69682240821845,273.4803368863543,273.3303536274147,277.22618983976264,Down,196
2026-02-17 20:40:00,270.1305594698767,271.8,269.6,270.725,272.51756582565315,273.37228445943845,273.30442971072404,277.22618983976264,Down,276
2026-02-17 20:50:00,270.4277797349383,272.7,270.4277797349383,271.975,272.4682416596847,273.3174889904409,273.2912015543984,277.22618983976264,Down,369
2026-02-17 21:00:00,271.2013898674692,271.9,270.0,270.975,272.33249241789514,273.2256266770903,273.2681547727626,277.22618983976264,Down,322
2026-02-17 21:10:00,271.0881949337346,271.8,270.3,270.85,272.1977203799047,273.1324648466162,273.2440935312426,277.22618983976264,Down,163
2026-02-17 21:20:00,270.9690974668673,271.4,270.2,270.875,272.0774730726406,273.04393681341554,273.22052046128,277.22618983976264,Down,375
2026-02-17 21:30:00,270.92204873343366,271.1,270.3,270.75,271.95679370240055,272.9539785070071,273.19593816813295,277.22618983976264,Down,77
2026-02-17 21:40:00,270.83602436671686,270.83602436671686,269.6,270.3,271.8061760930914,272.84990091849704,273.1671228629774,276.8143903757805,Down,205
2026-02-17 21:50:00,270.5680121833584,270.8,269.9,270.425,271.6806146300831,272.7548067648305,273.1398380583707,276.6739801749291,Down,81
2026-02-17 22:00:00,270.4965060916792,272.3,270.4,271.45,271.6596496637119,272.70363787209203,273.12302374933216,276.6739801749291,Down,248
2026-02-17 22:10:00,270.9732530458396,272.9,270.9732530458396,272.32500000000005,271.7201360579199,272.68878932808843,273.11508321451294,276.6739801749291,Down,289
2026-02-17 22:20:00,271.6491265229198,272.4,271.5,272.1,271.75466914356355,272.66569955051636,273.1049828840203,276.6739801749291,Down,154
2026-02-17 22:30:00,271.8745632614599,272.1,271.6,271.90000000000003,271.76788103960325,272.6356721171628,273.0929930045773,276.6739801749291,Down,119
2026-02-17 22:40:00,271.88728163072994,272.0,271.0,271.54999999999995,271.74807367236656,272.5930967400192,273.0776398403527,276.6739801749291,Down,223
2026-02-17 22:50:00,271.7186408153649,271.7186408153649,270.0,270.875,271.66870333851506,272.52572039727335,273.0557230260208,276.6739801749291,Down,202
2026-02-17 23:00:00,271.2968204076825,271.9,270.4,270.95,271.60336667137733,272.4639274405175,273.0347705581002,276.6739801749291,Down,192
2026-02-17 23:10:00,271.1234102038412,271.4,270.5,270.875,271.5371515194339,272.40161656049725,273.01328030379074,276.5904562396372,Down,90
2026-02-17 23:20:00,270.9992051019206,270.9992051019206,270.0,270.375,271.4315013813035,272.3221414012621,272.98702875847937,275.99063735132887,Down,194
2026-02-17 23:30:00,270.6871025509603,270.7,269.6,270.0,271.3013648920941,272.2310770325852,272.95730707929056,275.5418498185169,Down,159
2026-02-17 23:40:00,270.34355127548014,270.34355127548014,268.6,269.275,271.11714990190376,272.115152443072,272.9206672078549,275.0074759365664,Down,372
2026-02-17 23:50:00,269.80927563774003,269.80927563774003,267.5,268.475,270.87695445627617,271.9724013668731,272.87643171324936,274.5268292315267,Down,654
2026-02-18 00:00:00,269.14213781887,269.7,268.6,269.025,270.70859496025105,271.8568169995448,272.83810900963493,274.5268292315267,Down,195
2026-02-18 09:00:00,269.083568909435,269.083568909435,265.7,266.875,270.36008632750094,271.6614516270136,272.77877459162863,273.8801825810051,Down,77
2026-02-18 09:10:00,267.97928445471746,268.5,267.3,267.82500000000005,270.12962393409174,271.5110025436013,272.72948330215974,273.8801825810051,Down,391
2026-02-18 09:20:00,267.90214222735875,267.90214222735875,267.0,267.32500000000005,269.8746581219016,271.3468455811072,272.67570734890444,273.67862541642774,Down,211
2026-02-18 09:30:00,267.6135711136794,267.9,267.1,267.45,269.6542346562742,271.1940281073383,272.6237102608556,273.45232209340753,Down,132
2026-02-18 09:40:00,267.53178555683974,268.0,267.53178555683974,267.75,269.4811224147947,271.0589681815603,272.57521563139437,273.37709468151763,Down,131
2026-02-18 09:50:00,267.64089277841987,268.0,267.64089277841987,267.82500000000005,269.33056583163153,270.9321458999305,272.52794980421635,273.05212347260067,Down,51
2026-02-18 10:00:00,267.7329463892099,268.2,267.3,267.67499999999995,269.18005984693775,270.80441468816855,272.47966174646297,272.8333428030825,Down,186
2026-02-18 10:10:00,267.70397319460494,267.70397319460494,266.4,266.975,268.9795998608525,270.65424156314236,272.4248889927668,272.1473793981429,Down,231
2026-02-18 10:20:00,267.3394865973024,267.3394865973024,266.3,266.6,268.763272600775,270.4952516979211,272.3669298983114,271.8299136984343,Down,95
2026-02-18 10:30:00,266.9697432986512,266.9697432986512,266.2,266.52500000000003,268.5597932734318,270.3395555529046,272.3088012426068,271.41947866681977,Down,126
2026-02-18 10:40:00,266.7473716493256,266.9,266.3,266.65,268.3861757031198,270.1948670998495,272.25249476258085,271.2132791068129,Down,152
2026-02-18 10:50:00,266.6986858246628,266.7,266.3,266.55,268.21925063919986,270.0519311351495,272.19575352116215,270.83934464255714,Down,84
2026-02-18 11:00:00,266.6243429123314,266.9,266.4,266.65,268.07659149018167,269.918522071026,272.1405718940859,270.7766769477792,Down,62
2026-02-18 11:10:00,266.6371714561657,266.9,266.5,266.75,267.9559922638015,269.7942663035348,272.08693436280146,270.5969790434356,Down,147
2026-02-18 11:20:00,266.69358572808284,267.2,266.69358572808284,266.95,267.8645384216377,269.68272644849424,272.0358205880473,270.5969790434356,Down,73
2026-02-18 11:30:00,266.8217928640414,267.4,266.8217928640414,267.2,267.80412583785244,269.5853646269847,271.9877029702558,270.5969790434356,Down,58
2026-02-18 11:40:00,267.0108964320207,267.3,266.9,267.1,267.7401143980477,269.48789934749516,271.93906910985527,270.5166460496051,Down,122
2026-02-18 11:50:00,267.05544821601035,267.2,266.5,267.0,267.67283127095243,269.3903346672013,271.8899241435881,270.2105873178228,Down,109
2026-02-18 12:00:00,267.02772410800515,267.5,266.9,267.25,267.6343920645022,269.30639997436987,271.8437557441494,270.2105873178228,Down,46
2026-02-18 12:10:00,267.1388620540026,267.5,267.1,267.275,267.60172005863836,269.22673723027697,271.79829548798875,270.2105873178228,Down,54
2026-02-18 12:20:00,267.20693102700125,267.5,267.20693102700125,267.425,267.5856545987622,269.15608086830537,271.7547801099988,270.2105873178228,Down,22
2026-02-18 12:30:00,267.3159655135006,267.5,266.9,267.2,267.55059508978377,269.0793718146464,271.7094589148745,270.0945240767394,Down,58
2026-02-18 12:40:00,267.25798275675027,267.25798275675027,266.5,266.825,267.48463189980345,268.9909650768171,271.660857333632,269.78600699604743,Down,86
2026-02-18 12:50:00,267.0414913783751,267.1,266.0,266.6,267.40421081800315,268.8972017404713,271.61050054424265,269.5927414706112,Down,162
2026-02-18 13:00:00,266.8207456891876,267.0,266.1,266.55,267.3265552890938,268.805154613394,271.5601473049965,269.5927414706112,Down,88
2026-02-18 13:10:00,266.68537284459376,266.9,266.3,266.67499999999995,267.26732299008523,268.7216191383589,271.51153887410106,269.5927414706112,Down,76
2026-02-18 13:20:00,266.68018642229686,266.9,266.4,266.575,267.2043845364411,268.63743799567817,271.46241908430903,269.58669531976795,Down,92
2026-02-18 13:30:00,266.62759321114845,266.62759321114845,266.1,266.375,267.1289859422192,268.5487149370241,271.41179799889306,269.2253717003264,Down,79
2026-02-18 13:40:00,266.5012966055742,266.5012966055742,266.2,266.4,267.0627144929265,268.4644516061604,271.3619293620881,269.06164260913425,Down,26
2026-02-18 13:50:00,266.4506483027871,266.5,266.2,266.425,267.004740448115,268.3844731118012,271.3128056868435,268.9236311875883,Down,70
2026-02-18 14:00:00,266.4378241513936,266.9,266.4,266.54999999999995,266.96340040737726,268.31253298976975,271.2654145854819,268.9236311875883,Down,77
2026-02-18 14:10:00,266.4939120756968,266.4939120756968,265.8,266.075,266.8826367339793,268.2247865980141,271.21376866920843,268.7119404904007,Down,212
2026-02-18 14:20:00,266.2844560378484,266.4,265.9,266.15,266.81603339452664,268.1434224176998,271.1633829113059,268.66362222959293,Down,71
2026-02-18 14:30:00,266.2172280189242,266.3,265.9,266.15,266.7554849041151,268.06524898955473,271.1134985042283,268.5305656632664,Down,67
2026-02-18 14:40:00,266.1836140094621,266.1836140094621,265.3,265.775,266.66634991283195,267.97543530368984,271.0603791161265,268.272726338414,Down,180
2026-02-18 14:50:00,265.979307004731,265.979307004731,265.0,265.4,266.55122719348356,267.87443784080006,271.0040569358666,268.1466008983431,Down,242
2026-02-18 15:00:00,265.6896535023655,265.8,265.3,265.5,266.455661084985,267.78132263135694,270.94929020018634,268.1466008983431,Down,148
2026-02-18 15:10:00,265.5948267511827,265.6,265.3,265.475,266.36651007725914,267.6908786065979,270.8948196509308,267.9202044594856,Down,71
2026-02-18 15:20:00,265.5349133755914,266.0,265.4,265.67499999999995,266.303645524781,267.6118245435941,270.8428811469414,267.9202044594856,Down,115
2026-02-18 15:30:00,265.60495668779566,266.4,265.60495668779566,266.05,266.28058684071004,267.5505765222767,270.79519078727037,267.9202044594856,Down,198
2026-02-18 15:40:00,265.82747834389784,266.2,265.2,265.85,266.24144258246366,267.4838872468933,270.7459849087901,267.9202044594856,Down,262
2026-02-18 15:50:00,265.8387391719489,266.0,265.8,265.9,266.21040234769424,267.4217740215249,270.69776615347877,267.9202044594856,Down,68
2026-02-18 16:00:00,265.8693695859744,266.4,265.8,266.05,266.1958203160857,267.3679789618573,270.6515197240909,267.9202044594856,Down,101
2026-02-18 16:10:00,265.9596847929872,266.9,265.9596847929872,266.5,266.2234730146234,267.33394057119625,270.6102110701199,267.9202044594856,Down,266
2026-02-18 16:20:00,266.2298423964936,266.8,266.0,266.5,266.2486118314758,267.30123701938464,270.5693134475316,267.9202044594856,Down,179
2026-02-18 16:30:00,266.3649211982468,266.7,266.0,266.375,266.260101664978,267.26491399901664,270.52757898536714,267.9202044594856,Down,127
2026-02-18 16:40:00,266.3699605991234,266.4,265.9,266.275,266.2614560590709,267.2260938421925,270.48526476660726,267.9202044594856,Down,72
2026-02-18 16:50:00,266.3224802995617,266.4,266.1,266.325,266.26723278097353,267.19075682877315,270.44386909728775,267.9202044594856,Down,35
2026-02-18 17:00:00,266.32374014978086,267.0,266.2,266.54999999999995,266.2929388917941,267.1656291099977,270.4051241311456,267.9202044594856,Down,157
2026-02-18 17:10:00,266.4368700748904,267.2,266.4368700748904,266.925,266.3503989925401,267.15619267431157,270.3704960303382,267.9202044594856,Down,171
2026-02-18 17:20:00,266.68093503744524,268.2,266.68093503744524,267.575,266.4617263568546,267.1726164910053,270.34268014943933,267.9202044594856,Down,243
2026-02-18 17:30:00,267.1279675187226,268.2,266.2,267.2,266.5288421425951,267.17369035410314,270.31140970019123,267.9202044594856,Down,321
2026-02-18 17:40:00,267.16398375936126,267.16398375936126,265.5,266.025,266.4830383114501,267.1286436735501,270.26875885740327,267.9202044594856,Down,569
2026-02-18 17:50:00,266.5944918796806,266.5944918796806,264.8,265.42499999999995,266.3868530104092,267.06183411772463,270.220562251857,267.9202044594856,Down,401
2026-02-18 18:00:00,266.0097459398403,266.0097459398403,264.5,264.875,266.24941182764474,266.97607591702956,270.16737257770916,267.9202044594856,Down,466
2026-02-18 18:10:00,265.44237296992014,265.44237296992014,264.1,264.55,266.0949198433134,266.8809356849892,270.1114783232046,267.9202044594856,Down,462
2026-02-18 18:20:00,264.99618648496005,264.99618648496005,264.1,264.325,265.9340180393758,266.78070291302885,270.05390142446623,267.9202044594856,Down,288
2026-02-18 18:30:00,264.66059324248,264.66059324248,262.3,263.54999999999995,265.7172891267053,266.65400868114534,269.98918598740687,267.9202044594856,Down,949
2026-02-18 18:40:00,264.10529662124,264.5,262.7,263.625,265.5270810242775,266.53522402698275,269.92586075370133,267.9202044594856,Down,473
2026-02-18 18:50:00,263.86514831062,265.5,263.86514831062,264.75,265.4564372947977,266.46521524161085,269.87435965167447,267.9202044594856,Down,625
2026-02-18 19:00:00,264.30757415531,266.1,264.30757415531,265.20000000000005,265.4331248134524,266.4155989576261,269.82784861036424,267.9202044594856,Down,487
2026-02-18 19:10:00,264.75378707765503,265.3,261.9,264.025,265.3051134667749,266.32184997889567,269.77010882319644,267.9202044594856,Down,786
2026-02-18 19:20:00,264.3893935388275,265.3,263.7,264.55,265.2364667879772,266.2523656659978,269.7181674418711,267.9202044594856,Down,453
2026-02-18 19:30:00,264.46969676941376,267.0,264.46969676941376,265.475,265.2581516254338,266.22188073791943,269.6759468703102,267.9202044594856,Down,953
2026-02-18 19:40:00,264.9723483847069,267.0,264.1,265.725,265.300592386758,266.20239521878534,269.63663396612804,267.9202044594856,Down,777
2026-02-18 19:50:00,265.3486741923534,267.0,265.1,266.225,265.3846294425073,266.2032816807938,269.60268735949995,267.9202044594856,Down,448
2026-02-18 20:00:00,265.7868370961767,267.3,265.7868370961767,266.55,265.49057222046116,266.2168784776254,269.572312360898,267.9202044594856,Down,528
2026-02-18 20:10:00,266.1684185480884,266.8,265.2,266.32500000000005,265.5664292913283,266.2211185373264,269.5400007951179,267.9202044594856,Down,581
2026-02-18 20:20:00,266.2467092740442,267.2,266.2467092740442,266.7,265.6694811739348,266.2398982025293,269.51174208073866,267.9202044594856,Down,325
2026-02-18 20:30:00,266.4733546370221,267.2,265.9,266.525,265.74725561266797,266.2510786651752,269.48202325406464,267.9202044594856,Down,338
2026-02-18 20:40:00,266.49917731851104,268.5,266.1,267.0,265.8611414660618,266.280448129286,269.457326505268,267.9202044594856,Down,725
2026-02-18 20:50:00,266.74958865925555,267.3,266.3,266.79999999999995,265.94649224187435,266.3008227124513,269.4308854455141,267.9202044594856,Down,212
2026-02-18 21:00:00,266.7747943296277,266.7747943296277,265.6,266.125,265.9627202198858,266.2939277041199,269.3979910629717,267.9202044594856,Down,319
2026-02-18 21:10:00,266.4498971648139,266.4498971648139,265.0,265.625,265.93201838171433,266.2676952451348,269.36044886334014,267.9202044594856,Down,391
2026-02-18 21:20:00,266.0374485824069,266.0374485824069,264.4,265.15,265.8609258015585,266.2238640590511,269.31855384977456,267.9202044594856,Down,465
2026-02-18 21:30:00,265.59372429120344,265.59372429120344,264.3,264.925,265.77584163778045,266.17292821359814,269.2748368960455,267.9202044594856,Down,345
2026-02-18 21:40:00,265.2593621456017,266.0,264.5,265.125,265.71667421616405,266.1318329895355,269.23354498663207,267.9202044594856,Down,276
2026-02-18 21:50:00,265.19218107280085,265.4,264.6,264.95,265.64697656014914,266.08548659778904,269.1909226484566,267.9202044594856,Down,159
2026-02-18 22:00:00,265.07109053640045,265.5,264.8,265.0,265.5881605092265,266.042918495915,269.1492219255864,267.9202044594856,Down,139
2026-02-18 22:10:00,265.0355452682002,265.3,264.7,265.05,265.53923682656955,266.00398051568305,269.1084336477199,267.9202044594856,Down,179
2026-02-18 22:20:00,265.0427726341001,265.6,264.4,264.975,265.48794256960866,265.96362833859746,269.06730495470777,267.9202044594856,Down,273
2026-02-18 22:30:00,265.00888631705004,265.00888631705004,263.5,264.15,265.366311426917,265.89250565865245,269.0183765471982,267.9202044594856,Down,530
2026-02-18 22:40:00,264.579443158525,264.579443158525,263.2,263.725,265.21710129719725,265.8075054367445,268.9657061337933,267.9202044594856,Down,350
2026-02-18 22:50:00,264.1522215792625,264.6,263.8,264.05,265.1110011792702,265.7385836549114,268.9167936349496,267.9202044594856,Down,275
2026-02-18 23:00:00,264.10111078963126,264.10111078963126,262.9,263.525,264.96681925388197,265.651776452758,268.8631439470397,267.9202044594856,Down,474
2026-02-18 23:10:00,263.8130553948156,263.8130553948156,262.0,262.79999999999995,264.76983568534723,265.5399420820616,268.8028141565219,267.9202044594856,Down,413
2026-02-18 23:20:00,263.3065276974078,263.3065276974078,262.2,262.55,264.5680324412247,265.4226894513925,268.7405971002381,267.9202044594856,Down,373
2026-02-18 23:30:00,262.92826384870386,263.7,262.4,263.075,264.4323022192952,265.3306231983967,268.68422299973827,267.9202044594856,Down,312
2026-02-18 23:40:00,263.00163192435195,263.5,263.00163192435195,263.35,264.3339111084502,265.2529517004204,268.6311461539697,267.9202044594856,Down,194
2026-02-18 23:50:00,263.175815962176,264.4,263.175815962176,263.75,264.28082828040925,265.194012418051,268.58257753552226,267.9202044594856,Down,532
2026-02-19 00:00:00,263.462907981088,266.0,263.462907981088,264.95,264.3416620730993,265.1844433036176,268.54643248541754,267.9202044594856,Down,549
2026-02-19 09:00:00,264.206453990544,271.4,264.206453990544,269.1,264.77423824827207,265.337994546613,268.551940619891,260.54479015764156,Up,460
2026-02-19 09:10:00,266.653226995272,270.0,266.653226995272,269.45000000000005,265.19930749842916,265.49924966243213,268.560876534121,260.54479015764156,Up,1136
2026-02-19 09:20:00,268.051613497636,269.6,268.051613497636,269.4,265.5811886349356,265.6522202639054,268.5692260213437,260.9109776190425,Up,489
2026-02-19 09:30:00,268.725806748818,269.8,268.725806748818,269.375,265.9260805772142,265.7982116261052,268.57724367287267,261.6769884378196,Up,424
2026-02-19 09:40:00,269.05040337440903,269.8,269.0,269.40000000000003,266.2418914338311,265.9394582290031,268.58543030299336,262.21280460310055,Up,252
2026-02-19 09:50:00,269.2252016872045,269.9,269.2252016872045,269.625,266.54944675802824,266.0839892788461,268.59577428007805,262.783405641768,Up,274
2026-02-19 10:00:00,269.42510084360225,269.9,269.42510084360225,269.675,266.8335879618438,266.22481322869527,268.6065128444554,263.3269550905345,Up,112
2026-02-19 10:10:00,269.5500504218012,270.3,269.5500504218012,269.8,267.10326178349436,266.3650166314915,268.6183883385404,263.8926841540404,Up,275
2026-02-19 10:20:00,269.67502521090057,270.0,269.3,269.65,267.33478343954033,266.4938395086879,268.62865313119175,263.9115081301271,Up,182
2026-02-19 10:30:00,269.6625126054503,270.0,269.5,269.75,267.5543485814003,266.6215320769747,268.6398108114784,264.3513710273883,Up,120
2026-02-19 10:40:00,269.70625630272514,270.0,269.70625630272514,269.95,267.7721350740003,266.7520602308188,268.65284751982193,264.83846774088835,Up,84
2026-02-19 10:50:00,269.82812815136253,270.0,269.7,269.85,267.9610318854548,266.87354806490436,268.6647594847989,265.1821268995689,Up,45
2026-02-19 11:00:00,269.8390640756813,269.9,269.5,269.65,268.11457444132253,266.9824285329473,268.67456287300985,265.31102445415354,Up,50
2026-02-19 11:10:00,269.7445320378406,269.9,269.5,269.7,268.2587040375659,267.0889999630278,268.6847662275073,265.5645676855941,Up,133
2026-02-19 11:20:00,269.7222660189203,269.9,269.0,269.45,268.36700367051446,267.1815881997718,268.69238049390026,265.5645676855941,Up,164
2026-02-19 11:30:00,269.5861330094601,269.5861330094601,268.9,269.075,268.43136697319494,267.25583964291803,268.69618765316494,265.5645676855941,Up,161
2026-02-19 11:40:00,269.3305665047301,269.6,268.2,269.07500000000005,268.4898790665408,267.3271792647644,268.6999569302479,265.5645676855941,Up,254
2026-02-19 11:50:00,269.20278325236507,269.5,269.0,269.3,268.56352642412804,267.40454478379326,268.7059275080564,265.5645676855941,Up,90
2026-02-19 12:00:00,269.25139162618257,269.9,269.0,269.4,268.63956947648,267.48279792952684,268.7128337020061,265.5645676855941,Up,168
2026-02-19 12:10:00,269.3256958130913,270.0,269.3256958130913,269.7,268.73597225134546,267.5697470303297,268.7226562522349,265.87940703547673,Up,118
2026-02-19 12:20:00,269.51284790654563,269.9,269.5,269.775,268.83042931940497,267.6562275389442,268.73312733430225,266.11505375357376,Up,82
2026-02-19 12:30:00,269.6439239532728,270.0,269.5,269.775,268.9162993812772,267.73931665506404,268.7434942264983,266.3091397759761,Up,114
2026-02-19 12:40:00,269.7094619766364,270.3,269.7,269.975,269.0125448920702,267.8269905117282,268.7557480152893,266.65376343270555,Up,216
2026-02-19 12:50:00,269.8422309883182,270.3,269.8422309883182,270.1,269.11140444733655,267.9161281387193,268.7691236569283,266.8626207923708,Up,76
2026-02-19 13:00:00,269.9711154941591,270.5,269.9711154941591,270.20000000000005,269.2103676793969,268.00569174112246,268.78336123248124,267.12642274332984,Up,113
2026-02-19 13:10:00,270.0855577470796,270.3,269.9,270.05,269.2866978903608,268.085860692451,268.7959646033023,267.1280590875003,Up,117
2026-02-19 13:20:00,270.0677788735398,270.3,269.7,269.925,269.34472535487345,268.1579838025509,268.80719878635404,267.1280590875003,Up,49
2026-02-19 13:30:00,269.9963894367699,270.1,269.6,269.8,269.38611395897584,268.22237659460774,268.81707740539525,267.1280590875003,Up,104
2026-02-19 13:40:00,269.89819471838496,269.9,269.1,269.525,269.3987399627053,268.27345986540746,268.82412141131175,267.1280590875003,Up,115
2026-02-19 13:50:00,269.71159735919247,269.71159735919247,269.2,269.45000000000005,269.4033999660957,268.319598694215,268.8303490589604,267.1280590875003,Up,38
2026-02-19 14:00:00,269.5807986795962,269.7,269.1,269.425,269.40536360554154,268.3629477650301,268.83626598374684,267.1280590875003,Up,95
2026-02-19 14:10:00,269.5028993397981,269.9,269.2,269.52500000000003,269.4162396414014,268.4085184409113,268.8431190585355,267.1280590875003,Up,69
2026-02-19 14:20:00,269.51394966989903,270.2,269.5,269.775,269.44885421945577,268.4621059530324,268.85239150571425,267.1280590875003,Up,164
2026-02-19 14:30:00,269.6444748349495,269.9,269.5,269.65,269.46714019950525,268.50869003330564,268.8603279086425,267.1280590875003,Up,54
2026-02-19 14:40:00,269.64723741747474,269.7,269.2,269.40000000000003,269.4610365450048,268.54364336533285,268.8656977801983,267.1280590875003,Up,74
2026-02-19 14:50:00,269.5236187087374,269.5236187087374,268.5,268.9,269.4100332227316,268.55761813531984,268.8660390958182,267.1280590875003,Up,231
2026-02-19 15:00:00,269.2118093543687,269.2118093543687,268.6,268.775,269.352302929756,268.5661429143269,268.8651332341683,267.1280590875003,Up,128
2026-02-19 15:10:00,268.99340467718434,269.4,268.5,268.85,269.3066390270509,268.5772745647455,268.86498265472386,267.1280590875003,Up,179
2026-02-19 15:20:00,268.9217023385922,269.1,268.3,268.6,269.2423991155008,268.5781657582849,268.8623460113933,267.1280590875003,Up,145
2026-02-19 15:30:00,268.7608511692961,268.8,268.3,268.55,269.17945374136434,268.57706121874435,268.85923809088195,267.1280590875003,Up,180
2026-02-19 15:40:00,268.655425584648,270.5,268.655425584648,269.55,269.2131397648767,268.6152156807544,268.86611134370895,267.1280590875003,Up,532
2026-02-19 15:50:00,269.10271279232404,270.5,269.10271279232404,270.25,269.30739978625155,268.67932486974445,268.87988138008996,267.1280590875003,Up,167
2026-02-19 16:00:00,269.676356396162,270.9,269.676356396162,270.57500000000005,269.4226361693196,268.75366507093094,268.8967482320294,267.1280590875003,Up,275
2026-02-19 16:10:00,270.125678198081,272.0,270.125678198081,271.425,269.60466924483603,268.85842330344343,268.92190496603905,267.1441169168934,Up,696
2026-02-19 16:20:00,270.7753390990405,272.9,270.7753390990405,272.175,269.83833567712367,268.98848513468096,268.9542740708546,267.5025908744921,Up,669
2026-02-19 16:30:00,271.4751695495203,272.4,271.4751695495203,272.075,270.04166879738517,269.1095249333209,268.98532607014954,267.6603021791056,Up,276
2026-02-19 16:40:00,271.7750847747601,272.7,271.7750847747601,272.375,270.2537898158047,269.2375827790731,269.0190541689541,268.0127708548796,Up,322
2026-02-19 16:50:00,272.07504238738005,273.2,272.07504238738005,272.57500000000005,270.4648089234588,269.3684618857761,269.0544367145366,268.3877443050096,Up,482
2026-02-19 17:00:00,272.3250211936901,274.0,272.3,273.15000000000003,270.7089172031444,269.5167574980986,269.09518858802386,268.6683846466542,Up,680
2026-02-19 17:10:00,272.737510596845,273.7,272.1,273.1,270.9262883664949,269.65727681189867,269.1350374577948,268.6683846466542,Up,369
2026-02-19 17:20:00,272.9187552984225,273.1,272.3,272.775,271.09435306044986,269.779540466334,269.1712559905531,268.6683846466542,Up,196
2026-02-19 17:30:00,272.84687764921125,273.0,272.2,272.625,271.23350278222716,269.8911271147131,269.20562160258737,268.6683846466542,Up,177
2026-02-19 17:40:00,272.7359388246056,272.9,272.3,272.625,271.36000252929745,269.99833781609686,269.23964526823323,268.6683846466542,Up,157
2026-02-19 17:50:00,272.68046941230284,273.7,272.68046941230284,273.125,271.52045684481584,270.1209520193872,269.27830551432044,268.9618732843994,Up,381
2026-02-19 18:00:00,272.9027347061514,273.2,272.1,272.725,271.62996076801437,270.22307154803866,269.31260098183964,268.9618732843994,Up,324
2026-02-19 18:10:00,272.8138673530757,273.0,272.1,272.625,271.7204188800131,270.3172648206646,269.3455601760502,268.9618732843994,Up,256
2026-02-19 18:20:00,272.71943367653785,273.0,272.3,272.775,271.816289890921,270.41364659240327,269.37968395539303,268.9618732843994,Up,125
2026-02-19 18:30:00,272.7472168382689,273.6,272.5,273.1,271.9329908099282,270.518993784858,269.4167020254887,268.9618732843994,Up,263
2026-02-19 18:40:00,272.92360841913444,273.6,272.5,273.05,272.0345370999347,270.61824893054984,269.45285424414055,268.9618732843994,Up,295
2026-02-19 18:50:00,272.98680420956725,273.5,272.4,272.925,272.1154882726679,270.70870975680276,269.4874029581292,268.9618732843994,Up,389
2026-02-19 19:00:00,272.9559021047836,273.2,272.3,272.775,272.1754438842435,270.78974074673204,269.5201153665061,268.9618732843994,Up,291
2026-02-19 19:10:00,272.8654510523918,273.3,272.4,272.8,272.2322217129487,270.8685744429386,269.55275103450106,268.9618732843994,Up,295
2026-02-19 19:20:00,272.8327255261959,273.5,272.4,273.0,272.3020197390442,270.9521597589018,269.58705201923243,268.9618732843994,Up,379
2026-02-19 19:30:00,272.91636276309794,273.6,272.7,273.2,272.383654308222,271.04031035659193,269.62300175038433,269.1122166255827,Up,293
2026-02-19 19:40:00,273.05818138154893,273.7,272.6,273.15000000000003,272.45332209838364,271.1230432837844,269.65809626033075,269.1122166255827,Up,287
2026-02-19 19:50:00,273.10409069077446,274.7,272.7,273.77500000000003,272.5734746348942,271.2270415863811,269.69906047664585,269.27207985585346,Up,964
2026-02-19 20:00:00,273.4395453453873,275.4,273.2,274.125,272.71452239535836,271.34068701436615,269.74309967588323,269.47461805077586,Up,654
2026-02-19 20:10:00,273.78227267269364,274.4,272.6,273.575,272.79274763214397,271.42830713144986,269.78122803731725,269.47461805077586,Up,543
2026-02-19 20:20:00,273.6786363363468,275.0,273.6786363363468,274.45,272.9434069383127,271.5468048910008,269.827683479732,269.47461805077586,Up,345
2026-02-19 20:30:00,274.0643181681734,274.8,273.5,274.225,273.0599153984661,271.65183215017726,269.87143787296856,269.47461805077586,Up,271
2026-02-19 20:40:00,274.1446590840867,274.1446590840867,272.9,273.70000000000005,273.1181049076965,271.73215245801345,269.9095330185112,269.47461805077586,Up,363
2026-02-19 20:50:00,273.92232954204337,274.5,273.7,274.07500000000005,273.20509537063316,271.824028832209,269.9509804511628,269.47461805077586,Up,216
2026-02-19 21:00:00,273.9986647710217,274.9,270.0,272.475,273.13872306421194,271.8495571132989,269.9760950735393,269.47461805077586,Up,1493
2026-02-19 21:10:00,273.23683238551087,273.23683238551087,269.0,270.725,272.91929369473814,271.805456834346,269.9835468638523,269.47461805077586,Up,1857
2026-02-19 21:20:00,271.98091619275544,271.98091619275544,268.8,270.35,272.685721540671,271.7483800957442,269.98719316371455,269.47461805077586,Up,940
2026-02-19 21:30:00,271.16545809637773,271.16545809637773,269.1,269.75,272.41883776424635,271.6700122488523,269.98483303273235,269.47461805077586,Up,381
2026-02-19 21:40:00,270.45772904818887,271.3,270.2,270.725,272.2648525129512,271.6329529449757,269.9921978781778,269.47461805077586,Up,427
2026-02-19 21:50:00,270.59136452409444,271.4,269.3,270.57499999999993,272.11122955722834,271.59146459419236,269.9979969042656,269.47461805077586,Up,525
2026-02-19 22:00:00,270.5831822620472,270.6,268.4,269.55,271.87839050657124,271.511407159126,269.99353922362616,269.47461805077586,Up,609
2026-02-19 22:10:00,270.06659113102364,270.1,268.8,269.35,271.64853682415566,271.4266460940623,269.9871358482667,276.17274822454834,Down,376
2026-02-19 22:20:00,269.70829556551183,270.7,269.7,270.2,271.5168516583233,271.3785423256677,269.9892538995277,276.17274822454834,Down,401
2026-02-19 22:30:00,269.9541477827559,272.3,269.9541477827559,271.175,271.4857742348393,271.3705602736807,270.0010523681891,276.17274822454834,Down,750
2026-02-19 22:40:00,270.564573891378,272.2,270.564573891378,271.54999999999995,271.491612940763,271.3775971256932,270.016464782436,276.17274822454834,Down,284
2026-02-19 22:50:00,271.05728694568893,272.2,271.05728694568893,271.725,271.51282994614814,271.3912207678229,270.0334651328596,276.17274822454834,Down,160
2026-02-19 23:00:00,271.3911434728445,272.0,270.0,270.95,271.46166358740743,271.37391799261417,270.0425848827814,276.17274822454834,Down,487
2026-02-19 23:10:00,271.17057173642223,271.17057173642223,269.7,270.375,271.3628759885522,271.33474473800186,270.04589249588804,276.17274822454834,Down,221
2026-02-19 23:20:00,270.77278586821114,271.5,270.5,271.05,271.33443271686565,271.32357827768806,270.05588361533194,276.17274822454834,Down,145
2026-02-19 23:30:00,270.9113929341056,271.7,270.9,271.45,271.3449388335142,271.3285359922885,270.06975542015454,276.17274822454834,Down,237
2026-02-19 23:40:00,271.1806964670528,272.2,271.1,271.725,271.37948984864926,271.34408360043403,270.08622551547643,276.17274822454834,Down,357
2026-02-19 23:50:00,271.4528482335264,272.0,271.0,271.55,271.39499077149935,271.3521587533582,270.10079043572046,276.17274822454834,Down,397
2026-02-20 00:00:00,271.50142411676325,271.50142411676325,270.4,270.85,271.34544615590846,271.3324662532265,270.1082452572556,276.17274822454834,Down,270
2026-02-20 09:00:00,271.1757120583816,271.1757120583816,266.1,268.225,271.06176923264405,271.2106048315314,270.08950649847696,275.95478958382773,Down,170
2026-02-20 09:10:00,269.7003560291908,269.7003560291908,268.7,269.0,270.87433566604005,271.12391444598114,270.0786656377956,275.95478958382773,Down,541
2026-02-20 09:20:00,269.3501780145954,269.3501780145954,268.6,268.875,270.69257787821823,271.03572172260937,270.06668886528024,275.7826545384838,Down,342
2026-02-20 09:30:00,269.1125890072977,269.1125890072977,268.1,268.55,270.49779807110747,270.9382424393698,270.05159743378493,275.1632046255627,Down,365
2026-02-20 09:40:00,268.83129450364885,269.5,268.6,269.02500000000003,270.3639073373704,270.8632133241004,270.0413825339463,275.1632046255627,Down,192
2026-02-20 09:50:00,268.92814725182444,269.4,268.92814725182444,269.25,270.26264303397306,270.7999500564886,270.03350808087225,275.0686400152602,Down,86
2026-02-20 10:00:00,269.0890736259122,270.0,269.0890736259122,269.575,270.2001300308846,270.75191279937144,270.02894581141084,275.0686400152602,Down,280
2026-02-20 10:10:00,269.33203681295606,269.8,269.3,269.575,270.1433000280769,270.70575935625885,270.02442893766545,274.91275780081247,Down,115
2026-02-20 10:20:00,269.453518406478,269.6,269.3,269.4,270.0757272982517,270.65455310699383,270.0182157144051,274.43432527346596,Down,95
2026-02-20 10:30:00,269.426759203239,269.5,269.0,269.275,270.00293390750153,270.6004529851509,270.01082053316725,273.96302297587806,Down,101
2026-02-20 10:40:00,269.35087960161945,269.9,269.1,269.475,269.9549399159105,270.55631757396856,270.00548898557355,273.96302297587806,Down,88
2026-02-20 10:50:00,269.4129398008097,269.7,268.9,269.325,269.8976726508277,270.5080306102835,269.9987179508912,273.75043221146944,Down,173
2026-02-20 11:00:00,269.36896990040486,269.36896990040486,268.4,268.775,269.79561150075244,270.44006862556654,269.9865416528724,273.282685106231,Down,219
2026-02-20 11:10:00,269.0719849502024,269.0719849502024,268.4,268.7,269.6960104552295,270.3718306402502,269.9737402433911,272.9787144170189,Down,153
2026-02-20 11:20:00,268.8859924751012,269.0,267.7,268.4,269.5781913229359,270.29450394847566,269.9580811364917,272.6797472199253,Down,433
2026-02-20 11:30:00,268.6429962375506,268.6429962375506,267.5,268.1,269.44381029357805,270.20844497010404,269.9395927669744,272.42326695054396,Down,271
2026-02-20 11:40:00,268.3714981187753,268.8,267.6,268.125,269.32391844870733,270.1267412457862,269.92153711755174,272.42326695054396,Down,190
2026-02-20 11:50:00,268.24824905938766,268.24824905938766,267.6,267.9,269.1944713170067,270.03941805967696,269.9014223203622,272.1530488420072,Down,140
2026-02-20 12:00:00,268.0741245296938,268.6,267.8,268.29999999999995,269.11315574273334,269.97120558674845,269.88548776991087,272.1530488420072,Down,158
2026-02-20 12:10:00,268.1870622648469,269.2,268.1870622648469,268.85,269.0892324933939,269.9272367402093,269.87518440901624,272.1530488420072,Down,266
2026-02-20 12:20:00,268.51853113242345,269.2,268.4,268.975,269.0788477212672,269.8898941229462,269.8662273502201,272.1530488420072,Down,204
2026-02-20 12:30:00,268.7467655662117,269.2,268.7,269.025,269.0739524738793,269.8559767063601,269.85785692882484,272.1530488420072,Down,113
2026-02-20 12:40:00,268.88588278310584,269.2,268.6,268.925,269.06041133989027,269.8194678159146,269.8485747703291,272.1530488420072,Down,162
2026-02-20 12:50:00,268.9054413915529,269.3,268.8,269.075,269.06173758171843,269.79027299960427,269.84087750893275,272.1530488420072,Down,81
2026-02-20 13:00:00,268.99022069577643,269.3,268.99022069577643,269.15,269.0697614379258,269.7651642545218,269.83400310585876,272.1530488420072,Down,67
2026-02-20 13:10:00,269.0701103478882,269.2,268.9,269.04999999999995,269.06796494356894,269.73711859748175,269.8262020799298,272.1530488420072,Down,96
2026-02-20 13:20:00,269.0600551739441,269.0600551739441,268.6,268.875,269.0504226759718,269.7033100250315,269.81673738261713,271.87052497284395,Down,65
2026-02-20 13:30:00,268.96752758697204,269.3,268.8,269.025,269.0481115236107,269.676709631893,269.8088593987105,271.87052497284395,Down,50
2026-02-20 13:40:00,268.99626379348604,269.1,268.6,268.82500000000005,269.0278286578279,269.64330925417175,269.7990697529522,271.7099151949355,Down,78
2026-02-20 13:50:00,268.91063189674304,269.0,268.6,268.8,269.0071169616617,269.6102383030278,269.78912876038555,271.5453774499413,Down,69
2026-02-20 14:00:00,268.8553159483715,269.1,268.6,268.85,268.99283360151065,269.58042503624245,269.7797841956056,271.52761586358304,Down,93
2026-02-20 14:10:00,268.8526579741858,268.9,268.1,268.475,268.9457578195551,269.53707503482116,269.76680126828614,271.22510533053,Down,85
2026-02-20 14:20:00,268.66382898709287,268.66382898709287,268.1,268.375,268.8938707450501,269.49150346482816,269.7529524994475,271.0643116984257,Down,92
2026-02-20 14:30:00,268.51941449354644,268.8,268.2,268.5,268.8580643136819,269.45262097601136,269.74048531039824,271.0643116984257,Down,80
2026-02-20 14:40:00,268.50970724677325,268.8,268.4,268.575,268.83233119425626,269.41820446714814,269.7288884416381,271.0643116984257,Down,90
2026-02-20 14:50:00,268.5423536233866,268.8,268.4,268.675,268.8180283584148,269.3890591939267,269.7184019894825,271.0643116984257,Down,46
2026-02-20 15:00:00,268.6086768116933,268.8,268.4,268.625,268.8004803258316,269.35909608828257,269.70752236769664,270.99393293141134,Down,138
2026-02-20 15:10:00,268.61683840584664,269.2,268.5,268.85,268.8049821143924,269.3391315358009,269.69898980682404,270.99393293141134,Down,153
2026-02-20 15:20:00,268.7334192029233,269.5,268.7334192029233,269.27500000000003,268.847711013084,269.3366165736126,269.69477100277606,270.99393293141134,Down,271
2026-02-20 15:30:00,269.00420960146164,269.2,268.0,268.625,268.82746455734906,269.3087100413141,269.6841265151863,270.99393293141134,Down,361
2026-02-20 15:40:00,268.8146048007308,268.8146048007308,267.8,268.025,268.7545132339537,269.2583684710665,269.66761779364214,270.99393293141134,Down,438
2026-02-20 15:50:00,268.41980240036537,268.7,268.0,268.175,268.70183021268514,269.21588343298544,269.6527658752974,270.99393293141134,Down,169
2026-02-20 16:00:00,268.29740120018266,268.6,267.9,268.225,268.65848201153193,269.17702525914285,269.6385592496726,270.99393293141134,Down,150
2026-02-20 16:10:00,268.26120060009134,268.4,267.6,268.0,268.59862001048356,269.1308674058431,269.6222551775366,270.8717839023602,Down,266
2026-02-20 16:20:00,268.13060030004567,268.13060030004567,266.6,267.2,268.4714727368032,269.0551471154179,269.5981531359691,270.53259471582146,Down,606
2026-02-20 16:30:00,267.66530015002286,267.66530015002286,266.6,267.075,268.34452066982107,268.97749428736233,269.57304713461616,270.3993906439276,Down,312
2026-02-20 16:40:00,267.37015007501145,268.3,267.0,267.725,268.2882006089282,268.9283768643285,269.5546586059135,270.3993906439276,Down,416
2026-02-20 16:50:00,267.54757503750574,268.2,266.9,267.575,268.2233641899347,268.87530326180587,269.5349605103323,270.3993906439276,Down,311
2026-02-20 17:00:00,267.56128751875286,267.56128751875286,266.5,266.9,268.1030583544861,268.7978403887939,269.5087419977917,270.3993906439276,Down,329
2026-02-20 17:10:00,267.23064375937645,267.4,266.6,266.95,267.99823486771464,268.72537605982154,269.4832818784107,270.3993906439276,Down,268
2026-02-20 17:20:00,267.0903218796882,267.0903218796882,266.7,266.9,267.898395334286,268.65379268492654,269.45757758111307,270.3310593040497,Down,102
2026-02-20 17:30:00,266.9951609398441,267.2,266.8,266.975,267.81445030389636,268.5879576776746,269.4328753166244,270.26899851291415,Down,123
2026-02-20 17:40:00,266.985080469922,268.4,266.6,267.5,267.78586391263303,268.54529267070694,269.41364272640925,270.26899851291415,Down,649
2026-02-20 17:50:00,267.242540234961,268.5,267.242540234961,268.1,267.8144217387573,268.52783021303213,269.4005716545047,270.26899851291415,Down,308
2026-02-20 18:00:00,267.6712701174805,268.3,267.4,268.02500000000003,267.83356521705207,268.5081113811485,269.38688437436036,270.26899851291415,Down,253
2026-02-20 18:10:00,267.84813505874024,268.3,267.6,268.05,267.85324110641096,268.4901462289466,269.3735820422772,270.26899851291415,Down,229
2026-02-20 18:20:00,267.9490675293701,268.5,267.7,268.025,267.8688555512827,268.4719052003605,269.36016331548836,270.26899851291415,Down,347
2026-02-20 18:30:00,267.98703376468507,268.1,267.5,267.8,267.8625959557116,268.44555597681693,269.34463930239895,270.26899851291415,Down,180
2026-02-20 18:40:00,267.8935168823425,268.4,267.4,267.95,267.87054177791964,268.42612240909864,269.33076229441485,270.26899851291415,Down,318
2026-02-20 18:50:00,267.9217584411713,268.9,267.9217584411713,268.40000000000003,267.9186743435633,268.4250980008987,269.32150097805254,270.26899851291415,Down,408
2026-02-20 19:00:00,268.1608792205857,270.7,268.1608792205857,269.4,268.05334031233025,268.46332945184383,269.32228206284805,270.26899851291415,Down,1305
2026-02-20 19:10:00,268.78043961029283,270.5,268.78043961029283,269.95,268.2257639203002,268.52163025765384,269.3285280124715,270.26899851291415,Down,496
2026-02-20 19:20:00,269.3652198051464,270.1,268.9,269.67499999999995,268.3575126548184,268.5668604436282,269.3319754949345,270.26899851291415,Down,612
2026-02-20 19:30:00,269.52010990257315,270.8,269.5,270.20000000000005,268.52501150438036,268.63090513211336,269.3406125546864,270.26899851291415,Down,654
2026-02-20 19:40:00,269.8600549512866,270.5,269.1,270.075,268.6659195494367,268.687536303403,269.3479198924507,270.26899851291415,Down,481
2026-02-20 19:50:00,269.9675274756433,271.3,269.9675274756433,270.65,268.8462904994879,268.7644956640539,269.36087591342135,266.62809102119303,Up,882
2026-02-20 20:00:00,270.30876373782166,271.4,269.8,270.5,268.99662772680716,268.83255465762045,269.37221048144704,266.62809102119303,Up,687
2026-02-20 20:10:00,270.40438186891083,270.40438186891083,268.9,269.725,269.0628433880065,268.86755251418435,269.3757208249152,266.62809102119303,Up,578
2026-02-20 20:20:00,270.0646909344554,271.2,269.5,270.25,269.17076671636954,268.9217661410791,269.3844201201897,266.62809102119303,Up,576
2026-02-20 20:30:00,270.15734546722774,270.7,270.0,270.4,269.2825151966996,268.97973609633095,269.39452539262567,266.62809102119303,Up,186
2026-02-20 20:40:00,270.27867273361386,270.8,270.0,270.5,269.39319563336323,269.0393542886317,269.4055251399628,266.62809102119303,Up,350
2026-02-20 20:50:00,270.3893363668069,270.9,270.3,270.65,269.50745057578473,269.1025168655481,269.417907974391,266.62809102119303,Up,280
2026-02-20 21:00:00,270.51966818340344,271.3,269.4,270.175,269.568136887077,269.1445750276835,269.4254412283772,266.62809102119303,Up,562
2026-02-20 21:10:00,270.3473340917017,270.3473340917017,268.2,268.9,269.50739717007,269.1349838501273,269.42021295744814,266.62809102119303,Up,1140
2026-02-20 21:20:00,269.6236670458509,270.0,268.4,269.1,269.4703610637,269.13361193443603,269.4170267588666,266.62809102119303,Up,517
2026-02-20 21:30:00,269.36183352292545,270.6,269.36183352292545,270.0,269.5185100579091,269.16758793700717,269.4228274876341,266.62809102119303,Up,501
2026-02-20 21:40:00,269.68091676146275,271.2,269.68091676146275,270.57500000000005,269.6145545980992,269.22278056692846,269.43429189074226,266.62809102119303,Up,842
2026-02-20 21:50:00,270.1279583807314,273.0,270.1279583807314,271.725,269.80641327099926,269.3209068192058,269.4570850062573,266.62809102119303,Up,1480
2026-02-20 22:00:00,270.92647919036574,275.9,270.92647919036574,274.05,270.1921938827266,269.50636145374676,269.5027856529612,266.62809102119303,Up,2699
2026-02-20 22:10:00,272.4882395951829,277.4,272.4882395951829,276.5,270.7656308024787,269.780621788894,269.5724096763148,266.62809102119303,Up,2153
2026-02-20 22:20:00,274.49411979759145,278.0,274.49411979759145,277.3,271.3596643658897,270.0754993658001,269.6493011223217,267.366891220334,Up,1515
2026-02-20 22:30:00,275.89705989879576,278.4,275.89705989879576,277.9,271.954240332627,270.3823425279256,269.7313976285672,268.16548929581296,Up,1238
2026-02-20 22:40:00,276.89852994939787,278.9,276.89852994939787,278.275,272.52885484784275,270.69185850722266,269.81640859743715,269.0050570894028,Up,1359
2026-02-20 22:50:00,277.5867649746989,279.0,277.5867649746989,278.5,273.07168622531157,270.9980601343904,269.90281249199006,269.693835309698,Up,939
2026-02-20 23:00:00,278.04338248734945,280.1,278.04338248734945,279.3,273.63789656846507,271.32362640363,269.9963168453036,270.50606016848235,Up,1686
2026-02-20 23:10:00,278.6716912436748,280.3,278.6716912436748,279.925,274.2094514258773,271.6609351721151,270.09510971251456,271.106796005726,Up,665
2026-02-20 23:20:00,279.29834562183737,279.9,278.2,279.1,274.65404675079753,271.9526632045812,270.18471061089747,271.106796005726,Up,957
2026-02-20 23:30:00,279.1991728109187,279.3,277.4,278.525,275.00595159163413,272.21040190244076,270.2676985650179,271.106796005726,Up,848
2026-02-20 23:40:00,278.8620864054593,280.0,278.8620864054593,279.375,275.4031378105765,272.4913665337176,270.35831847979387,271.452869186117,Up,761
2026-02-20 23:50:00,279.11854320272965,280.0,276.0,277.9,275.63012528234225,272.70346980690516,270.4333600869601,271.452869186117,Up,1964
2026-02-21 00:00:00,278.50927160136484,278.50927160136484,274.2,275.225,275.5932957112202,272.8023533438893,270.48103809604504,271.452869186117,Up,1662
2026-02-23 09:00:00,276.86713580068243,281.9,276.86713580068243,281.125,276.0961779192911,273.12873164412895,270.5869481647411,271.452869186117,Up,431
2026-02-23 09:10:00,278.99606790034125,281.6,278.99606790034125,281.175,276.5578890175374,273.4442715796533,270.6923019143457,271.452869186117,Up,985
2026-02-23 09:20:00,280.08553395017066,281.5,280.08553395017066,281.25,276.9844445613976,273.7503785765296,270.797353636591,271.452869186117,Up,402
2026-02-23 09:30:00,280.6677669750853,281.7,280.6677669750853,281.35,277.3813132376342,274.0484029460775,270.90235509294337,271.452869186117,Up,405
2026-02-23 09:40:00,281.0088834875427,281.4,280.6,281.0,277.7102847614856,274.3210145952509,271.0028291716206,271.68539859783874,Up,332
2026-02-23 09:50:00,281.00444174377134,281.1,280.7,280.85,277.99571341953236,274.5770532385744,271.10081097090796,272.2867259980352,Up,182
2026-02-23 10:00:00,280.92722087188565,281.5,280.7,281.1,278.27792129048396,274.8328550723558,271.20030538910794,272.9788418163957,Up,203
2026-02-23 10:10:00,281.01361043594284,282.0,281.01361043594284,281.54999999999995,278.57538299134904,275.09627252049876,271.30328742503724,273.7652470277649,Up,406
2026-02-23 10:20:00,281.2818052179714,281.5,281.2,281.325,278.82534817395367,275.34053634322436,271.40300595812147,274.18494709981223,Up,148
2026-02-23 10:30:00,281.3034026089857,281.3034026089857,280.7,281.025,279.02531652177606,275.56345648662733,271.498747192369,274.2607441225039,Up,208
2026-02-23 10:40:00,281.16420130449285,281.5,280.9,281.2,279.22301501979643,275.78449740872037,271.5952770710519,274.853675289101,Up,124
2026-02-23 10:50:00,281.1821006522464,281.9,281.1821006522464,281.575,279.43683183617856,276.0115759417117,271.6945777967131,275.5106099170319,Up,157
2026-02-23 11:00:00,281.3785503261232,281.8,281.0,281.4,279.6153016692532,276.2228866890956,271.7911491619199,275.6268723553715,Up,145
2026-02-23 11:10:00,281.3892751630616,281.3892751630616,280.9,281.07500000000005,279.74800151750287,276.4131656424644,271.88352578717445,275.7145215409595,Up,107
2026-02-23 11:20:00,281.2321375815308,281.3,280.2,280.725,279.8368195613662,276.58225718589716,271.97150065496373,275.7145215409595,Up,244
2026-02-23 11:30:00,280.9785687907654,280.9785687907654,277.5,278.95,279.75619960124203,276.67510984527377,272.04093845939195,275.7145215409595,Up,1041
2026-02-23 11:40:00,279.9642843953827,279.9642843953827,277.2,277.82500000000005,279.5806360011291,276.72020357683164,272.0984913105423,275.7145215409595,Up,627
2026-02-23 11:50:00,278.8946421976914,278.8946421976914,276.3,277.29999999999995,279.3733054555719,276.7429406914657,272.1502476159101,275.7145215409595,Up,701
2026-02-23 12:00:00,278.09732109884567,278.09732109884567,275.5,276.25,279.0893685959744,276.72360968395725,272.1910411719707,275.7145215409595,Up,601
2026-02-23 12:10:00,277.17366054942283,277.2,276.2,276.70000000000005,278.87215326906767,276.7226838139982,272.2359064339412,275.7145215409595,Up,443
2026-02-23 12:20:00,276.93683027471144,277.1,275.8,276.65,278.67013933551607,276.7198334683512,272.2798277629567,275.7145215409595,Up,461
2026-02-23 12:30:00,276.79341513735574,276.79341513735574,275.3,276.25,278.45012666865097,276.7014086264551,272.3193319643203,275.7145215409595,Up,609
2026-02-23 12:40:00,276.52170756867787,277.1,276.2,276.55,278.2773878805918,276.6954710332608,272.36142816368033,275.7145215409595,Up,354
2026-02-23 12:50:00,276.53585378433894,277.4,276.5,276.8,278.1430798914471,276.6995702084271,272.4055930575741,275.7145215409595,Up,231
2026-02-23 13:00:00,276.6679268921695,277.7,276.3,277.075,278.0459817194974,276.71429294535153,272.4520548181952,275.7145215409595,Up,206
2026-02-23 13:10:00,276.8714634460847,277.6,276.8,277.3,277.97816519954307,276.7372618494554,272.50029307871074,275.7145215409595,Up,368
2026-02-23 13:20:00,277.0857317230424,277.7,277.0857317230424,277.425,277.92787745413005,276.7642319730062,272.54929513762903,275.7145215409595,Up,203
2026-02-23 13:30:00,277.2553658615212,277.7,277.2553658615212,277.525,277.8912522310273,276.7940660132805,272.5988046387472,275.7145215409595,Up,119
2026-02-23 13:40:00,277.3901829307606,278.6,277.3901829307606,278.02500000000003,277.90341111911573,276.84233793432827,272.6527966323915,275.7145215409595,Up,386
2026-02-23 13:50:00,277.70759146538035,278.3,277.70759146538035,278.15,277.9258282901052,276.8936187996487,272.70749517336276,275.7145215409595,Up,180
2026-02-23 14:00:00,277.92879573269016,278.2,277.7,277.925,277.9257529910047,276.93406512123113,272.75941064427457,275.7145215409595,Up,172
2026-02-23 14:10:00,277.9268978663451,278.0,277.5,277.775,277.91204817364064,276.9670429596142,272.8093170060231,275.7145215409595,Up,196
2026-02-23 14:20:00,277.8509489331725,278.0,277.1,277.575,277.8814074305824,276.9908844121784,272.85673673730645,275.7145215409595,Up,217
2026-02-23 14:30:00,277.7129744665863,277.7129744665863,276.8,277.25,277.8240067550749,277.00104580777924,272.9004507996218,275.7145215409595,Up,244
2026-02-23 14:40:00,277.48148723329314,277.7,277.1,277.45,277.7900061409772,277.018651854533,272.94571994589427,275.7145215409595,Up,152
2026-02-23 14:50:00,277.4657436166466,278.1,277.4657436166466,277.75,277.78636921907014,277.04733217396307,272.9935237275272,275.7145215409595,Up,162
2026-02-23 15:00:00,277.6078718083233,278.2,277.5,277.8,277.78760838097287,277.07684855929784,273.04134936207913,275.7145215409595,Up,163
2026-02-23 15:10:00,277.70393590416165,277.9,276.2,277.04999999999995,277.72055307361165,277.07579567461954,273.08123643310324,275.7145215409595,Up,462
2026-02-23 15:20:00,277.3769679520808,277.3769679520808,276.4,276.7,277.62777552146514,277.06105858934035,273.1172440307838,275.7145215409595,Up,220
2026-02-23 15:30:00,277.0384839760404,277.6,276.9,277.225,277.5911595649683,277.0674876642682,273.15811722450735,275.7145215409595,Up,227
2026-02-23 15:40:00,277.1317419880202,277.5,276.8,277.225,277.5578723317893,277.0736646186106,273.19858371978586,275.7145215409595,Up,283
2026-02-23 15:50:00,277.1783709940101,277.5,277.0,277.275,277.532156665263,277.08156012376315,273.2391450758079,275.7145215409595,Up,113
2026-02-23 16:00:00,277.22668549700506,277.9,277.2,277.45,277.52468787751184,277.09600874636067,273.28104412978,275.7145215409595,Up,237
2026-02-23 16:10:00,277.3383427485025,278.4,276.9,277.625,277.5338071613744,277.11675350140536,273.3242675712748,275.7145215409595,Up,538
2026-02-23 16:20:00,277.4816713742513,278.4,277.4816713742513,278.025,277.5784610557949,277.1523710111542,273.3710410282771,275.7145215409595,Up,393
2026-02-23 16:30:00,277.7533356871256,278.5,277.5,278.0,277.61678277799535,277.1856113636579,273.4171003215281,275.7145215409595,Up,337
2026-02-23 16:40:00,277.8766678435628,278.1,277.4,277.8,277.6334388890867,277.20970503567133,273.46071126360243,275.7145215409595,Up,336
2026-02-23 16:50:00,277.83833392178144,278.1,277.2,277.77500000000003,277.64630808098786,277.231873465645,273.50363950973576,275.7145215409595,Up,327
2026-02-23 17:00:00,277.8066669608908,278.1,277.5,277.79999999999995,277.66028007362536,277.25415293758044,273.54638936536026,275.7145215409595,Up,261
2026-02-23 17:10:00,277.80333348044536,278.4,277.8,278.04999999999995,277.69570915784124,277.28536262630274,273.59120141147605,275.7145215409595,Up,304
2026-02-23 17:20:00,277.9266667402227,279.4,277.9266667402227,278.675,277.78473559803746,277.33985820958503,273.6417864720584,275.7145215409595,Up,959
2026-02-23 17:30:00,278.3008333701114,279.5,278.3008333701114,279.2,277.9133959982159,277.41280494646406,273.6970920793016,275.7145215409595,Up,346
2026-02-23 17:40:00,278.7504166850557,280.5,278.7504166850557,279.8,278.0849054529235,277.5064204387596,273.7578175312489,275.7145215409595,Up,937
2026-02-23 17:50:00,279.2752083425279,281.2,279.2752083425279,280.525,278.3067322299305,277.6247961078279,273.82515268019176,275.78491758412434,Up,1381
2026-02-23 18:00:00,279.90010417126393,280.7,279.5,280.275,278.4856656635732,277.7287256722268,273.8893302654635,275.78491758412434,Up,1221
2026-02-23 18:10:00,280.087552085632,280.5,279.6,280.125,278.63469605779375,277.82269721449245,273.9513767304838,275.78491758412434,Up,659
2026-02-23 18:20:00,280.106276042816,280.2,277.7,279.0,278.6679055070852,277.86886595117903,274.00161178789193,275.78491758412434,Up,1501
2026-02-23 18:30:00,279.553138021408,279.553138021408,277.7,278.3,278.63445955189565,277.8857731687799,274.0443818198532,275.78491758412434,Up,736
2026-02-23 18:40:00,278.92656901070404,279.7,278.5,279.175,278.6835995926324,277.9363310837297,274.09543274701883,275.78491758412434,Up,812
2026-02-23 18:50:00,279.050784505352,279.7,278.2,279.075,278.71918144784763,277.9809847667207,274.1449806798843,275.78491758412434,Up,610
2026-02-23 19:00:00,279.062892252676,280.0,278.3,278.9,278.7356194980433,278.01702457979053,274.1922943049601,275.78491758412434,Up,1085
2026-02-23 19:10:00,278.981446126338,278.981446126338,275.7,277.20000000000005,278.59601772549394,277.9849844001909,274.2222217248113,275.78491758412434,Up,3128
2026-02-23 19:20:00,278.090723063169,278.090723063169,275.1,275.75,278.33728884135814,277.89733795312463,274.2374234986938,280.99475928197023,Down,1576
2026-02-23 19:30:00,276.9203615315845,276.9203615315845,274.8,275.65,278.0929898557801,277.8092070530021,274.251478986269,280.99475928197023,Down,1963
2026-02-23 19:40:00,276.28518076579223,277.4,274.2,275.6,277.86635441434555,277.7225714822962,274.26489710580864,280.99475928197023,Down,1898
2026-02-23 19:50:00,275.9425903828961,276.0,273.9,275.1,277.614867649405,277.61972554181403,274.2732065873429,280.99475928197023,Down,1892
2026-02-23 20:00:00,275.5212951914481,275.5212951914481,273.6,274.525,277.3339705903682,277.4983637558605,274.275711994434,280.99475928197023,Down,1384
2026-02-23 20:10:00,275.023147595724,275.1,273.0,274.3,277.0581550821529,277.37293772621894,274.2759536661312,280.99475928197023,Down,1366
2026-02-23 20:20:00,274.66157379786205,275.3,274.1,274.75,276.8483228019572,277.27007742322996,274.28067054507517,280.99475928197023,Down,978
2026-02-23 20:30:00,274.705786898931,275.4,274.4,274.975,276.678020729052,277.1800743870249,274.28757929587044,280.99475928197023,Down,591
2026-02-23 20:40:00,274.8403934494655,275.8,274.0,275.0,276.52547339004724,277.0945812738083,274.2946680590956,280.99475928197023,Down,869
2026-02-23 20:50:00,274.9201967247328,275.2,272.6,274.1,276.30497580913385,276.9771467140511,274.29273106348273,280.99475928197023,Down,1322
2026-02-23 21:00:00,274.5100983623664,275.8,273.1,274.35,276.12725073557624,276.8741213527158,274.2933009036471,280.99475928197023,Down,1466
2026-02-23 21:10:00,274.4300491811832,275.1,273.7,274.5,275.97931885052384,276.7810185545701,274.2953576110735,280.99475928197023,Down,813
2026-02-23 21:20:00,274.4650245905916,274.8,272.1,273.5,275.75392622774893,276.65235116027327,274.2874436049932,280.99475928197023,Down,1755
2026-02-23 21:30:00,273.9825122952958,273.9825122952958,272.0,273.0,275.50356929795356,276.5091217030076,274.27463322086396,280.7660764937923,Down,1216
2026-02-23 21:40:00,273.4912561476479,273.5,272.2,272.875,275.264608452685,276.36660712641907,274.2607065221489,280.3907457692222,Down,644
2026-02-23 21:50:00,273.1831280738239,273.2,272.1,272.725,275.0337349569864,276.2237990038144,274.245425860237,279.90522342656556,Down,623
2026-02-23 22:00:00,272.954064036912,273.5,270.5,271.925,274.75112268816946,276.0552186507237,274.22233704570726,279.68656675142324,Down,1622
2026-02-23 22:10:00,272.439532018456,272.439532018456,270.2,270.70000000000005,274.38283880742677,275.84521007618554,274.1872889158992,279.1219292445059,Down,1240
2026-02-23 22:20:00,271.56976600922803,271.56976600922803,269.7,270.45000000000005,274.0253080067516,275.6336332104528,274.1501019615122,278.40767358549505,Down,1105
2026-02-23 22:30:00,271.00988300461404,271.00988300461404,270.3,270.6,273.71391636977415,275.43623582965074,274.1147775638852,277.97925403205846,Down,523
2026-02-23 22:40:00,270.80494150230703,271.3,270.2,270.77500000000003,273.44674215434014,275.2534422677037,274.0815459463341,277.8084659361377,Down,609
2026-02-23 22:50:00,270.78997075115353,271.5,270.2,270.8,273.2061292312183,275.0787974728918,274.0488937478631,277.73951448739797,Down,770
2026-02-23 23:00:00,270.79498537557674,270.79498537557674,269.4,270.15,272.92829930110753,274.8855112974843,274.0100987851978,276.86977858542286,Down,878
2026-02-23 23:10:00,270.4724926877884,270.5,269.8,270.15000000000003,272.6757266373705,274.6998049720928,273.9716898420615,276.5611689978495,Down,386
2026-02-23 23:20:00,270.3112463438942,270.4,269.5,269.95,272.4279333067004,274.5135381104421,273.9316730277127,276.10560817986317,Down,669
2026-02-23 23:30:00,270.1306231719471,270.3,268.6,269.325,272.1458484606367,274.3100660276797,273.8858354851484,275.6641892544211,Down,1014
2026-02-23 23:40:00,269.72781158597354,269.72781158597354,267.7,268.225,271.78940769148795,274.0714359873785,273.82950876390316,275.1005547828145,Down,1394
2026-02-23 23:50:00,268.9764057929868,268.9764057929868,267.6,268.05,271.44946153771633,273.8353012427754,273.7720012140136,274.5947586301502,Down,1126
2026-02-24 00:00:00,268.5132028964934,268.5132028964934,267.4,267.92499999999995,271.1290559433785,273.6035247234509,273.7138220974563,274.09463498665957,Down,1147
2026-02-24 09:00:00,268.21910144824665,268.5,266.5,267.6,270.8082326757986,273.3680923813548,273.65298804673535,273.80730321673894,Down,247
2026-02-24 09:10:00,267.90955072412333,267.90955072412333,266.5,267.125,270.4733933416351,273.12326522914486,273.5880329417927,273.45125127696014,Down,1005
2026-02-24 09:20:00,267.5172753620617,267.5172753620617,266.7,266.825,270.1417212196682,272.87627443584506,273.52073908167534,273.08444318987,Down,510
2026-02-24 09:30:00,267.1711376810308,267.1711376810308,266.1,266.55,269.81520110878927,272.6281852422825,273.451378493798,272.4576239143804,Down,772
2026-02-24 09:40:00,266.8605688405154,267.4,265.1,266.5,269.51381918980843,272.387864252389,273.3822105485861,272.37914097624093,Down,1196
2026-02-24 09:50:00,266.6802844202577,267.4,266.5,266.95000000000005,269.28074471800767,272.17461467386397,273.3182084535753,272.37914097624093,Down,369
2026-02-24 10:00:00,266.8151422101289,266.8151422101289,266.4,266.625,269.03931338000694,271.9569827258693,273.25160936448503,272.1704975317098,Down,257
2026-02-24 10:10:00,266.72007110506445,266.9,266.2,266.6,268.8175576181881,271.74690497191364,273.1854241966792,271.86175129695033,Down,293
2026-02-24 10:20:00,266.66003555253224,266.8,266.3,266.575,268.61368874380736,271.5440851690935,273.11964883153814,271.5606829972276,Down,111
2026-02-24 10:30:00,266.61751777626614,267.1,266.6,266.875,268.45562613073395,271.36098378991335,273.0575130222691,271.5606829972276,Down,303
2026-02-24 10:40:00,266.74625888813307,268.0,266.74625888813307,267.5,268.36875102793994,271.20957266089715,273.00221438523164,271.5606829972276,Down,516
2026-02-24 10:50:00,267.12312944406654,268.0,267.12312944406654,267.75,268.31250093449086,271.07390314478357,272.9499535455776,271.5606829972276,Down,293
2026-02-24 11:00:00,267.43656472203327,267.8,267.1,267.475,268.23636448590076,270.9327696881254,272.8954763958704,271.5606829972276,Down,172
2026-02-24 11:10:00,267.45578236101665,267.45578236101665,265.8,266.625,268.0898768053643,270.763837543493,272.8330835959115,271.3160715926267,Down,601
2026-02-24 11:20:00,267.0403911805083,267.0403911805083,266.0,266.5,267.9453425503312,270.59662822806195,272.7700678387382,271.1605018487285,Down,409
2026-02-24 11:30:00,266.77019559025416,267.4,266.77019559025416,267.025,267.8616750457556,270.45656437598115,272.71290298462145,271.1605018487285,Down,357
2026-02-24 11:40:00,266.89759779512707,268.2,266.89759779512707,267.55,267.8333409506869,270.342581459276,272.66153081562027,271.1605018487285,Down,375
2026-02-24 11:50:00,267.22379889756354,268.3,267.22379889756354,267.975,267.84621904607894,270.2497351275397,272.6148986682012,271.1605018487285,Down,327
2026-02-24 12:00:00,267.5993994487818,268.2,267.5993994487818,267.975,267.8579264055263,270.16052982842047,272.5687305222489,271.1605018487285,Down,234
2026-02-24 12:10:00,267.7871997243909,268.2,267.2,267.7,267.8435694595694,270.0640384626001,272.5202854424255,271.1605018487285,Down,241
2026-02-24 12:20:00,267.7435998621954,267.7435998621954,267.0,267.225,267.7873358723358,269.9527036209295,272.4675960350382,271.1605018487285,Down,265
2026-02-24 12:30:00,267.4842999310977,267.4842999310977,266.9,267.17499999999995,267.7316689748507,269.8437740671676,272.4149333879234,271.1605018487285,Down,229
2026-02-24 12:40:00,267.3296499655488,267.7,267.2,267.45,267.70606270440976,269.7499005743375,272.3655310656555,271.1605018487285,Down,155
2026-02-24 12:50:00,267.3898249827744,267.8,266.9,267.375,267.67596609491795,269.65676721848115,272.3158740401266,271.1605018487285,Down,181
2026-02-24 13:00:00,267.3824124913872,267.5,266.7,267.0,267.6145146317436,269.55258026873685,272.2629797710706,270.8891924369112,Down,147
2026-02-24 13:10:00,267.1912062456936,267.1912062456936,266.3,266.625,267.52455875613055,269.4377731993746,272.20688046986595,270.5143985184727,Down,239
2026-02-24 13:20:00,266.9081031228468,266.9081031228468,266.2,266.625,267.4427806873914,269.32746836802653,272.1513393706633,270.2377212384822,Down,281
2026-02-24 13:30:00,266.7665515614234,266.9,266.3,266.65,267.37070971581034,269.22246960849606,272.09659967543286,270.16697243368986,Down,238
2026-02-24 13:40:00,266.7082757807117,267.1,266.4,266.75,267.3142815598276,269.125510016006,272.0433996786624,270.16697243368986,Down,278
2026-02-24 13:50:00,266.72913789035584,267.2,266.72913789035584,267.0,267.28571050893413,269.042156682045,271.9932165972827,270.16697243368986,Down,163
2026-02-24 14:00:00,266.8645689451779,267.9,266.8645689451779,267.275,267.28473682630374,268.97285642000406,271.946269168454,270.16697243368986,Down,311
2026-02-24 14:10:00,267.06978447258894,267.5,267.06978447258894,267.3,267.28612438754885,268.9072542074549,271.90003763443957,270.16697243368986,Down,162
2026-02-24 14:20:00,267.18489223629444,267.4,267.1,267.275,267.28511307958985,268.84324423853514,271.85401735947005,270.16697243368986,Down,71
2026-02-24 14:30:00,267.2299461181472,267.3,267.0,267.175,267.2751027996271,268.7778228958475,271.80745997280866,270.05890369524997,Down,130
2026-02-24 14:40:00,267.2024730590736,267.5,266.7,267.05,267.25463890875193,268.7100651352261,271.76012206263147,270.03536699568184,Down,130
2026-02-24 14:50:00,267.1262365295368,267.1262365295368,266.5,266.725,267.2064899170472,268.6322194436486,271.71002134559035,269.7093560897652,Down,135
2026-02-24 15:00:00,266.92561826476845,266.92561826476845,266.4,266.7,267.16044537913376,268.5564461321329,271.6601703869278,269.48688652411533,Down,223
2026-02-24 15:10:00,266.81280913238425,266.9,266.6,266.75,267.12313216284883,268.48560510734336,271.6113129701425,269.4264339924828,Down,178
2026-02-24 15:20:00,266.7814045661921,266.9,266.1,266.52500000000003,267.06875651168076,268.4087186325456,271.5607028908376,269.2240309022571,Down,553
2026-02-24 15:30:00,266.6532022830961,266.9,266.3,266.5,267.01705137425523,268.33386692146536,271.51034763819246,269.2240309022571,Down,492
2026-02-24 15:40:00,266.57660114154805,266.8,266.2,266.475,266.96777397659565,268.2609701794471,271.46024467661846,269.16779413409677,Down,432
2026-02-24 15:50:00,266.52580057077404,266.52580057077404,265.8,266.15,266.89343088781425,268.1781870351551,271.40740642112974,268.85209516030193,Down,489
2026-02-24 16:00:00,266.33790028538704,266.33790028538704,265.5,265.8,266.79402807983115,268.08492479848235,271.35161133236227,268.6683637691205,Down,437
2026-02-24 16:10:00,266.06895014269355,266.06895014269355,265.1,265.45,266.6718437089374,267.9815944142282,271.29288883154277,268.43628751089625,Down,456
2026-02-24 16:20:00,265.75947507134674,265.75947507134674,264.2,264.75,266.49713064448855,267.85486522151336,271.22778546008465,268.13937614302625,Down,1469
2026-02-24 16:30:00,265.25473753567337,265.25473753567337,264.1,264.27500000000003,266.2951187677169,267.7144783500815,271.1586035152082,267.96967206022055,Down,411
2026-02-24 16:40:00,264.7648687678367,264.7648687678367,262.8,263.55,266.04556251610626,267.5511654736077,271.08289601754444,267.4899351107534,Down,1814
2026-02-24 16:50:00,264.1574343839184,264.1574343839184,262.8,263.125,265.78005683282385,267.3775903569956,271.00371297259375,267.34278490141594,Down,842
2026-02-24 17:00:00,263.6412171919592,263.6412171919592,262.2,262.825,265.5114153025671,267.1990574018193,270.92233274401076,266.9574764016527,Down,1180
2026-02-24 17:10:00,263.2331085959796,263.2331085959796,261.0,262.025,265.1944684568792,266.9961531899832,270.83380206994104,266.5984736107761,Down,2124
2026-02-24 17:20:00,262.6290542979898,262.7,261.2,262.025,264.90633496079926,266.8012060060623,270.74615229810087,266.56992664798753,Down,1469
2026-02-24 17:30:00,262.3270271489949,262.7,261.7,262.42499999999995,264.68075905527206,266.62959008425594,270.6633547627964,266.56992664798753,Down,805
2026-02-24 17:40:00,262.3760135744974,262.7,262.0,262.42499999999995,264.47569005024735,266.4647041985989,270.5813810835646,266.56992664798753,Down,1172
2026-02-24 17:50:00,262.4005067872487,262.6,260.7,261.6,264.21426368204305,266.27393148492837,270.4920141076088,266.34385923966005,Down,1345
2026-02-24 18:00:00,262.00025339362435,262.00025339362435,260.6,261.175,263.9379669836755,266.0739733874802,270.3993074995729,266.0764545123665,Down,1387
2026-02-24 18:10:00,261.5876266968122,262.5,261.2,261.9,263.7526972578868,265.9102881565986,270.31473727569653,266.0764545123665,Down,822
2026-02-24 18:20:00,261.7438133484061,262.5,261.0,261.825,263.5774520526243,265.75008077790847,270.23026227792843,266.0764545123665,Down,773
2026-02-24 18:30:00,261.78440667420307,261.9,260.9,261.35,263.37495641147666,265.5775285905395,270.1419014592426,266.0764545123665,Down,782
2026-02-24 18:40:00,261.56720333710155,264.1,261.5,262.65,263.30905128316056,265.46272354777324,270.0673551760661,266.0764545123665,Down,2483
2026-02-24 18:50:00,262.1086016685508,264.1,262.1086016685508,263.5,263.3264102574187,265.38575399688017,270.00200835839377,266.0764545123665,Down,1489
2026-02-24 19:00:00,262.8043008342754,264.9,262.8043008342754,264.125,263.39900932492606,265.3363126636692,269.9435306632854,266.0764545123665,Down,2175
2026-02-24 19:10:00,263.4646504171377,264.8,263.2,264.05,263.45819029538734,265.28586902979987,269.8848885671333,266.0764545123665,Down,1241
2026-02-24 19:20:00,263.7573252085689,264.5,263.6,264.125,263.518809359443,265.24034475412145,269.82757624308226,266.0764545123665,Down,655
2026-02-24 19:30:00,263.94116260428444,264.4,261.5,262.9,263.46255396313,265.14856652846964,269.7586451361859,266.0764545123665,Down,2516
2026-02-24 19:40:00,263.4205813021422,263.4205813021422,261.3,262.05,263.3341399664818,265.0270541155885,269.68194219950743,266.0764545123665,Down,1718
2026-02-24 19:50:00,262.73529065107107,263.2,261.5,262.475,263.2560363331653,264.92697356203604,269.6102313318506,266.0764545123665,Down,1138
2026-02-24 20:00:00,262.60514532553555,263.9,262.5,263.15,263.2463966665139,264.85728832430914,269.545950423076,266.0764545123665,Down,1347
2026-02-24 20:10:00,262.87757266276776,263.7,262.6,263.02500000000003,263.2262696968308,264.7854338802186,269.4810653442394,266.0764545123665,Down,417
2026-02-24 20:20:00,262.9512863313839,263.6,262.7,263.0,263.20569972439165,264.7154168653081,269.41657713185896,266.0764545123665,Down,398
2026-02-24 20:30:00,262.975643165692,263.6,262.7,263.07500000000005,263.19381793126513,264.65108679215876,269.3534768618903,266.0764545123665,Down,522
2026-02-24 20:40:00,263.025321582846,263.9,262.9,263.225,263.1966526647865,264.5951618199173,269.29249699261777,266.0764545123665,Down,514
2026-02-24 20:50:00,263.125160791423,264.2,262.8,263.475,263.2219569679877,264.5512339054107,269.2346114504027,266.0764545123665,Down,890
2026-02-24 21:00:00,263.3000803957115,264.4,262.8,263.525,263.24950633453426,264.51098943853185,269.17779939616986,266.0764545123665,Down,933
2026-02-24 21:10:00,263.4125401978557,263.4125401978557,262.5,262.825,263.21091484957657,264.44487220564827,269.11458746187964,266.0764545123665,Down,787
2026-02-24 21:20:00,263.1187700989278,264.7,262.8,263.7,263.2553771359787,264.41566153091696,269.06071096972164,266.0764545123665,Down,1243
2026-02-24 21:30:00,263.40938504946394,264.7,263.0,263.875,263.31170648725333,264.39445911793985,269.0091118555951,266.0764545123665,Down,955
2026-02-24 21:40:00,263.642192524732,263.9,263.1,263.375,263.31746044295755,264.35448032900103,268.95305104111156,266.0764545123665,Down,488
2026-02-24 21:50:00,263.508596262366,263.9,263.0,263.35,263.32041858450685,264.31508894355,268.8972992894587,266.0764545123665,Down,481
2026-02-24 22:00:00,263.429298131183,264.2,263.1,263.625,263.34810780409714,264.2880266320382,268.84483860001137,266.0764545123665,Down,347
2026-02-24 22:10:00,263.5271490655915,265.2,263.3,263.975,263.4050980037247,264.27575107784065,268.7963824945386,266.0764545123665,Down,1857
2026-02-24 22:20:00,263.75107453279577,264.0,263.3,263.7,263.43190727611335,264.25317260419985,268.7456722209611,266.0764545123665,Down,499
2026-02-24 22:30:00,263.72553726639785,264.0,263.0,263.625,263.449461160103,264.2285383844273,268.6947202585635,266.0764545123665,Down,546
2026-02-24 22:40:00,263.6752686331989,263.9,263.2,263.575,263.4608737819118,264.20290942817525,268.64377776842855,266.0764545123665,Down,334
2026-02-24 22:50:00,263.62513431659943,265.3,263.62513431659943,264.475,263.5530670744653,264.21357964667817,268.6022973926233,266.0764545123665,Down,1765
2026-02-24 23:00:00,264.0500671582997,265.4,264.0500671582997,264.9,263.67551552224114,264.2404980919065,268.56545861259724,266.0764545123665,Down,1294
2026-02-24 23:10:00,264.47503357914985,264.6,263.4,264.125,263.71637774749195,264.235968754969,268.5212749448102,266.0764545123665,Down,1285
2026-02-24 23:20:00,264.3000167895749,264.3000167895749,263.4,263.8,263.7239797704472,264.2188719410487,268.4742970846629,266.0764545123665,Down,886
2026-02-24 23:30:00,264.0500083947875,264.0500083947875,262.2,262.975,263.6558907004066,264.17009264924286,268.41957771068616,266.0764545123665,Down,1433
2026-02-24 23:40:00,263.5125041973937,263.5125041973937,262.0,262.325,263.53490063673325,264.0977360747628,268.3589351464007,266.0764545123665,Down,1281
2026-02-24 23:50:00,262.91875209869687,262.91875209869687,261.8,262.275,263.42036421521203,264.0262562286937,268.29839847827736,266.0764545123665,Down,1557
2026-02-25 00:00:00,262.59687604934845,262.7,262.1,262.4,263.32760383201094,263.9624814746273,268.2397079461552,266.0764545123665,Down,828
2026-02-25 09:00:00,262.4984380246742,262.4984380246742,258.5,260.5,263.07054893819173,263.826697887387,268.16269592679043,266.0764545123665,Down,580
2026-02-25 09:10:00,261.4992190123371,261.4992190123371,258.8,259.3,262.72777176199247,263.64918032317576,268.0745098976681,266.0764545123665,Down,1269
2026-02-25 09:20:00,260.39960950616853,260.39960950616853,259.0,259.2,262.40706523817494,263.4747026634434,267.98620631659685,266.0713229943988,Down,932
2026-02-25 09:30:00,259.79980475308423,259.79980475308423,258.9,259.2,262.1155138528863,263.307067264877,267.89878137812326,265.4693934152224,Down,890
2026-02-25 09:40:00,259.4999023765421,259.4999023765421,258.8,258.975,261.830012593533,263.13718227409754,267.8099875335648,264.9676348149048,Down,426
2026-02-25 09:50:00,259.23745118827105,259.4,258.7,259.0,261.57273872139365,262.9749398319761,267.72232596606665,264.59334875148517,Down,567
2026-02-25 10:00:00,259.1187255941355,259.6,259.1,259.32500000000005,261.3683988376306,262.8318049366045,267.6387704838172,264.59334875148517,Down,350
2026-02-25 10:10:00,259.2218627970678,260.1,259.2218627970678,259.675,261.21445348875505,262.7080086645808,267.5595289864658,264.59334875148517,Down,539
2026-02-25 10:20:00,259.4484313985339,260.0,259.4484313985339,259.775,261.0835940806864,262.5929887169502,267.48207098660043,264.5601949057921,Down,196
2026-02-25 10:30:00,259.61171569926694,260.3,259.61171569926694,260.04999999999995,260.9896309824422,262.4932636692266,267.4081200315099,264.5601949057921,Down,363
2026-02-25 10:40:00,259.83085784963345,260.4,259.8,260.125,260.9110281658565,262.4003905841589,267.335651175475,264.54239084861024,Down,415
2026-02-25 10:50:00,259.97792892481675,260.5,259.97792892481675,260.375,260.8622983325968,262.3209635024272,267.26639096477373,264.46734562484795,Down,153
2026-02-25 11:00:00,260.1764644624084,260.6,260.1764644624084,260.45000000000005,260.8248166659971,262.247592384685,267.1985661790546,264.38622802890984,Down,216
2026-02-25 11:10:00,260.3132322312042,260.9,260.3132322312042,260.67499999999995,260.81119696908826,262.1859220950895,267.1336550727953,264.38622802890984,Down,503
2026-02-25 11:20:00,260.4941161156021,260.7,260.1,260.525,260.7851790628075,262.12078789528204,267.06789731087696,264.11628339274705,Down,308
2026-02-25 11:30:00,260.50955805780103,260.8,260.0,260.375,260.7478900570977,262.0523256248788,267.0013013177339,264.06934853886094,Down,292
2026-02-25 11:40:00,260.44227902890054,260.44227902890054,259.4,259.85,260.66626368827065,261.96595991409924,266.93014409069184,263.6359214693786,Down,697
2026-02-25 11:50:00,260.1461395144503,260.1461395144503,259.1,259.65,260.57387608024607,261.8751379566836,266.85770484600835,263.3805586305965,Down,803
2026-02-25 12:00:00,259.8980697572252,260.1,259.6,259.875,260.5103418911328,261.7967011740686,266.7882251957993,263.3805586305965,Down,377
2026-02-25 12:10:00,259.88653487861257,259.9,258.5,259.375,260.40712899193886,261.7017325005757,266.71446176101523,262.9797428705548,Down,751
2026-02-25 12:20:00,259.6307674393063,259.6307674393063,258.7,259.0,260.2792081744899,261.5957822064355,266.6377009474728,262.9399744889962,Down,285
2026-02-25 12:30:00,259.31538371965314,259.31538371965314,258.2,258.6,260.1265528858999,261.47830055128117,266.5577238236174,262.5947320936486,Down,684
2026-02-25 12:40:00,258.9576918598266,258.9576918598266,258.0,258.25,259.95595716899993,261.3517005296623,266.4750599049744,262.3153159096885,Down,487
2026-02-25 12:50:00,258.6038459299133,258.6038459299133,257.8,258.07500000000005,259.7849610627272,261.2232024696755,266.3914772193528,261.98193055744804,Down,587
2026-02-25 13:00:00,258.33942296495667,258.33942296495667,257.7,257.975,259.6204191479338,261.09582198066863,266.3077311773692,261.6885994629093,Down,329
2026-02-25 13:10:00,258.1572114824784,258.3,257.5,257.975,259.4708355890307,260.9734368049561,266.2248184293357,261.52626180039175,Down,457
2026-02-25 13:20:00,258.0661057412392,258.8,258.0661057412392,258.35,259.36894144457335,260.87055693025195,266.14646202705376,261.52626180039175,Down,310
2026-02-25 13:30:00,258.2080528706196,258.4,258.2,258.29999999999995,259.27176494961213,260.76975077612445,266.06838777802835,261.52626180039175,Down,82
2026-02-25 13:40:00,258.2540264353098,258.5,258.1,258.25,259.1788772269201,260.67093702019804,265.9905928747644,261.48396829480976,Down,207
2026-02-25 13:50:00,258.2520132176549,258.3,257.9,258.07500000000005,259.07852475174553,260.56913556842557,265.91183075660757,261.13997117709977,Down,203
2026-02-25 14:00:00,258.16350660882745,258.3,257.9,258.1,258.9895679561323,260.47230672260497,265.83410109733785,261.00906470645435,Down,163
2026-02-25 14:10:00,258.1317533044137,258.7,257.7,258.29999999999995,258.9268799601203,260.3871182236793,265.7591349172649,261.00906470645435,Down,226
2026-02-25 14:20:00,258.2158766522068,258.7,258.2158766522068,258.54999999999995,258.8926181455639,260.3150743717703,265.687402231521,261.00906470645435,Down,126
2026-02-25 14:30:00,258.3829383261034,258.8,258.3829383261034,258.625,258.8682892232399,260.2487969454264,265.6171295725009,261.00906470645435,Down,221
2026-02-25 14:40:00,258.5039691630517,259.2,258.5,258.825,258.864353839309,260.19296177109595,265.54954619367004,261.00906470645435,Down,365
2026-02-25 14:50:00,258.6644845815258,258.9,258.4,258.7,258.84941258119,260.1344142506608,265.48139150517585,261.00906470645435,Down,142
2026-02-25 15:00:00,258.68224229076293,258.7,258.4,258.54999999999995,258.82219325562727,260.07228035847805,265.41242243547265,261.00906470645435,Down,196
2026-02-25 15:10:00,258.61612114538144,258.61612114538144,258.1,258.325,258.7769938687521,260.0037595601064,265.3419008191993,260.8973896865075,Down,228
2026-02-25 15:20:00,258.4705605726907,258.4705605726907,257.8,258.125,258.7177216988655,259.930082714612,265.2700908607993,260.68760150715724,Down,405
2026-02-25 15:30:00,258.29778028634536,258.29778028634536,257.9,258.075,258.65929245351407,259.8573343728625,265.1984979169108,260.56382953894536,Down,685
2026-02-25 15:40:00,258.1863901431727,258.5,258.1,258.27500000000003,258.62435677592185,259.795282044515,265.1296073903744,260.56382953894536,Down,418
2026-02-25 15:50:00,258.23069507158635,258.6,258.2,258.375,258.60168797811076,259.739584709436,265.0623973665896,260.56382953894536,Down,392
2026-02-25 16:00:00,258.30284753579315,258.6,258.2,258.45000000000005,258.5878981619189,259.68901276004635,264.9966023679171,260.56382953894536,Down,212
2026-02-25 16:10:00,258.3764237678966,258.6,258.0,258.375,258.5685437835626,259.63748284788767,264.93071577719155,260.56382953894536,Down,362
2026-02-25 16:20:00,258.37571188394827,258.6,258.1,258.40000000000003,258.5532216214205,259.5889541087548,264.8657335306524,260.56382953894536,Down,270
2026-02-25 16:30:00,258.3878559419742,259.0,258.3,258.57500000000005,258.55520147401865,259.54919120252913,264.8031391671633,260.56382953894536,Down,529
2026-02-25 16:40:00,258.4814279709871,259.0,258.3,258.57500000000005,258.55700134001694,259.5109876259594,264.74116763316164,260.56382953894536,Down,437
2026-02-25 16:50:00,258.5282139854936,258.9,258.5282139854936,258.725,258.57227394546993,259.4801645818041,264.6813052686526,260.56382953894536,Down,181
2026-02-25 17:00:00,258.6266069927468,259.4,258.6266069927468,259.025,258.61343085951813,259.4623149903608,264.6250236241884,260.56382953894536,Down,995
2026-02-25 17:10:00,258.8258034963734,259.8,258.8258034963734,259.3,258.6758462359256,259.4559496966212,264.57203831449493,260.56382953894536,Down,1009
2026-02-25 17:20:00,259.06290174818673,259.4,258.6,258.975,258.7030420326596,259.43708892420466,264.5163463909676,260.56382953894536,Down,868
2026-02-25 17:30:00,259.0189508740934,259.4,258.5,258.975,258.727765484236,259.41896778992214,264.4612086159331,260.56382953894536,Down,594
2026-02-25 17:40:00,258.9969754370467,259.5,258.9969754370467,259.25,258.7752413493054,259.41234160208205,264.40935579388406,260.56382953894536,Down,459
2026-02-25 17:50:00,259.12348771852334,260.0,258.8,259.45,258.8365830448231,259.4138184020004,264.3600089700643,260.56382953894536,Down,1198
2026-02-25 18:00:00,259.28674385926166,262.6,259.28674385926166,261.25,259.05598458620284,259.4858255234906,264.3290636071781,257.19888011117445,Up,3686
2026-02-25 18:10:00,260.2683719296308,263.5,260.2683719296308,262.775,259.39407689654803,259.6148127578635,264.3136002877037,257.3049650133571,Up,3205
2026-02-25 18:20:00,261.5216859648154,263.4,261.5216859648154,262.8,259.70370626958913,259.7397220614767,264.2985395883236,257.6148915591967,Up,1922
2026-02-25 18:30:00,262.1608429824077,263.1,262.1,262.8,259.9851875178083,259.8597329610266,264.28362874664873,257.8309532516264,Up,1732
2026-02-25 18:40:00,262.48042149120386,263.7,262.48042149120386,263.15,260.27289774346207,259.9887630409864,264.2723488586224,258.31123060751816,Up,2148
2026-02-25 18:50:00,262.8152107456019,263.5,261.7,262.65,260.4889979486019,260.0931252746732,264.2562060839098,258.31123060751816,Up,1654
2026-02-25 19:00:00,262.73260537280095,264.2,261.8,262.9,260.7081799532744,260.20319879331345,264.2427114960102,258.31123060751816,Up,2043
2026-02-25 19:10:00,262.8163026864005,263.7,261.5,262.7,260.8892545029767,260.3011125661247,264.22736113286584,258.31123060751816,Up,2458
2026-02-25 19:20:00,262.7581513432002,262.7581513432002,260.5,261.975,260.98795863906975,260.3667552105904,264.204949579305,258.31123060751816,Up,3400
2026-02-25 19:30:00,262.3665756716001,263.9,262.3,263.15,261.18450785369976,260.47590206507704,264.1944525685657,258.31123060751816,Up,2271
2026-02-25 19:40:00,262.75828783580005,264.5,262.75828783580005,263.57500000000005,261.40182532154523,260.59743531742697,264.18828886141574,258.31123060751816,Up,2729
2026-02-25 19:50:00,263.16664391790005,264.0,262.9,263.575,261.5993866559502,260.7142025598808,264.18218648468525,258.31123060751816,Up,1249
2026-02-25 20:00:00,263.37082195895005,264.4,262.8,263.775,261.79716968722744,260.83423383204234,264.1781348778725,258.31123060751816,Up,2210
2026-02-25 20:10:00,263.572910979475,264.4,263.2,263.8,261.97924517020675,260.9505383876485,264.1743723417743,258.31123060751816,Up,1939
2026-02-25 20:20:00,263.6864554897375,265.1,263.3,264.075,262.1697683365516,261.07306629401523,264.1733835622542,258.31123060751816,Up,2700
2026-02-25 20:30:00,263.88072774486875,264.6,263.8,264.25,262.358880305956,261.19765192954407,264.1741459148686,258.36262813290625,Up,1563
2026-02-25 20:40:00,264.0653638724344,264.8,264.0653638724344,264.425,262.5467093690509,261.3242145989737,264.17664197541717,258.85883982883536,Up,586
2026-02-25 20:50:00,264.2451819362172,265.2,264.2451819362172,264.67499999999995,262.7401903355008,261.4556179480336,264.18160076173143,259.30825521093135,Up,1419
2026-02-25 21:00:00,264.4600909681086,266.3,264.4600909681086,265.4,262.98199121409164,261.6102995971303,264.1937241372366,259.78886423866,Up,2910
2026-02-25 21:10:00,264.9300454840543,265.8,264.6,265.32500000000005,263.1949920128106,261.75597412273305,264.20498061348303,259.78886423866,Up,1649
2026-02-25 21:20:00,265.1275227420272,265.5,264.9,265.17499999999995,263.3749927389187,261.8900535689004,264.21463254767724,259.9643130203352,Up,672
2026-02-25 21:30:00,265.1512613710136,265.6,264.5,265.05,263.52726612628976,262.01397303678664,264.2229446616307,259.9643130203352,Up,891
2026-02-25 21:40:00,265.1006306855068,265.6,264.7,265.1,263.6702419329907,262.1349937020107,264.2316715804205,260.13207687631007,Up,820
2026-02-25 21:50:00,265.1003153427534,266.3,264.8,265.57500000000005,263.84340175726425,262.269895909775,264.2450380323566,260.44279716028194,Up,1298
2026-02-25 22:00:00,265.33765767137675,266.8,265.33765767137675,266.27500000000003,264.06445614296746,262.4269588152741,264.26523665890033,260.8941563164453,Up,1921
2026-02-25 22:10:00,265.8063288356884,267.1,265.4,266.4,264.2767783117886,262.58276435193,264.2864780851799,260.9275704370517,Up,1873
2026-02-25 22:20:00,266.1031644178442,267.3,266.1031644178442,266.85,264.51070755617144,262.7501069263641,264.3119857659244,261.42779694000336,Up,1791
2026-02-25 22:30:00,266.4765822089221,266.8,266.2,266.625,264.70291596015585,262.9020635174871,264.3350008329302,261.4692861191648,Up,971
2026-02-25 22:40:00,266.55079110446104,266.8,266.3,266.6,264.87537814559624,263.0470806344484,264.35753813807514,261.79480556287706,Up,614
2026-02-25 22:50:00,266.57539555223053,266.8,266.3,266.54999999999995,265.0276164959966,263.18445002133274,264.37935367898984,262.0452777844337,Up,626
2026-02-25 23:00:00,266.5626977761152,267.4,266.5,266.9,265.1978331781787,263.3301578636334,264.40443473691033,262.5275252585761,Up,1057
2026-02-25 23:10:00,266.7313488880576,267.1,265.3,266.25,265.2934847074352,263.4446614768243,264.4227985703739,262.5275252585761,Up,1670
2026-02-25 23:20:00,266.4906744440288,266.4906744440288,264.8,265.3,265.29407700675927,263.5174198502822,264.43152694280803,262.5275252585761,Up,539
