date,open,high,low,close,EMA_21,EMA_50,EMA_200,ST_11_4,ST_DIR_11_4,volume
2026-01-01 09:00:00,286.9,290.0,286.9,288.375,288.375,288.375,288.375,,Up,7
2026-01-01 09:15:00,287.6375,289.7,279.7,284.725,288.0431818181818,288.23186274509806,288.33868159203985,276.0499999999999,Up,460
2026-01-01 09:30:00,286.18125,286.18125,279.5,282.75,287.5619834710743,288.01688773548636,288.28307281997974,276.0499999999999,Up,565
2026-01-01 09:45:00,284.465625,285.5,282.4,284.1,287.2472577009766,287.86328429487907,288.24145020485554,276.0499999999999,Up,145
2026-01-01 10:00:00,284.2828125,285.0,282.6,283.75,286.929325182706,287.70197902841323,288.19675915804106,276.0499999999999,Up,58
2026-01-01 10:15:00,284.01640625,289.8,280.0,284.54999999999995,286.7130228933691,287.5783720076912,288.16047299726455,276.0499999999999,Up,292
2026-01-01 10:30:00,284.283203125,284.9,284.1,284.575,286.5186571757901,287.460592713272,288.1247966490331,276.0499999999999,Up,8
2026-01-01 10:45:00,284.4291015625,285.7,284.4291015625,285.175,286.39650652344557,287.370961626477,288.095445438595,276.0499999999999,Up,16
2026-01-01 11:00:00,284.80205078125005,285.5,284.0,284.875,286.25818774858686,287.2730807783799,288.06340120537516,276.0499999999999,Up,31
2026-01-01 11:15:00,284.838525390625,285.0,283.7,284.525,286.10062522598804,287.1653129047179,288.0281932331824,276.0499999999999,Up,31
2026-01-01 11:30:00,284.6817626953125,285.0,284.1,284.475,285.9528411145346,287.0598104378662,287.99283807663335,276.0499999999999,Up,6
2026-01-01 11:45:00,284.57838134765626,285.4,284.4,284.85,285.85258283139507,286.9731512050087,287.9615660559703,276.0499999999999,Up,13
2026-01-01 12:00:00,284.7141906738281,285.7,284.6,285.2,285.79325711945006,286.9036158636358,287.9340877867567,276.0499999999999,Up,29
2026-01-01 12:15:00,284.95709533691405,285.4,284.1,284.8,285.70296101768184,286.8211211238854,287.9029028336547,276.0499999999999,Up,32
2026-01-01 12:30:00,284.87854766845703,284.87854766845703,282.9,283.9,285.53905547061987,286.7065673543213,287.8630729547129,276.0499999999999,Up,46
2026-01-01 12:45:00,284.3892738342285,285.5,283.7,284.35,285.43095951874534,286.61415294826946,287.82811700491476,276.0499999999999,Up,12
2026-01-01 13:00:00,284.36963691711424,284.5,284.36963691711424,284.45,285.34178138067756,286.52928420520004,287.79450390038824,276.0499999999999,Up,1
2026-01-01 13:15:00,284.4098184585571,284.6,284.0,284.25,285.2425285278887,286.4399005108785,287.759235204862,276.0499999999999,Up,9
2026-01-01 13:30:00,284.32990922927854,284.32990922927854,284.0,284.05,285.13411684353514,286.3461789222166,287.7223273918783,276.28397939420273,Up,2
2026-01-01 13:45:00,284.1899546146393,284.5,284.1,284.275,285.0560153123046,286.26495621938454,287.688025626785,276.97184070869406,Up,4
2026-01-01 14:00:00,284.23247730731964,284.4,283.7,284.125,284.97137755664056,286.18103636764397,287.65257263547375,277.13349155335817,Up,50
2026-01-01 14:15:00,284.1787386536598,286.0,284.0,285.0,284.973979596946,286.1347212159717,287.62617887790685,277.98499232123476,Up,36
2026-01-01 14:30:00,284.5893693268299,286.0,284.4,285.575,285.0286178154054,286.11277136436496,287.6057691378282,278.24090211021337,Up,22
2026-01-01 14:45:00,285.082184663415,285.9,285.082184663415,285.725,285.0919252867322,286.09756464419377,287.5870550170538,278.8672523095069,Up,12
2026-01-01 15:00:00,285.4035923317075,286.8,285.3,285.75,285.15175026066566,286.0839346581469,287.56877586265523,279.48287270709045,Up,60
2026-01-01 15:15:00,285.5767961658537,285.9,285.3,285.525,285.18568205515055,286.0620156519451,287.5484397844199,279.48287270709045,Up,6
2026-01-01 15:30:00,285.5508980829269,285.8,285.5508980829269,285.70000000000005,285.2324382319551,286.04781895971195,287.53004734875407,279.949724006001,Up,12
2026-01-01 15:45:00,285.62544904146347,285.9,285.62544904146347,285.825,285.2863074835955,286.03908096129186,287.51308170349284,280.45768323084343,Up,9
2026-01-01 16:00:00,285.72522452073173,286.0,285.72522452073173,285.9,285.3420977123596,286.03362680594705,287.497031139279,280.93992909527896,Up,2
2026-01-01 16:15:00,285.8126122603659,286.2,285.8,286.05,285.40645246578146,286.0342688919884,287.48263281948516,281.3793789408301,Up,13
2026-01-01 16:30:00,285.931306130183,286.7,285.931306130183,286.20000000000005,285.47859315071037,286.04076815112614,287.4698703038684,281.8355634222763,Up,20
2026-01-01 16:45:00,286.0656530650915,286.6,286.0,286.275,285.550993773373,286.0499537138271,287.4579810471135,282.0090094156226,Up,20
2026-01-01 17:00:00,286.17032653254574,287.0,286.0,286.4,285.62817615761185,286.06368101916723,287.4474538725154,282.2354631051114,Up,46
2026-01-01 17:45:00,286.2851632662729,286.2851632662729,286.2,286.2,285.68016014328344,286.06902686155286,287.4350413961719,282.29300263778316,Up,0
2026-01-01 19:15:00,286.2425816331364,286.2425816331364,286.2,286.2,285.7274183120758,286.0741630630606,287.4227524270558,282.6152802269247,Up,0
2026-01-02 09:00:00,286.22129081656817,286.22129081656817,281.9,284.15,285.5840166473416,285.9987056880386,287.3901877262891,282.6152802269247,Up,36
2026-01-02 09:15:00,285.1856454082841,285.1856454082841,282.7,283.5,285.39456058849237,285.9007172296842,287.3514793907042,282.6152802269247,Up,105
2026-01-02 09:30:00,284.342822704142,284.342822704142,283.1,283.7,285.2405096259022,285.814414593226,287.3151462624385,282.6152802269247,Up,45
2026-01-02 09:45:00,284.021411352071,284.5,283.7,284.07500000000005,285.1345542053656,285.74620225623676,287.2829060011207,282.6152802269247,Up,27
2026-01-02 10:00:00,284.04820567603554,284.3,283.8,284.075,285.0382310957869,285.6806649128549,287.250986538423,282.6152802269247,Up,18
2026-01-02 10:15:00,284.06160283801773,284.3,283.5,283.9,284.93475554162444,285.6108349162724,287.21764338878694,282.6152802269247,Up,21
2026-01-02 10:30:00,283.98080141900886,283.98080141900886,283.1,283.3,284.78614140147675,285.5202139391637,287.17866186253036,282.6152802269247,Up,19
2026-01-02 10:45:00,283.64040070950443,283.64040070950443,282.1,282.725,284.5987649104334,285.41059770625526,287.1343468191221,282.6152802269247,Up,173
2026-01-02 11:00:00,283.1827003547522,283.1827003547522,282.5,282.675,284.42387719130306,285.3033193648335,287.08997520898157,282.6152802269247,Up,42
2026-01-02 11:15:00,282.92885017737615,282.92885017737615,282.3,282.625,284.2603429011846,285.19828723287924,287.0455475949619,282.6152802269247,Up,22
2026-01-02 11:30:00,282.7769250886881,283.5,282.5,283.025,284.1480390010769,285.1130602825703,287.00554214625583,282.6152802269247,Up,28
2026-01-02 11:45:00,282.900962544344,284.5,282.900962544344,283.75,284.1118536373426,285.0596069381558,286.9731486920643,282.6152802269247,Up,27
2026-01-02 12:00:00,283.325481272172,284.0,282.9,283.625,284.067594215766,285.00334784254187,286.93983377970545,282.6152802269247,Up,20
2026-01-02 12:15:00,283.475240636086,283.8,282.8,283.32500000000005,284.00008565069635,284.9375302800893,286.903865284385,282.6152802269247,Up,26
2026-01-02 12:30:00,283.40012031804304,283.40012031804304,282.7,283.0,283.9091687733603,284.86154870047795,286.8650208536946,282.6152802269247,Up,16
2026-01-02 12:45:00,283.2000601590215,283.3,282.9,283.075,283.8333352485094,284.79148796712593,286.8273092034091,282.6152802269247,Up,18
2026-01-02 13:00:00,283.1375300795107,283.2,282.5,282.95,283.7530320440995,284.7192727527289,286.7887290123304,282.6152802269247,Up,27
2026-01-02 13:15:00,283.0437650397554,283.5,282.8,283.25,283.7073018582723,284.6616542134062,286.7535177783769,282.6152802269247,Up,14
2026-01-02 13:30:00,283.1468825198777,283.5,282.5,283.075,283.64981987115664,284.5994324795472,286.71691561142785,282.6152802269247,Up,14
2026-01-02 13:45:00,283.11094125993884,283.11094125993884,282.7,282.92500000000007,283.58392715559694,284.53376846074144,286.6791851078316,282.6152802269247,Up,6
2026-01-02 14:00:00,283.01797062996945,284.4,283.01797062996945,283.75,283.5990246869063,284.50303244267315,286.6500389873557,282.6152802269247,Up,49
2026-01-02 14:15:00,283.3839853149847,285.0,283.3839853149847,284.67499999999995,283.69684062446026,284.5097762684507,286.63038685812825,282.6152802269247,Up,63
2026-01-02 14:30:00,284.0294926574924,285.3,284.0294926574924,285.05,283.8198551131457,284.53096151282523,286.61466161575885,282.6152802269247,Up,34
2026-01-02 14:45:00,284.5397463287462,285.3,284.5397463287462,284.95000000000005,283.9225955574052,284.5473943946752,286.5980978185871,282.6152802269247,Up,31
2026-01-02 15:00:00,284.74487316437313,285.2,284.7,284.95,284.01599596127744,284.563182849786,286.58169883531764,282.6152802269247,Up,22
2026-01-02 15:15:00,284.84743658218656,285.2,284.8,285.025,284.1077236011613,284.58129332626504,286.5662092946677,282.6152802269247,Up,2
2026-01-02 15:30:00,284.93621829109327,284.93621829109327,284.4,284.725,284.16383963741936,284.5869288820978,286.54788880417357,282.6152802269247,Up,13
2026-01-02 15:45:00,284.83060914554665,284.9,284.7,284.775,284.2193996703812,284.5943042200548,286.5302481195549,282.6152802269247,Up,8
2026-01-02 16:00:00,284.8028045727733,285.0,284.7,284.85,284.27672697307383,284.6043315055429,286.5135292327932,282.6152802269247,Up,5
2026-01-02 16:15:00,284.82640228638667,284.9,284.0,284.45,284.29247906643076,284.59827928963927,286.4929966036112,282.6152802269247,Up,45
2026-01-02 16:30:00,284.6382011431933,284.6382011431933,284.0,284.3,284.29316278766436,284.5865820625946,286.4711757418837,282.6152802269247,Up,3
2026-01-02 16:45:00,284.46910057159664,286.1,284.2,285.20000000000005,284.37560253424033,284.61063766798304,286.4585272270391,282.6152802269247,Up,15
2026-01-02 17:00:00,284.83455028579834,285.9,284.8,285.35,284.46418412203667,284.63963226923863,286.447497105377,282.6152802269247,Up,16
2026-01-02 17:15:00,285.09227514289915,285.7,284.8,285.1,284.5219855654879,284.6576859057391,286.4340891739802,282.6152802269247,Up,24
2026-01-02 17:30:00,285.0961375714496,286.5,285.0961375714496,285.65,284.6245323322617,284.69660018394535,286.42628729165205,282.6152802269247,Up,47
2026-01-02 17:45:00,285.3730687857248,288.1,285.3730687857248,286.95000000000005,284.83593848387426,284.78496880418277,286.43149836337693,282.6152802269247,Up,67
2026-01-02 18:00:00,286.16153439286245,288.1,286.1,287.1,285.04176225806754,284.87575434127365,286.43815012095524,282.6152802269247,Up,49
2026-01-02 18:15:00,286.63076719643124,286.8,285.5,285.975,285.12660205278866,284.91886201416486,286.4335416620403,282.6152802269247,Up,40
2026-01-02 18:30:00,286.30288359821566,286.30288359821566,284.7,285.29999999999995,285.14236550253514,284.9338086018447,286.4222626405275,282.6152802269247,Up,30
2026-01-02 18:45:00,285.8014417991078,285.8014417991078,283.6,284.95,285.12487772957735,284.9344435586351,286.4076132610198,282.6152802269247,Up,97
2026-01-02 19:00:00,285.3757208995539,286.7,285.0,285.6,285.1680706632521,284.96054381123764,286.39957730817383,282.6152802269247,Up,69
2026-01-02 19:15:00,285.4878604497769,285.5,284.0,285.0,285.1527915120474,284.9620911127578,286.38565116580395,282.6152802269247,Up,67
2026-01-02 19:30:00,285.24393022488846,286.0,284.5,285.375,285.17299228367943,284.9782836181398,286.37559493529847,282.6152802269247,Up,23
2026-01-02 19:45:00,285.30946511244423,285.8,283.5,284.725,285.1322657124358,284.9683509272324,286.35917110509655,282.6152802269247,Up,85
2026-01-02 20:00:00,285.0172325562221,285.0172325562221,283.3,283.675,284.9997870113053,284.9176312830272,286.3324629348966,282.6152802269247,Up,28
2026-01-02 20:15:00,284.346116278111,284.346116278111,282.7,283.125,284.8293518284593,284.8473320170262,286.30054788081804,282.6152802269247,Up,84
2026-01-02 20:30:00,283.7355581390555,283.7355581390555,282.0,282.55,284.6221380258721,284.7572405653781,286.26322899643185,289.0440905008309,Down,84
2026-01-02 20:45:00,283.14277906952776,283.14277906952776,282.4,282.6,284.4383072962474,284.6726428961476,286.22677895666635,288.6563195885042,Down,20
2026-01-02 21:00:00,282.8713895347639,283.6,282.4,283.0,284.30755208749764,284.607049057083,286.1946717033662,288.6563195885042,Down,18
2026-01-02 21:15:00,282.935694767382,285.3,282.935694767382,284.125,284.29095644317965,284.58814517249147,286.17407795507404,288.6563195885042,Down,94
2026-01-02 21:30:00,283.530347383691,285.3,283.530347383691,284.575,284.31677858470874,284.58762967553105,286.15816673164045,288.6563195885042,Down,73
2026-01-02 21:45:00,284.0526736918455,285.3,284.0,284.75,284.3561623497352,284.59399713923574,286.14415512237036,288.6563195885042,Down,34
2026-01-02 22:00:00,284.40133684592274,285.0,283.9,284.375,284.35787486339564,284.58540901612844,286.12655158881444,288.6563195885042,Down,29
2026-01-02 22:15:00,284.38816842296137,284.6,284.0,284.25,284.34806805763236,284.57225572137827,286.1078794337019,288.6563195885042,Down,8
2026-01-02 22:30:00,284.3190842114807,284.4,283.1,284.0,284.3164255069385,284.5498143205399,286.0869055089885,288.6563195885042,Down,37
2026-01-02 22:45:00,284.15954210574034,286.1,284.15954210574034,285.15,284.39220500630773,284.57335101385206,286.07758306611294,288.6563195885042,Down,67
2026-01-02 23:00:00,284.65477105287016,285.9,284.65477105287016,285.45,284.48836818755245,284.6077294054657,286.07133845848995,288.6563195885042,Down,26
2026-01-02 23:15:00,285.05238552643505,285.7,284.9,285.29999999999995,284.5621528977749,284.634877271918,286.06366344895275,288.6563195885042,Down,23
2026-01-02 23:30:00,285.1761927632175,285.2,284.0,284.6,284.56559354343176,284.6335095357644,286.04909963354027,288.6563195885042,Down,32
2026-01-02 23:45:00,284.8880963816088,285.0,284.0,284.475,284.5573577667561,284.6272934755384,286.0334369506195,288.6563195885042,Down,27
2026-01-03 00:00:00,284.6815481908044,285.5,284.5,285.075,284.60441615159647,284.64485059414477,286.02390026454367,288.6563195885042,Down,27
2026-01-05 09:00:00,284.87827409540216,284.87827409540216,267.7,271.55,283.41765104690586,284.1313270414332,285.8798813564388,287.38459861535847,Down,32
2026-01-05 09:15:00,278.2141370477011,278.2141370477011,269.3,271.29999999999995,282.3160464062781,283.62813774569076,285.7348079101061,287.0853561481577,Down,346
2026-01-05 09:30:00,274.75706852385053,274.75706852385053,270.0,270.75,281.264587642071,283.1231127360559,285.5857053438364,286.2250024745138,Down,140
2026-01-05 09:45:00,272.75353426192527,272.75353426192527,270.7,271.05,280.33598876551906,282.6496573346419,285.44107145981815,285.0612052376523,Down,79
2026-01-05 10:00:00,271.90176713096264,271.90176713096264,270.3,270.875,279.4758988777446,282.18790606661673,285.2961354253921,283.8055608010038,Down,54
2026-01-05 10:15:00,271.3883835654813,271.3883835654813,270.3,270.9,278.6962717070405,281.74524308361214,285.15289029678127,282.7896742024816,Down,50
2026-01-05 10:30:00,271.1441917827407,272.2,270.9,271.525,278.0443379154914,281.344449237196,285.0172893983058,282.7896742024816,Down,64
2026-01-05 10:45:00,271.3345958913703,272.9,271.3345958913703,272.29999999999995,277.5221253777194,280.9897649533844,284.8907492052878,282.7896742024816,Down,68
2026-01-05 11:00:00,271.81729794568514,273.2,271.81729794568514,272.9,277.10193216156307,280.67251926893795,284.7714382679218,282.7896742024816,Down,14
2026-01-05 11:15:00,272.35864897284256,272.9,272.1,272.525,276.6858474196028,280.35300870937175,284.6495831607783,282.23253740989435,Down,18
2026-01-05 11:30:00,272.4418244864213,272.8,272.0,272.45,276.3007703814571,280.0430867992003,284.52819427360646,281.5386703726312,Down,34
2026-01-05 11:45:00,272.4459122432106,273.3,271.0,272.5,275.9552458013246,279.74727947374146,284.408510748496,281.2942457933011,Down,41
2026-01-05 12:00:00,272.4729561216053,273.0,271.7,272.575,275.6479507284769,279.46601361202613,284.29076437288904,281.1356779939101,Down,26
2026-01-05 12:15:00,272.5239780608026,272.9,272.2,272.5,275.36177338952444,279.19283660763296,284.17344333435284,280.79152544900916,Down,7
2026-01-05 12:30:00,272.5119890304013,272.8,272.1,272.45,275.0970667177495,278.92841164262774,284.0567921568966,280.19684131728116,Down,45
2026-01-05 12:45:00,272.4809945152007,272.8,272.4,272.675,274.8768788343177,278.6831798135051,283.9435404936439,279.78803756116463,Down,47
2026-01-05 13:00:00,272.5779972576004,273.0,272.5779972576004,272.75,274.6835262130161,278.4505060953284,283.8321619812694,279.4770337725497,Down,56
2026-01-05 13:15:00,272.6639986288002,273.0,272.6,272.75,274.5077511027419,278.2269568366881,283.72189171279905,279.02548649431776,Down,30
2026-01-05 13:30:00,272.7069993144001,273.3,272.7069993144001,273.02500000000003,274.3729555479472,278.022958529367,283.6154549793383,278.87866944679797,Down,47
2026-01-05 13:45:00,272.86599965720006,273.7,272.86599965720006,273.35,274.2799595890429,277.8397052537056,283.5133111486981,278.87866944679797,Down,23
2026-01-05 14:00:00,273.10799982860004,273.9,273.10799982860004,273.65,274.22269053549354,277.6754030868936,283.4151687492086,278.87866944679797,Down,28
2026-01-05 14:15:00,273.37899991430004,274.8,273.37899991430004,273.825,274.18653685044865,277.52440688740757,283.3197441845399,278.87866944679797,Down,63
2026-01-05 14:30:00,273.60199995715004,273.9,273.3,273.525,274.12639713677146,277.3675674016269,283.2222840434002,278.76662389427815,Down,29
2026-01-05 14:45:00,273.563499978575,274.3,273.5,273.75,274.0921792152468,277.2257020133278,283.1280324608788,278.76662389427815,Down,16
2026-01-05 15:00:00,273.6567499892875,273.7,272.8,273.25,274.01561746840616,277.0697921304522,283.0297435806711,278.1298544580811,Down,12
2026-01-05 15:15:00,273.4533749946437,273.8,272.8,273.3,273.9505613349147,276.92195714494426,282.9329302117092,278.0998676891647,Down,16
2026-01-05 15:30:00,273.3766874973219,273.8,273.3766874973219,273.725,273.9300557590134,276.7965862765151,282.84130901557285,278.0998676891647,Down,21
2026-01-05 15:45:00,273.5508437486609,273.7,273.0,273.475,273.88868705364854,276.6663279911616,282.7481119109403,277.74575842079724,Down,12
2026-01-05 16:00:00,273.51292187433046,274.4,273.5,273.925,273.89198823058956,276.5588249326847,282.66031975262246,277.74575842079724,Down,19
2026-01-05 16:15:00,273.7189609371652,274.6,273.7189609371652,274.1,273.9108983914451,276.46240042552057,282.5751424416511,277.74575842079724,Down,57
2026-01-05 16:30:00,273.9094804685826,274.3,273.4,273.925,273.91218035585916,276.36289452648055,282.48907137257993,277.74575842079724,Down,19
2026-01-05 16:45:00,273.9172402342913,274.3,273.3,273.9,273.91107305078106,276.2663104274029,282.4036079758379,277.74575842079724,Down,14
2026-01-05 17:00:00,273.90862011714563,273.90862011714563,273.0,273.4,273.8646118643464,276.15390609691656,282.31401983677483,277.58563485248885,Down,21
2026-01-05 17:15:00,273.65431005857283,273.65431005857283,272.7,273.0,273.78601078576946,276.0302235048806,282.2213430224786,277.2799266814184,Down,18
2026-01-05 17:30:00,273.3271550292864,273.6,271.5,272.45000000000005,273.6645552597904,275.8898225831206,282.12411572872264,277.0434287746655,Down,41
2026-01-05 17:45:00,272.8885775146432,272.8885775146432,271.2,271.57500000000005,273.47459569071856,275.72061385437075,282.0191494030637,276.74325219416045,Down,62
2026-01-05 18:00:00,272.2317887573216,272.2317887573216,270.8,271.225,273.2700869915623,275.5443152718464,281.91174493139147,276.3083297784495,Down,127
2026-01-05 18:15:00,271.7283943786608,271.7283943786608,269.9,270.625,273.02962453778395,275.3514009474603,281.79943901167616,275.8358273268331,Down,100
2026-01-05 18:30:00,271.1766971893304,271.1766971893304,269.5,270.05,272.7587495798036,275.1435028710893,281.6825291707639,275.51317497033324,Down,49
2026-01-05 18:45:00,270.61334859466524,270.61334859466524,266.5,268.975,272.414772345276,274.9016007977133,281.55608609443794,274.7568250369091,Down,301
2026-01-05 19:00:00,269.79417429733263,269.79417429733263,266.3,268.275,272.0384294047964,274.6417340997637,281.4239359840455,274.7568250369091,Down,263
2026-01-05 19:15:00,269.03458714866633,269.03458714866633,264.5,266.375,271.5235721861785,274.3175484487926,281.27419532748786,274.69542481724454,Down,282
2026-01-05 19:30:00,267.7047935743332,267.7047935743332,264.1,265.125,270.94188380561684,273.9570563527615,281.1135068167666,274.4206228532072,Down,175
2026-01-05 19:45:00,266.4148967871666,266.4148967871666,261.7,263.85,270.2971670960153,273.5607012016729,280.9417306295351,273.51579819440803,Down,388
2026-01-05 20:00:00,265.13244839358333,265.2,260.6,263.17499999999995,269.6496973600139,273.1534188016073,280.7649472401865,273.1712270916588,Down,338
2026-01-05 20:15:00,264.15372419679164,265.8,262.5,263.975,269.1338157818308,272.79348080938746,280.5978830885428,273.1712270916588,Down,149
2026-01-05 20:30:00,264.0643620983958,265.2,263.6,264.375,268.7011961653007,272.46334430705855,280.43646136626876,273.1712270916588,Down,116
2026-01-05 20:45:00,264.2196810491979,264.6,262.8,263.5,268.2283601502734,272.1118406087425,280.2679393626243,273.1712270916588,Down,134
2026-01-05 21:00:00,263.8598405245989,264.0,262.6,263.35,267.7848728638849,271.7682390162428,280.0996016575236,272.8019377717771,Down,83
2026-01-05 21:15:00,263.6049202622995,264.0,263.0,263.525,267.3976116944408,271.44497474109596,279.93468024799597,272.5017616107064,Down,65
2026-01-05 21:30:00,263.56496013114975,264.2,263.1,263.525,267.04555608585525,271.1343874963471,279.7713998475184,272.2334196460967,Down,43
2026-01-05 21:45:00,263.54498006557486,264.0,263.0,263.5,266.72323280532294,270.8349997513923,279.6094953714237,271.6667451328152,Down,43
2026-01-05 22:00:00,263.52249003278746,264.8,262.6,263.925,266.468848004839,270.56401936898476,279.45343074086225,271.6667451328152,Down,94
2026-01-05 22:15:00,263.72374501639376,265.0,263.72374501639376,264.575,266.2966800043991,270.3291558643187,279.3053866538885,271.6667451328152,Down,65
2026-01-05 22:30:00,264.14937250819685,264.8,263.3,263.975,266.08561818581734,270.07997328140425,279.1528454931533,271.6667451328152,Down,25
2026-01-05 22:45:00,264.0621862540984,265.1,263.3,264.20000000000005,265.91419835074305,269.8493860938982,279.0040609608831,271.6667451328152,Down,36
2026-01-05 23:00:00,264.1310931270492,266.6,264.1310931270492,265.45,265.8719985006755,269.6768611490395,278.86919468266535,271.6667451328152,Down,102
2026-01-05 23:15:00,264.7905465635246,266.6,264.3,265.15,265.80636227334134,269.4993371824105,278.73268528283785,271.6667451328152,Down,72
2026-01-05 23:30:00,264.9702732817623,266.2,264.3,265.025,265.7353293394012,269.3238729791787,278.59629040440166,271.6667451328152,Down,49
2026-01-05 23:45:00,264.9976366408811,265.3,263.3,264.625,265.63439030854653,269.1396034505835,278.4572725894325,271.6667451328152,Down,123
2026-01-06 00:00:00,264.8113183204406,266.5,264.0,265.05,265.5812639168605,268.97922684467824,278.3238668920252,271.6667451328152,Down,84
2026-01-06 09:00:00,264.9306591602204,265.1,262.7,263.95,265.4329671971459,268.78200226253404,278.1808433408608,271.6667451328152,Down,22
2026-01-06 09:15:00,264.4403295801102,264.4403295801102,262.8,263.45000000000005,265.25269745195084,268.5729041345915,278.0342677852304,271.6667451328152,Down,96
2026-01-06 09:30:00,263.9451647900551,264.0,262.9,263.45,265.08881586540986,268.37200593323496,277.88915069284,271.2532572941837,Down,83
2026-01-06 09:45:00,263.69758239502755,264.2,263.0,263.57500000000005,264.95119624128165,268.18388805350025,277.74672133271224,271.1302339038034,Down,86
2026-01-06 10:00:00,263.6362911975138,264.2,263.1,263.625,264.8306329466197,268.00510812983356,277.6062066925858,270.8956671852757,Down,46
2026-01-06 10:15:00,263.6306455987569,263.6306455987569,262.8,263.125,264.6755754060179,267.8137313404283,277.46211508370436,270.10434591281347,Down,34
2026-01-06 10:30:00,263.37782279937846,263.37782279937846,262.7,263.025,264.5255230963799,267.62593795452915,277.31846219729937,269.548140702586,Down,46
2026-01-06 10:45:00,263.2014113996892,263.3,262.9,263.125,264.39820281489085,267.44943058376333,277.1772337177243,269.16293572990617,Down,27
2026-01-06 11:00:00,263.16320569984464,263.6,263.1,263.32500000000005,264.300638922628,267.2876882079295,277.03940054640367,269.0435779362783,Down,44
2026-01-06 11:15:00,263.24410284992234,263.6,261.6,262.675,264.1528535660255,267.1067984742852,276.896471187733,268.50325266934396,Down,64
2026-01-06 11:30:00,262.9595514249612,262.9595514249612,262.0,262.5,264.0025941509323,266.9261397105878,276.75322271820335,268.19529683914277,Down,18
2026-01-06 11:45:00,262.7297757124806,263.0,261.5,262.35,263.85235831902935,266.7466832513491,276.60990706926606,267.9913828424202,Down,56
2026-01-06 12:00:00,262.5398878562403,262.7,261.9,262.15,263.69759847184486,266.5664211630609,276.46602739693503,267.81034803856375,Down,37
2026-01-06 12:15:00,262.34494392812013,262.34494392812013,261.9,262.1,263.55236224713167,266.39126739196047,276.3230818506969,267.29367706388905,Down,16
2026-01-06 12:30:00,262.22247196406005,262.22247196406005,261.2,261.79999999999995,263.39305658830153,266.211217690315,276.17857357357553,266.78413951426,Down,27
2026-01-06 12:45:00,262.01123598203003,262.01123598203003,261.2,261.525,263.22323326209226,266.02744444755757,276.03276687135093,266.51234337741687,Down,18
2026-01-06 13:00:00,261.768117991015,262.8,261.6,262.125,263.1233938746293,265.8744074103984,275.89438113133747,266.51234337741687,Down,26
2026-01-06 13:15:00,261.9465589955076,262.8,261.9465589955076,262.625,263.0780853405721,265.74697966881416,275.7623474882396,266.51234337741687,Down,5
2026-01-06 13:30:00,262.28577949775377,262.8,262.0,262.5,263.0255321277928,265.61964713278223,275.6303838316402,266.51234337741687,Down,17
2026-01-06 13:45:00,262.3928897488769,262.4,262.0,262.25,262.95502920708435,265.48750410796725,275.4972456840617,266.51234337741687,Down,7
2026-01-06 14:00:00,262.32144487443844,262.4,262.0,262.2,262.8863901882585,265.35858237824306,275.3649347817327,266.34768950728557,Down,13
2026-01-06 14:15:00,262.2607224372192,262.5,262.1,262.225,262.8262638075077,265.23569679478254,275.234189162014,266.21608137025964,Down,12
2026-01-06 14:30:00,262.2428612186096,262.3,262.1,262.15000000000003,262.7647852795524,265.11468907734013,275.10399822507856,265.8328012456906,Down,15
2026-01-06 14:45:00,262.1964306093048,262.5,262.1,262.3,262.7225320723204,265.0043091135229,274.9765952576648,265.74800113244595,Down,12
2026-01-06 15:00:00,262.2482153046524,263.0,262.2482153046524,262.675,262.7182109748367,264.91296365809063,274.8541913247528,265.74800113244595,Down,12
2026-01-06 15:15:00,262.46160765232617,263.0,262.46160765232617,262.8,262.72564634076065,264.8301023381655,274.7342491225164,265.74800113244595,Down,37
2026-01-06 15:30:00,262.63080382616306,263.2,262.5,262.925,262.74376940069146,264.75539244255117,274.6167441561232,265.74800113244595,Down,43
2026-01-06 15:45:00,262.7779019130816,264.0,262.7779019130816,263.6,262.82160854608316,264.7100829350001,274.5071248112862,265.74800113244595,Down,46
2026-01-06 16:00:00,263.1889509565408,264.0,263.1,263.6,262.8923714055301,264.66655027088245,274.39859620619876,265.74800113244595,Down,21
2026-01-06 16:15:00,263.3944754782704,263.9,263.2,263.475,262.945337641391,264.61982280927924,274.2899037066346,265.74800113244595,Down,28
2026-01-06 16:30:00,263.43473773913524,263.5,262.5,263.1,262.95939785581,264.5602219147977,274.17856138119544,265.74800113244595,Down,34
2026-01-06 16:45:00,263.26736886956763,263.26736886956763,262.1,262.6,262.92672532346364,264.4833504671586,274.0633518152134,265.74800113244595,Down,53
2026-01-06 17:00:00,262.9336844347838,262.9336844347838,261.5,262.25,262.8652048395124,264.3957680958975,273.94580602600735,265.74800113244595,Down,49
2026-01-06 17:15:00,262.5918422173919,262.8,261.9,262.4,262.8229134904658,264.3175026803721,273.83092238395756,265.74800113244595,Down,17
2026-01-06 17:30:00,262.49592110869594,262.8,261.5,262.05,262.75264862769615,264.22858100663206,273.71369927565945,265.74800113244595,Down,18
2026-01-06 17:45:00,262.27296055434795,262.27296055434795,260.0,260.875,262.58195329790556,264.0970680259798,273.58595102416035,265.46748637617856,Down,153
2026-01-06 18:00:00,261.573980277174,261.573980277174,260.3,260.975,262.4358666344596,263.9746339857453,273.4604689244175,265.3375339657453,Down,68
2026-01-06 18:15:00,261.274490138587,261.5,260.0,260.9,262.29624239496326,263.8540601039514,273.3354891341248,265.29594893378027,Down,130
2026-01-06 18:30:00,261.0872450692935,261.7,260.3,260.95,262.17385672269387,263.7401753939925,273.2122504362729,265.29594893378027,Down,83
2026-01-06 18:45:00,261.01862253464674,261.2,259.7,260.525,262.0239606569944,263.61409008442416,273.0860091383995,265.21524705271094,Down,92
2026-01-06 19:00:00,260.77181126732336,260.77181126732336,259.5,260.0,261.8399642336313,263.4723610615056,272.9558000922463,264.9304252333347,Down,84
2026-01-06 19:15:00,260.38590563366165,260.38590563366165,258.0,259.07500000000005,261.5886038487557,263.29991552968187,272.8176826783931,264.419209046956,Down,201
2026-01-06 19:30:00,259.73045281683085,259.9,257.5,258.3,261.2896398625052,263.1038404108708,272.67322812437925,264.32386930011376,Down,145
2026-01-06 19:45:00,259.0152264084154,260.0,257.7,258.85,261.0678544204593,262.93702313985625,272.53568356592774,264.32386930011376,Down,95
2026-01-06 20:00:00,258.9326132042077,262.0,258.9326132042077,260.85,261.0480494731448,262.855179095156,272.4194081075603,264.32386930011376,Down,192
2026-01-06 20:15:00,259.8913066021039,261.7,259.8913066021039,261.175,261.0595904301316,262.7892897188754,272.3075234497736,264.32386930011376,Down,39
2026-01-06 20:30:00,260.5331533010519,261.3,260.4,260.775,261.0337185728469,262.71029796519406,272.19277197266143,264.32386930011376,Down,23
2026-01-06 20:45:00,260.65407665052595,260.65407665052595,259.0,259.92499999999995,260.93292597531536,262.60107059400997,272.0707045898489,264.32386930011376,Down,80
2026-01-06 21:00:00,260.2895383252629,260.2895383252629,259.0,259.475,260.8003872502867,262.47847959032333,271.94537419592007,264.32386930011376,Down,68
2026-01-06 21:15:00,259.8822691626315,260.6,259.1,259.85,260.71398840935154,262.3754019593303,271.82502221387114,264.32386930011376,Down,68
2026-01-06 21:30:00,259.86613458131575,262.0,259.86613458131575,261.25,260.7627167357741,262.3312685491605,271.7197981122406,264.32386930011376,Down,96
2026-01-06 21:45:00,260.55806729065785,261.8,260.55806729065785,261.3,260.8115606688856,262.2908266452718,271.6161185290343,264.32386930011376,Down,34
2026-01-06 22:00:00,260.9290336453289,262.9,260.9290336453289,261.875,260.90823697171413,262.2745197180063,271.5191919765066,264.32386930011376,Down,148
2026-01-06 22:15:00,261.40201682266445,262.8,261.40201682266445,262.35,261.0393063379219,262.27747972906485,271.42795623544686,264.32386930011376,Down,50
2026-01-06 22:30:00,261.87600841133224,262.8,261.6,262.125,261.1380057617472,262.2715001318466,271.3353895067359,264.32386930011376,Down,41
2026-01-06 22:45:00,262.0005042056661,262.1,261.2,261.725,261.19136887431563,262.25006875412714,271.2397637404997,264.32386930011376,Down,40
2026-01-06 23:00:00,261.86275210283304,262.9,261.3,262.05,261.26942624937783,262.24222292063195,271.1483233052709,264.32386930011376,Down,81
2026-01-06 23:15:00,261.95637605141656,262.5,261.8,262.2,261.3540238630707,262.24056711982286,271.05928526243235,264.32386930011376,Down,28
2026-01-06 23:30:00,262.0781880257083,262.4,261.6,262.1,261.42183987551886,262.23505468375134,270.97013814539326,264.32386930011376,Down,23
2026-01-06 23:45:00,262.08909401285416,263.0,261.6,262.3,261.50167261410803,262.23760155889835,270.88386811409583,264.32386930011376,Down,54
2026-01-07 00:00:00,262.1945470064271,262.8,262.1945470064271,262.425,261.58561146737094,262.24495051737296,270.79970027216456,264.32386930011376,Down,58
2026-01-07 09:00:00,262.3097735032136,267.5,262.3097735032136,266.525,262.034646788519,262.41279559512304,270.75716594109826,258.2422429671481,Up,18
2026-01-07 09:15:00,264.4173867516068,266.3,264.4173867516068,265.575,262.3564970804718,262.5368036110006,270.70560210088837,258.53533966324346,Up,174
2026-01-07 09:30:00,264.9961933758034,265.5,263.6,264.45000000000005,262.54681552770165,262.6118309203731,270.64335730386466,258.53533966324346,Up,50
2026-01-07 09:45:00,264.7230966879017,264.7230966879017,263.6,264.1,262.6880141160924,262.6701904921232,270.5782492709904,258.53533966324346,Up,32
2026-01-07 10:00:00,264.41154834395087,264.9,264.2,264.5,262.85274010553854,262.7419477277262,270.51776917874173,258.53533966324346,Up,22
2026-01-07 10:15:00,264.45577417197546,264.9,264.1,264.40000000000003,262.99340009594414,262.8069693854624,270.45689585358014,258.53533966324346,Up,22
2026-01-07 10:30:00,264.4278870859878,264.6,264.4278870859878,264.55,263.134909178131,262.875323527209,270.3981207704599,258.90220300413563,Up,9
2026-01-07 10:45:00,264.48894354299387,264.6,263.7,264.225,263.2340083437555,262.92825201633804,270.33669668319163,258.90220300413563,Up,25
2026-01-07 11:00:00,264.35697177149694,264.9,264.0,264.45,263.3445530397777,262.9879284078542,270.2781225868415,259.18740451334025,Up,20
2026-01-07 11:15:00,264.40348588574847,266.6,264.40348588574847,265.425,263.53368458161606,263.08349984284035,270.22983280985807,259.9188328225466,Up,102
2026-01-07 11:30:00,264.91424294287424,267.1,264.91424294287424,266.125,263.76925871056005,263.2027743588074,270.1889887022973,260.13692788672995,Up,89
2026-01-07 11:45:00,265.5196214714371,266.8,265.5196214714371,266.475,264.01523519141824,263.33109693297183,270.1520335908317,260.3576789210528,Up,35
2026-01-07 12:00:00,265.99731073571854,266.5,265.4,266.17499999999995,264.21157744674383,263.4426225434435,270.1124611172911,260.3576789210528,Up,35
2026-01-07 12:15:00,266.08615536785925,266.8,263.3,265.7,264.3468885879489,263.531147149583,270.0685560315469,260.3576789210528,Up,245
2026-01-07 12:30:00,265.8930776839296,266.5,265.8930776839296,266.275,264.5221714435899,263.63874922214836,270.03080920536235,260.3576789210528,Up,44
2026-01-07 12:45:00,266.0840388419648,266.6,266.0840388419648,266.32500000000005,264.68606494871807,263.7440923899073,269.9939354819259,260.5746336309382,Up,6
2026-01-07 13:00:00,266.2045194209824,266.2045194209824,265.7,265.90000000000003,264.79642268065277,263.82863778638153,269.95319980548885,260.5746336309382,Up,12
2026-01-07 13:15:00,266.0522597104912,266.1,265.7,265.9,264.8967478915025,263.90986767711166,269.9128694591656,260.78149934707085,Up,3
2026-01-07 13:30:00,265.97612985524563,266.1,265.5,265.8,264.97886171954775,263.98399051330335,269.8719453849451,260.92863577006443,Up,17
2026-01-07 13:45:00,265.88806492762285,266.0,265.2,265.675,265.0421470177707,264.0503046108209,269.8301847343486,260.92863577006443,Up,34
2026-01-07 14:00:00,265.78153246381146,266.3,265.78153246381146,266.15,265.14286092524605,264.13264560647497,269.79356598077305,261.52310984352926,Up,22
2026-01-07 14:15:00,265.9657662319057,266.9,265.9657662319057,266.575,265.2730553865873,264.22842421014263,269.7615404486261,261.98620139266717,Up,42
2026-01-07 14:30:00,266.2703831159529,266.8,266.1,266.45000000000005,265.380050351443,264.31554482935275,269.728589797396,262.15301661519493,Up,13
2026-01-07 14:45:00,266.36019155797646,266.5,266.1,266.20000000000005,265.45459122858455,264.38944503212326,269.6934794511533,262.2481969229044,Up,6
2026-01-07 15:00:00,266.28009577898825,266.8,266.0,266.425,265.54281020780417,264.46927071713804,269.6609572675597,262.4256335662767,Up,7
2026-01-07 15:15:00,266.35254788949413,267.3,266.35254788949413,267.02500000000003,265.6775547343674,264.56949539489733,269.63472883703673,262.86868551026924,Up,25
2026-01-07 15:30:00,266.6887739447471,267.3,266.6887739447471,267.025,265.8000497585158,264.6657896931367,269.608761385922,263.17431528457445,Up,17
2026-01-07 15:45:00,266.8568869723736,266.8568869723736,266.7,266.75,265.88640887137797,264.74752343066075,269.5803159989974,263.18746922455125,Up,5
2026-01-07 16:00:00,266.8034434861868,266.8034434861868,266.5,266.7,265.96037170125265,264.8240911392623,269.5516561383109,263.276856601175,Up,21
2026-01-07 16:15:00,266.7517217430934,267.0,266.7517217430934,266.875,266.0435197284115,264.90451893772257,269.52502274389985,263.69871074252995,Up,12
2026-01-07 16:30:00,266.8133608715467,267.5,266.8133608715467,267.04999999999995,266.1350179349196,264.98865544996875,269.5003956519207,264.018675180866,Up,41
2026-01-07 16:45:00,266.93168043577333,267.4,266.9,267.15,266.22728903174504,265.0734140597739,269.4770086305086,264.11544976826605,Up,11
2026-01-07 17:00:00,267.0408402178866,268.7,267.0408402178866,267.92499999999995,266.3816263924955,265.1852409593906,269.46156575856327,264.5084072502349,Up,92
2026-01-07 17:15:00,267.4829201089433,268.7,267.4829201089433,268.1,266.5378421749959,265.299545235493,269.4480178405676,264.5925102225343,Up,63
2026-01-07 17:30:00,267.79146005447166,267.79146005447166,266.5,267.0,266.5798565227235,265.3662297360619,269.4236594540943,264.5925102225343,Up,45
2026-01-07 17:45:00,267.3957300272358,267.3957300272358,266.0,266.375,266.5612332024759,265.40578935425555,269.3933245341531,264.5925102225343,Up,53
2026-01-07 18:00:00,266.8853650136179,267.3,266.0,266.525,266.5579392749781,265.4496799678142,269.36478399152475,264.5925102225343,Up,35
2026-01-07 18:15:00,266.7051825068089,269.5,266.2,267.9,266.6799447954346,265.54577094946853,269.350209026435,264.5925102225343,Up,119
2026-01-07 18:30:00,267.30259125340444,269.8,267.30259125340444,269.02500000000003,266.8931316322133,265.68221130439133,269.3469731157242,264.5925102225343,Up,133
2026-01-07 18:45:00,268.16379562670227,269.4,268.0,268.65,267.0528469383757,265.79859517480736,269.3400380598464,264.5925102225343,Up,69
2026-01-07 19:00:00,268.4068978133511,269.6,268.0,268.925,267.22304267125065,265.92119928559924,269.33590832790765,264.5925102225343,Up,29
2026-01-07 19:15:00,268.6659489066756,269.9,267.7,268.85,267.37094788295514,266.03605421557575,269.33107341917224,264.5925102225343,Up,68
2026-01-07 19:30:00,268.7579744533378,268.7579744533378,266.0,267.1,267.34631625723193,266.07777757967085,269.30887368365813,264.5925102225343,Up,91
2026-01-07 19:45:00,267.92898722666894,267.92898722666894,265.0,265.85,267.2102875065745,266.0688451255661,269.27445703008937,264.5925102225343,Up,87
2026-01-07 20:00:00,266.8894936133345,267.0,265.4,266.2,267.118443187795,266.0739884539753,269.2438654178497,264.5925102225343,Up,41
2026-01-07 20:15:00,266.54474680666726,268.4,266.54474680666726,267.675,267.1690392616318,266.1367732204861,269.22825481667707,264.5925102225343,Up,41
2026-01-07 20:30:00,267.1098734033336,268.3,267.0,267.65,267.2127629651198,266.1961154471337,269.21255078865045,264.5925102225343,Up,26
2026-01-07 20:45:00,267.3799367016668,267.6,266.4,267.15,267.207057241018,266.23352268450105,269.19202789523104,264.5925102225343,Up,20
2026-01-07 21:00:00,267.2649683508334,267.6,266.4,267.0,267.1882338554709,266.26358061844223,269.17021667239294,264.5925102225343,Up,41
2026-01-07 21:15:00,267.1324841754167,267.1324841754167,264.9,265.95,267.0756671413372,266.2512833392876,269.1381747154537,264.5925102225343,Up,78
2026-01-07 21:30:00,266.5412420877084,267.0,265.0,266.05,266.9824246739429,266.2433898750018,269.10744660883233,264.5925102225343,Up,64
2026-01-07 21:45:00,266.2956210438542,267.5,266.2956210438542,266.75,266.96129515812993,266.26325693872724,269.08398942864494,264.5925102225343,Up,47
2026-01-07 22:00:00,266.5228105219271,267.9,266.4,267.17499999999995,266.9807228710272,266.2990115685811,269.06499450895694,264.5925102225343,Up,42
2026-01-07 22:15:00,266.84890526096353,268.0,266.5,267.35,267.0142935191156,266.34022680118574,269.0479298869773,264.5925102225343,Up,39
2026-01-07 22:30:00,267.0994526304818,268.0,266.6,267.1,267.02208501737783,266.3700218285902,269.0285475000422,264.5925102225343,Up,57
2026-01-07 22:45:00,267.0997263152409,267.9,266.8,267.2,267.03825910670713,266.4025699921749,269.0103529975542,264.5925102225343,Up,21
2026-01-07 23:00:00,267.1498631576204,267.3,266.0,266.65,267.0029628242792,266.41227312973666,268.9868668980761,264.5925102225343,Up,76
2026-01-07 23:15:00,266.8999315788102,268.0,266.0,267.0,267.0026934766175,266.435321242296,268.96709707819474,264.5925102225343,Up,48
2026-01-07 23:30:00,266.9499657894051,270.0,266.9499657894051,268.8,267.16608497874313,266.52805374259816,268.9654344207003,264.5925102225343,Up,155
2026-01-07 23:45:00,267.8749828947025,270.0,267.8749828947025,269.05,267.3373499806756,266.6269535958296,268.9662758692506,264.5925102225343,Up,60
2026-01-08 00:00:00,268.4624914473513,268.5,267.6,268.075,267.4044090733414,266.6837397293265,268.9574074526411,264.5925102225343,Up,34
2026-01-08 09:00:00,268.26874572367564,271.1,268.26874572367564,270.35,267.672190066674,266.8275146419019,268.97126409490346,264.5925102225343,Up,3
2026-01-08 09:15:00,269.3093728618378,270.5,269.3093728618378,270.125,267.89517278788543,266.95682779319986,268.98274405415816,264.5925102225343,Up,74
2026-01-08 09:30:00,269.7171864309189,270.6,269.7171864309189,270.325,268.1160661708049,267.0889129777803,268.99609983471385,264.5925102225343,Up,40
2026-01-08 09:45:00,270.0210932154595,270.8,270.0210932154595,270.475,268.3305147007317,267.2217007041419,269.01081525924405,264.5925102225343,Up,28
2026-01-08 10:00:00,270.24804660772975,270.5,270.1,270.35,268.5141042733925,267.34437910790103,269.02414048054516,264.5925102225343,Up,31
2026-01-08 10:15:00,270.2990233038649,271.1,270.2990233038649,270.625,268.70600388490226,267.4730309075912,269.0400694309875,264.91192994957396,Up,89
2026-01-08 10:30:00,270.46201165193247,270.8,270.1,270.55,268.87363989536567,267.5936963621955,269.0550936157538,264.93401663421963,Up,31
2026-01-08 10:45:00,270.5060058259662,270.8,270.4,270.575,269.028308995787,267.7106102303447,269.0702170623632,265.4400151220178,Up,16
2026-01-08 11:00:00,270.5405029129832,270.6,270.0,270.3,269.14391726889727,267.81215492719394,269.08245370850887,265.4400151220178,Up,29
2026-01-08 11:15:00,270.42025145649154,271.0,270.0,270.25,269.2444702444521,267.907756694755,269.0940710845436,265.67356621654363,Up,53
2026-01-08 11:30:00,270.33512572824577,270.33512572824577,269.4,269.775,269.29270022222914,267.9809819224117,269.1008464966377,265.67356621654363,Up,46
2026-01-08 11:45:00,270.0550628641229,270.0550628641229,268.2,268.925,269.25927292929924,268.01800223917985,269.09909678025326,265.67356621654363,Up,66
2026-01-08 12:00:00,269.4900314320614,269.4900314320614,268.5,268.95,269.23115720845385,268.05455117097677,269.09761323020103,265.67356621654363,Up,23
2026-01-08 12:15:00,269.2200157160308,270.3,269.1,269.725,269.2760520076853,268.12005896819335,269.1038558846269,265.67356621654363,Up,14
2026-01-08 12:30:00,269.4725078580154,270.5,269.4725078580154,270.225,269.36232000698664,268.20260567532307,269.11501154746645,265.67356621654363,Up,13
2026-01-08 12:45:00,269.84875392900767,270.8,269.84875392900767,270.45000000000005,269.4612000063515,268.2907387860947,269.1282950146558,265.67356621654363,Up,19
2026-01-08 13:00:00,270.14937696450386,270.8,270.1,270.55,269.5601818239559,268.3793372650714,269.14244133291794,265.8699606243329,Up,12
2026-01-08 13:15:00,270.349688482252,270.7,270.349688482252,270.55,269.65016529450537,268.46446129389216,269.15644689179436,266.2337860749748,Up,11
2026-01-08 13:30:00,270.449844241126,270.6,270.3,270.475,269.72515026773215,268.54330594903365,269.1695668232193,266.43994712168075,Up,14
2026-01-08 13:45:00,270.462422120563,270.5,269.8,270.25,269.77286387975647,268.61023512750296,269.1803174020928,266.43994712168075,Up,15
2026-01-08 14:00:00,270.3562110602815,270.3562110602815,269.8,270.05,269.79805807250585,268.66669649505184,269.1889709602809,266.43994712168075,Up,15
2026-01-08 14:15:00,270.2031055301408,270.2031055301408,268.7,269.35,269.75732552045986,268.69349271093216,269.19057323928314,266.43994712168075,Up,22
2026-01-08 14:30:00,269.7765527650704,269.7765527650704,268.7,268.8,269.67029592769074,268.6976694673662,269.18668693839476,266.43994712168075,Up,25
2026-01-08 14:45:00,269.2882763825352,269.2882763825352,268.5,268.7,269.58208720699156,268.6977608608029,269.18184428229137,266.43994712168075,Up,31
2026-01-08 15:00:00,268.99413819126755,268.99413819126755,267.6,268.35,269.4700792790832,268.68412317998707,269.17356722475614,266.43994712168075,Up,46
2026-01-08 15:15:00,268.6720690956338,268.6720690956338,268.0,268.25,269.35916298098476,268.6670987415562,269.16437750112675,266.43994712168075,Up,15
2026-01-08 15:30:00,268.4610345478169,268.7,268.2,268.45,269.2765118008952,268.6585850654167,269.1572692672847,266.43994712168075,Up,4
2026-01-08 15:45:00,268.4555172739084,269.0,268.4555172739084,268.82500000000005,269.2354652735411,268.6651111412827,269.15396310542116,266.43994712168075,Up,16
2026-01-08 16:00:00,268.64025863695423,269.1,268.64025863695423,268.875,269.20269570321915,268.6733420769187,269.1511873531284,266.43994712168075,Up,11
2026-01-08 16:15:00,268.75762931847714,268.75762931847714,268.1,268.45,269.1342688211083,268.66458356409834,269.1442103645401,266.43994712168075,Up,5
2026-01-08 16:30:00,268.60381465923854,268.60381465923854,268.2,268.42500000000007,269.0697898373712,268.65518813021214,269.1370540425048,266.43994712168075,Up,8
2026-01-08 16:45:00,268.5144073296193,269.2,267.3,268.5,269.01799076124655,268.6491023211842,269.13071519631075,266.43994712168075,Up,44
2026-01-08 17:00:00,268.50720366480965,268.9,267.0,268.125,268.9368097829514,268.62854928898093,269.12070807992956,266.43994712168075,Up,28
2026-01-08 17:15:00,268.3161018324048,268.3161018324048,266.8,267.425,268.7993725299558,268.58135127764837,269.1038353627163,266.43994712168075,Up,36
2026-01-08 17:30:00,267.87055091620243,268.1,266.6,267.425,268.6744295726871,268.536004168721,269.0871305332366,266.43994712168075,Up,44
2026-01-08 17:45:00,267.64777545810125,267.64777545810125,265.3,266.45,268.4722087024428,268.4542000836731,269.06089042842825,266.43994712168075,Up,132
2026-01-08 18:00:00,267.04888772905065,267.04888772905065,265.0,265.375,268.190644274948,268.3334471392153,269.0242149017772,271.15170543819397,Down,157
2026-01-08 18:15:00,266.2119438645253,266.2119438645253,264.1,265.175,267.9164947954073,268.2095864670892,268.9859142559884,270.58509840451615,Down,79
2026-01-08 18:30:00,265.6934719322627,266.0,262.5,264.475,267.60363163218847,268.0631320958308,268.9410295370233,270.4582967929577,Down,118
2026-01-08 18:45:00,265.08423596613136,265.08423596613136,262.5,263.375,267.2192105747168,267.8792837783472,268.8856461585455,270.3757463279841,Down,125
2026-01-08 19:00:00,264.2296179830657,264.2296179830657,261.3,262.475,266.78791870428796,267.66735108115716,268.8218586345799,269.81524129893705,Down,183
2026-01-08 19:15:00,263.3523089915328,263.5,261.5,262.45000000000005,266.39356245844357,267.46274907797454,268.75845705612636,269.63675664309477,Down,85
2026-01-08 19:30:00,262.90115449576643,263.9,262.4,263.225,266.1055113258578,267.2965628396226,268.7033977819361,269.63675664309477,Down,62
2026-01-08 19:45:00,263.06307724788326,264.0,263.0,263.625,265.88001029623433,267.1525799831668,268.6528664607228,269.63675664309477,Down,45
2026-01-08 20:00:00,263.34403862394163,264.0,263.3,263.775,265.6886457238494,267.0201258661799,268.604330476039,269.63675664309477,Down,26
2026-01-08 20:15:00,263.5595193119708,263.5595193119708,260.9,262.15,265.3669506580449,266.8291405380944,268.5401082822476,269.0914539685971,Down,123
2026-01-08 20:30:00,262.8547596559854,262.8547596559854,260.1,261.25,264.9926824164045,266.6103507130711,268.46756989137947,268.71701453254343,Down,140
2026-01-08 20:45:00,262.0523798279927,262.4,261.2,261.95000000000005,264.7160749240041,266.4275918615781,268.40271844967424,268.71701453254343,Down,27
2026-01-08 21:00:00,262.0011899139964,263.8,262.0011899139964,262.85,264.5464317490946,266.2872941415162,268.34746751982675,268.71701453254343,Down,76
2026-01-08 21:15:00,262.4255949569982,262.8,260.5,261.725,264.28993795372236,266.10838064577047,268.2815723206245,268.71701453254343,Down,138
2026-01-08 21:30:00,262.0752974784991,262.0752974784991,260.1,261.125,264.00221632156575,265.9129539537795,268.21036264579243,268.41138556194176,Down,153
2026-01-08 21:45:00,261.6001487392496,261.9,261.2,261.675,263.79065120142343,265.74675968108227,268.1453341617547,268.41138556194176,Down,47
2026-01-08 22:00:00,261.6375743696248,262.5,261.0,261.575,263.58922836493036,265.5831612622163,268.0799577024338,268.41138556194176,Down,51
2026-01-08 22:15:00,261.60628718481235,261.60628718481235,260.3,260.825,263.3379348772094,265.39656670291373,268.0077690685787,267.6593643438272,Down,55
2026-01-08 22:30:00,261.2156435924062,261.3,260.7,261.025,263.1276680701904,265.22513271456415,267.93828877933913,267.31474613765545,Down,31
2026-01-08 22:45:00,261.1203217962031,261.4,260.8,261.1,262.943334609264,265.06336280418907,267.87024610491784,267.05886012514134,Down,30
2026-01-08 23:00:00,261.1101608981015,261.1101608981015,259.4,260.45,262.7166678266036,264.8824466157895,267.79641281034156,266.2941027075798,Down,112
2026-01-08 23:15:00,260.7800804490508,260.8,259.0,259.875,262.4583343878214,264.6860761602683,267.71759278237795,266.0445656895718,Down,80
2026-01-08 23:30:00,260.32754022452536,260.7,259.1,259.95,262.23030398892854,264.5003476833951,267.6403033019563,266.0445656895718,Down,58
2026-01-08 23:45:00,260.1387701122627,261.0,259.4,260.125,262.0389127172077,264.32876542130117,267.5655241646234,266.0445656895718,Down,97
2026-01-09 00:00:00,260.1318850561313,260.9,258.4,259.45,261.8035570156434,264.1374412871325,267.48477268039835,266.0445656895718,Down,149
2026-01-09 09:00:00,259.79094252806567,259.79094252806567,258.2,258.675,261.51914274149397,263.9232279033234,267.3971132507427,265.51523322804763,Down,6
2026-01-09 09:15:00,259.2329712640328,259.7,258.3,258.775,261.26967521954,263.721336612997,267.3113210790935,265.43614724001344,Down,75
2026-01-09 09:30:00,259.0039856320164,259.1,258.5,258.85,261.04970474503637,263.5303038046442,267.2271288295503,264.86922476364856,Down,43
2026-01-09 09:45:00,258.92699281600824,259.4,258.6,259.1,260.872458859124,263.3565664005405,267.14626187602244,264.80838614877143,Down,43
2026-01-09 10:00:00,259.01349640800413,259.4,258.8,259.17499999999995,260.7181444173854,263.1925834044409,267.0669458374551,264.59853286251945,Down,24
2026-01-09 10:15:00,259.09424820400204,260.2,259.0,259.625,260.6187676521686,263.05267817289416,266.99289662514207,264.59853286251945,Down,91
2026-01-09 10:30:00,259.359624102001,260.8,259.359624102001,260.5,260.6079705928805,262.95257314650615,266.9282906885735,264.59853286251945,Down,18
2026-01-09 10:45:00,259.9298120510005,260.8,259.9298120510005,260.525,260.60042781170955,262.85737419958434,266.8645763533638,264.59853286251945,Down,23
2026-01-09 11:00:00,260.2274060255003,261.6,260.2274060255003,260.95000000000005,260.6322071015541,262.7825752113654,266.80572484736024,264.59853286251945,Down,48
2026-01-09 11:15:00,260.58870301275016,261.8,260.58870301275016,261.35,260.6974610014128,262.72639579131186,266.7514390279835,264.59853286251945,Down,25
2026-01-09 11:30:00,260.9693515063751,261.1,260.2,260.725,260.6999645467389,262.64790968184866,266.6914744605409,264.59853286251945,Down,20
2026-01-09 11:45:00,260.8471757531876,260.8471757531876,260.0,260.3,260.663604133399,262.5558347923644,266.62787769973954,264.59853286251945,Down,39
2026-01-09 12:00:00,260.5735878765938,261.3,260.2,260.75,260.67145830309,262.48501774168346,266.5693913544685,264.59853286251945,Down,66
2026-01-09 12:15:00,260.6617939382969,261.4,260.6617939382969,261.075,260.7081439119,262.4297229282841,266.5147207937275,264.59853286251945,Down,20
2026-01-09 12:30:00,260.8683969691484,260.9,260.2,260.70000000000005,260.7074035562727,262.3618906565867,266.456862875382,264.59853286251945,Down,16
2026-01-09 12:45:00,260.78419848457423,260.9,260.0,260.625,260.6999123238843,262.2937772975049,266.3988343890598,264.59853286251945,Down,16
2026-01-09 13:00:00,260.70459924228714,261.1,260.7,260.85,260.7135566580766,262.2371585799557,266.3436221065816,264.59853286251945,Down,9
2026-01-09 13:15:00,260.7772996211436,260.9,260.3,260.6,260.7032333255242,262.17295628270256,266.2864716378594,264.59853286251945,Down,3
2026-01-09 13:30:00,260.68864981057175,260.7,260.3,260.475,260.68248484138564,262.10636976181223,266.228646049423,264.4267675446707,Down,11
2026-01-09 13:45:00,260.5818249052859,260.6,259.7,260.25,260.6431680376233,262.0335709476235,266.1691570340059,264.0470614042461,Down,24
2026-01-09 14:00:00,260.41591245264294,260.41591245264294,259.6,259.95000000000005,260.58015276147574,261.9518622830108,266.10727487446354,263.8474347584154,Down,21
2026-01-09 14:15:00,260.1829562263215,260.1829562263215,259.0,259.65,260.4955934195234,261.86159317387313,266.04302338317535,263.51207904281756,Down,23
2026-01-09 14:30:00,259.91647811316074,260.5,259.5,260.025,260.4528121995667,261.7895699121526,265.98314255349203,263.51207904281756,Down,22
2026-01-09 14:45:00,259.9707390565803,261.0,258.2,259.85,260.3980110905152,261.7135083469702,265.92211625942747,263.51207904281756,Down,152
2026-01-09 15:00:00,259.9103695282902,260.4,258.0,259.475,260.3141009913774,261.62572370591255,265.8579658488859,263.51207904281756,Down,165
2026-01-09 15:15:00,259.69268476414504,260.0,258.5,259.54999999999995,260.2446372648885,261.5443227762689,265.79520001954376,263.51207904281756,Down,65
2026-01-09 15:30:00,259.6213423820725,259.9,258.7,259.525,260.1792156953532,261.4651336477878,265.73280996959807,263.51207904281756,Down,40
2026-01-09 15:45:00,259.57317119103624,260.0,256.0,258.175,259.99701426850294,261.336108798855,265.65760788034834,263.51207904281756,Down,288
2026-01-09 16:00:00,258.8740855955181,258.8740855955181,256.8,257.175,259.74046751682084,261.172928061645,265.57320382183747,263.51207904281756,Down,85
2026-01-09 16:15:00,258.02454279775907,258.02454279775907,256.1,256.65000000000003,259.4595159243826,260.9955583337374,265.48441572410775,263.4824804940182,Down,90
2026-01-09 16:30:00,257.3372713988796,257.3372713988796,256.0,256.225,259.16546902216595,260.8084776147673,265.39228223431564,262.99146993097656,Down,38
2026-01-09 16:45:00,256.7811356994398,256.9,255.8,256.35,258.90951729287815,260.6336353553647,265.3023092767603,262.4980311195789,Down,104
2026-01-09 17:00:00,256.5655678497199,256.8,255.9,256.3,258.672288448071,260.4636888708406,265.2127340600761,262.2663919268899,Down,28
2026-01-09 17:15:00,256.43278392486,256.43278392486,255.7,256.025,258.4316258618827,260.2896226406116,265.1213138206724,261.71139695955173,Down,47
2026-01-09 17:30:00,256.22889196243,256.7,255.3,256.0,258.2105689653479,260.12140214490137,265.0305544791732,261.640913633747,Down,102
2026-01-09 17:45:00,256.114445981215,256.114445981215,252.2,254.05,257.8323354230435,259.88330794314055,264.9212952306242,260.7087611962739,Down,271
2026-01-09 18:00:00,255.08222299060748,255.08222299060748,249.3,251.45,257.2521231118577,259.552589984586,264.7872524920111,260.2496818606759,Down,476
2026-01-09 18:15:00,253.26611149530373,253.26611149530373,249.3,250.425,256.63147555623425,259.19464527930813,264.64434450701594,260.05125116900973,Down,326
2026-01-09 18:30:00,251.84555574765187,252.9,249.9,251.45,256.1604323238493,258.89093369972744,264.51305749699594,260.05125116900973,Down,282
2026-01-09 18:45:00,251.647777873826,254.7,251.647777873826,253.075,255.87993847622664,258.66285786836556,264.3992459796129,260.05125116900973,Down,125
2026-01-09 19:00:00,252.36138893691296,252.9,248.8,251.2,255.4544895238424,258.3701967754885,264.26791019872127,260.05125116900973,Down,217
2026-01-09 19:15:00,251.7806944684565,251.7806944684565,249.8,250.575,255.01089956712946,258.0645027842929,264.13166233604744,260.05125116900973,Down,94
2026-01-09 19:30:00,251.17784723422824,251.2,250.1,250.525,254.60309051557223,257.7688360084383,263.9962726610619,260.05125116900973,Down,101
2026-01-09 19:45:00,250.8514236171141,252.3,250.2,251.05,254.28008228688384,257.50535224340155,263.86745402761846,260.05125116900973,Down,89
2026-01-09 20:00:00,250.95071180855703,252.0,250.6,251.4,254.01825662443983,257.26592666522896,263.74339975868696,260.05125116900973,Down,28
2026-01-09 20:15:00,251.1753559042785,252.9,251.1,252.0,253.83477874949074,257.0594197371808,263.6265500098443,260.05125116900973,Down,59
2026-01-09 20:30:00,251.58767795213927,253.1,251.1,251.95,253.66343522680975,256.85905033572277,263.51036543263194,260.05125116900973,Down,97
2026-01-09 20:45:00,251.76883897606965,251.76883897606965,249.5,250.65,253.38948656982703,256.61555816569444,263.38240159748136,259.47865139094307,Down,77
2026-01-09 21:00:00,251.20941948803485,251.20941948803485,250.0,250.475,253.1245332452973,256.3747519631182,263.25396974079,259.08470946958306,Down,74
2026-01-09 21:15:00,250.8422097440174,250.8422097440174,249.6,250.075,252.84730295027026,256.1277028665253,263.1228357135185,258.381908165802,Down,81
2026-01-09 21:30:00,250.4586048720087,251.3,249.1,250.2,252.60663904570023,255.89524393058312,262.99425028353323,258.381908165802,Down,115
2026-01-09 21:45:00,250.32930243600435,252.5,250.32930243600435,251.375,252.49467185972748,255.7179794627171,262.8786358528513,258.381908165802,Down,87
2026-01-09 22:00:00,250.85215121800212,253.2,250.85215121800212,252.1,252.45879259975223,255.57609791515955,262.7713857448627,258.381908165802,Down,43
2026-01-09 22:15:00,251.4760756090011,252.4,251.1,251.625,252.382993272502,255.4211528988788,262.66047643396854,258.381908165802,Down,39
2026-01-09 22:30:00,251.5505378045005,251.5505378045005,250.7,251.05,252.2618120659109,255.24973513813848,262.5449493052723,258.381908165802,Down,21
2026-01-09 22:45:00,251.30026890225028,251.30026890225028,250.5,250.9,252.1380109690099,255.07915728958403,262.4290791629313,258.20360045211834,Down,17
2026-01-09 23:00:00,251.1001344511252,251.3,250.0,250.7,252.0072826990999,254.907425631169,262.3123719075788,257.7622418190847,Down,37
2026-01-09 23:15:00,250.90006722556257,250.90006722556257,249.6,250.175,251.84071154463626,254.72184031229963,262.1916020378516,257.18845971215376,Down,56
2026-01-09 23:30:00,250.5375336127813,250.5375336127813,249.7,250.125,251.68473776785115,254.54157206475847,262.0715363459327,256.7309845741043,Down,30
2026-01-09 23:45:00,250.33126680639063,250.33126680639063,248.0,249.125,251.45203433441014,254.32915747398366,261.94271508875926,256.02447384889524,Down,223
2026-01-10 00:00:00,249.72813340319533,249.72813340319533,248.0,248.225,251.1586675767365,254.0897787495137,261.8062204112592,255.72778834430497,Down,71
2026-01-12 09:00:00,248.97656670159768,252.9,248.97656670159768,251.4,251.18060688794225,253.98429722992495,261.7026759295551,255.72778834430497,Down,40
2026-01-12 09:15:00,250.18828335079883,252.0,250.0,251.4,251.2005517163111,253.88295224051615,261.6001617412013,255.72778834430497,Down,227
2026-01-12 09:30:00,250.79414167539943,251.9,250.6,251.225,251.20277428755554,253.77871881931944,261.49692630099037,255.72778834430497,Down,104
2026-01-12 09:45:00,251.00957083769973,251.5,250.8,251.05,251.18888571595957,253.67171023816965,261.3929767855576,255.72778834430497,Down,74
2026-01-12 10:00:00,251.02978541884983,251.1,250.5,250.725,251.14671428723597,253.5561529739277,261.28682776281573,255.72778834430497,Down,81
2026-01-12 10:15:00,250.87739270942487,251.6,250.6,250.975,251.13110389748724,253.45493128867565,261.18422251144443,255.72778834430497,Down,24
2026-01-12 10:30:00,250.9261963547125,251.4,250.9261963547125,251.225,251.13963990680656,253.36748300284523,261.085125770037,255.72778834430497,Down,17
2026-01-12 10:45:00,251.07559817735623,251.4,250.6,251.02500000000003,251.12921809709687,253.2756209243023,260.9850250161063,255.72778834430497,Down,30
2026-01-12 11:00:00,251.0502990886781,251.5,250.6,250.875,251.10610736099716,253.18147892727086,260.88442775226446,255.72778834430497,Down,36
2026-01-12 11:15:00,250.96264954433903,251.1,250.5,250.775,251.0760066918156,253.08710720463282,260.7838364313464,255.72778834430497,Down,16
2026-01-12 11:30:00,250.86882477216955,251.2,249.5,250.4,251.0145515380142,252.98173045150995,260.6805146758106,255.72778834430497,Down,106
2026-01-12 11:45:00,250.6344123860848,251.1,250.0,250.675,250.98368321637653,252.8912704338037,260.58095731585234,255.72778834430497,Down,90
2026-01-12 12:00:00,250.6547061930424,251.1,250.5,250.95,250.98062110579684,252.8151421814977,260.4851268947991,255.72778834430497,Down,50
2026-01-12 12:15:00,250.8023530965212,251.1,250.8,251.0,250.98238282345167,252.74396013516446,260.3907475227116,255.71491030027988,Down,12
2026-01-12 12:30:00,250.9011765482606,251.1,250.4,250.85,250.9703480213197,252.66968718868742,260.29581471154034,255.33628209116353,Down,11
2026-01-12 12:45:00,250.87558827413028,251.4,250.6,251.05,250.9775891102906,252.606170044033,260.2038165552066,255.33628209116353,Down,40
2026-01-12 13:00:00,250.9627941370652,252.0,250.9627941370652,251.525,251.02735373662782,252.56377121877682,260.1174601715727,255.33628209116353,Down,47
2026-01-12 13:15:00,251.2438970685326,252.6,251.2438970685326,252.175,251.1316852151162,252.5485252886287,260.03843071712924,255.33628209116353,Down,73
2026-01-12 13:30:00,251.7094485342663,252.9,251.7094485342663,252.5,251.25607746828746,252.54662233613345,259.9634214562623,255.33628209116353,Down,24
2026-01-12 13:45:00,252.10472426713315,252.3,251.8,252.05,251.32825224389768,252.52714695040274,259.88468094425974,255.33628209116353,Down,34
2026-01-12 14:00:00,252.07736213356657,252.3,251.8,252.00000000000003,251.38932022172514,252.5064745209752,259.80622640750096,255.33628209116353,Down,21
2026-01-12 14:15:00,252.03868106678328,252.1,251.5,251.95,251.44029111065922,252.48465199074087,259.72805500046115,255.33628209116353,Down,20
2026-01-12 14:30:00,251.9943405333917,252.9,251.9943405333917,252.475,251.5343555551447,252.48427348130008,259.65588529896405,255.33628209116353,Down,21
2026-01-12 14:45:00,252.23467026669584,252.8,252.0,252.4,251.613050504677,252.48096863889617,259.5836874352928,255.33628209116353,Down,21
2026-01-12 15:00:00,252.3173351333479,252.3173351333479,250.6,251.3,251.58459136788818,252.4346561432532,259.50126268469285,255.33628209116353,Down,33
2026-01-12 15:15:00,251.808667566674,251.808667566674,250.6,251.1,251.54053760717107,252.38231668665503,259.4176680311138,255.33628209116353,Down,35
2026-01-12 15:30:00,251.45433378333692,251.6,251.2,251.4,251.52776146106459,252.34379446364898,259.3378902397594,255.33628209116353,Down,10
2026-01-12 15:45:00,251.4271668916685,251.9,251.2,251.425,251.51841951005872,252.30776330821175,259.25915501349317,255.33628209116353,Down,32
2026-01-12 16:00:00,251.42608344583425,252.0,251.4,251.65,251.53038137278065,252.28196866867404,259.1834420282843,255.33628209116353,Down,27
2026-01-12 16:15:00,251.53804172291711,252.6,251.53804172291711,252.0,251.57307397525514,252.27091107382407,259.111964993177,255.33628209116353,Down,15
2026-01-12 16:30:00,251.76902086145856,252.3,251.76902086145856,252.05,251.61643088659557,252.26224789445843,259.0416966847872,255.33628209116353,Down,10
2026-01-12 16:45:00,251.90951043072928,252.3,251.6,252.125,251.66266444235958,252.2568656240875,258.97287383220225,255.33628209116353,Down,16
2026-01-12 17:00:00,252.01725521536463,252.3,251.8,252.05,251.69787676578142,252.24875324667232,258.90398951546393,255.33628209116353,Down,40
2026-01-12 17:15:00,252.03362760768232,252.3,251.0,251.75,251.70261524161944,252.22919429582242,258.8328055401857,255.27254428925806,Down,52
2026-01-12 17:30:00,251.8918138038412,252.5,251.5,252.075,251.7364684014722,252.22314746069213,258.7655636940147,255.27254428925806,Down,28
2026-01-12 17:45:00,251.98340690192052,252.4,251.9,252.15,251.77406218315656,252.22027893282186,258.69973718959665,255.27254428925806,Down,12
2026-01-12 18:00:00,252.0667034509603,252.4,251.1,251.725,251.76960198468777,252.20085622957396,258.6303368195509,255.27254428925806,Down,40
2026-01-12 18:15:00,251.89585172548016,251.89585172548016,249.4,250.525,251.65645634971614,252.1351363774338,258.5496867019435,254.8829752090304,Down,159
2026-01-12 18:30:00,251.21042586274007,251.21042586274007,250.2,250.575,251.55814213610557,252.0739545587109,258.47033658550623,254.8829752090304,Down,60
2026-01-12 18:45:00,250.89271293137003,251.6,248.6,250.1,251.42558376009598,251.99654457601636,258.3870496543072,254.8829752090304,Down,105
2026-01-12 19:00:00,250.496356465685,250.496356465685,248.0,249.425,251.24371250917815,251.8956996906824,258.29787503088124,254.63319417632707,Down,141
2026-01-12 19:15:00,249.9606782328425,250.8,249.2,249.9,251.1215568265256,251.81743695771448,258.2143140853004,254.63319417632707,Down,61
2026-01-12 19:30:00,249.93033911642124,250.3,249.0,249.8,251.00141529684146,251.73832178290218,258.13058956703867,254.63319417632707,Down,30
2026-01-12 19:45:00,249.86516955821065,250.9,249.5,250.05,250.9149229971286,251.67211308553348,258.05018569074974,254.63319417632707,Down,68
2026-01-12 20:00:00,249.95758477910533,249.95758477910533,249.0,249.3,250.76811181557144,251.57908904296355,257.9631191664637,254.63319417632707,Down,39
2026-01-12 20:15:00,249.62879238955267,251.5,248.9,250.075,250.7051016505195,251.52010515892576,257.8846304185387,254.63319417632707,Down,110
2026-01-12 20:30:00,249.85189619477632,251.1,249.85189619477632,250.825,250.7160015004723,251.49284613308555,257.8143853397473,254.63319417632707,Down,30
2026-01-12 20:45:00,250.33844809738807,251.5,250.33844809738807,250.975,250.73954681861116,251.472538441592,257.74633175427715,254.63319417632707,Down,33
2026-01-12 21:00:00,250.6567240486941,251.2,250.6,250.95,250.75867892601013,251.45204673800018,257.6787065626923,254.63319417632707,Down,35
2026-01-12 21:15:00,250.80336202434705,251.3,250.7,251.1,250.78970811455468,251.4382409835688,257.61324679589933,254.63319417632707,Down,36
2026-01-12 21:30:00,250.9516810121736,252.3,250.4,251.1,250.81791646777697,251.424976631272,257.5484383700695,254.63319417632707,Down,109
2026-01-12 21:45:00,251.02584050608675,251.3,249.9,250.725,250.80946951616087,251.39752656730056,257.4805434609146,254.63319417632707,Down,45
2026-01-12 22:00:00,250.8754202530434,252.2,250.5,251.525,250.87451774196444,251.40252552544564,257.421284322,254.63319417632707,Down,49
2026-01-12 22:15:00,251.20021012652168,254.0,251.20021012652168,252.875,251.0563797654222,251.46026962248698,257.3760476620796,254.63319417632707,Down,151
2026-01-12 22:30:00,252.03760506326088,253.8,252.03760506326088,253.45,251.27398160492928,251.5382982647424,257.33698251121314,254.63319417632707,Down,33
2026-01-12 22:45:00,252.7438025316304,253.7,252.7438025316304,253.375,251.46498327720843,251.6103257837721,257.2975597996588,254.63319417632707,Down,29
2026-01-12 23:00:00,253.0594012658152,253.7,252.6,253.1,251.61362116109856,251.66874438048694,257.2557930354831,254.63319417632707,Down,105
2026-01-12 23:15:00,253.0797006329076,255.5,252.7,254.1,251.83965560099867,251.7640877381149,257.22439210975693,254.63319417632707,Down,106
2026-01-12 23:30:00,253.5898503164538,255.5,253.5898503164538,254.875,252.11559600090789,251.88608429740452,257.20101507383896,248.64376505019996,Up,88
2026-01-12 23:45:00,254.2324251582269,256.5,254.2324251582269,255.275,252.4028145462799,252.01898295240827,257.18185074474604,248.7538709496061,Up,86
2026-01-13 00:00:00,254.75371257911343,256.6,254.75371257911343,256.05,252.73437686025446,252.17706205231383,257.17058854828093,248.99425938240947,Up,37
2026-01-13 09:00:00,255.40185628955675,257.0,255.40185628955675,256.57500000000005,253.08352441841316,252.34953020712507,257.1646622940692,249.54469687993785,Up,19
2026-01-13 09:15:00,255.9884281447784,258.0,255.9884281447784,257.17499999999995,253.45547674401195,252.5387643166496,257.16476515681484,250.21161406608996,Up,216
2026-01-13 09:30:00,256.5817140723892,257.4,256.5817140723892,257.225,253.7981606763745,252.7225382650163,257.1653645084883,250.52729851133685,Up,33
2026-01-13 09:45:00,256.9033570361946,257.4,256.9,257.075,254.09605516034046,252.89322303893726,257.16446535915014,251.09221952285657,Up,58
2026-01-13 10:00:00,256.98917851809733,256.98917851809733,256.5,256.75,254.33732287303678,253.04446919427306,257.16034132572577,251.09221952285657,Up,57
2026-01-13 10:15:00,256.86958925904867,257.4,256.6,256.95,254.57483897548798,253.19762726508588,257.15824837721107,251.51257811806332,Up,37
2026-01-13 10:30:00,256.9097946295243,257.6,256.9097946295243,257.175,254.8112172504436,253.3536026664551,257.1584150600249,252.0153481964649,Up,42
2026-01-13 10:45:00,257.0423973147622,257.9,257.0,257.425,255.04883386403964,253.51326530698626,257.1610676464923,252.35950080154797,Up,11
2026-01-13 11:00:00,257.23369865738107,257.8,257.1,257.525,255.27393987639965,253.67058823612405,257.16468886394017,252.5677280014073,Up,18
2026-01-13 11:15:00,257.3793493286905,257.5,256.0,256.925,255.4240362512724,253.79821222686428,257.16230390011987,252.5677280014073,Up,56
2026-01-13 11:30:00,257.15217466434524,257.2,256.5,256.875,255.55594204661128,253.9188705709088,257.15944515484506,252.5677280014073,Up,27
2026-01-13 11:45:00,257.0135873321726,259.1,257.0,258.0,255.778129133283,254.07891486224574,257.16780888464757,252.8830788891114,Up,65
2026-01-13 12:00:00,257.5067936660863,259.2,257.5067936660863,258.525,256.0278446666209,254.25327114215767,257.18131327385504,253.04048442899395,Up,84
2026-01-13 12:15:00,258.01589683304314,259.7,258.01589683304314,258.875,256.2866769696554,254.4345154110927,257.1981658780953,253.41562689758348,Up,43
2026-01-13 12:30:00,258.4454484165216,260.4,258.4454484165216,259.95,256.61970633605034,254.65080892438317,257.22554731214416,253.76441316068855,Up,81
2026-01-13 12:45:00,259.19772420826075,260.3,259.19772420826075,259.95,256.9224603055003,254.85862033911323,257.25265629411285,254.2041154093413,Up,47
2026-01-13 13:00:00,259.5738621041304,259.9,258.6,259.25,257.1340548231821,255.03083130620684,257.2725303608381,254.2041154093413,Up,24
2026-01-13 13:15:00,259.4119310520652,259.4119310520652,258.2,258.575,257.26504983925645,255.16981831380656,257.2854902577452,254.2041154093413,Up,26
2026-01-13 13:30:00,258.9934655260326,259.8,258.1,258.925,257.41595439932405,255.3170803407161,257.3018037875189,254.2041154093413,Up,14
2026-01-13 13:45:00,258.9592327630163,259.8,258.6,259.45000000000005,257.6008676357491,255.47915562147236,257.32317887421027,254.2041154093413,Up,18
2026-01-13 14:00:00,259.2046163815082,260.2,259.2046163815082,259.875,257.8076069415901,255.65154167553226,257.34857012919326,254.32350717739106,Up,53
2026-01-13 14:15:00,259.5398081907541,259.9,259.2,259.6,257.9705517650819,255.80638317845256,257.370972416465,254.40563544239723,Up,14
2026-01-13 14:30:00,259.56990409537707,260.4,259.5,259.85,258.141410695529,255.96495638714072,257.39563935759475,254.94603222036116,Up,21
2026-01-13 14:45:00,259.70995204768855,260.0,259.70995204768855,260.0,258.31037335957177,256.1231933915666,257.4215533938376,255.2004424233321,Up,12
2026-01-13 15:00:00,259.8549760238443,260.2,259.8549760238443,260.1,258.4730666905198,256.2791465918973,257.44820460384915,255.67063056558175,Up,24
2026-01-13 15:15:00,259.97748801192216,260.2,259.8,260.05,258.6164242641089,256.42702319613664,257.47409311525365,255.89376595787235,Up,10
2026-01-13 15:30:00,260.0137440059611,260.0137440059611,259.5,259.775,258.7217493310081,256.5583164041313,257.4969877111218,255.89376595787235,Up,7
2026-01-13 15:45:00,259.8943720029805,259.8943720029805,259.5,259.575,258.7993175736437,256.6766177216163,257.5176644503146,255.9783779655902,Up,24
2026-01-13 16:00:00,259.7346860014902,260.2,259.5,259.75,258.88574324876697,256.79714251684703,257.53987674434137,256.2147199673636,Up,32
2026-01-13 16:15:00,259.7423430007451,260.2,259.7423430007451,260.0,258.98703931706086,256.92274477108833,257.5643555827061,256.4999507437013,Up,9
2026-01-13 16:30:00,259.8711715003725,261.3,259.8711715003725,260.65,259.1382175609644,257.0689116428104,257.59505851223145,256.9103565169842,Up,68
2026-01-13 16:45:00,260.26058575018624,262.9,260.26058575018624,261.9,259.3892886917858,257.25836608819037,257.63789375091574,257.2793883904317,Up,91
2026-01-13 17:00:00,261.0802928750931,263.5,261.0802928750931,263.0,259.7175351743507,257.483528202379,257.69124804195144,257.50033976970644,Up,61
2026-01-13 17:15:00,262.0401464375466,263.8,262.0401464375466,263.325,260.045486522137,257.7126055277759,257.7473052753649,257.9257567707537,Up,103
2026-01-13 17:30:00,262.6825732187733,264.0,262.6825732187733,263.75,260.38226047467003,257.9493660953141,257.8070335810827,258.32193464528643,Up,65
2026-01-13 17:45:00,263.21628660938666,264.3,263.21628660938666,263.9,260.70205497697276,258.1827242876547,257.8676601126142,258.80101846801557,Up,76
2026-01-13 18:00:00,263.5581433046933,265.2,263.5581433046933,264.575,261.05414088815706,258.4334017665702,257.9343998129862,259.2755557298008,Up,129
2026-01-13 18:15:00,264.0665716523466,265.6,264.0665716523466,265.4,261.4492189892337,258.70660169729297,258.0086843919615,259.63611558834856,Up,150
2026-01-13 18:30:00,264.7332858261733,265.6,264.0,264.82500000000005,261.7561081720306,258.9465388856344,258.07650842786234,259.63611558834856,Up,91
2026-01-13 18:45:00,264.7791429130867,265.6,264.1,264.725,262.02600742911875,259.17314520384485,258.14266257285874,259.63611558834856,Up,63
2026-01-13 19:00:00,264.7520714565434,265.1,263.0,264.3,262.2327340264716,259.3741983331058,258.20392961193477,259.63611558834856,Up,118
2026-01-13 19:15:00,264.5260357282717,264.5260357282717,261.8,263.54999999999995,262.3524854786105,259.53795526121934,258.2571243421643,259.63611558834856,Up,139
2026-01-13 19:30:00,264.03801786413584,265.3,261.1,262.975,262.40907770782775,259.67274132940685,258.30406837856066,259.63611558834856,Up,130
2026-01-13 19:45:00,263.506508932068,263.506508932068,259.1,260.35,262.2218888252979,259.69930049295954,258.3244259071322,259.63611558834856,Up,155
2026-01-13 20:00:00,261.928254466034,261.928254466034,258.5,259.375,261.9630807502708,259.68658282656895,258.33487938069305,267.0799531053867,Down,126
2026-01-13 20:15:00,260.651627233017,260.651627233017,257.8,258.825,261.67780068206434,259.65279526474274,258.33975620277573,267.0799531053867,Down,91
2026-01-13 20:30:00,259.7383136165085,259.7383136165085,257.7,258.875,261.4230006200585,259.6222934896548,258.34508201170337,267.0799531053867,Down,83
2026-01-13 20:45:00,259.3066568082543,261.2,259.3066568082543,260.175,261.309546018235,259.6439682547664,258.3632901508904,267.0799531053867,Down,86
2026-01-13 21:00:00,259.7408284041271,260.7,258.8,259.975,261.1882236529409,259.65694989183436,258.37932706481195,267.0799531053867,Down,61
2026-01-13 21:15:00,259.8579142020636,262.2,259.8579142020636,261.04999999999995,261.1756578663099,259.71157930784085,258.4059009248636,267.0799531053867,Down,80
2026-01-13 21:30:00,260.45395710103173,262.9,260.45395710103173,262.275,261.2755980602817,259.81210560949415,258.4443994231237,267.0799531053867,Down,150
2026-01-13 21:45:00,261.36447855051586,263.5,261.36447855051586,262.75,261.4096346002561,259.92731715421985,258.4872412199085,267.0799531053867,Down,86
2026-01-13 22:00:00,262.0572392752579,263.5,260.4,261.92499999999995,261.45648600023276,260.0056576579759,258.5214477749343,267.0799531053867,Down,84
2026-01-13 22:15:00,261.9911196376289,262.2,260.4,261.29999999999995,261.4422600002116,260.05641618119256,258.54909506075586,267.0799531053867,Down,61
2026-01-13 22:30:00,261.64555981881443,263.0,261.64555981881443,262.55,261.542963636556,260.1542037819301,258.5889050601513,267.0799531053867,Down,68
2026-01-13 22:45:00,262.0977799094072,263.5,261.6,262.425,261.62314876050544,260.2432546140113,258.6270751590553,267.0799531053867,Down,63
2026-01-13 23:00:00,262.26138995470365,262.26138995470365,260.7,261.29999999999995,261.5937716004595,260.2846956095402,258.65367142612945,267.0799531053867,Down,64
2026-01-13 23:15:00,261.7806949773518,262.2,260.3,261.4,261.5761560004177,260.32843303661707,258.68099807860574,267.0799531053867,Down,52
2026-01-13 23:30:00,261.5903474886759,262.4,260.1,261.475,261.5669600003797,260.37339644694583,258.70879909274896,267.0799531053867,Down,117
2026-01-13 23:45:00,261.5326737443379,263.0,261.2,262.0,261.60632727307245,260.4371848215754,258.7415473604828,267.0799531053867,Down,88
2026-01-14 00:00:00,261.7663368721689,263.0,261.1,262.375,261.676206611884,260.5131775736705,258.7777011180899,267.0799531053867,Down,81
2026-01-14 09:00:00,262.0706684360845,263.1,262.0,262.55,261.75564237444,260.5930529629383,258.81523643034774,267.0799531053867,Down,2
2026-01-14 09:15:00,262.31033421804227,263.6,262.31033421804227,263.20000000000005,261.8869476131273,260.695286180078,258.858865918603,267.0799531053867,Down,77
2026-01-14 09:30:00,262.7551671090212,263.4,262.7,263.125,261.99949783011573,260.79056907497693,258.9013150139403,267.0799531053867,Down,62
2026-01-14 09:45:00,262.9400835545106,263.5,262.8,263.125,262.1018162091961,260.8821153857622,258.9433417302195,267.0799531053867,Down,67
2026-01-14 10:00:00,263.0325417772553,263.7,263.0325417772553,263.425,262.22210564472374,260.9818363510264,258.9879353448442,267.0799531053867,Down,44
2026-01-14 10:15:00,263.22877088862765,264.2,263.22877088862765,263.92499999999995,262.3769142224761,261.0972545333391,259.03706036628853,267.0799531053867,Down,61
2026-01-14 10:30:00,263.5768854443138,264.2,263.5768854443138,264.0,262.5244674749783,261.21108768889445,259.0864428502061,267.0799531053867,Down,14
2026-01-14 10:45:00,263.7884427221569,264.3,263.7884427221569,264.0,262.6586067954348,261.3204567991339,259.13533396612445,267.0799531053867,Down,41
2026-01-14 11:00:00,263.89422136107845,264.2,263.6,263.95,262.776006177668,261.4235761403444,259.18324109083966,267.0799531053867,Down,34
2026-01-14 11:15:00,263.9221106805392,264.3,263.8,264.04999999999995,262.89182379788,261.52657315444856,259.23166655262236,267.0799531053867,Down,28
2026-01-14 11:30:00,263.9860553402696,263.9860553402696,263.7,263.8,262.97438527080004,261.6157271483918,259.2771226068252,267.0799531053867,Down,1
2026-01-14 11:45:00,263.8930276701348,265.0,263.7,264.1,263.0767138825455,261.71314961316074,259.32511143660804,267.0799531053867,Down,36
2026-01-14 12:00:00,263.9965138350674,264.4,261.8,263.07500000000005,263.07655807504136,261.7665555106839,259.36242376062194,267.0799531053867,Down,70
2026-01-14 12:15:00,263.5357569175337,263.5357569175337,261.4,261.92499999999995,262.9718709773103,261.77276902006884,259.38792203166054,267.0799531053867,Down,88
2026-01-14 12:30:00,262.73037845876684,262.73037845876684,262.0,262.20000000000005,262.9017008884639,261.7895231761446,259.4159029069674,267.0799531053867,Down,30
2026-01-14 12:45:00,262.46518922938344,262.7,262.1,262.375,262.8538189895126,261.81248305158994,259.4453466591369,267.0799531053867,Down,12
2026-01-14 13:00:00,262.4200946146917,262.9,261.5,262.125,262.7875627177387,261.82473861819426,259.4720098764589,267.0799531053867,Down,36
2026-01-14 13:15:00,262.27254730734586,262.27254730734586,260.6,261.15,262.63869337976246,261.7982782802259,259.4887062955986,266.67201879714145,Down,59
2026-01-14 13:30:00,261.71127365367295,261.71127365367295,260.6,260.925,262.4829030725113,261.7640320731582,259.5029977752444,266.31950464950705,Down,20
2026-01-14 13:45:00,261.3181368268365,261.3181368268365,260.0,260.55,262.30718461137394,261.71642297225003,259.51341570782904,265.83281618924116,Down,78
2026-01-14 14:00:00,260.93406841341823,260.93406841341823,260.1,260.325,262.1269860103399,261.6618573654951,259.5214911734228,265.52373888051835,Down,40
2026-01-14 14:15:00,260.6295342067091,260.6295342067091,259.0,259.92499999999995,261.92680546394536,261.5937453119463,259.52550618662264,264.95887470016623,Down,108
2026-01-14 14:30:00,260.2772671033545,260.5,259.9,260.2,261.7698231490412,261.53908863304645,259.5322175678503,264.95887470016623,Down,31
2026-01-14 14:45:00,260.23863355167725,260.6,259.7,260.325,261.63847559003744,261.49147731410346,259.5401059502598,264.9269484271171,Down,25
2026-01-14 15:00:00,260.2818167758386,260.6,260.2818167758386,260.5,261.53497780912494,261.45259585080527,259.5496571348343,264.89929176681176,Down,16
2026-01-14 15:15:00,260.3909083879193,260.8,260.1,260.525,261.443161644659,261.41621954293055,259.55936203896533,264.7576212535386,Down,23
2026-01-14 15:30:00,260.4579541939596,261.5,260.4579541939596,261.1,261.4119651315082,261.40381877654113,259.5746917699209,264.7576212535386,Down,83
2026-01-14 15:45:00,260.7789770969798,262.1,260.7789770969798,261.6,261.429059210462,261.4115121578533,259.5948440906182,264.7576212535386,Down,38
2026-01-14 16:00:00,261.1894885484899,262.3,261.1894885484899,261.85,261.46732655496544,261.4287077595061,259.61728345290066,264.7576212535386,Down,58
2026-01-14 16:15:00,261.519744274245,263.1,261.519744274245,262.5,261.56120595905946,261.4707192199176,259.645967199638,264.7576212535386,Down,125
2026-01-14 16:30:00,262.0098721371225,262.3,261.7,262.04999999999995,261.60564178096314,261.4934361132542,259.6698879240197,264.7576212535386,Down,24
2026-01-14 16:45:00,262.02993606856126,263.5,261.5,262.525,261.68921980087555,261.53388959900894,259.69829699940254,264.7576212535386,Down,24
2026-01-14 17:00:00,262.2774680342806,263.3,262.1,262.70000000000005,261.7811089098869,261.5796194186557,259.7281646909508,264.7576212535386,Down,25
2026-01-14 17:15:00,262.4887340171404,262.4887340171404,260.1,261.275,261.7350990089881,261.56767355910057,259.74355608706077,264.7576212535386,Down,85
2026-01-14 17:30:00,261.88186700857017,261.88186700857017,260.6,260.925,261.6614536445346,261.54247067443,259.755311747886,264.7576212535386,Down,29
2026-01-14 17:45:00,261.4034335042851,261.4034335042851,260.2,260.75,261.57859422230416,261.5113933930798,259.76520914342944,264.7576212535386,Down,58
2026-01-14 18:00:00,261.07671675214254,261.07671675214254,259.9,260.2,261.4532674748219,261.45996620119433,259.76953542060926,264.7576212535386,Down,60
2026-01-14 18:15:00,260.63835837607127,260.63835837607127,257.6,259.0,261.230243158929,261.36349693840236,259.7618783517475,264.7576212535386,Down,202
2026-01-14 18:30:00,259.8191791880356,259.8191791880356,257.2,258.02500000000003,260.93885741720817,261.2325754898376,259.7445959800883,264.74577722113247,Down,126
2026-01-14 18:45:00,258.92208959401785,258.92208959401785,254.9,256.55,260.53987037928016,261.0489450784714,259.7128089554108,264.04288431039237,Down,369
2026-01-14 19:00:00,257.73604479700896,257.73604479700896,254.3,255.15000000000003,260.049882162982,260.81761389892347,259.6674078712774,263.7509837004927,Down,124
2026-01-14 19:15:00,256.44302239850447,256.44302239850447,253.5,254.275,259.5248928754382,260.56104080484806,259.6137520715632,263.071665982334,Down,185
2026-01-14 19:30:00,255.35901119925225,255.35901119925225,251.9,253.2,258.9499026140347,260.27237253799126,259.5499336429905,262.2511049294286,Down,351
2026-01-14 19:45:00,254.27950559962613,254.27950559962613,251.8,252.175,258.3340023763952,259.9548285168936,259.4765512186822,261.7792087722248,Down,208
2026-01-14 20:00:00,253.22725279981307,253.22725279981307,251.1,251.75,257.7354567058138,259.63307053583895,259.3996701120286,260.8821328474856,Down,177
2026-01-14 20:15:00,252.4886263999065,252.4886263999065,251.2,251.8,257.195869732558,259.32589129913936,259.32405150394874,260.2388195704457,Down,89
2026-01-14 20:30:00,252.14431319995327,252.8,251.6,252.025,256.7257906659618,259.039581836428,259.2514241258,260.2388195704457,Down,108
2026-01-14 20:45:00,252.08465659997665,252.08465659997665,250.4,251.25,256.22799151451073,258.734108038921,259.17180796534427,259.1892334855108,Down,169
2026-01-14 21:00:00,251.6673282999883,251.6673282999883,250.0,250.675,255.72317410410065,258.41806458641435,259.0872626124553,258.66442460955574,Down,157
2026-01-14 21:15:00,251.17116414999413,251.17116414999413,248.6,249.625,255.16879464009148,258.07323852420205,258.9931107456647,257.9394240018691,Down,123
2026-01-14 21:30:00,250.3980820749971,250.3980820749971,248.5,248.95,254.60344967281043,257.71546446442943,258.89317929545905,257.46092718010846,Down,72
2026-01-14 21:45:00,249.6740410374985,249.6740410374985,247.3,248.2,254.0213178843731,257.3423089952361,258.7867795014744,256.6338410256668,Down,252
2026-01-14 22:00:00,248.93702051874925,248.93702051874925,246.5,247.525,253.43074353124825,256.957316485619,258.6747219939971,256.0108999997539,Down,189
2026-01-14 22:15:00,248.2310102593746,248.2310102593746,246.5,246.8,252.82794866477113,256.5589903489281,258.55656555624586,255.53349953344107,Down,150
2026-01-14 22:30:00,247.5155051296873,247.5155051296873,244.4,245.85,252.19358969524646,256.1390299430878,258.430132068124,254.51611297905157,Down,170
2026-01-14 22:45:00,246.68275256484367,246.9,245.3,246.275,251.6555360865877,255.7522052394373,258.30918548038153,254.46214583109813,Down,141
2026-01-14 23:00:00,246.47887628242185,248.6,246.47887628242185,247.675,251.2936691696252,255.4354520927927,258.203372689532,254.46214583109813,Down,157
2026-01-14 23:15:00,247.0769381412109,249.0,246.1,247.45,250.94424469965927,255.12229710876164,258.09637395630284,254.46214583109813,Down,102
2026-01-14 23:30:00,247.26346907060548,247.3,246.1,246.625,250.5515860905993,254.78906977116316,257.98223093186203,254.46214583109813,Down,54
2026-01-14 23:45:00,246.9442345353028,248.0,246.1,246.85,250.21507826418116,254.4777337017058,257.87146246487833,254.46214583109813,Down,108
2026-01-15 00:00:00,246.89711726765137,247.1,245.4,246.225,249.85234387652832,254.15409708595263,257.7555772662228,254.46214583109813,Down,137
2026-01-15 17:00:00,246.56105863382567,251.0,245.9,248.925,249.76803988775302,253.94903445513094,257.6677108257629,254.46214583109813,Down,31
2026-01-15 17:15:00,247.74302931691284,251.6,247.74302931691284,250.85,249.86639989795728,253.82750369218465,257.59987290709864,254.46214583109813,Down,163
2026-01-15 17:30:00,249.29651465845643,251.7,249.29651465845643,251.2,249.98763627087024,253.72446433170683,257.5361925796648,254.46214583109813,Down,107
2026-01-15 17:45:00,250.2482573292282,251.4,249.7,250.625,250.04557842806383,253.6029167108556,257.467424494295,254.46214583109813,Down,132
2026-01-15 18:00:00,250.4366286646141,252.3,250.0,251.1,250.14143493460347,253.50476311435145,257.40406703664036,254.46214583109813,Down,150
2026-01-15 18:15:00,250.76831433230703,251.9,249.2,250.625,250.18539539509405,253.39183122751416,257.3366136332907,254.46214583109813,Down,108
2026-01-15 18:30:00,250.6966571661536,250.6966571661536,248.3,249.4,250.11399581372186,253.23528882643518,257.2576423533575,254.46214583109813,Down,123
2026-01-15 18:45:00,250.0483285830768,250.5,249.4,249.825,250.08772346701986,253.10155200971224,257.18368571302557,254.46214583109813,Down,90
2026-01-15 19:00:00,249.9366642915384,250.2,247.3,248.725,249.9638395154726,252.9299225191353,257.0995196860303,254.46214583109813,Down,187
2026-01-15 19:15:00,249.3308321457692,249.3308321457692,246.6,247.45,249.73530865042966,252.71502359681625,257.0035045647763,254.46214583109813,Down,196
2026-01-15 19:30:00,248.3904160728846,248.3904160728846,245.1,246.675,249.45709877311788,252.4781599263529,256.90073337507704,254.46214583109813,Down,189
2026-01-15 19:45:00,247.5327080364423,247.5327080364423,244.5,245.875,249.13145343010714,252.21921247826066,256.7910245852753,254.46214583109813,Down,286
2026-01-15 20:00:00,246.7038540182212,246.7038540182212,244.7,245.3,248.78313948191558,251.94787081244652,256.676686032188,254.46214583109813,Down,130
2026-01-15 20:15:00,246.00192700911057,246.00192700911057,244.2,244.95,248.4346722562869,251.67344450607607,256.56000258908165,254.46214583109813,Down,195
2026-01-15 20:30:00,245.4759635045553,247.0,244.9,245.9,248.20424750571533,251.4470349176025,256.45393291157836,254.46214583109813,Down,98
2026-01-15 20:45:00,245.68798175227764,248.3,245.68798175227764,247.45,248.1356795506503,251.29028845024555,256.3643415393239,254.46214583109813,Down,119
2026-01-15 21:00:00,246.56899087613883,248.6,244.3,246.45,247.98243595513665,251.1004732169026,256.26569137475354,254.46214583109813,Down,207
2026-01-15 21:15:00,246.5094954380694,246.5094954380694,241.5,243.175,247.5453963228515,250.78967034565153,256.13543573918383,254.46214583109813,Down,625
2026-01-15 21:30:00,244.8422477190347,244.8422477190347,242.6,243.25,247.15490574804682,250.49399699876324,256.0072224482467,254.46214583109813,Down,169
2026-01-15 21:45:00,244.04612385951737,245.4,243.8,244.325,246.89764158913346,250.25207554783137,255.89098142886115,254.46214583109813,Down,111
2026-01-15 22:00:00,244.18556192975868,244.6,243.4,244.2,246.65240144466676,250.01473925183797,255.7746532554397,254.22449860652597,Down,90
2026-01-15 22:15:00,244.1927809648793,245.1,244.1927809648793,244.725,246.47718313151523,249.80729849686392,255.66470645687812,254.22449860652597,Down,41
2026-01-15 22:30:00,244.45889048243967,245.7,244.45889048243967,245.25,246.3656210286502,249.62858090875162,255.5610775369092,254.22449860652597,Down,61
2026-01-15 22:45:00,244.85444524121985,245.5,244.7,245.175,246.25738275331835,249.45393067703588,255.45773348181558,253.7556531993244,Down,33
2026-01-15 23:00:00,245.01472262060992,245.6,245.0,245.275,246.16807523028942,249.29005104264235,255.35641275065325,253.3869574539313,Down,70
2026-01-15 23:15:00,245.14486131030492,248.5,245.14486131030492,246.95,246.23915930026308,249.19828433508775,255.2727668526368,253.3869574539313,Down,120
2026-01-15 23:30:00,246.04743065515248,249.0,246.04743065515248,248.425,246.43787209114825,249.16795945920197,255.20462986902848,253.3869574539313,Down,107
2026-01-15 23:45:00,247.23621532757625,249.9,247.23621532757625,248.975,246.66852008286202,249.1603924215862,255.1426435021725,253.3869574539313,Down,72
2026-01-16 00:00:00,248.1056076637881,249.9,247.2,248.725,246.85547280260184,249.143318208975,255.07878635289717,253.3869574539313,Down,56
2026-01-16 09:00:00,248.41530383189405,249.9,248.41530383189405,249.5,247.09588436600166,249.15730573019167,255.02327604092804,253.3869574539313,Down,9
2026-01-16 09:15:00,248.95765191594705,250.0,248.7,249.5,247.31444033272876,249.17074472116454,254.96831807037154,253.3869574539313,Down,88
2026-01-16 09:30:00,249.2288259579735,250.0,249.2288259579735,249.65000000000003,247.5267639388443,249.18953904582474,254.91539948260666,253.3869574539313,Down,42
2026-01-16 09:45:00,249.43941297898675,249.8,249.3,249.525,247.70842176258574,249.20269437736104,254.86176366685936,253.3869574539313,Down,42
2026-01-16 10:00:00,249.48220648949336,249.9,249.1,249.45,247.86674705689614,249.21239263707238,254.80791527216428,253.3869574539313,Down,37
2026-01-16 10:15:00,249.4661032447467,250.0,249.4661032447467,249.75,248.03795186990558,249.2334752787558,254.75758775701837,253.3869574539313,Down,19
2026-01-16 10:30:00,249.60805162237327,250.0,249.6,249.825,248.20041079082327,249.25667232664773,254.70850728182415,253.3869574539313,Down,10
2026-01-16 10:45:00,249.71652581118667,249.9,249.6,249.75,248.34128253711208,249.27601850991644,254.6591689009105,253.3869574539313,Down,12
2026-01-16 11:00:00,249.7332629055933,250.0,249.5,249.725,248.46707503373824,249.2936256271746,254.61007269294126,253.3869574539313,Down,36
2026-01-16 11:15:00,249.72913145279665,251.2,249.5,250.3,248.63370457612567,249.33309128885404,254.56718639748914,253.3869574539313,Down,148
2026-01-16 11:30:00,250.0145657263983,251.2,249.3,250.3,248.78518597829606,249.37100927752644,254.524726831345,253.3869574539313,Down,97
2026-01-16 11:45:00,250.1572828631992,250.1572828631992,249.2,249.725,248.87062361663277,249.38489126664305,254.47696835541123,253.3869574539313,Down,103
2026-01-16 12:00:00,249.9411414315996,250.0,249.1,249.575,248.9346578333025,249.39234651108842,254.42819255087977,253.3869574539313,Down,76
2026-01-16 12:15:00,249.75807071579976,249.9,249.0,249.55,248.990598030275,249.39852900084966,254.3796533215178,253.3869574539313,Down,54
2026-01-16 12:30:00,249.6540353578999,250.0,249.6,249.875,249.0709982093409,249.41721413807127,254.33483090040818,253.3869574539313,Down,26
2026-01-16 12:45:00,249.76451767895,251.0,249.5,250.075,249.1622710994008,249.44300966206848,254.2924445232897,253.3869574539313,Down,41
2026-01-16 13:00:00,249.91975883947492,250.5,249.7,250.125,249.2497919085462,249.46975438120305,254.25097741360526,253.3869574539313,Down,15
2026-01-16 13:15:00,250.0223794197375,250.5,250.0223794197375,250.325,249.34753809867834,249.50329342507743,254.21191296172861,253.3869574539313,Down,18
2026-01-16 13:30:00,250.1736897098688,250.6,250.1736897098688,250.3,249.43412554425302,249.53453682017243,254.17298845464677,253.3869574539313,Down,13
2026-01-16 13:45:00,250.2368448549344,250.2368448549344,250.0,250.1,249.49465958568456,249.55671184683234,254.13246120634182,253.3869574539313,Down,8
2026-01-16 14:00:00,250.1684224274672,250.4,250.1684224274672,250.325,249.57014507789503,249.5868407940154,254.09457602020908,253.3869574539313,Down,12
2026-01-16 14:15:00,250.2467112137336,250.5,250.0,250.35,249.64104097990457,249.61676860601477,254.05731655732143,253.3869574539313,Down,12
2026-01-16 14:30:00,250.2983556068668,250.5,250.0,250.35,249.70549179991323,249.64552277832792,254.02042783535802,253.3869574539313,Down,11
2026-01-16 14:45:00,250.32417780343337,250.4,250.0,250.275,249.7572652726484,249.67020815956997,253.98315989669774,253.3869574539313,Down,9
2026-01-16 15:00:00,250.29958890171667,250.5,250.2,250.3,249.80660479331672,249.69490587880253,253.9465115395167,253.3869574539313,Down,8
2026-01-16 15:15:00,250.2997944508584,250.4,250.0,250.225,249.844640721197,249.7156938835554,253.90948157394936,253.18185478443095,Down,18
2026-01-16 15:30:00,250.2623972254292,250.8,250.0,250.4,249.89512792836092,249.7425294175336,253.8745613592832,253.18185478443095,Down,31
2026-01-16 15:45:00,250.33119861271464,251.0,250.33119861271464,250.675,249.966025389419,249.77909689135583,253.84272492784757,253.18185478443095,Down,12
2026-01-16 16:00:00,250.5030993063573,250.7,250.0,250.375,250.0032048994718,249.80246564071444,253.80822020219736,253.18185478443095,Down,13
2026-01-16 16:15:00,250.43904965317864,250.43904965317864,249.4,249.775,249.98245899951982,249.80138855676486,253.76808865789693,252.9849694206668,Down,28
2026-01-16 16:30:00,250.1070248265893,250.1070248265893,249.1,249.45,249.9340536359271,249.78760861336232,253.72512260159948,252.75647107212484,Down,30
2026-01-16 16:45:00,249.77851241329464,250.1,249.1,249.675,249.91050330538826,249.7831925893089,253.6848228742204,252.75647107212484,Down,23
2026-01-16 17:00:00,249.7267562066473,251.4,249.7267562066473,250.7,249.98227573217113,249.81914582110073,253.65512314412868,252.75647107212484,Down,76
2026-01-16 17:15:00,250.2133781033237,251.8,250.2133781033237,251.4,250.11115975651919,249.8811401026262,253.6326841078687,252.75647107212484,Down,83
2026-01-16 17:30:00,250.8066890516618,252.2,250.8066890516618,251.825,250.26696341501744,249.95736990252323,253.61469720132277,252.75647107212484,Down,106
2026-01-16 17:45:00,251.3158445258309,254.0,251.3158445258309,252.825,250.4995121954704,250.06982598477722,253.60683951772754,248.06705898506613,Up,261
2026-01-16 18:00:00,252.07042226291543,254.7,252.0,253.2,250.74501108679127,250.19257790694283,253.6027913633223,248.19466974740968,Up,157
2026-01-16 18:15:00,252.6352111314577,252.9,251.1,252.02500000000003,250.86137371526476,250.26443759686663,253.58709194677184,248.19466974740968,Up,89
2026-01-16 18:30:00,252.33010556572887,252.7,250.8,252.0,250.96488519569522,250.33249886757775,253.57129998710246,248.19466974740968,Up,63
2026-01-16 18:45:00,252.16505278286445,253.0,251.1,251.975,251.05671381426836,250.39691067669236,253.55541640514124,248.19466974740968,Up,75
2026-01-16 19:00:00,252.07002639143224,252.07002639143224,250.2,251.15,251.0651943766076,250.4264435913319,253.5314819135478,248.19466974740968,Up,70
2026-01-16 19:15:00,251.6100131957161,251.6100131957161,247.5,249.625,250.9342676150978,250.3950144308875,253.49261144674634,248.19466974740968,Up,278
2026-01-16 19:30:00,250.61750659785807,250.61750659785807,246.6,247.3,250.6038796500889,250.27364131595073,253.43099342240063,256.36553630086604,Down,272
2026-01-16 19:45:00,248.95875329892905,248.95875329892905,246.1,247.475,250.31943604553538,250.16389067610953,253.37172980625735,255.6205442144724,Down,195
2026-01-16 20:00:00,248.2168766494645,248.6,246.6,247.825,250.09266913230488,250.07216947312486,253.31653846490158,255.6205442144724,Down,51
2026-01-16 20:15:00,248.02093832473224,248.7,246.8,247.85,249.88879012027715,249.985025572218,253.26214504734037,255.6205442144724,Down,76
2026-01-16 20:30:00,247.93546916236613,249.2,247.93546916236613,248.7,249.78071829116107,249.9346324125232,253.21675056925739,255.6205442144724,Down,105
2026-01-16 20:45:00,248.31773458118303,249.6,247.6,248.625,249.6756529919646,249.88327427869876,253.17106150886679,255.6205442144724,Down,76
2026-01-16 21:00:00,248.4713672905916,248.5,247.3,247.975,249.52104817451325,249.8084399932596,253.11935940430095,255.4884909531812,Down,91
2026-01-16 21:15:00,248.22318364529576,249.1,247.6,248.275,249.4077710677393,249.74830509156317,253.07115682316365,255.4884909531812,Down,56
2026-01-16 21:30:00,248.24909182264787,248.8,247.8,248.2,249.29797369794483,249.68758724483519,253.0226876010426,255.43098425882744,Down,10
2026-01-16 21:45:00,248.224545911324,248.224545911324,247.2,247.625,249.14588517994983,249.60670147052795,252.96897926670388,254.56754806780475,Down,65
2026-01-16 22:00:00,247.924772955662,247.924772955662,246.7,247.3,248.97807743631802,249.51624258933077,252.91257151280635,253.98982674547426,Down,47
2026-01-16 22:15:00,247.612386477831,247.8,246.7,247.25,248.82097948756183,249.42737033092564,252.85622751765405,253.72040024331204,Down,49
2026-01-16 22:30:00,247.4311932389155,247.4311932389155,246.8,247.05,248.65998135232894,249.33414012186975,252.7984541095182,253.22730347298344,Down,30
2026-01-16 22:45:00,247.24059661945776,247.24059661945776,246.0,246.5,248.46361941120813,249.2229973719925,252.73578292434888,252.62752149273686,Down,82
2026-01-16 23:00:00,246.87029830972887,246.87029830972887,245.0,245.825,248.2237449192801,249.08974257309083,252.66701891515137,252.07636961568218,Down,128
2026-01-16 23:15:00,246.34764915486443,247.3,246.0,246.6,248.07613174480008,248.99210560944022,252.60665056773695,252.07636961568218,Down,38
2026-01-16 23:30:00,246.4738245774322,247.1,246.1,246.725,247.95330158618188,248.90319950710924,252.54812668149083,252.07636961568218,Down,22
2026-01-16 23:45:00,246.5994122887161,248.0,246.2,247.2,247.8848196238017,248.83640736957554,252.49491149063022,252.07636961568218,Down,62
2026-01-17 00:00:00,246.89970614435805,248.3,246.89970614435805,247.775,247.8748360216379,248.79478355116083,252.44794719719113,252.07636961568218,Down,65
2026-01-19 09:00:00,247.33735307217904,262.2,247.33735307217904,258.25,248.81803274694352,249.1655763530761,252.50567906587582,243.90746024040018,Up,6094
2026-01-19 09:15:00,252.79367653608952,262.2,252.79367653608952,262.2,250.0345752244941,249.67673022158291,252.602139970693,244.20252401235976,Up,396
2026-01-19 09:30:00,257.4968382680448,265.5,257.4968382680448,263.77500000000003,251.2837047495401,250.22960354622674,252.71331270730303,246.50243827177962,Up,194
2026-01-19 09:45:00,260.6359191340224,267.0,260.6359191340224,265.875,252.61018613594553,250.84314850519826,252.84427476991695,247.87103846825318,Up,1770
2026-01-19 10:00:00,263.2554595670112,267.0,263.2554595670112,266.425,253.866078305405,251.45420150499442,252.97940636424613,249.2688777180933,Up,486
2026-01-19 10:15:00,264.8402297835056,267.3,264.8402297835056,267.025,255.06234391400454,252.06482105381818,253.11916351485064,250.75851475356185,Up,192
2026-01-19 10:30:00,265.9326148917528,268.0,265.9326148917528,267.45,256.1884944672769,252.66816140464886,253.26175890276258,252.2948945536129,Up,134
2026-01-19 10:45:00,266.6913074458764,268.2,266.6913074458764,267.8,257.2440858793426,253.26156683976066,253.40641801815798,253.55939016483555,Up,83
2026-01-19 11:00:00,267.2456537229382,268.5,267.2456537229382,267.8,258.203714435766,253.83170147349554,253.54963773937035,254.792824980626,Up,235
2026-01-19 11:15:00,267.52282686146907,267.52282686146907,266.3,266.9,258.9942858506964,254.34418376865258,253.68247716484927,254.792824980626,Up,134
2026-01-19 11:30:00,267.2114134307345,267.4,266.0,266.475,259.67435077336035,254.81990205223482,253.80976594927864,254.88512241252636,Up,143
2026-01-19 11:45:00,266.8432067153673,266.8432067153673,263.8,265.275,260.18350070305485,255.22990589332366,253.9238478801316,254.88512241252636,Up,210
2026-01-19 12:00:00,266.0591033576836,266.9,264.9,265.79999999999995,260.69409154823165,255.64441938770312,254.042018547991,254.88512241252636,Up,103
2026-01-19 12:15:00,265.9295516788418,267.0,265.9295516788418,266.725,261.2423559529378,256.0789519607344,254.16821736840902,255.5760002769712,Up,87
2026-01-19 12:30:00,266.3272758394209,267.3,266.3272758394209,266.975,261.7635054117616,256.50624796227424,254.29564804136018,256.56103316818195,Up,63
2026-01-19 12:45:00,266.65113791971044,267.3,266.65113791971044,267.075,262.24636855614693,256.9207088264988,254.42280577229192,257.4190693383604,Up,44
2026-01-19 13:00:00,266.86306895985524,267.8,266.86306895985524,267.3,262.7057895964972,257.3277398529106,254.5509370581398,258.3031053548797,Up,99
2026-01-19 13:15:00,267.08153447992765,267.6,266.9,267.125,263.1075359968156,257.71194613318863,254.67605211228766,258.78779170450184,Up,40
2026-01-19 13:30:00,267.1032672399638,267.1032672399638,266.0,266.475,263.4136690880142,258.05559530443617,254.79345457883207,258.78779170450184,Up,64
2026-01-19 13:45:00,266.78913361998195,266.78913361998195,265.6,265.95000000000005,263.6442446254675,258.36517980230144,254.90446498103276,258.78779170450184,Up,50
2026-01-19 14:00:00,266.369566809991,266.369566809991,265.0,265.525,263.8152223867886,258.6459570649563,255.01014194639563,258.78779170450184,Up,38
2026-01-19 14:15:00,265.94728340499546,265.94728340499546,265.1,265.45000000000005,263.9638385334442,258.9127822780953,255.1140211310086,258.78779170450184,Up,122
2026-01-19 14:30:00,265.6986417024977,267.2,265.6986417024977,266.45,264.189853212222,259.2083594436602,255.22681694065034,259.2626153299262,Up,44
2026-01-19 14:45:00,266.0743208512489,267.4,266.0743208512489,267.125,264.4566847383836,259.51881593606566,255.3452068218379,259.72172662487617,Up,24
2026-01-19 15:00:00,266.59966042562445,267.5,266.59966042562445,267.25,264.71062248943963,259.8219996248474,255.46366247535198,260.3447669123591,Up,24
2026-01-19 15:15:00,266.92483021281225,267.5,266.7,267.20000000000005,264.93692953585423,260.1113329728926,255.58044195320917,260.71357881776987,Up,46
2026-01-19 15:30:00,267.0624151064061,267.9,267.0,267.45,265.1653904871402,260.39912383670077,255.69854700840114,261.3168898343362,Up,85
2026-01-19 15:45:00,267.25620755320307,267.8,267.25620755320307,267.625,265.3889913519456,260.68249152937915,255.8172181824469,261.7548063726174,Up,28
2026-01-19 16:00:00,267.4406037766015,267.9,267.4,267.6,265.58999213813235,260.9537663713643,255.93445979257183,262.2197296327417,Up,45
2026-01-19 16:15:00,267.5203018883008,267.9,267.3,267.67499999999995,265.779538307393,261.2173441607225,256.05128108816814,262.44520875703796,Up,20
2026-01-19 16:30:00,267.5976509441504,267.9,267.3,267.6,265.94503482490273,261.46764438971377,256.1661937141565,262.69564432458,Up,11
2026-01-19 16:45:00,267.5988254720752,268.0,267.3,267.625,266.09775893172974,261.70910931560735,256.28021168715,262.93694938598173,Up,15
2026-01-19 17:00:00,267.6119127360376,268.9,267.6119127360376,268.375,266.304780847027,261.97051679342667,256.40055783951664,263.5029695320159,Up,132
2026-01-19 17:15:00,267.9934563680188,269.3,267.9934563680188,268.975,266.5475280427518,262.24520240937073,256.52567666698417,263.85072428510455,Up,93
2026-01-19 17:30:00,268.4842281840094,269.4,268.4842281840094,269.0,266.7704800388653,262.5100964325327,256.64979928721317,264.2491026144582,Up,82
2026-01-19 17:45:00,268.7421140920047,269.5,268.7,268.975,266.970890944423,262.76362206262945,256.77243810027574,264.5427168385941,Up,80
2026-01-19 18:00:00,268.8585570460024,269.6,268.4,269.15,267.16899176765725,263.01406825625185,256.8955979201735,264.5427168385941,Up,113
2026-01-19 18:15:00,269.0042785230012,269.6,269.0042785230012,269.6,267.389992516052,263.27234008934005,257.0220098811668,264.92246933481846,Up,29
2026-01-19 18:30:00,269.3021392615006,271.8,269.3021392615006,270.57500000000005,267.6795386509564,263.55871890936595,257.15686550423976,265.66123851976675,Up,149
2026-01-19 18:45:00,269.9385696307503,274.1,269.9385696307503,272.675,268.1336715008694,263.91622012860654,257.31127480270504,266.0607363983902,Up,322
2026-01-19 19:00:00,271.3067848153752,275.8,271.3067848153752,274.65,268.72606500079036,264.33715267258276,257.48379943153384,266.5026337796559,Up,199
2026-01-19 19:15:00,272.9783924076876,277.0,272.9783924076876,275.2,269.31460454617303,264.76314668542267,257.6600800342052,267.117012872065,Up,268
2026-01-19 19:30:00,274.0891962038438,275.0,273.8,274.54999999999995,269.79054958743,265.1469448546218,257.82813893933746,267.117012872065,Up,241
2026-01-19 19:45:00,274.3195981019219,277.0,274.3195981019219,275.9,270.3459541703909,265.56863329169545,258.0079584523789,267.71636089647075,Up,266
2026-01-19 20:00:00,275.10979905096093,277.0,275.10979905096093,276.9,270.94177651853715,266.0130006135897,258.19593896529057,268.14624631265696,Up,571
2026-01-19 20:15:00,276.0048995254805,277.0,275.3,276.575,271.4538877441247,266.42719666795875,258.37881519449166,268.3421334428877,Up,355
2026-01-19 20:30:00,276.2899497627402,277.0,276.2899497627402,276.775,271.93762522193157,266.8329928770584,258.56186180947185,269.2887142886281,Up,227
2026-01-19 20:45:00,276.5324748813701,276.8,275.8,276.40000000000003,272.34329565630145,267.2081696269777,258.73935572181546,269.2887142886281,Up,137
2026-01-19 21:00:00,276.46623744068506,277.0,275.9,276.475,272.71890514209224,267.57157473964526,258.9158297942352,269.6398672787256,Up,176
2026-01-19 21:15:00,276.47061872034254,277.0,274.3,275.7,272.9899137655384,267.8903365145611,259.0828364629493,269.6398672787256,Up,131
2026-01-19 21:30:00,276.08530936017127,276.08530936017127,273.6,274.675,273.14310342321676,268.1564017492842,259.2379823687906,269.6398672787256,Up,266
2026-01-19 21:45:00,275.38015468008564,276.1,274.0,274.95,273.30736674837885,268.4228173669593,259.3943208526833,269.6398672787256,Up,81
2026-01-19 22:00:00,275.1650773400428,275.8,273.3,274.525,273.4180606803444,268.6621186466864,259.54487487404964,269.6398672787256,Up,106
2026-01-19 22:15:00,274.8450386700214,274.8450386700214,273.2,273.9,273.46187334576763,268.86752575858105,259.6877119399795,269.6398672787256,Up,75
2026-01-19 22:30:00,274.3725193350107,274.6,273.5,274.15,273.5244303143342,269.0746816111857,259.8316153037609,269.6398672787256,Up,95
2026-01-19 22:45:00,274.2612596675053,276.2,274.2,275.1,273.667663922122,269.31096860682555,259.9835395295941,269.6398672787256,Up,148
2026-01-19 23:00:00,274.6806298337527,275.9,274.6806298337527,275.5,273.83423992920183,269.55367572028337,260.1379321710907,269.6398672787256,Up,84
2026-01-19 23:15:00,275.0903149168763,275.5,274.8,275.225,273.9606726629107,269.7760805939978,260.2880522489903,269.6398672787256,Up,54
2026-01-19 23:30:00,275.15765745843817,275.7,274.4,274.975,274.05288423900976,269.97995978639005,260.4341910325824,269.6398672787256,Up,53
2026-01-19 23:45:00,275.0663287292191,275.3,274.3,274.6,274.1026220354634,270.1611378339826,260.5751443556413,269.6398672787256,Up,88
2026-01-20 00:00:00,274.8331643646095,274.9,273.0,273.82500000000005,274.0773836686031,270.3048187032382,260.7069837152867,269.6398672787256,Up,110
2026-01-20 09:00:00,274.3290821823048,278.8,268.9,274.25,274.09307606236644,270.4595316952681,260.8417400962291,269.6398672787256,Up,35
2026-01-20 09:15:00,274.2895410911524,274.2895410911524,269.2,270.1,273.73006914760583,270.44543241310066,260.9338620853214,269.6398672787256,Up,267
2026-01-20 09:30:00,272.1947705455762,272.1947705455762,269.4,269.95,273.3864264978235,270.42600369101825,261.0235749003929,269.6398672787256,Up,96
2026-01-20 09:45:00,271.0723852727881,271.3,270.3,270.625,273.1353877252941,270.43380746784106,261.11911146854817,269.6398672787256,Up,113
2026-01-20 10:00:00,270.84869263639405,271.1,270.4,270.75,272.9185342957219,270.4462071749846,261.21494120517957,269.6398672787256,Up,73
2026-01-20 10:15:00,270.799346318197,271.3,270.5,270.925,272.7373039052017,270.46498336420086,261.31155870562554,269.6398672787256,Up,65
2026-01-20 10:30:00,270.8621731590985,271.0,270.3,270.67499999999995,272.54982173200153,270.4732193107028,261.40472727571887,269.6398672787256,Up,43
2026-01-20 10:45:00,270.76858657954926,270.8,269.7,270.35,272.3498379381832,270.46838718087133,261.4937349645177,269.6398672787256,Up,101
2026-01-20 11:00:00,270.55929328977464,271.0,270.2,270.675,272.1975799438029,270.4764896443666,261.5850908355176,269.6398672787256,Up,26
2026-01-20 11:15:00,270.6171466448873,273.2,270.6171466448873,271.95,272.17507267618447,270.5342743641954,261.6882242600398,269.6398672787256,Up,109
2026-01-20 11:30:00,271.28357332244366,274.0,271.28357332244366,273.29999999999995,272.2773387965313,270.6427341930505,261.8037643171539,269.6398672787256,Up,131
2026-01-20 11:45:00,272.2917866612218,274.5,272.1,273.3,272.37030799684663,270.7469406952838,261.91815472195833,269.6398672787256,Up,153
2026-01-20 12:00:00,272.7958933306109,274.6,272.7958933306109,273.475,272.4707345425878,270.8539234131158,262.033148207312,269.6398672787256,Up,107
2026-01-20 12:15:00,273.1354466653055,274.5,273.1354466653055,273.975,272.6074859478071,270.9763185733858,262.1519726032592,269.6398672787256,Up,53
2026-01-20 12:30:00,273.5552233326528,275.4,273.5552233326528,274.85,272.81135086164284,271.1282276489393,262.2783211345701,269.6398672787256,Up,118
2026-01-20 12:45:00,274.20261166632633,275.5,274.1,274.725,272.98531896512986,271.2692775450593,262.40216868546986,269.6398672787256,Up,65
2026-01-20 13:00:00,274.4638058331632,274.5,273.8,274.175,273.0934717864817,271.38322744525306,262.51931128561444,269.6398672787256,Up,106
2026-01-20 13:15:00,274.3194029165816,274.8,274.1,274.4,273.2122470786197,271.5015322513216,262.6375270937178,269.6398672787256,Up,33
2026-01-20 13:30:00,274.3597014582908,274.6,274.3,274.45,273.32477007147247,271.6171584375443,262.7550641375614,269.6398672787256,Up,22
2026-01-20 13:45:00,274.4048507291454,274.6,273.5,274.15,273.39979097406587,271.71648555764057,262.86844658395387,269.6398672787256,Up,58
2026-01-20 14:00:00,274.27742536457265,274.6,273.8,274.225,273.4748099764235,271.81485867302723,262.98144711545683,269.6398672787256,Up,40
2026-01-20 14:15:00,274.25121268228634,275.7,274.2,275.02500000000003,273.6157363422032,271.94074656820266,263.10128346256676,269.6398672787256,Up,62
2026-01-20 14:30:00,274.6381063411432,275.7,274.5,275.1,273.7506694020029,272.0646388596457,263.2206736768696,269.6398672787256,Up,32
2026-01-20 14:45:00,274.8690531705716,274.8690531705716,273.7,274.175,273.78924491091175,272.1473981200518,263.3296719487415,269.6398672787256,Up,65
2026-01-20 15:00:00,274.5220265852858,274.8,274.0,274.35,273.8402226462834,272.23377466436347,263.4393269542267,269.6398672787256,Up,16
2026-01-20 15:15:00,274.4360132926429,275.3,274.4360132926429,274.875,273.9342933148031,272.33735212850604,263.553114745727,269.6398672787256,Up,29
2026-01-20 15:30:00,274.65550664632144,278.0,274.65550664632144,276.45000000000005,274.16299392254825,272.4986324371921,263.6814419621874,270.20774042943276,Up,149
2026-01-20 15:45:00,275.55275332316074,278.7,275.55275332316074,277.825,274.495903565953,272.70750959651787,263.8221738829617,270.4182752393407,Up,150
2026-01-20 16:00:00,276.6888766615804,278.0,276.6888766615804,277.3,274.7508214235936,272.88760725939954,263.95628160551934,270.7693921875107,Up,108
2026-01-20 16:15:00,276.9944383307902,277.7,276.9944383307902,277.175,274.971201294176,273.05574030805053,264.0878111417828,271.11333660997377,Up,63
2026-01-20 16:30:00,277.0847191653951,278.3,277.0,277.525,275.2033648128873,273.23100539400934,264.2215145135064,271.51010676779873,Up,60
2026-01-20 16:45:00,277.3048595826976,278.4,277.3,277.975,275.4553316480793,273.41704439816584,264.35836511536206,271.8682788798171,Up,91
2026-01-20 17:00:00,277.6399297913488,278.5,277.5,278.175,275.70257422552663,273.60363089235545,264.4958440694381,272.19843534528826,Up,79
2026-01-20 17:15:00,277.9074648956744,278.3,276.8,277.70000000000005,275.8841583868424,273.76427281814546,264.6272287055631,272.19843534528826,Up,87
2026-01-20 17:30:00,277.8037324478372,278.0,277.2,277.625,276.0424167153113,273.91567388410056,264.75655976321923,272.19843534528826,Up,52
2026-01-20 17:45:00,277.7143662239186,277.9,274.7,276.375,276.07265155937387,274.0121180455084,264.8721661337345,272.19843534528826,Up,159
2026-01-20 18:00:00,277.04468311195933,278.4,275.0,276.45,276.10695596306715,274.10772125940997,264.987368460762,272.19843534528826,Up,131
2026-01-20 18:15:00,276.7473415559797,279.3,276.7473415559797,278.125,276.29041451187925,274.26526160217827,265.118091162645,272.19843534528826,Up,212
2026-01-20 18:30:00,277.43617077798984,279.3,277.43617077798984,278.77500000000003,276.5162859198902,274.44211408836736,265.2539808028177,272.19843534528826,Up,175
2026-01-20 18:45:00,278.10558538899494,282.0,278.10558538899494,280.17499999999995,276.84889629080925,274.66693314372554,265.402448655526,272.19843534528826,Up,245
2026-01-20 19:00:00,279.1402926944975,285.0,279.1402926944975,283.25,277.4308148098266,275.0035240008344,265.5800362310929,272.59560218650864,Up,4693
2026-01-20 19:15:00,281.19514634724874,287.6,281.19514634724874,286.3,278.2371043725696,275.44652305962524,265.78620502481334,273.4553135174056,Up,626
2026-01-20 19:30:00,283.74757317362435,289.0,283.74757317362435,288.0,279.12464033869963,275.93881627297327,266.0072378106361,274.5163044170222,Up,528
2026-01-20 19:45:00,285.8737865868122,289.0,285.8737865868122,288.075,279.93830939881786,276.4147450465822,266.2268175339134,275.5205591706196,Up,390
2026-01-20 20:00:00,286.9743932934061,289.2,285.7,287.175,280.5961903625617,276.8367158290692,266.4352571604416,275.5205591706196,Up,416
2026-01-20 20:15:00,287.07469664670305,287.07469664670305,282.1,284.35,280.937445784147,277.1313544240076,266.6135133080989,275.5205591706196,Up,535
2026-01-20 20:30:00,285.71234832335153,285.71234832335153,282.4,283.79999999999995,281.19767798558814,277.3928699367916,266.7845231259288,275.5205591706196,Up,278
2026-01-20 20:45:00,284.75617416167574,284.75617416167574,282.1,283.4,281.3978890778074,277.6284436647606,266.949851254029,275.5205591706196,Up,183
2026-01-20 21:00:00,284.07808708083786,284.07808708083786,281.0,282.75,281.5208082525522,277.8292890112406,267.1070666644367,275.5205591706196,Up,147
2026-01-20 21:15:00,283.4140435404189,284.6,281.7,283.29999999999995,281.6825529568656,278.0438266970743,267.26819037921837,275.5205591706196,Up,214
2026-01-20 21:30:00,283.3570217702094,286.3,283.3570217702094,285.2,282.00232086987785,278.32446094424785,267.44661634559435,275.5205591706196,Up,159
2026-01-20 21:45:00,284.2785108851047,285.7,284.1,285.125,282.28620079079803,278.5911487503558,267.62252066056357,275.5205591706196,Up,97
2026-01-20 22:00:00,284.7017554425523,288.0,284.7017554425523,286.225,282.64427344618,278.89051546602815,267.8076199574734,275.5205591706196,Up,193
2026-01-20 22:15:00,285.4633777212762,287.5,285.4633777212762,286.7,283.01297586016364,279.19676976147804,267.99560383849354,275.5205591706196,Up,117
2026-01-20 22:30:00,286.0816888606381,287.5,285.9,286.725,283.35043260014874,279.4919944767142,268.1819659893543,275.5205591706196,Up,145
2026-01-20 22:45:00,286.40334443031907,288.7,286.40334443031907,287.9,283.76402963649883,279.82172018350974,268.3781653327438,276.51413188184296,Up,206
2026-01-20 23:00:00,287.1516722151595,289.2,287.1516722151595,288.55,284.1991178513626,280.16400566650935,268.5788801055523,277.39686206462267,Up,249
2026-01-20 23:15:00,287.85083610757977,289.5,286.3,288.0,284.5446525921478,280.4712995619404,268.7721250796264,277.39686206462267,Up,184
2026-01-20 23:30:00,287.9254180537899,289.5,286.9,288.225,284.8792296292253,280.7753662457859,268.9656860241077,277.39686206462267,Up,353
2026-01-20 23:45:00,288.075209026895,289.5,288.0,288.875,285.2424814811139,281.09299894202957,269.16378865073347,278.2849556401525,Up,565
2026-01-21 00:00:00,288.4751045134475,290.0,288.0,289.15,285.5977104373763,281.4089597678323,269.36265642535307,278.7590505819568,Up,105
2026-01-21 09:00:00,288.81255225672373,290.8,288.81255225672373,290.0,285.997918579433,281.74586330634867,269.5680031275883,279.7736138416767,Up,19
2026-01-21 09:15:00,289.40627612836187,292.8,289.40627612836187,291.0,286.45265325403,282.1087706276684,269.7812568278113,280.7484545775078,Up,377
2026-01-21 09:30:00,290.20313806418096,293.2,290.20313806418096,292.575,287.0092302309364,282.5192109952108,270.00806024246,281.19845243118067,Up,234
2026-01-21 09:45:00,291.38906903209045,295.3,291.38906903209045,293.82500000000005,287.6288456644876,282.9625752699084,270.24504471765937,282.37408998143286,Up,351
2026-01-21 10:00:00,292.60703451604525,293.8,292.5,293.35,288.14895060407963,283.3699252593238,270.47494477021996,282.69505042307964,Up,157
2026-01-21 10:15:00,292.97851725802263,295.7,292.97851725802263,294.6,288.7354096400724,283.81032034719345,270.7149950710138,283.84512892563737,Up,188
2026-01-21 10:30:00,293.78925862901133,297.8,293.78925862901133,296.725,289.4617360364295,284.3167783727937,270.9738010902077,284.7960599947153,Up,263
2026-01-21 10:45:00,295.2571293145057,299.8,295.2571293145057,298.35,290.26976003311773,284.8671007895469,271.2462010793599,285.87791229908186,Up,450
2026-01-21 11:00:00,296.8035646572529,299.2,296.8035646572529,298.6,291.0270545755615,285.4056458566235,271.51837818304784,286.53884915110837,Up,218
2026-01-21 11:15:00,297.70178232862645,300.6,297.70178232862645,299.54999999999995,291.80186779596505,285.9603264112657,271.79729979316676,287.6761454860701,Up,387
2026-01-21 11:30:00,298.6258911643132,304.4,298.6258911643132,301.975,292.72669799633184,286.58835282651023,272.09757541711537,288.9816826616858,Up,407
2026-01-21 11:45:00,300.3004455821566,305.8,300.3004455821566,303.65000000000003,293.71972545121076,287.25743702939224,272.4115298905769,289.6583276205255,Up,608
2026-01-21 12:00:00,301.9752227910783,306.4,301.9752227910783,304.775,294.7247504101916,287.94440028314153,272.7335544687801,290.40415134633776,Up,443
2026-01-21 12:15:00,303.37511139553914,310.8,303.37511139553914,308.375,295.96568219108326,288.7456002720379,273.088195717847,291.85717797869165,Up,210
2026-01-21 12:30:00,305.87505569776954,312.3,305.87505569776954,310.70000000000005,297.3051656282575,289.6065571241149,273.4624425266246,292.905386539821,Up,852
2026-01-21 12:45:00,308.2875278488848,315.1,308.2875278488848,313.175,298.74787784387047,290.53080978591436,273.8575923522303,294.50546377034254,Up,1520
2026-01-21 13:00:00,310.7312639244424,315.1,309.4,312.025,299.9548889489732,291.3737192060746,274.2373675527057,294.55154531445464,Up,1468
2026-01-21 13:15:00,311.3781319622212,311.3781319622212,308.3,309.925,300.8612626808847,292.1012204136795,274.59246837307677,294.55154531445464,Up,826
2026-01-21 13:30:00,310.6515659811106,312.3,309.7,311.175,301.79887516444063,292.8492117700058,274.9564736628969,294.55154531445464,Up,451
2026-01-21 13:45:00,310.91328299055533,313.2,310.5,311.775,302.7057956040369,293.5913995437311,275.32282715878847,295.592107674271,Up,486
2026-01-21 14:00:00,311.34414149527765,311.4,309.4,310.4,303.40526873094257,294.25056034593774,275.67185375422343,295.592107674271,Up,457
2026-01-21 14:15:00,310.8720707476388,310.8720707476388,306.7,308.225,303.84342611903867,294.7985775872735,275.9957656571665,295.592107674271,Up,530
2026-01-21 14:30:00,309.5485353738194,309.5485353738194,307.0,307.625,304.1872055627624,295.30157454463534,276.3104844068464,295.592107674271,Up,175
2026-01-21 14:45:00,308.5867676869097,308.8,306.5,307.675,304.5042777843295,295.78680691543394,276.62256913911665,295.592107674271,Up,193
2026-01-21 15:00:00,308.13088384345485,308.13088384345485,305.8,307.4,304.7675252584813,296.2422262520836,276.92881223225976,295.592107674271,Up,221
2026-01-21 15:15:00,307.7654419217274,310.7,307.0,308.70000000000005,305.12502296225574,296.7307663990607,277.2449434538293,295.592107674271,Up,381
2026-01-21 15:30:00,308.23272096086373,309.1,307.3,308.5,305.4318390565961,297.1923049716466,277.5559390413534,295.592107674271,Up,248
2026-01-21 15:45:00,308.36636048043187,310.6,308.36636048043187,309.375,305.7903082332692,297.67005771785654,277.8725466130812,296.2964885628569,Up,181
2026-01-21 16:00:00,308.870680240216,310.4,308.870680240216,309.70000000000005,306.14573475751746,298.14182016029355,278.18923769155805,297.09132231895114,Up,194
2026-01-21 16:15:00,309.285340120108,311.0,309.285340120108,310.175,306.51203159774315,298.61370956577224,278.5075039831844,298.1155048299506,Up,363
2026-01-21 16:30:00,309.730170060054,313.6,309.730170060054,312.025,307.01321054340286,299.1396425239773,278.8410114062373,299.32408756995267,Up,273
2026-01-21 16:45:00,310.877585030027,315.1,310.877585030027,313.82500000000005,307.63246413036626,299.715538895586,279.18911079522996,300.2342802895012,Up,1642
2026-01-21 17:00:00,312.3512925150135,315.1,312.3512925150135,315.05,308.3067855730602,300.31689031144543,279.5459355634366,301.1311051488641,Up,86
2026-01-21 17:15:00,313.7006462575067,317.0,312.4,314.425,308.86298688460016,300.8701495149182,279.89299093096463,301.5776899012339,Up,573
2026-01-21 17:30:00,314.0628231287534,314.0628231287534,311.8,313.25,309.2618062587274,301.3556338476665,280.224901468965,301.5776899012339,Up,336
2026-01-21 17:45:00,313.6564115643767,315.3,313.6564115643767,314.525,309.74027841702485,301.87207957913057,280.56619598171164,302.020098262547,Up,189
2026-01-21 18:00:00,314.0907057821884,319.7,314.0907057821884,317.075,310.4070712882044,302.46827253681175,280.92946766348564,303.5300572485796,Up,551
2026-01-21 18:15:00,315.5828528910941,321.5,315.5828528910941,318.925,311.1814284438222,303.1136343981133,281.3075326618589,304.2394678218407,Up,668
2026-01-21 18:30:00,317.2539264455471,322.4,317.2539264455471,319.92499999999995,311.97629858529285,303.772903637403,281.69178606820856,304.9538831814213,Up,405
2026-01-21 18:45:00,318.5894632227736,323.7,318.5894632227736,321.725,312.86254416844804,304.47690741632834,282.09012650534083,305.7653727457115,Up,657
2026-01-21 19:00:00,320.1572316113868,323.7,320.1572316113868,322.85,313.7704946985891,305.19742085098216,282.49569738588474,306.65910105922023,Up,473
2026-01-21 19:15:00,321.5036158056934,322.8,319.0,320.9,314.41863154417194,305.8132082685907,282.87782975020434,306.65910105922023,Up,238
2026-01-21 19:30:00,321.20180790284667,322.5,319.3,320.625,314.9828468583381,306.394062846293,283.25342348403314,306.65910105922023,Up,221
2026-01-21 19:45:00,320.91340395142333,322.4,318.7,320.425,315.47758805303465,306.9442956758502,283.6232899170279,306.65910105922023,Up,268
2026-01-21 20:00:00,320.66920197571164,321.2,318.0,319.25,315.82053459366784,307.4268723160129,283.97778454471916,306.65910105922023,Up,187
2026-01-21 20:15:00,319.9596009878558,319.9596009878558,316.4,317.79999999999995,316.0004859942435,307.8336616369536,284.31432400198565,306.65910105922023,Up,252
2026-01-21 20:30:00,318.87980049392786,320.6,317.2,318.775,316.25271454022135,308.2627337296221,284.65721630047335,306.65910105922023,Up,288
2026-01-21 20:45:00,318.8274002469639,320.9,317.1,318.9,316.49337685474666,308.67988142649966,284.99794051638906,306.65910105922023,Up,209
2026-01-21 21:00:00,318.863700123482,318.863700123482,312.3,315.425,316.3962516861333,308.94439588036244,285.3006973271713,306.65910105922023,Up,472
2026-01-21 21:15:00,317.14435006174097,317.14435006174097,308.1,311.975,315.9943197146667,309.0632431007404,285.5661132741646,306.65910105922023,Up,707
2026-01-21 21:30:00,314.5596750308705,314.5596750308705,307.5,310.525,315.49710883151516,309.12056690071137,285.8144604057649,306.65910105922023,Up,347
2026-01-21 21:45:00,312.54233751543524,312.54233751543524,309.7,310.875,315.0769171195592,309.1893681987227,286.06381900869263,306.65910105922023,Up,265
2026-01-21 22:00:00,311.70866875771765,314.5,311.3,312.975,314.8858337450538,309.3378243477924,286.3315919538798,306.65910105922023,Up,263
2026-01-21 22:15:00,312.34183437885883,314.7,312.3,313.95,314.80075795004893,309.51869398121227,286.60640198418946,306.65910105922023,Up,250
2026-01-21 22:30:00,313.1459171894294,315.7,313.1,314.675,314.7893254091354,309.7209020603804,286.8856915166851,306.65910105922023,Up,227
2026-01-21 22:45:00,313.91045859471467,315.5,313.6,314.525,314.7652958264867,309.90929805801255,287.160709511544,306.65910105922023,Up,149
2026-01-21 23:00:00,314.2177292973573,315.5,312.2,314.125,314.70708711498787,310.0746197027964,287.4290109094391,306.65910105922023,Up,221
2026-01-21 23:15:00,314.17136464867866,317.8,314.17136464867866,316.15000000000003,314.83826101362536,310.31286991052986,287.71479189541486,306.65910105922023,Up,168
2026-01-21 23:30:00,315.16068232433935,316.9,315.0,316.375,314.97796455784123,310.5506005022738,287.99996809546053,306.65910105922023,Up,111
2026-01-21 23:45:00,315.7678411621697,317.1,312.8,315.075,314.98678596167383,310.72802793355726,288.26937139799327,306.65910105922023,Up,203
2026-01-22 00:00:00,315.4214205810848,315.4214205810848,313.0,313.65,314.86525996515803,310.8426150734178,288.52191496617246,306.65910105922023,Up,119
2026-01-22 09:00:00,314.5357102905424,326.4,311.9,318.67499999999995,315.21159996832546,311.14976742347983,288.82194566302644,306.65910105922023,Up,117
2026-01-22 09:15:00,316.6053551452712,325.6,316.6053551452712,323.7,315.98327269847766,311.6419334068728,289.16899097981224,306.65910105922023,Up,644
2026-01-22 09:30:00,320.1526775726356,327.0,320.1526775726356,325.825,316.87797518043425,312.1981320967993,289.53372738797333,306.65910105922023,Up,452
2026-01-22 09:45:00,322.9888387863178,327.0,322.9888387863178,326.15,317.72088652766746,312.74526417143466,289.89806840898854,306.65910105922023,Up,343
2026-01-22 10:00:00,324.5694193931589,327.0,323.2,325.375,318.4167150251522,313.24054792941763,290.2510727034265,306.65910105922023,Up,4670
2026-01-22 10:15:00,324.97220969657945,325.6,322.1,323.925,318.9174682046838,313.6595460498326,290.5861366566262,306.65910105922023,Up,407
2026-01-22 10:30:00,324.44860484828973,325.5,322.7,323.55,319.3386074588035,314.0474069890549,290.9141352968588,306.65910105922023,Up,216
2026-01-22 10:45:00,323.99930242414484,325.0,321.2,323.375,319.7055522352759,314.4131949502684,291.237128975497,306.65910105922023,Up,258
2026-01-22 11:00:00,323.6871512120724,325.5,323.6871512120724,324.8,320.1686838502508,314.8205206384932,291.57108789116376,307.2961659095243,Up,153
2026-01-22 11:15:00,324.2435756060362,326.2,324.2,325.15,320.6215307729552,315.22559826051304,291.9052064196099,308.7478093668073,Up,155
2026-01-22 11:30:00,324.6967878030181,326.7,324.6967878030181,325.5,321.06502797541384,315.628515975787,292.2394829726486,310.0134161633404,Up,181
2026-01-22 11:45:00,325.09839390150904,326.0,324.0,324.875,321.41138906855804,315.99112319242283,292.5642144853586,310.01365660166493,Up,110
2026-01-22 12:00:00,324.9866969507545,326.6,323.6,324.77500000000003,321.7171718805073,316.33558894958276,292.88471981386255,310.38514236515,Up,140
2026-01-22 12:15:00,324.8808484753773,324.8808484753773,322.5,323.925,321.91788352773386,316.6332129123442,293.19357832317735,310.38514236515,Up,222
2026-01-22 12:30:00,324.4029242376887,326.4,324.1,325.15,322.21171229793987,316.96720456284055,293.51155266822036,311.4019032851232,Up,148
2026-01-22 12:45:00,324.77646211884434,327.3,324.5,326.04999999999995,322.5606475435817,317.32339261919975,293.8353183133127,312.2926393501119,Up,213
2026-01-22 13:00:00,325.4132310594222,327.9,325.4132310594222,326.975,322.961952312347,317.70188702628997,294.1650663897972,313.38200805142094,Up,204
2026-01-22 13:15:00,326.1941155297111,328.4,326.1941155297111,327.225,323.34950210213367,318.07534243702366,294.49402095308284,314.427092977214,Up,199
2026-01-22 13:30:00,326.7095577648556,326.9,325.0,326.125,323.60182009284875,318.39101528263063,294.8087570630024,314.427092977214,Up,141
2026-01-22 13:45:00,326.4172788824278,326.4172788824278,324.1,325.075,323.73574553895344,318.6531323303706,295.1099137091417,314.427092977214,Up,71
2026-01-22 14:00:00,325.7461394412139,325.7461394412139,320.1,322.275,323.60295048995766,318.7951663566306,295.38021307521996,314.427092977214,Up,291
2026-01-22 14:15:00,324.0105697206069,324.0105697206069,320.2,320.8,323.34813680905245,318.87378728382157,295.6331462784516,314.427092977214,Up,143
2026-01-22 14:30:00,322.4052848603035,322.4052848603035,318.3,319.875,323.03239709913856,318.9130505275933,295.8743587532929,314.427092977214,Up,279
2026-01-22 14:45:00,321.14014243015174,321.14014243015174,314.7,317.1,322.49308827194415,318.8419505069034,296.0855591637079,314.427092977214,Up,425
2026-01-22 15:00:00,319.1200712150759,319.1200712150759,313.4,314.975,321.8096257017674,318.6903053889857,296.2735137988949,314.427092977214,Up,245
2026-01-22 15:15:00,317.04753560753795,317.04753560753795,312.0,313.375,321.0428415470613,318.481862040398,296.443677840697,328.54141272312427,Down,383
2026-01-22 15:30:00,315.211267803769,316.7,312.9,314.825,320.4775832246012,318.33845568587265,296.62657656865025,328.54141272312427,Down,157
2026-01-22 15:45:00,315.0181339018845,318.2,315.0181339018845,317.1,320.17053020418285,318.28988879623057,296.8302922246836,328.54141272312427,Down,298
2026-01-22 16:00:00,316.0590669509422,320.5,316.0590669509422,318.4,320.0095729128935,318.29420688265293,297.044916182647,328.54141272312427,Down,236
2026-01-22 16:15:00,317.2295334754711,320.1,317.2295334754711,319.075,319.92461173899403,318.3248262205881,297.26412099675,328.54141272312427,Down,189
2026-01-22 16:30:00,318.15226673773554,321.1,318.15226673773554,320.375,319.9655561263582,318.40522519232974,297.4940799918072,328.54141272312427,Down,192
2026-01-22 16:45:00,319.2636333688678,323.6,319.2636333688678,321.675,320.1209601148711,318.53345165537564,297.734686161043,328.54141272312427,Down,289
2026-01-22 17:00:00,320.4693166844339,326.2,320.4693166844339,323.75,320.45087283170096,318.7380221786942,297.99354500521173,328.54141272312427,Down,341
2026-01-22 17:15:00,322.10965834221696,327.5,322.10965834221696,326.225,320.97579348336455,319.0316291520788,298.2744550051599,328.54141272312427,Down,383
2026-01-22 17:30:00,324.16732917110846,327.1,324.16732917110846,325.775,321.41208498487686,319.29607506768355,298.5480922687902,328.54141272312427,Down,407
2026-01-22 17:45:00,324.9711645855542,327.0,322.7,325.525,321.78598634988805,319.5403466336567,298.81651921138933,328.54141272312427,Down,489
2026-01-22 18:00:00,325.2480822927771,328.0,321.5,324.8,322.0599875908073,319.74660754998393,299.07506130878846,328.54141272312427,Down,482
2026-01-22 18:15:00,325.0240411463885,325.0240411463885,318.1,321.325,321.9931705370975,319.80850529312187,299.2964537335767,328.54141272312427,Down,431
2026-01-22 18:30:00,323.1745205731943,323.1745205731943,316.1,320.3,321.8392459428159,319.8277795953524,299.50544424369036,328.54141272312427,Down,447
2026-01-22 18:45:00,321.7372602865971,324.2,320.2,321.6,321.8174963116508,319.8972784347504,299.7252905696238,328.54141272312427,Down,301
2026-01-22 19:00:00,321.6686301432985,325.7,320.9,323.25,321.9477239196825,320.028757711819,299.95936728037384,328.54141272312427,Down,287
2026-01-22 19:15:00,322.45931507164926,328.0,322.45931507164926,325.475,322.2683853815296,320.2423358407673,300.21325417310646,328.54141272312427,Down,479
2026-01-22 19:30:00,323.96715753582464,327.8,323.96715753582464,326.125,322.6189867104814,320.4730285528941,300.47108248979197,328.54141272312427,Down,273
2026-01-22 19:45:00,325.0460787679123,328.2,325.0460787679123,327.04999999999995,323.02180610043763,320.73094900180024,300.7355493306896,328.54141272312427,Down,263
2026-01-22 20:00:00,326.04803938395617,328.0,326.0,326.825,323.36755100039784,320.9699313938865,300.99514585476237,328.54141272312427,Down,189
2026-01-22 20:15:00,326.4365196919781,328.5,326.0,327.125,323.70913727308897,321.2113066333419,301.2551444034712,328.54141272312427,Down,322
2026-01-22 20:30:00,326.78075984598905,328.6,326.78075984598905,327.95,324.0946702482627,321.4755691183089,301.52076485716805,328.54141272312427,Down,158
2026-01-22 20:45:00,327.3653799229945,329.9,327.3653799229945,328.55,324.49970022569335,321.752997780336,301.78971247052954,313.40987768107686,Up,301
2026-01-22 21:00:00,327.9576899614973,329.0,325.5,327.85,324.8042729324485,321.99209590659734,302.0490188141064,313.40987768107686,Up,366
2026-01-22 21:15:00,327.90384498074866,328.5,324.1,326.4,324.9493390294986,322.1649548906524,302.291317134364,313.40987768107686,Up,301
2026-01-22 21:30:00,327.1519224903743,327.1519224903743,322.8,324.525,324.91076275408966,322.2575056792543,302.512547809644,313.40987768107686,Up,173
2026-01-22 21:45:00,325.83846124518715,327.0,325.1,325.75,324.9870570491724,322.3944662408521,302.7437662393988,313.40987768107686,Up,252
2026-01-22 22:00:00,325.79423062259355,327.9,324.2,326.3,325.10641549924765,322.5476244274854,302.9781566250764,313.40987768107686,Up,314
2026-01-22 22:15:00,326.0471153112968,327.8,324.6,326.225,325.20810499931605,322.69183523425073,303.20946849945375,313.40987768107686,Up,195
2026-01-22 22:30:00,326.1360576556484,326.2,322.0,323.975,325.09600454483274,322.74215542114285,303.4160907034393,313.40987768107686,Up,222
2026-01-22 22:45:00,325.0555288278242,325.0555288278242,321.3,322.3,324.84182231348433,322.7248159928627,303.60399029843,313.40987768107686,Up,249
2026-01-22 23:00:00,323.6777644139121,323.6777644139121,318.3,320.75,324.46983846680394,322.6473722284367,303.7745973601372,313.40987768107686,Up,412
2026-01-22 23:15:00,322.21388220695604,322.9,319.9,320.92499999999995,324.1475804243672,322.57982821947843,303.94524813267316,313.40987768107686,Up,201
2026-01-22 23:30:00,321.569441103478,321.8,318.5,319.95,323.76598220397017,322.4766977010675,304.1044993950347,313.40987768107686,Up,357
2026-01-22 23:45:00,320.7597205517389,321.2,317.0,318.5,323.2872565490638,322.3207487716139,304.24773820702444,313.40987768107686,Up,249
2026-01-23 00:00:00,319.6298602758695,319.6298602758695,313.1,315.65,322.5929604991489,322.05915078057023,304.3611935482481,313.40987768107686,Up,391
2026-01-23 09:00:00,317.6399301379347,319.9,314.0,316.55,322.04360045377166,321.84310565192044,304.48247520448444,313.40987768107686,Up,17
2026-01-23 09:15:00,317.0949650689673,320.4,316.8,318.65,321.7350913216106,321.7178858224334,304.6234456004598,313.40987768107686,Up,377
2026-01-23 09:30:00,317.87248253448365,319.5,317.87248253448365,318.70000000000005,321.4591739287369,321.59953735880856,304.76351081836566,313.40987768107686,Up,124
2026-01-23 09:45:00,318.28624126724185,318.6,316.2,317.40000000000003,321.0901581170336,321.4348496192474,304.88924702912817,313.40987768107686,Up,264
2026-01-23 10:00:00,317.84312063362097,317.84312063362097,314.8,315.92499999999995,320.6205982882123,321.2187770851593,304.9990555164005,313.40987768107686,Up,377
2026-01-23 10:15:00,316.88406031681046,318.9,314.9,316.85,320.2778166256476,321.04745249358444,305.1169753620085,313.40987768107686,Up,186
2026-01-23 10:30:00,316.8670301584052,318.6,316.3,317.45,320.02074238695235,320.9063759252086,305.2396920250731,313.40987768107686,Up,74
2026-01-23 10:45:00,317.15851507920263,317.15851507920263,314.0,315.45,319.60522035177485,320.69240039872983,305.34128712930124,313.40987768107686,Up,188
2026-01-23 11:00:00,316.3042575396013,316.3042575396013,314.1,314.625,319.15247304706804,320.4544631281914,305.43366238174605,313.40987768107686,Up,120
2026-01-23 11:15:00,315.46462876980064,315.46462876980064,311.1,313.05,318.5977027700618,320.16409202512506,305.50944683565905,327.5763264874013,Down,266
2026-01-23 11:30:00,314.2573143849003,314.2573143849003,310.5,311.775,317.9774570636925,319.8351080241398,305.5717906482396,326.73950978923295,Down,258
2026-01-23 11:45:00,313.0161571924501,313.0161571924501,310.3,311.35,317.37496096699317,319.5023586898598,305.6292852686551,325.7010926632822,Down,2548
2026-01-23 12:00:00,312.1830785962251,313.0,310.7,312.025,316.8886008790847,319.20912893731634,305.6929242212058,325.45274006096105,Down,182
2026-01-23 12:15:00,312.1040392981125,312.1040392981125,310.6,311.45000000000005,316.3941826173497,318.90484937114707,305.7502085573133,324.26507035833447,Down,86
2026-01-23 12:30:00,311.7770196490563,311.7770196490563,310.7,311.125,315.91516601577246,318.59975723894524,305.80368906918085,323.3692903417106,Down,56
2026-01-23 12:45:00,311.4510098245281,312.2,310.1,311.35,315.5001509234295,318.3154530334964,305.8588762426218,322.941618651984,Down,186
2026-01-23 13:00:00,311.40050491226407,312.4,310.6,311.625,315.147864475845,318.0530823263005,305.9162506083669,322.87419877453095,Down,120
2026-01-23 13:15:00,311.51275245613203,314.3,311.5,312.85,314.9389677053136,317.8490398821319,305.98524313962696,322.87419877453095,Down,279
2026-01-23 13:30:00,312.18137622806603,314.6,312.18137622806603,314.0,314.85360700483056,317.69809714165615,306.0649919641083,322.87419877453095,Down,130
2026-01-23 13:45:00,313.090688114033,317.8,313.090688114033,315.57500000000005,314.91918818620957,317.61483843021864,306.1596189097391,322.87419877453095,Down,292
2026-01-23 14:00:00,314.33284405701653,318.6,314.33284405701653,317.27500000000003,315.1333528965542,317.6015114329552,306.2702197166074,322.87419877453095,Down,198
2026-01-23 14:15:00,315.8039220285083,318.5,315.8039220285083,317.675,315.36441172414015,317.60439333754516,306.38370011743723,322.87419877453095,Down,161
2026-01-23 14:30:00,316.7394610142542,318.3,316.7394610142542,317.725,315.5790106583092,317.6091230105826,306.4965488724876,322.87419877453095,Down,167
2026-01-23 14:45:00,317.2322305071271,319.6,317.2322305071271,318.375,315.8331915075538,317.6391574023245,306.614742416045,322.87419877453095,Down,164
2026-01-23 15:00:00,317.8036152535635,319.4,317.8036152535635,318.85,316.1074468250489,317.68664142576273,306.7364862726017,322.87419877453095,Down,107
2026-01-23 15:15:00,318.3268076267818,319.1,317.3,318.17499999999995,316.2954062045899,317.7057927423995,306.8503023295908,322.87419877453095,Down,100
2026-01-23 15:30:00,318.2509038133909,318.5,317.1,317.925,316.44355109508166,317.7143891054427,306.9604983263113,322.87419877453095,Down,108
2026-01-23 15:45:00,318.0879519066955,319.0,317.1,317.975,316.5827737228015,317.7246091405234,307.07009535789035,322.87419877453095,Down,180
2026-01-23 16:00:00,318.0314759533477,318.1,315.0,317.07500000000005,316.6275215661832,317.6991342722676,307.1696466478616,322.87419877453095,Down,340
2026-01-23 16:15:00,317.5532379766739,319.0,317.1,318.0,316.75229233289383,317.71093292825714,307.27741135783316,322.87419877453095,Down,161
2026-01-23 16:30:00,317.77661898833696,318.1,316.3,317.225,316.7952657571762,317.69187673499215,307.37639233934726,322.87419877453095,Down,99
2026-01-23 16:45:00,317.5008094941685,318.4,317.0,317.625,316.8706961428874,317.6892541179336,307.47836853497563,322.87419877453095,Down,98
2026-01-23 17:00:00,317.56290474708425,318.9,317.1,317.725,316.94836012989765,317.69065591723034,307.58032506696594,322.87419877453095,Down,94
2026-01-23 17:15:00,317.6439523735421,320.3,317.6439523735421,319.02500000000003,317.1371455726342,317.7429831361625,307.6942024294837,322.87419877453095,Down,212
2026-01-23 17:30:00,318.3344761867711,321.0,318.3344761867711,320.125,317.40876870239475,317.8363955621953,307.8178919575485,322.87419877453095,Down,206
2026-01-23 17:45:00,319.22973809338555,323.0,319.22973809338555,321.275,317.76024427490427,317.97124279505044,307.9517935301102,322.87419877453095,Down,360
2026-01-23 18:00:00,320.2523690466928,323.8,320.2523690466928,322.625,318.2024947953675,318.1537430775975,308.097795584537,322.87419877453095,Down,379
2026-01-23 18:15:00,321.4386845233464,323.4,318.7,321.025,318.4590861776068,318.2663413882799,308.22642448419333,322.87419877453095,Down,284
2026-01-23 18:30:00,321.2318422616732,321.2318422616732,315.6,318.175,318.43326016146074,318.26275937305326,308.3254152853457,322.87419877453095,Down,331
2026-01-23 18:45:00,319.7034211308366,320.3,313.0,317.67499999999995,318.3643274195097,318.2397099858747,308.4184459790239,322.87419877453095,Down,631
2026-01-23 19:00:00,318.6892105654183,321.0,316.6,319.0,318.4221158359179,318.2695252805463,308.52373507375995,322.87419877453095,Down,244
2026-01-23 19:15:00,318.84460528270915,322.4,317.0,319.475,318.5178325781072,318.31679879895626,308.6327028839713,322.87419877453095,Down,310
2026-01-23 19:30:00,319.1598026413546,322.9,319.1598026413546,321.2,318.7616659800974,318.4298655127227,308.75775061646914,322.87419877453095,Down,339
2026-01-23 19:45:00,320.1799013206773,326.6,320.1799013206773,324.42499999999995,319.27651452736126,318.6649688259493,308.913643645161,311.7162592886766,Up,701
2026-01-23 20:00:00,322.30245066033865,327.0,322.30245066033865,326.075,319.89455866123745,318.95555828375524,309.0844034098858,311.7162592886766,Up,354
2026-01-23 20:15:00,324.1887253301693,326.0,320.1,323.175,320.1927806011249,319.1210265863531,309.224608351081,311.7162592886766,Up,341
2026-01-23 20:30:00,323.6818626650846,323.6818626650846,318.0,320.8,320.24798236465904,319.1868686810059,309.3397863774384,311.7162592886766,Up,520
2026-01-23 20:45:00,322.24093133254235,323.7,320.5,322.55,320.45725669514457,319.3187561837115,309.4712312891056,311.7162592886766,Up,238
2026-01-23 21:00:00,322.3954656662712,323.7,321.3,322.57500000000005,320.64977881376774,319.44645201964437,309.60161704742296,311.7162592886766,Up,121
2026-01-23 21:15:00,322.4852328331356,323.4,321.0,322.075,320.7793443761525,319.5495323325995,309.7257303106327,311.7162592886766,Up,133
2026-01-23 21:30:00,322.2801164165678,323.2,320.7,321.85,320.8766767055932,319.6397467509289,309.8463698100294,311.7162592886766,Up,183
2026-01-23 21:45:00,322.0650582082839,323.6,320.1,321.75,320.95606973235743,319.72250178030424,309.9648138915216,311.7162592886766,Up,200
2026-01-23 22:00:00,321.907529104142,321.907529104142,319.3,320.57500000000005,320.92142702941584,319.7559330830374,310.0703878826508,311.7162592886766,Up,250
2026-01-23 22:15:00,321.241264552071,321.241264552071,318.4,319.825,320.8217518449235,319.758641589585,310.1674486997388,311.7162592886766,Up,141
2026-01-23 22:30:00,320.5331322760356,322.7,319.5,320.95000000000005,320.83341076811223,319.80536152724835,310.2747377674031,311.7162592886766,Up,211
2026-01-23 22:45:00,320.7415661380178,322.8,319.5,320.90000000000003,320.83946433464746,319.8482885261798,310.38046176971756,311.7162592886766,Up,130
2026-01-23 23:00:00,320.82078306900894,320.82078306900894,318.0,319.225,320.69269484967947,319.8238458388786,310.4684671252428,311.7162592886766,Up,180
2026-01-23 23:15:00,320.0228915345045,322.8,318.9,320.775,320.7001771360723,319.8611460020598,310.57101969116076,311.7162592886766,Up,227
2026-01-23 23:30:00,320.39894576725226,323.5,319.8,321.325,320.75697921461114,319.91855204119474,310.67802447035325,311.7162592886766,Up,173
2026-01-23 23:45:00,320.8619728836261,321.0,318.4,320.075,320.694981104192,319.92468725526555,310.77152671442934,311.7162592886766,Up,156
2026-01-24 00:00:00,320.46848644181307,322.5,320.46848644181307,321.4,320.7590737310836,319.98254265701985,310.87728266751964,311.7162592886766,Up,154
2026-01-27 09:00:00,320.9342432209065,333.4,320.9342432209065,329.79999999999995,321.5809761191669,320.36754098419556,311.0655684121215,311.7162592886766,Up,1892
2026-01-27 09:15:00,325.36712161045324,331.9,325.2,329.0,322.2554328356063,320.7060687887369,311.2440204677223,311.7162592886766,Up,637
2026-01-27 09:30:00,327.18356080522665,332.0,327.18356080522665,330.15,322.9731207596421,321.07641903231587,311.43213966704843,311.7503502195407,Up,569
2026-01-27 09:45:00,328.6667804026133,329.9,327.9,328.875,323.5096552360382,321.38224573693094,311.6057004663813,311.8623361972067,Up,256
2026-01-27 10:00:00,328.77089020130666,329.7,327.4,328.75,323.9860502145802,321.67117727665914,311.77629051149194,312.2248510883697,Up,227
2026-01-27 10:15:00,328.7604451006533,329.6,328.3,328.95,324.4373183768911,321.9566213050254,311.9471731929696,313.63622826215436,Up,162
2026-01-27 10:30:00,328.85522255032663,330.0,328.6,329.32500000000005,324.88165306990095,322.24557733227937,312.1200868925421,314.8692984201403,Up,131
2026-01-27 10:45:00,329.09011127516334,329.8,326.1,327.875,325.1537755180918,322.46633900552337,312.27685219709394,314.8692984201403,Up,195
2026-01-27 11:00:00,328.48255563758164,328.48255563758164,322.9,325.55,325.189795925538,322.5872668876597,312.4089233195109,314.8692984201403,Up,626
2026-01-27 11:15:00,327.01627781879085,327.01627781879085,322.7,324.92499999999995,325.16572356867096,322.6789426959868,312.53346139593367,314.8692984201403,Up,481
2026-01-27 11:30:00,325.9706389093954,328.3,323.5,325.7,325.2142941533372,322.7974155314383,312.66447173030247,314.8692984201403,Up,303
2026-01-27 11:45:00,325.8353194546977,328.0,325.8353194546977,327.1,325.3857219575793,322.96614433412697,312.8081088275134,314.8692984201403,Up,183
2026-01-27 12:00:00,326.46765972734886,330.6,325.6,327.925,325.61656541598114,323.16060926220047,312.95852565510035,314.8692984201403,Up,330
2026-01-27 12:15:00,327.19632986367446,330.0,327.19632986367446,329.475,325.9673321963465,323.4082324283887,313.12286868340783,314.8692984201403,Up,198
2026-01-27 12:30:00,328.33566493183724,331.6,328.33566493183724,330.35,326.36575654213317,323.68045860766756,313.294282925364,314.9878737770013,Up,333
2026-01-27 12:45:00,329.3428324659186,331.0,329.3,330.2,326.71432412921195,323.93612689756293,313.46249901565886,315.91367391916606,Up,142
2026-01-27 13:00:00,329.77141623295927,331.5,328.8,330.325,327.04256739019263,324.18667094079575,313.630285095105,316.22606719924187,Up,199
2026-01-27 13:15:00,330.0482081164796,331.4,329.7,330.8,327.38415217290236,324.44601717841164,313.8011280294821,317.27369745385624,Up,107
2026-01-27 13:30:00,330.4241040582398,331.5,329.0,330.075,327.6287747026385,324.66676160278763,313.9630571038156,317.27369745385624,Up,279
2026-01-27 13:45:00,330.24955202911985,331.2,328.7,329.92499999999995,327.8375224569441,324.8729670301293,314.1218824062652,317.27369745385624,Up,119
2026-01-27 14:00:00,330.0872760145599,331.3,330.0,330.75,328.10229314267644,325.1034389113007,314.2873363126705,318.59755631394154,Up,99
2026-01-27 14:15:00,330.4186380072799,331.2,328.3,329.725,328.2498119478877,325.28467660105366,314.4409449065743,318.59755631394154,Up,105
2026-01-27 14:30:00,330.0718190036399,330.0718190036399,328.1,328.95,328.3134654071706,325.42841477356137,314.5853136139716,318.59755631394154,Up,54
2026-01-27 14:45:00,329.5109095018199,330.0,329.0,329.575,328.4281503701551,325.5910259589119,314.7344647222903,318.59755631394154,Up,36
2026-01-27 15:00:00,329.54295475091,330.2,329.3,329.875,328.55968215468647,325.75902494091537,314.88511681460585,319.4587602980261,Up,47
2026-01-27 15:15:00,329.708977375455,330.0,329.1,329.65,328.65880195880584,325.9116121981344,315.0320310751571,319.8670548163874,Up,41
2026-01-27 15:30:00,329.6794886877275,329.6794886877275,326.0,327.75,328.5761835989144,325.98370583742326,315.15857802963313,319.8670548163874,Up,189
2026-01-27 15:45:00,328.71474434386374,328.71474434386374,325.8,326.725,328.40789418083125,326.01277619674,315.2736668054577,319.8670548163874,Up,127
2026-01-27 16:00:00,327.7198721719319,327.7198721719319,325.0,326.4,328.2253583462102,326.0279614439267,315.384376588488,319.8670548163874,Up,223
2026-01-27 16:15:00,327.05993608596594,327.05993608596594,324.0,325.475,327.975325769282,326.00627668141976,315.4847808015379,319.8670548163874,Up,165
2026-01-27 16:30:00,326.26746804298296,328.4,324.9,325.975,327.7934779720745,326.0050501448935,315.5891610920699,319.8670548163874,Up,154
2026-01-27 16:45:00,326.1212340214915,328.9,325.5,326.975,327.71907088370415,326.0430873941134,315.7024530215021,319.8670548163874,Up,181
2026-01-27 17:00:00,326.5481170107457,329.2,326.5481170107457,328.42499999999995,327.7832462579129,326.13649573159915,315.82904552875084,319.8670548163874,Up,137
2026-01-27 17:15:00,327.48655850537284,330.7,327.48655850537284,329.45,327.9347693253753,326.26643707545804,315.9645774140369,319.8670548163874,Up,312
2026-01-27 17:30:00,328.46827925268644,331.5,328.4,329.55,328.0816084776139,326.3952042489695,316.0997557482256,319.8670548163874,Up,773
2026-01-27 17:45:00,329.0091396263432,330.1,325.2,327.40000000000003,328.01964407055806,326.4346080039119,316.2121959895368,319.8670548163874,Up,683
2026-01-27 18:00:00,328.2045698131716,328.2045698131716,323.4,324.8,327.7269491550528,326.3705057292487,316.2976467757106,319.8670548163874,Up,390
2026-01-27 18:15:00,326.5022849065858,326.5022849065858,323.5,324.375,327.4222265045935,326.29225060261155,316.37801844958415,319.8670548163874,Up,267
2026-01-27 18:30:00,325.4386424532929,325.4386424532929,320.1,322.92499999999995,327.01338773144863,326.1602015593719,316.4431625446132,319.8670548163874,Up,565
2026-01-27 18:45:00,324.18182122664643,326.7,321.0,324.07500000000005,326.7462615740442,326.07842894920043,316.51910122576135,319.8670548163874,Up,396
2026-01-27 19:00:00,324.12841061332324,329.7,324.12841061332324,326.975,326.7670559764038,326.1135885982514,316.6231400195349,319.8670548163874,Up,512
2026-01-27 19:15:00,325.55170530666163,329.8,325.55170530666163,328.625,326.9359599785489,326.2120753198886,316.74256151187785,319.8670548163874,Up,441
2026-01-27 19:30:00,327.08835265333084,332.6,327.08835265333084,330.725,327.2804181623172,326.38905275832434,316.8816902530532,319.8670548163874,Up,939
2026-01-27 19:45:00,328.90667632666543,334.0,328.90667632666543,331.42499999999995,327.65719832937924,326.58654088544887,317.0263998027741,319.8670548163874,Up,848
2026-01-27 20:00:00,330.1658381633327,331.3,325.1,329.07500000000005,327.7860893903448,326.6841275173921,317.14628637190077,319.8670548163874,Up,670
2026-01-27 20:15:00,329.62041908166634,332.4,329.0,330.25,328.01008126394976,326.82396565396493,317.27667158213063,319.8670548163874,Up,535
2026-01-27 20:30:00,329.9352095408332,330.4,324.5,327.3,327.9455284217725,326.8426336675349,317.37640619325373,319.8670548163874,Up,620
2026-01-27 20:45:00,328.6176047704166,328.6176047704166,324.0,325.675,327.7391167470659,326.7968441119453,317.4589792659577,319.8670548163874,Up,363
2026-01-27 21:00:00,327.1463023852083,327.9,325.2,326.825,327.6560152246053,326.79794826441804,317.55217350211734,319.8670548163874,Up,210
2026-01-27 21:15:00,326.9856511926041,329.4,326.7,327.90000000000003,327.6781956587321,326.8411659795389,317.6551369498575,319.8670548163874,Up,322
2026-01-27 21:30:00,327.4428255963021,329.8,327.4428255963021,328.55,327.75745059884736,326.9081790783805,317.76354354737134,319.8670548163874,Up,261
2026-01-27 21:45:00,327.996412798151,330.8,327.996412798151,329.45,327.91131872622486,327.00785833020876,317.8798266961537,319.8670548163874,Up,295
2026-01-27 22:00:00,328.7232063990755,332.0,328.7232063990755,330.775,328.17165338747714,327.15558937608296,318.00813687828156,319.8670548163874,Up,554
2026-01-27 22:15:00,329.7491031995377,332.7,329.7,331.225,328.44923035225196,327.31517410643266,318.13964795411954,319.8670548163874,Up,314
2026-01-27 22:30:00,330.48705159976885,334.3,330.48705159976885,332.65,328.8311185020472,327.52438296500395,318.2840295665163,319.8670548163874,Up,510
2026-01-27 22:45:00,331.5685257998844,334.9,331.5685257998844,334.075,329.3078350018611,327.7812699075528,318.4411536504316,319.8670548163874,Up,381
2026-01-27 23:00:00,332.8217628999422,334.1,332.2,333.35,329.6753045471465,327.99965147980566,318.5895003802781,319.8670548163874,Up,193
2026-01-27 23:15:00,333.0858814499711,335.9,333.0858814499711,334.35,330.10027686104223,328.24868475510743,318.7463212720166,320.68559004373776,Up,429
2026-01-27 23:30:00,333.7179407249855,336.8,333.7179407249855,335.475,330.58888805549293,328.5320696666719,318.9127757867229,321.5860845522622,Up,758
2026-01-27 23:45:00,334.5964703624928,337.4,334.5964703624928,336.2,331.0989891413572,328.8327728169985,319.0847879679495,322.54887366739786,Up,382
2026-01-28 00:00:00,335.3982351812464,336.6,335.3982351812464,335.95,331.5399901285066,329.11187976535155,319.25260102299484,323.3354199166687,Up,156
2026-01-28 09:00:00,335.67411759062315,336.5,333.8,335.04999999999995,331.859081935006,329.3447472255338,319.4097890725173,323.3354199166687,Up,73
2026-01-28 09:15:00,335.36205879531155,335.9,334.0,334.775,332.12416539545995,329.55769831472855,319.5626767434375,323.3354199166687,Up,432
2026-01-28 09:30:00,335.06852939765577,335.9,334.2,335.29999999999995,332.4128776322363,329.78288661611174,319.7192670245974,323.4778755267058,Up,230
2026-01-28 09:45:00,335.18426469882786,335.9,330.0,334.2,332.575343302033,329.9561067488133,319.86335391987507,323.4778755267058,Up,118
2026-01-28 10:00:00,334.6921323494139,335.7,332.2,334.125,332.71622118366633,330.11959275866377,320.0052608460455,323.4778755267058,Up,167
2026-01-28 10:15:00,334.40856617470695,334.40856617470695,332.0,333.325,332.7715647124239,330.24529500342203,320.13779556399527,323.4778755267058,Up,196
2026-01-28 10:30:00,333.8667830873535,334.0,332.2,333.32500000000005,332.8218770112945,330.3660677483859,320.26901152853264,323.4778755267058,Up,214
2026-01-28 10:45:00,333.5958915436768,333.5958915436768,332.6,333.1,332.84716091935866,330.47328077786096,320.39668305561196,323.4778755267058,Up,85
2026-01-28 11:00:00,333.3479457718384,333.3479457718384,330.8,332.025,332.7724190175988,330.5341325120625,320.51238770182476,323.4778755267058,Up,331
2026-01-28 11:15:00,332.6864728859192,333.2,330.5,331.6,332.6658354705443,330.57593123707966,320.6227122023041,323.4778755267058,Up,252
2026-01-28 11:30:00,332.1432364429596,332.1432364429596,330.5,331.25,332.5371231550403,330.6023653062138,320.72845635949517,323.4778755267058,Up,154
2026-01-28 11:45:00,331.6966182214798,332.3,329.2,330.475,332.349657413673,330.5973705883231,320.82543689323154,323.4778755267058,Up,306
2026-01-28 12:00:00,331.0858091107399,331.9,329.3,330.32499999999993,332.1655976487936,330.586689388781,320.9199599092193,323.4778755267058,Up,170
2026-01-28 12:15:00,330.7054045553699,331.8,330.3,331.025,332.06190695344867,330.6038780402014,321.02050757181416,323.4778755267058,Up,82
2026-01-28 12:30:00,330.86520227768494,331.7,329.0,330.75,331.94264268495334,330.6096083131347,321.11731844174636,323.4778755267058,Up,179
2026-01-28 12:45:00,330.8076011388425,331.9,330.2,330.95000000000005,331.8524024408666,330.6229570067373,321.21515606919166,323.4778755267058,Up,93
2026-01-28 13:00:00,330.8788005694213,331.4,329.7,330.6,331.7385476735151,330.62205673196326,321.30853760084153,323.4778755267058,Up,94
2026-01-28 13:15:00,330.73940028471065,330.8,329.7,330.275,331.6054978850137,330.60844666404313,321.3977561321765,323.4778755267058,Up,98
2026-01-28 13:30:00,330.5072001423553,331.3,330.4,330.85,331.5368162591033,330.6179193438846,321.4918083099658,323.4778755267058,Up,53
2026-01-28 13:45:00,330.6786000711777,331.3,330.0,330.65,331.4561965991848,330.61917740883024,321.58293459543876,323.4778755267058,Up,99
2026-01-28 14:00:00,330.66430003558884,331.0,330.0,330.5,331.3692696356226,330.61450378495454,321.6716616143896,323.4778755267058,Up,57
2026-01-28 14:15:00,330.58215001779445,331.8,330.5,331.275,331.36069966874777,330.64040559730927,321.7672172202166,323.4778755267058,Up,99
2026-01-28 14:30:00,330.9285750088972,331.8,330.7,331.29999999999995,331.35518151704343,330.6662720444736,321.8620707802144,323.7254375685436,Up,99
2026-01-28 14:45:00,331.1142875044486,331.1142875044486,329.2,330.05,331.23652865185767,330.6421045133178,321.94354271274966,323.7254375685436,Up,161
2026-01-28 15:00:00,330.5821437522243,330.5821437522243,326.6,328.225,330.96275331987056,330.54731610103084,322.00604477530936,323.7254375685436,Up,613
2026-01-28 15:15:00,329.4035718761121,329.4035718761121,325.0,326.40000000000003,330.5479575635187,330.3846762539316,322.04976572281873,323.7254375685436,Up,436
2026-01-28 15:30:00,327.9017859380561,327.9017859380561,323.8,324.65,330.0117796031988,330.15978698907156,322.0756387007011,323.7254375685436,Up,401
2026-01-28 15:45:00,326.27589296902806,326.27589296902806,323.0,324.225,329.48570873018076,329.9270502444021,322.09702538029615,323.7254375685436,Up,440
2026-01-28 16:00:00,325.25044648451404,326.6,324.4,325.075,329.08473520925526,329.7367737642295,322.1266569685519,323.7254375685436,Up,324
2026-01-28 16:15:00,325.162723242257,325.2,323.9,324.625,328.67930473568657,329.53631204798523,322.1515161031932,323.7254375685436,Up,183
2026-01-28 16:30:00,324.8938616211285,325.8,324.2,325.125,328.35618612335145,329.3633194186525,322.1811030076391,323.7254375685436,Up,115
2026-01-28 16:45:00,325.00943081056425,327.0,325.0,326.125,328.15335102122856,329.236326500274,322.220345763782,323.7254375685436,Up,200
2026-01-28 17:00:00,325.5672154052821,327.0,325.1,326.15,327.97122820111684,329.11529408849856,322.2594468009583,323.7254375685436,Up,200
2026-01-28 17:15:00,325.85860770264105,328.1,325.2,326.65,327.8511165464698,329.0186158889496,322.30313389746624,323.7254375685436,Up,258
2026-01-28 17:30:00,326.2543038513205,328.7,326.1,327.575,327.82601504224533,328.9620035011477,322.35559027659593,323.7254375685436,Up,243
2026-01-28 17:45:00,326.9146519256602,330.6,326.9146519256602,329.1,327.94183185658665,328.96741512855374,322.4226988310577,323.7254375685436,Up,458
2026-01-28 18:00:00,328.0073259628301,333.6,328.0073259628301,331.575,328.2721198696242,329.06967335880654,322.5137665043805,323.7254375685436,Up,880
2026-01-28 18:15:00,329.791162981415,334.0,329.791162981415,332.45,328.6519271542038,329.202235187873,322.61263449936183,323.7254375685436,Up,615
2026-01-28 18:30:00,331.12058149070754,332.5,326.7,329.775,328.7540246856398,329.22469655305446,322.68390181777613,323.7254375685436,Up,673
2026-01-28 18:45:00,330.44779074535376,330.44779074535376,327.1,328.475,328.7286588051271,329.1952966882288,322.74152468526097,323.7254375685436,Up,412
2026-01-28 19:00:00,329.46139537267686,331.6,326.6,329.6,328.8078716410247,329.2111674063375,322.80976822073103,323.7254375685436,Up,567
2026-01-28 19:15:00,329.53069768633844,331.5,328.5,330.125,328.9276105827497,329.24700397863796,322.8825565966442,323.7254375685436,Up,455
2026-01-28 19:30:00,329.82784884316925,329.82784884316925,327.8,328.9,328.9251005297724,329.2333959794757,322.94243165538404,323.7254375685436,Up,269
2026-01-28 19:45:00,329.3639244215846,331.7,326.6,329.7,328.99554593615676,329.251694176359,323.00967114140013,323.7254375685436,Up,653
2026-01-28 20:00:00,329.5319622107923,333.3,329.5319622107923,332.15000000000003,329.2823144874152,329.3653532282665,323.1006196872569,323.7254375685436,Up,576
2026-01-28 20:15:00,330.84098110539617,335.2,330.84098110539617,333.95,329.7066495340138,329.5451432977463,323.2085737202195,323.7254375685436,Up,948
2026-01-28 20:30:00,332.3954905526981,334.6,332.3954905526981,333.875,330.0855904854671,329.71494159979545,323.31470731504317,323.7254375685436,Up,337
2026-01-28 20:45:00,333.13524527634905,334.3,332.4,333.5,330.3959913504246,329.8633752625486,323.4160535109134,323.7254375685436,Up,343
2026-01-28 21:00:00,333.3176226381745,339.5,333.3176226381745,336.5,330.95090122765873,330.1236350561741,323.5462420331929,323.7254375685436,Up,855
2026-01-28 21:15:00,334.90881131908725,341.0,334.90881131908725,339.75,331.75081929787154,330.50113956377515,323.70747345574824,323.7254375685436,Up,777
2026-01-28 21:30:00,337.3294056595436,342.5,337.3294056595436,341.175,332.607562998065,330.91972232598005,323.8812796900194,324.38269470831386,Up,765
2026-01-28 21:45:00,339.2522028297718,343.0,339.2522028297718,341.35,333.40232999824093,331.32875282300046,324.0550978025566,325.6432586971139,Up,659
2026-01-28 22:00:00,340.3011014148859,342.7,340.3011014148859,341.625,334.1498454529463,331.73252722209844,324.2299227000436,326.55291238760867,Up,395
2026-01-28 22:15:00,340.96305070744296,342.5,340.96305070744296,341.925,334.8566776844966,332.13223203691814,324.4059931209387,327.5838725929423,Up,235
2026-01-28 22:30:00,341.4440253537215,342.2,338.1,340.575,335.37652516772414,332.46332097664686,324.56687876152637,327.5838725929423,Up,484
2026-01-28 22:45:00,341.0095126768607,341.0095126768607,338.5,339.35,335.7377501524765,332.73338682069993,324.7139744952425,327.5838725929423,Up,301
2026-01-28 23:00:00,340.1797563384304,342.0,339.0,340.1,336.1343183204332,333.022273612045,324.86706927638437,327.5838725929423,Up,345
2026-01-28 23:15:00,340.1398781692152,340.4,335.0,337.75,336.28119847312104,333.2076746468668,324.9952576417935,327.5838725929423,Up,503
2026-01-28 23:30:00,338.9449390846076,338.9449390846076,330.5,332.85,335.96927133920093,333.1936481901269,325.0734142821737,327.5838725929423,Up,726
2026-01-28 23:45:00,335.89746954230384,335.89746954230384,329.0,330.15,335.4402466720008,333.07428943757293,325.1239275728983,327.5838725929423,Up,631
2026-01-29 00:00:00,333.0237347711519,333.0237347711519,329.0,330.3,334.9729515200007,332.96549377335435,325.1754307811282,327.5838725929423,Up,232
2026-01-29 09:00:00,331.661867385576,337.8,331.661867385576,335.75,335.0435922909097,333.0746900959679,325.2806503753459,327.5838725929423,Up,107
2026-01-29 09:15:00,333.705933692788,338.1,333.705933692788,337.1,335.2305384462815,333.23254538632216,325.3982558442479,327.5838725929423,Up,434
2026-01-29 09:30:00,335.402966846394,338.5,335.402966846394,337.75,335.4595804057104,333.4097004692115,325.5211587711708,327.5838725929423,Up,191
2026-01-29 09:45:00,336.57648342319703,338.5,336.57648342319703,338.0,335.6905276415549,333.5897122155169,325.645326345587,327.5838725929423,Up,159
2026-01-29 10:00:00,337.2882417115985,338.4,337.2882417115985,337.925,335.8936614923227,333.7597235011829,325.7675121530936,327.5838725929423,Up,134
2026-01-29 10:15:00,337.6066208557993,338.5,337.1,337.95000000000005,336.080601356657,333.924048069764,325.88873093763993,327.5838725929423,Up,91
2026-01-29 10:30:00,337.77831042789967,339.4,337.6,338.625,336.3119103242336,334.1083991258517,326.0154599830365,327.5838725929423,Up,199
2026-01-29 10:45:00,338.20165521394983,340.7,338.20165521394983,339.725,336.62219120384873,334.3286579836614,326.1518733165387,327.5838725929423,Up,483
2026-01-29 11:00:00,338.96332760697493,340.9,338.96332760697493,340.375,336.96335563986247,334.56576943528256,326.29339696513034,327.5838725929423,Up,261
2026-01-29 11:15:00,339.66916380348744,343.5,339.66916380348744,341.95,337.4166869453295,334.8553471044872,326.44918406000465,328.2155022883599,Up,923
2026-01-29 11:30:00,340.80958190174374,342.4,338.0,340.45,337.6924426775723,335.0747452572524,326.58849566139764,328.2155022883599,Up,1008
2026-01-29 11:45:00,340.6297909508719,356.8,337.6,342.82500000000005,338.15903879779296,335.37867681579155,326.75005291849817,328.2155022883599,Up,4410
2026-01-29 12:00:00,341.727395475436,341.727395475436,336.3,337.57500000000005,338.10594436162995,335.46480713674094,326.857763834732,328.2155022883599,Up,490
2026-01-29 12:15:00,339.651197737718,339.651197737718,337.8,338.35,338.12813123784537,335.577951954908,326.97211444334164,328.2155022883599,Up,120
2026-01-29 12:30:00,339.000598868859,339.9,337.0,338.775,338.1869374889503,335.7033263880489,327.08955609067164,328.2155022883599,Up,187
2026-01-29 12:45:00,338.8877994344295,341.0,338.8877994344295,339.725,338.32676135359117,335.86103907871365,327.21528190071473,328.2155022883599,Up,224
2026-01-29 13:00:00,339.3063997172148,339.4,338.2,338.75,338.3652375941738,335.9743316638622,327.3300552151355,328.2155022883599,Up,144
2026-01-29 13:15:00,339.02819985860737,339.9,337.7,338.7,338.395670540158,336.0812206182205,327.4431889940894,328.2155022883599,Up,125
2026-01-29 13:30:00,338.8640999293037,340.3,338.8640999293037,339.5,338.49606412741633,336.2152903978982,327.56315726280496,328.2155022883599,Up,94
2026-01-29 13:45:00,339.1820499646518,339.8,337.1,338.475,338.49414920674207,336.30390646072567,327.6717328124288,328.2155022883599,Up,197
2026-01-29 14:00:00,338.8285249823259,338.8285249823259,336.6,337.54999999999995,338.4083174606746,336.35277287403056,327.7700240282255,328.2155022883599,Up,193
2026-01-29 14:15:00,338.18926249116294,338.6,337.0,338.0,338.37119769152235,336.41737001622545,327.8718148339148,328.2155022883599,Up,132
2026-01-29 14:30:00,338.09463124558147,339.3,336.8,337.825,338.3215433559294,336.4725711920598,327.97085150223404,328.2155022883599,Up,250
2026-01-29 14:45:00,337.9598156227908,337.9598156227908,333.1,335.5,338.06503941448125,336.4344311453124,328.0457684027093,328.2155022883599,Up,760
2026-01-29 15:00:00,336.7299078113954,336.7299078113954,334.1,334.975,337.7841267404375,336.37719855137857,328.11471598079186,328.2155022883599,Up,325
2026-01-29 15:15:00,335.8524539056977,335.8524539056977,332.8,334.1,337.44920612767044,336.287896647403,328.17427104565957,328.2155022883599,Up,390
2026-01-29 15:30:00,334.97622695284883,336.8,333.5,334.875,337.21518738879126,336.23248893574015,328.24094496560326,328.2155022883599,Up,373
2026-01-29 15:45:00,334.9256134764244,335.5,334.1,334.9,337.00471580799206,336.18023446767194,328.3072042196769,328.2155022883599,Up,246
2026-01-29 16:00:00,334.9128067382122,336.5,334.6,335.6,336.87701437090186,336.15748017482207,328.37976935181945,328.2155022883599,Up,132
2026-01-29 16:15:00,335.2564033691061,336.2,334.5,335.675,336.7677403371835,336.1385593836526,328.4523587115028,328.2155022883599,Up,134
2026-01-29 16:30:00,335.4657016845531,336.6,335.4657016845531,335.85,336.68430939743956,336.1272433293917,328.52596708253265,328.2155022883599,Up,109
2026-01-29 16:45:00,335.65785084227656,336.5,334.9,335.45,336.5720994522178,336.10068476745477,328.5948629324577,328.2155022883599,Up,130
2026-01-29 17:00:00,335.5539254211383,335.7,334.2,334.95,336.42463586565253,336.0555598746134,328.65809812715963,328.2155022883599,Up,142
2026-01-29 17:15:00,335.2519627105692,337.2,333.6,335.55,336.34512351422956,336.0357339971776,328.7266742651979,328.2155022883599,Up,359
2026-01-29 17:30:00,335.40098135528456,337.1,335.40098135528456,336.475,336.35693046748145,336.05296011493533,328.8037720337034,328.2155022883599,Up,231
2026-01-29 17:45:00,335.9379906776423,336.5,333.1,334.8,336.215391334074,336.00382442415355,328.86343599356707,328.2155022883599,Up,308
2026-01-29 18:00:00,335.36899533882115,335.36899533882115,331.1,333.6,335.9776284855218,335.9095567996769,328.91056598368084,328.2155022883599,Up,675
2026-01-29 18:15:00,334.4844976694106,337.2,334.4844976694106,335.65,335.94784407774705,335.8993781016504,328.97762502861934,328.2155022883599,Up,625
2026-01-29 18:30:00,335.0672488347053,338.4,335.0672488347053,336.79999999999995,336.02531279795187,335.934696607468,329.055459605449,328.2155022883599,Up,682
2026-01-29 18:45:00,335.93362441735263,339.2,335.93362441735263,337.675,336.1752843617744,336.00294379933206,329.1412261765391,328.2155022883599,Up,557
2026-01-29 19:00:00,336.8043122086763,338.3,336.4,337.54999999999995,336.300258510704,336.0636126699465,329.2248955678173,328.2155022883599,Up,354
2026-01-29 19:15:00,337.1771561043381,337.5,334.1,336.1,336.2820531915491,336.0650396240663,329.29330456714257,328.2155022883599,Up,518
2026-01-29 19:30:00,336.63857805216907,338.2,334.5,336.5,336.30186653777184,336.08209689371074,329.3650129794098,328.2155022883599,Up,321
2026-01-29 19:45:00,336.56928902608456,338.1,334.9,336.775,336.3448786707017,336.1092695645456,329.438744193545,328.2155022883599,Up,341
2026-01-29 20:00:00,336.67214451304227,337.3,333.6,335.425,336.2612533370015,336.0824354639752,329.4983089279376,328.2155022883599,Up,323
2026-01-29 20:15:00,336.04857225652114,337.0,332.0,334.875,336.135230306365,336.0350850536232,329.55180834159,328.2155022883599,Up,770
2026-01-29 20:30:00,335.46178612826054,337.5,335.3,336.525,336.1706639148772,336.0542974044615,329.62119333321596,328.2155022883599,Up,282
2026-01-29 20:45:00,335.99339306413026,338.0,335.2,336.65,336.21423992261566,336.0776582905611,329.69113170800983,328.2155022883599,Up,385
2026-01-29 21:00:00,336.3216965320651,338.0,335.0,336.725,336.2606726569233,336.10304423995086,329.7611204472336,328.2155022883599,Up,464
2026-01-29 21:15:00,336.5233482660326,337.4,330.7,334.575,336.1074296881121,336.0431209364234,329.8090197462662,328.2155022883599,Up,925
2026-01-29 21:30:00,335.5491741330163,335.5491741330163,331.6,332.475,335.7772088073747,335.90319462519113,329.83554691297,328.2155022883599,Up,408
2026-01-29 21:45:00,334.0120870665082,334.5,332.3,333.15,335.5383716430679,335.79522620851697,329.8685265456768,328.2155022883599,Up,370
2026-01-29 22:00:00,333.58104353325405,333.8,330.7,332.325,335.2462469482435,335.6591389062222,329.89296906761035,328.2155022883599,Up,531
2026-01-29 22:15:00,332.953021766627,333.7,330.3,332.1,334.96022449840314,335.5195648314684,329.9149295744003,328.2155022883599,Up,493
2026-01-29 22:30:00,332.5265108833135,333.6,330.5,332.175,334.70702227127555,335.3884054263128,329.93741783734157,328.2155022883599,Up,370
2026-01-29 22:45:00,332.3507554416568,332.5,330.7,331.75,334.438202064796,335.24572286057503,329.95545348075115,328.2155022883599,Up,319
2026-01-29 23:00:00,332.05037772082835,332.6,331.2,331.95000000000005,334.21200187708723,335.116478826827,329.97529971477354,328.2155022883599,Up,253
2026-01-29 23:15:00,332.0001888604142,336.0,331.7,333.625,334.1586380700793,335.0579894610691,330.01161514049716,328.2155022883599,Up,677
2026-01-29 23:30:00,332.8125944302071,335.9,332.8125944302071,334.7,334.2078527909812,335.04395065867425,330.0582657361141,328.2155022883599,Up,286
2026-01-29 23:45:00,333.7562972151036,336.1,333.1,334.625,334.24577526452833,335.0275212210792,330.10370587804334,328.2155022883599,Up,391
2026-01-30 00:00:00,334.1906486075518,336.0,334.1906486075518,335.475,334.357522967753,335.04506940848785,330.15715159069964,328.2155022883599,Up,208
2026-02-01 09:00:00,334.8328243037759,373.0,334.8328243037759,369.075,337.51365724341184,336.379576490508,330.54439386342904,329.09787953031207,Up,104
2026-02-01 09:15:00,351.95391215188795,381.4,351.95391215188795,375.15,340.93514294855623,337.8999852555861,330.98823074040985,333.4069853842888,Up,498
2026-02-01 09:30:00,363.551956075944,392.2,363.551956075944,386.8,345.1046754077784,339.817632892622,331.5435717280675,337.2130796186288,Up,277
2026-02-01 09:45:00,375.175978037972,392.2,375.175978037972,392.2,349.3860685525258,341.87184336742115,332.14711827803694,340.5311642879365,Up,204
2026-02-01 10:00:00,383.687989018986,392.2,383.687989018986,392.2,353.27824413865983,343.84549656869876,332.74465938969826,345.6152407608975,Up,77
2026-02-01 10:15:00,387.943994509493,392.2,387.943994509493,392.2,356.81658558059985,345.7417516052204,333.33625481865647,350.04367366856627,Up,36
2026-02-01 10:30:00,390.0719972547465,392.2,390.0719972547465,392.2,360.03325961872713,347.5636436991333,333.9219637259335,353.9727943689354,Up,54
2026-02-01 10:45:00,391.1359986273733,392.2,391.1359986273733,392.2,362.95750874429734,349.31408904426536,334.5018446838844,357.4963585796062,Up,64
2026-02-01 11:00:00,391.66799931368666,392.2,376.0,385.375,364.9954624948158,350.7282424150785,335.00804523429355,357.4963585796062,Up,1149
2026-02-01 11:15:00,388.5214996568433,388.5214996568433,377.9,381.8,366.52314772255977,351.94674271252643,335.4736368240021,357.4963585796062,Up,677
2026-02-01 11:30:00,385.1607498284217,385.2,380.2,382.9,368.01195247505433,353.1605959394862,335.94554093520605,357.4963585796062,Up,485
2026-02-01 11:45:00,384.0303749142108,385.1,382.6,383.6,369.42904770459484,354.3542980595064,336.41971465724384,357.4963585796062,Up,214
2026-02-01 12:00:00,383.8151874571054,384.8,381.2,382.8250000000001,370.6468615496317,355.47079617481984,336.88145879000757,357.4963585796062,Up,255
2026-02-01 12:15:00,383.3200937285527,383.3200937285527,377.8,380.4,371.53351049966517,356.4484120111014,337.31447910055476,357.4963585796062,Up,476
2026-02-01 12:30:00,381.86004686427634,381.86004686427634,375.0,377.725,372.09637318151374,357.2827880106661,337.7165738358726,357.4963585796062,Up,473
2026-02-01 12:45:00,379.7925234321382,379.7925234321382,371.0,375.65,372.41943016501244,358.00307083377726,338.09402086238134,357.4963585796062,Up,620
2026-02-01 13:00:00,377.7212617160691,377.9,374.7,376.75,372.81311833182946,358.73824452657027,338.4786574707159,357.4963585796062,Up,207
2026-02-01 13:15:00,377.23563085803454,377.5,374.3,376.175,373.11874393802674,359.42203885886164,338.853745456082,357.4963585796062,Up,157
2026-02-01 13:30:00,376.7053154290172,376.7053154290172,375.2,375.65,373.34885812547884,360.0584294918475,339.21987734209114,357.4963585796062,Up,103
2026-02-01 13:45:00,376.1776577145086,376.1776577145086,374.2,375.1,373.5080528413444,360.6482950019711,339.576893487941,357.4963585796062,Up,145
2026-02-01 14:00:00,375.6388288572544,376.0,372.8,374.5,373.59822985576767,361.1914991195409,339.9243870850759,357.4963585796062,Up,89
2026-02-01 14:15:00,375.0694144286272,375.9,374.5,375.1,373.73475441433425,361.7369305266177,340.2743931837319,357.4963585796062,Up,46
2026-02-01 14:30:00,375.0847072143136,375.9,375.0847072143136,375.525,373.8975040130311,362.27763913341704,340.62514549036143,357.4963585796062,Up,54
2026-02-01 14:45:00,375.3048536071568,377.2,375.3048536071568,376.225,374.109094557301,362.82459446151836,340.9793728984175,357.4963585796062,Up,105
2026-02-01 15:00:00,375.7649268035784,377.5,375.7649268035784,376.625,374.33781323390997,363.36578683557644,341.3340557551497,358.90942319305094,Up,105
2026-02-01 15:15:00,376.1949634017892,376.9,376.0,376.5,374.5343756671909,363.88085401849503,341.6839656481333,360.0108725375107,Up,43
2026-02-01 15:30:00,376.3474817008946,378.1,376.0,377.15,374.7721596974462,364.4012126844364,342.03686151233103,361.3417023068279,Up,93
2026-02-01 15:45:00,376.7487408504473,382.0,376.7487408504473,379.45,375.1974179067693,364.9913612066154,342.40913154703424,363.1845510134117,Up,521
2026-02-01 16:00:00,378.0993704252237,380.8,375.5,378.8,375.52492536979025,365.5328764534148,342.7712297405961,363.1845510134117,Up,313
2026-02-01 16:15:00,378.4496852126118,380.0,378.4496852126118,379.425,375.87947760890023,366.07766561210445,343.13594387253045,363.5290096160061,Up,125
2026-02-01 16:30:00,378.937342606306,380.0,377.1,378.775,376.142706917182,366.57560029398275,343.4905613464356,363.5290096160061,Up,167
2026-02-01 16:45:00,378.85617130315296,378.85617130315296,376.5,377.5,376.26609719743817,367.00400812559127,343.8289637210979,363.5290096160061,Up,144
2026-02-01 17:00:00,378.17808565157645,380.0,375.8,378.2,376.4419065431256,367.44306663047,344.17096408208204,363.5290096160061,Up,323
2026-02-02 09:00:00,378.1890428257882,378.1890428257882,355.1,358.85,374.84264231193237,367.10608362535356,344.3170241409668,388.6538024481288,Down,10201
2026-02-02 09:15:00,368.5195214128941,368.5195214128941,355.1,355.1,373.04785664721123,366.6352568165162,344.4243174330965,386.69802397953094,Down,156
2026-02-02 09:30:00,361.80976070644704,361.80976070644704,343.8,349.45,370.9025969520102,365.9613251766528,344.474324224807,381.9795781310988,Down,139
2026-02-02 09:45:00,355.6298803532235,355.6298803532235,332.4,338.1,367.92054268364564,364.8687241893331,344.4108981131174,378.9846219213068,Down,196
2026-02-02 10:00:00,346.8649401766117,346.8649401766117,322.6,329.275,364.4073115305869,363.4728918681828,344.2602921617431,375.34670446588746,Down,1114
2026-02-02 10:15:00,338.06997008830587,338.06997008830587,329.3,329.825,361.2634650278063,362.1533666968815,344.1166574138651,373.805187237702,Down,487
2026-02-02 10:30:00,333.9474850441529,339.6,327.0,331.2,358.5304227525512,360.9395091793568,343.9881334594983,373.805187237702,Down,3089
2026-02-02 10:45:00,332.5737425220765,332.5737425220765,326.3,327.425,355.7026570477738,359.62521470173493,343.8233261613938,369.04071332985046,Down,518
2026-02-02 11:00:00,329.9993712610383,329.9993712610383,326.9,327.475,353.1365064070671,358.36442196833355,343.66065624934015,365.5802225152714,Down,299
2026-02-02 11:15:00,328.73718563051915,331.3,327.0,328.5,350.89682400642465,357.1932681656538,343.5098039483517,364.4686698952293,Down,497
2026-02-02 11:30:00,328.6185928152596,328.6185928152596,326.0,327.17499999999995,348.7402945512951,356.01608117876543,343.34726858568155,360.36939369975084,Down,305
2026-02-02 11:45:00,327.8967964076298,328.5,325.3,326.55,346.7229950466319,354.86054858351974,343.18013158482904,358.1182702655646,Down,221
2026-02-02 12:00:00,327.2233982038149,327.2233982038149,324.0,325.0,344.74817731511996,353.6895466782837,342.9992347531392,355.1640895992625,Down,251
2026-02-02 12:15:00,326.11169910190745,327.7,324.6,326.025,343.0460702864727,352.60466249482164,342.830336894899,354.14308227032274,Down,217
2026-02-02 12:30:00,326.0683495509537,327.8,325.4,326.425,341.53506389679336,351.5780090636522,342.66709971186515,352.9209838821116,Down,144
2026-02-02 12:45:00,326.2466747754769,326.9,325.0,325.875,340.11142172435757,350.5700479239011,342.5000141425929,350.5690762564651,Down,155
2026-02-02 13:00:00,326.06083738773845,326.06083738773845,324.1,325.0,338.73765611305237,349.5673009464932,342.32588464863676,348.1744288861969,Down,191
2026-02-02 13:15:00,325.53041869386925,325.53041869386925,324.2,324.7,337.4615055573203,348.59211267408176,342.1505027118344,346.343552683185,Down,138
2026-02-02 13:30:00,325.11520934693465,325.3,324.4,324.775,336.3081868702912,347.65810825549033,341.9776121375873,344.7030393965913,Down,116
2026-02-02 13:45:00,324.9451046734673,325.3,324.0,324.45000000000005,335.2301698820829,346.7479863631182,341.80320803671583,343.17094490599203,Down,159
2026-02-02 14:00:00,324.6975523367337,324.9,324.0,324.45,334.2501544382572,345.8735555253489,341.6305393000321,341.61449536908367,Down,5453
2026-02-02 14:15:00,324.57377616836686,325.1,324.2,324.625,333.3751403984156,345.0402788380803,341.4613299537632,340.5813594264397,Down,104
2026-02-02 14:30:00,324.59938808418343,325.3,322.9,324.15,332.5364912712869,344.2210522169791,341.2890779144223,339.4557812967634,Down,248
2026-02-02 14:45:00,324.37469404209173,328.2,323.8,325.6,331.90590115571536,343.4908148751368,341.1329676864181,339.4557812967634,Down,454
2026-02-02 15:00:00,324.9873470210459,327.7,324.9873470210459,326.875,331.44854650519574,342.8392142917981,340.99109736118015,339.4557812967634,Down,140
2026-02-02 15:15:00,325.93117351052297,328.9,325.93117351052297,327.875,331.12367864108705,342.25238235878646,340.8605889297257,339.4557812967634,Down,150
2026-02-02 15:30:00,326.9030867552615,329.8,326.9030867552615,328.75,330.9078896737155,341.7228771682458,340.7400855572906,339.4557812967634,Down,340
2026-02-02 15:45:00,327.82654337763074,329.3,327.82654337763074,328.725,330.70944515792314,341.21315649498126,340.62053246716835,339.4557812967634,Down,90
2026-02-02 16:00:00,328.2757716888154,328.9,327.1,328.2,330.4813137799301,340.702836632433,340.49694507943536,339.4557812967634,Down,244
2026-02-02 16:15:00,328.2378858444077,328.8,325.6,327.32500000000005,330.19437616357277,340.1782155880238,340.36588094929175,339.4557812967634,Down,290
2026-02-02 16:30:00,327.78144292220384,327.78144292220384,325.2,326.25,329.8357965123389,339.63201105516015,340.22542442243315,339.3620605507579,Down,268
2026-02-02 16:45:00,327.0157214611019,327.0157214611019,323.6,325.85,329.47345137485354,339.09154003338915,340.08238537345375,338.25115861609345,Down,354
2026-02-02 17:00:00,326.43286073055094,327.0,326.2,326.7,329.221319431685,338.6055972869817,339.9492273100363,338.25115861609345,Down,142
2026-02-02 17:15:00,326.56643036527544,327.0,324.7,326.075,328.9352903924409,338.1142013149433,339.8111752970011,337.76346932689466,Down,349
2026-02-02 17:30:00,326.32071518263774,327.0,324.4,326.0,328.6684458113099,337.6391345967102,339.67375066718023,337.47588120626784,Down,487
2026-02-02 17:45:00,326.16035759131887,328.1,326.0,326.9,328.50767801028167,337.2179920635059,339.5466486704919,337.47588120626784,Down,306
2026-02-02 18:00:00,326.5301787956594,327.1,324.4,325.925,328.27288910025607,336.77512962964295,339.41110987775073,337.1581662861718,Down,360
2026-02-02 18:15:00,326.2275893978297,326.2275893978297,322.3,324.275,327.90944463659645,336.28492846769615,339.26050181926564,336.0630692855546,Down,450
2026-02-02 18:30:00,325.2512946989149,325.2512946989149,323.1,323.75,327.5313133059968,335.79336264543355,339.1061684678302,335.6845495914626,Down,251
2026-02-02 18:45:00,324.50064734945744,326.4,321.1,323.025,327.12164845999706,335.29264254169107,338.9461568412846,335.6845495914626,Down,533
2026-02-02 19:00:00,323.7628236747287,323.7628236747287,321.1,321.65,326.6242258727246,334.75763695182087,338.7740557781873,334.66326692735254,Down,800
2026-02-02 19:15:00,322.7064118373643,323.1,321.1,321.8,326.1856598842951,334.2494943262593,338.6051597007924,333.9471409908984,Down,219
2026-02-02 19:30:00,322.25320591868217,322.25320591868217,321.1,321.1,325.72332716754096,333.7338278820923,338.4309790072522,332.8660787396786,Down,29
2026-02-02 19:45:00,321.6766029593411,321.6766029593411,317.1,319.32500000000005,325.1416610614009,333.16877580828475,338.2408697633989,331.2247714470104,Down,341
2026-02-02 20:00:00,320.5008014796706,320.5008014796706,317.6,318.5,324.5378736921826,332.593529698156,338.044443198589,330.86566488457,Down,291
2026-02-02 20:15:00,319.5004007398353,319.6,316.2,318.175,323.9594306292569,332.0280971609734,337.8467372961155,329.8775128588497,Down,436
2026-02-02 20:30:00,318.8377003699177,320.5,316.5,318.1,323.4267551175063,331.48189727230783,337.6502523478955,329.8775128588497,Down,386
2026-02-02 20:45:00,318.46885018495885,318.46885018495885,314.6,317.125,322.85386828864205,330.91888169300165,337.44602098124983,329.1623647125055,Down,462
2026-02-02 21:00:00,317.79692509247946,318.2,315.7,317.125,322.33306208058366,330.3779451560212,337.24382176750606,329.1623647125055,Down,221
2026-02-02 21:15:00,317.4609625462397,317.4609625462397,312.6,314.75,321.6436928005306,329.76508456166744,337.02000264544137,328.0608640337576,Down,379
2026-02-02 21:30:00,316.10548127311984,316.10548127311984,309.8,311.29999999999995,320.7033570913914,329.04096359846477,336.76408222110865,327.09144542736504,Down,327
2026-02-02 21:45:00,313.7027406365599,313.7027406365599,301.7,306.54999999999995,319.41668826490127,328.15896502597593,336.4634445870678,324.91937126867,Down,673
2026-02-02 22:00:00,310.1263703182799,310.1263703182799,301.1,304.175,318.0310802408193,327.21841737789845,336.1421665314751,324.5482297752327,Down,1010
2026-02-02 22:15:00,307.1506851591399,307.1506851591399,298.4,300.675,316.45325476438114,326.17749904935346,335.7892594018087,323.171086833887,Down,1583
2026-02-02 22:30:00,303.91284257957,303.91284257957,298.4,299.7,314.93023160398286,325.1391657533004,335.43016229333296,321.70267700446226,Down,973
2026-02-02 22:45:00,301.806421289785,301.806421289785,298.4,298.95,313.47748327634804,324.1121396453279,335.0671756038471,320.02032358179366,Down,891
2026-02-02 23:00:00,300.37821064489253,300.37821064489253,298.4,298.4,312.1068029784982,323.1038204435503,334.70232808540084,318.21492095413555,Down,47
2026-02-02 23:15:00,299.38910532244626,299.38910532244626,290.3,294.7,310.5243663440893,321.98994513203854,334.30429497012324,315.26405971637564,Down,684
2026-02-02 23:30:00,297.0445526612231,297.0445526612231,287.5,289.92499999999995,308.65169667644483,320.7324963033312,333.8627099455449,314.3062109848314,Down,602
2026-02-02 23:45:00,293.4847763306116,293.4847763306116,287.1,288.0,306.77426970585896,319.4488689973182,333.40636457295244,312.6449746984553,Down,628
2026-02-03 00:00:00,290.7423881653058,295.0,287.1,289.3,305.18569973259906,318.2665604091881,332.9674952737191,312.6449746984553,Down,410
2026-02-03 09:00:00,290.02119408265287,290.02119408265287,283.9,286.225,303.4619997569082,317.0100286284357,332.50239581825923,310.271268057456,Down,58
2026-02-03 09:15:00,288.12309704132645,288.12309704132645,284.6,286.225,301.89499977900743,315.8027726037912,332.04192421807755,308.83419382308153,Down,785
2026-02-03 09:30:00,287.17404852066323,287.17404852066323,285.3,286.325,300.4795452536431,314.6467815212896,331.5870294497385,307.3481739973167,Down,268
2026-02-03 09:45:00,286.7495242603316,286.7495242603316,285.0,285.7,299.1359502305846,313.5116136184939,331.1304420920297,305.7029070766364,Down,191
2026-02-03 10:00:00,286.2247621301658,286.2247621301658,283.4,284.35,297.79177293689514,312.36802092757256,330.6649650562881,303.8651536092074,Down,338
2026-02-03 10:15:00,285.2873810650829,285.2873810650829,281.5,282.875,296.43570266990463,311.2114318715893,330.18944301592705,302.09162232359387,Down,437
2026-02-03 10:30:00,284.0811905325414,284.0811905325414,280.7,282.0,295.12336606354967,310.06588552368385,329.70994607049494,300.61823890633343,Down,361
2026-02-03 10:45:00,283.0405952662707,284.6,282.5,283.475,294.06442369413605,309.02310569922565,329.24989685586314,300.61823890633343,Down,274
2026-02-03 11:00:00,283.2577976331354,284.8,283.2577976331354,284.475,293.19265790376005,308.0604348874913,328.8043754941133,300.51337210704963,Down,121
2026-02-03 11:15:00,283.8663988165677,286.3,283.5,285.075,292.45468900341825,307.15904528406026,328.36925732999276,300.51337210704963,Down,299
2026-02-03 11:30:00,284.47069940828385,287.3,284.47069940828385,286.6,291.92244454856205,306.35280821409714,327.9536428291968,300.51337210704963,Down,222
2026-02-03 11:45:00,285.53534970414194,287.4,285.53534970414194,286.625,291.4408586805109,305.57916867628944,327.54241255228936,300.51337210704963,Down,165
2026-02-03 12:00:00,286.08017485207097,288.9,286.08017485207097,287.5,291.08259880046444,304.8701816693761,327.1439805865949,300.51337210704963,Down,313
2026-02-03 12:15:00,286.7900874260355,289.5,286.7900874260355,288.45,290.84327163678586,304.2262529764594,326.75896585439006,300.51337210704963,Down,318
2026-02-03 12:30:00,287.6200437130177,288.7,287.2,288.15000000000003,290.5984287607144,303.59581168326497,326.3747970399185,300.51337210704963,Down,208
2026-02-03 12:45:00,287.88502185650884,289.3,287.8,288.475,290.40538978246764,303.0028386760781,325.9976846315611,300.51337210704963,Down,181
2026-02-03 13:00:00,288.18001092825443,288.18001092825443,285.8,287.4,290.132172529516,302.3909626495652,325.61362806806306,299.56449464501,Down,267
2026-02-03 13:15:00,287.7900054641272,287.9,286.9,287.375,289.8815204813782,301.8021013691901,325.2331442066893,299.1949901644389,Down,73
2026-02-03 13:30:00,287.58250273206363,287.58250273206363,285.3,286.29999999999995,289.5559277103438,301.1941758253003,324.845749736971,297.99397069081755,Down,118
2026-02-03 13:45:00,286.9412513660318,287.0,285.4,285.975,289.2303888275853,300.5973454007787,324.45897610774745,297.2842902952598,Down,130
2026-02-03 14:00:00,286.4581256830159,288.2,286.1,286.95,289.0230807523502,300.0621553850619,324.0857524648843,297.2842902952598,Down,179
2026-02-03 14:15:00,286.70406284150795,288.3,286.7,287.375,288.87325522940927,299.56461987976536,323.72047134583073,297.2842902952598,Down,198
2026-02-03 14:30:00,287.039531420754,288.3,286.6,287.3,288.7302320267357,299.08365439428434,323.358078596121,297.2842902952598,Down,143
2026-02-03 14:45:00,287.16976571037696,287.7,284.7,286.225,288.50248366066876,298.57939343764576,322.98859522700536,296.51233542467025,Down,253
2026-02-03 15:00:00,286.6973828551885,286.6973828551885,283.8,284.9,288.17498514606245,298.04294663616946,322.6096042297217,295.67713557918125,Down,264
2026-02-03 15:15:00,285.79869142759424,285.79869142759424,283.0,283.95,287.7908955873295,297.490282062202,322.224931550819,294.8974554616377,Down,196
2026-02-03 15:30:00,284.8743457137971,286.4,283.8,284.775,287.5167232612086,296.99164354995884,321.852295415985,294.8974554616377,Down,328
2026-02-03 15:45:00,284.82467285689853,286.8,284.8,285.75,287.3561120556442,296.5507947832938,321.4930685959255,294.8974554616377,Down,162
2026-02-03 16:00:00,285.2873364284493,286.3,284.7,285.725,287.20782914149476,296.1262538113999,321.13716741586654,294.8974554616377,Down,123
2026-02-03 16:15:00,285.50616821422466,286.3,285.0,285.77500000000003,287.0775719468134,295.7203222893842,320.78530505351966,294.8974554616377,Down,115
2026-02-03 16:30:00,285.6405841071123,286.5,284.0,285.525,286.9364290425576,295.32050572901625,320.434456247017,294.7871837168603,Down,246
2026-02-03 16:45:00,285.58279205355615,287.2,285.1,286.075,286.858117311416,294.957936876898,320.0925711102308,294.7871837168603,Down,190
2026-02-03 17:00:00,285.82889602677807,287.5,284.9,286.175,286.79601573765086,294.61350797976473,319.75508284047726,294.7871837168603,Down,305
2026-02-03 17:15:00,286.00194801338904,286.2,284.2,285.35,286.66455976150075,294.25023315702884,319.4127437077362,294.5833085776561,Down,275
2026-02-03 17:30:00,285.6759740066945,286.0,283.5,284.7,286.4859634195461,293.8757142096944,319.06734327283334,294.18937143423284,Down,449
2026-02-03 17:45:00,285.18798700334725,286.6,283.2,285.025,286.3531485632238,293.5286273779417,318.7286134890241,294.18937143423284,Down,320
2026-02-03 18:00:00,285.10649350167364,288.1,285.10649350167364,286.70000000000005,286.3846805120216,293.26083806900283,318.4099208174915,294.18937143423284,Down,490
2026-02-03 18:15:00,285.90324675083684,292.5,285.90324675083684,289.2,286.64061864729234,293.1015895172772,318.119274839208,294.18937143423284,Down,833
2026-02-03 18:30:00,287.55162337541844,292.0,287.55162337541844,290.325,286.97556240662936,292.99270365385456,317.84271489055914,294.18937143423284,Down,519
2026-02-03 18:45:00,288.9383116877092,292.1,288.2,290.20000000000005,287.26869309693575,292.8831858635073,317.56766300110087,294.18937143423284,Down,582
2026-02-03 19:00:00,289.5691558438546,290.8,284.8,288.425,287.37381190630526,292.70835504533056,317.2776862548213,294.18937143423284,Down,828
2026-02-03 19:15:00,288.9970779219273,292.3,287.3,289.95,287.6080108239139,292.6001842592392,317.0057689786539,294.18937143423284,Down,643
2026-02-03 19:30:00,289.47353896096365,293.3,287.6,290.475,287.8686462035581,292.51684370005336,316.74178122762254,294.18937143423284,Down,709
2026-02-03 19:45:00,289.97426948048184,292.5,288.9,290.575,288.11467836687103,292.4406929667179,316.4814152452581,294.18937143423284,Down,349
2026-02-03 20:00:00,290.2746347402409,292.6,288.3,290.6,288.3406166971555,292.3685089288074,316.22388872540483,294.18937143423284,Down,434
2026-02-03 20:15:00,290.43731737012047,292.8,289.5,290.725,288.5573788155959,292.3040575982659,315.9701684395799,294.18937143423284,Down,333
2026-02-03 20:30:00,290.58115868506025,295.9,290.58115868506025,293.3,288.98852619599626,292.3431141630398,315.7445946242607,294.18937143423284,Down,735
2026-02-03 20:45:00,291.9405793425301,295.7,291.9405793425301,294.85,289.5213874509057,292.44142341154804,315.5366882100889,278.40878624016653,Up,351
2026-02-03 21:00:00,293.395289671265,298.0,293.395289671265,295.85,290.0967158644597,292.57509308168346,315.34080076521246,280.0127470514575,Up,725
2026-02-03 21:15:00,294.6226448356325,297.1,294.6226448356325,295.725,290.6083780585997,292.6986188431861,315.14561866804615,280.7014680087962,Up,448
2026-02-03 21:30:00,295.17382241781627,296.1,292.1,294.3,290.94398005327247,292.7614181042377,314.93819957682183,280.7014680087962,Up,518
2026-02-03 21:45:00,294.73691120890817,297.6,293.3,295.475,291.35589095752044,292.8678330805421,314.74453589944056,280.7014680087962,Up,548
2026-02-03 22:00:00,295.1059556044541,297.0,293.6,295.325,291.71671905229135,292.96419256757963,314.55130668651077,280.7014680087962,Up,345
2026-02-03 22:15:00,295.21547780222704,296.0,292.2,294.475,291.9674718657194,293.02343991787063,314.35154244087386,280.7014680087962,Up,358
2026-02-03 22:30:00,294.84523890111353,296.5,294.2,295.35,292.2749744233813,293.1146775681502,314.16247236683535,280.7014680087962,Up,242
2026-02-03 22:45:00,295.09761945055675,296.2,294.0,295.275,292.5477040212557,293.19939609488944,313.97453731840915,280.9402870637703,Up,163
2026-02-03 23:00:00,295.1863097252784,296.3,294.7,295.5,292.8160945647779,293.28961585587416,313.79071107643495,282.0457155125184,Up,145
2026-02-03 23:15:00,295.34315486263915,295.4,290.8,293.375,292.86690414979813,293.292964253683,313.58756967268937,282.0457155125184,Up,419
2026-02-03 23:30:00,294.3590774313196,294.3590774313196,291.9,292.7,292.85173104527104,293.2697107535386,313.37973315853327,282.0457155125184,Up,198
2026-02-03 23:45:00,293.5295387156598,293.5295387156598,291.9,292.75,292.8424827684282,293.2493299396744,313.1744621818314,282.0457155125184,Up,208
2026-02-04 00:00:00,293.1397693578299,293.3,291.4,292.4,292.80225706220745,293.21602288321657,312.96775111534555,282.0457155125184,Up,185
2026-02-04 09:00:00,292.76988467891493,293.5,291.1,292.20000000000005,292.7475064201886,293.1761788485806,312.76110682564064,282.0457155125184,Up,25
2026-02-04 09:15:00,292.48494233945746,294.4,292.48494233945746,293.55,292.8204603819896,293.19083850157745,312.5699515338432,282.0457155125184,Up,255
2026-02-04 09:30:00,293.0174711697288,293.9,293.0174711697288,293.55,292.8867821654451,293.20492326622144,312.3806982847502,282.34131810108744,Up,111
2026-02-04 09:45:00,293.2837355848644,293.8,292.3,293.075,292.9038928776773,293.1998282361736,312.18860178440445,282.39780228747554,Up,141
2026-02-04 10:00:00,293.17936779243223,293.17936779243223,292.6,292.85,292.8989935251612,293.18610948181384,311.9961778860522,282.9951885966731,Up,79
2026-02-04 10:15:00,293.0146838962161,293.2,292.2,292.65000000000003,292.87635775014655,293.16508558056626,311.80367860360394,283.3413679095063,Up,58
2026-02-04 10:30:00,292.8323419481081,292.8323419481081,291.4,292.1,292.8057797728605,293.12331751858324,311.6076221000855,283.3413679095063,Up,138
2026-02-04 10:45:00,292.466170974054,292.466170974054,291.0,291.65,292.7007088844186,293.06554036099175,311.40903879560705,283.3413679095063,Up,147
2026-02-04 11:00:00,292.05808548702703,292.05808548702703,290.8,291.07500000000005,292.5529171676532,292.98747995467835,311.20671005137217,283.3413679095063,Up,79
2026-02-04 11:15:00,291.56654274351354,291.6,290.5,290.925,292.40492469786653,292.90659838782824,311.00490199115956,283.3413679095063,Up,114
2026-02-04 11:30:00,291.24577137175675,292.4,290.4,291.325,292.3067497253332,292.8445749216389,310.8090820708495,283.3637149263017,Up,114
2026-02-04 11:45:00,291.2853856858784,293.7,291.2853856858784,292.35,292.3106815684847,292.8251798266727,310.6254096124331,284.3089375708056,Up,207
2026-02-04 12:00:00,291.8176928429392,292.3,290.8,291.825,292.26652869862244,292.7859570883718,310.4383408600706,284.3089375708056,Up,102
2026-02-04 12:15:00,291.8213464214696,292.5,291.1,291.675,292.21275336238403,292.7423901437298,310.2516409510152,284.3089375708056,Up,57
2026-02-04 12:30:00,291.7481732107348,291.7481732107348,289.3,290.5,292.05704851125824,292.6544532753482,310.0551072102091,284.3089375708056,Up,214
2026-02-04 12:45:00,291.1240866053674,291.1240866053674,289.7,290.15,291.8836804647802,292.556239421413,309.8570464419483,284.3089375708056,Up,91
2026-02-04 13:00:00,290.63704330268365,290.63704330268365,289.8,290.1,291.7215276952547,292.4599163068478,309.66045891516274,284.3089375708056,Up,55
2026-02-04 13:15:00,290.36852165134184,290.7,289.5,289.95000000000005,291.5604797229588,292.3614882163832,309.4643349458577,284.3089375708056,Up,89
2026-02-04 13:30:00,290.1592608256709,291.3,289.6,290.15000000000003,291.4322542935989,292.27476318828974,309.27215250858546,284.3089375708056,Up,108
2026-02-04 13:45:00,290.15463041283544,290.6,290.0,290.175,291.31795844872624,292.192419533847,309.0821310905896,284.3089375708056,Up,61
2026-02-04 14:00:00,290.16481520641776,290.7,289.8,290.1,291.2072349533875,292.110363865853,308.89325416431507,284.3089375708056,Up,37
2026-02-04 14:15:00,290.1324076032089,290.6,289.8,290.075,291.10430450307956,292.0305456750352,308.7060078542224,284.3089375708056,Up,90
2026-02-04 14:30:00,290.1037038016044,290.5,289.8,290.2,291.0220950027996,291.95875957013186,308.5218684725883,284.3489956720963,Up,49
2026-02-04 14:45:00,290.15185190080217,291.3,290.0,290.575,290.9814500025451,291.9044944889502,308.34329266689093,284.90363242917846,Up,72
2026-02-04 15:00:00,290.36342595040105,291.4,290.36342595040105,290.92499999999995,290.9763181841319,291.866082940364,308.16997632194676,285.28080643823586,Up,78
2026-02-04 15:15:00,290.6442129752005,292.5,290.4,291.5,291.0239256219381,291.85172674662425,308.00410591078315,285.5946304209412,Up,143
2026-02-04 15:30:00,291.07210648760025,292.3,291.07210648760025,291.9,291.10356874721646,291.8536198153841,307.8438660509744,285.9164832583286,Up,105
2026-02-04 15:45:00,291.48605324380014,293.4,291.3,292.025,291.18733522474224,291.86034060693765,307.6864643987259,286.34130001320773,Up,250
2026-02-04 16:00:00,291.75552662190006,292.7,291.1,291.95,291.2566683861293,291.8638566615675,307.5298826634152,286.34130001320773,Up,119
2026-02-04 16:15:00,291.85276331095,294.9,291.85276331095,293.65,291.47424398739025,291.9339014983688,307.3917743782071,286.77350220921534,Up,249
2026-02-04 16:30:00,292.75138165547503,294.7,292.75138165547503,294.29999999999995,291.7311308976275,292.0266896749034,307.2615079664837,287.0144846604014,Up,188
2026-02-04 16:45:00,293.5256908277375,296.8,293.5256908277375,295.175,292.04420990693404,292.1501528249072,307.14124420562314,287.87109101728595,Up,345
2026-02-04 17:00:00,294.35034541386875,297.0,294.35034541386875,295.925,292.3970090063036,292.29818604745986,307.0296397856667,288.08279431508413,Up,286
2026-02-04 17:15:00,295.1376727069344,296.5,294.2,295.375,292.66773546027605,292.4188454181477,306.9136732206352,288.08279431508413,Up,299
2026-02-04 17:30:00,295.2563363534672,296.0,293.6,294.8,292.86157769116005,292.51222402920075,306.7931391587383,288.08279431508413,Up,282
2026-02-04 17:45:00,295.02816817673363,296.2,294.1,294.95,293.05143426469095,292.60782308687914,306.67529697805435,288.08279431508413,Up,202
2026-02-04 18:00:00,294.9890840883668,294.9890840883668,292.5,293.5,293.0922129679009,292.64281041680545,306.5441994956857,288.08279431508413,Up,312
2026-02-04 18:15:00,294.2445420441834,295.5,292.6,293.85,293.16110269809167,292.69015118477387,306.4178890529426,288.08279431508413,Up,230
2026-02-04 18:30:00,294.0472710220917,295.9,294.0472710220917,295.19999999999993,293.3464569982651,292.7885766285082,306.3062682663462,288.08279431508413,Up,159
2026-02-04 18:45:00,294.6236355110458,297.6,294.6236355110458,296.325,293.6172336347865,292.9272598979785,306.2069521641935,288.08279431508413,Up,542
2026-02-04 19:00:00,295.47431775552286,298.3,294.8,296.54999999999995,293.88384875889676,293.0693281372735,306.1108630879329,288.08279431508413,Up,487
2026-02-04 19:15:00,296.0121588777614,297.5,295.1,296.25,294.09895341717885,293.19406036718436,306.01274504725694,288.08279431508413,Up,252
2026-02-04 19:30:00,296.1310794388807,299.7,295.1,297.375,294.396775833799,293.35801878415754,305.92679733534396,288.08279431508413,Up,465
2026-02-04 19:45:00,296.7530397194404,303.8,296.7530397194404,301.375,295.03115984890815,293.67241020438667,305.88150581956944,288.5441086422792,Up,863
2026-02-04 20:00:00,299.0640198597202,307.4,299.0640198597202,304.55,295.8965089535528,294.09898235323425,305.8682570054444,289.5349160448119,Up,10407
2026-02-04 20:15:00,301.8070099298601,304.5,299.0,301.9,296.4422808668662,294.4049046138917,305.8287718611116,289.5349160448119,Up,1451
2026-02-04 20:30:00,301.85350496493004,301.85350496493004,297.3,299.275,296.69980078806014,294.59588874668026,305.7635602008021,289.5349160448119,Up,484
2026-02-04 20:45:00,300.564252482465,300.564252482465,296.7,299.0,296.9089098073274,294.7685989919085,305.6962610943265,289.5349160448119,Up,500
2026-02-04 21:00:00,299.7821262412325,300.7,298.7,299.6,297.1535543702976,294.95806569810816,305.6356017799551,289.5349160448119,Up,270
2026-02-04 21:15:00,299.69106312061626,300.7,297.1,299.32500000000005,297.35095851845233,295.12931802367257,305.57280972244314,289.5349160448119,Up,479
2026-02-04 21:30:00,299.5080315603081,301.5,299.2,300.4,297.6281441076839,295.3360114345089,305.5213389789363,289.5349160448119,Up,391
2026-02-04 21:45:00,299.95401578015407,301.5,299.95401578015407,300.975,297.9324037342581,295.5571482409988,305.47610177516583,289.5349160448119,Up,265
2026-02-04 22:00:00,300.464507890077,303.7,300.3,302.025,298.3044579402346,295.81078948644983,305.4417624540199,289.5349160448119,Up,419
2026-02-04 22:15:00,301.2447539450385,303.3,301.1,302.375,298.6745072183951,296.0682095065891,305.41124740472617,289.5349160448119,Up,247
2026-02-04 22:30:00,301.80987697251925,302.8,301.6,302.25,298.9995520167228,296.3106326631935,305.3797922066692,290.1594384532554,Up,137
2026-02-04 22:45:00,302.02993848625965,302.5,299.8,301.3,299.20868365156616,296.506294127382,305.33919725933913,290.1594384532554,Up,266
2026-02-04 23:00:00,301.6649692431298,303.5,299.5,301.675,299.4328942286965,296.70898847532777,305.30273758511686,290.1594384532554,Up,347
2026-02-04 23:15:00,301.66998462156494,303.6,301.66998462156494,302.95,299.75263111699684,296.95373402531493,305.2793272608869,290.75318240100995,Up,311
2026-02-04 23:30:00,302.3099923107825,305.0,302.3099923107825,303.675,300.10921010636076,297.21731308314577,305.26336380555466,291.87516616860984,Up,356
2026-02-04 23:45:00,302.9924961553912,304.0,302.9,303.45,300.4129182785098,297.4617321779244,305.2453203846039,292.34106364838055,Up,193
2026-02-05 00:00:00,303.2212480776956,303.8,301.4,302.95000000000005,300.6435620713725,297.6769583670254,305.22248137580186,292.34106364838055,Up,260
2026-02-05 09:00:00,303.0856240388478,303.0856240388478,297.1,300.375,300.61914733761137,297.7827639212597,305.17424773027153,292.34106364838055,Up,44
2026-02-05 09:15:00,301.7303120194239,301.7303120194239,298.0,299.05,300.47649757964666,297.8324594537593,305.11330994191064,292.34106364838055,Up,222
2026-02-05 09:30:00,300.390156009712,300.390156009712,297.8,298.95000000000005,300.33772507240604,297.8762845732198,305.051983474827,292.34106364838055,Up,161
2026-02-05 09:45:00,299.670078004856,300.0,298.2,299.1,300.22520461127823,297.9242734134857,304.9927597586596,292.34106364838055,Up,149
2026-02-05 10:00:00,299.385039002428,300.5,299.385039002428,300.05,300.20927691934384,298.0076352404078,304.9435780695187,292.34106364838055,Up,70
2026-02-05 10:15:00,299.71751950121404,301.3,299.71751950121404,300.8,300.26297901758534,298.117139740784,304.90234843698624,292.34106364838055,Up,126
2026-02-05 10:30:00,300.25875975060706,301.5,300.25875975060706,300.975,300.32770819780484,298.2292126921258,304.8632703430859,292.34106364838055,Up,134
2026-02-05 10:45:00,300.61687987530354,300.8,299.6,300.3,300.3251892707317,298.31042003753265,304.8178646680303,292.34106364838055,Up,115
2026-02-05 11:00:00,300.45843993765175,301.5,300.0,300.575,300.3478993370288,298.39922709488434,304.7756471091444,292.34106364838055,Up,109
2026-02-05 11:15:00,300.5167199688259,301.0,299.8,300.6,300.3708175791171,298.48553191469284,304.7340983816903,292.34106364838055,Up,123
2026-02-05 11:30:00,300.55835998441296,301.4,300.1,300.65000000000003,300.39619779919735,298.57041301607745,304.6934605868476,292.34106364838055,Up,57
2026-02-05 11:45:00,300.60417999220647,300.60417999220647,299.6,300.1,300.36927072654305,298.6303968193685,304.6477545113566,292.34106364838055,Up,117
2026-02-05 12:00:00,300.35208999610325,302.0,299.6,300.925,300.4197915695846,298.72038125782467,304.6107121779103,292.403231830119,Up,171
2026-02-05 12:15:00,300.63854499805166,304.9,300.63854499805166,303.4,300.69071960871327,298.9038957183021,304.59866529056785,293.5862268893346,Up,363
2026-02-05 12:30:00,302.0192724990258,304.9,302.0192724990258,304.45,301.0324723715575,299.1213900038589,304.59718603394526,294.0638756948939,Up,187
2026-02-05 12:45:00,303.2346362495129,305.4,303.2346362495129,304.475,301.34542942868865,299.3313354939036,304.595970252513,294.9883126203802,Up,316
2026-02-05 13:00:00,303.85481812475643,304.2,302.5,303.525,301.5435722078987,299.4957929255152,304.58531383209,294.9883126203802,Up,210
2026-02-05 13:15:00,303.6899090623782,303.6899090623782,302.6,303.25,301.6987020071806,299.64301673235775,304.57202712729304,294.9883126203802,Up,73
2026-02-05 13:30:00,303.4699545311891,304.0,303.2,303.625,301.8738200065278,299.799172938932,304.5626039717976,295.3462317867599,Up,51
2026-02-05 13:45:00,303.5474772655946,303.9,302.6,303.35,302.00801818775255,299.93842105897386,304.55053826063545,295.3462317867599,Up,86
2026-02-05 14:00:00,303.4487386327973,303.4487386327973,302.6,302.90000000000003,302.0891074434114,300.05456140960234,304.5341149943605,295.4646889761747,Up,46
2026-02-05 14:15:00,303.17436931639867,303.17436931639867,301.0,301.9,302.07191585764673,300.1269315504022,304.50790489491413,295.4646889761747,Up,169
2026-02-05 14:30:00,302.5371846581993,302.5371846581993,300.2,300.90000000000003,301.96537805240615,300.1572479601904,304.4720053437209,295.4646889761747,Up,174
2026-02-05 14:45:00,301.7185923290997,301.7185923290997,300.0,300.45,301.8276164112783,300.1687284323398,304.4319853900521,295.4646889761747,Up,116
2026-02-05 15:00:00,301.08429616454987,301.1,299.9,300.275,301.68646946479845,300.172895944797,304.3906223513451,295.4646889761747,Up,152
2026-02-05 15:15:00,300.6796480822749,300.8,299.1,300.0,301.53315405890766,300.1661157116677,304.3469345667546,295.4646889761747,Up,149
2026-02-05 15:30:00,300.3398240411375,302.0,300.0,300.975,301.48241278082514,300.19783666415134,304.31338297902573,295.4646889761747,Up,108
2026-02-05 15:45:00,300.6574120205688,301.7,300.4,301.15,301.45219343711375,300.2351764028121,304.2819065314732,295.4646889761747,Up,67
2026-02-05 16:00:00,300.9037060102844,301.3,299.2,300.175,301.33608494283067,300.2328165438783,304.24104178986653,295.4646889761747,Up,127
2026-02-05 16:15:00,300.5393530051422,300.5393530051422,298.6,299.3,301.1509863116642,300.19623550294193,304.1918771949425,295.4646889761747,Up,136
2026-02-05 16:30:00,299.91967650257106,300.9,299.1,299.9,301.0372602833311,300.1846184243952,304.1491719492217,295.4646889761747,Up,84
2026-02-05 16:45:00,299.9098382512855,302.9,299.9098382512855,301.675,301.09523662121006,300.2430647606934,304.1245533228613,295.4646889761747,Up,299
2026-02-05 17:00:00,300.7924191256428,304.9,300.7924191256428,303.65,301.3274878374637,300.37667006419565,304.1198313992507,295.4646889761747,Up,356
2026-02-05 17:15:00,302.2212095628214,305.8,302.2212095628214,304.625,301.62726167042155,300.54327123814875,304.124857952492,295.4646889761747,Up,336
2026-02-05 17:30:00,303.4231047814107,305.4,303.4231047814107,304.475,301.8861469731105,300.69745667979,304.1283419529647,295.4646889761747,Up,233
2026-02-05 17:45:00,303.94905239070533,305.0,302.6,304.05,302.08286088464587,300.82892896685706,304.1275624310447,295.4646889761747,Up,325
2026-02-05 18:00:00,303.9995261953527,306.0,303.1,305.1,302.357146258769,300.9964219485489,304.1372384267557,295.4646889761747,Up,335
2026-02-05 18:15:00,304.5497630976764,306.9,303.6,305.225,302.6178602352445,301.1622485388019,304.14806192499697,295.6128600376734,Up,403
2026-02-05 18:30:00,304.8873815488382,306.6,304.0,305.275,302.8594183956768,301.32353290982934,304.1592752391761,295.6128600376734,Up,309
2026-02-05 18:45:00,305.0811907744191,306.2,304.1,305.45000000000005,303.0949258142516,301.4853551486596,304.17211827162214,295.6128600376734,Up,269
2026-02-05 19:00:00,305.2655953872096,305.8,303.8,304.775,303.2476598311378,301.6143608291043,304.1781170947901,295.6128600376734,Up,309
2026-02-05 19:15:00,305.0202976936048,306.5,302.3,304.65,303.37514530103437,301.7334055024728,304.1828124470807,295.6128600376734,Up,503
2026-02-05 19:30:00,304.8351488468024,306.5,303.6,305.35,303.5546775463949,301.87523273767,304.19442625357743,295.6128600376734,Up,389
2026-02-05 19:45:00,305.0925744234012,306.7,304.5,305.55,303.73607049672256,302.01934125776137,304.20791454956174,295.6128600376734,Up,339
2026-02-05 20:00:00,305.32128721170056,305.8,301.3,303.475,303.7123368152023,302.0764259143197,304.20062186747657,295.6128600376734,Up,501
2026-02-05 20:15:00,304.39814360585024,304.39814360585024,298.0,300.0,303.37485165018387,301.99499744709146,304.1588246349644,295.6128600376734,Up,696
2026-02-05 20:30:00,302.1990718029251,303.0,299.4,301.125,303.17031968198535,301.9608799001467,304.12863732516377,295.6128600376734,Up,328
2026-02-05 20:45:00,301.66203590146256,303.3,301.4,302.35,303.0957451654412,301.97613951190567,304.11093944133125,295.6128600376734,Up,257
2026-02-05 21:00:00,302.0060179507313,303.5,299.4,301.475,302.94840469585563,301.956486982027,304.0847111881837,295.6128600376734,Up,409
2026-02-05 21:15:00,301.74050897536563,301.74050897536563,295.0,298.05,302.5030951780506,301.80329141410436,304.02466431068933,295.6128600376734,Up,1014
2026-02-05 21:30:00,299.8952544876828,299.8952544876828,294.0,294.9,301.8119047073187,301.5325741037473,303.933871630981,305.55555504965747,Down,545
2026-02-05 21:45:00,297.3976272438414,302.6,291.2,295.375,301.22673155210794,301.2911006094827,303.8487087291802,305.55555504965747,Down,13577
2026-02-05 22:00:00,296.3863136219207,296.5,293.0,294.79999999999995,300.64248322918905,301.036547644405,303.7586718264023,305.55555504965747,Down,503
2026-02-05 22:15:00,295.5931568109603,302.6,295.5931568109603,299.45,300.53407566289917,300.97433008972246,303.7157994699207,305.55555504965747,Down,728
2026-02-05 22:30:00,297.5215784054801,304.0,297.5215784054801,302.42499999999995,300.70597787536286,301.0312191058118,303.70295569410064,305.55555504965747,Down,548
2026-02-05 22:45:00,299.97328920274003,303.0,298.3,300.625,300.69861625032985,301.0152889447996,303.67232926928375,305.55555504965747,Down,588
2026-02-05 23:00:00,300.29914460137,300.8,297.1,299.125,300.5555602275726,300.9411599665722,303.6270822118779,305.55555504965747,Down,451
2026-02-05 23:15:00,299.712072300685,301.4,299.7,300.55,300.5550547523387,300.92582036003995,303.5964644784264,305.55555504965747,Down,194
2026-02-05 23:30:00,300.13103615034254,303.0,300.13103615034254,301.75,300.66368613848977,300.9581411302344,303.57809169754654,305.55555504965747,Down,239
2026-02-05 23:45:00,300.94051807517127,303.9,300.94051807517127,303.175,300.89198739862707,301.045076772186,303.5740808348844,305.55555504965747,Down,315
2026-02-06 00:00:00,302.05775903758564,303.7,302.05775903758564,303.3,301.1108976351155,301.13350513406107,303.571353662398,305.55555504965747,Down,200
2026-02-06 09:00:00,302.6788795187928,302.6788795187928,301.3,301.975,301.18945239555956,301.1665049327254,303.55546954635423,305.55555504965747,Down,19
2026-02-06 09:15:00,302.3269397593964,303.9,301.6,302.4,301.2995021777814,301.2148772883048,303.54397233693777,305.55555504965747,Down,284
2026-02-06 09:30:00,302.3634698796982,302.6,301.5,302.05,301.36772925252853,301.2476271985674,303.5291069405503,305.55555504965747,Down,103
2026-02-06 09:45:00,302.20673493984907,302.7,302.0,302.425,301.46384477502596,301.2937986809765,303.5181208018384,305.55555504965747,Down,64
2026-02-06 10:00:00,302.31586746992457,302.5,301.5,302.0,301.5125861591145,301.32149285034996,303.50301512221813,305.55555504965747,Down,55
2026-02-06 10:15:00,302.1579337349623,302.2,301.5,301.85,301.54326014464954,301.3422186209244,303.4865672105543,305.55555504965747,Down,44
2026-02-06 10:30:00,302.00396686748115,302.3,301.7,302.05,301.5893274042268,301.36997475343725,303.4722730094543,305.55555504965747,Down,30
2026-02-06 10:45:00,302.0269834337406,302.4,301.0,301.525,301.583479458388,301.37605417487106,303.45289715861395,305.55555504965747,Down,75
2026-02-06 11:00:00,301.7759917168703,301.7759917168703,299.7,300.7,301.50316314398907,301.34954224644474,303.42550514708546,305.55555504965747,Down,167
2026-02-06 11:15:00,301.2379958584352,301.2379958584352,299.1,300.32500000000005,301.3960574036264,301.3093641191332,303.39465434960204,305.55555504965747,Down,119
2026-02-06 11:30:00,300.7814979292176,301.0,299.3,300.0,301.2691430942058,301.25801650661816,303.36087669438217,305.55555504965747,Down,78
2026-02-06 11:45:00,300.3907489646088,300.3907489646088,299.2,299.625,301.1196755401871,301.19397664361355,303.3237037919505,305.55555504965747,Down,92
2026-02-06 12:00:00,300.0078744823044,300.0078744823044,298.2,298.925,300.92015958198823,301.10499716739344,303.2799355950157,305.55555504965747,Down,81
2026-02-06 12:15:00,299.4664372411522,299.4664372411522,298.3,298.8,300.7274178018075,301.0146051216133,303.2353591214334,305.55555504965747,Down,46
2026-02-06 12:30:00,299.13321862057614,300.4,298.7,299.25,300.59310709255226,300.9454049207657,303.1957038067923,305.55555504965747,Down,88
2026-02-06 12:45:00,299.1916093102881,299.4,298.5,298.975,300.4460064477748,300.86813413955923,303.15370675398844,305.55555504965747,Down,51
2026-02-06 13:00:00,299.08330465514405,301.0,299.08330465514405,300.15,300.41909677070436,300.8399720164393,303.12381912459557,305.55555504965747,Down,89
2026-02-06 13:15:00,299.616652327572,302.5,299.616652327572,301.675,300.5332697915494,300.872718211873,303.1094030139031,305.55555504965747,Down,149
2026-02-06 13:30:00,300.645826163786,302.2,300.645826163786,301.875,300.65524526504487,300.91202338003484,303.09712039684933,305.55555504965747,Down,75
2026-02-06 13:45:00,301.26041308189303,302.5,300.6,301.425,300.72522296822257,300.93214011022957,303.0804823829504,305.55555504965747,Down,80
2026-02-06 14:00:00,301.3427065409465,302.3,300.6,301.425,300.7888390620205,300.9514679490441,303.0640099214285,305.55555504965747,Down,74
2026-02-06 14:15:00,301.3838532704733,303.7,301.3838532704733,302.725,300.96485369274586,301.0210182255522,303.06063668837953,305.55555504965747,Down,245
2026-02-06 14:30:00,302.0544266352366,303.3,302.0544266352366,302.8,301.1316851752235,301.09078221670705,303.0580432884952,305.55555504965747,Down,63
2026-02-06 14:45:00,302.42721331761834,303.2,301.8,302.7,301.27425925020316,301.15388879644405,303.0544806687092,305.55555504965747,Down,79
2026-02-06 15:00:00,302.56360665880914,303.9,302.3,303.15,301.44478113654833,301.2321676671717,303.0554311098166,305.55555504965747,Down,147
2026-02-06 15:15:00,302.85680332940456,303.8,302.7,303.125,301.597528305953,301.30639638610614,303.0561233375796,305.55555504965747,Down,79
2026-02-06 15:30:00,302.9909016647023,303.0,301.4,302.275,301.6591166417755,301.344380841553,303.0483509660614,305.55555504965747,Down,97
2026-02-06 15:45:00,302.6329508323511,303.5,301.6,302.625,301.74692421979586,301.3946012007078,303.0441385186379,305.55555504965747,Down,81
2026-02-06 16:00:00,302.62897541617554,304.5,302.62897541617554,303.85,301.93811292708716,301.4908913496997,303.05215704084054,305.55555504965747,Down,207
2026-02-06 16:15:00,303.2394877080878,304.0,302.5,303.5,302.0801026609883,301.5696799242213,303.0566131896879,305.55555504965747,Down,109
2026-02-06 16:30:00,303.3697438540439,304.3,303.0,303.65,302.22282060089844,301.6512611036636,303.06251753605915,305.55555504965747,Down,122
2026-02-06 16:45:00,303.50987192702195,304.2,303.1,303.825,302.36847327354405,301.73650576626505,303.0701044262476,305.55555504965747,Down,124
2026-02-06 17:00:00,303.66743596351097,305.8,303.66743596351097,304.79999999999995,302.5895211577673,301.85664279503897,303.08731731752874,305.55555504965747,Down,307
2026-02-06 17:15:00,304.2337179817555,306.9,304.2337179817555,305.9,302.89047377978846,302.0152058226845,303.1153042098917,298.36347856053,Up,363
2026-02-06 17:30:00,305.06685899087773,308.4,305.06685899087773,307.29999999999995,303.2913397998077,302.22245265316747,303.1569429739724,298.9728505554419,Up,407
2026-02-06 17:45:00,306.1834294954389,310.7,306.1834294954389,308.9,303.80121799982516,302.48431725500404,303.2140878200025,299.74425370969993,Up,680
2026-02-06 18:00:00,307.5417147477194,329.7,307.5417147477194,314.825,304.80337999984107,302.9682655979451,303.3296192844801,302.6565163384673,Up,6711
2026-02-06 18:15:00,311.18335737385974,313.9,311.18335737385974,312.55,305.5076181816737,303.3440198882218,303.42136436622656,302.6565163384673,Up,773
2026-02-06 18:30:00,311.86667868692984,314.1,310.5,311.95,306.093289256067,303.68150930436997,303.5062264123338,302.6565163384673,Up,589
2026-02-06 18:45:00,311.90833934346495,312.0,307.5,309.475,306.40071750551544,303.9087050179241,303.5656171943006,302.6565163384673,Up,611
2026-02-06 19:00:00,310.6916696717325,310.6916696717325,307.1,308.25,306.5688340959231,304.07895187996627,303.61222796848665,302.6565163384673,Up,700
2026-02-06 19:15:00,309.47083483586624,311.2,307.3,309.475,306.8330309962937,304.29056161016365,303.6705640086012,302.6565163384673,Up,497
2026-02-06 19:30:00,309.4729174179331,312.5,309.4729174179331,311.175,307.2277554511761,304.5605395862357,303.74523501349074,302.6565163384673,Up,484
2026-02-06 19:45:00,310.32395870896653,312.7,307.6,310.15000000000003,307.4934140465237,304.77973411226566,303.80896401833166,302.6565163384673,Up,485
2026-02-06 20:00:00,310.2369793544833,310.2369793544833,304.8,306.875,307.43719458774876,304.8619014019808,303.8394718390448,302.6565163384673,Up,725
2026-02-06 20:15:00,308.55598967724166,308.55598967724166,303.6,306.02500000000003,307.30881326158976,304.90751311170703,303.86121838791,302.6565163384673,Up,736
2026-02-06 20:30:00,307.2904948386208,310.6,306.7,308.57500000000005,307.4239211468998,305.05133612693425,303.9081216875328,302.6565163384673,Up,479
2026-02-06 20:45:00,307.93274741931043,310.6,307.93274741931043,310.1,307.6672010426361,305.24932294548586,303.9697324170101,302.6565163384673,Up,416
2026-02-06 21:00:00,309.0163737096552,310.6,307.5,309.15,307.802000947851,305.4022906731139,304.0212773680846,302.6565163384673,Up,278
2026-02-06 21:15:00,309.0831868548276,309.0831868548276,306.0,307.79999999999995,307.8018190435009,305.4963184898545,304.05887659825294,302.6565163384673,Up,381
2026-02-06 21:30:00,308.4415934274137,308.4415934274137,305.7,307.07500000000005,307.7357445850009,305.5582275686838,304.0888877763798,302.6565163384673,Up,232
2026-02-06 21:45:00,307.7582967137069,307.7582967137069,305.3,306.5,307.6234041681826,305.59515982089226,304.112878942784,302.6565163384673,Up,252
2026-02-06 22:00:00,307.1291483568534,309.8,307.1291483568534,307.975,307.65536742562057,305.6884868867396,304.15130800802996,302.6565163384673,Up,355
2026-02-06 22:15:00,307.5520741784267,307.8,305.0,306.825,307.57987947783687,305.73305602843607,304.1779119084476,302.6565163384673,Up,387
2026-02-06 22:30:00,307.18853708921336,307.5,303.7,305.675,307.4067086162153,305.7307793214386,304.1928083073685,302.6565163384673,Up,336
2026-02-06 22:45:00,306.4317685446067,306.4317685446067,304.3,305.25,307.2106441965594,305.71192523040185,304.2033276276932,302.6565163384673,Up,242
2026-02-06 23:00:00,305.84088427230336,307.1,304.4,306.125,307.1119492695994,305.72812424097435,304.22244874582566,302.6565163384673,Up,300
2026-02-06 23:15:00,305.9829421361517,308.2,305.9829421361517,307.0,307.10177206327216,305.7780017217205,304.2500860717379,302.6565163384673,Up,438
2026-02-06 23:30:00,306.49147106807584,308.8,306.2,306.925,307.08570187570194,305.82298204635896,304.2767021307256,302.6565163384673,Up,284
2026-02-06 23:45:00,306.70823553403795,306.70823553403795,301.8,304.225,306.82563806881996,305.76031608375666,304.27618768166366,302.6565163384673,Up,682
2026-02-07 00:00:00,305.466617767019,305.466617767019,300.0,301.54999999999995,306.34603460801816,305.5952056490995,304.24906143607495,317.095743759,Down,524
2026-02-09 09:00:00,303.50830888350947,303.50830888350947,290.7,291.1,304.96003146183466,305.02676621187993,304.11822500387524,314.81848028620414,Down,68
2026-02-09 09:15:00,297.30415444175475,297.30415444175475,284.7,287.7,303.3909376925769,304.3472851839631,303.9548595809511,311.68933869465127,Down,305
2026-02-09 09:30:00,292.50207722087737,292.50207722087737,278.2,282.54999999999995,301.4963069932517,303.49248968655274,303.74187590352875,309.3583953032794,Down,245
2026-02-09 09:45:00,287.52603861043866,287.52603861043866,281.4,282.3,299.7511881756834,302.6614116596291,303.5285239044887,308.5155394297795,Down,805
2026-02-09 10:00:00,284.91301930521934,292.3,281.5,284.55,298.369261977894,301.95116022199664,303.3396828706132,308.5155394297795,Down,1843
2026-02-09 10:15:00,284.7315096526097,284.7315096526097,281.8,282.35,296.91296543444906,301.18248727211443,303.1308303047365,307.7801220756507,Down,242
2026-02-09 10:30:00,283.54075482630486,283.54075482630486,281.6,282.15,295.5708776676809,300.4361152222276,302.9220658240924,305.56189484939586,Down,176
2026-02-09 10:45:00,282.8453774131524,282.8453774131524,281.3,282.025,294.33943424334626,299.7141107037089,302.71413482086757,303.53602361703474,Down,160
2026-02-09 11:00:00,282.4351887065762,282.8,281.8,282.275,293.24266749395116,299.0302240094458,302.5107603450381,302.1757590095078,Down,95
2026-02-09 11:15:00,282.3550943532881,282.3550943532881,281.1,281.65000000000003,292.1887886308647,298.34864659731073,302.3031905903611,300.2528169501195,Down,123
2026-02-09 11:30:00,282.00254717664404,282.3,280.7,281.6,291.2261714826043,297.691836926828,302.0971886939396,298.9229725213413,Down,162
2026-02-09 11:45:00,281.80127358832203,282.2,280.6,281.5,290.34197407509475,297.0568629296975,301.89224154275615,297.82088411031026,Down,172
2026-02-09 12:00:00,281.650636794161,281.650636794161,280.5,280.95,289.48815825008614,296.42522124617994,301.6838610298929,296.4218082406939,Down,146
2026-02-09 12:15:00,281.3003183970805,281.3003183970805,280.3,280.925,288.70968931826013,295.81736943260427,301.4773051987497,295.11526574621803,Down,64
2026-02-09 12:30:00,281.11265919854026,281.3,280.2,280.875,287.99744483478196,295.2313941607374,301.27230713707064,294.16373322516165,Down,195
2026-02-09 12:45:00,280.99382959927016,281.4,280.1,280.75,287.33858621343813,294.6634963505124,301.0681050760053,293.41703020469237,Down,170
2026-02-09 13:00:00,280.8719147996351,281.0,280.3,280.75,286.7396238303983,294.11786904264915,300.86593487624407,292.4200274588112,Down,60
2026-02-09 13:15:00,280.81095739981754,281.5,280.3,281.0,286.2178398458166,293.6034428056825,300.6682638824506,292.0363885989193,Down,102
2026-02-09 13:30:00,280.9054786999088,281.5,280.7,281.175,285.7593998598333,293.11605289173417,300.47430105774964,291.5148987262903,Down,100
2026-02-09 13:45:00,281.0402393499544,282.0,281.0,281.4,285.36309078166664,292.6565998371564,300.28450701737404,291.3317261148093,Down,74
2026-02-09 14:00:00,281.2201196749772,282.7,281.2201196749772,282.075,285.06417343787876,292.2416351376601,300.10331789282304,291.3317261148093,Down,152
2026-02-09 14:15:00,281.6475598374886,283.5,281.6475598374886,282.8,284.8583394889807,291.87137493618326,299.9311455754815,291.3317261148093,Down,134
2026-02-09 14:30:00,282.2237799187443,283.3,282.1,282.725,284.6643995354369,291.5126935661368,299.7599401468697,291.3317261148093,Down,98
2026-02-09 14:45:00,282.47438995937216,282.8,282.0,282.35,284.45399957766995,291.1533722498177,299.5867069115775,290.763822086144,Down,59
2026-02-09 15:00:00,282.4121949796861,282.4121949796861,280.9,281.9,284.2218177978818,290.7904949066876,299.410719778129,289.8094611971326,Down,157
2026-02-09 15:15:00,282.15609748984303,283.3,282.15609748984303,282.725,284.0857434526198,290.4742009887783,299.24469271566005,289.8094611971326,Down,147
2026-02-09 15:30:00,282.4405487449216,283.3,282.1,282.675,283.9574940478362,290.1683499696105,299.0798201513251,289.8094611971326,Down,116
2026-02-09 15:45:00,282.5577743724608,282.5577743724608,279.7,281.05,283.6931764071238,289.8107676178611,298.9004189557896,289.15387870184986,Down,322
2026-02-09 16:00:00,281.80388718623044,281.80388718623044,279.6,280.5,283.4028876428398,289.4456394759842,298.71733020996083,288.79880394776217,Down,314
2026-02-09 16:15:00,281.1519435931152,281.3,279.9,280.825,283.16853422076343,289.1075751828083,298.5392970735433,288.4698730496791,Down,220
2026-02-09 16:30:00,280.98847179655763,281.2,280.3,280.67499999999995,282.9418492916031,288.7768859599531,298.36154287380657,288.2317027724355,Down,109
2026-02-09 16:45:00,280.8317358982788,281.2,279.9,280.67499999999995,282.7357720832755,288.45916494191573,298.1855573725747,287.8242752476686,Down,178
2026-02-09 17:00:00,280.7533679491394,281.9,280.7533679491394,281.4,282.6143382575232,288.1823349441936,298.01853690120583,287.8242752476686,Down,146
2026-02-09 17:15:00,281.0766839745697,283.0,281.0766839745697,282.17499999999995,282.57439841593015,287.94675318167623,297.8608897678605,287.8242752476686,Down,248
2026-02-09 17:30:00,281.62584198728484,283.0,281.2,282.15,282.5358167417547,287.7194295274929,297.7045625064888,287.8242752476686,Down,207
2026-02-09 17:45:00,281.8879209936424,282.0,280.9,281.575,282.44846976523155,287.4784715068069,297.5440693472203,287.8242752476686,Down,187
2026-02-09 18:00:00,281.7314604968212,282.4,280.3,281.45,282.35769978657413,287.24206085948117,297.3839293537156,287.8242752476686,Down,166
2026-02-09 18:15:00,281.59073024841064,282.2,280.5,281.475,282.277454351431,287.01590161008977,297.225631549201,287.8242752476686,Down,392
2026-02-09 18:30:00,281.53286512420533,283.5,281.53286512420533,282.7,282.31586759221,286.84665056655683,297.0810979019453,287.8242752476686,Down,410
2026-02-09 18:45:00,282.11643256210266,284.7,282.11643256210266,283.45000000000005,282.4189705383727,286.7134485835546,296.94546508700057,287.8242752476686,Down,487
2026-02-09 19:00:00,282.7832162810513,283.4,278.5,280.975,282.28770048942977,286.48841138419954,296.78655498663244,287.8242752476686,Down,737
2026-02-09 19:15:00,281.87910814052566,281.87910814052566,278.4,279.0,281.9888186267543,286.1947481926623,296.6095743399993,287.8242752476686,Down,544
2026-02-09 19:30:00,280.43955407026283,280.8,279.0,279.7,281.7807442061403,285.9400521851069,296.44131986895457,287.8242752476686,Down,330
2026-02-09 19:45:00,280.06977703513144,280.7,276.0,278.225,281.4574947328548,285.6375011190243,296.26006295483563,287.8242752476686,Down,805
2026-02-09 20:00:00,279.14738851756573,279.4,276.0,277.625,281.1090861207771,285.3232853888665,296.0746394428473,287.8227245990495,Down,595
2026-02-09 20:15:00,278.3861942587829,280.7,278.3,279.475,280.9605328370701,285.0939408638129,295.90946890112747,287.8227245990495,Down,383
2026-02-09 20:30:00,278.93059712939146,283.0,278.93059712939146,281.6,281.0186662155183,284.95692357503594,295.76708612599185,287.8227245990495,Down,469
2026-02-09 20:45:00,280.26529856469574,283.5,280.26529856469574,282.0,281.1078783777439,284.8409657877796,295.6301001943899,287.8227245990495,Down,534
2026-02-09 21:00:00,281.13264928234787,282.5,280.8,281.45,281.1389803434035,284.7079867372785,295.48900467006763,287.8227245990495,Down,189
2026-02-09 21:15:00,281.2913246411739,283.0,281.2913246411739,282.175,281.2331639485486,284.60865392405185,295.356527011659,287.8227245990495,Down,294
2026-02-09 21:30:00,281.733162320587,284.6,281.733162320587,283.325,281.4233308623169,284.5583145544812,295.23681032497586,287.8227245990495,Down,402
2026-02-09 21:45:00,282.52908116029346,284.4,282.4,283.42499999999995,281.60530078392446,284.5138708464624,295.1192798739811,287.8227245990495,Down,291
2026-02-09 22:00:00,282.9770405801467,282.9770405801467,281.0,281.875,281.6298188944768,284.4103857152286,294.98749599463804,287.8227245990495,Down,362
2026-02-09 22:15:00,282.4260202900733,282.4260202900733,280.4,281.15,281.5861989949789,284.28252745188627,294.8498094673282,287.8227245990495,Down,239
2026-02-09 22:30:00,281.78801014503665,282.0,280.5,281.3,281.56018090452625,284.165565591028,294.71498549252897,287.8227245990495,Down,164
2026-02-09 22:45:00,281.5440050725183,281.9,280.7,281.25,281.5319826404784,284.05122968549745,294.58100553737944,287.8227245990495,Down,138
2026-02-09 23:00:00,281.39700253625915,281.39700253625915,279.8,280.40000000000003,281.4290751277076,283.9080442076348,294.4399010046692,287.8227245990495,Down,264
2026-02-09 23:15:00,280.8985012681296,280.8985012681296,279.7,280.1,281.30825011609784,283.75870914066877,294.2972154225332,287.8227245990495,Down,187
2026-02-09 23:30:00,280.4992506340648,281.0,279.6,280.25,281.21204556008894,283.62111270377983,294.1574421347468,287.8227245990495,Down,181
2026-02-09 23:45:00,280.3746253170324,280.3746253170324,279.2,280.0,281.10185960008084,283.47910828402377,294.0165720637543,287.7376543801047,Down,212
2026-02-10 00:00:00,280.1873126585162,281.0,279.0,279.925,280.9948723637099,283.3397314885719,293.8763574163538,287.7376543801047,Down,338
2026-02-10 09:00:00,280.0561563292581,280.0561563292581,275.6,277.275,280.65670214882715,283.1018988811769,293.7111697803702,286.6801860212093,Down,115
2026-02-10 09:15:00,278.66557816462904,278.66557816462904,276.5,276.925,280.3174564989338,282.8596675525033,293.5441432153914,286.41764282997985,Down,342
2026-02-10 09:30:00,277.7952890823145,277.7952890823145,276.8,277.15,280.0295059081216,282.6357590210326,293.38101741225313,285.6912530689674,Down,157
2026-02-10 09:45:00,277.47264454115725,277.6,277.0,277.3,279.78136900738326,282.4265135692274,293.2210072887482,285.14873502528195,Down,118
2026-02-10 10:00:00,277.3863222705786,277.9,277.2,277.5,279.5739718248939,282.23331695866943,293.0645793555268,284.93975911389265,Down,131
2026-02-10 10:15:00,277.4431611352893,277.7,276.5,277.175,279.35588347717623,282.03495158774126,292.9064740883076,284.2543264671752,Down,189
2026-02-10 10:30:00,277.3090805676446,277.3090805676446,276.6,277.0,279.1417122519784,281.83750250586905,292.7482007142946,283.71632091494325,Down,73
2026-02-10 10:45:00,277.1545402838223,277.5,276.8,277.1,278.95610204725307,281.6517180938742,292.59249722460015,283.55161875556445,Down,104
2026-02-10 11:00:00,277.12727014191114,277.5,277.0,277.175,278.79418367932095,281.4761605215654,292.43908929201706,283.2514715959677,Down,27
2026-02-10 11:15:00,277.15113507095555,277.3,275.1,276.6,278.5947124357463,281.2849385403276,292.2814864134895,282.4558832690616,Down,360
2026-02-10 11:30:00,276.8755675354778,276.8755675354778,275.4,276.2,278.3770113052239,281.0855291858049,292.1214716233055,282.36152038887764,Down,136
2026-02-10 11:45:00,276.5377837677389,276.5377837677389,275.4,275.9,278.15182845929445,280.88217510008707,291.9600639454617,282.04057381862793,Down,127
2026-02-10 12:00:00,276.21889188386945,276.21889188386945,274.6,275.52500000000003,277.9130258720859,280.67208980204447,291.79653097088004,281.5178447494859,Down,258
2026-02-10 12:15:00,275.8719459419348,276.3,275.2,275.7,277.7118417018962,280.47710588823884,291.6363664836076,281.5178447494859,Down,133
2026-02-10 12:30:00,275.7859729709673,276.1,275.5,275.925,277.5494015471784,280.29859193183734,291.48003447879563,281.43008165913324,Down,35
2026-02-10 12:45:00,275.85548648548365,276.4,275.1,275.775,277.3880923156167,280.1211961698045,291.3237654790066,281.3409833264847,Down,132
2026-02-10 13:00:00,275.8152432427418,275.9,273.5,274.675,277.14144755965157,279.90761984942,291.1581061210066,280.65543938771333,Down,306
2026-02-10 13:15:00,275.2451216213709,275.2451216213709,273.7,274.3,276.8831341451378,279.6877131886584,290.99036377154385,280.4484590254688,Down,163
2026-02-10 13:30:00,274.7725608106855,275.3,274.4,274.775,276.6914855864889,279.4950577694953,290.8290168683444,280.4484590254688,Down,131
2026-02-10 13:45:00,274.77378040534273,276.0,274.7,275.32500000000005,276.56725962408086,279.3315260922602,290.6747480437838,280.4484590254688,Down,111
2026-02-10 14:00:00,275.04939020267136,276.8,275.04939020267136,276.20000000000005,276.53387238552807,279.20872114746567,290.53072070006453,280.4484590254688,Down,124
2026-02-10 14:15:00,275.6246951013357,276.6,275.5,276.175,276.50124762320735,279.0897516907023,290.38787770802406,280.4484590254688,Down,153
2026-02-10 14:30:00,275.89984755066786,276.4,275.8,276.075,276.4624978392794,278.97152613420417,290.2454610144119,280.4484590254688,Down,54
2026-02-10 14:45:00,275.9874237753339,276.3,275.2,275.775,276.39999803570856,278.84617216815695,290.10147632770133,280.4484590254688,Down,72
2026-02-10 15:00:00,275.8812118876669,275.9,275.1,275.45,276.3136345779169,278.7129889458763,289.95569049359483,280.4484590254688,Down,78
2026-02-10 15:15:00,275.6656059438335,275.9,275.0,275.3,276.2214859799244,278.57914624211645,289.8098627274894,280.44595789207835,Down,101
2026-02-10 15:30:00,275.4828029719167,275.9,274.8,275.44999999999993,276.1513508908404,278.4564346247786,289.6669785212457,280.29177990188947,Down,156
2026-02-10 15:45:00,275.4664014859584,276.4,275.4664014859584,276.05,276.1421371734913,278.36206463949316,289.53148619765125,280.29177990188947,Down,132
2026-02-10 16:00:00,275.7582007429792,277.5,275.7582007429792,276.775,276.19967015771937,278.29982681049347,289.40455598672935,280.29177990188947,Down,237
2026-02-10 16:15:00,276.2666003714896,278.0,276.0,277.25,276.2951546888358,278.2586571316506,289.28361513114,280.29177990188947,Down,364
2026-02-10 16:30:00,276.7583001857448,277.9,276.5,277.225,276.3796860807598,278.2181215578604,289.1636289109296,280.29177990188947,Down,226
2026-02-10 16:45:00,276.9916500928724,277.5,276.5,277.04999999999995,276.4406237097816,278.1723128693169,289.04309528992536,280.29177990188947,Down,125
2026-02-10 17:00:00,277.0208250464362,278.8,277.0208250464362,277.95,276.5778397361651,278.163594717579,288.9327162323142,280.29177990188947,Down,271
2026-02-10 17:15:00,277.4854125232181,278.9,277.4854125232181,278.25,276.72985430560465,278.1669831600269,288.82642054841057,280.29177990188947,Down,223
2026-02-10 17:30:00,277.86770626160904,278.9,277.86770626160904,278.275,276.8703220960042,278.1712191145357,288.7214312892224,280.29177990188947,Down,184
2026-02-10 17:45:00,278.0713531308045,279.9,278.0,278.775,277.0434746327311,278.19489679631863,288.622461823658,280.29177990188947,Down,332
2026-02-10 18:00:00,278.42317656540223,279.8,278.42317656540223,279.125,277.2327042115737,278.2313714317571,288.5279597159599,280.29177990188947,Down,221
2026-02-10 18:15:00,278.7740882827011,280.0,278.2,278.975,277.3910947377943,278.2605333363941,288.432905390428,280.29177990188947,Down,325
2026-02-10 18:30:00,278.8745441413505,278.9,276.6,277.825,277.43054067072205,278.24345359771195,288.3273540930108,280.29177990188947,Down,328
2026-02-10 18:45:00,278.3497720706753,278.4,277.0,277.6,277.44594606429274,278.21822012329187,288.2206142512893,280.29177990188947,Down,197
2026-02-10 19:00:00,277.97488603533765,278.0,276.1,277.375,277.4394964220843,278.18515266747653,288.112697691575,280.29177990188947,Down,402
2026-02-10 19:15:00,277.67494301766885,280.2,276.0,278.325,277.51999674734935,278.19063687659514,288.0153076647932,280.29177990188947,Down,1241
2026-02-10 19:30:00,277.9999715088344,280.2,277.9999715088344,279.4,277.69090613395394,278.23806288143453,287.9295832104172,280.29177990188947,Down,344
2026-02-10 19:45:00,278.6999857544172,280.0,277.3,279.075,277.816732849049,278.27088394490767,287.84147790484093,280.29177990188947,Down,558
2026-02-10 20:00:00,278.8874928772086,281.6,278.8874928772086,280.30000000000007,278.04248440822636,278.3504571235388,287.7664383236982,273.61061331956,Up,575
2026-02-10 20:15:00,279.59374643860434,280.5,278.8,279.85,278.2068040074785,278.4092627265373,287.68766779311414,273.61061331956,Up,340
2026-02-10 20:30:00,279.7218732193022,280.7,279.5,280.275,278.39482182498045,278.4824288941241,287.6139099046255,273.61061331956,Up,196
2026-02-10 20:45:00,279.9984366096511,280.8,279.1,279.925,278.5339289318004,278.5390003100408,287.5374033384103,273.61061331956,Up,318
2026-02-10 21:00:00,279.9617183048256,281.1,278.8,279.95,278.6626626652731,278.5943336312157,287.46190678777936,273.61061331956,Up,349
2026-02-10 21:15:00,279.9558591524128,281.4,279.8,280.525,278.83196605933915,278.6700460378347,287.39288283964225,273.61061331956,Up,367
2026-02-10 21:30:00,280.2404295762064,281.0,279.5,280.3,278.96542369030834,278.7339658010569,287.32230689098907,273.61061331956,Up,229
2026-02-10 21:45:00,280.2702147881032,281.4,280.1,280.55,279.10947608209847,278.80518282846646,287.25492075277026,273.61061331956,Up,395
2026-02-10 22:00:00,280.4101073940516,281.7,280.4,280.975,279.27906916554406,278.89027369793837,287.1924339791109,274.07180180481504,Up,199
2026-02-10 22:15:00,280.6925536970258,281.8,279.8,280.75,279.4127901504946,278.9632041411565,287.12833015842324,274.07180180481504,Up,257
2026-02-10 22:30:00,280.7212768485129,280.7212768485129,279.0,279.65,279.4343546822678,278.9901373120915,287.0539189130658,274.07180180481504,Up,305
2026-02-10 22:45:00,280.18563842425647,280.7,279.3,279.975,279.4835042566071,279.028759378284,286.98348190895564,274.07180180481504,Up,194
2026-02-10 23:00:00,280.08031921212824,280.9,279.8,280.42499999999995,279.5690947787337,279.08351391246896,286.9182233824984,274.07180180481504,Up,238
2026-02-10 23:15:00,280.25265960606407,280.7,279.3,279.92499999999995,279.6014497988488,279.116513366882,286.84863907023475,274.07180180481504,Up,145
2026-02-10 23:30:00,280.088829803032,280.088829803032,278.5,279.225,279.56722708986257,279.1207677446513,286.7727819650583,274.07180180481504,Up,318
2026-02-10 23:45:00,279.656914901516,281.0,278.5,279.95,279.6020246271478,279.15328665662577,286.70489358729657,274.07180180481504,Up,287
2026-02-11 00:00:00,279.803457450758,282.5,279.7,280.825,279.71320420649795,279.21884404264046,286.64638718344287,274.07180180481504,Up,478
2026-02-11 09:00:00,280.314228725379,280.314228725379,275.0,276.325,279.40518564227085,279.1053599625369,286.5436868134584,274.07180180481504,Up,62
2026-02-11 09:15:00,278.3196143626895,278.3196143626895,276.2,276.7,279.15925967479166,279.01103212086883,286.4457396809862,274.07180180481504,Up,440
2026-02-11 09:30:00,277.50980718134474,277.50980718134474,276.3,276.5,278.9175087952651,278.91256027299164,286.3467770970958,274.07180180481504,Up,136
2026-02-11 09:45:00,277.0049035906724,277.0049035906724,276.1,276.425,278.69091708660466,278.81500888973704,286.24805294687593,274.07180180481504,Up,134
2026-02-11 10:00:00,276.7149517953362,277.1,276.1,276.6,278.50083371509515,278.7281457960219,286.15205242004134,274.07180180481504,Up,160
2026-02-11 10:15:00,276.6574758976681,277.0,276.5,276.75,278.3416670137229,278.6505714510799,286.0584996596429,274.07180180481504,Up,50
2026-02-11 10:30:00,276.70373794883403,276.9,276.2,276.5,278.1742427397481,278.56623531574337,285.9633902102932,274.07180180481504,Up,116
2026-02-11 10:45:00,276.601868974417,276.601868974417,276.0,276.225,277.99703885431643,278.47442216610636,285.8664908052157,274.07180180481504,Up,124
2026-02-11 11:00:00,276.4134344872085,276.5,276.0,276.25,277.83821714028767,278.38718992429824,285.77080432954193,274.07180180481504,Up,103
2026-02-11 11:15:00,276.33171724360426,276.4,274.1,275.35,277.6120155820797,278.26808443707085,285.66711473422316,274.07180180481504,Up,523
2026-02-11 11:30:00,275.8408586218021,275.8408586218021,273.7,274.275,277.30865052916334,278.11149289051906,285.55376035875827,274.07180180481504,Up,351
2026-02-11 11:45:00,275.05792931090105,275.05792931090105,273.8,274.45,277.0487732083303,277.9679049340281,285.4432751810592,274.07180180481504,Up,120
2026-02-11 12:00:00,274.75396465545055,276.4,274.6,275.4,276.89888473484575,277.8672027797525,285.3433420946805,274.07180180481504,Up,231
2026-02-11 12:15:00,275.07698232772526,277.5,275.07698232772526,276.575,276.8694406680416,277.81652816093873,285.2560949096588,274.07180180481504,Up,447
2026-02-11 12:30:00,275.8259911638626,277.8,275.8259911638626,277.1,276.89040060731054,277.7884290173725,285.1749397364284,274.07180180481504,Up,226
2026-02-11 12:45:00,276.4629955819313,277.7,276.4629955819313,277.125,276.9117278248278,277.7624121931618,285.0948408335784,274.07180180481504,Up,152
2026-02-11 13:00:00,276.79399779096565,277.3,276.79399779096565,277.175,276.93566165893435,277.739376420881,285.01603644717466,274.07180180481504,Up,56
2026-02-11 13:15:00,276.98449889548283,277.5,276.98449889548283,277.175,276.9574196899403,277.717244012219,284.9380161840187,274.07180180481504,Up,106
2026-02-11 13:30:00,277.0797494477414,277.5,276.3,277.1,276.9703815363094,277.693038364681,284.86002597323244,274.07180180481504,Up,155
2026-02-11 13:45:00,277.0898747238707,277.4,276.1,276.825,276.95716503300855,277.65899764449745,284.78007546603607,274.07180180481504,Up,140
2026-02-11 14:00:00,276.9574373619354,276.9574373619354,276.1,276.35,276.901968211826,277.6076644035368,284.69619411811533,274.07180180481504,Up,47
2026-02-11 14:15:00,276.6537186809677,276.6537186809677,276.0,276.3,276.8472438289327,277.55638344653534,284.6126498980346,274.07180180481504,Up,111
2026-02-11 14:30:00,276.4768593404839,276.9,276.1,276.375,276.804312571757,277.5100546839261,284.5306832323825,274.07180180481504,Up,84
2026-02-11 14:45:00,276.42592967024194,277.2,275.9,276.6,276.78573870159727,277.4743662649486,284.4517709614135,274.07180180481504,Up,119
2026-02-11 15:00:00,276.512964835121,277.3,276.3,276.75,276.7824897287248,277.4459597447546,284.375136424484,274.07180180481504,Up,111
2026-02-11 15:15:00,276.6314824175605,276.6314824175605,276.0,276.275,276.7363542988407,277.4000397547642,284.2945380521011,274.07180180481504,Up,94
2026-02-11 15:30:00,276.45324120878024,276.8,275.5,276.2,276.6875948171279,277.3529793722244,284.213995384916,274.07180180481504,Up,209
2026-02-11 15:45:00,276.3266206043901,276.3266206043901,275.1,275.7,276.59781347011625,277.28815665174506,284.1292790129268,274.07180180481504,Up,154
2026-02-11 16:00:00,276.013310302195,277.3,275.3,276.27500000000003,276.56846679101477,277.24842501834326,284.05112698294744,274.07180180481504,Up,209
2026-02-11 16:15:00,276.1441551510975,278.4,276.1441551510975,277.5,276.65315162819525,277.2582907038984,283.9859416398335,274.07180180481504,Up,292
2026-02-11 16:30:00,276.82207757554875,278.3,276.82207757554875,277.65000000000003,276.7437742074502,277.2736518527651,283.9228974444123,274.07180180481504,Up,172
2026-02-11 16:45:00,277.2360387877744,277.7,276.8,277.275,276.79206746131837,277.27370472128416,283.85674921113457,274.07180180481504,Up,152
2026-02-11 17:00:00,277.2555193938872,277.4,276.7,277.15,276.8246067830167,277.26885355574365,283.7900153881382,274.07180180481504,Up,178
2026-02-11 17:15:00,277.2027596969436,278.8,277.0,277.55,276.89055162092427,277.2798789064988,283.7279256827836,274.07180180481504,Up,321
2026-02-11 17:30:00,277.3763798484718,278.4,276.8,277.45000000000005,276.9414105644766,277.28655032193024,283.6654587605669,274.07180180481504,Up,184
2026-02-11 17:45:00,277.4131899242359,279.5,277.4131899242359,278.20000000000005,277.0558277858878,277.322371877933,283.6110760863324,274.07180180481504,Up,348
2026-02-11 18:00:00,277.806594962118,278.7,276.8,277.6,277.10529798717073,277.33325925526896,283.5512643839808,274.07180180481504,Up,385
2026-02-11 18:15:00,277.70329748105894,277.70329748105894,274.0,275.475,276.9570890792461,277.2603863432976,283.47090354433925,274.07180180481504,Up,933
2026-02-11 18:30:00,276.5891487405295,276.5891487405295,272.2,273.67499999999995,276.6587173447692,277.11978295728596,283.3734318672811,280.5495742310266,Down,892
2026-02-11 18:45:00,275.1320743702647,275.1320743702647,272.8,273.65,276.3851975861538,276.9837130373924,283.2766813014375,280.5495742310266,Down,426
2026-02-11 19:00:00,274.39103718513235,274.8,273.5,274.07500000000005,276.1751796237762,276.8696458594555,283.1851222835128,280.5495742310266,Down,287
2026-02-11 19:15:00,274.23301859256617,274.9,272.1,273.475,275.92970874888744,276.73652249241803,283.08850415133855,280.5495742310266,Down,475
2026-02-11 19:30:00,273.8540092962831,274.8,272.5,273.675,275.7247352262613,276.61646278683304,282.99483744336504,280.5495742310266,Down,338
2026-02-11 19:45:00,273.76450464814155,274.9,273.76450464814155,274.5,275.61339566023753,276.5334642461729,282.9103116976599,280.5495742310266,Down,257
2026-02-11 20:00:00,274.1322523240708,275.7,274.1322523240708,274.9,275.54854150930686,276.46940682475434,282.83060710365334,280.5495742310266,Down,344
2026-02-11 20:15:00,274.5161261620354,277.3,274.5161261620354,276.1,275.5986740993699,276.45492028260713,282.7636358886916,280.5495742310266,Down,541
2026-02-11 20:30:00,275.3080630810177,277.6,275.3080630810177,276.92499999999995,275.71924918124535,276.47335478132845,282.70554000920214,280.5495742310266,Down,274
2026-02-11 20:45:00,276.11653154050884,280.2,276.11653154050884,278.15,275.9402265284049,276.5391055742175,282.66021125289166,280.5495742310266,Down,779
2026-02-11 21:00:00,277.1332657702544,280.0,277.1332657702544,279.25,276.24111502582264,276.6454151595423,282.62627880261414,280.5495742310266,Down,355
2026-02-11 21:15:00,278.1916328851272,281.0,278.1,279.2,276.51010456892965,276.74559495720735,282.59218647622,280.5495742310266,Down,658
2026-02-11 21:30:00,278.6958164425636,279.9,278.6958164425636,279.075,276.74327688084514,276.8369441745718,282.5571895958596,280.5495742310266,Down,206
2026-02-11 21:45:00,278.8854082212817,280.6,278.8,279.725,277.01434261895014,276.9502012657651,282.5290086048561,280.5495742310266,Down,226
2026-02-11 22:00:00,279.3052041106409,281.1,279.3052041106409,280.425,277.3244023808638,277.0864678827939,282.50807319585255,280.5495742310266,Down,379
2026-02-11 22:15:00,279.86510205532045,281.8,279.86510205532045,280.975,277.65627489169435,277.2389593383706,282.4928187361923,272.3371291856239,Up,408
2026-02-11 22:30:00,280.42005102766024,281.7,280.42005102766024,281.25,277.9829771742676,277.3962550505913,282.4804523806083,272.8714787584008,Up,256
2026-02-11 22:45:00,280.83502551383015,282.5,280.83502551383015,281.85,278.33452470387965,277.570911715274,282.4741792225923,273.6179340751903,Up,405
2026-02-11 23:00:00,281.3425127569151,282.6,280.3,281.54999999999995,278.6268406398906,277.72695439310644,282.4649834094322,273.6179340751903,Up,326
2026-02-11 23:15:00,281.4462563784575,281.4462563784575,279.9,280.675,278.81303694535507,277.8425640247493,282.4471726292389,273.6179340751903,Up,238
2026-02-11 23:30:00,281.06062818922874,281.06062818922874,279.5,280.42499999999995,278.95957904123185,277.9438360237788,282.42705150854994,273.6179340751903,Up,243
2026-02-11 23:45:00,280.74281409461435,282.0,279.4,280.95,279.14052640111987,278.06172480716,282.41235447861413,273.6179340751903,Up,279
2026-02-12 00:00:00,280.84640704730714,282.0,280.7,281.35,279.3413876373817,278.1906767755067,282.4017837872846,273.6179340751903,Up,300
2026-02-12 09:00:00,281.0982035236536,285.5,281.0982035236536,284.15,279.7785342158015,278.4243757254868,282.4191789734808,274.5880556152026,Up,75
2026-02-12 09:15:00,282.62410176182675,283.4,282.3,282.975,280.069122014365,278.6028315793893,282.42470953095864,274.5880556152026,Up,388
2026-02-12 09:30:00,282.7995508809134,283.4,282.6,282.975,280.33329274033184,278.77428916451134,282.43018505801376,274.89830896973206,Up,191
2026-02-12 09:45:00,282.8872754404567,283.2,282.6,282.85,280.56208430939256,278.93412096198153,282.4343623211181,275.31664451793824,Up,108
2026-02-12 10:00:00,282.8686377202283,283.4,282.8,283.1,280.7928039176296,279.09748876739405,282.44098558160454,275.9878586526712,Up,106
2026-02-12 10:15:00,282.9843188601142,283.7,282.8,283.29999999999995,281.02073083420873,279.2622931294571,282.44953298875276,276.45714422970104,Up,112
2026-02-12 10:30:00,283.14215943005706,283.9,283.14215943005706,283.525,281.24839166746244,279.4294581047725,282.46023415304376,277.0701778984139,Up,91
2026-02-12 10:45:00,283.3335797150285,283.6,282.6,283.125,281.41899242496584,279.57438131635007,282.4668487385856,277.0701778984139,Up,135
2026-02-12 11:00:00,283.22928985751423,283.4,282.8,282.95,281.5581749317871,279.7067585196305,282.4716562138236,277.21991585403754,Up,55
2026-02-12 11:15:00,283.08964492875714,283.4,281.4,282.35,281.63015902889737,279.81041504827243,282.4704457042333,277.21991585403754,Up,330
2026-02-12 11:30:00,282.7198224643786,283.1,281.7,282.15000000000003,281.67741729899757,279.90216347775197,282.46725718976336,277.21991585403754,Up,192
2026-02-12 11:45:00,282.4349112321893,282.4349112321893,280.7,281.42499999999995,281.65447027181597,279.96188255705584,282.45688647145727,277.21991585403754,Up,254
2026-02-12 12:00:00,281.9299556160946,281.9299556160946,279.9,280.45,281.54497297437814,279.98102441756345,282.4369174518408,277.21991585403754,Up,337
2026-02-12 12:15:00,281.1899778080473,281.1899778080473,279.5,280.05,281.40906634034377,279.9837293423649,282.4131670294345,277.21991585403754,Up,185
2026-02-12 12:30:00,280.61998890402367,280.61998890402367,279.5,280.075,281.2877875821307,279.9873085838408,282.38990168585804,277.21991585403754,Up,234
2026-02-12 12:45:00,280.3474944520118,280.7,279.3,280.15,281.18435234739155,279.99368863937644,282.3676141068943,277.21991585403754,Up,152
2026-02-12 13:00:00,280.2487472260059,281.2,280.2487472260059,280.825,281.1516839521741,280.02628908489106,282.35226471279583,277.21991585403754,Up,144
2026-02-12 13:15:00,280.53687361300297,281.7,280.2,280.9,281.12880359288556,280.0605522580326,282.3378143176436,277.21991585403754,Up,218
2026-02-12 13:30:00,280.7184368065015,280.8,280.2,280.575,281.07845781171415,280.0807266792862,282.32027387667205,277.21991585403754,Up,38
2026-02-12 13:45:00,280.6467184032507,281.1,279.7,280.40000000000003,281.01677982883103,280.09324720166717,282.3011666739191,277.21991585403754,Up,110
2026-02-12 14:00:00,280.52335920162534,280.52335920162534,279.7,280.075,280.93116348075546,280.09253162513124,282.2790157617408,277.21991585403754,Up,94
2026-02-12 14:15:00,280.29917960081264,281.0,279.8,280.375,280.88060316432313,280.1036088163026,282.2600703312757,277.21991585403754,Up,125
2026-02-12 14:30:00,280.3370898004063,281.0,280.3370898004063,280.725,280.8664574221119,280.12797709801623,282.2447959996212,277.21991585403754,Up,56
2026-02-12 14:45:00,280.53104490020314,281.0,280.4,280.825,280.86268856555625,280.1553113294666,282.2306686762419,277.21991585403754,Up,48
2026-02-12 15:00:00,280.6780224501016,281.7,280.6,281.15000000000003,280.8888077868693,280.19431872831103,282.21991575409027,277.21991585403754,Up,98
2026-02-12 15:15:00,280.9140112250508,281.6,280.5,281.15000000000003,280.91255253351756,280.23179642524,282.2092698261889,277.21991585403754,Up,93
2026-02-12 15:30:00,281.0320056125254,282.0,281.0320056125254,281.6,280.97504775774325,280.2854514673875,282.20320743985866,277.21991585403754,Up,126
2026-02-12 15:45:00,281.31600280626265,282.8,281.31600280626265,282.3,281.0954979615848,280.3644533706272,282.20417054990986,277.23005251427645,Up,248
2026-02-12 16:00:00,281.80800140313136,283.0,281.80800140313136,282.725,281.2436345105316,280.457023826681,282.20935293249784,277.58150222192717,Up,124
2026-02-12 16:15:00,282.2665007015657,283.6,282.2665007015657,283.075,281.4101222823014,280.55968955896805,282.2179663361546,278.0642519880445,Up,245
2026-02-12 16:30:00,282.67075035078284,285.9,282.67075035078284,284.42499999999995,281.68420207481944,280.71127036057715,282.23992687012316,278.68474042773215,Up,708
2026-02-12 16:45:00,283.54787517539137,285.7,283.54787517539137,285.25,282.0083655225631,280.8892597582016,282.2698778465398,278.7498606081477,Up,279
2026-02-12 17:00:00,284.3989375876957,287.8,284.3989375876957,286.35,282.4030595659665,281.1034064343506,282.31047607692255,279.5226488443299,Up,656
2026-02-12 17:15:00,285.3744687938479,289.2,285.3744687938479,287.65,282.8800541508786,281.3601355937878,282.36360566819695,279.91720491330693,Up,784
2026-02-12 17:30:00,286.512234396924,287.6,284.3,286.02500000000003,283.16595831898053,281.543071452855,282.40003745259304,279.91720491330693,Up,700
2026-02-12 17:45:00,286.268617198462,286.268617198462,284.1,284.79999999999995,283.31450756270954,281.67079414097833,282.4239176769454,279.91720491330693,Up,484
2026-02-12 18:00:00,285.53430859923094,286.2,284.5,285.25,283.49046142064503,281.81115515505763,282.4520378990653,279.91720491330693,Up,373
2026-02-12 18:15:00,285.39215429961547,287.8,285.39215429961547,286.625,283.77541947331366,281.99993338427106,282.4935599100199,279.91720491330693,Up,401
2026-02-12 18:30:00,286.0085771498077,287.9,286.0085771498077,287.275,284.09356315755787,282.2067987417506,282.5411364283282,279.91720491330693,Up,400
2026-02-12 18:45:00,286.64178857490384,288.2,286.3,287.04999999999995,284.3623301432344,282.3967282028584,282.5860007424742,279.91720491330693,Up,445
2026-02-12 19:00:00,286.84589428745187,287.6,285.4,286.65,284.57030013021307,282.56352317529536,282.6264385460317,279.91720491330693,Up,300
2026-02-12 19:15:00,286.7479471437259,287.9,285.8,286.75,284.76845466383,282.7276987370485,282.6674690082603,279.91720491330693,Up,337
2026-02-12 19:30:00,286.74897357186296,287.9,285.3,286.17499999999995,284.8963224216636,282.86288702187016,282.7023698141483,279.91720491330693,Up,433
2026-02-12 19:45:00,286.46198678593146,288.2,284.0,286.35,285.02847492878516,282.9996365504243,282.7386646418683,279.91720491330693,Up,753
2026-02-12 20:00:00,286.4059933929657,289.0,286.3,288.025,285.3008862988956,283.1967096268783,282.7912649936905,279.91720491330693,Up,684
2026-02-12 20:15:00,287.21549669648283,290.0,287.21549669648283,289.15,285.65080572626874,283.4301719944517,282.8545359887782,279.91720491330693,Up,13896
2026-02-12 20:30:00,288.1827483482414,289.8,288.1827483482414,289.05,285.959823387517,283.65055740643396,282.91618239685005,279.91720491330693,Up,434
2026-02-12 20:45:00,288.61637417412066,289.0,287.2,288.3,286.1725667159245,283.8328884885346,282.9697527212595,279.91720491330693,Up,491
2026-02-12 21:00:00,288.4581870870603,288.9,283.7,286.17499999999995,286.17278792356774,283.92473599878815,283.0016457290082,279.91720491330693,Up,1170
2026-02-12 21:15:00,287.31659354353013,287.31659354353013,283.2,284.25,285.99798902142516,283.93749144981604,283.0140671645405,279.91720491330693,Up,1020
2026-02-12 21:30:00,285.7832967717651,285.7832967717651,280.4,283.125,285.7368082012956,283.90562904001933,283.01517097384857,279.91720491330693,Up,1354
2026-02-12 21:45:00,284.45414838588255,284.6,281.8,283.25,285.51073472845053,283.8799180972735,283.01750758107397,279.91720491330693,Up,795
2026-02-12 22:00:00,283.85207419294125,284.7,281.7,283.4,285.3188497531368,283.86109777973337,283.02131347578967,279.91720491330693,Up,622
2026-02-12 22:15:00,283.6260370964706,285.9,281.5,283.95,285.194408866488,283.86458414131243,283.0305541377221,279.91720491330693,Up,612
2026-02-12 22:30:00,283.7880185482353,285.4,282.1,283.975,285.0835535149891,283.86891417498646,283.0399516089886,279.91720491330693,Up,510
2026-02-12 22:45:00,283.88150927411766,284.4,282.4,283.4,284.9305031954446,283.8505253838105,283.0435341800434,279.91720491330693,Up,288
2026-02-12 23:00:00,283.6407546370588,287.2,283.4,285.04999999999995,284.9413665413133,283.8975636040533,283.0634990140729,279.91720491330693,Up,1005
2026-02-12 23:15:00,284.34537731852936,286.7,284.34537731852936,286.075,285.04442412846663,283.98295326663947,283.09346419801244,279.91720491330693,Up,364
2026-02-12 23:30:00,285.21018865926465,287.3,284.6,285.825,285.1153855713333,284.0551903934379,283.12064365872874,279.91720491330693,Up,412
2026-02-12 23:45:00,285.5175943296323,285.9,283.6,284.52500000000003,285.06171415575756,284.0736142995776,283.1346173536668,279.91720491330693,Up,317
2026-02-13 00:00:00,285.02129716481613,285.02129716481613,282.6,283.52500000000003,284.92201286887047,284.0521000133197,283.13850175810796,279.91720491330693,Up,490
2026-02-13 09:00:00,284.2731485824081,284.2731485824081,278.5,279.975,284.47228442624584,283.8922137382876,283.107024128674,279.91720491330693,Up,124
2026-02-13 09:15:00,282.12407429120407,282.12407429120407,279.0,279.45,284.0157131147689,283.71800927796255,283.0706358288862,293.04047742389463,Down,508
2026-02-13 09:30:00,280.787037145602,280.787037145602,278.6,279.15000000000003,283.5733755588808,283.5388716592189,283.0316245271063,291.83284142419507,Down,285
2026-02-13 09:45:00,279.96851857280103,279.96851857280103,279.0,279.29999999999995,283.1848868717098,283.37264139807303,282.9944939347968,290.87219590505,Down,135
2026-02-13 10:00:00,279.6342592864005,279.6342592864005,279.0,279.225,282.8248971560998,283.209988794227,282.9569865324606,289.9004390370272,Down,177
2026-02-13 10:15:00,279.42962964320026,279.7,278.7,279.25,282.49990650554525,283.054695116022,282.92010109432664,289.18482672166084,Down,248
2026-02-13 10:30:00,279.33981482160016,279.5,276.1,278.025,282.09309682322294,282.85745217029563,282.8713936207513,288.1134788378735,Down,454
2026-02-13 10:45:00,278.68240741080007,278.68240741080007,275.4,276.35,281.57099711202085,282.60225796753895,282.8065041319876,287.6106962528487,Down,525
2026-02-13 11:00:00,277.5162037054,277.5162037054,275.8,276.3,281.0918155563826,282.3551105962629,282.741762797341,286.8908055159807,Down,308
2026-02-13 11:15:00,276.90810185270004,276.90810185270004,275.3,275.85,280.6152868694387,282.10000821993884,282.67318804313857,285.99127311213243,Down,314
2026-02-13 11:30:00,276.37905092635003,276.37905092635003,275.4,275.675,280.1661698813079,281.84804711327456,282.6035543312666,285.23392778710445,Down,151
2026-02-13 11:45:00,276.02702546317505,276.2,275.1,275.725,279.76242716482534,281.6079276186363,282.53511100458735,284.5449112035722,Down,238
2026-02-13 12:00:00,275.87601273158754,277.2,275.87601273158754,276.525,279.46811560438664,281.4085971237879,282.47530890503924,284.5449112035722,Down,168
2026-02-13 12:15:00,276.2005063657938,277.0,276.2005063657938,276.7,279.21646873126053,281.2239462561884,282.4178431447901,284.5449112035722,Down,68
2026-02-13 12:30:00,276.45025318289686,276.6,276.0,276.4,278.96042611932774,281.0347718932006,282.35796410852356,283.944995043293,Down,70
2026-02-13 12:45:00,276.4251265914484,276.6,276.1,276.425,278.7299328357525,280.85399652483983,282.29892963978205,283.4818136757209,Down,60
2026-02-13 13:00:00,276.4250632957242,276.9,276.3,276.57500000000005,278.5340298506841,280.68619273955204,282.2419751160032,283.30164879610993,Down,83
2026-02-13 13:15:00,276.5000316478621,277.4,276.5000316478621,276.925,278.3877544097128,280.5386949850598,282.1890698909683,283.30164879610993,Down,106
2026-02-13 13:30:00,276.7125158239311,277.3,276.7,276.975,278.259322190648,280.3989422405477,282.1371885985209,283.0542447412934,Down,56
2026-02-13 13:45:00,276.84375791196555,277.7,276.6,277.175,278.1607474460436,280.2725131330752,282.08781358759035,283.0538588557213,Down,187
2026-02-13 14:00:00,277.0093789559828,278.1,276.9,277.4,278.09158858731234,280.15986555922916,282.041168676271,283.0538588557213,Down,80
2026-02-13 14:15:00,277.2046894779914,277.6,276.6,277.15,278.0059896248294,280.04183161573,281.9925003312335,282.7395527733234,Down,105
2026-02-13 14:30:00,277.17734473899566,277.3,276.8,277.0,277.9145360225722,279.9225441013877,281.9428237110222,282.3586843393849,Down,59
2026-02-13 14:45:00,277.08867236949783,277.3,276.7,277.0,277.8313963841565,279.8079345287843,281.89364138553935,282.04425849034993,Down,65
2026-02-13 15:00:00,277.0443361847489,277.5,277.0443361847489,277.25,277.77854216741497,279.70762337079276,281.84743599861855,282.03967581087437,Down,63
2026-02-13 15:15:00,277.14716809237444,277.7,277.14716809237444,277.35,277.73958378855906,279.6151675523303,281.8026853916671,281.95871175668736,Down,100
2026-02-13 15:30:00,277.24858404618726,277.4,276.7,277.1,277.681439807781,279.5165335306703,281.7558925021978,281.4273888277273,Down,150
2026-02-13 15:45:00,277.17429202309364,278.0,277.0,277.475,277.66267255252814,279.43647339221263,281.7132965569023,281.4273888277273,Down,145
2026-02-13 16:00:00,277.32464601154686,277.8,277.3,277.57500000000005,277.6547023204801,279.3634744356553,281.67211947673417,281.4273888277273,Down,111
2026-02-13 16:15:00,277.44982300577345,278.2,277.4,277.725,277.6610930186183,279.29922053621783,281.6328446560701,281.4273888277273,Down,148
2026-02-13 16:30:00,277.5874115028867,278.2,277.5874115028867,277.975,277.6896300169257,279.24729031911124,281.59644819183063,281.4273888277273,Down,462
2026-02-13 16:45:00,277.7812057514434,279.2,277.7812057514434,278.35,277.74966365175067,279.21210246345987,281.5641452247478,281.4273888277273,Down,707
2026-02-13 17:00:00,278.06560287572165,278.5,276.0,277.29999999999995,277.70878513795515,279.1371180531281,281.52171591902896,281.4273888277273,Down,431
2026-02-13 17:15:00,277.6828014378608,277.6828014378608,275.5,276.725,277.6193501254138,279.0425251882996,281.47398740242176,281.4273888277273,Down,289
2026-02-13 17:30:00,277.2039007189304,278.5,276.9,277.75,277.63122738673985,278.9918379260133,281.43693280140263,281.4273888277273,Down,270
2026-02-13 17:45:00,277.4769503594652,278.2,276.5,277.425,277.6124794424908,278.93039330146377,281.39701307203546,281.4273888277273,Down,178
2026-02-13 18:00:00,277.4509751797326,277.7,276.5,277.0,277.5567994931734,278.85469160336714,281.3532616981844,281.4273888277273,Down,183
2026-02-13 18:15:00,277.2254875898663,278.2,276.0,276.85,277.492544993794,278.7760762463724,281.3084531240731,281.4273888277273,Down,331
2026-02-13 18:30:00,277.03774379493314,277.03774379493314,274.4,275.42499999999995,277.30458635799454,278.6446614916127,281.24991130194303,281.4273888277273,Down,693
2026-02-13 18:45:00,276.23137189746654,276.5,274.9,275.6,277.1496239618132,278.52526300174554,281.19369327903814,281.4273888277273,Down,259
2026-02-13 19:00:00,275.9156859487333,278.0,275.9156859487333,276.70000000000005,277.1087490561938,278.4536840605007,281.1489799130776,281.4273888277273,Down,418
2026-02-13 19:15:00,276.3078429743667,277.4,275.3,276.225,277.0284082329035,278.36628468557905,281.0999850880719,281.4273888277273,Down,257
2026-02-13 19:30:00,276.2664214871834,276.2664214871834,274.0,275.375,276.8780983935486,278.2489794037917,281.0430200623199,281.4273888277273,Down,566
2026-02-13 19:45:00,275.8207107435917,277.0,275.5,276.3,276.8255439941351,278.1725488389371,280.9958258328441,281.4273888277273,Down,393
2026-02-13 20:00:00,276.0603553717958,277.6,275.9,276.85,276.82776726739553,278.1206841785866,280.95457383450736,281.4273888277273,Down,335
2026-02-13 20:15:00,276.45517768589787,279.5,276.45517768589787,277.90000000000003,276.9252429703596,278.1120298970734,280.92418006500975,281.4273888277273,Down,727
2026-02-13 20:30:00,277.1775888429489,279.0,277.1775888429489,277.975,277.0206754275996,278.10665617561955,280.894834989736,281.4273888277273,Down,306
2026-02-13 20:45:00,277.5762944214745,278.3,276.7,277.5,277.0642503887269,278.08286573735995,280.86105553710183,281.4273888277273,Down,287
2026-02-13 21:00:00,277.53814721073724,278.3,276.7,277.35,277.09022762611534,278.0541259045223,280.8261196611108,281.4273888277273,Down,227
2026-02-13 21:15:00,277.44407360536866,279.8,277.0,278.475,277.2161160237412,278.0706307710117,280.8027254356271,281.4273888277273,Down,441
2026-02-13 21:30:00,277.95953680268434,281.0,277.95953680268434,279.92499999999995,277.4623782034011,278.1433511329328,280.793991849203,281.4273888277273,Down,578
2026-02-13 21:45:00,278.9422684013422,281.4,278.9422684013422,280.125,277.7044347303646,278.22106285321,280.78733521388756,281.4273888277273,Down,444
2026-02-13 22:00:00,279.5336342006711,281.8,279.5,280.65,277.97221339124053,278.31631529033905,280.7859686943464,281.4273888277273,Down,503
2026-02-13 22:15:00,280.0918171003356,282.0,279.9,281.075,278.25428490112773,278.42449900444336,280.788844627736,281.4273888277273,Down,380
2026-02-13 22:30:00,280.58340855016775,281.0,280.2,280.57500000000005,278.46525900102523,278.50883237681813,280.78671682049486,281.4273888277273,Down,172
2026-02-13 22:45:00,280.5792042750839,280.9,279.1,280.325,278.6343263645684,278.58005463655076,280.782122623276,281.4273888277273,Down,282
2026-02-13 23:00:00,280.45210213754194,281.9,280.3,281.025,278.8516603314258,278.6759348468821,280.78453931359167,281.4273888277273,Down,401
2026-02-13 23:15:00,280.73855106877096,282.0,280.73855106877096,281.4,279.0833275740235,278.78276093131814,280.79066330052115,281.4273888277273,Down,257
2026-02-13 23:30:00,281.0692755343855,281.6,280.0,280.9,279.2484796127486,278.8657899144037,280.79175122787916,281.4273888277273,Down,326
2026-02-13 23:45:00,280.98463776719274,282.0,279.0,280.775,279.3872541934078,278.9406608981526,280.7915845489948,281.4273888277273,Down,607
2026-02-14 00:00:00,280.8798188835964,283.9,280.8798188835964,282.7,279.68841290309797,279.08808596097015,280.8105737574626,274.42876308129934,Up,532
2026-02-16 09:00:00,281.78990944179816,281.78990944179816,264.7,270.175,278.8235571846345,278.73855317818703,280.7047471529107,287.19938850597225,Down,259
2026-02-16 09:15:00,275.9824547208991,275.9824547208991,267.2,267.675,277.8100519860314,278.3046883476699,280.57509792750864,287.19938850597225,Down,1113
2026-02-16 09:30:00,271.82872736044953,271.82872736044953,267.3,267.625,276.88413816911947,277.88587703991817,280.4462412317125,285.64705435132447,Down,2172
2026-02-16 09:45:00,269.7268636802248,269.7268636802248,267.6,267.8,276.05830742647225,277.4903524501175,280.3204079856258,284.0574646975575,Down,387
2026-02-16 10:00:00,268.7634318401124,268.7634318401124,267.5,267.725,275.30073402406566,277.10739745207366,280.1950805429828,282.58572100504716,Down,163
2026-02-16 10:15:00,268.2442159200562,268.2442159200562,267.5,267.775,274.61657638551424,276.7414210814041,280.07149765200785,281.28273655367667,Down,177
2026-02-16 10:30:00,268.0096079600281,268.0096079600281,266.0,267.225,273.94461489592203,276.36822809781967,279.9436718047242,279.9270510506139,Down,377
2026-02-16 10:45:00,267.61730398001407,267.8,267.0,267.425,273.3519226326564,276.01751327045423,279.81910790616973,279.438406427818,Down,103
2026-02-16 11:00:00,267.52115199000707,268.1,267.52115199000707,267.875,272.85402057514216,275.69819902455407,279.70026106133224,279.00003638392906,Down,101
2026-02-16 11:15:00,267.69807599500353,268.8,267.69807599500353,268.35,272.44456415922014,275.4100343569245,279.587323140324,278.8219743528873,Down,242
2026-02-16 11:30:00,268.0240379975017,268.5,266.2,267.375,271.9836946902001,275.09493497037846,279.4658074871864,277.7981239594414,Down,428
2026-02-16 11:45:00,267.6995189987509,267.6995189987509,266.2,266.7,271.5033588092728,274.76572183428516,279.3387845271149,276.9933336438679,Down,287
2026-02-16 12:00:00,267.19975949937543,267.2,265.5,266.325,271.0325989175207,274.4347131349014,279.20929413381026,276.09870376772045,Down,424
2026-02-16 12:15:00,266.76237974968774,266.76237974968774,265.2,265.55,270.53418083410975,274.08629301196413,279.0733807593445,275.41178593629434,Down,301
2026-02-16 12:30:00,266.1561898748439,266.1561898748439,264.7,265.1,270.0401643946452,273.7338893644361,278.9343421448237,274.5308876750475,Down,440
2026-02-16 12:45:00,265.628094937422,265.628094937422,263.7,264.375,269.5251494496775,273.36687409524257,278.78947306875585,273.64043902561497,Down,602
2026-02-16 13:00:00,265.001547468711,265.001547468711,263.8,264.025,269.02513586334317,273.0005260915076,278.64256288896723,272.99805604743585,Down,207
2026-02-16 13:15:00,264.5132737343555,264.8,263.8,264.125,268.5796689666756,272.6524662447818,278.498109526888,272.47934755734576,Down,171
2026-02-16 13:30:00,264.31913686717775,264.8,264.2,264.52500000000003,268.2110626969778,272.3337420783198,278.35907361119763,272.1812250521325,Down,93
2026-02-16 13:45:00,264.4220684335889,265.3,264.4,264.925,267.91232972452525,272.0432031732876,278.2254012369569,272.1602045928478,Down,166
2026-02-16 14:00:00,264.67353421679445,266.1,264.67353421679445,265.57500000000005,267.69984520411384,271.7895481468842,278.0995265977832,272.1602045928478,Down,287
2026-02-16 14:15:00,265.12426710839725,265.9,264.5,265.25,267.4771320037398,271.53309527837894,277.97167061173565,272.1602045928478,Down,185
2026-02-16 14:30:00,265.1871335541986,265.4,264.7,265.07500000000005,267.2587563670362,271.2798366400111,277.8433455310219,271.68831022248673,Down,187
2026-02-16 14:45:00,265.13106677709936,265.5,265.0,265.325,267.08296033366923,271.04631363452046,277.718784878972,271.4666456568062,Down,123
2026-02-16 15:00:00,265.22803338854965,265.7,265.22803338854965,265.44999999999993,266.93450939424474,270.82685035473537,277.59670741748965,271.2871369682624,Down,72
2026-02-16 15:15:00,265.3390166942748,265.4,264.8,265.15,266.7722812674952,270.60422877219673,277.4728595824898,270.6301093399887,Down,108
2026-02-16 15:30:00,265.2445083471374,265.5,265.0,265.225,266.63161933408657,270.39327862426745,277.3509903329128,270.4591903090806,Down,256
2026-02-16 15:45:00,265.2347541735687,266.7,265.2347541735687,266.0,266.57419939462415,270.2209931880217,277.23804515547084,270.4591903090806,Down,398
2026-02-16 16:00:00,265.6173770867844,266.6,265.6173770867844,266.425,266.5606358132947,270.07213071006004,277.1304526663617,270.4591903090806,Down,139
2026-02-16 16:15:00,266.0211885433922,266.5,265.9,266.29999999999995,266.5369416484497,269.9242040155479,277.02268696818896,270.4591903090806,Down,104
2026-02-16 16:30:00,266.1605942716961,266.9,266.1,266.55,266.53812877131793,269.791882289448,276.9184811277095,270.4591903090806,Down,221
2026-02-16 16:45:00,266.35529713584805,266.8,265.8,266.4,266.525571610289,269.65886729770494,276.8138196239512,270.4591903090806,Down,190
2026-02-16 17:00:00,266.377648567924,266.377648567924,265.5,265.925,266.47097419117176,269.5124411291675,276.70547316003126,270.4591903090806,Down,177
2026-02-16 17:15:00,266.151324283962,266.2,265.3,265.75,266.4054310828834,269.36489441821976,276.5964634768469,270.2406723253444,Down,148
2026-02-16 17:30:00,265.950662141981,266.5,265.8,266.175,266.3844828026213,269.23980051946603,276.4927673228484,270.2406723253444,Down,106
2026-02-16 17:45:00,266.0628310709905,266.7,265.6,266.1,266.3586207296557,269.11667108733013,276.3893567027206,270.2406723253444,Down,214
2026-02-16 18:00:00,266.08141553549524,266.6,265.1,265.70000000000005,266.2987461178688,268.98268398586623,276.2829949444846,270.2406723253444,Down,251
2026-02-16 18:15:00,265.89070776774764,266.6,265.3,265.77500000000003,266.2511328344262,268.85689245700877,276.17843778085785,270.2406723253444,Down,194
2026-02-16 18:30:00,265.83285388387384,267.2,265.7,266.35,266.26012075856926,268.75858294889076,276.0806423800533,270.2406723253444,Down,520
2026-02-16 18:45:00,266.0914269419369,268.0,266.0914269419369,267.275,266.35238250779025,268.7004032254049,275.9930240479135,270.2406723253444,Down,311
2026-02-16 19:00:00,266.68321347096844,268.8,266.68321347096844,267.975,266.4998931889002,268.6719560400949,275.91324271410343,270.2406723253444,Down,467
2026-02-16 19:15:00,267.32910673548423,268.3,267.0,267.725,266.6112665353638,268.6348205091108,275.8317676622218,270.2406723253444,Down,283
2026-02-16 19:30:00,267.52705336774216,269.0,267.3,268.15,266.7511513957853,268.61580794012605,275.75533216309526,270.2406723253444,Down,317
2026-02-16 19:45:00,267.83852668387107,269.6,267.83852668387107,269.1,266.96468308707756,268.6347958640427,275.6891099525172,270.2406723253444,Down,498
2026-02-16 20:00:00,268.4692633419355,269.9,268.4692633419355,269.525,267.19743917007054,268.66970583015865,275.627775525129,270.2406723253444,Down,285
2026-02-16 20:15:00,268.99713167096775,269.9,268.9,269.325,267.3908537909732,268.69540364074066,275.56506134079933,270.2406723253444,Down,279
2026-02-16 20:30:00,269.1610658354839,270.0,269.0,269.45000000000005,267.5780489008847,268.7249956548293,275.50421495929885,270.2406723253444,Down,271
2026-02-16 20:45:00,269.305532917742,269.7,268.7,269.3,267.7345899098952,268.747544844836,275.4424814771168,270.2406723253444,Down,206
2026-02-16 21:00:00,269.302766458871,269.6,268.4,268.92499999999995,267.84280900899563,268.7545038705287,275.37763091515546,270.2406723253444,Down,174
2026-02-16 21:15:00,269.1138832294355,269.2,268.4,268.775,267.9275536445415,268.7553076403119,275.31193309510417,270.2406723253444,Down,95
2026-02-16 21:30:00,268.94444161471773,269.2,267.9,268.575,267.9864124041286,268.7482367524566,275.24489893495394,270.2406723253444,Down,251
2026-02-16 21:45:00,268.75972080735886,269.7,268.1,268.625,268.0444658219351,268.7434039386348,275.1790292938101,270.2406723253444,Down,280
2026-02-16 22:00:00,268.69236040367946,269.4,267.8,268.75,268.10860529266824,268.74366260770796,275.11505885307565,270.2406723253444,Down,244
2026-02-16 22:15:00,268.72118020183973,270.0,268.72118020183973,269.425,268.2282775387893,268.7703817211312,275.05844135205,270.2406723253444,Down,292
2026-02-16 22:30:00,269.0730901009199,269.5,268.6,269.125,268.3097977625357,268.7842883203025,274.99940213461673,270.2406723253444,Down,144
2026-02-16 22:45:00,269.09904505045995,269.5,268.6,269.1,268.3816343295779,268.7966691704867,274.9407016158643,270.2406723253444,Down,102
2026-02-16 23:00:00,269.09952252523,269.5,269.09952252523,269.3,268.46512211779805,268.81640763438924,274.8845752316269,270.2406723253444,Down,110
2026-02-16 23:15:00,269.19976126261497,269.4,268.3,269.125,268.52511101618,268.82850929578575,274.8272660253421,270.2406723253444,Down,197
2026-02-16 23:30:00,269.1623806313075,270.9,269.1623806313075,270.075,268.66601001470906,268.8773912841863,274.7799797962343,270.2406723253444,Down,662
2026-02-16 23:45:00,269.61869031565374,271.7,269.61869031565374,271.04999999999995,268.8827363770082,268.9625916259829,274.7428655694061,265.4984085990796,Up,417
2026-02-17 00:00:00,270.3343451578269,272.5,270.3343451578269,271.875,269.15476034273473,269.0768037190816,274.7143295935911,265.9379012192621,Up,444
2026-02-17 09:00:00,271.10467257891344,271.9,270.6,271.375,269.35660031157704,269.1669290634314,274.6811024334559,265.9379012192621,Up,30
2026-02-17 09:15:00,271.2398362894567,274.7,271.2398362894567,272.825,269.6719093741609,269.31038282564975,274.662633752526,266.75360129159577,Up,927
2026-02-17 09:30:00,272.03241814472835,274.4,272.03241814472835,274.05,270.06991761287355,269.49625016582036,274.65653789429194,266.75360129159577,Up,347
2026-02-17 09:45:00,273.0412090723641,275.1,273.0412090723641,274.325,270.4567432844305,269.6856129044156,274.6532390097716,267.4018296573382,Up,413
2026-02-17 10:00:00,273.6831045361821,274.5,273.6831045361821,274.15,270.7924938949368,269.86068690816404,274.6482316564406,267.7319767550265,Up,175
2026-02-17 10:15:00,273.91655226809104,274.4,273.9,274.125,271.0954489953971,270.0279148725498,274.6430253713019,268.18674953357765,Up,146
2026-02-17 10:30:00,274.0207761340455,274.4,273.8,274.125,271.37086272308824,270.18858487754784,274.63787088999544,268.46068139416155,Up,103
2026-02-17 10:45:00,274.07288806702275,274.9,274.07288806702275,274.525,271.65760247553476,270.35864037254595,274.63674779656264,269.0590227798483,Up,143
2026-02-17 11:00:00,274.29894403351136,274.9,274.1,274.5,271.91600225048614,270.5210466324461,274.63538712197,269.2750715875791,Up,124
2026-02-17 11:15:00,274.3994720167557,275.5,273.1,274.05,272.1100020458965,270.6594369605855,274.6295623744877,269.2750715875791,Up,415
2026-02-17 11:30:00,274.2247360083778,274.7,273.0,273.95000000000005,272.2772745871787,270.78847864840566,274.6228005598162,269.2750715875791,Up,185
2026-02-17 11:45:00,274.08736800418893,275.0,274.08736800418893,274.70000000000005,272.49752235198065,270.9418716425858,274.6235687134499,269.2750715875791,Up,122
2026-02-17 12:00:00,274.39368400209446,275.8,274.39368400209446,274.925,272.7182021381642,271.0980727546413,274.626568029734,269.5030635366624,Up,360
2026-02-17 12:15:00,274.6593420010472,275.0,274.1,274.5,272.88018376196743,271.231481666224,274.6253086463536,269.5030635366624,Up,132
2026-02-17 12:30:00,274.5796710005236,274.5796710005236,274.0,274.2,273.000167056334,271.3478941499015,274.6210767195242,269.5030635366624,Up,53
2026-02-17 12:45:00,274.3898355002618,274.3898355002618,273.3,273.82500000000005,273.0751518693946,271.44503555578774,274.61315555813593,269.5030635366624,Up,190
2026-02-17 13:00:00,274.10741775013094,274.8,273.8,274.325,273.1887744267223,271.5579753379137,274.61028833865197,269.5030635366624,Up,72
2026-02-17 13:15:00,274.2162088750655,275.8,274.2162088750655,275.075,273.36024947883845,271.6958978736818,274.6149123352823,269.9188808244235,Up,244
2026-02-17 13:30:00,274.6456044375327,275.7,274.6,275.05,273.51386316258044,271.8274312904002,274.61924156577703,270.1234330789916,Up,136
2026-02-17 13:45:00,274.84780221876633,274.9,273.4,274.125,273.5694210568913,271.91753202411,274.6143237392519,270.1234330789916,Up,253
2026-02-17 14:00:00,274.4864011093832,274.4864011093832,272.5,273.1,273.5267464153557,271.9639033172822,274.59925584134896,270.1234330789916,Up,300
2026-02-17 14:15:00,273.7932005546916,273.7932005546916,272.5,272.825,273.46295128668703,271.9976718146437,274.58160155437037,270.1234330789916,Up,196
2026-02-17 14:30:00,273.3091002773458,273.6,272.6,273.175,273.4367738969882,272.04384154740274,274.5676055190035,270.1234330789916,Up,77
2026-02-17 14:45:00,273.2420501386729,273.8,273.1,273.52500000000003,273.44479445180747,272.10192619260266,274.5572313347348,270.1234330789916,Up,100
2026-02-17 15:00:00,273.38352506933643,274.2,273.38352506933643,273.7,273.4679949561886,272.1645957536771,274.54870166971256,270.1234330789916,Up,102
2026-02-17 15:15:00,273.54176253466824,273.6,273.1,273.425,273.4640863238078,272.21402337117996,274.5375205585712,270.1234330789916,Up,80
2026-02-17 15:30:00,273.4833812673341,274.4,273.4833812673341,273.9,273.50371483982525,272.28014010172194,274.5311770704262,270.1234330789916,Up,141
2026-02-17 15:45:00,273.69169063366706,274.9,273.69169063366706,274.5,273.59428621802294,272.3671934310662,274.53086685082,270.1234330789916,Up,211
2026-02-17 16:00:00,274.0958453168336,276.0,274.0958453168336,275.3,273.7493511072936,272.48220545337733,274.538519916981,270.16231908449083,Up,412
2026-02-17 16:15:00,274.6979226584168,276.1,274.6979226584168,275.725,273.9289555520851,272.6093738669704,274.5503256889513,270.44765722869994,Up,300
2026-02-17 16:30:00,275.2114613292084,276.5,275.2114613292084,276.125,274.12859595644096,272.7472415584617,274.5659940900563,270.88598560203593,Up,201
2026-02-17 16:45:00,275.6682306646042,276.9,275.6682306646042,276.45000000000005,274.3396326876736,272.89244777185536,274.5847404175184,271.31824915345976,Up,243
2026-02-17 17:00:00,276.0591153323021,278.3,276.0591153323021,277.225,274.60193880697597,273.0623517808022,274.61101165714507,271.8502667153133,Up,720
2026-02-17 17:15:00,276.64205766615106,278.2,275.8,277.4,274.85630800634175,273.23245563253545,274.63876278493467,271.8502667153133,Up,485
2026-02-17 17:30:00,277.02102883307555,278.9,276.6,277.7,275.11482546031067,273.4076534508674,274.6692228567264,271.8502667153133,Up,507
2026-02-17 17:45:00,277.36051441653774,277.8,276.9,277.175,275.3021140548279,273.55539253122555,274.6941559626296,271.8502667153133,Up,250
2026-02-17 18:00:00,277.2677572082689,277.5,276.3,276.875,275.4451036862072,273.68557321627554,274.7158559033,271.8502667153133,Up,210
2026-02-17 18:15:00,277.07137860413445,277.9,276.0,276.8,275.56827607837016,273.807707599951,274.736593655506,271.8502667153133,Up,430
2026-02-17 18:30:00,276.9356893020672,276.9356893020672,274.8,275.875,275.5961600712456,273.888777890149,274.74792108181936,271.8502667153133,Up,701
2026-02-17 18:45:00,276.4053446510336,276.4053446510336,272.7,274.45,275.49196370113236,273.91078660033924,274.74495669294555,271.8502667153133,Up,929
2026-02-17 19:00:00,275.4276723255168,275.4276723255168,273.1,273.8,275.33814881921126,273.9064420277769,274.7355541387869,271.8502667153133,Up,469
2026-02-17 19:15:00,274.6138361627584,274.6138361627584,272.6,273.575,275.1778625629193,273.89344430119746,274.7240063364109,271.8502667153133,Up,672
2026-02-17 19:30:00,274.0944180813792,274.0944180813792,271.0,272.54999999999995,274.93896596629025,273.84076021095444,274.70237443256605,271.8502667153133,Up,1133
2026-02-17 19:45:00,273.3222090406896,273.3222090406896,268.5,270.2,274.5081508784457,273.697985300721,274.65757468696836,279.65688994644944,Down,1290
2026-02-17 20:00:00,271.7611045203448,271.7611045203448,268.7,269.5,274.0528644349506,273.5333584261829,274.60625553585425,279.29439520039296,Down,936
2026-02-17 20:15:00,270.6305522601724,270.8,269.2,269.975,273.68214948631874,273.39381495848943,274.5601733912189,278.8216754002005,Down,378
2026-02-17 20:30:00,270.3027761300862,270.7,269.5,270.075,273.3542268057443,273.26366535227413,274.51554480026147,278.55606854563683,Down,298
2026-02-17 20:45:00,270.1888880650431,272.7,269.6,271.025,273.142478914313,273.17587455414576,274.48081301120413,278.55606854563683,Down,522
2026-02-17 21:00:00,270.60694403252154,272.4,270.0,271.2,272.96588992210275,273.0983892775126,274.44816810562,278.55606854563683,Down,445
2026-02-17 21:15:00,270.9034720162608,271.8,270.3,270.77500000000003,272.7667181110025,273.0072759725121,274.4116191692457,278.55606854563683,Down,364
2026-02-17 21:30:00,270.8392360081304,271.4,270.2,270.75,272.58338010091137,272.9187553461391,274.37518514766117,278.55606854563683,Down,251
2026-02-17 21:45:00,270.7946180040652,270.7946180040652,269.6,270.25,272.3712546371922,272.81409827374154,274.3341385292765,278.1553872713619,Down,235
2026-02-17 22:00:00,270.5223090020326,272.3,270.0,271.15,272.2602314883565,272.74883951790855,274.30245555883596,278.1553872713619,Down,299
2026-02-17 22:15:00,270.83615450101627,272.9,270.83615450101627,272.175,272.25248317123317,272.7263360074024,274.28128684680775,278.1553872713619,Down,373
2026-02-17 22:30:00,271.50557725050817,272.1,271.50557725050817,271.875,272.2181665193029,272.6929502816219,274.2573436941032,278.1553872713619,Down,189
2026-02-17 22:45:00,271.6902886252541,272.0,270.8,271.35,272.1392422902753,272.64028556469555,274.22841490112705,278.1553872713619,Down,290
2026-02-17 23:00:00,271.52014431262705,271.9,270.0,270.95000000000005,272.0311293547957,272.57399985627615,274.19579385733476,278.1553872713619,Down,327
2026-02-17 23:15:00,271.23507215631355,271.4,270.1,270.775,271.916935777087,272.5034508423046,274.16175610751054,277.9183854519467,Down,151
2026-02-17 23:30:00,271.0050360781568,271.0050360781568,269.6,270.1,271.75175979735184,272.4091978680966,274.12134062385377,277.33015429654154,Down,292
2026-02-17 23:45:00,270.5525180390784,270.5525180390784,268.1,269.05,271.50614527031985,272.27746461836733,274.07087952311895,276.6068439950796,Down,746
2026-02-18 00:00:00,269.8012590195392,269.8012590195392,267.5,268.625,271.24422297301805,272.1342307117647,274.01669166716755,276.10616458554784,Down,475
2026-02-18 09:00:00,269.2131295097696,269.2131295097696,265.7,266.875,270.84702088456186,271.92798637012686,273.94563005853905,275.5118255545994,Down,77
2026-02-18 09:15:00,268.0440647548848,268.5,267.0,267.675,270.5586553496017,271.76120259090624,273.88323572959837,275.5118255545994,Down,500
2026-02-18 09:30:00,267.8595323774424,267.9,267.0,267.475,270.27832304509246,271.5931162147923,273.8194721900004,274.97170314026,Down,234
2026-02-18 09:45:00,267.6672661887212,268.0,267.6,267.75,270.0484754955386,271.44240577499653,273.75907943189094,274.8288210366,Down,158
2026-02-18 10:00:00,267.7086330943606,268.2,267.3,267.625,269.8281595413987,271.29270358774176,273.6980438156532,274.4671100332727,Down,210
2026-02-18 10:15:00,267.6668165471803,267.6668165471803,266.4,266.975,269.5687814012715,271.12338187841857,273.63114785728845,273.6005325028127,Down,261
2026-02-18 10:30:00,267.32090827359013,267.32090827359013,266.2,266.625,269.3011649102468,270.9469747459316,273.56143494328563,273.1381700810302,Down,191
2026-02-18 10:45:00,266.97295413679507,266.97295413679507,266.3,266.6,269.05560446386073,270.7765051480519,273.49216693389974,272.67911124926405,Down,190
2026-02-18 11:00:00,266.7864770683975,266.9,266.3,266.625,268.8346404216916,270.61370102459887,273.423836914657,272.3114856189696,Down,108
2026-02-18 11:15:00,266.7057385341988,267.0,266.5,266.85,268.6542185651742,270.46610490598715,273.35842560207334,272.1240778354269,Down,176
2026-02-18 11:30:00,266.7778692670994,267.4,266.7,267.04999999999995,268.5083805137947,270.3321400077132,273.2956551980726,272.1240778354269,Down,102
2026-02-18 11:45:00,266.9139346335497,267.3,266.5,266.95000000000005,268.36670955799514,270.1995070662343,273.23251435033063,271.8637006904354,Down,189
2026-02-18 12:00:00,266.93196731677483,267.5,266.9,267.17499999999995,268.2583723254501,270.0808989459898,273.17224057570047,271.8637006904354,Down,88
2026-02-18 12:15:00,267.0534836583874,267.5,267.0534836583874,267.3,268.171247568591,269.97184408536276,273.1138103212159,271.73969049096644,Down,62
2026-02-18 12:30:00,267.1767418291937,267.5,266.9,267.2,268.0829523350827,269.8631443173093,273.05496643742276,271.4754078743388,Down,72
2026-02-18 12:45:00,267.1883709145968,267.1883709145968,266.5,266.85,267.9708657591661,269.7449817950619,272.9932254778464,270.985465343061,Down,112
2026-02-18 13:00:00,267.0191854572984,267.0191854572984,266.0,266.7,267.85533250833276,269.62557074427514,272.9306063188629,270.64500551836005,Down,224
2026-02-18 13:15:00,266.8595927286492,266.9,266.3,266.7,267.7503022803025,269.5108424797937,272.86861023608816,270.57764799064626,Down,142
2026-02-18 13:30:00,266.7797963643246,266.7797963643246,266.1,266.4,267.6275475275477,269.3888486570567,272.80424595513205,270.30314048795873,Down,105
2026-02-18 13:45:00,266.5898981821623,266.5898981821623,266.2,266.4,267.5159522977706,269.2716389057996,272.74052211478244,270.048768708046,Down,47
2026-02-18 14:00:00,266.49494909108114,266.9,266.2,266.5,267.42359299797323,269.16294718400354,272.6784273673717,270.048768708046,Down,126
2026-02-18 14:15:00,266.49747454554057,266.49747454554057,265.8,266.1,267.3032663617939,269.04283160816027,272.6129703786416,269.6543733198487,Down,252
2026-02-18 14:30:00,266.29873727277027,266.4,265.9,266.125,267.19615123799446,268.9284068392128,272.5484134594511,269.51876004279853,Down,98
2026-02-18 14:45:00,266.21186863638513,266.21186863638513,265.3,265.725,267.0624102163586,268.8027830415966,272.4805187981631,269.1500320430585,Down,242
2026-02-18 15:00:00,265.9684343181926,265.9684343181926,265.0,265.425,266.9135547421442,268.67032096153406,272.41031463101723,268.9219184792263,Down,328
2026-02-18 15:15:00,265.6967171590963,265.7,265.3,265.575,266.7918679474038,268.5489358257877,272.34230155011164,268.7706375637546,Down,121
2026-02-18 15:30:00,265.63585857954814,266.4,265.6,265.975,266.7176072249125,268.44799716595287,272.2789453157822,268.7706375637546,Down,263
2026-02-18 15:45:00,265.80542928977405,266.2,265.2,265.875,266.6410065681023,268.3470953163077,272.21522446686896,268.7706375637546,Down,274
2026-02-18 16:00:00,265.84021464488706,266.4,265.8,266.025,266.58500597100203,268.25603275488385,272.1536301935668,268.7706375637546,Down,157
2026-02-18 16:15:00,265.9326073224435,266.9,265.9326073224435,266.325,266.5613690645473,268.18030598018254,272.0956338732328,268.7706375637546,Down,379
2026-02-18 16:30:00,266.1288036612217,266.7,266.0,266.325,266.5398809677703,268.10754888292047,272.03821463071307,268.7706375637546,Down,193
2026-02-18 16:45:00,266.22690183061087,266.4,265.9,266.25,266.5135281525184,268.0347038286883,271.9806204552831,268.7706375637546,Down,86
2026-02-18 17:00:00,266.2384509153054,267.0,266.1,266.5,266.5122983204713,267.97451936481815,271.9260869184146,268.7706375637546,Down,178
2026-02-18 17:15:00,266.3692254576527,267.4,266.3692254576527,267.05,266.5611802913375,267.9382637034528,271.8775686406194,268.7706375637546,Down,251
2026-02-18 17:30:00,266.7096127288264,268.2,266.2,267.0,266.601072992125,267.90146904841544,271.8290356193197,268.7706375637546,Down,484
2026-02-18 17:45:00,266.8548063644132,266.8548063644132,265.5,265.925,266.5396118110227,267.82396045828153,271.7702889962419,268.7706375637546,Down,643
2026-02-18 18:00:00,266.3899031822066,266.3899031822066,264.5,265.125,266.4110107372934,267.71811887168224,271.7041667176723,268.7706375637546,Down,793
2026-02-18 18:15:00,265.7574515911033,265.7574515911033,264.1,264.6,266.24637339753946,267.59583970024374,271.63347849162585,268.7706375637546,Down,624
2026-02-18 18:30:00,265.17872579555166,265.17872579555166,262.3,263.625,266.00806672503586,267.4401204963126,271.5537921384754,268.7706375637546,Down,1075
2026-02-18 18:45:00,264.4018628977758,264.9,262.7,263.875,265.8141515682144,267.30031184939844,271.4773862465503,268.7706375637546,Down,705
2026-02-18 19:00:00,264.1384314488879,266.1,264.1384314488879,265.07500000000005,265.746955971104,267.21304471804945,271.41368091076373,268.7706375637546,Down,880
2026-02-18 19:15:00,264.606715724444,265.3,261.9,264.15,265.6017781555491,267.09292531734167,271.34140547881583,268.7706375637546,Down,1014
2026-02-18 19:30:00,264.37835786222195,267.0,264.1,265.15,265.56070741413555,267.016732167642,271.27979945415103,268.7706375637546,Down,1178
2026-02-18 19:45:00,264.76417893111096,267.0,264.1,265.475,265.5529158310323,266.9562720826364,271.2220402556023,268.7706375637546,Down,1025
2026-02-18 20:00:00,265.11958946555546,267.3,265.1,266.175,265.6094689373021,266.9256339617487,271.1718209495764,268.7706375637546,Down,728
2026-02-18 20:15:00,265.6472947327777,266.9,265.2,266.325,265.67451721572917,266.9020796887389,271.12359387545126,268.7706375637546,Down,708
2026-02-18 20:30:00,265.9861473663889,267.2,265.9,266.45,265.7450156506629,266.88435107349426,271.077090453805,268.7706375637546,Down,536
2026-02-18 20:45:00,266.21807368319446,268.5,266.1,266.90000000000003,265.85001422787536,266.8849647568867,271.03552736471244,268.7706375637546,Down,858
2026-02-18 21:00:00,266.5590368415973,266.8,265.6,266.3,265.89092202534124,266.862024962499,270.9884076894417,268.7706375637546,Down,398
2026-02-18 21:15:00,266.4295184207987,266.4295184207987,264.4,265.3,265.83720184121927,266.80076908161664,270.931806617905,268.7706375637546,Down,670
2026-02-18 21:30:00,265.86475921039937,265.86475921039937,264.3,265.025,265.76336531019933,266.73113107841596,270.87303242270195,268.7706375637546,Down,531
2026-02-18 21:45:00,265.4448796051997,266.0,264.5,265.2,265.7121502819994,266.67108672239965,270.81658433889396,268.7706375637546,Down,340
2026-02-18 22:00:00,265.32243980259983,265.5,264.6,265.05,265.6519548018177,266.60751469407023,270.75920539024827,268.7706375637546,Down,234
2026-02-18 22:15:00,265.1862199012999,265.6,264.7,265.15,265.60632254710697,266.5503572550871,270.7033924012906,268.7706375637546,Down,284
2026-02-18 22:30:00,265.16810995065,265.3,263.5,264.425,265.49892958827905,266.4670099117503,270.64092083510866,268.7706375637546,Down,698
2026-02-18 22:45:00,264.79655497532497,264.79655497532497,263.2,263.90000000000003,265.35357235298096,266.3663428563876,270.5738469959533,268.7706375637546,Down,513
2026-02-18 23:00:00,264.3482774876625,264.4,262.9,263.725,265.20552032089176,266.2627607835881,270.50569926465033,268.7706375637546,Down,586
2026-02-18 23:15:00,264.0366387438312,264.0366387438312,262.0,262.9,264.995927564447,266.13088781168267,270.4300206650021,268.7706375637546,Down,540
2026-02-18 23:30:00,263.4683193719156,263.7,262.3,263.1,264.82357051313363,266.0120294661265,270.35708513599707,268.7706375637546,Down,558
2026-02-18 23:45:00,263.2841596859578,264.1,263.2,263.67500000000007,264.7191550119397,265.9203812517686,270.29059672668365,268.7706375637546,Down,451
2026-02-19 00:00:00,263.4795798429789,266.0,263.4795798429789,264.875,264.73332273812696,265.879385908562,270.2367101920898,268.7706375637546,Down,824
2026-02-19 09:00:00,264.17728992148943,271.4,264.17728992148943,269.1,265.1302933982972,266.00568450038315,270.2253996429148,259.86026685024694,Up,460
2026-02-19 09:15:00,266.6386449607447,270.0,266.6386449607447,269.425,265.5207212711793,266.13977530428974,270.21743546736343,259.86026685024694,Up,1384
2026-02-19 09:30:00,268.0318224803724,269.8,268.0318224803724,269.3,265.8642920647084,266.2637056845137,270.2083067562454,259.9855736240663,Up,665
2026-02-19 09:45:00,268.66591124018623,269.9,268.66591124018623,269.4,266.18572005882584,266.3866976184544,270.2002639029494,260.71570732914273,Up,414
2026-02-19 10:00:00,269.0329556200931,269.9,269.0329556200931,269.625,266.49838187165983,266.5136898687111,270.19453988401466,261.36278140739824,Up,224
2026-02-19 10:15:00,269.3289778100466,270.3,269.3289778100466,269.85,266.80307442878166,266.6445255601342,270.1911116264623,262.09439319717814,Up,399
2026-02-19 10:30:00,269.5894889050233,270.0,269.3,269.825,267.077794935256,266.76925004797204,270.1874687247065,262.37718572014074,Up,178
2026-02-19 10:45:00,269.70724445251165,270.0,269.7,269.9,267.33435903205094,266.8920245558947,270.18460833938605,263.12925974558254,Up,96
2026-02-19 11:00:00,269.8036222262558,270.0,269.5,269.725,267.5516900291372,267.00312163213414,270.1800351220787,263.45841795052957,Up,83
2026-02-19 11:15:00,269.7643111131279,269.9,269.5,269.65,267.7424454810338,267.10692078381516,270.17476114076453,263.83492540957235,Up,221
2026-02-19 11:30:00,269.707155556564,269.707155556564,268.9,269.29999999999995,267.8840413463944,267.1929238903322,270.1660570498117,263.83492540957235,Up,237
2026-02-19 11:45:00,269.503577778282,269.6,268.2,269.025,267.98776486035854,267.26477001228,270.154703248321,263.83492540957235,Up,313
2026-02-19 12:00:00,269.26428888914097,269.9,269.0,269.375,268.11387714578046,267.3475241294455,270.1469450070442,264.01082884068126,Up,199
2026-02-19 12:15:00,269.3196444445705,270.0,269.3196444445705,269.7,268.2580701325277,267.43977808515353,270.14249779304384,264.4677191482029,Up,162
2026-02-19 12:30:00,269.50982222228527,270.0,269.5,269.825,268.4005183022979,267.53331619946124,270.1393386110235,264.8480881144706,Up,152
2026-02-19 12:45:00,269.66741111114266,270.3,269.66741111114266,270.05,268.5504711839072,267.6320096818353,270.1384496696203,265.297389700051,Up,253
2026-02-19 13:00:00,269.8587055555713,270.5,269.8587055555713,270.2,268.70042834900653,267.7327151845085,270.13906211071856,265.6858676566113,Up,152
2026-02-19 13:15:00,270.0293527777857,270.3,269.8,270.07500000000005,268.82538940818773,267.82456949099833,270.1384246767811,265.78319534438697,Up,152
2026-02-19 13:30:00,270.05217638889286,270.1,269.6,269.875,268.92080855289794,267.904978530567,270.1358035357186,265.78926849489727,Up,118
2026-02-19 13:45:00,269.9635881944464,269.9635881944464,269.1,269.5,268.97346232081634,267.9675283921134,270.1294771323781,265.78926849489727,Up,127
2026-02-19 14:00:00,269.7317940972232,269.7317940972232,269.1,269.35,269.00769301892393,268.02174296497174,270.12172114101116,265.78926849489727,Up,121
2026-02-19 14:15:00,269.5408970486116,270.2,269.2,269.625,269.06381183538537,268.0846157898748,270.11677864209565,265.81708776434294,Up,168
2026-02-19 14:30:00,269.58294852430583,270.1,269.5,269.775,269.12846530489577,268.15090536674245,270.1133778595873,266.0518979675845,Up,119
2026-02-19 14:45:00,269.6789742621529,269.7,268.5,269.15,269.1304230044507,268.19008554843884,270.1037920102381,266.0518979675845,Up,181
2026-02-19 15:00:00,269.41448713107644,269.41448713107644,268.5,268.825,269.10265727677336,268.2149841543824,270.0910677116288,266.0518979675845,Up,252
2026-02-19 15:15:00,269.1197435655382,269.4,268.5,268.85,269.0796884334303,268.2398867365635,270.0787187791748,266.0518979675845,Up,250
2026-02-19 15:30:00,268.9848717827691,268.9848717827691,268.3,268.6,269.0360803940275,268.25400882532574,270.0640051594815,266.0518979675845,Up,254
2026-02-19 15:45:00,268.79243589138457,270.5,268.7,269.52500000000003,269.0805276309341,268.30385161648945,270.0586419240638,266.0518979675845,Up,599
2026-02-19 16:00:00,269.1587179456923,270.9,269.1587179456923,270.525,269.2118433008492,268.3909554746664,270.0632823029288,266.0518979675845,Up,375
2026-02-19 16:15:00,269.8418589728461,272.9,269.8418589728461,271.825,269.44940300077195,268.5256238874246,270.0808118322529,266.310044906393,Up,1025
2026-02-19 16:30:00,270.83342948642303,272.9,270.83342948642303,272.375,269.71536636433814,268.67657981340795,270.1036395752156,266.5144303927926,Up,616
2026-02-19 16:45:00,271.6042147432115,272.7,271.6042147432115,272.475,269.9662421493983,268.8255374677841,270.12723520133284,266.8879269596655,Up,436
2026-02-19 17:00:00,272.03960737160577,274.0,272.03960737160577,273.175,270.2579474085439,268.9961046259102,270.15756121923005,267.52131508280473,Up,1048
2026-02-19 17:15:00,272.6073036858029,273.7,272.1,273.05,270.51177037140354,269.1550809150902,270.18634170461087,267.52131508280473,Up,463
2026-02-19 17:30:00,272.8286518429014,273.1,272.2,272.65000000000003,270.70615488309414,269.2921365654788,270.2108557175003,267.52131508280473,Up,279
2026-02-19 17:45:00,272.7393259214507,273.2,272.3,272.775,270.8942317119038,269.42871944526394,270.236369590958,267.52131508280473,Up,353
2026-02-19 18:00:00,272.75716296072534,273.7,272.1,272.825,271.0697561017307,269.56190691799867,270.2621271074659,267.55751751724733,Up,509
2026-02-19 18:15:00,272.79108148036266,273.0,272.1,272.5,271.1997782743006,269.6771262545478,270.2843944994314,267.55751751724733,Up,342
2026-02-19 18:30:00,272.64554074018133,273.6,272.4,273.0,271.3634347948188,269.80743502887924,270.31141544968585,267.8508409233449,Up,302
2026-02-19 18:45:00,272.82277037009067,273.6,272.4,273.025,271.514486177108,269.9336140473546,270.3384162909825,267.8825826575863,Up,455
2026-02-19 19:00:00,272.9238851850453,273.5,272.3,272.775,271.62907834282544,270.04504094745835,270.3626609050026,267.8825826575863,Up,520
2026-02-19 19:15:00,272.8494425925227,273.3,272.4,272.725,271.72870758438677,270.15013738089135,270.38616676664435,267.89676252693084,Up,445
2026-02-19 19:30:00,272.7872212962613,273.6,272.7,273.15000000000003,271.85791598580613,270.26777905222895,270.41366759483697,268.3197841153916,Up,522
2026-02-19 19:45:00,272.9686106481307,273.7,272.6,273.25,271.98446907800553,270.38472889331797,270.4418898078237,268.358894650356,Up,359
2026-02-19 20:00:00,273.10930532406536,275.4,273.0,273.7,272.1404264345505,270.5147395249526,270.47430881471104,268.97172240941455,Up,1546
2026-02-19 20:15:00,273.4046526620327,274.4,272.6,273.6,272.2731149405004,270.6357301318172,270.5054102195398,268.97172240941455,Up,682
2026-02-19 20:30:00,273.5023263310163,275.0,273.5,274.125,272.44146812772766,270.7725642442949,270.54142603825085,268.97172240941455,Up,477
2026-02-19 20:45:00,273.81366316550816,274.5,272.9,273.75,272.5604255706615,270.8893264307932,270.57335214732296,268.97172240941455,Up,524
2026-02-19 21:00:00,273.7818315827541,274.9,270.0,272.4,272.54584142787405,270.9485685315464,270.5915277478471,268.97172240941455,Up,1548
2026-02-19 21:15:00,273.09091579137703,273.09091579137703,269.0,270.625,272.3712194798855,270.935879569525,270.5918608050825,268.97172240941455,Up,2231
2026-02-19 21:30:00,271.8579578956885,271.8579578956885,268.8,270.2,272.173835890805,270.9070215471907,270.5879616925941,268.97172240941455,Up,947
2026-02-19 21:45:00,271.0289789478443,271.4,269.3,270.07499999999993,271.98303262800454,270.87439325122244,270.5828575961504,268.97172240941455,Up,785
2026-02-19 22:00:00,270.5519894739221,270.6,268.4,269.3,271.7391205709132,270.8126523394098,270.57009284394996,268.97172240941455,Up,776
2026-02-19 22:15:00,269.92599473696106,270.5,268.8,269.625,271.5469277917393,270.7660777378643,270.560688935055,268.97172240941455,Up,562
2026-02-19 22:30:00,269.7754973684805,272.3,269.7754973684805,271.0,271.49720708339936,270.77525115990886,270.5650601894326,268.97172240941455,Up,965
2026-02-19 22:45:00,270.38774868424025,272.2,270.38774868424025,271.54999999999995,271.50200643945396,270.8056334673634,270.57486058555764,268.97172240941455,Up,371
2026-02-19 23:00:00,270.9688743421201,272.0,270.0,271.075,271.46318767223084,270.8161968608001,270.57983709714415,268.97172240941455,Up,560
2026-02-19 23:15:00,271.02193717106,271.1,269.7,270.55000000000007,271.38017061111896,270.80575776821973,270.5795402106054,268.97172240941455,Up,275
2026-02-19 23:30:00,270.78596858553004,271.7,270.5,271.25,271.36833691919907,270.8231790322111,270.5862114522909,268.97172240941455,Up,328
2026-02-19 23:45:00,271.01798429276505,272.2,271.01798429276505,271.65,271.3939426538173,270.8556033838891,270.59679641296464,268.97172240941455,Up,509
2026-02-20 00:00:00,271.3339921463825,271.8,270.4,271.125,271.3694933216521,270.86616795706993,270.6020521700496,268.97172240941455,Up,515
2026-02-20 09:00:00,271.2294960731913,271.2294960731913,266.1,268.225,271.083630292411,270.76259274306716,270.5783999096511,277.10892153866706,Down,170
2026-02-20 09:15:00,269.72724803659565,269.72724803659565,268.7,269.07500000000005,270.9010275385554,270.6964126354959,270.56344070657,277.10892153866706,Down,710
2026-02-20 09:30:00,269.4011240182979,269.4011240182979,268.1,268.8,270.71002503505036,270.6220435125353,270.5458940328728,276.69896472382726,Down,538
2026-02-20 09:45:00,269.1005620091489,269.5,268.6,269.02500000000003,270.5568409409549,270.559414355181,270.5307607589139,276.60309337698027,Down,232
2026-02-20 10:00:00,269.0627810045745,270.0,269.0627810045745,269.55,270.46530994632263,270.51982947850723,270.52100194539236,276.60309337698027,Down,326
2026-02-20 10:15:00,269.3063905022873,269.8,269.3,269.54999999999995,270.38209995120235,270.4817969499383,270.51134023449293,276.2963581627936,Down,159
2026-02-20 10:30:00,269.4281952511436,269.6,269.0,269.3,270.28372722836576,270.4354519715094,270.49928709783137,275.6512346934487,Down,152
2026-02-20 10:45:00,269.36409762557184,269.9,269.1,269.35,270.198842934878,270.39288522752867,270.48785140531567,275.5647588122261,Down,156
2026-02-20 11:00:00,269.35704881278593,269.35704881278593,268.4,268.875,270.0784935771618,270.3333603166452,270.471803132626,274.7399592585207,Down,324
2026-02-20 11:15:00,269.11602440639297,269.11602440639297,268.4,268.625,269.9463577974198,270.26636579442385,270.45342698205263,274.34696185291,Down,239
2026-02-20 11:30:00,268.8705122031965,268.8705122031965,267.5,268.275,269.79441617947253,270.1882730181719,270.43175109168396,273.7644874934093,Down,618
2026-02-20 11:45:00,268.5727561015982,268.8,267.6,268.175,269.6471965267932,270.1093211351063,270.40929585694084,273.7083921743737,Down,263
2026-02-20 12:00:00,268.37387805079914,268.6,267.8,268.20000000000005,269.51563320617566,270.0344457964747,270.3873128135882,273.49853834033973,Down,225
2026-02-20 12:15:00,268.2869390253996,269.2,268.2869390253996,268.725,269.4437574601597,269.9830949809267,270.3707723875824,273.49853834033973,Down,376
2026-02-20 12:30:00,268.50596951269983,269.2,268.4,268.79999999999995,269.3852340546906,269.93669909932174,270.3551428115866,273.49853834033973,Down,207
2026-02-20 12:45:00,268.6529847563499,269.2,268.6,268.975,269.3479400497187,269.89898540915226,270.34141004729224,273.49853834033973,Down,199
2026-02-20 13:00:00,268.81399237817493,269.3,268.81399237817493,269.1,269.3254000451988,269.867652648009,270.32905770851323,273.49853834033973,Down,111
2026-02-20 13:15:00,268.9569961890875,269.2,268.6,268.9,269.2867273138171,269.829705485342,270.31483822882655,273.2160693185384,Down,128
2026-02-20 13:30:00,268.9284980945437,269.3,268.6,268.925,269.253843012561,269.79422683885804,270.30100899271883,273.128244835035,Down,83
2026-02-20 13:45:00,268.92674904727187,269.1,268.6,268.875,269.2194027386918,269.7581787275303,270.2868198485127,272.8302225773045,Down,116
2026-02-20 14:00:00,268.90087452363593,269.1,268.6,268.8,269.18127521699256,269.7206030911566,270.27202562116435,272.6502023430041,Down,124
2026-02-20 14:15:00,268.850437261818,268.9,268.1,268.45,269.1147956518114,269.6707755189544,270.25389601299355,272.24563849364006,Down,146
2026-02-20 14:30:00,268.65021863090897,268.8,268.1,268.35,269.045268774374,269.618980400564,270.2349517740583,272.1096713578546,Down,111
2026-02-20 14:45:00,268.5001093154545,268.8,268.4,268.575,269.0025170676127,269.5780399926988,270.2184348409831,272.09061032532236,Down,121
2026-02-20 15:00:00,268.53755465772724,268.8,268.4,268.6,268.9659246069206,269.53968548318124,270.2023310117196,271.91873665938397,Down,153
2026-02-20 15:15:00,268.56877732886363,269.5,268.5,268.975,268.9667496426551,269.5175409544291,270.1901187628468,271.91873665938397,Down,351
2026-02-20 15:30:00,268.7718886644318,269.5,268.0,268.75,268.94704512968644,269.48744130915736,270.17578922291796,271.91873665938397,Down,434
2026-02-20 15:45:00,268.7609443322159,268.7609443322159,267.8,268.25,268.88367739062403,269.4389141989943,270.1566271410979,271.91873665938397,Down,507
2026-02-20 16:00:00,268.50547216610795,268.7,267.9,268.4,268.8397067187491,269.39817246570044,270.13914826407205,271.89931269460857,Down,250
2026-02-20 16:15:00,268.452736083054,268.452736083054,267.0,267.7,268.7360970170446,269.3315774670455,270.11487813209123,271.52673815773625,Down,696
2026-02-20 16:30:00,268.07636804152696,268.07636804152696,266.6,267.125,268.5896336518587,269.2450450173575,270.0851281009261,271.3299270505999,Down,488
2026-02-20 16:45:00,267.6006840207635,268.3,266.9,267.4,268.48148513805336,269.17269031079445,270.0584104083796,271.3299270505999,Down,634
2026-02-20 17:00:00,267.5003420103817,267.5003420103817,266.5,266.92499999999995,268.3399864891394,269.08454559272406,270.0272321953609,271.1257028352771,Down,422
2026-02-20 17:15:00,267.2126710051908,267.4,266.6,266.925,268.21135135376306,268.9998575302643,269.9963642133175,271.04139257280565,Down,323
2026-02-20 17:30:00,267.06883550259545,267.2,266.7,266.925,268.09441032160277,268.9184905682931,269.9658033753741,270.80581142982334,Down,170
2026-02-20 17:45:00,266.9969177512977,268.5,266.6,267.625,268.0517366560025,268.86776544796794,269.9425117994997,270.80581142982334,Down,825
2026-02-20 18:00:00,267.31095887564885,268.5,267.31095887564885,268.15,268.060669687275,268.83961778334174,269.92467586119625,270.80581142982334,Down,385
2026-02-20 18:15:00,267.73047943782444,268.5,267.6,268.15,268.06879062479544,268.8125739487009,269.9070173949157,270.80581142982334,Down,456
2026-02-20 18:30:00,267.9402397189122,268.3,267.5,267.925,268.05571874981405,268.7777671271832,269.8872958287972,270.80581142982334,Down,300
2026-02-20 18:45:00,267.9326198594561,268.9,267.4,268.15,268.06428977255825,268.75314880847014,269.8700093031376,270.80581142982334,Down,608
2026-02-20 19:00:00,268.0413099297281,270.7,268.0413099297281,269.475,268.19253615687114,268.78145669833407,269.8660788623103,270.80581142982334,Down,1423
2026-02-20 19:15:00,268.75815496486405,270.5,268.75815496486405,269.875,268.3454874153374,268.82434074937976,269.8661676298495,270.80581142982334,Down,880
2026-02-20 19:30:00,269.316577482432,270.8,269.316577482432,270.05,268.5004431048522,268.8724058180315,269.86799680766194,270.80581142982334,Down,882
2026-02-20 19:45:00,269.683288741216,271.0,269.1,270.3,268.6640391862293,268.92838990359894,269.8722953468892,270.80581142982334,Down,963
2026-02-20 20:00:00,269.991644370608,271.4,269.8,270.42499999999995,268.8241265329357,268.9870804956147,269.8777948956764,270.80581142982334,Down,1087
2026-02-20 20:15:00,270.208322185304,270.4,268.9,269.75,268.9082968481233,269.01699890755134,269.87652330467466,270.80581142982334,Down,752
2026-02-20 20:30:00,269.979161092652,271.2,269.9,270.35,269.03936077102117,269.0692734601964,269.88123451557345,270.80581142982334,Down,588
2026-02-20 20:45:00,270.164580546326,270.9,270.0,270.45,269.1676007009283,269.12341959901227,269.88689387362746,270.80581142982334,Down,532
2026-02-20 21:00:00,270.30729027316295,271.3,269.4,270.15,269.2569097281166,269.16367765395296,269.8895118450342,270.80581142982334,Down,660
2026-02-20 21:15:00,270.22864513658146,270.22864513658146,268.2,269.07500000000005,269.24037248010603,269.160200098896,269.8814072495612,270.80581142982334,Down,1392
2026-02-20 21:30:00,269.65182256829075,270.6,268.9,269.725,269.2844295273691,269.18234911462554,269.8798509585208,270.80581142982334,Down,766
2026-02-20 21:45:00,269.6884112841454,271.9,269.6884112841454,270.90000000000003,269.43129957033557,269.2497079728755,269.89000169525195,265.61933030965093,Up,1352
2026-02-20 22:00:00,270.2942056420727,275.9,270.2942056420727,273.77500000000003,269.8261814275778,269.4271704053118,269.9286583948017,265.61933030965093,Up,3669
2026-02-20 22:15:00,272.0346028210364,277.4,272.0346028210364,276.425,270.42607402507076,269.7015950952996,269.9932986097788,265.8283194335333,Up,2903
2026-02-20 22:30:00,274.22980141051823,278.4,274.22980141051823,277.45,271.0646127500643,270.0054541111702,270.06749464351236,266.7175721481886,Up,2003
2026-02-20 22:45:00,275.8399007052591,279.0,275.8399007052591,278.025,271.6973752273312,270.31994610681056,270.1466738012884,267.5459791935687,Up,1970
2026-02-20 23:00:00,276.9324503526296,280.1,276.9324503526296,278.875,272.34988657030107,270.6554384163474,270.233522818191,268.3880515235794,Up,2014
2026-02-20 23:15:00,277.9037251763148,280.3,277.9037251763148,279.32500000000005,272.98398779118276,270.99542122354944,270.3239852777115,269.0230593316033,Up,1115
2026-02-20 23:30:00,278.6143625881574,279.3,277.4,278.6,273.49453435562066,271.29363999909657,270.4063336829084,269.0230593316033,Up,1355
2026-02-20 23:45:00,278.6071812940787,280.0,276.6,278.1,273.91321305056425,271.56055607756343,270.48288757661084,269.0230593316033,Up,1791
2026-02-21 00:00:00,278.35359064703937,278.35359064703937,274.2,275.625,274.0688300459675,271.71994603530607,270.534052874356,269.0230593316033,Up,2596
2026-02-23 09:00:00,276.9892953235197,281.9,276.9892953235197,281.125,274.7103000417886,272.0887716809803,270.6394354328201,269.0230593316033,Up,431
2026-02-23 09:15:00,279.0571476617598,281.6,279.0571476617598,281.05,275.286636401626,272.44019239937325,270.7430231399562,269.0230593316033,Up,1193
2026-02-23 09:30:00,280.05357383087994,281.7,280.05357383087994,281.225,275.82648763784186,272.7846946582213,270.8473214171706,269.44857106685225,Up,599
2026-02-23 09:45:00,280.63928691544,281.4,280.6,281.05,276.30135239803803,273.1088242794675,270.9488406070495,270.3198037740112,Up,441
2026-02-23 10:00:00,280.84464345772,281.5,280.7,281.15,276.74213854367093,273.4241645038021,271.0503446806112,271.0998216127374,Up,276
2026-02-23 10:15:00,280.99732172886,282.0,280.99732172886,281.5,277.1746714033372,273.7408639350256,271.1543213504559,272.04297932286767,Up,473
2026-02-23 10:30:00,281.24866086443,281.5,280.7,281.125,277.53379218485196,274.0304378983579,271.2535320832872,272.2130167803979,Up,289
2026-02-23 10:45:00,281.186830432215,281.7,280.9,281.25,277.8716292589563,274.3135579807752,271.3529994257421,272.9300152549071,Up,213
2026-02-23 11:00:00,281.2184152161075,281.9,281.0,281.35,278.1878447808694,274.58949688348997,271.452472068272,273.5136502317338,Up,213
2026-02-23 11:15:00,281.28420760805375,281.3,280.9,281.07500000000005,278.45031343715397,274.84383033903936,271.5482186148564,273.72150021066705,Up,166
2026-02-23 11:30:00,281.1796038040269,281.1796038040269,277.5,279.275,278.52528494286724,275.0176016982927,271.6251020117235,273.72150021066705,Up,1226
2026-02-23 11:45:00,280.22730190201344,280.22730190201344,276.4,277.375,278.42071358442473,275.1100486905165,271.6823149270298,273.72150021066705,Up,1084
2026-02-23 12:00:00,278.8011509510067,278.8011509510067,275.5,276.475,278.2438305312952,275.1635761928492,271.73000333571605,273.72150021066705,Up,845
2026-02-23 12:15:00,277.63807547550334,277.63807547550334,275.8,276.29999999999995,278.0671186648138,275.2081418323453,271.77547593934077,273.72150021066705,Up,743
2026-02-23 12:30:00,276.96903773775165,276.96903773775165,275.3,276.075,277.88601696801254,275.2421362702925,271.8182572732777,273.72150021066705,Up,770
2026-02-23 12:45:00,276.5220188688758,277.2,276.2,276.75,277.7827426981932,275.3012681812615,271.86732934021023,273.72150021066705,Up,485
2026-02-23 13:00:00,276.63600943443794,277.7,276.3,277.175,277.7274933619938,275.3747478604277,271.92014198359124,273.72150021066705,Up,306
2026-02-23 13:15:00,276.90550471721895,277.6,276.8,277.3,277.6886303290853,275.4502479443325,271.9736729091277,273.72150021066705,Up,423
2026-02-23 13:30:00,277.10275235860945,277.7,277.10275235860945,277.45000000000005,277.6669366628048,275.52866959357436,272.0281637259523,273.72150021066705,Up,267
2026-02-23 13:45:00,277.27637617930475,278.6,277.27637617930475,277.975,277.69494242073165,275.62460411931653,272.0873362261916,273.72150021066705,Up,477
2026-02-23 14:00:00,277.6256880896524,278.3,277.6256880896524,277.95000000000005,277.7181294733924,275.71579611463744,272.1456711891151,273.72150021066705,Up,261
2026-02-23 14:15:00,277.7878440448262,278.0,277.2,277.55,277.7028449758113,275.78772567876933,272.1994456051438,273.72150021066705,Up,288
2026-02-23 14:30:00,277.6689220224131,277.6689220224131,276.8,277.25,277.6616772507375,275.845069769798,272.2496998777294,273.72150021066705,Up,369
2026-02-23 14:45:00,277.45946101120654,277.7,277.1,277.45,277.64243386430684,275.9080082101981,272.301444157553,273.72150021066705,Up,176
2026-02-23 15:00:00,277.45473050560327,278.2,277.45473050560327,277.75,277.6522126039153,275.9802431823472,272.35565864354754,273.72150021066705,Up,301
2026-02-23 15:15:00,277.60236525280163,277.9,276.2,277.15,277.60655691265026,276.02611599872574,272.40336353266645,273.72150021066705,Up,553
2026-02-23 15:30:00,277.3761826264008,277.6,276.7,277.175,277.5673244660457,276.07117027328553,272.4508425024907,273.72150021066705,Up,356
2026-02-23 15:45:00,277.2755913132004,277.5,276.8,277.29999999999995,277.5430222418597,276.11935967433317,272.499092825849,273.72150021066705,Up,316
2026-02-23 16:00:00,277.28779565660017,277.9,277.2,277.425,277.5322929471452,276.17056125573185,272.5481068275819,273.72150021066705,Up,317
2026-02-23 16:15:00,277.3563978283001,278.4,276.9,277.725,277.549811770132,276.23151963786,272.5996182024318,273.72150021066705,Up,756
2026-02-23 16:30:00,277.54069891415,278.5,277.5,278.05,277.5952834273927,276.302832593238,272.653850857134,273.72150021066705,Up,512
2026-02-23 16:45:00,277.795349457075,278.1,277.3,277.675,277.6025303885388,276.3566430797777,272.7038125401476,273.72150021066705,Up,480
2026-02-23 17:00:00,277.7351747285375,278.1,277.2,277.65,277.60684580776257,276.4073629590021,272.753028335768,273.72150021066705,Up,444
2026-02-23 17:15:00,277.6925873642688,279.4,277.6925873642688,278.54999999999995,277.69258709796594,276.4913879410021,272.8107096458599,273.72150021066705,Up,997
2026-02-23 17:30:00,278.1212936821344,279.5,278.1212936821344,279.1,277.8205337254236,276.59368645311963,272.8732896493837,273.8556333574438,Up,612
2026-02-23 17:45:00,278.6106468410672,280.5,278.6106468410672,279.77500000000003,277.99821247765783,276.718443847115,272.94196338421574,274.36372819580953,Up,1418
2026-02-23 18:00:00,279.1928234205336,281.2,279.1928234205336,280.275,278.2051931615071,276.85791663742424,273.0149289226813,274.7468972952572,Up,2121
2026-02-23 18:15:00,279.7339117102668,280.5,278.1,279.375,278.3115392377337,276.9566257888978,273.0782132120079,274.7468972952572,Up,1625
2026-02-23 18:30:00,279.55445585513337,279.55445585513337,277.7,278.5,278.3286720343034,277.0171502677646,273.13216133925164,274.7468972952572,Up,1271
2026-02-23 18:45:00,279.0272279275667,279.7,278.5,279.025,278.3919745766394,277.09588947295026,273.19079654980635,274.7468972952572,Up,1064
2026-02-23 19:00:00,279.02611396378336,280.0,278.2,278.95000000000005,278.4427041605813,277.1685996896973,273.24810205677346,274.7468972952572,Up,1443
2026-02-23 19:15:00,278.9880569818917,278.9880569818917,275.1,277.125,278.3229128732557,277.1668898979445,273.28667815571106,274.7468972952572,Up,4087
2026-02-23 19:30:00,278.0565284909459,278.0565284909459,274.8,275.725,278.086738975687,277.1103451960643,273.31094006460944,274.7468972952572,Up,2580
2026-02-23 19:45:00,276.8907642454729,277.4,273.9,275.4,277.8424899778973,277.0432728354344,273.33172673063325,274.7468972952572,Up,3058
2026-02-23 20:00:00,276.14538212273646,276.14538212273646,273.6,274.725,277.55908179808847,276.95236017522126,273.3455901462488,282.3245815689936,Down,2116
2026-02-23 20:15:00,275.43519106136824,275.43519106136824,273.0,274.3,277.2628016346259,276.8483460507028,273.35508676170906,282.3245815689936,Down,1705
2026-02-23 20:30:00,274.8675955306841,275.4,274.2,274.775,277.0366378496599,276.7670383624399,273.36921525164234,282.3245815689936,Down,1230
2026-02-23 20:45:00,274.821297765342,275.8,274.0,274.875,276.8401253178726,276.6928407795991,273.38419818446187,282.3245815689936,Down,1099
2026-02-23 21:00:00,274.848148882671,275.8,272.6,274.5,276.62738665261145,276.60684702353643,273.39530069008913,282.3245815689936,Down,2558
2026-02-23 21:15:00,274.6740744413355,275.1,273.0,274.05,276.39307877510134,276.50657851280954,273.4018151110833,282.3245815689936,Down,1554
2026-02-23 21:30:00,274.36203722066773,274.36203722066773,272.0,273.05,276.0891625228194,276.371026414268,273.3983144632118,281.6711073548123,Down,2230
2026-02-23 21:45:00,273.7060186103339,273.7060186103339,272.1,272.75,275.78560229347215,276.22902537841435,273.3918635730306,281.2052785675415,Down,890
2026-02-23 22:00:00,273.2280093051669,273.5,270.5,271.675,275.41191117588374,276.05043614788826,273.3747803533985,280.6384266021587,Down,1999
2026-02-23 22:15:00,272.4515046525835,272.4515046525835,269.7,270.45000000000005,274.9608283417125,275.83081120091225,273.34567806132486,279.9294145655573,Down,2009
2026-02-23 22:30:00,271.45075232629176,271.45075232629176,270.0,270.4,274.546207583375,275.61783821264123,273.31636783185894,279.30170631749337,Down,859
2026-02-23 22:45:00,270.92537616314587,271.5,270.2,270.9,274.21473416670455,275.4328249494004,273.29232437084545,279.11939104940683,Down,1008
2026-02-23 23:00:00,270.9126880815729,271.4,269.4,270.55,273.88157651518594,275.2413416180514,273.2650375611853,278.6449009540062,Down,1249
2026-02-23 23:15:00,270.73134404078644,270.73134404078644,269.8,270.1,273.5377968319872,275.03972037812787,273.23354465012875,278.0997070843212,Down,648
2026-02-23 23:30:00,270.41567202039323,270.41567202039323,268.6,269.4,273.1616334836247,274.81855487310327,273.1953999272419,277.28993043936504,Down,1421
2026-02-23 23:45:00,269.9078360101966,269.9078360101966,267.6,268.225,272.712848621477,274.5599840937659,273.145943211548,276.6677623989592,Down,2067
2026-02-24 00:00:00,269.0664180050983,269.0664180050983,267.4,267.775,272.2639532922518,274.2939062861672,273.0925009905376,276.0335831806403,Down,1600
2026-02-24 09:00:00,268.4207090025492,268.5,266.5,267.6,271.8399575384107,274.0314001572979,273.037849239388,275.31852198008283,Down,247
2026-02-24 09:15:00,268.0103545012746,268.0103545012746,266.5,267.125,271.41132503491883,273.76056093544315,272.97901491859807,274.9121443239034,Down,1305
2026-02-24 09:30:00,267.5676772506373,267.5676772506373,266.1,266.575,270.9716591226535,273.4787742320924,272.9152933771195,274.3284186012468,Down,982
2026-02-24 09:45:00,267.0713386253186,267.4,265.1,266.5,270.5651446569577,273.20509681122604,272.851459612173,273.8996181599347,Down,1379
2026-02-24 10:00:00,266.7856693126593,267.2,266.4,266.9,270.2319496881434,272.9578381127466,272.7922411085693,273.8996181599347,Down,443
2026-02-24 10:15:00,266.8428346563296,266.9,266.2,266.6,269.90177244376673,272.708511127933,272.7306267691806,273.39100674374765,Down,325
2026-02-24 10:30:00,266.7214173281648,267.1,266.4,266.75,269.61524767615157,272.47484402487675,272.67111804510915,273.2236424943161,Down,382
2026-02-24 10:45:00,266.7357086640824,268.0,266.7357086640824,267.425,269.41613425104686,272.276810925862,272.61891786555583,273.2236424943161,Down,684
2026-02-24 11:00:00,267.0803543320412,267.9,267.0803543320412,267.475,269.23966750095167,272.08850461504386,272.567734603212,273.2236424943161,Down,297
2026-02-24 11:15:00,267.2776771660206,267.3,265.8,266.75,269.01333409177425,271.8791514928853,272.5098466967124,272.6737438937528,Down,841
2026-02-24 11:30:00,267.0138385830103,267.4,266.3,266.8,268.81212190161295,271.6799690813996,272.45303230172027,272.6737438937528,Down,526
2026-02-24 11:45:00,266.9069192915051,268.2,266.9,267.575,268.6996562741936,271.51898990173686,272.4044946668773,272.6737438937528,Down,475
2026-02-24 12:00:00,267.2409596457526,268.3,267.2409596457526,268.07500000000005,268.64286934017605,271.3839314742178,272.3614151179532,272.6737438937528,Down,461
2026-02-24 12:15:00,267.6579798228763,268.2,267.0,267.65,268.5526084910691,271.2375027889543,272.31453536553573,272.6737438937528,Down,408
2026-02-24 12:30:00,267.65398991143815,267.65398991143815,266.9,267.2,268.4296440827901,271.07916934625024,272.2636444663762,272.6737438937528,Down,327
2026-02-24 12:45:00,267.42699495571907,267.8,267.2,267.45000000000005,268.3405855298092,270.93684897973066,272.2157475065118,272.67017956307643,Down,233
2026-02-24 13:00:00,267.4384974778595,267.6,266.7,267.15000000000003,268.2323504816447,270.7883450981726,272.1653420586858,272.1774359664331,Down,250
2026-02-24 13:15:00,267.2942487389298,267.2942487389298,266.2,266.6,268.08395498331333,270.6240962707933,272.1099655207884,271.71542933492407,Down,397
2026-02-24 13:30:00,266.9471243694649,266.9471243694649,266.3,266.55,267.94450453028486,270.4643277895857,272.0546424807806,271.37552101495527,Down,361
2026-02-24 13:45:00,266.74856218473246,267.1,266.4,266.75,267.8359132093499,270.3186678762686,272.00185996853406,271.3245080274753,Down,344
2026-02-24 14:00:00,266.74928109236623,267.9,266.74928109236623,267.25,267.78264837213624,270.1983279595522,271.95457777979243,271.3245080274753,Down,408
2026-02-24 14:15:00,266.9996405461831,267.5,266.9996405461831,267.27500000000003,267.73649852012386,270.08368764741294,271.90801481680944,271.3245080274753,Down,190
2026-02-24 14:30:00,267.1373202730916,267.4,267.0,267.2,267.6877259273853,269.97060185731834,271.86116889823427,271.29357907603924,Down,173
2026-02-24 14:45:00,267.1686601365458,267.5,266.7,267.02500000000003,267.6274781158048,269.8550880589922,271.8130478146698,271.11234461458116,Down,169
2026-02-24 15:00:00,267.0968300682729,267.0968300682729,266.4,266.725,267.54543465073164,269.73233950765916,271.7624204732303,270.64939379949124,Down,319
2026-02-24 15:15:00,266.91091503413645,266.91091503413645,266.3,266.57499999999993,267.4572133188469,269.6085222720647,271.7108043491185,270.3739527707131,Down,439
2026-02-24 15:30:00,266.7429575170682,266.9,266.1,266.475,267.36792119895176,269.4856390457092,271.65870679340594,270.2168138669499,Down,784
2026-02-24 15:45:00,266.60897875853414,266.8,265.8,266.25,267.26629199904704,269.3587512399951,271.6048888153621,270.04255806086354,Down,602
2026-02-24 16:00:00,266.42948937926707,266.42948937926707,265.5,265.825,267.13526545367915,269.2201727599953,271.54737748386594,269.7050663374248,Down,756
2026-02-24 16:15:00,266.1272446896335,266.1272446896335,264.3,265.04999999999995,266.945695866981,269.05663657332883,271.48272696163843,269.2783673663119,Down,1562
2026-02-24 16:30:00,265.5886223448167,265.5886223448167,264.1,264.3,266.7051780608918,268.8701018057473,271.4112570416221,269.0808511355191,Down,774
2026-02-24 16:45:00,264.94431117240833,264.94431117240833,262.8,263.6,266.4228891462653,268.6634311466984,271.3335330909592,268.5033050699078,Down,2313
2026-02-24 17:00:00,264.2721555862042,264.2721555862042,262.2,262.90000000000003,266.1026264966048,268.43741423898473,271.24961733881037,268.19972480963423,Down,1523
2026-02-24 17:15:00,263.5860777931021,263.5860777931021,261.0,261.975,265.72738772418614,268.18398622961274,271.15733258917044,267.745837199981,Down,2739
2026-02-24 17:30:00,262.7805388965511,262.7805388965511,261.2,261.975,265.386261567442,267.94049657354947,271.06596609574586,267.5221002319577,Down,1659
2026-02-24 17:45:00,262.3777694482756,262.7,261.9,262.325,265.1079650613109,267.7202810216456,270.97899130872355,267.5221002319577,Down,1575
2026-02-24 18:00:00,262.3513847241378,262.3513847241378,260.6,261.575,264.7867864193735,267.47928960903204,270.88541925590044,266.9487833226498,Down,2329
2026-02-24 18:15:00,261.96319236206887,262.5,261.2,261.67499999999995,264.503896744885,267.25167040867785,270.7937732931552,266.9487833226498,Down,1109
2026-02-24 18:30:00,261.8190961810344,261.9,260.9,261.425,264.22399704080453,267.02317352990616,270.7005516683477,266.7166040996536,Down,1268
2026-02-24 18:45:00,261.6220480905172,264.1,261.5,262.65,264.08090640073135,266.8516765287334,270.62044667662286,266.7166040996536,Down,3321
2026-02-24 19:00:00,262.1360240452586,264.9,262.1360240452586,263.85,264.0599149097558,266.73396372368506,270.55307904799974,266.7166040996536,Down,2826
2026-02-24 19:15:00,262.9930120226293,264.8,262.9930120226293,264.05,264.0590135543234,266.6287102443249,270.4883717937908,266.7166040996536,Down,1706
2026-02-24 19:30:00,263.5215060113146,264.5,261.5,262.95000000000005,263.95819414029404,266.48444709748867,270.4133631192257,266.7166040996536,Down,2706
2026-02-24 19:45:00,263.23575300565733,263.23575300565733,261.3,262.025,263.78244921844913,266.30956681915575,270.32989681953194,266.7166040996536,Down,2330
2026-02-24 20:00:00,262.63037650282865,263.9,261.7,262.625,263.67722656222645,266.16507400271826,270.2532311795366,266.7166040996536,Down,1873
2026-02-24 20:15:00,262.6276882514143,263.7,262.6,263.125,263.6270241474786,266.0458554143764,270.1823035061084,266.7166040996536,Down,565
2026-02-24 20:30:00,262.8763441257072,263.6,262.7,263.15,263.58365831588964,265.9322924569499,270.1123303368934,266.7166040996536,Down,772
2026-02-24 20:45:00,263.0131720628536,264.0,262.8,263.45000000000005,263.57150755989966,265.83494765471653,270.04603849274525,266.7166040996536,Down,903
2026-02-24 21:00:00,263.2315860314268,264.4,262.8,263.525,263.5672795999088,265.74436147217864,269.9811525375936,266.7166040996536,Down,1434
2026-02-24 21:15:00,263.3782930157134,263.6,262.5,263.0,263.5157087271898,265.63673945366185,269.91168833323945,266.7166040996536,Down,1192
2026-02-24 21:30:00,263.18914650785666,264.7,263.0,263.5,263.5142806610816,265.5529457495967,269.8478904393764,266.7166040996536,Down,1793
2026-02-24 21:45:00,263.3445732539284,263.9,263.0,263.45000000000005,263.50843696461965,265.4704772888282,269.7842298379896,266.7166040996536,Down,769
2026-02-24 22:00:00,263.39728662696416,264.2,263.1,263.7,263.5258517860179,265.40104680691337,269.7236902376116,266.7166040996536,Down,547
2026-02-24 22:15:00,263.5486433134821,265.2,263.3,264.04999999999995,263.57350162365265,265.3480645791913,269.6672356083817,266.7166040996536,Down,2073
2026-02-24 22:30:00,263.79932165674103,264.0,263.0,263.575,263.5736378396842,265.2785326349093,269.6066163485968,266.7166040996536,Down,829
2026-02-24 22:45:00,263.6871608283705,264.7,263.2,263.975,263.6101253088038,265.22741370805016,269.5505803650286,266.7166040996536,Down,925
2026-02-24 23:00:00,263.8310804141853,265.4,263.8310804141853,264.725,263.711477553458,265.2077112096953,269.50256464000347,266.7166040996536,Down,2468
2026-02-24 23:15:00,264.27804020709266,264.6,263.4,264.025,263.7399795940527,265.16133037794253,269.4480615092572,266.7166040996536,Down,1704
2026-02-24 23:30:00,264.1515201035463,264.1515201035463,262.2,263.02500000000003,263.67498144913884,265.0775527160624,269.38415044946356,266.7166040996536,Down,1900
2026-02-24 23:45:00,263.5882600517732,263.5882600517732,261.8,262.325,263.5522558628535,264.9696094722953,269.31391014648386,266.7166040996536,Down,2172
2026-02-25 00:00:00,262.9566300258866,262.9566300258866,262.1,262.3,263.4384144207759,264.86491890475435,269.24411999577256,266.7166040996536,Down,1494
2026-02-25 09:00:00,262.6283150129433,262.6283150129433,258.5,260.5,263.17128583706904,264.69374561437184,269.1571138266604,266.7166040996536,Down,580
2026-02-25 09:15:00,261.56415750647164,261.56415750647164,258.8,259.4,262.8284416700628,264.48614774714156,269.0600281169424,266.7166040996536,Down,1892
2026-02-25 09:30:00,260.4820787532358,260.4820787532358,258.9,259.2,262.49858333642067,264.278847835489,268.9619183844356,266.7166040996536,Down,1199
2026-02-25 09:45:00,259.8410393766179,259.8410393766179,258.7,258.925,262.1737121240188,264.06889301841096,268.8620485497646,266.1955777717065,Down,603
2026-02-25 10:00:00,259.383019688309,259.6,258.8,259.175,261.9011019309262,263.87697564513996,268.7656600069809,265.78641643945235,Down,740
2026-02-25 10:15:00,259.27900984415453,260.1,259.27900984415453,259.675,261.6987290281147,263.71219228650705,268.67520567855325,265.78641643945235,Down,625
2026-02-25 10:30:00,259.4770049220773,260.3,259.4770049220773,259.875,261.53293548010424,263.5617141576244,268.58764144294577,265.78641643945235,Down,473
2026-02-25 10:45:00,259.67600246103865,260.4,259.67600246103865,260.1,261.40266861827655,263.425960661247,268.50318729923487,265.78641643945235,Down,452
2026-02-25 11:00:00,259.8880012305193,260.6,259.8880012305193,260.4,261.311516925706,263.30729553727656,268.42255856988925,265.7409046706296,Down,332
2026-02-25 11:15:00,260.14400061525964,260.9,260.1,260.45,261.23319720518725,263.1952447318932,268.34322962889536,265.7409046706296,Down,755
2026-02-25 11:30:00,260.2970003076298,260.8,260.0,260.225,261.1415429138066,263.0787645463287,268.26245122462774,265.4982678143553,Down,348
2026-02-25 11:45:00,260.2610001538149,260.3,259.4,259.825,261.0218571943696,262.9511659366688,268.17849648607427,264.812061649414,Down,1130
2026-02-25 12:00:00,260.04300007690745,260.1,259.1,259.675,260.89941563124506,262.8226888411132,268.0938845807402,264.4746014994672,Down,747
2026-02-25 12:15:00,259.8590000384537,259.9,258.5,259.35,260.75855966476826,262.6865049649911,268.00688075406623,264.14054681769744,Down,868
2026-02-25 12:30:00,259.60450001922686,259.60450001922686,258.2,258.675,260.56914514978934,262.52919104479537,267.9140262191999,263.9043834872391,Down,852
2026-02-25 12:45:00,259.1397500096134,259.1397500096134,257.8,258.17499999999995,260.35149559071755,262.3584384548034,267.8171204856755,263.50445089705306,Down,898
2026-02-25 13:00:00,258.6573750048067,258.6573750048067,257.7,257.975,260.13545053701597,262.1865389075562,267.7191889385544,263.10371104255705,Down,505
2026-02-25 13:15:00,258.3161875024033,258.8,257.5,258.2,259.95950048819634,262.03020404843636,267.62447064065833,263.10002140013967,Down,639
2026-02-25 13:30:00,258.25809375120167,258.8,258.2,258.525,259.8290913529057,261.89274506614476,267.53392864423387,263.10002140013967,Down,210
2026-02-25 13:45:00,258.39154687560085,258.5,257.9,258.2,259.6809921390052,261.74793153413907,267.44105373235095,262.7165466116857,Down,376
2026-02-25 14:00:00,258.29577343780045,258.3,257.9,258.125,259.53953830818654,261.60585578770224,267.3483566802878,262.3514060106234,Down,197
2026-02-25 14:15:00,258.2103867189002,258.7,257.7,258.275,259.42458028016955,261.4752339921061,267.25807452426506,262.3514060106234,Down,322
2026-02-25 14:30:00,258.2426933594501,258.8,258.2426933594501,258.625,259.35189116379047,261.3634601100627,267.1721732852177,262.3514060106234,Down,251
2026-02-25 14:45:00,258.43384667972504,259.2,258.4,258.7,259.29262833071857,261.2590106939818,267.087873053524,262.3514060106234,Down,439
2026-02-25 15:00:00,258.5669233398625,258.7,258.4,258.525,259.2228439370169,261.15179458833546,267.00267033657354,262.2680117017043,Down,264
2026-02-25 15:15:00,258.5459616699312,258.5459616699312,257.8,258.2,259.1298581245608,261.0360379378125,266.91508157700565,261.8242502619446,Down,462
2026-02-25 15:30:00,258.3729808349656,258.3729808349656,257.9,258.1,259.0362346586916,260.9208991951532,266.8273693225081,261.6278192910875,Down,856
2026-02-25 15:45:00,258.23649041748274,258.5,258.1,258.32500000000005,258.97157696244693,260.8190992267158,266.7427686327319,261.6193898850952,Down,506
2026-02-25 16:00:00,258.2807452087414,258.6,258.2,258.475,258.9264336022245,260.7271737668446,266.6605022781774,261.5630817137229,Down,516
2026-02-25 16:15:00,258.37787260437074,258.6,258.0,258.35,258.8740305474768,260.63395126618406,266.5778107132204,261.39371064883903,Down,454
2026-02-25 16:30:00,258.3639363021854,259.0,258.1,258.425,258.83320958861526,260.5473257263337,266.4966882185615,261.39371064883903,Down,707
2026-02-25 16:45:00,258.3944681510927,259.0,258.3,258.625,258.8142814441957,260.4719404037324,266.4183629626554,261.39371064883903,Down,542
2026-02-25 17:00:00,258.5097340755464,259.4,258.5097340755464,259.0,258.8311649492688,260.4142172506448,266.3445484058131,261.39371064883903,Down,1071
2026-02-25 17:15:00,258.7548670377732,259.8,258.7548670377732,259.25,258.8692408629716,260.36856167218815,266.27395588436224,261.39371064883903,Down,1549
2026-02-25 17:30:00,259.0024335188866,259.4,258.5,259.15,258.89476442088323,260.32077493994547,266.2030707511845,261.39371064883903,Down,922
2026-02-25 17:45:00,259.0762167594433,259.5,259.0,259.25,258.9270585644393,260.27878376583,266.13388596759063,261.39371064883903,Down,698
2026-02-25 18:00:00,259.1631083797216,262.6,258.8,260.725,259.0905077858539,260.2962824416798,266.0800662067191,261.39371064883903,Down,4645
2026-02-25 18:15:00,259.9440541898608,263.5,259.9440541898608,262.8,259.4277343507763,260.39446744396685,266.04742873202537,256.56115306138815,Up,4333
2026-02-25 18:30:00,261.37202709493044,263.4,261.37202709493044,262.925,259.7456675916148,260.49370401479166,266.0163597894181,256.95686518785607,Up,2526
2026-02-25 18:45:00,262.1485135474652,263.7,262.1485135474652,263.025,260.0437887196498,260.5929705240155,265.9865950153941,257.4244904640753,Up,2646
2026-02-25 19:00:00,262.5867567737326,264.2,261.7,263.1,260.32162610877253,260.6912854054267,265.9578726769324,257.4244904640753,Up,3199
2026-02-25 19:15:00,262.84337838686633,263.7,260.6,262.15,260.4878419170659,260.7484898993315,265.91998339656493,257.4244904640753,Up,3866
2026-02-25 19:30:00,262.4966891934332,263.9,260.5,262.225,260.6457653791508,260.8063922562205,265.88321739261903,257.4244904640753,Up,4263
2026-02-25 19:45:00,262.36084459671656,264.5,262.36084459671656,263.525,260.9075139810462,260.913004324604,265.85975254294124,257.4244904640753,Up,3487
2026-02-25 20:00:00,262.94292229835827,264.4,262.8,263.675,261.1591036191329,261.0213178805019,265.83801371166817,257.4244904640753,Up,2701
2026-02-25 20:15:00,263.30896114917914,264.5,263.2,263.9,261.4082760173935,261.13420737538416,265.8187299931441,257.4244904640753,Up,2835
2026-02-25 20:30:00,263.6044805745896,265.1,263.6044805745896,264.32500000000005,261.673432743085,261.2593364979181,265.8038670081377,257.4244904640753,Up,3367
2026-02-25 20:45:00,263.96474028729483,265.2,263.96474028729483,264.575,261.93721158462273,261.38936251760765,265.7916394757184,257.80975793020104,Up,1479
2026-02-25 21:00:00,264.2698701436474,266.3,264.2698701436474,265.3,262.2429196223843,261.5427208502505,265.7867475406366,258.3897858391079,Up,3436
2026-02-25 21:15:00,264.7849350718237,265.8,264.6,265.225,262.5140178385312,261.68712395416225,265.78115801286907,258.4953188793493,Up,2050
2026-02-25 21:30:00,265.0049675359119,265.6,264.5,265.025,262.74228894411925,261.818021053999,265.773634052542,258.55483534486297,Up,1162
2026-02-25 21:45:00,265.0149837679559,265.6,264.7,265.175,262.96344449465386,261.94966728717554,265.7676774948053,258.91803213169356,Up,1215
2026-02-25 22:00:00,265.094991883978,266.8,265.094991883978,265.90000000000003,263.23040408604896,262.1045822955216,265.7689941366481,259.6620676558843,Up,2824
2026-02-25 22:15:00,265.497495941989,267.1,265.4,266.35,263.51400371458993,262.2710692643247,265.77477528951727,259.9177924671775,Up,2685
2026-02-25 22:30:00,265.92374797099444,267.3,265.92374797099444,266.725,263.80591246780904,262.4457332147433,265.78423026176085,260.3548663996566,Up,1950
2026-02-25 22:45:00,266.32437398549723,266.8,266.3,266.65000000000003,264.0644658798264,262.6106064220083,265.79284488602195,260.6799931037812,Up,940
2026-02-25 23:00:00,266.48718699274866,267.4,266.3,266.85,264.3176962543876,262.77685715055696,265.80336384237995,261.1136300943466,Up,1357
2026-02-25 23:15:00,266.66859349637434,267.1,264.7,265.875,264.45926932217054,262.8983529485743,265.80407663996823,261.1136300943466,Up,2623
2026-02-25 23:30:00,266.2717967481872,266.2717967481872,264.2,264.77500000000003,264.48797211106415,262.971946950591,265.79383707141136,261.1136300943466,Up,2087
2026-02-25 23:45:00,265.52339837409363,265.52339837409363,264.5,264.775,264.51406555551284,263.04265491331296,265.7836993891088,261.1136300943466,Up,1521
2026-02-26 00:00:00,265.1491991870468,265.1491991870468,264.3,264.75,264.5355141413753,263.1096096225948,265.77341382304803,261.1136300943466,Up,1549
2026-02-26 09:00:00,264.94959959352343,264.94959959352343,260.6,261.6,264.2686492194321,263.05040924523814,265.7318873173461,261.1136300943466,Up,550
2026-02-26 09:15:00,263.2747997967617,263.2747997967617,261.3,261.6,264.0260447449383,262.99353045130727,265.69077401070587,261.1136300943466,Up,1220
2026-02-26 09:30:00,262.4373998983809,262.4373998983809,261.6,261.875,263.8304952226712,262.9496665120403,265.65280611010184,261.1136300943466,Up,941
2026-02-26 09:45:00,262.1561999491904,262.1561999491904,261.4,261.7,263.63681383879197,262.9006599821564,265.61347470602124,261.1136300943466,Up,681
2026-02-26 10:00:00,261.9280999745952,261.9280999745952,261.0,261.375,263.43119439890177,262.8408301789346,265.5713008283494,261.1136300943466,Up,698
2026-02-26 10:15:00,261.6515499872976,261.6515499872976,260.8,260.95,263.20563127172886,262.7666799758391,265.52531773553005,267.0693282879348,Down,590
2026-02-26 10:30:00,261.3007749936488,261.3007749936488,260.7,260.85,262.99148297429895,262.69151605521796,265.47879716104717,266.5311723075022,Down,495
2026-02-26 10:45:00,261.0753874968244,261.6,260.7,261.15,262.82407543118086,262.6310644452094,265.43572455247954,266.505258918798,Down,656
2026-02-26 11:00:00,261.1126937484122,261.4,259.8,260.7,262.63097766470986,262.5553364277502,265.38860291514146,266.0502353807255,Down,1333
2026-02-26 11:15:00,260.90634687420606,260.90634687420606,258.8,259.75,262.36907060428166,262.4453232345051,265.3324974134983,265.57387719201927,Down,1829
2026-02-26 11:30:00,260.32817343710303,260.32817343710303,258.3,259.1,262.07188236752876,262.31413408805395,265.2704825138615,265.2522441092401,Down,1382
2026-02-26 11:45:00,259.71408671855147,259.71408671855147,258.2,258.625,261.75852942502615,262.1694621630322,265.2043583097435,264.9059452484659,Down,1076
2026-02-26 12:00:00,259.16954335927574,259.16954335927574,257.4,258.25,261.43957220456923,262.015757764482,265.1351607146217,264.3363346186383,Down,1573
2026-02-26 12:15:00,258.70977167963787,258.70977167963787,257.3,257.57500000000005,261.0882474586993,261.84161040116896,265.0599352348742,264.01895094059677,Down,835
2026-02-26 12:30:00,258.142385839819,258.142385839819,256.7,257.225,260.7370431442721,261.66056685602507,264.9819756802984,263.41302877145984,Down,1043
2026-02-26 12:45:00,257.6836929199095,257.6836929199095,256.1,256.82500000000005,260.38140285842917,261.4709367832398,264.900811743181,262.91485829587674,Down,1322
2026-02-26 13:00:00,257.2543464599548,257.4,256.4,256.825,260.0580935076629,261.28874318389705,264.82045540742797,262.73910166901993,Down,827
2026-02-26 13:15:00,257.0396732299774,257.0396732299774,256.5,256.6,259.7437213706026,261.1048709021756,264.73865983123466,262.27435567045313,Down,430
2026-02-26 13:30:00,256.8198366149888,256.8198366149888,256.2,256.475,259.446564882366,260.9233073373844,264.6564343602771,261.73942167245804,Down,561
2026-02-26 13:45:00,256.6474183074944,256.6474183074944,255.9,256.32500000000005,259.16278625669634,260.7429815594478,264.57353451589626,261.2995915973484,Down,684
2026-02-26 14:00:00,256.4862091537472,256.7,256.3,256.525,258.92298750608757,260.5775705179008,264.4934495953401,261.214438585092,Down,403
2026-02-26 14:15:00,256.5056045768736,256.5056045768736,256.0,256.275,258.68226136917053,260.4088422622969,264.411673977476,260.72956463852046,Down,371
2026-02-26 14:30:00,256.3903022884368,256.3903022884368,255.3,255.825,258.42251033560956,260.22908374220685,264.3262344354116,260.3114086582715,Down,693
2026-02-26 14:45:00,256.1076511442184,256.1076511442184,255.3,255.775,258.1818275778269,260.05441379153206,264.24114752560655,260.0577510009641,Down,640
2026-02-26 15:00:00,255.9413255721092,256.2,255.7,256.02500000000003,257.98575234347896,259.8963975644132,264.159394813909,260.0577510009641,Down,556
2026-02-26 15:15:00,255.9831627860546,256.4,255.9,256.225,257.8256839486172,259.7524211893382,264.08044561178053,260.0577510009641,Down,801
2026-02-26 15:30:00,256.1040813930273,256.4,256.0,256.275,257.6847126805611,259.6160517309328,264.0027794862902,259.93217537855367,Down,991
2026-02-26 15:45:00,256.18954069651363,256.3,255.8,256.125,257.54292061869194,259.47914774148444,263.924393620755,259.6247048895942,Down,1097
2026-02-26 16:00:00,256.1572703482568,256.2,255.3,255.725,257.3776551079017,259.33192626142625,263.84280761457836,259.32700444508566,Down,755
2026-02-26 16:15:00,255.9411351741284,256.1,255.3,255.575,257.21377737081974,259.1845958198017,263.76054087214476,259.2427313137143,Down,751
2026-02-26 16:30:00,255.7580675870642,255.8,254.7,255.2,257.0307067007452,259.02833716020166,263.67536136097914,258.87066483064933,Down,1133
2026-02-26 16:45:00,255.4790337935321,255.4790337935321,254.4,254.825,256.83018790976837,258.8635004088212,263.587298063855,258.6234063040953,Down,1295
2026-02-26 17:00:00,255.15201689676604,255.15201689676604,254.2,254.6,256.6274435543349,258.69630431435763,263.4978722124734,258.3711867811427,Down,898
2026-02-26 17:15:00,254.876008448383,254.876008448383,253.6,254.3,256.4158577766681,258.5239002235985,263.40635109593137,258.0612603261123,Down,1882
2026-02-26 17:30:00,254.58800422419148,254.9,254.2,254.475,256.23941616060733,258.3651198226731,263.3174819307977,258.0612603261123,Down,1933
2026-02-26 17:45:00,254.5315021120957,256.4,254.4,255.225,256.14719650964304,258.24197786884275,263.2369597225311,258.0612603261123,Down,2863
2026-02-26 18:00:00,254.87825105604784,255.8,254.4,255.2,256.0610877360391,258.1226846190842,263.1569899740482,258.0612603261123,Down,2078
2026-02-26 18:15:00,255.039125528024,255.3,254.5,254.95,255.96007976003554,257.99826561441427,263.0753283822666,258.0612603261123,Down,863
2026-02-26 18:30:00,254.994562764012,255.9,254.7,255.2,255.8909816000323,257.88852970796665,262.9969669058261,258.0612603261123,Down,1492
2026-02-26 18:45:00,255.097281382006,256.8,255.0,255.625,255.8668014545748,257.799763837066,262.92361400129056,258.0612603261123,Down,2801
2026-02-26 19:00:00,255.361140691003,256.2,254.7,255.65,255.84709223143165,257.7154593728673,262.851239732621,258.0612603261123,Down,2210
2026-02-26 19:15:00,255.5055703455015,256.2,254.9,255.7,255.8337202103924,257.63642175040195,262.7800831183661,258.0612603261123,Down,1200
2026-02-26 19:30:00,255.6027851727508,256.3,255.1,255.55,255.8079274639931,257.55460128960186,262.7081419928103,258.0612603261123,Down,1630
2026-02-26 19:45:00,255.5763925863754,255.9,254.2,255.075,255.74129769453918,257.45736202334297,262.6321903311903,258.0612603261123,Down,1777
2026-02-26 20:00:00,255.3256962931877,257.6,254.8,256.075,255.7716342677629,257.4031517479178,262.5669446562531,258.0612603261123,Down,2859
2026-02-26 20:15:00,255.70034814659385,256.8,255.1,256.175,255.80830387978443,257.35498893427393,262.5033432168874,258.0612603261123,Down,1814
2026-02-26 20:30:00,255.93767407329693,256.3,255.5,255.9,255.81663989071313,257.29793054469457,262.43763830925667,258.0612603261123,Down,1073
2026-02-26 20:45:00,255.91883703664848,255.91883703664848,253.9,255.0,255.7423999006483,257.20781562137324,262.3636319579208,258.0612603261123,Down,2914
2026-02-26 21:00:00,255.45941851832424,257.3,254.4,255.975,255.76354536422573,257.15946991073116,262.3000634807276,258.0612603261123,Down,4247
2026-02-26 21:15:00,255.71720925916213,259.0,255.71720925916213,257.6,255.93049578565973,257.1767456005064,262.25329667992435,258.0612603261123,Down,6299
2026-02-26 21:30:00,256.6586046295811,258.9,256.6,257.85,256.10499616878155,257.2031477338199,262.20948278261164,258.0612603261123,Down,3254
2026-02-26 21:45:00,257.2543023147905,258.6,256.9,257.82500000000005,256.2613601534378,257.2275340971995,262.1658560882573,258.0612603261123,Down,2123
2026-02-26 22:00:00,257.53965115739527,258.1,255.4,256.725,256.303509230398,257.2078268777015,262.11171821673236,258.0612603261123,Down,2368
2026-02-26 22:15:00,257.13232557869765,257.13232557869765,255.6,256.05,256.2804629367254,257.1624219021054,262.0514026125858,258.0612603261123,Down,1449
2026-02-26 22:30:00,256.5911627893488,256.5911627893488,255.1,255.775,256.2345117606595,257.10801320006203,261.98895084529636,258.0612603261123,Down,1225
2026-02-26 22:45:00,256.1830813946744,256.5,255.4,255.875,256.2018288733268,257.0596597412361,261.9281155135024,258.0612603261123,Down,1071
2026-02-26 23:00:00,256.0290406973372,256.0290406973372,255.4,255.8,256.1652989757516,257.0102613200112,261.8671392397362,258.0612603261123,Down,752
2026-02-26 23:15:00,255.91452034866865,257.0,255.7,256.17499999999995,256.16618088704695,256.9775059741284,261.8105010383458,258.0612603261123,Down,1119
2026-02-26 23:30:00,256.0447601743343,257.1,256.0,256.55,256.20107353367905,256.9607410339665,261.7581577444319,258.0612603261123,Down,1422
2026-02-26 23:45:00,256.29738008716714,257.8,256.29738008716714,257.125,256.28506684879915,256.9671825620462,261.712056672348,258.0612603261123,Down,1794
2026-02-27 00:00:00,256.71119004358354,257.5,256.7,257.15,256.36369713527193,256.97435187333855,261.66666307361817,258.0612603261123,Down,1680
2026-02-27 09:00:00,256.93059502179176,258.9,256.93059502179176,258.4,256.5488155775199,257.03025964301156,261.6341589634329,252.4752951104058,Up,324
2026-02-27 09:15:00,257.66529751089587,258.5,257.66529751089587,258.125,256.6921050704726,257.0731906374033,261.59924195882166,252.4752951104058,Up,1607
2026-02-27 09:30:00,257.895148755448,258.2,257.6,257.875,256.79964097315695,257.10463414181885,261.56218482490306,252.4752951104058,Up,859
2026-02-27 09:45:00,257.885074377724,258.5,257.6,257.95000000000005,256.9042190665063,257.1377857441005,261.52624268734183,252.71157521531296,Up,724
2026-02-27 10:00:00,257.917537188862,258.3,257.8,258.1,257.01292642409663,257.1755196364887,261.4921507203036,253.01506837755724,Up,649
2026-02-27 10:15:00,258.008768594431,258.4,257.7,258.0,257.1026603855424,257.20785219976364,261.45740295194236,253.21824397959745,Up,476
2026-02-27 10:30:00,258.0043842972155,258.2,257.6,257.925,257.17741853231126,257.23597564291015,261.4222546638633,253.28931270872496,Up,485
2026-02-27 10:45:00,257.9646921486077,258.3,257.9646921486077,258.2,257.2703804839193,257.27378051965877,261.39019242840203,253.80444853678117,Up,360
2026-02-27 11:00:00,258.08234607430387,258.5,258.0,258.29999999999995,257.3639822581085,257.3140244208486,261.35944424503487,254.13372951134298,Up,337
2026-02-27 11:15:00,258.1911730371519,258.6,258.1,258.325,257.45134750737134,257.35367052199183,261.32925076995986,254.42611773758455,Up,261
2026-02-27 11:30:00,258.258086518576,259.2,258.2,258.67499999999995,257.5625886430648,257.40548736426666,261.3028403145374,254.76919794325863,Up,739
2026-02-27 11:45:00,258.466543259288,259.9,258.466543259288,259.3,257.7205351300589,257.4797819774327,261.2829115551887,255.08855821780205,Up,1125
2026-02-27 12:00:00,258.883271629644,259.7,258.883271629644,259.275,257.8618501182354,257.5501826842001,261.26293233573415,255.272176942109,Up,496
2026-02-27 12:15:00,259.079135814822,259.2,258.4,258.825,257.9494091983958,257.6001755201138,261.2386743025428,255.272176942109,Up,535
2026-02-27 12:30:00,258.952067907411,259.5,258.4,258.875,258.0335538167235,257.65016863697207,261.21515515525385,255.272176942109,Up,435
2026-02-27 12:45:00,258.9135339537055,259.4,258.8,259.025,258.12368528793047,257.7040835923849,261.1933625666444,255.272176942109,Up,307
2026-02-27 13:00:00,258.96926697685274,259.3,258.6,258.82500000000005,258.1874411708459,257.74804109856586,261.16979676996135,255.272176942109,Up,231
2026-02-27 13:15:00,258.8971334884264,258.9,258.4,258.625,258.2272192462235,257.78243164372014,261.1444754090662,255.272176942109,Up,443
2026-02-27 13:30:00,258.7610667442132,259.2,258.5,258.8,258.27929022383955,257.8223362851429,261.1211472955432,255.31622291148147,Up,407
2026-02-27 13:45:00,258.78053337210656,259.1,258.6,258.82500000000005,258.3289002034905,257.8616564308236,261.09830005877166,255.4556571922559,Up,308
2026-02-27 14:00:00,258.8027666860533,258.9,258.5,258.725,258.36490927590046,257.8955130413795,261.0746851328137,255.46877926568715,Up,195
2026-02-27 14:15:00,258.7638833430267,259.0,258.5,258.725,258.39764479627314,257.92804194171754,261.05130518124344,255.63070842335196,Up,156
2026-02-27 14:30:00,258.74444167151336,259.4,258.4,258.775,258.43194981479377,257.9612559832188,261.028655378445,255.70064402122904,Up,572
2026-02-27 14:45:00,258.75972083575664,259.1,258.7,258.875,258.47222710435796,257.9970890819161,261.00722597169437,255.8460400192991,Up,175
2026-02-27 15:00:00,258.8173604178783,259.0,257.8,258.6,258.4838428221436,258.02073264733116,260.9832734744636,255.8460400192991,Up,1225
2026-02-27 15:15:00,258.7086802089392,259.4,258.7,259.02500000000003,258.53303892922145,258.0601156807692,260.96378816626003,255.8460400192991,Up,480
2026-02-27 15:30:00,258.8668401044696,259.8,258.8,259.35,258.607308117474,258.11069937956256,260.94773057256594,256.0167843871519,Up,960
2026-02-27 15:45:00,259.1084200522348,261.3,259.1084200522348,260.3,258.76118919770363,258.19655430585425,260.94128549224195,256.4225303970681,Up,1945
2026-02-27 16:00:00,259.7042100261174,261.0,259.7042100261174,260.575,258.92608108882143,258.2898266860168,260.9376408604784,256.4430180870566,Up,1538
2026-02-27 16:15:00,260.1396050130587,260.7,259.6,260.29999999999995,259.0509828080195,258.36865701205534,260.9312961752995,256.4430180870566,Up,1051
2026-02-27 16:30:00,260.21980250652933,260.8,259.9,260.475,259.1804389163814,258.4512586978571,260.9267559148488,256.4430180870566,Up,1197
2026-02-27 16:45:00,260.34740125326465,260.8,260.1,260.5,259.30039901489215,258.5316014940196,260.9225095873379,256.63040050638466,Up,384
2026-02-27 17:00:00,260.42370062663235,260.42370062663235,259.5,260.1,259.37309001353833,258.5931073177835,260.9143254123395,256.63040050638466,Up,1215
2026-02-27 17:15:00,260.2618503133162,260.2618503133162,259.6,260.0,259.43008183048937,258.64827957983124,260.90522764704264,256.63040050638466,Up,991
2026-02-27 17:30:00,260.1309251566581,260.5,259.6,260.0,259.48189257317216,258.70128822375943,260.8962204067736,256.63040050638466,Up,1073
2026-02-27 17:45:00,260.06546257832906,260.9,259.9,260.35,259.5608114301565,258.76594358753357,260.8907853778505,256.65789657026534,Up,787
2026-02-27 18:00:00,260.2077312891645,262.4,260.2077312891645,261.5,259.7371013001422,258.8731614860617,260.8968472148868,257.10476481361053,Up,3948
2026-02-27 18:15:00,260.85386564458224,262.9,260.85386564458224,262.3,259.9700920910384,259.00754731013774,260.91080893414164,257.3155195739831,Up,2485
2026-02-27 18:30:00,261.5769328222912,263.3,261.5769328222912,262.575,260.206901900944,259.14744741562254,260.9273680492248,257.6651572116988,Up,2554
2026-02-27 18:45:00,262.0759664111456,263.3,262.0759664111456,262.925,260.4540017281309,259.29558673265694,260.9472449840584,257.90350808285586,Up,2192
2026-02-27 19:00:00,262.5004832055728,264.5,262.5004832055728,263.65,260.7445470255735,259.4663480372586,260.97413806879416,258.4236217477975,Up,3355
2026-02-27 19:15:00,263.0752416027864,263.8,262.0,262.925,260.9427700232486,259.6019814475622,260.9935496302987,258.4236217477975,Up,2738
2026-02-27 19:30:00,263.0001208013932,263.4,261.9,262.575,261.09115456658964,259.7185704104029,261.00928545487284,258.4236217477975,Up,1488
2026-02-27 19:45:00,262.78756040069663,263.5,262.4,263.0,261.26468596962695,259.8472539237204,261.0290935597995,258.4236217477975,Up,1312
2026-02-27 20:00:00,262.8937802003483,263.5,261.0,262.15,261.3451690632972,259.9375576914176,261.04024685771196,258.4236217477975,Up,2692
2026-02-27 20:15:00,262.5218901001741,262.5218901001741,259.3,260.32500000000005,261.2524264211793,259.95275150744044,261.0331299735557,258.4236217477975,Up,6023
2026-02-27 20:30:00,261.4234450500871,261.4234450500871,258.3,259.475,261.09084220107206,259.9340161542075,261.01762619272426,258.4236217477975,Up,3805
2026-02-27 20:45:00,260.4492225250435,262.2,259.8,260.975,261.0803110918837,259.9748390501209,261.01720205150315,258.4236217477975,Up,3095
2026-02-27 21:00:00,260.7121112625217,262.3,260.0,261.1,261.0821009926215,260.0189630089397,261.0180259116872,258.4236217477975,Up,2753
2026-02-27 21:15:00,260.90605563126087,260.90605563126087,259.4,260.05,260.9882736296559,260.02018014584405,261.00839381306344,258.4236217477975,Up,2442
2026-02-27 21:30:00,260.4780278156304,261.0,259.5,260.1,260.90752148150534,260.0233103362031,260.99935506865484,258.4236217477975,Up,1936
2026-02-27 21:45:00,260.2890139078152,261.6,259.1,260.3,260.85229225591394,260.034160911254,260.9923963117528,258.4236217477975,Up,2859
2026-02-27 22:00:00,260.2945069539076,262.9,260.2945069539076,261.775,260.9361747781036,260.1024291108127,261.00018341312847,258.4236217477975,Up,3555
2026-02-27 22:15:00,261.0347534769538,263.5,261.0347534769538,262.42499999999995,261.0715225255487,260.1935103221534,261.01436069259984,258.4236217477975,Up,3236
2026-02-27 22:30:00,261.7298767384769,262.8,261.5,262.1,261.1650204777715,260.2682746232454,261.025163073768,258.4236217477975,Up,1281
2026-02-27 22:45:00,261.9149383692385,262.5,261.6,262.075,261.2477458888832,260.3391265988044,261.0356092123375,258.4236217477975,Up,983
2026-02-27 23:00:00,261.9949691846192,262.4,260.7,261.70000000000005,261.2888598989847,260.392494183165,261.0422200659461,258.4236217477975,Up,1850
2026-02-27 23:15:00,261.8474845923096,262.4,261.0,261.67499999999995,261.3239635445315,260.44278852892324,261.04851638369786,258.4236217477975,Up,2591
2026-02-27 23:30:00,261.7612422961548,262.1,260.5,261.45,261.33542140411953,260.4822870179851,261.0525112455516,258.4236217477975,Up,2162
2026-02-27 23:45:00,261.6056211480774,262.7,261.0,261.925,261.3890194582905,260.5388639976719,261.0611927256954,258.4236217477975,Up,2875
2026-02-28 00:00:00,261.7653105740387,263.4,261.7653105740387,262.45,261.4854722348095,260.61381050756717,261.07501170354914,258.4236217477975,Up,2317
2026-03-02 09:00:00,262.1076552870194,267.3,262.1076552870194,265.75,261.87315657709956,260.81522970334885,261.1215290000313,258.4236217477975,Up,490
2026-03-02 09:15:00,263.9288276435097,268.2,263.9288276435097,267.35,262.37105143372685,261.07149520517834,261.18350383585187,258.4236217477975,Up,3136
2026-03-02 09:30:00,265.63941382175483,267.5,265.63941382175483,267.02500000000003,262.7941376670244,261.3049659814459,261.24162817579366,258.4236217477975,Up,1098
2026-03-02 09:45:00,266.3322069108774,267.3,266.3322069108774,266.95000000000005,263.17194333365853,261.52633986452645,261.29842789543756,258.4236217477975,Up,789
2026-03-02 10:00:00,266.6411034554387,267.7,266.6,267.0,263.5199484851441,261.7409932031725,261.3551599561795,259.07020832577774,Up,666
2026-03-02 10:15:00,266.82055172771936,266.9,266.4,266.6,263.7999531683128,261.93154248932257,261.4073474193021,259.0865530234343,Up,726
2026-03-02 10:30:00,266.7102758638597,266.8,265.1,265.95,263.99541197119345,262.08912905836877,261.45254794249314,259.0865530234343,Up,920
2026-03-02 10:45:00,266.3301379319298,266.3301379319298,265.0,265.35,264.1185563374486,262.2170063501975,261.49132855998073,259.0865530234343,Up,996
2026-03-02 11:00:00,265.8400689659649,266.3,265.4,265.79999999999995,264.271414852226,262.3575159050917,261.53420091261773,259.0865530234343,Up,601
2026-03-02 11:15:00,265.82003448298246,266.4,265.3,266.025,264.4308316838418,262.50133881077437,261.5788854806514,259.10582428344054,Up,574
2026-03-02 11:30:00,265.9225172414912,267.4,265.9225172414912,266.725,264.6393924398562,262.6669725829009,261.63009060024694,259.9929233298701,Up,1209
2026-03-02 11:45:00,266.3237586207456,270.3,266.3237586207456,268.5,264.99035676350564,262.89571875612046,261.69844790770713,260.8038503625753,Up,2784
2026-03-02 12:00:00,267.4118793103728,272.3,267.4118793103728,270.975,265.5344152395506,263.212553314704,261.7907519086255,261.2529603609606,Up,3687
2026-03-02 12:15:00,269.1934396551864,273.0,269.1934396551864,272.04999999999995,266.12674112686415,263.55911985138226,261.8928339791865,261.8916257983649,Up,2305
2026-03-02 12:30:00,270.6217198275932,272.5,270.6217198275932,272.1,266.6697646607856,263.89405632779864,261.99439782018965,262.5095816427138,Up,1248
2026-03-02 12:45:00,271.3608599137966,274.0,271.3608599137966,273.025,267.2475133279869,264.2521325502379,262.10415505580966,263.4923078609309,Up,1641
2026-03-02 13:00:00,272.1929299568983,274.6,272.1929299568983,273.925,267.85455757089716,264.63146068552265,262.22177540351305,264.16832851189633,Up,1360
2026-03-02 13:15:00,273.0589649784491,274.3,273.0589649784491,273.92499999999995,268.40641597354283,264.99591320765904,262.338225399498,264.838982057249,Up,1276
2026-03-02 13:30:00,273.49198248922454,275.9,273.49198248922454,274.925,268.99901452140256,265.38528916029986,262.46346693781146,265.7835299388979,Up,1710
2026-03-02 13:45:00,274.2084912446123,276.6,274.2084912446123,275.85,269.62183138309325,265.795669977543,262.59666627176364,266.432368524243,Up,1556
2026-03-02 14:00:00,275.0292456223061,277.3,275.0292456223061,276.35,270.2334830755393,266.20956527254134,262.7335153635869,267.182642039207,Up,1375
2026-03-02 14:15:00,275.6896228111531,277.8,275.6896228111531,277.07500000000005,270.8554391595812,266.63566075204955,262.8762167032527,267.8119644533176,Up,1471
2026-03-02 14:30:00,276.38231140557656,278.0,276.38231140557656,277.65,271.47312650871015,267.06759562451816,263.02321952212577,268.482135348217,Up,2480
2026-03-02 14:45:00,277.0161557027883,279.0,275.9,277.4,272.01193318973645,267.4727879529684,263.1662720641942,268.482135348217,Up,2055
2026-03-02 15:00:00,277.20807785139414,277.20807785139414,275.6,276.225,272.3949392633968,267.8160119548128,263.29620965559525,268.482135348217,Up,789
2026-03-02 15:15:00,276.7165389256971,276.7165389256971,275.5,276.075,272.72949023945165,268.1398938389378,263.4233617983257,268.482135348217,Up,800
2026-03-02 15:30:00,276.39576946284853,276.6,275.3,276.0,273.02680930859236,268.44813329623435,263.54850247694935,268.482135348217,Up,990
2026-03-02 15:45:00,276.19788473142427,276.19788473142427,275.0,275.55,273.2561902805385,268.7266378728526,263.66792036275086,268.482135348217,Up,1029
2026-03-02 16:00:00,275.87394236571214,276.0,272.5,274.25,273.34653661867134,268.9432403092113,263.7732146874996,268.482135348217,Up,2428
2026-03-02 16:15:00,275.06197118285604,275.06197118285604,272.0,273.07500000000005,273.3218514715194,269.10527010100697,263.86576976523594,268.482135348217,Up,1963
2026-03-02 16:30:00,274.06848559142804,274.7,273.5,273.975,273.3812286104722,269.29623990096746,263.96635912080575,268.482135348217,Up,1231
2026-03-02 16:45:00,274.02174279571403,274.9,273.0,274.125,273.44884419133837,269.485603042106,264.06744012457887,268.482135348217,Up,1366
2026-03-02 17:00:00,274.07337139785704,274.6,273.1,273.875,273.4875856284894,269.65773625614105,264.1650277850308,268.482135348217,Up,2245
2026-03-02 17:15:00,273.9741856989285,273.9741856989285,271.4,272.35,273.38416875317216,269.7633152264885,264.2464702946325,268.482135348217,Up,3202
2026-03-02 17:30:00,273.1620928494643,274.7,270.6,272.775,273.328789775611,269.88142051172423,264.33133128672574,268.482135348217,Up,6274
2026-03-02 17:45:00,272.9685464247321,276.3,272.9685464247321,274.8,273.4625361596464,270.07430598185266,264.43549714456924,268.482135348217,Up,4049
2026-03-02 18:00:00,273.8842732123661,277.4,273.8842732123661,276.1,273.70230559967854,270.31060770805453,264.5515618495984,268.482135348217,Up,3358
2026-03-02 18:15:00,274.99213660618307,280.1,274.99213660618307,278.45,274.13391418152594,270.62979956264064,264.6898547665178,268.482135348217,Up,6478
2026-03-02 18:30:00,276.7210683030916,281.7,276.7210683030916,280.15,274.68083107411445,271.0031407562626,264.8436870573982,268.482135348217,Up,7011
2026-03-02 18:45:00,278.43553415154577,282.7,278.43553415154577,280.275,275.18939188555856,271.36674307954644,264.99723245981215,268.482135348217,Up,9009
2026-03-02 19:00:00,279.3552670757729,280.0,277.0,278.725,275.5108108050532,271.6553021744662,265.1338271617046,268.482135348217,Up,5987
2026-03-02 19:15:00,279.04013353788645,280.5,278.4,279.325,275.85755527732107,271.9560746382126,265.2750328615881,268.482135348217,Up,3590
2026-03-02 19:30:00,279.1825667689432,279.8,275.6,277.8,276.034141161201,272.1852481818121,265.3996594002788,268.482135348217,Up,5781
2026-03-02 19:45:00,278.4912833844716,278.4912833844716,273.2,275.025,275.9424010556372,272.29661099821163,265.4954339336094,268.482135348217,Up,7284
2026-03-02 20:00:00,276.75814169223577,276.75814169223577,272.4,273.6,275.72945550512475,272.34772429239945,265.57607638203115,268.482135348217,Up,5748
2026-03-02 20:15:00,275.1790708461179,275.6,273.0,274.125,275.5835959137498,272.41742137897205,265.66114029862786,268.482135348217,Up,3059
2026-03-02 20:30:00,274.6520354230589,274.9,268.6,271.9,275.2487235579543,272.3971303445026,265.7232185046116,268.482135348217,Up,6785
2026-03-02 20:45:00,273.27601771152945,273.27601771152945,269.1,270.95000000000005,274.8579305072312,272.34038013491426,265.77522628068516,268.482135348217,Up,4047
2026-03-02 21:00:00,272.11300885576475,273.9,271.4,272.7,274.6617550065738,272.35448287472155,265.84412950177284,268.482135348217,Up,2915
2026-03-02 21:15:00,272.4065044278824,274.2,272.4,273.275,274.5356863696125,272.39058158551677,265.9180685117054,268.482135348217,Up,1970
2026-03-02 21:30:00,272.8407522139412,273.6,271.3,272.4,274.3415330632841,272.39095093510434,265.9825653424347,268.482135348217,Up,2910
2026-03-02 21:45:00,272.6203761069706,272.6203761069706,270.5,271.6,274.09230278480373,272.35993325137474,266.0384602146493,268.482135348217,Up,2088
2026-03-02 22:00:00,272.11018805348533,272.3,270.1,271.32500000000005,273.840729804367,272.3193476336738,266.09106260057325,268.482135348217,Up,2325
2026-03-02 22:15:00,271.7175940267427,271.7175940267427,269.0,270.125,273.5029361857882,272.23329478529445,266.1312012811646,268.482135348217,Up,3402
2026-03-02 22:30:00,270.9212970133714,270.9212970133714,268.7,269.6,273.148123805262,272.13002832312606,266.16571669130224,268.482135348217,Up,3168
2026-03-02 22:45:00,270.2606485066857,270.5,269.5,269.975,272.8596580047836,272.04551740849365,266.2036200078067,268.482135348217,Up,1667
2026-03-02 23:00:00,270.11782425334286,270.9,269.3,270.25,272.6224163679851,271.97510496110175,266.24388249529125,268.482135348217,Up,2090
2026-03-02 23:15:00,270.18391212667143,272.7,270.18391212667143,271.29999999999995,272.5021966981683,271.9486302567448,266.2941921222038,268.482135348217,Up,3107
2026-03-02 23:30:00,270.7419560633357,272.9,270.7419560633357,271.57500000000005,272.4179060892439,271.93397808981365,266.3467374742217,268.482135348217,Up,2455
2026-03-02 23:45:00,271.15847803166787,272.4,270.7,271.65,272.3480964447672,271.92284169413466,266.3995062555727,268.482135348217,Up,2239
2026-03-03 00:00:00,271.4042390158339,272.8,271.3,272.1,272.3255422225156,271.9297890786784,266.456227586363,268.482135348217,Up,2174
2026-03-03 17:00:00,271.752119507917,282.8,264.4,276.5,272.7050383841051,272.1090130363773,266.5561656203295,268.482135348217,Up,462
2026-03-03 17:15:00,274.1260597539585,288.3,274.1260597539585,284.8,273.80458034918644,272.6066987996566,266.73769631067455,268.482135348217,Up,14947
2026-03-03 17:30:00,279.46302987697925,288.3,279.46302987697925,286.77500000000003,274.98370940835133,273.1623184545721,266.93707246678724,268.482135348217,Up,7234
2026-03-03 17:45:00,283.1190149384896,291.5,283.1190149384896,288.85,276.2442812803194,273.777521652432,267.15511154671975,268.482135348217,Up,31476
2026-03-03 18:00:00,285.9845074692448,288.6,285.7,287.1,277.23116480029034,274.29997178370917,267.3535681482449,268.482135348217,Up,7063
2026-03-03 18:15:00,286.5422537346224,287.0,285.6,286.35,278.0601498184458,274.77252190983825,267.54258737065044,268.482135348217,Up,4645
2026-03-03 18:30:00,286.44612686731125,287.8,284.6,286.1,278.79104528949614,275.21673673690344,267.7272382425843,268.482135348217,Up,7577
2026-03-03 18:45:00,286.27306343365564,287.5,285.0,286.3,279.47367753590555,275.65137451192686,267.9120418421606,268.482135348217,Up,5368
2026-03-03 19:00:00,286.2865317168278,288.7,286.0,287.54999999999995,280.20788866900506,276.117987276165,268.10744441089537,269.7368272262314,Up,4716
2026-03-03 19:15:00,286.91826585841386,289.9,286.91826585841386,288.55,280.96626242636825,276.6055171869037,268.3108529242198,271.3128907197496,Up,5672
2026-03-03 19:30:00,287.7341329292069,290.7,287.7341329292069,289.5,281.74205675124387,277.11118317957414,268.5216902085559,272.5965309757175,Up,5287
2026-03-03 19:45:00,288.61706646460345,292.4,288.61706646460345,291.175,282.59959704658536,277.66270540782614,268.7470962761325,274.023343320443,Up,7022
2026-03-03 20:00:00,289.89603323230176,295.2,289.89603323230176,293.35,283.5769064059867,278.27789343104865,268.99190128831026,275.63276514438905,Up,7046
2026-03-03 20:15:00,291.6230166161509,294.9,289.9,292.725,284.4085512781697,278.8444466298311,269.2280515242475,275.63276514438905,Up,168064
2026-03-03 20:30:00,292.17400830807543,292.6,290.7,291.475,285.05095570742697,279.33976244826914,269.44941419564805,275.63276514438905,Up,3031
2026-03-03 20:45:00,291.8245041540377,292.2,289.5,290.825,285.5758688249336,279.790163920886,269.6621065917113,275.63276514438905,Up,3731
2026-03-03 21:00:00,291.32475207701884,291.32475207701884,288.2,289.27500000000003,285.91215347721237,280.16211827692973,269.85725975995297,275.63276514438905,Up,4155
2026-03-03 21:15:00,290.2998760385094,290.8,288.4,289.2,286.2110486156476,280.51654501116775,270.0497248369684,275.63276514438905,Up,3128
2026-03-03 21:30:00,289.7499380192547,290.4,286.8,288.825,286.44868055967964,280.84236677543566,270.23654349530705,275.63276514438905,Up,4947
2026-03-03 21:45:00,289.28746900962733,290.4,288.5,289.475,286.7238005087997,281.1809014116931,270.42797092321445,275.63276514438905,Up,2202
2026-03-03 22:00:00,289.3812345048136,291.2,289.3812345048136,290.5,287.0670913716361,281.5463562582934,270.62769260557053,276.6380781695449,Up,2060
2026-03-03 22:15:00,289.9406172524068,290.7,287.7,289.25,287.26553761057824,281.8484599344388,270.8129891965599,276.6380781695449,Up,2850
2026-03-03 22:30:00,289.5953086262034,289.5953086262034,286.8,287.775,287.311852373253,282.08087327034315,270.9817654234598,276.6380781695449,Up,4461
2026-03-03 22:45:00,288.6851543131017,290.7,287.4,289.0,287.46532033932084,282.35221157346695,271.1610513396443,276.6380781695449,Up,3365
2026-03-03 23:00:00,288.8425771565509,290.7,288.8425771565509,290.32500000000005,287.72529121756435,282.66486994313493,271.35173739596627,277.0204062613273,Up,2441
2026-03-03 23:15:00,289.58378857827546,291.4,289.58378857827546,290.775,288.00253747051306,282.9829142590904,271.5450036905338,278.2397425749214,Up,2740
2026-03-03 23:30:00,290.1793942891377,291.0,289.1,290.05,288.18867042773917,283.260054876381,271.72913300704596,278.2397425749214,Up,2493
2026-03-03 23:45:00,290.1146971445688,290.1146971445688,288.1,289.07500000000005,288.2692458433993,283.4880919400523,271.9017286985182,278.2397425749214,Up,2698
2026-03-04 00:00:00,289.59484857228443,289.59484857228443,287.0,288.325,288.2743144030902,283.67777460906984,272.06514433335883,278.2397425749214,Up,2874
2026-03-04 09:00:00,288.9599242861422,288.9599242861422,279.6,281.925,287.6971040028093,283.6090383498906,272.1632523499423,278.2397425749214,Up,643
2026-03-04 09:15:00,285.4424621430711,285.4424621430711,280.0,280.8,287.0700945480084,283.4988799832282,272.2491901375051,278.2397425749214,Up,3106
2026-03-04 09:30:00,283.1212310715356,283.1212310715356,279.0,279.75,286.40463140728036,283.3518650819252,272.32382506151,278.2397425749214,Up,2239
2026-03-04 09:45:00,281.4356155357678,281.4356155357678,279.0,279.3,285.7587558248003,283.1929684120458,272.3932397375149,278.2397425749214,Up,1070
2026-03-04 10:00:00,280.3678077678839,281.0,278.7,279.9,285.22614165890934,283.0638323958872,272.4679338694799,278.2397425749214,Up,1722
2026-03-04 10:15:00,280.1339038839419,281.1,280.1339038839419,280.725,284.8169469626448,282.9721134784014,272.55009373147516,278.2397425749214,Up,1062
2026-03-04 10:30:00,280.42945194197097,280.9,280.1,280.54999999999995,284.4290426933134,282.87712863611114,272.6296947888734,278.2397425749214,Up,758
2026-03-04 10:45:00,280.48972597098543,281.5,280.2,280.925,284.1104933575577,282.80057457194994,272.7122351392329,278.2397425749214,Up,692
2026-03-04 11:00:00,280.70736298549275,283.0,280.70736298549275,282.1,283.92772123414335,282.77310105932446,272.8056457348624,278.2397425749214,Up,1484
2026-03-04 11:15:00,281.4036814927464,283.8,281.4036814927464,283.1,283.8524738492212,282.78592062562547,272.90807712058523,278.2397425749214,Up,1444
2026-03-04 11:30:00,282.2518407463732,285.3,282.2518407463732,284.025,283.86815804474656,282.83451197364013,273.0186932686391,278.2397425749214,Up,2894
2026-03-04 11:45:00,283.1384203731866,285.5,283.1384203731866,284.25,283.9028709497696,282.8900213080072,273.13044756447357,278.2397425749214,Up,2090
2026-03-04 12:00:00,283.6942101865933,284.6,282.1,283.475,283.8639735906996,282.91296164886967,273.2333784344788,278.2397425749214,Up,2282
2026-03-04 12:15:00,283.58460509329666,283.7,282.5,283.04999999999995,283.7899759915451,282.9183357018552,273.33105626100144,278.2397425749214,Up,710
2026-03-04 12:30:00,283.3173025466483,284.3,282.7,283.475,283.7613418104955,282.94016567433147,273.43199102457356,278.2397425749214,Up,1126
2026-03-04 12:45:00,283.39615127332416,284.7,283.3,283.95,283.77849255499586,282.9797670204361,273.5366478302992,278.2397425749214,Up,974
2026-03-04 13:00:00,283.6730756366621,284.2,282.9,283.5,283.75317504999623,283.00016831375234,273.6357856628336,278.2397425749214,Up,740
2026-03-04 13:15:00,283.58653781833107,283.58653781833107,281.5,282.55,283.64379549999654,282.9825146543895,273.7244843129547,278.2397425749214,Up,1620
2026-03-04 13:30:00,283.0682689091656,283.4,282.1,282.575,283.54663227272414,282.9665336875507,273.8125491456616,278.2397425749214,Up,947
2026-03-04 13:45:00,282.82163445458275,283.1,282.1,282.55,283.4560293388401,282.9501990331369,273.89948895515755,278.2397425749214,Up,556
2026-03-04 14:00:00,282.6858172272914,284.1,282.6858172272914,283.25,283.4372993989455,282.96195593379827,273.99252886605154,278.2397425749214,Up,1027
2026-03-04 14:15:00,282.9679086136457,284.8,282.9679086136457,283.70000000000005,283.4611812717687,282.9908988383552,274.08912061862816,278.2397425749214,Up,1148
2026-03-04 14:30:00,283.3339543068229,284.5,283.3339543068229,284.075,283.5169829743351,283.03341260940005,274.1884826025224,278.2397425749214,Up,659
2026-03-04 14:45:00,283.7044771534114,284.5,282.4,283.675,283.5313481584865,283.0585728992275,274.28287581045754,278.2397425749214,Up,1537
2026-03-04 15:00:00,283.68973857670574,283.7,282.8,283.15,283.4966801440786,283.0621582757284,274.37110590189576,278.2397425749214,Up,486
2026-03-04 15:15:00,283.41986928835286,283.5,282.7,283.075,283.458345585526,283.06266187275867,274.4577118133197,278.2397425749214,Up,708
2026-03-04 15:30:00,283.24743464417645,284.2,282.9,283.575,283.46895053229633,283.08275356402305,274.5484310987593,278.2397425749214,Up,977
2026-03-04 15:45:00,283.4112173220882,284.4,280.5,282.5,283.3808641202694,283.059900483081,274.62755118732883,278.2397425749214,Up,3650
2026-03-04 16:00:00,282.9556086610441,282.9556086610441,279.4,280.75,283.14169465479034,282.96931615041115,274.68847107601215,278.2397425749214,Up,3432
2026-03-04 16:15:00,281.8528043305221,281.8528043305221,277.2,278.95,282.7606315043549,282.81169590921854,274.73087434888765,278.2397425749214,Up,4000
2026-03-04 16:30:00,280.40140216526106,280.40140216526106,277.1,278.07500000000005,282.334665003959,282.6259431284649,274.76414923098827,288.3244209442027,Down,3327
2026-03-04 16:45:00,279.2382010826305,279.2382010826305,277.2,278.02500000000003,281.9428772763263,282.4455139861721,274.7965955072969,287.663646263701,Down,2753
2026-03-04 17:00:00,278.63160054131527,278.63160054131527,275.4,276.575,281.4548884330239,282.2152977514203,274.8142910743885,286.7768783969412,Down,3916
2026-03-04 17:15:00,277.60330027065766,278.3,276.1,277.15000000000003,281.0635349391126,282.0166586239136,274.8375319592204,286.7768783969412,Down,2143
2026-03-04 17:30:00,277.3766501353289,279.5,277.3766501353289,278.675,280.8463953991933,281.8856131876817,274.87571572082027,286.7768783969412,Down,3029
2026-03-04 17:45:00,278.0258250676644,279.5,278.0,278.775,280.65808672653935,281.76362835679225,274.9145145693693,286.7768783969412,Down,2091
2026-03-04 18:00:00,278.4004125338322,279.7,277.2,278.40000000000003,280.45280611503574,281.63172136240826,274.9491960164403,286.7768783969412,Down,3867
2026-03-04 18:15:00,278.40020626691614,278.7,276.4,278.04999999999995,280.23436919548703,281.4912617011373,274.98004978742097,286.7768783969412,Down,3129
2026-03-04 18:30:00,278.22510313345805,281.0,278.2,279.25,280.1448810868064,281.40336908540644,275.0225368542128,286.7768783969412,Down,4741
2026-03-04 18:45:00,278.73755156672905,280.5,277.2,278.65000000000003,280.0089828061876,281.29539382715524,275.0586310148674,286.7768783969412,Down,5573
2026-03-04 19:00:00,278.6937757833646,278.6937757833646,271.8,274.70000000000005,279.5263480056251,281.0367509319727,275.0550625470578,286.76566417570615,Down,11210
2026-03-04 19:15:00,276.6968878916823,276.6968878916823,271.3,271.925,278.8353163687501,280.679427366013,275.02391764609206,286.4325634373837,Down,5680
2026-03-04 19:30:00,274.31094394584113,274.9,270.0,272.725,278.2798330625001,280.36748903793404,275.0010428436434,285.53556317412955,Down,7502
2026-03-04 19:45:00,273.5179719729206,275.1,272.5,273.725,277.86575732954554,280.10699927174056,274.9883458999256,285.53556317412955,Down,5198
2026-03-04 20:00:00,273.6214859864603,273.6214859864603,271.1,272.7,277.3961430268596,279.81652871206444,274.9655762889811,284.9893075999488,Down,3180
2026-03-04 20:15:00,273.16074299323014,274.9,272.9,273.875,277.07603911532686,279.5835275861011,274.9547247836181,284.9893075999488,Down,2491
2026-03-04 20:30:00,273.51787149661504,274.9,271.0,272.9,276.69639919575167,279.32142846507753,274.9342797608955,284.9893075999488,Down,3322
2026-03-04 20:45:00,273.2089357483075,273.2089357483075,271.0,271.575,276.23081745068333,279.0176469566431,274.9008540916328,284.3461579634847,Down,2480
2026-03-04 21:00:00,272.3919678741537,272.3919678741537,270.2,271.075,275.7621067733485,278.7061706054022,274.8627858917161,283.22187233616086,Down,1857
2026-03-04 21:15:00,271.73348393707687,271.8,270.8,271.07500000000005,275.3360061575895,278.40690901303344,274.82509647985825,282.50535309007637,Down,1723
2026-03-04 21:30:00,271.4042419685385,271.4042419685385,268.3,269.8,274.8327328705359,278.06938316938505,274.77509551985963,281.16762087289817,Down,4883
2026-03-04 21:45:00,270.6021209842693,272.3,269.3,270.75,274.4615753368508,277.78234853529153,274.7350448181695,281.16762087289817,Down,3831
2026-03-04 22:00:00,270.67606049213464,272.2,270.1,271.32500000000005,274.1764321244098,277.52911918096635,274.7011140239589,281.16762087289817,Down,2751
2026-03-04 22:15:00,271.00053024606734,272.3,270.3,271.29999999999995,273.914938294918,277.28483999739905,274.6672720933723,281.16762087289817,Down,1734
2026-03-04 22:30:00,271.15026512303365,271.8,270.3,271.025,273.6522166317436,277.0393560759324,274.6310305800054,281.16762087289817,Down,1135
2026-03-04 22:45:00,271.0876325615168,271.9,270.4,271.125,273.42246966522146,276.8074205435429,274.59614470358747,281.1372462068716,Down,1322
2026-03-04 23:00:00,271.1063162807584,273.2,270.9,271.825,273.2772451502013,276.6120315026197,274.5685711244473,281.1372462068716,Down,2664
2026-03-04 23:15:00,271.4656581403792,273.8,270.7,272.35,273.19295013654664,276.4448930123209,274.54649578987573,281.1372462068716,Down,3292
2026-03-04 23:30:00,271.9078290701896,274.1,271.9078290701896,273.35,273.20722739686056,276.3235246588966,274.5345903591307,281.1372462068716,Down,2872
2026-03-04 23:45:00,272.62891453509485,273.8,271.7,272.90000000000003,273.1792976335096,276.1892687899202,274.51832577844283,281.1372462068716,Down,1964
2026-03-05 00:00:00,272.7644572675474,272.9,270.5,271.625,273.0379978486451,276.01027785698216,274.4895364672146,281.1372462068716,Down,1748
2026-03-05 09:00:00,272.1947286337737,276.2,272.1947286337737,275.275,273.2413616805864,275.98144343121817,274.4973520247548,281.1372462068716,Down,602
2026-03-05 09:15:00,273.73486431688684,275.6,273.73486431688684,274.92499999999995,273.394419709624,275.94001427705274,274.5016072284886,281.1372462068716,Down,2228
2026-03-05 09:30:00,274.3299321584434,275.2,274.1,274.525,273.4971997360218,275.8845235210899,274.50183999238425,281.1372462068716,Down,1238
2026-03-05 09:45:00,274.4274660792217,275.0,274.0,274.5,273.58836339638344,275.83022848104713,274.5018216840023,281.1372462068716,Down,881
2026-03-05 10:00:00,274.4637330396108,275.6,274.4637330396108,275.15000000000003,273.7303303603486,275.80355285433944,274.50827121948487,281.1372462068716,Down,964
2026-03-05 10:15:00,274.80686651980545,275.9,274.7,275.375,273.8798457821351,275.78674686005166,274.51689538645513,281.1372462068716,Down,1224
2026-03-05 10:30:00,275.0909332599027,276.0,275.0909332599027,275.475,274.024859801941,275.77452149299086,274.5264287656944,281.1372462068716,Down,797
2026-03-05 10:45:00,275.2829666299514,277.3,275.2829666299514,276.25,274.22714527449176,275.793167708952,274.5435787282248,281.1372462068716,Down,1761
2026-03-05 11:00:00,275.7664833149757,277.4,275.7664833149757,276.875,274.46785934044703,275.8355925046794,274.56677694983455,281.1372462068716,Down,1730
2026-03-05 11:15:00,276.3207416574878,277.3,276.3,276.8,274.6798721276791,275.87341240645674,274.58899807471187,281.1372462068716,Down,657
2026-03-05 11:30:00,276.5603708287439,276.9,275.5,276.175,274.81579284334464,275.8852393709094,274.6047791883963,281.1372462068716,Down,1534
2026-03-05 11:45:00,276.367685414372,276.367685414372,273.4,274.6,274.7961753121315,275.83483782695214,274.6047316342829,281.1372462068716,Down,2559
2026-03-05 12:00:00,275.483842707186,275.483842707186,272.8,274.0,274.72379573830136,275.7628834023658,274.598714404091,281.1372462068716,Down,1916
2026-03-05 12:15:00,274.741921353593,275.1,274.2,274.625,274.71481430754665,275.71826052384165,274.59897595230905,281.1372462068716,Down,731
2026-03-05 12:30:00,274.68346067679647,275.0,273.2,274.225,274.6702857341333,275.65970128761256,274.5952547985548,281.1372462068716,Down,1382
2026-03-05 12:45:00,274.45423033839825,274.45423033839825,273.8,274.1,274.6184415764848,275.5985365312356,274.59032689011144,281.1372462068716,Down,401
2026-03-05 13:00:00,274.27711516919913,274.6,273.0,274.075,274.56903779680437,275.5387900005989,274.58519925936406,280.93331620613355,Down,1238
2026-03-05 13:15:00,274.1760575845996,274.8,273.8,274.45,274.558216178913,275.4960923535166,274.58385399310174,280.93331620613355,Down,864
2026-03-05 13:30:00,274.31302879229975,274.8,274.2,274.65,274.56656016264816,275.4629122612218,274.5845121623246,280.93331620613355,Down,480
2026-03-05 13:45:00,274.48151439614986,275.8,274.2,275.02500000000003,274.6082365114983,275.44573923137,274.5888951258836,280.93331620613355,Down,1122
2026-03-05 14:00:00,274.75325719807495,275.9,274.75325719807495,275.375,274.6779422831803,275.4429651438653,274.5967170649295,280.93331620613355,Down,856
2026-03-05 14:15:00,275.0641285990375,275.5,274.3,275.05,274.7117657119821,275.4275547460667,274.6012273428904,280.93331620613355,Down,813
2026-03-05 14:30:00,275.05706429951874,275.2,274.2,274.65000000000003,274.70615064725644,275.3970624030837,274.60171264296116,280.64346684865967,Down,429
2026-03-05 14:45:00,274.8535321497594,274.9,271.4,273.25,274.5737733156877,275.3128638774725,274.5882627659168,279.825878953327,Down,2493
2026-03-05 15:00:00,274.0517660748797,274.0517660748797,269.8,271.525,274.2966121051706,275.164320196003,274.55778253939025,279.5409606586025,Down,3730
2026-03-05 15:15:00,272.78838303743987,272.78838303743987,270.7,271.6,274.0514655501551,275.02454293341464,274.5283518673565,279.426401369755,Down,1952
2026-03-05 15:30:00,272.1941915187199,272.9,271.8,272.475,273.908150500141,274.9245608575945,274.5079205054922,279.426401369755,Down,1436
2026-03-05 15:45:00,272.33459575936,273.5,272.33459575936,273.075,273.8324095455827,274.85202905925746,274.4936625900147,279.426401369755,Down,949
2026-03-05 16:00:00,272.70479787968,273.9,272.70479787968,273.375,273.79082685962067,274.7941063510513,274.4825316189698,279.426401369755,Down,1587
2026-03-05 16:15:00,273.03989893984,275.3,273.03989893984,274.075,273.81666078147333,274.7659061019905,274.478476577985,279.426401369755,Down,1976
2026-03-05 16:30:00,273.55744946992,275.8,273.55744946992,274.825,273.90832798315756,274.76822350975556,274.48192457223394,279.426401369755,Down,2478
2026-03-05 16:45:00,274.19122473496,275.8,274.19122473496,275.2,274.0257527119614,274.78515592113774,274.489069601366,279.426401369755,Down,1652
2026-03-05 17:00:00,274.69561236747995,275.4,273.9,274.6,274.07795701087394,274.77789490462254,274.49017338642705,279.426401369755,Down,1854
2026-03-05 17:15:00,274.64780618374,275.4,273.9,274.575,274.1231427371581,274.76993824169614,274.49101743233325,279.426401369755,Down,1692
2026-03-05 17:30:00,274.61140309187,275.5,274.2,274.725,274.17785703378007,274.768175957708,274.49334561708616,279.426401369755,Down,1832
2026-03-05 17:45:00,274.668201545935,274.668201545935,273.1,273.9,274.15259730343644,274.7341298417195,274.4874416805978,279.426401369755,Down,1883
2026-03-05 18:00:00,274.28410077296746,274.6,273.2,273.70000000000005,274.1114520940331,274.6935757302795,274.4796064399948,279.426401369755,Down,1864
2026-03-05 18:15:00,273.9920503864837,273.9920503864837,271.6,272.775,273.989956449121,274.618337466347,274.4626451818855,279.426401369755,Down,3918
2026-03-05 18:30:00,273.3835251932419,274.1,272.0,272.95,273.89541495374635,274.5529124676667,274.44759398604583,279.426401369755,Down,2663
2026-03-05 18:45:00,273.16676259662097,273.9,271.4,272.79999999999995,273.795831776133,274.484170802268,274.4312000160354,279.426401369755,Down,3285
2026-03-05 19:00:00,272.98338129831046,273.9,271.7,272.875,273.71211979648456,274.42106606492416,274.4157154387614,279.426401369755,Down,2640
2026-03-05 19:15:00,272.9291906491552,273.9,272.3,273.25,273.670108905895,274.37514190551536,274.4041162801668,279.426401369755,Down,2005
2026-03-05 19:30:00,273.0895953245776,273.4,271.7,272.79999999999995,273.5910080962682,274.31337163471085,274.3881549241453,279.426401369755,Down,2197
2026-03-05 19:45:00,272.9447976622888,275.1,272.9447976622888,274.07500000000005,273.6350073602438,274.30402372746727,274.38503895475077,279.426401369755,Down,3603
2026-03-05 20:00:00,273.5098988311444,274.9,272.5,273.75,273.6454612365852,274.2822973067823,274.3787201591811,279.426401369755,Down,2571
2026-03-05 20:15:00,273.62994941557224,273.62994941557224,271.5,272.425,273.5345102150775,274.20946211828107,274.35928015759725,279.426401369755,Down,3671
2026-03-05 20:30:00,273.0274747077861,273.0274747077861,271.8,272.225,273.4154638318886,274.1316400744269,274.3380435391137,279.426401369755,Down,2589
2026-03-05 20:45:00,272.6262373538931,272.6262373538931,270.1,271.325,273.2254216653533,274.0215757577827,274.30806300638625,279.15274936903404,Down,2913
2026-03-05 21:00:00,271.9756186769465,274.0,270.2,271.925,273.10720151395753,273.9393571006148,274.284350936671,279.15274936903404,Down,6223
2026-03-05 21:15:00,271.9503093384733,273.3,270.8,272.52500000000003,273.0542741035977,273.88389211627697,274.26684495720167,279.15274936903404,Down,5121
2026-03-05 21:30:00,272.2376546692367,274.1,271.3,272.45,272.99934009417973,273.8276610528936,274.2487668979261,279.15274936903404,Down,5983
2026-03-05 21:45:00,272.3438273346184,272.3438273346184,270.2,271.6,272.8721273583452,273.74030179591733,274.2224110083945,279.15274936903404,Down,4979
2026-03-05 22:00:00,271.9719136673092,273.7,270.9,271.92499999999995,272.7860248712229,273.6691134901951,274.1995511973657,279.15274936903404,Down,3755
2026-03-05 22:15:00,271.9484568336546,272.3,270.6,271.3,272.6509317011117,273.5762070788149,274.17069994167053,279.15274936903404,Down,1604
2026-03-05 22:30:00,271.6242284168273,271.8,270.6,271.3,272.52811972828334,273.4869440561163,274.1421357631465,279.15274936903404,Down,1162
2026-03-05 22:45:00,271.46211420841365,272.9,271.46211420841365,272.2,272.49829066207576,273.4364756617588,274.12281102918485,279.15274936903404,Down,1508
2026-03-05 23:00:00,271.8310571042068,273.6,271.8310571042068,273.1,272.55299151097796,273.4232805377682,274.1126338050139,279.15274936903404,Down,3130
2026-03-05 23:15:00,272.4655285521034,273.6,271.7,273.04999999999995,272.598174100889,273.4086420853067,274.10206033431723,279.15274936903404,Down,2117
2026-03-05 23:30:00,272.7577642760517,273.8,272.6,273.225,272.65515827353545,273.4014404349025,274.0933333658166,279.15274936903404,Down,1737
2026-03-05 23:45:00,272.99138213802587,273.6,272.8,273.275,272.71150752139584,273.39648198647495,274.0851907452612,279.15274936903404,Down,1900
2026-03-06 00:00:00,273.1331910690129,274.3,273.1331910690129,273.85,272.81500683763255,273.4142670066132,274.08285053884066,279.15274936903404,Down,2262
2026-03-06 09:00:00,273.4915955345065,275.5,273.4,274.275,272.94773348875685,273.448021241648,274.0847624737776,279.15274936903404,Down,438
2026-03-06 09:15:00,273.8832977672532,275.1,273.8832977672532,274.45,273.0843031715971,273.48731452628925,274.0883966780186,279.15274936903404,Down,1836
2026-03-06 09:30:00,274.16664888362664,274.6,274.1,274.425,273.20618470145195,273.5240865056505,274.0917459648045,279.15274936903404,Down,681
2026-03-06 09:45:00,274.2958244418133,274.7,274.0,274.45,273.3192588195018,273.5603968387622,274.09531068157264,279.15274936903404,Down,700
2026-03-06 10:00:00,274.37291222090664,274.7,274.1,274.425,273.4197807450016,273.5943028450852,274.09859117230326,279.15274936903404,Down,461
2026-03-06 10:15:00,274.3989561104533,274.4,273.7,274.075,273.4793461318196,273.61315371390543,274.0983564342704,279.15274936903404,Down,537
2026-03-06 10:30:00,274.2369780552267,274.6,273.9,274.175,273.5425873925633,273.63518690159543,274.09911905681497,279.15274936903404,Down,346
2026-03-06 10:45:00,274.2059890276133,274.4,272.6,273.475,273.53644308414846,273.6289050623172,274.09290891694616,279.03745996910186,Down,1136
2026-03-06 11:00:00,273.8404945138067,273.8404945138067,272.6,273.175,273.5035846219531,273.61110486379494,274.08377549488705,278.7053906883802,Down,593
2026-03-06 11:15:00,273.5077472569034,274.5,273.5,273.8,273.5305314745028,273.61851251619515,274.08095185812203,278.7053906883802,Down,1438
2026-03-06 11:30:00,273.6538736284517,274.2,273.0,273.70000000000005,273.5459377040935,273.62170810379536,274.07716129236957,278.7053906883802,Down,730
2026-03-06 11:45:00,273.6769368142259,274.5,273.6769368142259,273.975,273.5849433673577,273.63556268796026,274.0761447620973,278.7053906883802,Down,806
2026-03-06 12:00:00,273.8259684071129,274.1,272.8,273.6,273.58631215214336,273.63416807274615,274.07140700327045,278.6638692803713,Down,910
2026-03-06 12:15:00,273.71298420355646,274.3,273.6,273.875,273.6125565019485,273.6436124620502,274.06945270473045,278.6638692803713,Down,370
2026-03-06 12:30:00,273.79399210177826,274.3,273.3,273.70000000000005,273.6205059108623,273.64582373804825,274.0657765584147,278.6638692803713,Down,821
2026-03-06 12:45:00,273.74699605088915,273.74699605088915,272.3,273.0,273.56409628260207,273.62049731694833,274.05517181653994,278.00788222454423,Down,1212
2026-03-06 13:00:00,273.3734980254446,273.3734980254446,271.5,272.54999999999995,273.47190571145643,273.5785170300092,274.0401949825445,277.6492793847927,Down,984
2026-03-06 13:15:00,272.9617490127223,273.7,272.8,273.19999999999993,273.4471870104149,273.5636732249108,274.0318348334645,277.6492793847927,Down,843
2026-03-06 13:30:00,273.0808745063611,274.0,273.0808745063611,273.5,273.45198819128626,273.56117623569867,274.0265429445743,277.6492793847927,Down,889
2026-03-06 13:45:00,273.2904372531806,274.7,272.7,273.8,273.48362562844204,273.5705418735144,274.02428878592184,277.6492793847927,Down,2060
2026-03-06 14:00:00,273.5452186265903,274.5,273.5,274.025,273.5328414804019,273.5883637608276,274.02429586267885,277.6492793847927,Down,711
2026-03-06 14:15:00,273.78510931329515,274.7,273.4,274.1,273.5844013458199,273.6084279270696,274.02504913767706,277.6492793847927,Down,776
2026-03-06 14:30:00,273.9425546566476,274.7,273.9425546566476,274.45,273.6630921325636,273.641430753459,274.02927750446634,277.6492793847927,Down,523
2026-03-06 14:45:00,274.19627732832373,276.2,274.0,275.125,273.79599284778504,273.6996099395979,274.04018021586467,277.6492793847927,Down,2442
2026-03-06 15:00:00,274.66063866416187,278.1,274.66063866416187,276.9,274.0781753161682,273.8251154321627,274.06863613411474,277.6492793847927,Down,3328
2026-03-06 15:15:00,275.7803193320809,280.0,275.7803193320809,278.5,274.48015937833475,274.0084442387446,274.11272930690967,270.8142429029908,Up,3149
2026-03-06 15:30:00,277.14015966604046,280.9,277.14015966604046,279.79999999999995,274.9637812530316,274.2355640725193,274.16931906504993,271.22021356335347,Up,4857
2026-03-06 15:45:00,278.47007983302024,280.5,278.3,279.725,275.3966193209378,274.45083606967546,274.2245994723629,271.50921248212114,Up,3962
2026-03-06 16:00:00,279.09753991651013,280.0,278.5,279.225,275.7446539281253,274.63805818459014,274.2743547014937,271.5311022564738,Up,1686
2026-03-06 16:15:00,279.16126995825505,279.9,278.6,279.225,276.0610490255684,274.8179382557827,274.32361485371763,271.7600929604307,Up,1712
2026-03-06 16:30:00,279.19313497912754,280.6,279.19313497912754,279.85,276.4054991141531,275.0152740104579,274.37860376064583,272.57597380963807,Up,1658
2026-03-06 16:45:00,279.5215674895637,281.3,279.5215674895637,280.425,276.7709082855937,275.22742012769487,274.4387669073061,273.1089958501453,Up,2783
2026-03-06 17:00:00,279.97328374478184,281.8,279.97328374478184,281.2,277.17355298690336,275.4616389462166,274.5060428584772,273.58439242082375,Up,1599
2026-03-06 17:15:00,280.58664187239094,282.0,280.2,281.425,277.56004816991214,275.6954962424435,274.57488820316894,273.8070459531208,Up,3428
2026-03-06 17:30:00,281.0058209361955,282.8,281.0058209361955,282.15,277.97731651810193,275.94861403685746,274.6502624499036,274.6205234931877,Up,3773
2026-03-06 17:45:00,281.57791046809774,284.0,281.57791046809774,282.90000000000003,278.4248331982745,276.22121740796115,274.73234939070056,275.2878436088935,Up,5055
2026-03-06 18:00:00,282.2389552340489,283.3,280.9,282.35,278.7816665438859,276.4615618233352,274.80814690920107,275.2878436088935,Up,3542
2026-03-06 18:15:00,282.2944776170244,285.0,282.2944776170244,283.675,279.22651503989624,276.74444175183186,274.8963743031394,275.6707582517646,Up,6248
2026-03-06 18:30:00,282.98473880851225,285.7,282.98473880851225,284.825,279.7354682180875,277.06132638901494,274.99516659863053,276.10365573758094,Up,4229
2026-03-06 18:45:00,283.90486940425615,284.9,282.8,283.9,280.11406201644314,277.3295096678771,275.08377190610685,276.10365573758094,Up,4202
2026-03-06 19:00:00,283.90243470212806,285.0,283.3,283.875,280.4559654694938,277.5861955632545,275.17124681251374,276.10365573758094,Up,3460
2026-03-06 19:15:00,283.88871735106403,285.6,283.3,284.5,280.82360497226705,277.85732514900917,275.26407022731456,276.23068094164154,Up,3048
2026-03-06 19:30:00,284.19435867553204,289.0,284.19435867553204,287.075,281.3919136111519,278.21880259414604,275.381591916595,277.3775651667245,Up,7370
2026-03-06 19:45:00,285.634679337766,289.9,285.634679337766,288.54999999999995,282.0426487374108,278.62394759045407,275.5126208527483,277.8348465453056,Up,6192
2026-03-06 20:00:00,287.09233966888297,289.2,286.2,287.6,282.5478624885552,278.97594964573034,275.6328932820742,277.8348465453056,Up,3481
2026-03-06 20:15:00,287.3461698344415,287.9,284.7,286.175,282.8776022623229,279.2582653458978,275.73778986633215,277.8348465453056,Up,5813
2026-03-06 20:30:00,286.76058491722074,286.9,284.7,285.9,283.15236569302084,279.5187255284116,275.8389063850751,277.8348465453056,Up,3393
2026-03-06 20:45:00,286.3302924586104,287.2,285.3,286.425,283.4498779027462,279.7895598214151,275.9442406499003,277.8348465453056,Up,2282
2026-03-06 21:00:00,286.3776462293052,288.3,286.3,287.325,283.8021617297693,280.0850672793988,276.0574820364684,277.8348465453056,Up,3111
2026-03-06 21:15:00,286.8513231146526,288.5,286.8513231146526,287.85,284.170147027063,280.3895744449126,276.17482052366773,278.16415313744926,Up,2251
2026-03-06 21:30:00,287.3506615573263,289.7,287.3506615573263,288.825,284.5933154791482,280.7203754470729,276.30069295626805,279.02420005416633,Up,3741
2026-03-06 21:45:00,288.08783077866315,290.4,287.7,289.075,285.00074134468014,281.0480077824818,276.42780048904154,279.4307902504574,Up,5457
2026-03-06 22:00:00,288.5814153893316,289.8,288.4,289.025,285.36658304061825,281.3608310066982,276.5531457578073,279.84617295496133,Up,2806
2026-03-06 22:15:00,288.8032076946658,291.9,288.8032076946658,290.55,285.83780276419844,281.72119057506296,276.6924179393217,280.8129275135398,Up,4434
2026-03-06 22:30:00,289.6766038473329,293.5,289.6766038473329,292.475,286.44118433108946,282.1429085917272,276.8494585568409,281.52645211015744,Up,4857
2026-03-06 22:45:00,291.0758019236664,293.5,291.0758019236664,292.975,287.0351675737177,282.56769649009084,277.0099117055291,282.2592381945219,Up,3914
2026-03-06 23:00:00,292.0254009618332,294.5,292.0254009618332,293.725,287.64333415792515,283.0052378042049,277.1762309920412,283.24588013311836,Up,3657
2026-03-06 23:15:00,292.87520048091665,297.2,292.87520048091665,295.57500000000005,288.36439468902284,283.49816965502043,277.3593033204786,284.3587455537024,Up,6217
2026-03-06 23:30:00,294.22510024045835,298.1,294.22510024045835,297.55,289.1994497172935,284.0492218254118,277.56020577500124,285.0454459469814,Up,4908
2026-03-06 23:45:00,295.8875501202292,298.5,293.7,296.1,289.8267724702668,284.52180136167016,277.7446813394291,285.0454459469814,Up,8587
2026-03-07 00:00:00,295.9937750601146,295.9937750601146,292.4,293.8,290.1879749729698,284.8856522886635,277.90443575396216,285.0454459469814,Up,3069
2026-03-09 09:00:00,294.8968875300573,313.7,294.8968875300573,309.79999999999995,291.9708863390635,285.8626855322453,278.22180455243017,286.0439703065404,Up,523
2026-03-09 09:15:00,302.3484437650286,322.6,302.3484437650286,316.775,294.225805762785,287.07493315843175,278.60541843748064,288.515043743899,Up,792
2026-03-09 09:30:00,309.5617218825143,322.6,309.5617218825143,318.875,296.4666416025318,288.32199460319913,279.0061107913366,289.55859786343024,Up,12146
2026-03-09 09:45:00,314.2183609412572,322.7,314.2183609412572,319.9,298.59694691139254,289.5603477560149,279.41301516157205,291.2637998330613,Up,7154
2026-03-09 10:00:00,317.0591804706286,322.4,317.0591804706286,321.35,300.66540628308417,290.8070007851908,279.8302985928002,293.06440073593626,Up,3462
2026-03-09 10:15:00,319.2045902353143,322.9,319.2045902353143,322.15,302.61855116644017,292.03613800930094,280.25139014909075,295.4674283856096,Up,2811
2026-03-09 10:30:00,320.67729511765714,322.5,319.7,321.275,304.31459196949106,293.1827600481519,280.65958527198535,296.82284842541134,Up,3237
2026-03-09 10:45:00,320.97614755882853,320.97614755882853,318.8,319.875,305.7291745177191,294.22951455606756,281.0497884036074,296.91793598433367,Up,3093
2026-03-09 11:00:00,320.42557377941426,320.42557377941426,312.4,316.375,306.69697683429007,295.09796496563354,281.4012830463576,296.91793598433367,Up,9042
2026-03-09 11:15:00,318.4002868897071,318.4002868897071,313.0,314.775,307.43134257662734,295.86961339835375,281.733359831966,296.91793598433367,Up,3430
2026-03-09 11:30:00,316.58764344485354,316.58764344485354,308.6,312.175,307.8625841605703,296.5090403239085,282.0362617241853,296.91793598433367,Up,4399
2026-03-09 11:45:00,314.3813217224268,314.3813217224268,305.0,308.8,307.9478037823366,296.9910387425788,282.30256757767603,296.91793598433367,Up,6111
2026-03-09 12:00:00,311.5906608612134,313.3,309.3,311.4,308.2616398021242,297.55609604679137,282.5920942684454,296.91793598433367,Up,3843
2026-03-09 12:15:00,311.4953304306067,315.9,310.0,313.1,308.7014907292038,298.16566090770147,282.8956555195056,296.91793598433367,Up,3794
2026-03-09 12:30:00,312.29766521530337,314.9,311.0,312.70000000000005,309.06499157200346,298.7356349897524,283.1922161611026,296.91793598433367,Up,1721
2026-03-09 12:45:00,312.4988326076517,313.3,308.2,311.225,309.2613559745486,299.22541400976206,283.47114933362894,296.91793598433367,Up,2728
2026-03-09 13:00:00,311.86191630382586,312.9,309.5,311.25,309.4421417950442,299.6969664015361,283.7475558079212,296.91793598433367,Up,1505
2026-03-09 13:15:00,311.55595815191293,311.8,309.3,310.2,309.51103799549475,300.1088500720641,284.0107642078423,296.91793598433367,Up,1829
2026-03-09 13:30:00,310.87797907595643,310.87797907595643,308.8,309.75,309.53276181408614,300.48693438296357,284.2668760067693,296.91793598433367,Up,1296
2026-03-09 13:45:00,310.3139895379782,311.0,308.9,309.825,309.5593289218965,300.85313303461203,284.5211856982442,296.91793598433367,Up,1441
2026-03-09 14:00:00,310.0694947689891,312.0,308.9,310.525,309.6471172017241,301.2324219352155,284.7799301191572,296.91793598433367,Up,1457
2026-03-09 14:15:00,310.29724738449454,312.9,310.29724738449454,311.875,309.84965200156734,301.6497779377561,285.0495328045388,296.91793598433367,Up,1363
2026-03-09 14:30:00,311.08612369224727,312.6,310.5,311.9,310.0360472741521,302.0517474303931,285.3167016323543,296.91793598433367,Up,977
2026-03-09 14:45:00,311.4930618461236,313.7,311.2,312.35,310.24640661286554,302.45560047233846,285.5856896758135,296.91793598433367,Up,1130
2026-03-09 15:00:00,311.9215309230618,313.0,310.7,312.275,310.4308241935141,302.84067496361934,285.8512549526711,296.91793598433367,Up,1567
2026-03-09 15:15:00,312.0982654615309,313.0,304.4,308.825,310.2848401759219,303.07535437681076,286.079849430754,296.91793598433367,Up,5837
2026-03-09 15:30:00,310.4616327307655,310.4616327307655,304.9,307.6,310.0407637962926,303.25279146007307,286.2939802821893,296.91793598433367,Up,3677
2026-03-09 15:45:00,309.03081636538275,311.9,309.03081636538275,310.95000000000005,310.12342163299326,303.5546427753643,286.53931381171975,296.91793598433367,Up,2539
2026-03-09 16:00:00,309.9904081826914,312.5,309.9904081826914,311.775,310.2735651209029,303.87700972535004,286.790415166827,296.91793598433367,Up,1926
2026-03-09 16:15:00,310.88270409134566,314.6,310.88270409134566,313.1,310.53051374627535,304.23869561847357,287.05220208058995,296.91793598433367,Up,3704
2026-03-09 16:30:00,311.99135204567284,314.1,311.8,313.1,310.7641034057048,304.5861977510824,287.3113841494398,296.91793598433367,Up,2807
2026-03-09 16:45:00,312.54567602283646,313.2,311.0,312.32500000000005,310.9060030960953,304.8896801922164,287.56027584944536,296.91793598433367,Up,2792
2026-03-09 17:00:00,312.43533801141825,313.5,308.5,310.65,310.88273008735933,305.1155750866393,287.79002434845586,296.91793598433367,Up,3648
2026-03-09 17:15:00,311.5426690057091,312.9,307.9,310.15,310.8161182612357,305.31300351461425,288.01251166837176,296.91793598433367,Up,5141
2026-03-09 17:30:00,310.8463345028546,312.8,309.4,311.125,310.8441984193052,305.5409249454137,288.2424866766467,296.91793598433367,Up,3652
2026-03-09 17:45:00,310.9856672514273,311.7,309.0,310.45,310.8083621993684,305.7334376926524,288.4634569584711,296.91793598433367,Up,3273
2026-03-09 18:00:00,310.71783362571364,310.8,307.2,308.975,310.6416929085167,305.86055778313664,288.66755191410823,296.91793598433367,Up,3415
2026-03-09 18:15:00,309.84641681285683,309.84641681285683,306.6,308.1,310.41062991683333,305.94837904654304,288.8609096065052,296.91793598433367,Up,4021
2026-03-09 18:30:00,308.9732084064284,312.3,308.7,310.05,310.37784537893936,306.1092269270708,289.0717463268385,296.91793598433367,Up,4304
2026-03-09 18:45:00,309.51160420321423,311.2,303.6,307.45,310.1116776172176,306.1618062632641,289.25461452259134,296.91793598433367,Up,6944
2026-03-09 19:00:00,308.4808021016071,308.4808021016071,300.7,302.875,309.4537978338342,306.03291189999885,289.39014074624714,296.91793598433367,Up,7206
2026-03-09 19:15:00,305.67790105080354,305.67790105080354,297.6,301.875,308.76481621257653,305.86985653137145,289.5143682015084,296.91793598433367,Up,9718
2026-03-09 19:30:00,303.77645052540174,305.5,300.3,302.725,308.2157420114332,305.74652882425886,289.6458172741302,296.91793598433367,Up,6126
2026-03-09 19:45:00,303.2507252627009,305.1,300.3,302.175,307.66658364675743,305.60646887036637,289.77048575896475,296.91793598433367,Up,5347
2026-03-09 20:00:00,302.71286263135045,303.6,300.0,301.85,307.137803315234,305.4591563656461,289.89067993051736,296.91793598433367,Up,4427
2026-03-09 20:15:00,302.28143131567526,302.4,298.3,300.025,306.4911848320309,305.2460521944443,289.99151893618387,296.91793598433367,Up,4472
2026-03-09 20:30:00,301.1532156578376,301.1532156578376,298.3,299.2,305.8283498473008,305.0089521083877,290.08314561343576,296.91793598433367,Up,3447
2026-03-09 20:45:00,300.1766078289188,300.1766078289188,291.0,295.6,304.89849986118253,304.63997359433324,290.13803968693395,315.37470833721443,Down,10202
2026-03-09 21:00:00,297.8883039144594,297.8883039144594,289.2,291.5,303.6804544192568,304.12468051220253,290.15159153084505,314.6911755831741,Down,6259
2026-03-09 21:15:00,294.6941519572297,294.6941519572297,290.6,291.85,302.60495856296075,303.6433204921162,290.1684911176028,313.36042544119323,Down,5289
2026-03-09 21:30:00,293.27207597861485,293.27207597861485,290.2,291.525,301.59768960269156,303.1680922375234,290.18198871842264,311.6834742202386,Down,2685
2026-03-09 21:45:00,292.39853798930744,292.4,287.7,290.225,300.5638087297196,302.66051999291466,290.1824166913737,309.8931238463011,Down,6228
2026-03-09 22:00:00,291.31176899465373,291.31176899465373,287.4,289.075,299.5193715724723,302.1277545029964,290.17139761981775,308.81754944656564,Down,3886
2026-03-09 22:15:00,290.19338449732686,290.19338449732686,287.1,288.275,298.4971559749748,301.58450922836914,290.1525279917599,307.4639820197266,Down,2471
2026-03-09 22:30:00,289.2341922486634,289.2341922486634,285.0,286.8,297.43377815906797,301.00472455274684,290.1191695042797,305.76342946117586,Down,4448
2026-03-09 22:45:00,288.0170961243317,288.2,286.2,287.2,296.5034346900618,300.4633628055803,290.09012304155056,304.87848485167643,Down,2352
2026-03-09 23:00:00,287.6085480621658,290.5,287.2,288.55,295.78039517278347,299.99617210732225,290.07479843417195,304.87848485167643,Down,3826
2026-03-09 23:15:00,288.07927403108295,291.7,287.8,289.8,295.23672288434864,299.5963222207606,290.07206412139413,304.87848485167643,Down,2897
2026-03-09 23:30:00,288.9396370155415,292.0,288.9396370155415,291.025,294.85383898577146,299.26019193759356,290.081546070435,304.87848485167643,Down,3264
2026-03-10 09:00:00,289.98231850777074,290.3,285.5,287.625,294.19667180524675,298.80390990082515,290.0571028259531,304.87848485167643,Down,461
2026-03-10 09:15:00,288.80365925388537,289.3,286.8,288.175,293.64924709567885,298.3870899047144,290.0383754346501,304.5673209332164,Down,3058
2026-03-10 09:30:00,288.48932962694266,291.6,288.1,289.425,293.2652246324353,298.0356353986472,290.0322721964944,304.5673209332164,Down,1923
2026-03-10 09:45:00,288.9571648134713,290.5,288.9571648134713,289.825,292.9524769385776,297.7136496967395,290.03020978657906,304.5673209332164,Down,1046
2026-03-10 10:00:00,289.3910824067357,289.4,288.0,288.825,292.5772517623433,297.36507519882815,290.0182176493992,303.33521293410143,Down,1035
2026-03-10 10:15:00,289.10804120336786,289.5,287.8,288.775,292.23159251122115,297.02820950475643,290.0058473245296,302.5729208491831,Down,707
2026-03-10 10:30:00,288.9415206016839,290.5,288.9415206016839,289.675,291.99917501020104,296.7398483477072,290.0025553113502,302.5729208491831,Down,906
2026-03-10 10:45:00,289.308260300842,289.8,287.0,288.55,291.6856136456373,296.4186778242677,289.98810202467007,301.49497590841577,Down,1927
2026-03-10 11:00:00,288.929130150421,288.929130150421,287.1,287.7,291.32328513239753,296.07676888998276,289.965334840345,300.5842268648325,Down,863
2026-03-10 11:15:00,288.31456507521045,288.31456507521045,286.5,287.425,290.9688955749068,295.7374838354736,289.9400578767595,299.494089646429,Down,1424
2026-03-10 11:30:00,287.86978253760526,287.86978253760526,286.2,286.675,290.57854143173347,295.38209231251386,289.90756973868235,298.630091381408,Down,1661
2026-03-10 11:45:00,287.2723912688026,287.2723912688026,285.1,285.975,290.16003766521226,295.0131867316309,289.8684396915313,297.5172471072435,Down,1647
2026-03-10 12:00:00,286.6236956344013,287.5,285.7,286.55,289.83185242292024,294.6812970558807,289.8354203911181,297.5172471072435,Down,1496
2026-03-10 12:15:00,286.5868478172007,287.5,286.1,286.65,289.54259311174565,294.3663442301599,289.80372466583333,297.2686375808613,Down,916
2026-03-10 12:30:00,286.61842390860033,286.61842390860033,285.4,286.075,289.2273573743142,294.041193476036,289.76662292786483,295.9807006641741,Down,1087
2026-03-10 12:45:00,286.3467119543002,286.3467119543002,283.0,284.82500000000005,288.8271430675583,293.6797741240346,289.7174525504731,294.95533187859917,Down,2179
2026-03-10 13:00:00,285.5858559771501,285.5858559771501,281.3,282.825,288.28149369778026,293.2540967074058,289.6488709330555,294.34867189067427,Down,2060
2026-03-10 13:15:00,284.205427988575,284.205427988575,281.4,282.5,287.75590336161844,292.8323674247624,289.5777378889455,293.7371822647686,Down,1207
2026-03-10 13:30:00,283.3527139942875,283.3527139942875,281.9,282.425,287.27127578328947,292.42423536888936,289.50656636766246,293.0950423318675,Down,730
2026-03-10 13:45:00,282.88885699714376,283.0,281.7,282.4,286.82843253026317,292.03112809952114,289.43585426450164,292.339713940658,Down,1124
2026-03-10 14:00:00,282.64442849857187,284.2,282.2,283.225,286.5008477547847,291.6857897426772,289.37405471958124,292.339713940658,Down,1106
2026-03-10 14:15:00,282.93471424928595,284.8,282.93471424928595,284.1,286.282588867986,291.38830779198395,289.32157656316747,292.339713940658,Down,860
2026-03-10 14:30:00,283.517357124643,284.4,283.1,283.875,286.06371715271456,291.09366827072967,289.2673817714942,292.339713940658,Down,687
2026-03-10 14:45:00,283.6961785623215,284.7,283.4,283.875,285.86474286610417,290.81058324050497,289.2137262314793,292.339713940658,Down,816
2026-03-10 15:00:00,283.78558928116075,283.78558928116075,282.4,283.0,285.60431169645835,290.50428585852444,289.1518981097731,291.658763601327,Down,904
2026-03-10 15:15:00,283.3927946405804,283.3927946405804,281.7,282.575,285.32891972405304,290.19333347191565,289.0864563375365,290.9492035175437,Down,1033
2026-03-10 15:30:00,282.9838973202902,284.0,282.4,283.29999999999995,285.14447247641186,289.92300666909546,289.028879657561,290.9492035175437,Down,1112
2026-03-10 15:45:00,283.1419486601451,286.1,283.1419486601451,284.80000000000007,285.11315679673805,289.722104446778,288.9868012530082,290.9492035175437,Down,2453
2026-03-10 16:00:00,283.9709743300726,287.7,283.9709743300726,286.17499999999995,285.20968799703456,289.5830023116103,288.95882313108774,290.9492035175437,Down,2439
2026-03-10 16:15:00,285.07298716503624,289.7,285.07298716503624,287.75,285.4406254518496,289.5111198680178,288.94679504023117,290.9492035175437,Down,3604
2026-03-10 16:30:00,286.4114935825181,289.7,286.4114935825181,288.85,285.7505685925905,289.48519359868374,288.94583190550253,290.9492035175437,Down,2341
2026-03-10 16:45:00,287.63074679125907,289.4,285.4,287.95,285.95051690235505,289.42498992814717,288.93592313032343,290.9492035175437,Down,3687
2026-03-10 17:00:00,287.7903733956296,289.1,287.3,288.475,286.1800153657773,289.38773542116104,288.93133683051923,290.9492035175437,Down,2025
2026-03-10 17:15:00,288.1326866978148,289.1,286.5,287.925,286.3386503325248,289.3303732477822,288.921323528723,290.9492035175437,Down,4917
2026-03-10 17:30:00,288.0288433489074,288.0288433489074,283.8,286.15,286.32150030229525,289.2056527282613,288.89374817022826,290.9492035175437,Down,8868
2026-03-10 17:45:00,287.08942167445366,287.08942167445366,284.0,285.1,286.2104548202684,289.0446467389178,288.85599943221604,290.9492035175437,Down,7366
2026-03-10 18:00:00,286.09471083722684,286.09471083722684,283.2,284.15,286.0231407456985,288.85269980797983,288.80917356721886,290.9492035175437,Down,6116
2026-03-10 18:15:00,285.12235541861344,285.12235541861344,280.2,282.125,285.66876431427136,288.58886844296103,288.7426643774953,290.9492035175437,Down,11756
2026-03-10 18:30:00,283.6236777093067,283.6236777093067,278.7,279.95,285.1488766493376,288.2500892883351,288.6551751797093,290.9492035175437,Down,12334
2026-03-10 18:45:00,281.7868388546533,283.3,280.0,281.29999999999995,284.79897877212505,287.9775367672239,288.58198935702563,290.9492035175437,Down,10402
2026-03-10 19:00:00,281.5434194273266,283.1,279.7,281.125,284.46498070193184,287.7088098351759,288.50779045795076,290.9492035175437,Down,6534
2026-03-10 19:15:00,281.3342097136633,281.9,279.5,280.725,284.12498245630167,287.4349349396788,288.43034975687664,290.9492035175437,Down,6098
2026-03-10 19:30:00,281.02960485683167,282.4,280.7,281.525,283.8886204148197,287.2031727851816,288.361639809047,290.9492035175437,Down,4952
2026-03-10 19:45:00,281.27730242841585,283.3,281.27730242841585,282.225,283.73738219529065,287.0079503230176,288.3005787164197,290.9492035175437,Down,4814
2026-03-10 20:00:00,281.75115121420794,283.7,281.6,282.65,283.638529268446,286.83705031035026,288.2443540525747,290.9492035175437,Down,5972
2026-03-10 20:15:00,282.200575607104,284.3,279.4,281.625,283.4554811531327,286.63265618053265,288.1784898331461,290.9492035175437,Down,9022
2026-03-10 20:30:00,281.912787803552,281.912787803552,278.8,280.225,283.1618010483025,286.38137554600195,288.0993506308262,290.9492035175437,Down,6870
2026-03-10 20:45:00,281.06889390177594,282.6,280.2,281.4,283.0016373166386,286.18602748537444,288.0326904255444,290.9492035175437,Down,4542
2026-03-10 21:00:00,281.234446950888,282.2,279.8,281.375,282.85376119694416,285.99735974084996,287.9664447496683,290.9492035175437,Down,5020
2026-03-10 21:15:00,281.304723475444,281.6,279.5,280.9,282.6761465426765,285.79746328042444,287.89613186658704,290.9492035175437,Down,3860
2026-03-10 21:30:00,281.102361737722,281.8,280.0,280.75,282.5010423115241,285.5995235439372,287.8250260768698,290.9492035175437,Down,3034
2026-03-10 21:45:00,280.926180868861,282.0,280.4,280.9,282.35549301047644,285.4152285029985,287.75612034476165,290.9492035175437,Down,3304
2026-03-10 22:00:00,280.9130904344305,282.0,280.4,280.975,282.2299936458877,285.2411018950378,287.68864651048546,290.9492035175437,Down,2388
2026-03-10 22:15:00,280.94404521721526,280.94404521721526,278.9,280.05,282.0318124053524,285.037529271703,287.61264007754534,289.9618023768118,Down,5180
2026-03-10 22:30:00,280.4970226086076,280.8,279.4,280.02500000000003,281.8493749139567,284.8409594963421,287.53714117130113,289.7361634256402,Down,3072
2026-03-10 22:45:00,280.2610113043038,280.2610113043038,275.0,277.82500000000005,281.4835226490515,284.5658238298189,287.44050295069115,288.30374924066257,Down,9192
2026-03-10 23:00:00,279.0430056521519,279.0430056521519,273.4,275.4,280.93047513550135,284.2063797580613,287.3206969511818,287.9764535982318,Down,9932
2026-03-10 23:15:00,277.22150282607595,278.4,274.8,276.225,280.5027046686376,283.8933844734314,287.21029200639396,287.9764535982318,Down,8524
2026-03-10 23:30:00,276.723251413038,277.2,275.0,276.325,280.1229133351251,283.59658508231644,287.1019806431463,287.8049179935172,Down,4716
2026-03-11 09:00:00,276.524125706519,281.1,276.524125706519,279.79999999999995,280.09355757738643,283.4476993928139,287.0293241193339,287.8049179935172,Down,520
2026-03-11 09:15:00,278.1620628532595,280.0,278.1620628532595,279.425,280.03277961580585,283.28994647544863,286.95365920272366,287.8049179935172,Down,1801
2026-03-11 09:30:00,278.7935314266298,279.9,278.7935314266298,279.375,279.9729814689144,283.1364191626859,286.878249658418,287.8049179935172,Down,1733
2026-03-11 09:45:00,279.0842657133149,280.4,279.0842657133149,279.92499999999995,279.9686195171949,283.0104811563061,286.80906309465263,287.8049179935172,Down,637
2026-03-11 10:00:00,279.5046328566574,280.4,279.5046328566574,280.07500000000005,279.97829047017717,282.89536424821574,286.74205749172074,287.8049179935172,Down,391
2026-03-11 10:15:00,279.7898164283287,281.8,279.7898164283287,280.85,280.05753679107016,282.8151538855406,286.6834300539922,287.8049179935172,Down,1143
2026-03-11 10:30:00,280.31990821416434,281.7,280.31990821416434,281.04999999999995,280.1477607191547,282.745932164539,286.6273760236042,287.8049179935172,Down,639
2026-03-11 10:45:00,280.6849541070821,281.5,280.4,280.925,280.2184188355952,282.67452306004725,286.5706359636679,287.8049179935172,Down,506
2026-03-11 11:00:00,280.80497705354105,281.4,280.7,281.15000000000003,280.3031080323592,282.61473784200615,286.5166992874125,287.8049179935172,Down,321
2026-03-11 11:15:00,280.97748852677057,282.1,280.97748852677057,281.6,280.42100730214474,282.5749442011432,286.46777690644325,287.8049179935172,Down,719
2026-03-11 11:30:00,281.2887442633853,281.9,280.7,281.525,280.521370274677,282.53376991874546,286.41859504667764,287.8049179935172,Down,635
2026-03-11 11:45:00,281.40687213169264,281.7,280.8,281.4,280.6012457042518,282.4893083533045,286.3686587775565,287.8049179935172,Down,460
2026-03-11 12:00:00,281.40343606584634,282.2,280.9,281.65,280.6965870038653,282.4563943002338,286.32170694892415,287.8049179935172,Down,1028
2026-03-11 12:15:00,281.5267180329232,282.0,281.1,281.65,280.7832609126048,282.4247709943423,286.27522230266624,287.8049179935172,Down,587
2026-03-11 12:30:00,281.5883590164616,281.7,280.7,281.25,280.8256917387317,282.37870154358376,286.22522009069945,287.8049179935172,Down,494
2026-03-11 12:45:00,281.4191795082308,283.0,281.3,282.025,280.9347197624833,282.3648308948158,286.18342685596616,287.8049179935172,Down,1655
2026-03-11 13:00:00,281.72208975411536,283.9,281.72208975411536,283.0,281.12247251134846,282.389739487176,286.1517509668521,287.8049179935172,Down,1543
2026-03-11 13:15:00,282.3610448770577,284.7,282.3610448770577,283.95000000000005,281.37952046486225,282.4509261739534,286.12984299703265,287.8049179935172,Down,1335
2026-03-11 13:30:00,283.15552243852886,284.7,283.15552243852886,284.0,281.6177458771475,282.5116741671317,286.1086505294005,287.8049179935172,Down,1323
2026-03-11 13:45:00,283.5777612192644,283.7,282.6,283.325,281.7729507974068,282.5435692978324,286.0809525141826,287.8049179935172,Down,1112
2026-03-11 14:00:00,283.4513806096322,284.5,283.3,283.975,281.9731370885516,282.5997038351723,286.05999776279776,287.8049179935172,Down,806
2026-03-11 14:15:00,283.7131903048161,284.8,283.6,284.25,282.18012462595595,282.6644213318322,286.0419878348098,287.8049179935172,Down,1095
2026-03-11 14:30:00,283.9815951524081,286.8,283.9815951524081,285.425,282.47511329632357,282.7726793188192,286.0358486523739,287.8049179935172,Down,2589
2026-03-11 14:45:00,284.703297576204,287.9,284.703297576204,286.875,282.87510299665774,282.93355463964986,286.0441984170269,287.8049179935172,Down,2727
2026-03-11 15:00:00,285.789148788102,287.1,285.789148788102,286.625,283.21600272423433,283.07831720280086,286.0499775372555,287.8049179935172,Down,1275
2026-03-11 15:15:00,286.207074394051,287.2,285.7,286.475,283.5122752038494,283.21152044974986,286.0542066164868,287.8049179935172,Down,1278
2026-03-11 15:30:00,286.3410371970255,286.4,285.2,285.9,283.72934109440854,283.31695102034786,286.0526722222929,287.8049179935172,Down,1010
2026-03-11 15:45:00,286.1205185985127,286.1205185985127,283.5,284.825,283.8289464494623,283.3760901960205,286.04045657829,287.8049179935172,Down,3132
2026-03-11 16:00:00,285.4727592992564,285.4727592992564,283.3,283.95,283.839951317693,283.3985964628433,286.0196560153219,287.8049179935172,Down,1601
2026-03-11 16:15:00,284.71137964962816,284.71137964962816,281.4,282.875,283.75222847063,283.3780632682219,285.98836590571676,287.8049179935172,Down,3142
2026-03-11 16:30:00,283.7931898248141,283.7931898248141,281.5,282.1,283.6020258823909,283.3279431400564,285.94967569769966,287.8049179935172,Down,1878
2026-03-11 16:45:00,282.946594912407,283.4,281.9,282.45,283.497296256719,283.29351399730905,285.9148530539415,287.8049179935172,Down,2433
2026-03-11 17:00:00,282.6982974562035,285.4,282.1,283.75,283.52026932429,283.3114154091793,285.8933122275341,287.8049179935172,Down,2462
2026-03-11 17:15:00,283.22414872810174,286.5,283.22414872810174,285.625,283.71160847662725,283.40214421666246,285.8906424541258,287.8049179935172,Down,3795
2026-03-11 17:30:00,284.42457436405084,287.7,284.42457436405084,286.65,283.978734978752,283.5295111101267,285.89819825060215,287.8049179935172,Down,4063
2026-03-11 17:45:00,285.5372871820254,287.6,285.5372871820254,286.95000000000005,284.24884998068364,283.6636479293374,285.90866393965086,287.8049179935172,Down,3234
2026-03-11 18:00:00,286.2436435910128,288.5,286.2436435910128,287.475,284.542136346076,283.8131127164222,285.9242493730872,287.8049179935172,Down,3574
2026-03-11 18:15:00,286.8593217955064,288.9,286.8593217955064,288.0,284.8564875873418,283.9773043746018,285.9449036081809,279.2988716538405,Up,2788
2026-03-11 18:30:00,287.4296608977532,289.3,287.3,288.27500000000003,285.167261443038,284.1458414579507,285.96808864690547,279.3885968746477,Up,3516
2026-03-11 18:45:00,287.8523304488766,288.3,285.9,287.45000000000005,285.37478313003453,284.27541630273697,285.9828340335034,279.3885968746477,Up,4610
2026-03-11 19:00:00,287.6511652244384,288.9,287.3,287.95,285.60889375457685,284.4195176241983,286.00240782421486,279.3885968746477,Up,3257
2026-03-11 19:15:00,287.8005826122192,288.6,285.4,287.5,285.78081250416074,284.5403208546219,286.01730923889926,279.3885968746477,Up,4082
2026-03-11 19:30:00,287.6502913061096,288.9,284.6,286.5,285.84619318560067,284.61717101718574,286.0221121320446,279.3885968746477,Up,4582
2026-03-11 19:45:00,287.0751456530548,287.3,284.2,285.8,285.84199380509153,284.6635564674922,286.01990206107894,279.3885968746477,Up,5102
2026-03-11 20:00:00,286.4375728265274,288.9,285.8,287.67499999999995,286.00863073190135,284.78165229229637,286.0363706972871,279.3885968746477,Up,4639
2026-03-11 20:15:00,287.0562864132637,289.7,287.0562864132637,288.67499999999995,286.25102793809214,284.93433259455924,286.06262571522456,279.3885968746477,Up,3696
2026-03-11 20:30:00,287.86564320663183,290.4,287.86564320663183,289.25,286.52366176190196,285.10357445359614,286.0943408822373,279.3885968746477,Up,2963
2026-03-11 20:45:00,288.5578216033159,292.9,288.5578216033159,291.525,286.97832887445634,285.35539506325904,286.1483772913693,279.78800852670474,Up,7526
2026-03-11 21:00:00,290.04141080165795,293.3,290.04141080165795,292.35,287.4666626131421,285.6296932960724,286.21008498001237,280.5394890787472,Up,6154
2026-03-11 21:15:00,291.19570540082896,291.9,290.8,291.375,287.8219660119474,285.8549994413245,286.26147716926596,280.66707607083475,Up,2499
2026-03-11 21:30:00,291.2853527004145,292.4,290.5,291.575,288.16315091995216,286.0793131887235,286.3143480432036,281.04734188257703,Up,2925
2026-03-11 21:45:00,291.43017635020726,294.0,291.2,292.725,288.57786447268376,286.3399283577932,286.3781356248633,282.1248562568882,Up,4505
2026-03-11 22:00:00,292.07758817510364,293.4,291.8,292.775,288.95942224789434,286.592284108468,286.4417860166557,282.4953238698984,Up,2255
2026-03-11 22:15:00,292.4262940875518,292.7,290.9,292.125,289.2472020435403,286.8092533591163,286.4983354095248,282.4953238698984,Up,2027
2026-03-11 22:30:00,292.2756470437759,292.7,291.8,292.35,289.5292745850366,287.02653754111174,286.556560927838,282.95192055363503,Up,980
2026-03-11 22:45:00,292.31282352188794,293.0,291.5,292.4,289.79024962276054,287.2372615591073,286.61470460019785,283.25174595785,Up,1893
2026-03-11 23:00:00,292.356411760944,296.5,292.356411760944,294.525,290.2206814752368,287.5230552234561,286.69341400716104,284.7412155734062,Up,5022
2026-03-11 23:15:00,293.440705880472,297.6,293.440705880472,296.02500000000003,290.7483467956698,287.8564648225363,286.78626560907986,285.20152752671146,Up,4857
2026-03-11 23:30:00,294.732852940236,296.3,294.732852940236,295.9,291.21667890515437,288.1718975745937,286.8769495333676,285.5658044360906,Up,2554
2026-03-12 09:00:00,295.316426470118,305.5,295.316426470118,301.54999999999995,292.15607173195855,288.69652904225666,287.02295003552314,287.6590755568952,Up,850
2026-03-12 09:15:00,298.433213235059,304.9,298.433213235059,303.125,293.1532470290532,289.2623514327564,287.1831694381548,287.7249226319475,Up,4279
2026-03-12 09:30:00,300.77910661752946,303.0,300.77910661752946,302.25,293.9802245718666,289.77167098441305,287.333088150213,288.36224300097365,Up,2522
2026-03-12 09:45:00,301.51455330876473,303.3,301.51455330876473,302.575,294.76156779260594,290.2737623183576,287.48474896463875,289.46046848685035,Up,1243
2026-03-12 10:00:00,302.0447766543824,304.2,302.0447766543824,303.6,295.5650616296418,290.79635987450047,287.64509972120953,290.5688451401193,Up,1185
2026-03-12 10:15:00,302.8223883271912,305.3,302.8223883271912,304.45000000000005,296.3727832996743,291.3317967421671,287.81231265930694,291.74793247614525,Up,1588
2026-03-12 10:30:00,303.63619416359563,304.6,303.63619416359563,304.225,297.0866211815221,291.8374125561998,287.9756229811049,292.5737479708777,Up,981
2026-03-12 10:45:00,303.9305970817978,304.3,300.6,302.875,297.6128374377474,292.2702591226234,288.12387548875563,292.5737479708777,Up,3635
2026-03-12 11:00:00,303.4027985408989,303.4027985408989,301.9,302.75,298.07985221613393,292.68122935310873,288.26940906598196,292.5737479708777,Up,1141
2026-03-12 11:15:00,303.07639927044943,303.9,302.5,303.15,298.5407747419399,293.091769378477,288.417474647415,292.5737479708777,Up,1154
2026-03-12 11:30:00,303.1131996352247,303.9,301.8,302.625,298.9120679472181,293.4656215597132,288.55884305888355,292.5737479708777,Up,1212
2026-03-12 11:45:00,302.8690998176123,302.8690998176123,301.0,302.04999999999995,299.19733449747093,293.8022638514892,288.69308342645684,292.5737479708777,Up,1434
2026-03-12 12:00:00,302.45954990880614,302.7,301.6,302.25,299.4748495431554,294.1335476220191,288.8279781187309,292.5737479708777,Up,1114
2026-03-12 12:15:00,302.35477495440307,302.4,301.3,301.975,299.7021359483231,294.44105555841054,288.958794256853,292.58033672968645,Up,848
2026-03-12 12:30:00,302.16488747720155,302.2,300.6,301.625,299.8769417712028,294.7227788698454,289.08482615479477,292.58033672968645,Up,1986
2026-03-12 12:45:00,301.8949437386008,302.8,301.5,302.0,300.0699470647298,295.0081600906358,289.2133353472844,293.4874683716416,Up,736
2026-03-12 13:00:00,301.9474718693004,302.9,301.9,302.275,300.27040642248164,295.2931342047285,289.3433021597492,294.1613348833106,Up,905
2026-03-12 13:15:00,302.1112359346501,302.6,300.1,301.27500000000003,300.36173311134695,295.5277171770921,289.4620255213438,294.1613348833106,Up,1260
2026-03-12 13:30:00,301.69311796732507,301.8,300.3,300.75,300.39703010122446,295.73251258191203,289.57434367536024,294.1613348833106,Up,1039
2026-03-12 13:45:00,301.22155898366253,301.22155898366253,298.5,299.82500000000005,300.3450273647495,295.89300228458217,289.67634025570493,294.1613348833106,Up,2334
2026-03-12 14:00:00,300.5232794918313,300.5232794918313,298.7,299.79999999999995,300.29547942249957,296.04621788126525,289.777073188484,294.1613348833106,Up,1268
2026-03-12 14:15:00,300.16163974591564,301.2,300.1,300.55,300.31861765681776,296.22283678788233,289.88426649009114,294.1613348833106,Up,827
2026-03-12 14:30:00,300.3558198729578,301.0,299.1,300.20000000000005,300.3078342334707,296.3788039726712,289.9869106046176,294.1613348833106,Up,969
2026-03-12 14:45:00,300.2779099364789,301.6,299.8,300.6,300.33439475770064,296.5443410717822,290.09251348417365,294.1613348833106,Up,750
2026-03-12 15:00:00,300.4389549682395,302.5,300.4389549682395,301.3,300.4221770524551,296.73083750033976,290.2040307629381,294.1613348833106,Up,1302
2026-03-12 15:15:00,300.8694774841198,303.4,300.8694774841198,302.0,300.5656155022319,296.9374713238559,290.3214035911676,294.1613348833106,Up,1478
2026-03-12 15:30:00,301.4347387420599,302.5,299.3,300.85,300.59146863839266,297.0909038209596,290.4261657444893,294.1613348833106,Up,1577
2026-03-12 15:45:00,301.14236937103,301.2,298.9,300.1,300.5467896712661,297.20890759268667,290.52242280175807,294.1613348833106,Up,2681
2026-03-12 16:00:00,300.621184685515,301.4,299.0,300.1,300.5061724284237,297.32228376552246,290.6177220773625,294.1613348833106,Up,1603
2026-03-12 16:15:00,300.3605923427575,300.3605923427575,297.6,298.725,300.34424766220343,297.37729224530585,290.6983915094285,294.1613348833106,Up,2546
2026-03-12 16:30:00,299.5427961713788,299.5427961713788,294.4,296.7,300.01295242018494,297.3507317650978,290.7581090068471,294.1613348833106,Up,3344
2026-03-12 16:45:00,298.1213980856894,298.1213980856894,293.5,294.9,299.5481385638045,297.25462463705475,290.7993218525502,294.1613348833106,Up,3869
2026-03-12 17:00:00,296.5106990428447,296.5106990428447,292.5,294.15,299.05739869436775,297.1328746512879,290.83266193361936,305.4670485041454,Down,3179
2026-03-12 17:15:00,295.3303495214224,295.3303495214224,292.7,293.85,298.58399881306156,297.00413446888444,290.86268519796147,305.20308796255364,Down,2539
2026-03-12 17:30:00,294.5901747607112,296.4,293.7,294.92499999999995,298.25136255732866,296.92259978383015,290.90310624076784,305.20308796255364,Down,2536
2026-03-12 17:45:00,294.7575873803556,298.0,294.7575873803556,296.425,298.0853295975715,296.9030860668172,290.95805045727764,305.20308796255364,Down,3974
2026-03-12 18:00:00,295.5912936901778,298.6,295.3,297.3,298.01393599779226,296.9186513190989,291.02115443282713,305.20308796255364,Down,3022
2026-03-12 18:15:00,296.4456468450889,299.9,296.4456468450889,298.375,298.046759997993,296.9757630320754,291.09432702553534,305.20308796255364,Down,3837
2026-03-12 18:30:00,297.4103234225445,299.8,297.4103234225445,298.375,298.0765999981754,297.0306350700332,291.16677153274395,305.20308796255364,Down,2857
2026-03-12 18:45:00,297.89266171127224,299.3,296.4,298.2,298.0878181801595,297.07649251826723,291.2367539055525,305.20308796255364,Down,2669
2026-03-12 19:00:00,298.04633085563614,301.1,298.04633085563614,299.625,298.22756198196316,297.17643398813914,291.32021904082063,305.20308796255364,Down,4335
2026-03-12 19:15:00,298.83566542781807,300.5,297.7,298.975,298.29551089269376,297.2469659886043,291.39638601553884,305.20308796255364,Down,2528
2026-03-12 19:30:00,298.90533271390905,299.7,297.4,298.45,298.3095553569943,297.29414379297276,291.4665712293146,305.20308796255364,Down,2125
2026-03-12 19:45:00,298.67766635695455,298.8,297.4,298.275,298.3064139609039,297.33260874226795,291.5343167892219,305.20308796255364,Down,1686
2026-03-12 20:00:00,298.47633317847726,300.1,297.8,298.875,298.3581036008217,297.3930946739438,291.60735841320974,305.20308796255364,Down,2838
2026-03-12 20:15:00,298.67566658923863,302.2,298.67566658923863,300.6,298.5619123643834,297.51885566712247,291.6968374339738,305.20308796255364,Down,4649
2026-03-12 20:30:00,299.6378332946193,301.4,298.6,300.325,298.72219305853037,297.62890054292154,291.7826897978149,305.20308796255364,Down,4636
2026-03-12 20:45:00,299.98141664730963,301.9,299.0,300.6,298.89290278048213,297.7454142471207,291.8704242276874,305.20308796255364,Down,3110
2026-03-12 21:00:00,300.2907083236548,302.8,300.2907083236548,302.0,299.17536616407466,297.91226074723363,291.9712160264169,305.20308796255364,Down,3327
2026-03-12 21:15:00,301.1453541618274,302.8,297.8,300.17499999999995,299.2662419673406,298.0009956198911,292.05284571769636,305.20308796255364,Down,4726
2026-03-12 21:30:00,300.6601770809137,300.6601770809137,297.7,298.95000000000005,299.23749269758235,298.0382114779346,292.1214741185153,305.20308796255364,Down,2523
2026-03-12 21:45:00,299.80508854045684,300.2,298.1,299.3,299.24317517962027,298.08769338076075,292.19290223673903,305.20308796255364,Down,1831
2026-03-12 22:00:00,299.5525442702284,299.5525442702284,294.5,297.125,299.05061379965474,298.0499406991623,292.24197783637345,305.20308796255364,Down,5063
2026-03-12 22:15:00,298.3387721351142,298.3387721351142,291.6,294.57500000000005,298.643739817868,297.9136685148814,292.2651919872553,305.20308796255364,Down,6227
2026-03-12 22:30:00,296.4568860675571,296.4568860675571,293.4,294.375,298.25567256169813,297.77489720057235,292.28618510181,305.20308796255364,Down,2870
2026-03-12 22:45:00,295.41594303377855,297.4,294.0,295.9,298.04152051063465,297.70137182015776,292.32214345900593,305.20308796255364,Down,2938
2026-03-12 23:00:00,295.65797151688923,297.7,295.1,296.55,297.90592773694055,297.6562199840732,292.3642116832944,305.20308796255364,Down,2434
2026-03-12 23:15:00,296.10398575844465,298.6,296.1,297.375,297.85766157903686,297.6451917494037,292.4140702735104,305.20308796255364,Down,2180
2026-03-12 23:30:00,296.7394928792223,298.5,296.7394928792223,297.925,297.86378325366985,297.65616462197613,292.468905395167,305.20308796255364,Down,2338
2026-03-13 09:00:00,297.33224643961114,302.5,297.33224643961114,300.7,298.1216211396998,297.775530715232,292.55080683402105,305.20308796255364,Down,375
2026-03-13 09:15:00,299.01612321980554,301.4,299.01612321980554,300.175,298.3082919451817,297.86962754992874,292.626669452588,305.20308796255364,Down,2243
2026-03-13 09:30:00,299.5955616099028,300.2,299.1,299.7,298.43481085925606,297.94140686169624,292.69705085106966,305.20308796255364,Down,1428
2026-03-13 09:45:00,299.64778080495137,300.0,299.2,299.625,298.54300987205096,298.0074301220219,292.76598566847196,305.20308796255364,Down,668
2026-03-13 10:00:00,299.6363904024757,300.2,299.3,299.725,298.65046352004634,298.07478580351125,292.8352295921688,305.20308796255364,Down,707
2026-03-13 10:15:00,299.6806952012379,301.7,299.6806952012379,300.75,298.84133047276936,298.1796961641579,292.91398352657507,305.20308796255364,Down,1315
2026-03-13 10:30:00,300.21534760061894,304.0,300.21534760061894,302.75,299.1966640661539,298.3589237655635,293.01185433725595,305.20308796255364,Down,2030
2026-03-13 10:45:00,301.4826738003095,306.9,301.4826738003095,305.325,299.7537855146854,298.63210322573747,293.1343731995718,292.4391641458921,Up,3824
2026-03-13 11:00:00,303.4038369001547,306.3,303.4038369001547,305.175,300.2466231951685,298.88868741296346,293.2541804314169,293.1149748189858,Up,2340
2026-03-13 11:15:00,304.2894184500774,304.5,302.8,303.975,300.5855665410623,299.0881506516708,293.36085525299484,293.1149748189858,Up,1885
2026-03-13 11:30:00,304.1322092250387,304.5,302.4,303.45,300.8459695827839,299.25920356729154,293.46124475296506,293.1149748189858,Up,1056
2026-03-13 11:45:00,303.79110461251935,303.79110461251935,301.9,302.67499999999995,301.012245075258,299.39315636857424,293.55292390965195,293.1149748189858,Up,1576
2026-03-13 12:00:00,303.23305230625965,304.5,302.9,303.575,301.24522279568913,299.55715023647326,293.6526460598047,293.1149748189858,Up,1179
2026-03-13 12:15:00,303.40402615312985,304.7,303.4,304.0,301.4956570869901,299.73137963896454,293.7556048054783,293.9543158604721,Up,927
2026-03-13 12:30:00,303.7020130765649,305.0,303.6,304.3,301.7505973518092,299.91054122175024,293.8605241606477,294.61301441861104,Up,872
2026-03-13 12:45:00,304.00100653828247,306.1,304.00100653828247,305.025,302.04827031982654,300.111108232662,293.97161347248203,295.4808823908904,Up,1532
2026-03-13 13:00:00,304.5130032691412,306.2,304.5130032691412,305.375,302.3507002907514,300.31753536079293,294.08508000509414,296.04339293403024,Up,1150
2026-03-13 13:15:00,304.9440016345706,305.7,304.4,305.15,302.60518208250124,300.50704377801674,294.1951787115111,296.110810272236,Up,734
2026-03-13 13:30:00,305.04700081728527,307.3,305.04700081728527,306.15,302.9274382568193,300.7283361788788,294.3141321571677,297.2276918624155,Up,2748
2026-03-13 13:45:00,305.5985004086426,307.8,305.5985004086426,307.04999999999995,303.30221659710844,300.9762445640208,294.4408572103302,297.7661516745303,Up,1410
2026-03-13 14:00:00,306.3242502043213,307.4,304.8,306.125,303.55883327009855,301.17815654190235,294.5571173375906,297.7661516745303,Up,1580
2026-03-13 14:15:00,306.22462510216064,306.22462510216064,303.9,304.7,303.6625757000896,301.31626805006306,294.65804154318676,297.7661516745303,Up,1777
2026-03-13 14:30:00,305.46231255108034,305.46231255108034,304.1,304.9,303.7750688182632,301.4568065579037,294.7599515775829,297.7661516745303,Up,1203
2026-03-13 14:45:00,305.18115627554016,305.3,304.0,304.70000000000005,303.8591534711484,301.58399061445647,294.8588575320348,297.7661516745303,Up,914
2026-03-13 15:00:00,304.9405781377701,306.0,304.4,305.2,303.9810486101349,301.72579490408566,294.96175447201455,297.7661516745303,Up,987
2026-03-13 15:15:00,305.070289068885,306.3,305.070289068885,305.75,304.1418623728499,301.8836068686313,295.06910019866115,297.7661516745303,Up,984
2026-03-13 15:30:00,305.4101445344425,305.9,304.7,305.29999999999995,304.2471476116817,302.0175830698615,295.17090019668444,297.7661516745303,Up,937
2026-03-13 15:45:00,305.3550722672212,305.3550722672212,303.2,304.25,304.24740691971067,302.1051288318277,295.26123949821,297.7661516745303,Up,1908
2026-03-13 16:00:00,304.8025361336106,304.8025361336106,302.7,303.95000000000005,304.2203699270097,302.17747672077564,295.34769482658606,297.7661516745303,Up,1688
2026-03-13 16:15:00,304.3762680668053,305.0,303.3,304.05,304.204881751827,302.2509090062354,295.4342849278141,297.7661516745303,Up,1417
2026-03-13 16:30:00,304.21313403340264,304.21313403340264,300.7,302.40000000000003,304.04080159256995,302.25675571187327,295.50359552554727,297.7661516745303,Up,3559
2026-03-13 16:45:00,303.30656701670136,304.1,302.2,303.1,303.9552741750636,302.2898241153292,295.57918163972096,297.7661516745303,Up,2133
2026-03-13 17:00:00,303.2032835083507,304.6,302.8,303.75,303.93661288642147,302.3470859147281,295.6604833149476,297.7661516745303,Up,2004
2026-03-13 17:15:00,303.4766417541754,304.3,302.5,303.425,303.8901026240195,302.38935705532697,295.7377421874357,297.7661516745303,Up,1608
2026-03-13 17:30:00,303.4508208770877,304.3,302.1,303.0,303.8091842036541,302.413303837471,295.8100034592025,297.7661516745303,Up,2361
2026-03-13 17:45:00,303.22541043854386,303.3,300.0,301.70000000000005,303.61744018514014,302.38533113796234,295.86861038995676,297.7661516745303,Up,4376
2026-03-13 18:00:00,302.4627052192719,302.4627052192719,298.9,300.0,303.288581986491,302.2917887403952,295.90971874428556,297.7661516745303,Up,3661
2026-03-13 18:15:00,301.231352609636,301.231352609636,295.5,298.125,302.8191654422646,302.1283852603797,295.9317613438449,297.7661516745303,Up,5529
2026-03-13 18:30:00,299.67817630481795,299.67817630481795,292.1,294.15,302.0310594929678,301.8155074070315,295.91403237524946,308.0568176885053,Down,9243
2026-03-13 18:45:00,296.91408815240897,296.91408815240897,291.3,293.5,301.25550862997073,301.48940907734396,295.89001215261015,307.2101029826226,Down,6896
2026-03-13 19:00:00,295.2070440762045,295.2070440762045,292.5,294.025,300.5981896636098,301.19668715274224,295.8714548177584,306.749773435284,Down,2835
2026-03-13 19:15:00,294.61602203810224,294.7,291.5,293.2,299.92562696691795,300.8830915781249,295.8448731777807,305.98750127016524,Down,3469
2026-03-13 19:30:00,293.9080110190511,293.9080110190511,291.6,292.425,299.2437517881072,300.5514017123161,295.8108445889471,305.30919248933066,Down,2810
2026-03-13 19:45:00,293.1665055095256,293.9,292.4,292.775,298.65568344373384,300.24644478242135,295.78063718010185,305.1092608907319,Down,2618
2026-03-13 20:00:00,292.9707527547628,292.9707527547628,289.3,291.325,297.98925767612167,299.8965842027186,295.7363024817924,303.3422509161424,Down,6040
2026-03-13 20:15:00,292.1478763773814,293.6,289.7,291.70000000000005,297.4175069782924,299.5751495281022,295.6961402680432,303.3422509161424,Down,3891
2026-03-13 20:30:00,291.9239381886907,294.0,291.6,293.05,297.0204608893567,299.3192613113139,295.6698105141324,303.3422509161424,Down,3402
2026-03-13 20:45:00,292.48696909434534,294.3,292.3,293.17499999999995,296.67087353577875,299.0783098873408,295.6449865289172,303.3422509161424,Down,2895
2026-03-13 21:00:00,292.83098454717265,292.83098454717265,291.1,291.975,296.24397594161707,298.7997487152882,295.6084692500225,303.3422509161424,Down,1936
2026-03-13 21:15:00,292.40299227358634,293.6,291.5,292.55,295.9081599469246,298.554660530375,295.57803672017155,303.3422509161424,Down,2151
2026-03-13 21:30:00,292.4764961367932,293.3,291.6,292.65,295.6119635881133,298.3231052154583,295.54890202643855,303.29952498884376,Down,1372
2026-03-13 21:45:00,292.56324806839655,293.5,292.3,292.875,295.36314871646664,298.1094540305384,295.52229603612574,303.19956817167605,Down,1901
2026-03-13 22:00:00,292.7191240341983,295.8,292.7191240341983,294.5,295.2846806513333,297.96790681365457,295.51212393626383,303.19956817167605,Down,4465
2026-03-13 22:15:00,293.6095620170992,296.0,288.6,293.025,295.07925513757573,297.7740673307662,295.48737643441046,303.19956817167605,Down,7801
2026-03-13 22:30:00,293.3172810085496,293.3172810085496,289.7,290.82500000000005,294.69250467052336,297.50155488642235,295.44098462909295,303.19956817167605,Down,2991
2026-03-13 22:45:00,292.0711405042748,292.0711405042748,289.9,290.675,294.3272769732031,297.2338468516607,295.3935618964652,303.07121861673727,Down,2343
2026-03-13 23:00:00,291.3730702521374,291.3730702521374,290.1,290.625,293.99070633927556,296.97467638688966,295.346113519386,302.18642282193673,Down,1329
2026-03-13 23:15:00,290.9990351260687,292.0,290.4,291.1,293.72791485388683,296.74429692073716,295.303863633621,302.18642282193673,Down,2113
2026-03-13 23:30:00,291.0495175630343,292.8,291.0495175630343,292.125,293.5821953217153,296.56314802188473,295.2722331497044,302.18642282193673,Down,2780
2026-03-16 09:00:00,291.5872587815172,291.5872587815172,288.4,289.0,293.1656321106502,296.26655398181083,295.2098228696079,301.01015829243624,Down,292
2026-03-16 09:15:00,290.2936293907586,290.2936293907586,287.5,288.4,292.7323928278638,295.9580616687987,295.1420634380695,299.92770620263485,Down,2269
2026-03-16 09:30:00,289.3468146953793,289.3468146953793,286.7,287.575,292.2635389344216,295.6293141523752,295.0667692745066,299.0139686071508,Down,1668
2026-03-16 09:45:00,288.4609073476896,288.4609073476896,286.2,286.65,291.75321721311053,295.2771841856154,294.9830203265016,298.1440211270602,Down,1539
2026-03-16 10:00:00,287.5554536738448,287.9,286.4,287.04999999999995,291.32565201191863,294.9545495116697,294.9040848008648,297.52597041201403,Down,919
2026-03-16 10:15:00,287.3027268369224,288.4,287.3027268369224,287.875,291.0119563744715,294.67692011905524,294.83414365856765,297.52597041201403,Down,517
2026-03-16 10:30:00,287.5888634184612,288.2,287.4,287.9,290.72905124951956,294.411158545759,294.76514720425354,297.1123722413339,Down,403
2026-03-16 10:45:00,287.7444317092306,290.7,287.7444317092306,289.2,290.59004659047235,294.2067993871018,294.70977260520624,297.1123722413339,Down,1390
2026-03-16 11:00:00,288.4722158546153,291.4,288.4722158546153,290.35,290.56822417315664,294.0555523523135,294.6663917832639,297.1123722413339,Down,1526
2026-03-16 11:15:00,289.4111079273076,290.8,289.4111079273076,290.25,290.53929470286965,293.90631500516395,294.62244758641555,297.1123722413339,Down,879
2026-03-16 11:30:00,289.8305539636538,290.8,288.3,289.6,290.453904275336,293.73743990692225,294.57247298356566,297.1123722413339,Down,1052
2026-03-16 11:45:00,289.71527698182695,290.3,288.0,289.25,290.34445843212364,293.56146187135664,294.51951305338093,297.1123722413339,Down,810
2026-03-16 12:00:00,289.4826384909135,291.5,289.4826384909135,290.6,290.3676894837488,293.4453261116956,294.4805129234966,297.1123722413339,Down,1042
2026-03-16 12:15:00,290.04131924545675,290.7,289.6,290.375,290.36835407613523,293.3249211661389,294.43966204863597,297.1123722413339,Down,630
2026-03-16 12:30:00,290.2081596227284,290.5,288.6,289.575,290.2962309783047,293.1778654341335,294.39125745113716,297.1123722413339,Down,826
2026-03-16 12:45:00,289.8915798113642,290.3,288.7,289.35,290.210209980277,293.0277530641675,294.3410956854542,297.1123722413339,Down,655
2026-03-16 13:00:00,289.6207899056821,290.6,289.4,289.79999999999995,290.17291816388814,292.90117451263154,294.29591065375814,297.1123722413339,Down,501
2026-03-16 13:15:00,289.71039495284106,290.5,289.5,289.8,290.1390165126256,292.77955982586167,294.25117522436756,297.1123722413339,Down,229
2026-03-16 13:30:00,289.75519747642056,290.1,288.8,289.35,290.0672877387505,292.64506728367104,294.2024073116873,297.0700494850539,Down,435
2026-03-16 13:45:00,289.55259873821024,289.55259873821024,287.3,288.525,289.92707976250045,292.4834960176447,294.14591569664566,296.17274389668506,Down,927
2026-03-16 14:00:00,289.0387993691051,289.4,287.7,288.7,289.8155270568186,292.3351236247959,294.0917274807586,296.17274389668506,Down,565
2026-03-16 14:15:00,288.86939968455255,290.1,288.7,289.4,289.7777518698351,292.2200207375491,294.0450436252287,296.17274389668506,Down,559
2026-03-16 14:30:00,289.1346998422763,290.3,288.3,289.40000000000003,289.7434107907591,292.10943168901775,293.9988242856742,296.17274389668506,Down,616
2026-03-16 14:45:00,289.26734992113813,289.6,288.6,289.225,289.6962825370538,291.996316720821,293.95132354651327,296.17274389668506,Down,361
2026-03-16 15:00:00,289.2461749605691,290.0,288.6,289.2,289.6511659427762,291.8866572415731,293.9040466953042,296.17274389668506,Down,449
2026-03-16 15:15:00,289.22308748028456,289.3,288.0,288.575,289.55333267525106,291.7567883301389,293.8510213550524,295.53669807451166,Down,526
2026-03-16 15:30:00,288.89904374014225,289.0,287.6,288.425,289.450756977501,291.6261299642511,293.7970310928131,295.0697255222833,Down,971
2026-03-16 15:45:00,288.6620218700712,289.3,287.2,288.25,289.3415972522736,291.4937327107511,293.74183675358114,295.0697255222833,Down,1013
2026-03-16 16:00:00,288.4560109350356,288.4560109350356,286.8,287.375,289.16281568388507,291.3322137809177,293.6784851440928,294.51922061933516,Down,1171
2026-03-16 16:15:00,287.9155054675178,287.9155054675178,286.5,286.975,288.9639233489864,291.1613426522543,293.6117837993755,293.9872230417811,Down,1323
2026-03-16 16:30:00,287.44525273375893,287.44525273375893,285.0,286.025,288.6967484990785,290.95991745020507,293.5362934133121,293.2749640046302,Down,3093
2026-03-16 16:45:00,286.73512636687946,286.73512636687946,285.1,285.825,288.43568045370773,290.75854813843233,293.4595641256174,292.9233706238965,Down,1608
2026-03-16 17:00:00,286.2800631834397,287.8,286.1,286.725,288.2801640488252,290.60036978006246,293.39255353730283,292.9233706238965,Down,2502
2026-03-16 17:15:00,286.50253159171984,287.0,285.9,286.6,288.1274218625684,290.4434925337855,293.3249659399167,292.9233706238965,Down,1190
2026-03-16 17:30:00,286.55126579585993,288.9,285.6,287.025,288.02720169324397,290.3094340030488,293.26227971165883,292.9233706238965,Down,3514
2026-03-16 17:45:00,286.7881328979299,289.0,286.4,287.275,287.95881972113085,290.19043659116454,293.2027047891548,292.9233706238965,Down,2404
2026-03-16 18:00:00,287.0315664489649,289.9,287.0315664489649,288.5,288.0080179283008,290.1241449601385,293.1559117066756,292.9233706238965,Down,2912
2026-03-16 18:15:00,287.76578322448245,290.2,284.1,287.075,287.9231981166371,290.0045706479762,293.09540512252966,292.9233706238965,Down,5817
2026-03-16 18:30:00,287.42039161224125,288.1,283.6,285.8,287.73018010603374,289.83968552452615,293.02281402678307,292.9233706238965,Down,6054
2026-03-16 18:45:00,286.6101958061206,290.6,286.6101958061206,288.4,287.791072823667,289.78322726866236,292.9768158772628,292.9233706238965,Down,4891
2026-03-16 19:00:00,287.5050979030603,289.0,286.8,287.875,287.79870256697,289.70839482675404,292.92605154017565,292.9233706238965,Down,2543
2026-03-16 19:15:00,287.6900489515301,289.7,286.4,287.9,287.8079114245182,289.6374773825676,292.8760410770893,292.9233706238965,Down,2948
2026-03-16 19:30:00,287.79502447576505,288.9,287.3,288.075,287.8321922041074,289.57620375972186,292.82826952408345,292.9233706238965,Down,2011
2026-03-16 19:45:00,287.9350122378825,288.1,286.0,287.20000000000005,287.7747201855522,289.4830192985563,292.7722668422518,292.9233706238965,Down,2872
2026-03-16 20:00:00,287.5675061189413,287.5675061189413,285.7,286.425,287.65201835050203,289.36309697312277,292.7091099582493,292.9233706238965,Down,1743
2026-03-16 20:15:00,286.99625305947063,286.99625305947063,284.1,285.2,287.4291075913655,289.19983826829446,292.63439244622697,292.9233706238965,Down,3775
2026-03-16 20:30:00,286.0981265297353,286.0981265297353,282.6,283.5,287.0719159921504,288.9763151989496,292.5435029691501,292.9233706238965,Down,3334
2026-03-16 20:45:00,284.79906326486764,284.79906326486764,282.2,282.9,286.6926509019549,288.7380283284025,292.4475477157257,292.9233706238965,Down,2147
2026-03-16 21:00:00,283.8495316324338,283.8495316324338,280.1,281.375,286.20922809268626,288.44928211944557,292.33737311158916,292.9233706238965,Down,3510
2026-03-16 21:15:00,282.6122658162169,282.6122658162169,279.5,280.325,285.67429826607844,288.1306828206438,292.21784701097636,292.21471787500855,Down,88734
2026-03-16 21:30:00,281.4686329081085,281.4686329081085,279.7,280.32500000000005,285.18799842370765,287.8245776119911,292.0995102247975,291.3716238450938,Down,1477
2026-03-16 21:45:00,280.89681645405426,282.1,280.2,280.90000000000003,284.7981803851888,287.5530255487758,291.98807231211293,291.3716238450938,Down,2808
2026-03-16 22:00:00,280.8984082270272,282.1,280.4,281.17499999999995,284.46880035017165,287.30290689980416,291.8804795527885,291.3716238450938,Down,1785
2026-03-16 22:15:00,281.0367041135136,282.4,280.7,281.42499999999995,284.19209122742876,287.0724007468707,291.77644493037263,291.3716238450938,Down,1377
2026-03-16 22:30:00,281.2308520567568,281.5,279.9,280.625,283.8678102067534,286.8195615018954,291.6654852793241,290.2416620388222,Down,1322
2026-03-16 22:45:00,280.92792602837835,280.92792602837835,277.4,279.275,283.45028200613945,286.52369634495835,291.5421968685846,289.1210834234378,Down,3394
2026-03-16 23:00:00,280.1014630141892,280.1014630141892,278.1,278.9,283.0366200055813,286.22472786084234,291.41640386491713,288.8804638842986,Down,1605
2026-03-16 23:15:00,279.50073150709454,279.7,278.6,279.1,282.6787454596194,285.94532676826026,291.29385258267916,288.4406657974581,Down,1418
2026-03-16 23:30:00,279.3003657535472,279.5,278.5,278.95000000000005,282.339768599654,285.67100022832847,291.17102817887144,287.8096961795074,Down,1669
2026-03-17 09:00:00,279.12518287677364,281.3,279.12518287677364,280.70000000000005,282.19069872695815,285.47605904290384,291.06683884375826,287.8096961795074,Down,223
2026-03-17 09:15:00,279.9125914383868,281.0,279.8,280.40000000000003,282.0279079335983,285.27699790396645,290.96070114382036,287.8096961795074,Down,1282
2026-03-17 09:30:00,280.1562957191934,281.4,280.1,280.575,281.8958253941803,285.0926058293011,290.85736083393164,287.8096961795074,Down,824
2026-03-17 09:45:00,280.3656478595967,281.6,280.3656478595967,280.975,281.81211399470936,284.9311310908971,290.75902888533534,287.8096961795074,Down,546
2026-03-17 10:00:00,280.6703239297984,281.1,280.4,280.8,281.7201036315539,284.76912595007764,290.6599340705559,287.8096961795074,Down,571
2026-03-17 10:15:00,280.7351619648992,280.7351619648992,280.0,280.425,281.60236693777625,284.5987680696824,290.5580939305504,287.4175083962152,Down,642
2026-03-17 10:30:00,280.5800809824496,280.9,280.1,280.525,281.5044244888875,284.43901245910666,290.45826215014694,287.19993401251423,Down,469
2026-03-17 10:45:00,280.5525404912248,280.5525404912248,279.6,280.2,281.38584044444315,284.27277667639663,290.3561898899465,286.51349770834344,Down,411
2026-03-17 11:00:00,280.37627024561243,281.2,280.2,280.625,281.316673131312,284.1297266106556,290.25936212984755,286.51349770834344,Down,662
2026-03-17 11:15:00,280.5006351228062,283.0,280.5006351228062,281.67499999999995,281.3492483011927,284.0334628220025,290.1739455912421,286.51349770834344,Down,1072
2026-03-17 11:30:00,281.0878175614031,283.2,281.0878175614031,282.45,281.4493166374479,283.9713662407475,290.0970904112298,286.51349770834344,Down,997
2026-03-17 11:45:00,281.7689087807015,283.0,281.6,282.40000000000003,281.5357423976799,283.90974403522796,290.0205024469389,286.51349770834344,Down,799
2026-03-17 12:00:00,282.08445439035074,282.7,282.08445439035074,282.375,281.61203854334536,283.8495579946308,289.94442779572563,286.51349770834344,Down,623
2026-03-17 12:15:00,282.22972719517537,282.4,281.0,281.85,281.6336714030412,283.7711439556257,289.8638862256189,286.51349770834344,Down,807
2026-03-17 12:30:00,282.03986359758767,282.1,281.4,281.825,281.65106491185566,283.69482458481684,289.78389730795107,286.51349770834344,Down,614
2026-03-17 12:45:00,281.9324317987938,282.0,280.6,281.35,281.6236953744142,283.60287067952993,289.6999779317525,286.51349770834344,Down,555
2026-03-17 13:00:00,281.6412158993969,281.6412158993969,280.0,280.525,281.52381397674014,283.48216986856795,289.6086846189988,286.51349770834344,Down,740
2026-03-17 13:15:00,281.08310794969844,281.08310794969844,280.1,280.425,281.4239217970365,283.3622808541143,289.5173046725411,286.3318233298618,Down,370
2026-03-17 13:30:00,280.7540539748492,281.3,280.3,280.65000000000003,281.3535652700332,283.255916899051,289.4290727852522,286.3318233298618,Down,517
2026-03-17 13:45:00,280.70202698742463,282.6,280.6,281.575,281.37369570003017,283.1899985892843,289.3509228072895,286.3318233298618,Down,722
2026-03-17 14:00:00,281.1385134937123,282.7,281.1385134937123,281.975,281.4283597273002,283.142351585783,289.27753054055034,286.3318233298618,Down,600
2026-03-17 14:15:00,281.55675674685614,282.0,281.0,281.525,281.4371452066365,283.0789260333994,289.20039093318167,286.3318233298618,Down,432
2026-03-17 14:30:00,281.5408783734281,282.1,281.4,281.65,281.4564956423968,283.0228897183641,289.12526266518984,286.3318233298618,Down,278
2026-03-17 14:45:00,281.59543918671403,282.0,281.59543918671403,281.8,281.4877233112698,282.97493325882044,289.05237447946655,286.3318233298618,Down,31
